# 2026-10-01T01:04:58Z attempt 1 cmd: LOG_JSON=1 node --import tsx --import /home/user/dapparb/research-material/07-other-chains-engine/collect/exit-flush.mjs src/research/scan.ts --chain arbitrum --universe top --blocks 7201 --out /home/user/dapparb/research-material/07-other-chains-engine/collect/work/scan-arbitrum-top.jsonl  (time cap 31 min after first scanned block)
{"level":30,"time":1790816700541,"pid":1079,"hostname":"vm","chain":"arbitrum","tokens":12,"dexes":4,"msg":"discovering pools"}
{"level":40,"time":1790816726763,"pid":1079,"hostname":"vm","status":404,"url":"https://api.geckoterminal.com/api/v2/networks/arbitrum/dexes/uniswap-v3-arbitrum/pools?page=1&sort=h24_volume_usd_desc","msg":"geckoterminal request failed"}
{"level":40,"time":1790816742193,"pid":1079,"hostname":"vm","status":404,"url":"https://api.geckoterminal.com/api/v2/networks/arbitrum/dexes/uniswap-v3-arbitrum/pools?page=2&sort=h24_volume_usd_desc","msg":"geckoterminal request failed"}
{"level":40,"time":1790816757351,"pid":1079,"hostname":"vm","status":429,"url":"https://api.geckoterminal.com/api/v2/networks/arbitrum/dexes/uniswap-v3-arbitrum/pools?page=3&sort=h24_volume_usd_desc","msg":"geckoterminal request failed"}
{"level":40,"time":1790816794749,"pid":1079,"hostname":"vm","status":429,"url":"https://api.geckoterminal.com/api/v2/networks/arbitrum/dexes/pancakeswap-v3-arbitrum/pools?page=1&sort=h24_volume_usd_desc","msg":"geckoterminal request failed"}
{"level":40,"time":1790816815178,"pid":1079,"hostname":"vm","status":404,"url":"https://api.geckoterminal.com/api/v2/networks/arbitrum/dexes/sushiswap-arbitrum/pools?page=1&sort=h24_volume_usd_desc","msg":"geckoterminal request failed"}
{"level":40,"time":1790816815318,"pid":1079,"hostname":"vm","status":404,"url":"https://api.geckoterminal.com/api/v2/networks/arbitrum/dexes/sushiswap-arbitrum/pools?page=2&sort=h24_volume_usd_desc","msg":"geckoterminal request failed"}
{"level":40,"time":1790816815567,"pid":1079,"hostname":"vm","status":404,"url":"https://api.geckoterminal.com/api/v2/networks/arbitrum/dexes/sushiswap-arbitrum/pools?page=3&sort=h24_volume_usd_desc","msg":"geckoterminal request failed"}
{"level":30,"time":1790816815568,"pid":1079,"hostname":"vm","requests":17,"pools":199,"msg":"geckoterminal pools fetched"}
{"level":30,"time":1790816816059,"pid":1079,"hostname":"vm","topPools":199,"newTokens":57,"msg":"token universe built"}
{"level":30,"time":1790816816606,"pid":1079,"hostname":"vm","candidates":2340,"found":751,"msg":"pool discovery complete"}
{"level":40,"time":1790816868621,"pid":1079,"hostname":"vm","status":429,"url":"https://api.geckoterminal.com/api/v2/networks/arbitrum/dexes/uniswap-v3-arbitrum/pools?page=1&sort=h24_volume_usd_desc","msg":"geckoterminal request failed"}
{"level":40,"time":1790816883773,"pid":1079,"hostname":"vm","status":404,"url":"https://api.geckoterminal.com/api/v2/networks/arbitrum/dexes/uniswap-v3-arbitrum/pools?page=2&sort=h24_volume_usd_desc","msg":"geckoterminal request failed"}
{"level":40,"time":1790816938740,"pid":1079,"hostname":"vm","status":404,"url":"https://api.geckoterminal.com/api/v2/networks/arbitrum/dexes/sushiswap-arbitrum/pools?page=1&sort=h24_volume_usd_desc","msg":"geckoterminal request failed"}
{"level":40,"time":1790816939181,"pid":1079,"hostname":"vm","status":404,"url":"https://api.geckoterminal.com/api/v2/networks/arbitrum/dexes/sushiswap-arbitrum/pools?page=2&sort=h24_volume_usd_desc","msg":"geckoterminal request failed"}
{"level":30,"time":1790816939181,"pid":1079,"hostname":"vm","requests":11,"pools":130,"msg":"geckoterminal pools fetched"}
{"level":30,"time":1790816939182,"pid":1079,"hostname":"vm","listed":130,"v4":15,"dexes":["uniswap-v4-arbitrum"],"msg":"uniswap v4 candidates"}
{"level":30,"time":1790816939925,"pid":1079,"hostname":"vm","listed":15,"kept":12,"keyFailed":0,"unknownKey":0,"hooked":3,"outOfUniverse":0,"msg":"uniswap v4 pools discovered"}
{"level":30,"time":1790816966687,"pid":1079,"hostname":"vm","live":230,"byDex":{"UniswapV3":131,"SushiV3":21,"PancakeV3":50,"SushiV2":16,"UniswapV4":12},"msg":"live pools"}
{"level":30,"time":1790817039280,"pid":1079,"hostname":"vm","block":510511390,"gross":158,"net":0,"sumNetUsd":0,"gasPriceGwei":0.020014,"txCostUsd":0.0134,"syncMs":70815,"searchMs":147,"msg":"block scanned"}
{"level":30,"time":1790817039281,"pid":1079,"hostname":"vm","msg":"  ARB>USDC.e@UniswapV3/500 USDC.e>ARB@PancakeV3/500 in=30.64 ARB gap=26.2bps profit=$0.005 net=$-0.006"}
{"level":30,"time":1790817039281,"pid":1079,"hostname":"vm","msg":"  ARB>USDC.e@UniswapV3/500 USDC.e>ARB@PancakeV3/100 in=18.25 ARB gap=24.5bps profit=$0.003 net=$-0.008"}
{"level":30,"time":1790817039281,"pid":1079,"hostname":"vm","msg":"  ARB>USDC@UniswapV3/500 USDC>ARB@UniswapV3/100 in=11.70 ARB gap=30.6bps profit=$0.003 net=$-0.008"}
{"level":30,"time":1790817039281,"pid":1079,"hostname":"vm","msg":"  SUSHI>WETH@SushiV2 WETH>SUSHI@UniswapV3/3000 in=8.980 SUSHI gap=86.1bps profit=$0.003 net=$-0.006"}
{"level":30,"time":1790817039281,"pid":1079,"hostname":"vm","msg":"  ARB>USDC@UniswapV3/500 USDC>ARB@PancakeV3/100 in=7.965 ARB gap=34.7bps profit=$0.002 net=$-0.009"}
{"level":30,"time":1790817042158,"pid":1079,"hostname":"vm","block":510511638,"gross":151,"net":0,"sumNetUsd":0,"gasPriceGwei":0.020012,"txCostUsd":0.0134,"syncMs":1115,"searchMs":130,"msg":"block scanned"}
{"level":30,"time":1790817042158,"pid":1079,"hostname":"vm","msg":"  ARB>USDC.e@UniswapV3/500 USDC.e>ARB@PancakeV3/500 in=30.64 ARB gap=26.2bps profit=$0.005 net=$-0.006"}
{"level":30,"time":1790817042159,"pid":1079,"hostname":"vm","msg":"  ARB>USDC.e@UniswapV3/500 USDC.e>ARB@PancakeV3/100 in=18.25 ARB gap=24.5bps profit=$0.003 net=$-0.008"}
{"level":30,"time":1790817042159,"pid":1079,"hostname":"vm","msg":"  ARB>USDC@UniswapV3/500 USDC>ARB@UniswapV3/100 in=11.70 ARB gap=30.6bps profit=$0.003 net=$-0.008"}
{"level":30,"time":1790817042159,"pid":1079,"hostname":"vm","msg":"  SUSHI>WETH@SushiV2 WETH>SUSHI@UniswapV3/3000 in=8.980 SUSHI gap=86.1bps profit=$0.003 net=$-0.006"}
{"level":30,"time":1790817042159,"pid":1079,"hostname":"vm","msg":"  ARB>USDC@UniswapV3/500 USDC>ARB@PancakeV3/100 in=6.831 ARB gap=30.1bps profit=$0.002 net=$-0.009"}
{"level":30,"time":1790817045638,"pid":1079,"hostname":"vm","block":510511648,"gross":151,"net":0,"sumNetUsd":0,"gasPriceGwei":0.02001,"txCostUsd":0.0134,"syncMs":1691,"searchMs":122,"msg":"block scanned"}
{"level":30,"time":1790817045638,"pid":1079,"hostname":"vm","msg":"  ARB>USDC.e@UniswapV3/500 USDC.e>ARB@PancakeV3/500 in=30.64 ARB gap=26.2bps profit=$0.005 net=$-0.006"}
{"level":30,"time":1790817045638,"pid":1079,"hostname":"vm","msg":"  ARB>USDC.e@UniswapV3/500 USDC.e>ARB@PancakeV3/100 in=18.25 ARB gap=24.5bps profit=$0.003 net=$-0.008"}
{"level":30,"time":1790817045638,"pid":1079,"hostname":"vm","msg":"  ARB>USDC@UniswapV3/500 USDC>ARB@UniswapV3/100 in=11.70 ARB gap=30.6bps profit=$0.003 net=$-0.008"}
{"level":30,"time":1790817045638,"pid":1079,"hostname":"vm","msg":"  SUSHI>WETH@SushiV2 WETH>SUSHI@UniswapV3/3000 in=8.980 SUSHI gap=86.1bps profit=$0.003 net=$-0.006"}
{"level":30,"time":1790817045638,"pid":1079,"hostname":"vm","msg":"  ARB>USDC@UniswapV3/500 USDC>ARB@PancakeV3/100 in=6.831 ARB gap=30.1bps profit=$0.002 net=$-0.009"}
{"level":30,"time":1790817048477,"pid":1079,"hostname":"vm","block":510511662,"gross":149,"net":0,"sumNetUsd":0,"gasPriceGwei":0.02002,"txCostUsd":0.0134,"syncMs":1291,"searchMs":100,"msg":"block scanned"}
{"level":30,"time":1790817048477,"pid":1079,"hostname":"vm","msg":"  ARB>USDC.e@UniswapV3/500 USDC.e>ARB@PancakeV3/500 in=30.64 ARB gap=26.2bps profit=$0.005 net=$-0.006"}
{"level":30,"time":1790817048477,"pid":1079,"hostname":"vm","msg":"  ARB>USDC.e@UniswapV3/500 USDC.e>ARB@PancakeV3/100 in=18.25 ARB gap=24.5bps profit=$0.003 net=$-0.008"}
{"level":30,"time":1790817048477,"pid":1079,"hostname":"vm","msg":"  ARB>USDC@UniswapV3/500 USDC>ARB@UniswapV3/100 in=11.70 ARB gap=30.6bps profit=$0.003 net=$-0.008"}
{"level":30,"time":1790817048477,"pid":1079,"hostname":"vm","msg":"  SUSHI>WETH@SushiV2 WETH>SUSHI@UniswapV3/3000 in=8.980 SUSHI gap=86.1bps profit=$0.003 net=$-0.006"}
{"level":30,"time":1790817048477,"pid":1079,"hostname":"vm","msg":"  ARB>USDC@UniswapV3/500 USDC>ARB@PancakeV3/100 in=6.831 ARB gap=30.1bps profit=$0.002 net=$-0.009"}
{"level":30,"time":1790817051482,"pid":1079,"hostname":"vm","block":510511670,"gross":149,"net":0,"sumNetUsd":0,"gasPriceGwei":0.02,"txCostUsd":0.0134,"syncMs":904,"searchMs":90,"msg":"block scanned"}
{"level":30,"time":1790817051482,"pid":1079,"hostname":"vm","msg":"  ARB>USDC.e@UniswapV3/500 USDC.e>ARB@PancakeV3/500 in=30.64 ARB gap=26.2bps profit=$0.005 net=$-0.006"}
{"level":30,"time":1790817051482,"pid":1079,"hostname":"vm","msg":"  ARB>USDC.e@UniswapV3/500 USDC.e>ARB@PancakeV3/100 in=18.25 ARB gap=24.5bps profit=$0.003 net=$-0.008"}
{"level":30,"time":1790817051482,"pid":1079,"hostname":"vm","msg":"  ARB>USDC@UniswapV3/500 USDC>ARB@UniswapV3/100 in=11.70 ARB gap=30.6bps profit=$0.003 net=$-0.008"}
{"level":30,"time":1790817051482,"pid":1079,"hostname":"vm","msg":"  SUSHI>WETH@SushiV2 WETH>SUSHI@UniswapV3/3000 in=8.980 SUSHI gap=86.1bps profit=$0.003 net=$-0.006"}
{"level":30,"time":1790817051482,"pid":1079,"hostname":"vm","msg":"  ARB>USDC@UniswapV3/500 USDC>ARB@PancakeV3/100 in=6.831 ARB gap=30.1bps profit=$0.002 net=$-0.009"}
{"level":30,"time":1790817054074,"pid":1079,"hostname":"vm","block":510511681,"gross":149,"net":0,"sumNetUsd":0,"gasPriceGwei":0.02002,"txCostUsd":0.0134,"syncMs":946,"searchMs":103,"msg":"block scanned"}
{"level":30,"time":1790817054074,"pid":1079,"hostname":"vm","msg":"  ARB>USDC.e@UniswapV3/500 USDC.e>ARB@PancakeV3/500 in=30.64 ARB gap=26.2bps profit=$0.005 net=$-0.006"}
{"level":30,"time":1790817054074,"pid":1079,"hostname":"vm","msg":"  ARB>USDC.e@UniswapV3/500 USDC.e>ARB@PancakeV3/100 in=18.25 ARB gap=24.5bps profit=$0.003 net=$-0.008"}
{"level":30,"time":1790817054074,"pid":1079,"hostname":"vm","msg":"  ARB>USDC@UniswapV3/500 USDC>ARB@UniswapV3/100 in=11.70 ARB gap=30.6bps profit=$0.003 net=$-0.008"}
{"level":30,"time":1790817054074,"pid":1079,"hostname":"vm","msg":"  SUSHI>WETH@SushiV2 WETH>SUSHI@UniswapV3/3000 in=8.980 SUSHI gap=86.1bps profit=$0.003 net=$-0.006"}
{"level":30,"time":1790817054074,"pid":1079,"hostname":"vm","msg":"  ARB>USDC@UniswapV3/500 USDC>ARB@PancakeV3/100 in=6.831 ARB gap=30.1bps profit=$0.002 net=$-0.009"}
{"level":30,"time":1790817057198,"pid":1079,"hostname":"vm","block":510511688,"gross":149,"net":0,"sumNetUsd":0,"gasPriceGwei":0.02,"txCostUsd":0.0134,"syncMs":1057,"searchMs":115,"msg":"block scanned"}
{"level":30,"time":1790817057198,"pid":1079,"hostname":"vm","msg":"  ARB>USDC.e@UniswapV3/500 USDC.e>ARB@PancakeV3/500 in=30.64 ARB gap=26.2bps profit=$0.005 net=$-0.006"}
{"level":30,"time":1790817057198,"pid":1079,"hostname":"vm","msg":"  ARB>USDC.e@UniswapV3/500 USDC.e>ARB@PancakeV3/100 in=18.25 ARB gap=24.5bps profit=$0.003 net=$-0.008"}
{"level":30,"time":1790817057198,"pid":1079,"hostname":"vm","msg":"  ARB>USDC@UniswapV3/500 USDC>ARB@UniswapV3/100 in=11.70 ARB gap=30.6bps profit=$0.003 net=$-0.008"}
{"level":30,"time":1790817057198,"pid":1079,"hostname":"vm","msg":"  SUSHI>WETH@SushiV2 WETH>SUSHI@UniswapV3/3000 in=8.980 SUSHI gap=86.1bps profit=$0.003 net=$-0.006"}
{"level":30,"time":1790817057198,"pid":1079,"hostname":"vm","msg":"  ARB>USDC@UniswapV3/500 USDC>ARB@PancakeV3/100 in=6.831 ARB gap=30.1bps profit=$0.002 net=$-0.009"}
{"level":30,"time":1790817060074,"pid":1079,"hostname":"vm","block":510511698,"gross":149,"net":0,"sumNetUsd":0,"gasPriceGwei":0.02002,"txCostUsd":0.0134,"syncMs":1324,"searchMs":112,"msg":"block scanned"}
{"level":30,"time":1790817060075,"pid":1079,"hostname":"vm","msg":"  ARB>USDC.e@UniswapV3/500 USDC.e>ARB@PancakeV3/500 in=30.64 ARB gap=26.2bps profit=$0.005 net=$-0.006"}
{"level":30,"time":1790817060075,"pid":1079,"hostname":"vm","msg":"  ARB>USDC.e@UniswapV3/500 USDC.e>ARB@PancakeV3/100 in=18.25 ARB gap=24.5bps profit=$0.003 net=$-0.008"}
{"level":30,"time":1790817060075,"pid":1079,"hostname":"vm","msg":"  ARB>USDC@UniswapV3/500 USDC>ARB@UniswapV3/100 in=11.70 ARB gap=30.6bps profit=$0.003 net=$-0.008"}
{"level":30,"time":1790817060075,"pid":1079,"hostname":"vm","msg":"  SUSHI>WETH@SushiV2 WETH>SUSHI@UniswapV3/3000 in=8.980 SUSHI gap=86.1bps profit=$0.003 net=$-0.006"}
{"level":30,"time":1790817060075,"pid":1079,"hostname":"vm","msg":"  ARB>USDC@UniswapV3/500 USDC>ARB@PancakeV3/100 in=6.831 ARB gap=30.1bps profit=$0.002 net=$-0.009"}
{"level":30,"time":1790817063836,"pid":1079,"hostname":"vm","block":510511707,"gross":148,"net":0,"sumNetUsd":0,"gasPriceGwei":0.02002,"txCostUsd":0.0134,"syncMs":1700,"searchMs":109,"msg":"block scanned"}
{"level":30,"time":1790817063836,"pid":1079,"hostname":"vm","msg":"  ARB>USDC.e@UniswapV3/500 USDC.e>ARB@PancakeV3/500 in=30.64 ARB gap=26.2bps profit=$0.005 net=$-0.006"}
{"level":30,"time":1790817063836,"pid":1079,"hostname":"vm","msg":"  ARB>USDC.e@UniswapV3/500 USDC.e>ARB@PancakeV3/100 in=18.25 ARB gap=24.5bps profit=$0.003 net=$-0.008"}
{"level":30,"time":1790817063836,"pid":1079,"hostname":"vm","msg":"  ARB>USDC@UniswapV3/500 USDC>ARB@UniswapV3/100 in=11.70 ARB gap=30.6bps profit=$0.003 net=$-0.008"}
{"level":30,"time":1790817063836,"pid":1079,"hostname":"vm","msg":"  SUSHI>WETH@SushiV2 WETH>SUSHI@UniswapV3/3000 in=8.980 SUSHI gap=86.1bps profit=$0.003 net=$-0.006"}
{"level":30,"time":1790817063836,"pid":1079,"hostname":"vm","msg":"  ARB>USDC@UniswapV3/500 USDC>ARB@PancakeV3/100 in=6.831 ARB gap=30.1bps profit=$0.002 net=$-0.009"}
{"level":30,"time":1790817066960,"pid":1079,"hostname":"vm","block":510511721,"gross":148,"net":0,"sumNetUsd":0,"gasPriceGwei":0.020012,"txCostUsd":0.0134,"syncMs":1553,"searchMs":116,"msg":"block scanned"}
{"level":30,"time":1790817066960,"pid":1079,"hostname":"vm","msg":"  ARB>USDC.e@UniswapV3/500 USDC.e>ARB@PancakeV3/500 in=30.64 ARB gap=26.2bps profit=$0.005 net=$-0.006"}
{"level":30,"time":1790817066960,"pid":1079,"hostname":"vm","msg":"  ARB>USDC.e@UniswapV3/500 USDC.e>ARB@PancakeV3/100 in=18.25 ARB gap=24.5bps profit=$0.003 net=$-0.008"}
{"level":30,"time":1790817066960,"pid":1079,"hostname":"vm","msg":"  ARB>USDC@UniswapV3/500 USDC>ARB@UniswapV3/100 in=11.39 ARB gap=30bps profit=$0.003 net=$-0.008"}
{"level":30,"time":1790817066960,"pid":1079,"hostname":"vm","msg":"  SUSHI>WETH@SushiV2 WETH>SUSHI@UniswapV3/3000 in=8.980 SUSHI gap=86.1bps profit=$0.003 net=$-0.006"}
{"level":30,"time":1790817066960,"pid":1079,"hostname":"vm","msg":"  ARB>USDC@UniswapV3/500 USDC>ARB@PancakeV3/100 in=6.388 ARB gap=29.4bps profit=$0.002 net=$-0.010"}
{"level":30,"time":1790817070043,"pid":1079,"hostname":"vm","block":510511733,"gross":148,"net":0,"sumNetUsd":0,"gasPriceGwei":0.02,"txCostUsd":0.0134,"syncMs":1033,"searchMs":86,"msg":"block scanned"}
{"level":30,"time":1790817070043,"pid":1079,"hostname":"vm","msg":"  ARB>USDC.e@UniswapV3/500 USDC.e>ARB@PancakeV3/500 in=30.64 ARB gap=26.2bps profit=$0.005 net=$-0.006"}
{"level":30,"time":1790817070043,"pid":1079,"hostname":"vm","msg":"  ARB>USDC.e@UniswapV3/500 USDC.e>ARB@PancakeV3/100 in=18.25 ARB gap=24.5bps profit=$0.003 net=$-0.008"}
{"level":30,"time":1790817070043,"pid":1079,"hostname":"vm","msg":"  ARB>USDC@UniswapV3/500 USDC>ARB@UniswapV3/100 in=11.39 ARB gap=30bps profit=$0.003 net=$-0.008"}
{"level":30,"time":1790817070043,"pid":1079,"hostname":"vm","msg":"  SUSHI>WETH@SushiV2 WETH>SUSHI@UniswapV3/3000 in=8.980 SUSHI gap=86.1bps profit=$0.003 net=$-0.006"}
{"level":30,"time":1790817070043,"pid":1079,"hostname":"vm","msg":"  ARB>USDC@UniswapV3/500 USDC>ARB@PancakeV3/100 in=6.388 ARB gap=29.4bps profit=$0.002 net=$-0.010"}
{"level":30,"time":1790817072907,"pid":1079,"hostname":"vm","block":510511745,"gross":144,"net":0,"sumNetUsd":0,"gasPriceGwei":0.020034,"txCostUsd":0.0134,"syncMs":1184,"searchMs":85,"msg":"block scanned"}
{"level":30,"time":1790817072907,"pid":1079,"hostname":"vm","msg":"  ARB>USDC.e@UniswapV3/500 USDC.e>ARB@PancakeV3/500 in=38.62 ARB gap=30.4bps profit=$0.008 net=$-0.003"}
{"level":30,"time":1790817072907,"pid":1079,"hostname":"vm","msg":"  ARB>USDC.e@UniswapV3/500 USDC.e>ARB@PancakeV3/100 in=22.40 ARB gap=28.8bps profit=$0.005 net=$-0.006"}
{"level":30,"time":1790817072907,"pid":1079,"hostname":"vm","msg":"  ARB>USDC@UniswapV3/500 USDC>ARB@UniswapV3/100 in=11.39 ARB gap=30bps profit=$0.003 net=$-0.008"}
{"level":30,"time":1790817072907,"pid":1079,"hostname":"vm","msg":"  SUSHI>WETH@SushiV2 WETH>SUSHI@UniswapV3/3000 in=8.980 SUSHI gap=86.1bps profit=$0.003 net=$-0.006"}
{"level":30,"time":1790817072907,"pid":1079,"hostname":"vm","msg":"  ARB>USDC@UniswapV3/500 USDC>ARB@PancakeV3/100 in=6.388 ARB gap=29.4bps profit=$0.002 net=$-0.010"}
{"level":30,"time":1790817075640,"pid":1079,"hostname":"vm","block":510511753,"gross":144,"net":0,"sumNetUsd":0,"gasPriceGwei":0.020054,"txCostUsd":0.0135,"syncMs":973,"searchMs":103,"msg":"block scanned"}
{"level":30,"time":1790817075640,"pid":1079,"hostname":"vm","msg":"  ARB>USDC.e@UniswapV3/500 USDC.e>ARB@PancakeV3/500 in=38.62 ARB gap=30.4bps profit=$0.008 net=$-0.003"}
{"level":30,"time":1790817075640,"pid":1079,"hostname":"vm","msg":"  ARB>USDC.e@UniswapV3/500 USDC.e>ARB@PancakeV3/100 in=22.40 ARB gap=28.8bps profit=$0.005 net=$-0.006"}
{"level":30,"time":1790817075640,"pid":1079,"hostname":"vm","msg":"  ARB>USDC@UniswapV3/500 USDC>ARB@UniswapV3/100 in=11.39 ARB gap=30bps profit=$0.003 net=$-0.008"}
{"level":30,"time":1790817075640,"pid":1079,"hostname":"vm","msg":"  SUSHI>WETH@SushiV2 WETH>SUSHI@UniswapV3/3000 in=8.980 SUSHI gap=86.1bps profit=$0.003 net=$-0.006"}
{"level":30,"time":1790817075640,"pid":1079,"hostname":"vm","msg":"  ARB>USDC@UniswapV3/500 USDC>ARB@PancakeV3/100 in=6.388 ARB gap=29.4bps profit=$0.002 net=$-0.010"}
{"level":30,"time":1790817078322,"pid":1079,"hostname":"vm","block":510511764,"gross":144,"net":0,"sumNetUsd":0,"gasPriceGwei":0.020006,"txCostUsd":0.0134,"syncMs":907,"searchMs":90,"msg":"block scanned"}
{"level":30,"time":1790817078322,"pid":1079,"hostname":"vm","msg":"  ARB>USDC.e@UniswapV3/500 USDC.e>ARB@PancakeV3/500 in=38.62 ARB gap=30.4bps profit=$0.008 net=$-0.003"}
{"level":30,"time":1790817078322,"pid":1079,"hostname":"vm","msg":"  ARB>USDC.e@UniswapV3/500 USDC.e>ARB@PancakeV3/100 in=22.40 ARB gap=28.8bps profit=$0.005 net=$-0.006"}
{"level":30,"time":1790817078322,"pid":1079,"hostname":"vm","msg":"  ARB>USDC@UniswapV3/500 USDC>ARB@UniswapV3/100 in=11.39 ARB gap=30bps profit=$0.003 net=$-0.008"}
{"level":30,"time":1790817078322,"pid":1079,"hostname":"vm","msg":"  SUSHI>WETH@SushiV2 WETH>SUSHI@UniswapV3/3000 in=8.980 SUSHI gap=86.1bps profit=$0.003 net=$-0.006"}
{"level":30,"time":1790817078322,"pid":1079,"hostname":"vm","msg":"  ARB>USDC@UniswapV3/500 USDC>ARB@PancakeV3/100 in=6.388 ARB gap=29.4bps profit=$0.002 net=$-0.010"}
{"level":30,"time":1790817080811,"pid":1079,"hostname":"vm","block":510511772,"gross":144,"net":0,"sumNetUsd":0,"gasPriceGwei":0.020026,"txCostUsd":0.0134,"syncMs":1028,"searchMs":94,"msg":"block scanned"}
{"level":30,"time":1790817080811,"pid":1079,"hostname":"vm","msg":"  ARB>USDC.e@UniswapV3/500 USDC.e>ARB@PancakeV3/500 in=38.62 ARB gap=30.4bps profit=$0.008 net=$-0.003"}
{"level":30,"time":1790817080811,"pid":1079,"hostname":"vm","msg":"  ARB>USDC.e@UniswapV3/500 USDC.e>ARB@PancakeV3/100 in=22.40 ARB gap=28.8bps profit=$0.005 net=$-0.006"}
{"level":30,"time":1790817080811,"pid":1079,"hostname":"vm","msg":"  ARB>USDC@UniswapV3/500 USDC>ARB@UniswapV3/100 in=11.39 ARB gap=30bps profit=$0.003 net=$-0.008"}
{"level":30,"time":1790817080811,"pid":1079,"hostname":"vm","msg":"  SUSHI>WETH@SushiV2 WETH>SUSHI@UniswapV3/3000 in=8.980 SUSHI gap=86.1bps profit=$0.003 net=$-0.006"}
{"level":30,"time":1790817080811,"pid":1079,"hostname":"vm","msg":"  ARB>USDC@UniswapV3/500 USDC>ARB@PancakeV3/100 in=6.388 ARB gap=29.4bps profit=$0.002 net=$-0.010"}
{"level":30,"time":1790817319680,"pid":1079,"hostname":"vm","block":510511782,"gross":143,"net":0,"sumNetUsd":0,"gasPriceGwei":0.02,"txCostUsd":0.0134,"syncMs":237580,"searchMs":86,"msg":"block scanned"}
{"level":30,"time":1790817319680,"pid":1079,"hostname":"vm","msg":"  ARB>USDC.e@UniswapV3/500 USDC.e>ARB@PancakeV3/500 in=38.62 ARB gap=30.4bps profit=$0.008 net=$-0.003"}
{"level":30,"time":1790817319680,"pid":1079,"hostname":"vm","msg":"  ARB>USDC.e@UniswapV3/500 USDC.e>ARB@PancakeV3/100 in=22.40 ARB gap=28.8bps profit=$0.005 net=$-0.006"}
{"level":30,"time":1790817319680,"pid":1079,"hostname":"vm","msg":"  ARB>USDC@UniswapV3/500 USDC>ARB@UniswapV3/100 in=11.39 ARB gap=30bps profit=$0.003 net=$-0.008"}
{"level":30,"time":1790817319680,"pid":1079,"hostname":"vm","msg":"  SUSHI>WETH@SushiV2 WETH>SUSHI@UniswapV3/3000 in=8.980 SUSHI gap=86.1bps profit=$0.003 net=$-0.006"}
{"level":30,"time":1790817319680,"pid":1079,"hostname":"vm","msg":"  ARB>USDC@UniswapV3/500 USDC>ARB@PancakeV3/100 in=6.388 ARB gap=29.4bps profit=$0.002 net=$-0.010"}
{"level":30,"time":1790817320073,"pid":1079,"hostname":"vm","block":510512590,"gross":136,"net":0,"sumNetUsd":0,"gasPriceGwei":0.02001,"txCostUsd":0.0134,"syncMs":180,"searchMs":92,"msg":"block scanned"}
{"level":30,"time":1790817320073,"pid":1079,"hostname":"vm","msg":"  SUSHI>WETH@SushiV2 WETH>SUSHI@UniswapV3/3000 in=8.980 SUSHI gap=86.1bps profit=$0.003 net=$-0.006"}
{"level":30,"time":1790817320073,"pid":1079,"hostname":"vm","msg":"  ARB>USDC@UniswapV3/500 USDC>ARB@UniswapV3/100 in=7.868 ARB gap=22.5bps profit=$0.001 net=$-0.010"}
{"level":30,"time":1790817320073,"pid":1079,"hostname":"vm","msg":"  ARB>USDC.e@UniswapV3/500 USDC.e>ARB@PancakeV3/500 in=15.09 ARB gap=18bps profit=$0.001 net=$-0.010"}
{"level":30,"time":1790817320073,"pid":1079,"hostname":"vm","msg":"  ARB>USDC@PancakeV3/500 USDC>ARB@UniswapV3/100 in=7.557 ARB gap=21.3bps profit=$0.001 net=$-0.010"}
{"level":30,"time":1790817320073,"pid":1079,"hostname":"vm","msg":"  ARB>USDC.e@PancakeV3/100 USDC.e>ARB@PancakeV3/500 in=8.218 ARB gap=18.7bps profit=$0.001 net=$-0.010"}
{"level":30,"time":1790817320651,"pid":1079,"hostname":"vm","block":510512592,"gross":136,"net":0,"sumNetUsd":0,"gasPriceGwei":0.020034,"txCostUsd":0.0134,"syncMs":173,"searchMs":93,"msg":"block scanned"}
{"level":30,"time":1790817320651,"pid":1079,"hostname":"vm","msg":"  SUSHI>WETH@SushiV2 WETH>SUSHI@UniswapV3/3000 in=8.980 SUSHI gap=86.1bps profit=$0.003 net=$-0.006"}
{"level":30,"time":1790817320651,"pid":1079,"hostname":"vm","msg":"  ARB>USDC@UniswapV3/500 USDC>ARB@UniswapV3/100 in=7.868 ARB gap=22.5bps profit=$0.001 net=$-0.010"}
{"level":30,"time":1790817320651,"pid":1079,"hostname":"vm","msg":"  ARB>USDC.e@UniswapV3/500 USDC.e>ARB@PancakeV3/500 in=15.09 ARB gap=18bps profit=$0.001 net=$-0.010"}
{"level":30,"time":1790817320651,"pid":1079,"hostname":"vm","msg":"  ARB>USDC@PancakeV3/500 USDC>ARB@UniswapV3/100 in=7.557 ARB gap=21.3bps profit=$0.001 net=$-0.010"}
{"level":30,"time":1790817320651,"pid":1079,"hostname":"vm","msg":"  ARB>USDC.e@PancakeV3/100 USDC.e>ARB@PancakeV3/500 in=8.218 ARB gap=18.7bps profit=$0.001 net=$-0.010"}
{"level":30,"time":1790817321214,"pid":1079,"hostname":"vm","block":510512594,"gross":136,"net":0,"sumNetUsd":0,"gasPriceGwei":0.020024,"txCostUsd":0.0134,"syncMs":175,"searchMs":78,"msg":"block scanned"}
{"level":30,"time":1790817321214,"pid":1079,"hostname":"vm","msg":"  SUSHI>WETH@SushiV2 WETH>SUSHI@UniswapV3/3000 in=8.980 SUSHI gap=86.1bps profit=$0.003 net=$-0.006"}
{"level":30,"time":1790817321214,"pid":1079,"hostname":"vm","msg":"  ARB>USDC@UniswapV3/500 USDC>ARB@UniswapV3/100 in=7.868 ARB gap=22.5bps profit=$0.001 net=$-0.010"}
{"level":30,"time":1790817321214,"pid":1079,"hostname":"vm","msg":"  ARB>USDC.e@UniswapV3/500 USDC.e>ARB@PancakeV3/500 in=15.09 ARB gap=18bps profit=$0.001 net=$-0.010"}
{"level":30,"time":1790817321214,"pid":1079,"hostname":"vm","msg":"  ARB>USDC@PancakeV3/500 USDC>ARB@UniswapV3/100 in=7.557 ARB gap=21.3bps profit=$0.001 net=$-0.010"}
{"level":30,"time":1790817321214,"pid":1079,"hostname":"vm","msg":"  ARB>USDC.e@PancakeV3/100 USDC.e>ARB@PancakeV3/500 in=8.218 ARB gap=18.7bps profit=$0.001 net=$-0.010"}
{"level":30,"time":1790817321782,"pid":1079,"hostname":"vm","block":510512596,"gross":136,"net":0,"sumNetUsd":0,"gasPriceGwei":0.02,"txCostUsd":0.0134,"syncMs":172,"searchMs":85,"msg":"block scanned"}
{"level":30,"time":1790817321782,"pid":1079,"hostname":"vm","msg":"  SUSHI>WETH@SushiV2 WETH>SUSHI@UniswapV3/3000 in=8.980 SUSHI gap=86.1bps profit=$0.003 net=$-0.006"}
{"level":30,"time":1790817321782,"pid":1079,"hostname":"vm","msg":"  ARB>USDC@UniswapV3/500 USDC>ARB@UniswapV3/100 in=7.868 ARB gap=22.5bps profit=$0.001 net=$-0.010"}
{"level":30,"time":1790817321782,"pid":1079,"hostname":"vm","msg":"  ARB>USDC.e@UniswapV3/500 USDC.e>ARB@PancakeV3/500 in=15.09 ARB gap=18bps profit=$0.001 net=$-0.010"}
{"level":30,"time":1790817321782,"pid":1079,"hostname":"vm","msg":"  ARB>USDC@PancakeV3/500 USDC>ARB@UniswapV3/100 in=7.557 ARB gap=21.3bps profit=$0.001 net=$-0.010"}
{"level":30,"time":1790817321782,"pid":1079,"hostname":"vm","msg":"  ARB>USDC.e@PancakeV3/100 USDC.e>ARB@PancakeV3/500 in=8.218 ARB gap=18.7bps profit=$0.001 net=$-0.010"}
{"level":30,"time":1790817322372,"pid":1079,"hostname":"vm","block":510512598,"gross":136,"net":0,"sumNetUsd":0,"gasPriceGwei":0.020016,"txCostUsd":0.0134,"syncMs":173,"searchMs":105,"msg":"block scanned"}
{"level":30,"time":1790817322372,"pid":1079,"hostname":"vm","msg":"  SUSHI>WETH@SushiV2 WETH>SUSHI@UniswapV3/3000 in=8.980 SUSHI gap=86.1bps profit=$0.003 net=$-0.006"}
{"level":30,"time":1790817322372,"pid":1079,"hostname":"vm","msg":"  ARB>USDC@UniswapV3/500 USDC>ARB@UniswapV3/100 in=7.868 ARB gap=22.5bps profit=$0.001 net=$-0.010"}
{"level":30,"time":1790817322372,"pid":1079,"hostname":"vm","msg":"  ARB>USDC.e@UniswapV3/500 USDC.e>ARB@PancakeV3/500 in=15.09 ARB gap=18bps profit=$0.001 net=$-0.010"}
{"level":30,"time":1790817322372,"pid":1079,"hostname":"vm","msg":"  ARB>USDC@PancakeV3/500 USDC>ARB@UniswapV3/100 in=7.557 ARB gap=21.3bps profit=$0.001 net=$-0.010"}
{"level":30,"time":1790817322372,"pid":1079,"hostname":"vm","msg":"  ARB>USDC.e@PancakeV3/100 USDC.e>ARB@PancakeV3/500 in=8.218 ARB gap=18.7bps profit=$0.001 net=$-0.010"}
{"level":30,"time":1790817322968,"pid":1079,"hostname":"vm","block":510512600,"gross":136,"net":0,"sumNetUsd":0,"gasPriceGwei":0.020024,"txCostUsd":0.0134,"syncMs":185,"searchMs":96,"msg":"block scanned"}
{"level":30,"time":1790817322968,"pid":1079,"hostname":"vm","msg":"  SUSHI>WETH@SushiV2 WETH>SUSHI@UniswapV3/3000 in=8.980 SUSHI gap=86.1bps profit=$0.003 net=$-0.006"}
{"level":30,"time":1790817322968,"pid":1079,"hostname":"vm","msg":"  ARB>USDC@UniswapV3/500 USDC>ARB@UniswapV3/100 in=7.868 ARB gap=22.5bps profit=$0.001 net=$-0.010"}
{"level":30,"time":1790817322968,"pid":1079,"hostname":"vm","msg":"  ARB>USDC.e@UniswapV3/500 USDC.e>ARB@PancakeV3/500 in=15.09 ARB gap=18bps profit=$0.001 net=$-0.010"}
{"level":30,"time":1790817322968,"pid":1079,"hostname":"vm","msg":"  ARB>USDC@PancakeV3/500 USDC>ARB@UniswapV3/100 in=7.557 ARB gap=21.3bps profit=$0.001 net=$-0.010"}
{"level":30,"time":1790817322968,"pid":1079,"hostname":"vm","msg":"  ARB>USDC.e@PancakeV3/100 USDC.e>ARB@PancakeV3/500 in=8.218 ARB gap=18.7bps profit=$0.001 net=$-0.010"}
{"level":30,"time":1790817323512,"pid":1079,"hostname":"vm","block":510512601,"gross":136,"net":0,"sumNetUsd":0,"gasPriceGwei":0.020002,"txCostUsd":0.0134,"syncMs":162,"searchMs":80,"msg":"block scanned"}
{"level":30,"time":1790817323512,"pid":1079,"hostname":"vm","msg":"  SUSHI>WETH@SushiV2 WETH>SUSHI@UniswapV3/3000 in=8.980 SUSHI gap=86.1bps profit=$0.003 net=$-0.006"}
{"level":30,"time":1790817323512,"pid":1079,"hostname":"vm","msg":"  ARB>USDC@UniswapV3/500 USDC>ARB@UniswapV3/100 in=7.868 ARB gap=22.5bps profit=$0.001 net=$-0.010"}
{"level":30,"time":1790817323512,"pid":1079,"hostname":"vm","msg":"  ARB>USDC.e@UniswapV3/500 USDC.e>ARB@PancakeV3/500 in=15.09 ARB gap=18bps profit=$0.001 net=$-0.010"}
{"level":30,"time":1790817323512,"pid":1079,"hostname":"vm","msg":"  ARB>USDC@PancakeV3/500 USDC>ARB@UniswapV3/100 in=7.557 ARB gap=21.3bps profit=$0.001 net=$-0.010"}
{"level":30,"time":1790817323512,"pid":1079,"hostname":"vm","msg":"  ARB>USDC.e@PancakeV3/100 USDC.e>ARB@PancakeV3/500 in=8.218 ARB gap=18.7bps profit=$0.001 net=$-0.010"}
{"level":30,"time":1790817324184,"pid":1079,"hostname":"vm","block":510512603,"gross":123,"net":0,"sumNetUsd":0,"gasPriceGwei":0.020066,"txCostUsd":0.0135,"syncMs":196,"searchMs":75,"msg":"block scanned"}
{"level":30,"time":1790817324184,"pid":1079,"hostname":"vm","msg":"  SUSHI>WETH@SushiV2 WETH>SUSHI@UniswapV3/3000 in=8.980 SUSHI gap=86.1bps profit=$0.003 net=$-0.006"}
{"level":30,"time":1790817324184,"pid":1079,"hostname":"vm","msg":"  ARB>USDC@UniswapV3/500 USDC>ARB@UniswapV3/100 in=7.868 ARB gap=22.5bps profit=$0.001 net=$-0.010"}
{"level":30,"time":1790817324184,"pid":1079,"hostname":"vm","msg":"  ARB>USDC.e@PancakeV3/100 USDC.e>ARB@PancakeV3/500 in=8.218 ARB gap=18.7bps profit=$0.001 net=$-0.010"}
{"level":30,"time":1790817324184,"pid":1079,"hostname":"vm","msg":"  SUSHI>WETH@SushiV3/3000 WETH>SUSHI@UniswapV3/3000 in=4.964 SUSHI gap=81.5bps profit=$0.001 net=$-0.010"}
{"level":30,"time":1790817324184,"pid":1079,"hostname":"vm","msg":"  ARB>WETH@PancakeV3/500 WETH>ARB@PancakeV3/100 in=4.855 ARB gap=27.4bps profit=$0.001 net=$-0.010"}
{"level":30,"time":1790817324747,"pid":1079,"hostname":"vm","block":510512605,"gross":123,"net":0,"sumNetUsd":0,"gasPriceGwei":0.020004,"txCostUsd":0.0134,"syncMs":173,"searchMs":88,"msg":"block scanned"}
{"level":30,"time":1790817324747,"pid":1079,"hostname":"vm","msg":"  SUSHI>WETH@SushiV2 WETH>SUSHI@UniswapV3/3000 in=8.980 SUSHI gap=86.1bps profit=$0.003 net=$-0.006"}
{"level":30,"time":1790817324747,"pid":1079,"hostname":"vm","msg":"  ARB>USDC@UniswapV3/500 USDC>ARB@UniswapV3/100 in=7.868 ARB gap=22.5bps profit=$0.001 net=$-0.010"}
{"level":30,"time":1790817324747,"pid":1079,"hostname":"vm","msg":"  ARB>USDC.e@PancakeV3/100 USDC.e>ARB@PancakeV3/500 in=8.218 ARB gap=18.7bps profit=$0.001 net=$-0.010"}
{"level":30,"time":1790817324747,"pid":1079,"hostname":"vm","msg":"  SUSHI>WETH@SushiV3/3000 WETH>SUSHI@UniswapV3/3000 in=4.964 SUSHI gap=81.5bps profit=$0.001 net=$-0.010"}
{"level":30,"time":1790817324747,"pid":1079,"hostname":"vm","msg":"  ARB>WETH@PancakeV3/500 WETH>ARB@PancakeV3/100 in=4.855 ARB gap=27.4bps profit=$0.001 net=$-0.010"}
{"level":30,"time":1790817325316,"pid":1079,"hostname":"vm","block":510512608,"gross":123,"net":0,"sumNetUsd":0,"gasPriceGwei":0.020528,"txCostUsd":0.0138,"syncMs":172,"searchMs":89,"msg":"block scanned"}
{"level":30,"time":1790817325316,"pid":1079,"hostname":"vm","msg":"  SUSHI>WETH@SushiV2 WETH>SUSHI@UniswapV3/3000 in=8.980 SUSHI gap=86.1bps profit=$0.003 net=$-0.006"}
{"level":30,"time":1790817325316,"pid":1079,"hostname":"vm","msg":"  ARB>USDC@UniswapV3/500 USDC>ARB@UniswapV3/100 in=7.868 ARB gap=22.5bps profit=$0.001 net=$-0.010"}
{"level":30,"time":1790817325316,"pid":1079,"hostname":"vm","msg":"  ARB>USDC.e@PancakeV3/100 USDC.e>ARB@PancakeV3/500 in=8.218 ARB gap=18.7bps profit=$0.001 net=$-0.010"}
{"level":30,"time":1790817325316,"pid":1079,"hostname":"vm","msg":"  SUSHI>WETH@SushiV3/3000 WETH>SUSHI@UniswapV3/3000 in=4.964 SUSHI gap=81.5bps profit=$0.001 net=$-0.010"}
{"level":30,"time":1790817325316,"pid":1079,"hostname":"vm","msg":"  ARB>WETH@PancakeV3/500 WETH>ARB@PancakeV3/100 in=4.855 ARB gap=27.4bps profit=$0.001 net=$-0.010"}
{"level":30,"time":1790817325875,"pid":1079,"hostname":"vm","block":510512610,"gross":123,"net":0,"sumNetUsd":0,"gasPriceGwei":0.020002,"txCostUsd":0.0134,"syncMs":183,"searchMs":73,"msg":"block scanned"}
{"level":30,"time":1790817325875,"pid":1079,"hostname":"vm","msg":"  SUSHI>WETH@SushiV2 WETH>SUSHI@UniswapV3/3000 in=8.980 SUSHI gap=86.1bps profit=$0.003 net=$-0.006"}
{"level":30,"time":1790817325875,"pid":1079,"hostname":"vm","msg":"  ARB>USDC@UniswapV3/500 USDC>ARB@UniswapV3/100 in=7.868 ARB gap=22.5bps profit=$0.001 net=$-0.010"}
{"level":30,"time":1790817325875,"pid":1079,"hostname":"vm","msg":"  ARB>USDC.e@PancakeV3/100 USDC.e>ARB@PancakeV3/500 in=8.218 ARB gap=18.7bps profit=$0.001 net=$-0.010"}
{"level":30,"time":1790817325875,"pid":1079,"hostname":"vm","msg":"  SUSHI>WETH@SushiV3/3000 WETH>SUSHI@UniswapV3/3000 in=4.964 SUSHI gap=81.5bps profit=$0.001 net=$-0.010"}
{"level":30,"time":1790817325875,"pid":1079,"hostname":"vm","msg":"  ARB>WETH@PancakeV3/500 WETH>ARB@PancakeV3/100 in=4.855 ARB gap=27.4bps profit=$0.001 net=$-0.010"}
{"level":30,"time":1790817326440,"pid":1079,"hostname":"vm","block":510512612,"gross":123,"net":0,"sumNetUsd":0,"gasPriceGwei":0.02,"txCostUsd":0.0134,"syncMs":181,"searchMs":81,"msg":"block scanned"}
{"level":30,"time":1790817326440,"pid":1079,"hostname":"vm","msg":"  SUSHI>WETH@SushiV2 WETH>SUSHI@UniswapV3/3000 in=8.980 SUSHI gap=86.1bps profit=$0.003 net=$-0.006"}
{"level":30,"time":1790817326440,"pid":1079,"hostname":"vm","msg":"  ARB>USDC@UniswapV3/500 USDC>ARB@UniswapV3/100 in=7.868 ARB gap=22.5bps profit=$0.001 net=$-0.010"}
{"level":30,"time":1790817326440,"pid":1079,"hostname":"vm","msg":"  ARB>USDC.e@PancakeV3/100 USDC.e>ARB@PancakeV3/500 in=8.218 ARB gap=18.7bps profit=$0.001 net=$-0.010"}
{"level":30,"time":1790817326440,"pid":1079,"hostname":"vm","msg":"  SUSHI>WETH@SushiV3/3000 WETH>SUSHI@UniswapV3/3000 in=4.964 SUSHI gap=81.5bps profit=$0.001 net=$-0.010"}
{"level":30,"time":1790817326440,"pid":1079,"hostname":"vm","msg":"  ARB>WETH@PancakeV3/500 WETH>ARB@PancakeV3/100 in=4.855 ARB gap=27.4bps profit=$0.001 net=$-0.010"}
{"level":30,"time":1790817326988,"pid":1079,"hostname":"vm","block":510512615,"gross":123,"net":0,"sumNetUsd":0,"gasPriceGwei":0.020022,"txCostUsd":0.0134,"syncMs":173,"searchMs":72,"msg":"block scanned"}
{"level":30,"time":1790817326988,"pid":1079,"hostname":"vm","msg":"  SUSHI>WETH@SushiV2 WETH>SUSHI@UniswapV3/3000 in=8.980 SUSHI gap=86.1bps profit=$0.003 net=$-0.006"}
{"level":30,"time":1790817326988,"pid":1079,"hostname":"vm","msg":"  ARB>USDC@UniswapV3/500 USDC>ARB@UniswapV3/100 in=7.868 ARB gap=22.5bps profit=$0.001 net=$-0.010"}
{"level":30,"time":1790817326988,"pid":1079,"hostname":"vm","msg":"  ARB>USDC.e@PancakeV3/100 USDC.e>ARB@PancakeV3/500 in=8.218 ARB gap=18.7bps profit=$0.001 net=$-0.010"}
{"level":30,"time":1790817326988,"pid":1079,"hostname":"vm","msg":"  SUSHI>WETH@SushiV3/3000 WETH>SUSHI@UniswapV3/3000 in=4.964 SUSHI gap=81.5bps profit=$0.001 net=$-0.010"}
{"level":30,"time":1790817326988,"pid":1079,"hostname":"vm","msg":"  ARB>WETH@PancakeV3/500 WETH>ARB@PancakeV3/100 in=4.855 ARB gap=27.4bps profit=$0.001 net=$-0.010"}
{"level":30,"time":1790817327630,"pid":1079,"hostname":"vm","block":510512617,"gross":123,"net":0,"sumNetUsd":0,"gasPriceGwei":0.02,"txCostUsd":0.0134,"syncMs":138,"searchMs":97,"msg":"block scanned"}
{"level":30,"time":1790817327630,"pid":1079,"hostname":"vm","msg":"  SUSHI>WETH@SushiV2 WETH>SUSHI@UniswapV3/3000 in=8.980 SUSHI gap=86.1bps profit=$0.003 net=$-0.006"}
{"level":30,"time":1790817327630,"pid":1079,"hostname":"vm","msg":"  ARB>USDC@UniswapV3/500 USDC>ARB@UniswapV3/100 in=7.868 ARB gap=22.5bps profit=$0.001 net=$-0.010"}
{"level":30,"time":1790817327630,"pid":1079,"hostname":"vm","msg":"  ARB>USDC.e@PancakeV3/100 USDC.e>ARB@PancakeV3/500 in=8.218 ARB gap=18.7bps profit=$0.001 net=$-0.010"}
{"level":30,"time":1790817327630,"pid":1079,"hostname":"vm","msg":"  SUSHI>WETH@SushiV3/3000 WETH>SUSHI@UniswapV3/3000 in=4.964 SUSHI gap=81.5bps profit=$0.001 net=$-0.010"}
{"level":30,"time":1790817327630,"pid":1079,"hostname":"vm","msg":"  ARB>WETH@PancakeV3/500 WETH>ARB@PancakeV3/100 in=4.855 ARB gap=27.4bps profit=$0.001 net=$-0.010"}
{"level":30,"time":1790817343639,"pid":1079,"hostname":"vm","block":510512620,"gross":124,"net":0,"sumNetUsd":0,"gasPriceGwei":0.02,"txCostUsd":0.0134,"syncMs":15503,"searchMs":96,"msg":"block scanned"}
{"level":30,"time":1790817343639,"pid":1079,"hostname":"vm","msg":"  SUSHI>WETH@SushiV2 WETH>SUSHI@UniswapV3/3000 in=8.980 SUSHI gap=86.1bps profit=$0.003 net=$-0.006"}
{"level":30,"time":1790817343639,"pid":1079,"hostname":"vm","msg":"  ARB>USDC@UniswapV3/500 USDC>ARB@UniswapV3/100 in=7.868 ARB gap=22.5bps profit=$0.001 net=$-0.010"}
{"level":30,"time":1790817343639,"pid":1079,"hostname":"vm","msg":"  ARB>USDC.e@PancakeV3/100 USDC.e>ARB@PancakeV3/500 in=8.218 ARB gap=18.7bps profit=$0.001 net=$-0.010"}
{"level":30,"time":1790817343639,"pid":1079,"hostname":"vm","msg":"  SUSHI>WETH@SushiV3/3000 WETH>SUSHI@UniswapV3/3000 in=4.964 SUSHI gap=81.5bps profit=$0.001 net=$-0.010"}
{"level":30,"time":1790817343639,"pid":1079,"hostname":"vm","msg":"  ARB>WETH@PancakeV3/500 WETH>ARB@PancakeV3/100 in=4.855 ARB gap=27.4bps profit=$0.001 net=$-0.010"}
{"level":30,"time":1790817344009,"pid":1079,"hostname":"vm","block":510512674,"gross":151,"net":0,"sumNetUsd":0,"gasPriceGwei":0.020058,"txCostUsd":0.0135,"syncMs":140,"searchMs":123,"msg":"block scanned"}
{"level":30,"time":1790817344009,"pid":1079,"hostname":"vm","msg":"  SUSHI>WETH@SushiV2 WETH>SUSHI@UniswapV3/3000 in=8.980 SUSHI gap=86.1bps profit=$0.003 net=$-0.006"}
{"level":30,"time":1790817344009,"pid":1079,"hostname":"vm","msg":"  ARB>USDC.e@UniswapV3/500 USDC.e>ARB@PancakeV3/500 in=20.58 ARB gap=20.9bps profit=$0.002 net=$-0.009"}
{"level":30,"time":1790817344009,"pid":1079,"hostname":"vm","msg":"  ARB>USDC@PancakeV3/500 USDC>ARB@UniswapV3/100 in=8.935 ARB gap=24.1bps profit=$0.002 net=$-0.009"}
{"level":30,"time":1790817344009,"pid":1079,"hostname":"vm","msg":"  ARB>USDC@UniswapV3/500 USDC>ARB@UniswapV3/100 in=7.868 ARB gap=22.5bps profit=$0.001 net=$-0.010"}
{"level":30,"time":1790817344009,"pid":1079,"hostname":"vm","msg":"  ARB>USDC.e@PancakeV3/100 USDC.e>ARB@PancakeV3/500 in=8.218 ARB gap=18.7bps profit=$0.001 net=$-0.010"}
{"level":30,"time":1790817344599,"pid":1079,"hostname":"vm","block":510512676,"gross":151,"net":0,"sumNetUsd":0,"gasPriceGwei":0.020072,"txCostUsd":0.0135,"syncMs":150,"searchMs":125,"msg":"block scanned"}
{"level":30,"time":1790817344600,"pid":1079,"hostname":"vm","msg":"  SUSHI>WETH@SushiV2 WETH>SUSHI@UniswapV3/3000 in=8.980 SUSHI gap=86.1bps profit=$0.003 net=$-0.006"}
{"level":30,"time":1790817344600,"pid":1079,"hostname":"vm","msg":"  ARB>USDC.e@UniswapV3/500 USDC.e>ARB@PancakeV3/500 in=20.58 ARB gap=20.9bps profit=$0.002 net=$-0.009"}
{"level":30,"time":1790817344600,"pid":1079,"hostname":"vm","msg":"  ARB>USDC@PancakeV3/500 USDC>ARB@UniswapV3/100 in=8.935 ARB gap=24.1bps profit=$0.002 net=$-0.009"}
{"level":30,"time":1790817344600,"pid":1079,"hostname":"vm","msg":"  ARB>USDC@UniswapV3/500 USDC>ARB@UniswapV3/100 in=7.868 ARB gap=22.5bps profit=$0.001 net=$-0.010"}
{"level":30,"time":1790817344600,"pid":1079,"hostname":"vm","msg":"  ARB>USDC.e@PancakeV3/100 USDC.e>ARB@PancakeV3/500 in=8.218 ARB gap=18.7bps profit=$0.001 net=$-0.010"}
{"level":30,"time":1790817345230,"pid":1079,"hostname":"vm","block":510512678,"gross":151,"net":0,"sumNetUsd":0,"gasPriceGwei":0.020016,"txCostUsd":0.0134,"syncMs":140,"searchMs":179,"msg":"block scanned"}
{"level":30,"time":1790817345231,"pid":1079,"hostname":"vm","msg":"  SUSHI>WETH@SushiV2 WETH>SUSHI@UniswapV3/3000 in=8.980 SUSHI gap=86.1bps profit=$0.003 net=$-0.006"}
{"level":30,"time":1790817345231,"pid":1079,"hostname":"vm","msg":"  ARB>USDC.e@UniswapV3/500 USDC.e>ARB@PancakeV3/500 in=20.58 ARB gap=20.9bps profit=$0.002 net=$-0.009"}
{"level":30,"time":1790817345231,"pid":1079,"hostname":"vm","msg":"  ARB>USDC@PancakeV3/500 USDC>ARB@UniswapV3/100 in=8.935 ARB gap=24.1bps profit=$0.002 net=$-0.009"}
{"level":30,"time":1790817345231,"pid":1079,"hostname":"vm","msg":"  ARB>USDC@UniswapV3/500 USDC>ARB@UniswapV3/100 in=7.868 ARB gap=22.5bps profit=$0.001 net=$-0.010"}
{"level":30,"time":1790817345231,"pid":1079,"hostname":"vm","msg":"  ARB>USDC.e@PancakeV3/100 USDC.e>ARB@PancakeV3/500 in=8.218 ARB gap=18.7bps profit=$0.001 net=$-0.010"}
{"level":30,"time":1790817345820,"pid":1079,"hostname":"vm","block":510512680,"gross":151,"net":0,"sumNetUsd":0,"gasPriceGwei":0.020242,"txCostUsd":0.0136,"syncMs":169,"searchMs":106,"msg":"block scanned"}
{"level":30,"time":1790817345820,"pid":1079,"hostname":"vm","msg":"  SUSHI>WETH@SushiV2 WETH>SUSHI@UniswapV3/3000 in=8.980 SUSHI gap=86.1bps profit=$0.003 net=$-0.006"}
{"level":30,"time":1790817345820,"pid":1079,"hostname":"vm","msg":"  ARB>USDC.e@UniswapV3/500 USDC.e>ARB@PancakeV3/500 in=20.58 ARB gap=20.9bps profit=$0.002 net=$-0.009"}
{"level":30,"time":1790817345820,"pid":1079,"hostname":"vm","msg":"  ARB>USDC@PancakeV3/500 USDC>ARB@UniswapV3/100 in=8.935 ARB gap=24.1bps profit=$0.002 net=$-0.010"}
{"level":30,"time":1790817345820,"pid":1079,"hostname":"vm","msg":"  ARB>USDC@UniswapV3/500 USDC>ARB@UniswapV3/100 in=7.868 ARB gap=22.5bps profit=$0.001 net=$-0.010"}
{"level":30,"time":1790817345820,"pid":1079,"hostname":"vm","msg":"  ARB>USDC.e@PancakeV3/100 USDC.e>ARB@PancakeV3/500 in=8.218 ARB gap=18.7bps profit=$0.001 net=$-0.010"}
{"level":30,"time":1790817346416,"pid":1079,"hostname":"vm","block":510512682,"gross":151,"net":0,"sumNetUsd":0,"gasPriceGwei":0.020242,"txCostUsd":0.0136,"syncMs":168,"searchMs":112,"msg":"block scanned"}
{"level":30,"time":1790817346416,"pid":1079,"hostname":"vm","msg":"  SUSHI>WETH@SushiV2 WETH>SUSHI@UniswapV3/3000 in=8.980 SUSHI gap=86.1bps profit=$0.003 net=$-0.006"}
{"level":30,"time":1790817346416,"pid":1079,"hostname":"vm","msg":"  ARB>USDC.e@UniswapV3/500 USDC.e>ARB@PancakeV3/500 in=20.58 ARB gap=20.9bps profit=$0.002 net=$-0.009"}
{"level":30,"time":1790817346416,"pid":1079,"hostname":"vm","msg":"  ARB>USDC@PancakeV3/500 USDC>ARB@UniswapV3/100 in=8.935 ARB gap=24.1bps profit=$0.002 net=$-0.010"}
{"level":30,"time":1790817346416,"pid":1079,"hostname":"vm","msg":"  ARB>USDC@UniswapV3/500 USDC>ARB@UniswapV3/100 in=7.868 ARB gap=22.5bps profit=$0.001 net=$-0.010"}
{"level":30,"time":1790817346416,"pid":1079,"hostname":"vm","msg":"  ARB>USDC.e@PancakeV3/100 USDC.e>ARB@PancakeV3/500 in=8.218 ARB gap=18.7bps profit=$0.001 net=$-0.010"}
{"level":30,"time":1790817347058,"pid":1079,"hostname":"vm","block":510512683,"gross":151,"net":0,"sumNetUsd":0,"gasPriceGwei":0.02,"txCostUsd":0.0134,"syncMs":199,"searchMs":114,"msg":"block scanned"}
{"level":30,"time":1790817347058,"pid":1079,"hostname":"vm","msg":"  SUSHI>WETH@SushiV2 WETH>SUSHI@UniswapV3/3000 in=8.980 SUSHI gap=86.1bps profit=$0.003 net=$-0.006"}
{"level":30,"time":1790817347058,"pid":1079,"hostname":"vm","msg":"  ARB>USDC.e@UniswapV3/500 USDC.e>ARB@PancakeV3/500 in=20.58 ARB gap=20.9bps profit=$0.002 net=$-0.009"}
{"level":30,"time":1790817347058,"pid":1079,"hostname":"vm","msg":"  ARB>USDC@PancakeV3/500 USDC>ARB@UniswapV3/100 in=8.935 ARB gap=24.1bps profit=$0.002 net=$-0.009"}
{"level":30,"time":1790817347058,"pid":1079,"hostname":"vm","msg":"  ARB>USDC@UniswapV3/500 USDC>ARB@UniswapV3/100 in=7.868 ARB gap=22.5bps profit=$0.001 net=$-0.010"}
{"level":30,"time":1790817347058,"pid":1079,"hostname":"vm","msg":"  ARB>USDC.e@PancakeV3/100 USDC.e>ARB@PancakeV3/500 in=8.218 ARB gap=18.7bps profit=$0.001 net=$-0.010"}
{"level":30,"time":1790817347660,"pid":1079,"hostname":"vm","block":510512685,"gross":151,"net":0,"sumNetUsd":0,"gasPriceGwei":0.02,"txCostUsd":0.0134,"syncMs":171,"searchMs":112,"msg":"block scanned"}
{"level":30,"time":1790817347660,"pid":1079,"hostname":"vm","msg":"  SUSHI>WETH@SushiV2 WETH>SUSHI@UniswapV3/3000 in=8.980 SUSHI gap=86.1bps profit=$0.003 net=$-0.006"}
{"level":30,"time":1790817347660,"pid":1079,"hostname":"vm","msg":"  ARB>USDC.e@UniswapV3/500 USDC.e>ARB@PancakeV3/500 in=20.58 ARB gap=20.9bps profit=$0.002 net=$-0.009"}
{"level":30,"time":1790817347660,"pid":1079,"hostname":"vm","msg":"  ARB>USDC@PancakeV3/500 USDC>ARB@UniswapV3/100 in=8.935 ARB gap=24.1bps profit=$0.002 net=$-0.009"}
{"level":30,"time":1790817347660,"pid":1079,"hostname":"vm","msg":"  ARB>USDC@UniswapV3/500 USDC>ARB@UniswapV3/100 in=7.868 ARB gap=22.5bps profit=$0.001 net=$-0.010"}
{"level":30,"time":1790817347660,"pid":1079,"hostname":"vm","msg":"  ARB>USDC.e@PancakeV3/100 USDC.e>ARB@PancakeV3/500 in=8.218 ARB gap=18.7bps profit=$0.001 net=$-0.010"}
{"level":30,"time":1790817348264,"pid":1079,"hostname":"vm","block":510512688,"gross":151,"net":0,"sumNetUsd":0,"gasPriceGwei":0.02004,"txCostUsd":0.0135,"syncMs":175,"searchMs":111,"msg":"block scanned"}
{"level":30,"time":1790817348265,"pid":1079,"hostname":"vm","msg":"  SUSHI>WETH@SushiV2 WETH>SUSHI@UniswapV3/3000 in=8.980 SUSHI gap=86.1bps profit=$0.003 net=$-0.006"}
{"level":30,"time":1790817348265,"pid":1079,"hostname":"vm","msg":"  ARB>USDC.e@UniswapV3/500 USDC.e>ARB@PancakeV3/500 in=20.58 ARB gap=20.9bps profit=$0.002 net=$-0.009"}
{"level":30,"time":1790817348265,"pid":1079,"hostname":"vm","msg":"  ARB>USDC@PancakeV3/500 USDC>ARB@UniswapV3/100 in=8.935 ARB gap=24.1bps profit=$0.002 net=$-0.009"}
{"level":30,"time":1790817348265,"pid":1079,"hostname":"vm","msg":"  ARB>USDC@UniswapV3/500 USDC>ARB@UniswapV3/100 in=7.868 ARB gap=22.5bps profit=$0.001 net=$-0.010"}
{"level":30,"time":1790817348265,"pid":1079,"hostname":"vm","msg":"  ARB>USDC.e@PancakeV3/100 USDC.e>ARB@PancakeV3/500 in=8.218 ARB gap=18.7bps profit=$0.001 net=$-0.010"}
{"level":30,"time":1790817348823,"pid":1079,"hostname":"vm","block":510512690,"gross":151,"net":0,"sumNetUsd":0,"gasPriceGwei":0.02,"txCostUsd":0.0134,"syncMs":137,"searchMs":112,"msg":"block scanned"}
{"level":30,"time":1790817348823,"pid":1079,"hostname":"vm","msg":"  SUSHI>WETH@SushiV2 WETH>SUSHI@UniswapV3/3000 in=8.980 SUSHI gap=86.1bps profit=$0.003 net=$-0.006"}
{"level":30,"time":1790817348823,"pid":1079,"hostname":"vm","msg":"  ARB>USDC.e@UniswapV3/500 USDC.e>ARB@PancakeV3/500 in=20.58 ARB gap=20.9bps profit=$0.002 net=$-0.009"}
{"level":30,"time":1790817348823,"pid":1079,"hostname":"vm","msg":"  ARB>USDC@PancakeV3/500 USDC>ARB@UniswapV3/100 in=8.935 ARB gap=24.1bps profit=$0.002 net=$-0.009"}
{"level":30,"time":1790817348823,"pid":1079,"hostname":"vm","msg":"  ARB>USDC@UniswapV3/500 USDC>ARB@UniswapV3/100 in=7.868 ARB gap=22.5bps profit=$0.001 net=$-0.010"}
{"level":30,"time":1790817348823,"pid":1079,"hostname":"vm","msg":"  ARB>USDC.e@PancakeV3/100 USDC.e>ARB@PancakeV3/500 in=8.218 ARB gap=18.7bps profit=$0.001 net=$-0.010"}
{"level":30,"time":1790817349465,"pid":1079,"hostname":"vm","block":510512692,"gross":151,"net":0,"sumNetUsd":0,"gasPriceGwei":0.02,"txCostUsd":0.0134,"syncMs":194,"searchMs":118,"msg":"block scanned"}
{"level":30,"time":1790817349465,"pid":1079,"hostname":"vm","msg":"  SUSHI>WETH@SushiV2 WETH>SUSHI@UniswapV3/3000 in=8.980 SUSHI gap=86.1bps profit=$0.003 net=$-0.006"}
{"level":30,"time":1790817349465,"pid":1079,"hostname":"vm","msg":"  ARB>USDC.e@UniswapV3/500 USDC.e>ARB@PancakeV3/500 in=20.58 ARB gap=20.9bps profit=$0.002 net=$-0.009"}
{"level":30,"time":1790817349465,"pid":1079,"hostname":"vm","msg":"  ARB>USDC@PancakeV3/500 USDC>ARB@UniswapV3/100 in=8.935 ARB gap=24.1bps profit=$0.002 net=$-0.009"}
{"level":30,"time":1790817349465,"pid":1079,"hostname":"vm","msg":"  ARB>USDC@UniswapV3/500 USDC>ARB@UniswapV3/100 in=7.868 ARB gap=22.5bps profit=$0.001 net=$-0.010"}
{"level":30,"time":1790817349465,"pid":1079,"hostname":"vm","msg":"  ARB>USDC.e@PancakeV3/100 USDC.e>ARB@PancakeV3/500 in=8.218 ARB gap=18.7bps profit=$0.001 net=$-0.010"}
{"level":30,"time":1790817350057,"pid":1079,"hostname":"vm","block":510512694,"gross":151,"net":0,"sumNetUsd":0,"gasPriceGwei":0.020002,"txCostUsd":0.0134,"syncMs":182,"searchMs":92,"msg":"block scanned"}
{"level":30,"time":1790817350057,"pid":1079,"hostname":"vm","msg":"  SUSHI>WETH@SushiV2 WETH>SUSHI@UniswapV3/3000 in=8.980 SUSHI gap=86.1bps profit=$0.003 net=$-0.006"}
{"level":30,"time":1790817350057,"pid":1079,"hostname":"vm","msg":"  ARB>USDC.e@UniswapV3/500 USDC.e>ARB@PancakeV3/500 in=20.58 ARB gap=20.9bps profit=$0.002 net=$-0.009"}
{"level":30,"time":1790817350057,"pid":1079,"hostname":"vm","msg":"  ARB>USDC@PancakeV3/500 USDC>ARB@UniswapV3/100 in=8.935 ARB gap=24.1bps profit=$0.002 net=$-0.009"}
{"level":30,"time":1790817350057,"pid":1079,"hostname":"vm","msg":"  ARB>USDC@UniswapV3/500 USDC>ARB@UniswapV3/100 in=7.868 ARB gap=22.5bps profit=$0.001 net=$-0.010"}
{"level":30,"time":1790817350057,"pid":1079,"hostname":"vm","msg":"  ARB>USDC.e@PancakeV3/100 USDC.e>ARB@PancakeV3/500 in=8.218 ARB gap=18.7bps profit=$0.001 net=$-0.010"}
{"level":30,"time":1790817350673,"pid":1079,"hostname":"vm","block":510512696,"gross":151,"net":0,"sumNetUsd":0,"gasPriceGwei":0.02,"txCostUsd":0.0134,"syncMs":181,"searchMs":118,"msg":"block scanned"}
{"level":30,"time":1790817350673,"pid":1079,"hostname":"vm","msg":"  SUSHI>WETH@SushiV2 WETH>SUSHI@UniswapV3/3000 in=8.980 SUSHI gap=86.1bps profit=$0.003 net=$-0.006"}
{"level":30,"time":1790817350673,"pid":1079,"hostname":"vm","msg":"  ARB>USDC.e@UniswapV3/500 USDC.e>ARB@PancakeV3/500 in=20.58 ARB gap=20.9bps profit=$0.002 net=$-0.009"}
{"level":30,"time":1790817350673,"pid":1079,"hostname":"vm","msg":"  ARB>USDC@PancakeV3/500 USDC>ARB@UniswapV3/100 in=8.935 ARB gap=24.1bps profit=$0.002 net=$-0.009"}
{"level":30,"time":1790817350673,"pid":1079,"hostname":"vm","msg":"  ARB>USDC@UniswapV3/500 USDC>ARB@UniswapV3/100 in=7.868 ARB gap=22.5bps profit=$0.001 net=$-0.010"}
{"level":30,"time":1790817350673,"pid":1079,"hostname":"vm","msg":"  ARB>USDC.e@PancakeV3/100 USDC.e>ARB@PancakeV3/500 in=8.218 ARB gap=18.7bps profit=$0.001 net=$-0.010"}
{"level":30,"time":1790817351266,"pid":1079,"hostname":"vm","block":510512698,"gross":151,"net":0,"sumNetUsd":0,"gasPriceGwei":0.020036,"txCostUsd":0.0135,"syncMs":177,"searchMs":112,"msg":"block scanned"}
{"level":30,"time":1790817351267,"pid":1079,"hostname":"vm","msg":"  SUSHI>WETH@SushiV2 WETH>SUSHI@UniswapV3/3000 in=8.980 SUSHI gap=86.1bps profit=$0.003 net=$-0.006"}
{"level":30,"time":1790817351267,"pid":1079,"hostname":"vm","msg":"  ARB>USDC.e@UniswapV3/500 USDC.e>ARB@PancakeV3/500 in=20.58 ARB gap=20.9bps profit=$0.002 net=$-0.009"}
{"level":30,"time":1790817351267,"pid":1079,"hostname":"vm","msg":"  ARB>USDC@PancakeV3/500 USDC>ARB@UniswapV3/100 in=8.935 ARB gap=24.1bps profit=$0.002 net=$-0.009"}
{"level":30,"time":1790817351267,"pid":1079,"hostname":"vm","msg":"  ARB>USDC@UniswapV3/500 USDC>ARB@UniswapV3/100 in=7.868 ARB gap=22.5bps profit=$0.001 net=$-0.010"}
{"level":30,"time":1790817351267,"pid":1079,"hostname":"vm","msg":"  ARB>USDC.e@PancakeV3/100 USDC.e>ARB@PancakeV3/500 in=8.218 ARB gap=18.7bps profit=$0.001 net=$-0.010"}
{"level":30,"time":1790817351861,"pid":1079,"hostname":"vm","block":510512701,"gross":151,"net":0,"sumNetUsd":0,"gasPriceGwei":0.020002,"txCostUsd":0.0134,"syncMs":143,"searchMs":118,"msg":"block scanned"}
{"level":30,"time":1790817351861,"pid":1079,"hostname":"vm","msg":"  SUSHI>WETH@SushiV2 WETH>SUSHI@UniswapV3/3000 in=8.980 SUSHI gap=86.1bps profit=$0.003 net=$-0.006"}
{"level":30,"time":1790817351861,"pid":1079,"hostname":"vm","msg":"  ARB>USDC.e@UniswapV3/500 USDC.e>ARB@PancakeV3/500 in=20.58 ARB gap=20.9bps profit=$0.002 net=$-0.009"}
{"level":30,"time":1790817351861,"pid":1079,"hostname":"vm","msg":"  ARB>USDC@PancakeV3/500 USDC>ARB@UniswapV3/100 in=8.935 ARB gap=24.1bps profit=$0.002 net=$-0.009"}
{"level":30,"time":1790817351861,"pid":1079,"hostname":"vm","msg":"  ARB>USDC@UniswapV3/500 USDC>ARB@UniswapV3/100 in=7.868 ARB gap=22.5bps profit=$0.001 net=$-0.010"}
{"level":30,"time":1790817351861,"pid":1079,"hostname":"vm","msg":"  ARB>USDC.e@PancakeV3/100 USDC.e>ARB@PancakeV3/500 in=8.218 ARB gap=18.7bps profit=$0.001 net=$-0.010"}
{"level":30,"time":1790817368561,"pid":1079,"hostname":"vm","block":510512703,"gross":151,"net":0,"sumNetUsd":0,"gasPriceGwei":0.020022,"txCostUsd":0.0134,"syncMs":16283,"searchMs":107,"msg":"block scanned"}
{"level":30,"time":1790817368561,"pid":1079,"hostname":"vm","msg":"  SUSHI>WETH@SushiV2 WETH>SUSHI@UniswapV3/3000 in=8.980 SUSHI gap=86.1bps profit=$0.003 net=$-0.006"}
{"level":30,"time":1790817368561,"pid":1079,"hostname":"vm","msg":"  ARB>USDC.e@UniswapV3/500 USDC.e>ARB@PancakeV3/500 in=20.58 ARB gap=20.9bps profit=$0.002 net=$-0.009"}
{"level":30,"time":1790817368561,"pid":1079,"hostname":"vm","msg":"  ARB>USDC@PancakeV3/500 USDC>ARB@UniswapV3/100 in=8.935 ARB gap=24.1bps profit=$0.002 net=$-0.009"}
{"level":30,"time":1790817368561,"pid":1079,"hostname":"vm","msg":"  ARB>USDC@UniswapV3/500 USDC>ARB@UniswapV3/100 in=7.868 ARB gap=22.5bps profit=$0.001 net=$-0.010"}
{"level":30,"time":1790817368561,"pid":1079,"hostname":"vm","msg":"  ARB>USDC.e@PancakeV3/100 USDC.e>ARB@PancakeV3/500 in=8.218 ARB gap=18.7bps profit=$0.001 net=$-0.010"}
{"level":30,"time":1790817368923,"pid":1079,"hostname":"vm","block":510512764,"gross":179,"net":0,"sumNetUsd":0,"gasPriceGwei":0.02,"txCostUsd":0.0134,"syncMs":133,"searchMs":125,"msg":"block scanned"}
{"level":30,"time":1790817368923,"pid":1079,"hostname":"vm","msg":"  ARB>USDC.e@UniswapV3/500 USDC.e>ARB@PancakeV3/500 in=41.06 ARB gap=31.7bps profit=$0.009 net=$-0.002"}
{"level":30,"time":1790817368923,"pid":1079,"hostname":"vm","msg":"  ARB>USDC@UniswapV3/500 USDC>ARB@UniswapV3/100 in=16.77 ARB gap=41.3bps profit=$0.006 net=$-0.005"}
{"level":30,"time":1790817368923,"pid":1079,"hostname":"vm","msg":"  ARB>USDC@PancakeV3/500 USDC>ARB@UniswapV3/100 in=12.98 ARB gap=32.3bps profit=$0.003 net=$-0.008"}
{"level":30,"time":1790817368923,"pid":1079,"hostname":"vm","msg":"  ARB>USDC@UniswapV3/500 USDC>ARB@PancakeV3/100 in=9.660 ARB gap=40.8bps profit=$0.003 net=$-0.008"}
{"level":30,"time":1790817368923,"pid":1079,"hostname":"vm","msg":"  SUSHI>WETH@SushiV2 WETH>SUSHI@UniswapV3/3000 in=8.980 SUSHI gap=86.1bps profit=$0.003 net=$-0.006"}
{"level":30,"time":1790817369496,"pid":1079,"hostname":"vm","block":510512766,"gross":179,"net":0,"sumNetUsd":0,"gasPriceGwei":0.020014,"txCostUsd":0.0134,"syncMs":137,"searchMs":123,"msg":"block scanned"}
{"level":30,"time":1790817369496,"pid":1079,"hostname":"vm","msg":"  ARB>USDC.e@UniswapV3/500 USDC.e>ARB@PancakeV3/500 in=41.06 ARB gap=31.7bps profit=$0.009 net=$-0.002"}
{"level":30,"time":1790817369496,"pid":1079,"hostname":"vm","msg":"  ARB>USDC@UniswapV3/500 USDC>ARB@UniswapV3/100 in=16.77 ARB gap=41.3bps profit=$0.006 net=$-0.005"}
{"level":30,"time":1790817369496,"pid":1079,"hostname":"vm","msg":"  ARB>USDC@PancakeV3/500 USDC>ARB@UniswapV3/100 in=12.98 ARB gap=32.3bps profit=$0.003 net=$-0.008"}
{"level":30,"time":1790817369496,"pid":1079,"hostname":"vm","msg":"  ARB>USDC@UniswapV3/500 USDC>ARB@PancakeV3/100 in=9.660 ARB gap=40.8bps profit=$0.003 net=$-0.008"}
{"level":30,"time":1790817369496,"pid":1079,"hostname":"vm","msg":"  SUSHI>WETH@SushiV2 WETH>SUSHI@UniswapV3/3000 in=8.980 SUSHI gap=86.1bps profit=$0.003 net=$-0.006"}
{"level":30,"time":1790817370113,"pid":1079,"hostname":"vm","block":510512768,"gross":179,"net":0,"sumNetUsd":0,"gasPriceGwei":0.020076,"txCostUsd":0.0135,"syncMs":177,"searchMs":134,"msg":"block scanned"}
{"level":30,"time":1790817370113,"pid":1079,"hostname":"vm","msg":"  ARB>USDC.e@UniswapV3/500 USDC.e>ARB@PancakeV3/500 in=41.06 ARB gap=31.7bps profit=$0.009 net=$-0.002"}
{"level":30,"time":1790817370113,"pid":1079,"hostname":"vm","msg":"  ARB>USDC@UniswapV3/500 USDC>ARB@UniswapV3/100 in=16.77 ARB gap=41.3bps profit=$0.006 net=$-0.005"}
{"level":30,"time":1790817370113,"pid":1079,"hostname":"vm","msg":"  ARB>USDC@PancakeV3/500 USDC>ARB@UniswapV3/100 in=12.98 ARB gap=32.3bps profit=$0.003 net=$-0.008"}
{"level":30,"time":1790817370113,"pid":1079,"hostname":"vm","msg":"  ARB>USDC@UniswapV3/500 USDC>ARB@PancakeV3/100 in=9.660 ARB gap=40.8bps profit=$0.003 net=$-0.008"}
{"level":30,"time":1790817370113,"pid":1079,"hostname":"vm","msg":"  SUSHI>WETH@SushiV2 WETH>SUSHI@UniswapV3/3000 in=8.980 SUSHI gap=86.1bps profit=$0.003 net=$-0.006"}
{"level":30,"time":1790817370717,"pid":1079,"hostname":"vm","block":510512770,"gross":179,"net":0,"sumNetUsd":0,"gasPriceGwei":0.020108,"txCostUsd":0.0135,"syncMs":161,"searchMs":127,"msg":"block scanned"}
{"level":30,"time":1790817370717,"pid":1079,"hostname":"vm","msg":"  ARB>USDC.e@UniswapV3/500 USDC.e>ARB@PancakeV3/500 in=41.06 ARB gap=31.7bps profit=$0.009 net=$-0.002"}
{"level":30,"time":1790817370717,"pid":1079,"hostname":"vm","msg":"  ARB>USDC@UniswapV3/500 USDC>ARB@UniswapV3/100 in=16.77 ARB gap=41.3bps profit=$0.006 net=$-0.005"}
{"level":30,"time":1790817370717,"pid":1079,"hostname":"vm","msg":"  ARB>USDC@PancakeV3/500 USDC>ARB@UniswapV3/100 in=12.98 ARB gap=32.3bps profit=$0.003 net=$-0.008"}
{"level":30,"time":1790817370717,"pid":1079,"hostname":"vm","msg":"  ARB>USDC@UniswapV3/500 USDC>ARB@PancakeV3/100 in=9.660 ARB gap=40.8bps profit=$0.003 net=$-0.008"}
{"level":30,"time":1790817370717,"pid":1079,"hostname":"vm","msg":"  SUSHI>WETH@SushiV2 WETH>SUSHI@UniswapV3/3000 in=8.980 SUSHI gap=86.1bps profit=$0.003 net=$-0.006"}
{"level":30,"time":1790817371272,"pid":1079,"hostname":"vm","block":510512771,"gross":179,"net":0,"sumNetUsd":0,"gasPriceGwei":0.02001,"txCostUsd":0.0134,"syncMs":146,"searchMs":107,"msg":"block scanned"}
{"level":30,"time":1790817371273,"pid":1079,"hostname":"vm","msg":"  ARB>USDC.e@UniswapV3/500 USDC.e>ARB@PancakeV3/500 in=41.06 ARB gap=31.7bps profit=$0.009 net=$-0.002"}
{"level":30,"time":1790817371273,"pid":1079,"hostname":"vm","msg":"  ARB>USDC@UniswapV3/500 USDC>ARB@UniswapV3/100 in=16.77 ARB gap=41.3bps profit=$0.006 net=$-0.005"}
{"level":30,"time":1790817371273,"pid":1079,"hostname":"vm","msg":"  ARB>USDC@PancakeV3/500 USDC>ARB@UniswapV3/100 in=12.98 ARB gap=32.3bps profit=$0.003 net=$-0.008"}
{"level":30,"time":1790817371273,"pid":1079,"hostname":"vm","msg":"  ARB>USDC@UniswapV3/500 USDC>ARB@PancakeV3/100 in=9.660 ARB gap=40.8bps profit=$0.003 net=$-0.008"}
{"level":30,"time":1790817371273,"pid":1079,"hostname":"vm","msg":"  SUSHI>WETH@SushiV2 WETH>SUSHI@UniswapV3/3000 in=8.980 SUSHI gap=86.1bps profit=$0.003 net=$-0.006"}
{"level":30,"time":1790817371885,"pid":1079,"hostname":"vm","block":510512774,"gross":179,"net":0,"sumNetUsd":0,"gasPriceGwei":0.020004,"txCostUsd":0.0134,"syncMs":166,"searchMs":131,"msg":"block scanned"}
{"level":30,"time":1790817371885,"pid":1079,"hostname":"vm","msg":"  ARB>USDC.e@UniswapV3/500 USDC.e>ARB@PancakeV3/500 in=41.06 ARB gap=31.7bps profit=$0.009 net=$-0.002"}
{"level":30,"time":1790817371885,"pid":1079,"hostname":"vm","msg":"  ARB>USDC@UniswapV3/500 USDC>ARB@UniswapV3/100 in=16.77 ARB gap=41.3bps profit=$0.006 net=$-0.005"}
{"level":30,"time":1790817371885,"pid":1079,"hostname":"vm","msg":"  ARB>USDC@PancakeV3/500 USDC>ARB@UniswapV3/100 in=12.98 ARB gap=32.3bps profit=$0.003 net=$-0.008"}
{"level":30,"time":1790817371885,"pid":1079,"hostname":"vm","msg":"  ARB>USDC@UniswapV3/500 USDC>ARB@PancakeV3/100 in=9.660 ARB gap=40.8bps profit=$0.003 net=$-0.008"}
{"level":30,"time":1790817371885,"pid":1079,"hostname":"vm","msg":"  SUSHI>WETH@SushiV2 WETH>SUSHI@UniswapV3/3000 in=8.980 SUSHI gap=86.1bps profit=$0.003 net=$-0.006"}
{"level":30,"time":1790817372518,"pid":1079,"hostname":"vm","block":510512776,"gross":179,"net":0,"sumNetUsd":0,"gasPriceGwei":0.020032,"txCostUsd":0.0134,"syncMs":167,"searchMs":123,"msg":"block scanned"}
{"level":30,"time":1790817372518,"pid":1079,"hostname":"vm","msg":"  ARB>USDC.e@UniswapV3/500 USDC.e>ARB@PancakeV3/500 in=41.06 ARB gap=31.7bps profit=$0.009 net=$-0.002"}
{"level":30,"time":1790817372518,"pid":1079,"hostname":"vm","msg":"  ARB>USDC@UniswapV3/500 USDC>ARB@UniswapV3/100 in=16.77 ARB gap=41.3bps profit=$0.006 net=$-0.005"}
{"level":30,"time":1790817372518,"pid":1079,"hostname":"vm","msg":"  ARB>USDC@PancakeV3/500 USDC>ARB@UniswapV3/100 in=12.98 ARB gap=32.3bps profit=$0.003 net=$-0.008"}
{"level":30,"time":1790817372518,"pid":1079,"hostname":"vm","msg":"  ARB>USDC@UniswapV3/500 USDC>ARB@PancakeV3/100 in=9.660 ARB gap=40.8bps profit=$0.003 net=$-0.008"}
{"level":30,"time":1790817372518,"pid":1079,"hostname":"vm","msg":"  SUSHI>WETH@SushiV2 WETH>SUSHI@UniswapV3/3000 in=8.980 SUSHI gap=86.1bps profit=$0.003 net=$-0.006"}
{"level":30,"time":1790817373155,"pid":1079,"hostname":"vm","block":510512778,"gross":179,"net":0,"sumNetUsd":0,"gasPriceGwei":0.020002,"txCostUsd":0.0134,"syncMs":175,"searchMs":146,"msg":"block scanned"}
{"level":30,"time":1790817373155,"pid":1079,"hostname":"vm","msg":"  ARB>USDC.e@UniswapV3/500 USDC.e>ARB@PancakeV3/500 in=41.06 ARB gap=31.7bps profit=$0.009 net=$-0.002"}
{"level":30,"time":1790817373155,"pid":1079,"hostname":"vm","msg":"  ARB>USDC@UniswapV3/500 USDC>ARB@UniswapV3/100 in=16.77 ARB gap=41.3bps profit=$0.006 net=$-0.005"}
{"level":30,"time":1790817373155,"pid":1079,"hostname":"vm","msg":"  ARB>USDC@PancakeV3/500 USDC>ARB@UniswapV3/100 in=12.98 ARB gap=32.3bps profit=$0.003 net=$-0.008"}
{"level":30,"time":1790817373155,"pid":1079,"hostname":"vm","msg":"  ARB>USDC@UniswapV3/500 USDC>ARB@PancakeV3/100 in=9.660 ARB gap=40.8bps profit=$0.003 net=$-0.008"}
{"level":30,"time":1790817373155,"pid":1079,"hostname":"vm","msg":"  SUSHI>WETH@SushiV2 WETH>SUSHI@UniswapV3/3000 in=8.980 SUSHI gap=86.1bps profit=$0.003 net=$-0.006"}
{"level":30,"time":1790817373772,"pid":1079,"hostname":"vm","block":510512780,"gross":179,"net":0,"sumNetUsd":0,"gasPriceGwei":0.020004,"txCostUsd":0.0134,"syncMs":171,"searchMs":134,"msg":"block scanned"}
{"level":30,"time":1790817373772,"pid":1079,"hostname":"vm","msg":"  ARB>USDC.e@UniswapV3/500 USDC.e>ARB@PancakeV3/500 in=41.06 ARB gap=31.7bps profit=$0.009 net=$-0.002"}
{"level":30,"time":1790817373772,"pid":1079,"hostname":"vm","msg":"  ARB>USDC@UniswapV3/500 USDC>ARB@UniswapV3/100 in=16.77 ARB gap=41.3bps profit=$0.006 net=$-0.005"}
{"level":30,"time":1790817373772,"pid":1079,"hostname":"vm","msg":"  ARB>USDC@PancakeV3/500 USDC>ARB@UniswapV3/100 in=12.98 ARB gap=32.3bps profit=$0.003 net=$-0.008"}
{"level":30,"time":1790817373772,"pid":1079,"hostname":"vm","msg":"  ARB>USDC@UniswapV3/500 USDC>ARB@PancakeV3/100 in=9.660 ARB gap=40.8bps profit=$0.003 net=$-0.008"}
{"level":30,"time":1790817373772,"pid":1079,"hostname":"vm","msg":"  SUSHI>WETH@SushiV2 WETH>SUSHI@UniswapV3/3000 in=8.980 SUSHI gap=86.1bps profit=$0.003 net=$-0.006"}
{"level":30,"time":1790817374460,"pid":1079,"hostname":"vm","block":510512783,"gross":179,"net":0,"sumNetUsd":0,"gasPriceGwei":0.02,"txCostUsd":0.0134,"syncMs":215,"searchMs":158,"msg":"block scanned"}
{"level":30,"time":1790817374460,"pid":1079,"hostname":"vm","msg":"  ARB>USDC.e@UniswapV3/500 USDC.e>ARB@PancakeV3/500 in=41.06 ARB gap=31.7bps profit=$0.009 net=$-0.002"}
{"level":30,"time":1790817374460,"pid":1079,"hostname":"vm","msg":"  ARB>USDC@UniswapV3/500 USDC>ARB@UniswapV3/100 in=16.77 ARB gap=41.3bps profit=$0.006 net=$-0.005"}
{"level":30,"time":1790817374460,"pid":1079,"hostname":"vm","msg":"  ARB>USDC@PancakeV3/500 USDC>ARB@UniswapV3/100 in=12.98 ARB gap=32.3bps profit=$0.003 net=$-0.008"}
{"level":30,"time":1790817374460,"pid":1079,"hostname":"vm","msg":"  ARB>USDC@UniswapV3/500 USDC>ARB@PancakeV3/100 in=9.660 ARB gap=40.8bps profit=$0.003 net=$-0.008"}
{"level":30,"time":1790817374460,"pid":1079,"hostname":"vm","msg":"  SUSHI>WETH@SushiV2 WETH>SUSHI@UniswapV3/3000 in=8.980 SUSHI gap=86.1bps profit=$0.003 net=$-0.006"}
{"level":30,"time":1790817374955,"pid":1079,"hostname":"vm","block":510512785,"gross":179,"net":0,"sumNetUsd":0,"gasPriceGwei":0.020036,"txCostUsd":0.0135,"syncMs":147,"searchMs":134,"msg":"block scanned"}
{"level":30,"time":1790817374956,"pid":1079,"hostname":"vm","msg":"  ARB>USDC.e@UniswapV3/500 USDC.e>ARB@PancakeV3/500 in=41.06 ARB gap=31.7bps profit=$0.009 net=$-0.002"}
{"level":30,"time":1790817374956,"pid":1079,"hostname":"vm","msg":"  ARB>USDC@UniswapV3/500 USDC>ARB@UniswapV3/100 in=16.77 ARB gap=41.3bps profit=$0.006 net=$-0.005"}
{"level":30,"time":1790817374956,"pid":1079,"hostname":"vm","msg":"  ARB>USDC@PancakeV3/500 USDC>ARB@UniswapV3/100 in=12.98 ARB gap=32.3bps profit=$0.003 net=$-0.008"}
{"level":30,"time":1790817374956,"pid":1079,"hostname":"vm","msg":"  ARB>USDC@UniswapV3/500 USDC>ARB@PancakeV3/100 in=9.660 ARB gap=40.8bps profit=$0.003 net=$-0.008"}
{"level":30,"time":1790817374956,"pid":1079,"hostname":"vm","msg":"  SUSHI>WETH@SushiV2 WETH>SUSHI@UniswapV3/3000 in=8.980 SUSHI gap=86.1bps profit=$0.003 net=$-0.006"}
{"level":30,"time":1790817375544,"pid":1079,"hostname":"vm","block":510512788,"gross":179,"net":0,"sumNetUsd":0,"gasPriceGwei":0.02,"txCostUsd":0.0134,"syncMs":179,"searchMs":102,"msg":"block scanned"}
{"level":30,"time":1790817375545,"pid":1079,"hostname":"vm","msg":"  ARB>USDC.e@UniswapV3/500 USDC.e>ARB@PancakeV3/500 in=41.06 ARB gap=31.7bps profit=$0.009 net=$-0.002"}
{"level":30,"time":1790817375545,"pid":1079,"hostname":"vm","msg":"  ARB>USDC@UniswapV3/500 USDC>ARB@UniswapV3/100 in=16.77 ARB gap=41.3bps profit=$0.006 net=$-0.005"}
{"level":30,"time":1790817375545,"pid":1079,"hostname":"vm","msg":"  ARB>USDC@PancakeV3/500 USDC>ARB@UniswapV3/100 in=12.98 ARB gap=32.3bps profit=$0.003 net=$-0.008"}
{"level":30,"time":1790817375545,"pid":1079,"hostname":"vm","msg":"  ARB>USDC@UniswapV3/500 USDC>ARB@PancakeV3/100 in=9.660 ARB gap=40.8bps profit=$0.003 net=$-0.008"}
{"level":30,"time":1790817375545,"pid":1079,"hostname":"vm","msg":"  SUSHI>WETH@SushiV2 WETH>SUSHI@UniswapV3/3000 in=8.980 SUSHI gap=86.1bps profit=$0.003 net=$-0.006"}
{"level":30,"time":1790817376158,"pid":1079,"hostname":"vm","block":510512790,"gross":179,"net":0,"sumNetUsd":0,"gasPriceGwei":0.020064,"txCostUsd":0.0135,"syncMs":178,"searchMs":132,"msg":"block scanned"}
{"level":30,"time":1790817376159,"pid":1079,"hostname":"vm","msg":"  ARB>USDC.e@UniswapV3/500 USDC.e>ARB@PancakeV3/500 in=41.06 ARB gap=31.7bps profit=$0.009 net=$-0.002"}
{"level":30,"time":1790817376159,"pid":1079,"hostname":"vm","msg":"  ARB>USDC@UniswapV3/500 USDC>ARB@UniswapV3/100 in=16.77 ARB gap=41.3bps profit=$0.006 net=$-0.005"}
{"level":30,"time":1790817376159,"pid":1079,"hostname":"vm","msg":"  ARB>USDC@PancakeV3/500 USDC>ARB@UniswapV3/100 in=12.98 ARB gap=32.3bps profit=$0.003 net=$-0.008"}
{"level":30,"time":1790817376159,"pid":1079,"hostname":"vm","msg":"  ARB>USDC@UniswapV3/500 USDC>ARB@PancakeV3/100 in=9.660 ARB gap=40.8bps profit=$0.003 net=$-0.008"}
{"level":30,"time":1790817376159,"pid":1079,"hostname":"vm","msg":"  SUSHI>WETH@SushiV2 WETH>SUSHI@UniswapV3/3000 in=8.980 SUSHI gap=86.1bps profit=$0.003 net=$-0.006"}
{"level":30,"time":1790817376810,"pid":1079,"hostname":"vm","block":510512792,"gross":179,"net":0,"sumNetUsd":0,"gasPriceGwei":0.02,"txCostUsd":0.0134,"syncMs":188,"searchMs":151,"msg":"block scanned"}
{"level":30,"time":1790817376810,"pid":1079,"hostname":"vm","msg":"  ARB>USDC.e@UniswapV3/500 USDC.e>ARB@PancakeV3/500 in=41.06 ARB gap=31.7bps profit=$0.009 net=$-0.002"}
{"level":30,"time":1790817376810,"pid":1079,"hostname":"vm","msg":"  ARB>USDC@UniswapV3/500 USDC>ARB@UniswapV3/100 in=16.77 ARB gap=41.3bps profit=$0.006 net=$-0.005"}
{"level":30,"time":1790817376810,"pid":1079,"hostname":"vm","msg":"  ARB>USDC@PancakeV3/500 USDC>ARB@UniswapV3/100 in=12.98 ARB gap=32.3bps profit=$0.003 net=$-0.008"}
{"level":30,"time":1790817376810,"pid":1079,"hostname":"vm","msg":"  ARB>USDC@UniswapV3/500 USDC>ARB@PancakeV3/100 in=9.660 ARB gap=40.8bps profit=$0.003 net=$-0.008"}
{"level":30,"time":1790817376810,"pid":1079,"hostname":"vm","msg":"  SUSHI>WETH@SushiV2 WETH>SUSHI@UniswapV3/3000 in=8.980 SUSHI gap=86.1bps profit=$0.003 net=$-0.006"}
{"level":30,"time":1790817487022,"pid":1079,"hostname":"vm","block":510512794,"gross":179,"net":0,"sumNetUsd":0,"gasPriceGwei":0.020124,"txCostUsd":0.0135,"syncMs":109803,"searchMs":103,"msg":"block scanned"}
{"level":30,"time":1790817487022,"pid":1079,"hostname":"vm","msg":"  ARB>USDC.e@UniswapV3/500 USDC.e>ARB@PancakeV3/500 in=41.06 ARB gap=31.7bps profit=$0.009 net=$-0.002"}
{"level":30,"time":1790817487022,"pid":1079,"hostname":"vm","msg":"  ARB>USDC@UniswapV3/500 USDC>ARB@UniswapV3/100 in=16.77 ARB gap=41.3bps profit=$0.006 net=$-0.005"}
{"level":30,"time":1790817487022,"pid":1079,"hostname":"vm","msg":"  ARB>USDC@PancakeV3/500 USDC>ARB@UniswapV3/100 in=12.98 ARB gap=32.3bps profit=$0.003 net=$-0.008"}
{"level":30,"time":1790817487022,"pid":1079,"hostname":"vm","msg":"  ARB>USDC@UniswapV3/500 USDC>ARB@PancakeV3/100 in=9.660 ARB gap=40.8bps profit=$0.003 net=$-0.008"}
{"level":30,"time":1790817487022,"pid":1079,"hostname":"vm","msg":"  SUSHI>WETH@SushiV2 WETH>SUSHI@UniswapV3/3000 in=8.980 SUSHI gap=86.1bps profit=$0.003 net=$-0.006"}
{"level":30,"time":1790817487463,"pid":1079,"hostname":"vm","block":510513167,"gross":238,"net":0,"sumNetUsd":0,"gasPriceGwei":0.02013,"txCostUsd":0.0135,"syncMs":190,"searchMs":154,"msg":"block scanned"}
{"level":30,"time":1790817487463,"pid":1079,"hostname":"vm","msg":"  ARB>USDC.e@UniswapV3/500 USDC.e>ARB@PancakeV3/100 in=29.03 ARB gap=35.6bps profit=$0.009 net=$-0.002"}
{"level":30,"time":1790817487463,"pid":1079,"hostname":"vm","msg":"  ARB>USDC@PancakeV3/500 USDC>ARB@PancakeV3/100 in=13.98 ARB gap=55.3bps profit=$0.007 net=$-0.004"}
{"level":30,"time":1790817487463,"pid":1079,"hostname":"vm","msg":"  ARB>USDC@UniswapV3/500 USDC>ARB@PancakeV3/100 in=13.72 ARB gap=55.5bps profit=$0.007 net=$-0.004"}
{"level":30,"time":1790817487463,"pid":1079,"hostname":"vm","msg":"  ARB>WETH@PancakeV3/500 WETH>ARB@PancakeV3/100 in=9.607 ARB gap=49bps profit=$0.004 net=$-0.007"}
{"level":30,"time":1790817487463,"pid":1079,"hostname":"vm","msg":"  ARB>USDC@UniswapV3/100 USDC>ARB@PancakeV3/100 in=8.581 ARB gap=49.5bps profit=$0.004 net=$-0.007"}
{"level":30,"time":1790817488033,"pid":1079,"hostname":"vm","block":510513169,"gross":238,"net":0,"sumNetUsd":0,"gasPriceGwei":0.020004,"txCostUsd":0.0134,"syncMs":141,"searchMs":127,"msg":"block scanned"}
{"level":30,"time":1790817488033,"pid":1079,"hostname":"vm","msg":"  ARB>USDC.e@UniswapV3/500 USDC.e>ARB@PancakeV3/100 in=29.03 ARB gap=35.6bps profit=$0.009 net=$-0.002"}
{"level":30,"time":1790817488033,"pid":1079,"hostname":"vm","msg":"  ARB>USDC@PancakeV3/500 USDC>ARB@PancakeV3/100 in=13.98 ARB gap=55.3bps profit=$0.007 net=$-0.004"}
{"level":30,"time":1790817488033,"pid":1079,"hostname":"vm","msg":"  ARB>USDC@UniswapV3/500 USDC>ARB@PancakeV3/100 in=13.72 ARB gap=55.5bps profit=$0.007 net=$-0.004"}
{"level":30,"time":1790817488033,"pid":1079,"hostname":"vm","msg":"  ARB>WETH@PancakeV3/500 WETH>ARB@PancakeV3/100 in=9.607 ARB gap=49bps profit=$0.004 net=$-0.007"}
{"level":30,"time":1790817488033,"pid":1079,"hostname":"vm","msg":"  ARB>USDC@UniswapV3/100 USDC>ARB@PancakeV3/100 in=8.581 ARB gap=49.5bps profit=$0.004 net=$-0.007"}
{"level":30,"time":1790817488657,"pid":1079,"hostname":"vm","block":510513171,"gross":238,"net":0,"sumNetUsd":0,"gasPriceGwei":0.02,"txCostUsd":0.0134,"syncMs":165,"searchMs":152,"msg":"block scanned"}
{"level":30,"time":1790817488657,"pid":1079,"hostname":"vm","msg":"  ARB>USDC.e@UniswapV3/500 USDC.e>ARB@PancakeV3/100 in=29.03 ARB gap=35.6bps profit=$0.009 net=$-0.002"}
{"level":30,"time":1790817488657,"pid":1079,"hostname":"vm","msg":"  ARB>USDC@PancakeV3/500 USDC>ARB@PancakeV3/100 in=13.98 ARB gap=55.3bps profit=$0.007 net=$-0.004"}
{"level":30,"time":1790817488657,"pid":1079,"hostname":"vm","msg":"  ARB>USDC@UniswapV3/500 USDC>ARB@PancakeV3/100 in=13.72 ARB gap=55.5bps profit=$0.007 net=$-0.004"}
{"level":30,"time":1790817488657,"pid":1079,"hostname":"vm","msg":"  ARB>WETH@PancakeV3/500 WETH>ARB@PancakeV3/100 in=9.607 ARB gap=49bps profit=$0.004 net=$-0.007"}
{"level":30,"time":1790817488657,"pid":1079,"hostname":"vm","msg":"  ARB>USDC@UniswapV3/100 USDC>ARB@PancakeV3/100 in=8.581 ARB gap=49.5bps profit=$0.004 net=$-0.007"}
{"level":30,"time":1790817489233,"pid":1079,"hostname":"vm","block":510513174,"gross":238,"net":0,"sumNetUsd":0,"gasPriceGwei":0.02001,"txCostUsd":0.0134,"syncMs":148,"searchMs":125,"msg":"block scanned"}
{"level":30,"time":1790817489233,"pid":1079,"hostname":"vm","msg":"  ARB>USDC.e@UniswapV3/500 USDC.e>ARB@PancakeV3/100 in=29.03 ARB gap=35.6bps profit=$0.009 net=$-0.002"}
{"level":30,"time":1790817489233,"pid":1079,"hostname":"vm","msg":"  ARB>USDC@PancakeV3/500 USDC>ARB@PancakeV3/100 in=13.98 ARB gap=55.3bps profit=$0.007 net=$-0.004"}
{"level":30,"time":1790817489233,"pid":1079,"hostname":"vm","msg":"  ARB>USDC@UniswapV3/500 USDC>ARB@PancakeV3/100 in=13.72 ARB gap=55.5bps profit=$0.007 net=$-0.004"}
{"level":30,"time":1790817489233,"pid":1079,"hostname":"vm","msg":"  ARB>WETH@PancakeV3/500 WETH>ARB@PancakeV3/100 in=9.607 ARB gap=49bps profit=$0.004 net=$-0.007"}
{"level":30,"time":1790817489233,"pid":1079,"hostname":"vm","msg":"  ARB>USDC@UniswapV3/100 USDC>ARB@PancakeV3/100 in=8.581 ARB gap=49.5bps profit=$0.004 net=$-0.007"}
{"level":30,"time":1790817489794,"pid":1079,"hostname":"vm","block":510513175,"gross":238,"net":0,"sumNetUsd":0,"gasPriceGwei":0.02,"txCostUsd":0.0134,"syncMs":131,"searchMs":127,"msg":"block scanned"}
{"level":30,"time":1790817489794,"pid":1079,"hostname":"vm","msg":"  ARB>USDC.e@UniswapV3/500 USDC.e>ARB@PancakeV3/100 in=29.03 ARB gap=35.6bps profit=$0.009 net=$-0.002"}
{"level":30,"time":1790817489794,"pid":1079,"hostname":"vm","msg":"  ARB>USDC@PancakeV3/500 USDC>ARB@PancakeV3/100 in=13.98 ARB gap=55.3bps profit=$0.007 net=$-0.004"}
{"level":30,"time":1790817489794,"pid":1079,"hostname":"vm","msg":"  ARB>USDC@UniswapV3/500 USDC>ARB@PancakeV3/100 in=13.72 ARB gap=55.5bps profit=$0.007 net=$-0.004"}
{"level":30,"time":1790817489794,"pid":1079,"hostname":"vm","msg":"  ARB>WETH@PancakeV3/500 WETH>ARB@PancakeV3/100 in=9.607 ARB gap=49bps profit=$0.004 net=$-0.007"}
{"level":30,"time":1790817489794,"pid":1079,"hostname":"vm","msg":"  ARB>USDC@UniswapV3/100 USDC>ARB@PancakeV3/100 in=8.581 ARB gap=49.5bps profit=$0.004 net=$-0.007"}
{"level":30,"time":1790817490392,"pid":1079,"hostname":"vm","block":510513177,"gross":238,"net":0,"sumNetUsd":0,"gasPriceGwei":0.020014,"txCostUsd":0.0134,"syncMs":140,"searchMs":158,"msg":"block scanned"}
{"level":30,"time":1790817490392,"pid":1079,"hostname":"vm","msg":"  ARB>USDC.e@UniswapV3/500 USDC.e>ARB@PancakeV3/100 in=29.03 ARB gap=35.6bps profit=$0.009 net=$-0.002"}
{"level":30,"time":1790817490392,"pid":1079,"hostname":"vm","msg":"  ARB>USDC@PancakeV3/500 USDC>ARB@PancakeV3/100 in=13.98 ARB gap=55.3bps profit=$0.007 net=$-0.004"}
{"level":30,"time":1790817490392,"pid":1079,"hostname":"vm","msg":"  ARB>USDC@UniswapV3/500 USDC>ARB@PancakeV3/100 in=13.72 ARB gap=55.5bps profit=$0.007 net=$-0.004"}
{"level":30,"time":1790817490392,"pid":1079,"hostname":"vm","msg":"  ARB>WETH@PancakeV3/500 WETH>ARB@PancakeV3/100 in=9.607 ARB gap=49bps profit=$0.004 net=$-0.007"}
{"level":30,"time":1790817490392,"pid":1079,"hostname":"vm","msg":"  ARB>USDC@UniswapV3/100 USDC>ARB@PancakeV3/100 in=8.581 ARB gap=49.5bps profit=$0.004 net=$-0.007"}
{"level":30,"time":1790817490982,"pid":1079,"hostname":"vm","block":510513179,"gross":245,"net":0,"sumNetUsd":0,"gasPriceGwei":0.020066,"txCostUsd":0.0135,"syncMs":153,"searchMs":131,"msg":"block scanned"}
{"level":30,"time":1790817490982,"pid":1079,"hostname":"vm","msg":"  ARB>USDC@UniswapV3/500 USDC>ARB@PancakeV3/100 in=16.28 ARB gap=64.8bps profit=$0.010 net=$-0.001"}
{"level":30,"time":1790817490982,"pid":1079,"hostname":"vm","msg":"  ARB>USDC.e@UniswapV3/500 USDC.e>ARB@PancakeV3/100 in=29.03 ARB gap=35.6bps profit=$0.009 net=$-0.002"}
{"level":30,"time":1790817490982,"pid":1079,"hostname":"vm","msg":"  ARB>USDC@PancakeV3/500 USDC>ARB@PancakeV3/100 in=14.81 ARB gap=58.3bps profit=$0.008 net=$-0.003"}
{"level":30,"time":1790817490982,"pid":1079,"hostname":"vm","msg":"  ARB>WETH@PancakeV3/500 WETH>ARB@PancakeV3/100 in=9.607 ARB gap=49bps profit=$0.004 net=$-0.007"}
{"level":30,"time":1790817490982,"pid":1079,"hostname":"vm","msg":"  ARB>USDC@UniswapV3/100 USDC>ARB@PancakeV3/100 in=8.581 ARB gap=49.5bps profit=$0.004 net=$-0.007"}
{"level":30,"time":1790817491592,"pid":1079,"hostname":"vm","block":510513182,"gross":245,"net":0,"sumNetUsd":0,"gasPriceGwei":0.020328,"txCostUsd":0.0137,"syncMs":140,"searchMs":158,"msg":"block scanned"}
{"level":30,"time":1790817491592,"pid":1079,"hostname":"vm","msg":"  ARB>USDC@UniswapV3/500 USDC>ARB@PancakeV3/100 in=16.28 ARB gap=64.8bps profit=$0.010 net=$-0.002"}
{"level":30,"time":1790817491592,"pid":1079,"hostname":"vm","msg":"  ARB>USDC.e@UniswapV3/500 USDC.e>ARB@PancakeV3/100 in=29.03 ARB gap=35.6bps profit=$0.009 net=$-0.003"}
{"level":30,"time":1790817491592,"pid":1079,"hostname":"vm","msg":"  ARB>USDC@PancakeV3/500 USDC>ARB@PancakeV3/100 in=14.81 ARB gap=58.3bps profit=$0.008 net=$-0.003"}
{"level":30,"time":1790817491592,"pid":1079,"hostname":"vm","msg":"  ARB>WETH@PancakeV3/500 WETH>ARB@PancakeV3/100 in=9.607 ARB gap=49bps profit=$0.004 net=$-0.007"}
{"level":30,"time":1790817491592,"pid":1079,"hostname":"vm","msg":"  ARB>USDC@UniswapV3/100 USDC>ARB@PancakeV3/100 in=8.581 ARB gap=49.5bps profit=$0.004 net=$-0.007"}
{"level":30,"time":1790817492206,"pid":1079,"hostname":"vm","block":510513184,"gross":245,"net":0,"sumNetUsd":0,"gasPriceGwei":0.02,"txCostUsd":0.0134,"syncMs":154,"searchMs":157,"msg":"block scanned"}
{"level":30,"time":1790817492206,"pid":1079,"hostname":"vm","msg":"  ARB>USDC@UniswapV3/500 USDC>ARB@PancakeV3/100 in=16.28 ARB gap=64.8bps profit=$0.010 net=$-0.001"}
{"level":30,"time":1790817492206,"pid":1079,"hostname":"vm","msg":"  ARB>USDC.e@UniswapV3/500 USDC.e>ARB@PancakeV3/100 in=29.03 ARB gap=35.6bps profit=$0.009 net=$-0.002"}
{"level":30,"time":1790817492206,"pid":1079,"hostname":"vm","msg":"  ARB>USDC@PancakeV3/500 USDC>ARB@PancakeV3/100 in=14.81 ARB gap=58.3bps profit=$0.008 net=$-0.003"}
{"level":30,"time":1790817492206,"pid":1079,"hostname":"vm","msg":"  ARB>WETH@PancakeV3/500 WETH>ARB@PancakeV3/100 in=9.607 ARB gap=49bps profit=$0.004 net=$-0.007"}
{"level":30,"time":1790817492206,"pid":1079,"hostname":"vm","msg":"  ARB>USDC@UniswapV3/100 USDC>ARB@PancakeV3/100 in=8.581 ARB gap=49.5bps profit=$0.004 net=$-0.007"}
{"level":30,"time":1790817492845,"pid":1079,"hostname":"vm","block":510513186,"gross":245,"net":0,"sumNetUsd":0,"gasPriceGwei":0.02,"txCostUsd":0.0134,"syncMs":156,"searchMs":163,"msg":"block scanned"}
{"level":30,"time":1790817492845,"pid":1079,"hostname":"vm","msg":"  ARB>USDC@UniswapV3/500 USDC>ARB@PancakeV3/100 in=16.28 ARB gap=64.8bps profit=$0.010 net=$-0.001"}
{"level":30,"time":1790817492845,"pid":1079,"hostname":"vm","msg":"  ARB>USDC.e@UniswapV3/500 USDC.e>ARB@PancakeV3/100 in=29.03 ARB gap=35.6bps profit=$0.009 net=$-0.002"}
{"level":30,"time":1790817492845,"pid":1079,"hostname":"vm","msg":"  ARB>USDC@PancakeV3/500 USDC>ARB@PancakeV3/100 in=14.81 ARB gap=58.3bps profit=$0.008 net=$-0.003"}
{"level":30,"time":1790817492845,"pid":1079,"hostname":"vm","msg":"  ARB>WETH@PancakeV3/500 WETH>ARB@PancakeV3/100 in=9.607 ARB gap=49bps profit=$0.004 net=$-0.007"}
{"level":30,"time":1790817492845,"pid":1079,"hostname":"vm","msg":"  ARB>USDC@UniswapV3/100 USDC>ARB@PancakeV3/100 in=8.581 ARB gap=49.5bps profit=$0.004 net=$-0.007"}
{"level":30,"time":1790817493479,"pid":1079,"hostname":"vm","block":510513188,"gross":245,"net":0,"sumNetUsd":0,"gasPriceGwei":0.020012,"txCostUsd":0.0134,"syncMs":157,"searchMs":176,"msg":"block scanned"}
{"level":30,"time":1790817493479,"pid":1079,"hostname":"vm","msg":"  ARB>USDC@UniswapV3/500 USDC>ARB@PancakeV3/100 in=16.28 ARB gap=64.8bps profit=$0.010 net=$-0.001"}
{"level":30,"time":1790817493479,"pid":1079,"hostname":"vm","msg":"  ARB>USDC.e@UniswapV3/500 USDC.e>ARB@PancakeV3/100 in=29.03 ARB gap=35.6bps profit=$0.009 net=$-0.002"}
{"level":30,"time":1790817493479,"pid":1079,"hostname":"vm","msg":"  ARB>USDC@PancakeV3/500 USDC>ARB@PancakeV3/100 in=14.81 ARB gap=58.3bps profit=$0.008 net=$-0.003"}
{"level":30,"time":1790817493479,"pid":1079,"hostname":"vm","msg":"  ARB>WETH@PancakeV3/500 WETH>ARB@PancakeV3/100 in=9.607 ARB gap=49bps profit=$0.004 net=$-0.007"}
{"level":30,"time":1790817493479,"pid":1079,"hostname":"vm","msg":"  ARB>USDC@UniswapV3/100 USDC>ARB@PancakeV3/100 in=8.581 ARB gap=49.5bps profit=$0.004 net=$-0.007"}
{"level":30,"time":1790817494104,"pid":1079,"hostname":"vm","block":510513190,"gross":245,"net":0,"sumNetUsd":0,"gasPriceGwei":0.02001,"txCostUsd":0.0134,"syncMs":156,"searchMs":167,"msg":"block scanned"}
{"level":30,"time":1790817494104,"pid":1079,"hostname":"vm","msg":"  ARB>USDC@UniswapV3/500 USDC>ARB@PancakeV3/100 in=16.28 ARB gap=64.8bps profit=$0.010 net=$-0.001"}
{"level":30,"time":1790817494104,"pid":1079,"hostname":"vm","msg":"  ARB>USDC.e@UniswapV3/500 USDC.e>ARB@PancakeV3/100 in=29.03 ARB gap=35.6bps profit=$0.009 net=$-0.002"}
{"level":30,"time":1790817494104,"pid":1079,"hostname":"vm","msg":"  ARB>USDC@PancakeV3/500 USDC>ARB@PancakeV3/100 in=14.81 ARB gap=58.3bps profit=$0.008 net=$-0.003"}
{"level":30,"time":1790817494104,"pid":1079,"hostname":"vm","msg":"  ARB>WETH@PancakeV3/500 WETH>ARB@PancakeV3/100 in=9.607 ARB gap=49bps profit=$0.004 net=$-0.007"}
{"level":30,"time":1790817494104,"pid":1079,"hostname":"vm","msg":"  ARB>USDC@UniswapV3/100 USDC>ARB@PancakeV3/100 in=8.581 ARB gap=49.5bps profit=$0.004 net=$-0.007"}
{"level":30,"time":1790817494754,"pid":1079,"hostname":"vm","block":510513192,"gross":245,"net":0,"sumNetUsd":0,"gasPriceGwei":0.02,"txCostUsd":0.0134,"syncMs":188,"searchMs":164,"msg":"block scanned"}
{"level":30,"time":1790817494754,"pid":1079,"hostname":"vm","msg":"  ARB>USDC@UniswapV3/500 USDC>ARB@PancakeV3/100 in=16.28 ARB gap=64.8bps profit=$0.010 net=$-0.001"}
{"level":30,"time":1790817494754,"pid":1079,"hostname":"vm","msg":"  ARB>USDC.e@UniswapV3/500 USDC.e>ARB@PancakeV3/100 in=29.03 ARB gap=35.6bps profit=$0.009 net=$-0.002"}
{"level":30,"time":1790817494754,"pid":1079,"hostname":"vm","msg":"  ARB>USDC@PancakeV3/500 USDC>ARB@PancakeV3/100 in=14.81 ARB gap=58.3bps profit=$0.008 net=$-0.003"}
{"level":30,"time":1790817494754,"pid":1079,"hostname":"vm","msg":"  ARB>WETH@PancakeV3/500 WETH>ARB@PancakeV3/100 in=9.607 ARB gap=49bps profit=$0.004 net=$-0.007"}
{"level":30,"time":1790817494754,"pid":1079,"hostname":"vm","msg":"  ARB>USDC@UniswapV3/100 USDC>ARB@PancakeV3/100 in=8.581 ARB gap=49.5bps profit=$0.004 net=$-0.007"}
{"level":30,"time":1790817495287,"pid":1079,"hostname":"vm","block":510513195,"gross":245,"net":0,"sumNetUsd":0,"gasPriceGwei":0.02002,"txCostUsd":0.0135,"syncMs":158,"searchMs":164,"msg":"block scanned"}
{"level":30,"time":1790817495287,"pid":1079,"hostname":"vm","msg":"  ARB>USDC@UniswapV3/500 USDC>ARB@PancakeV3/100 in=16.28 ARB gap=64.8bps profit=$0.010 net=$-0.001"}
{"level":30,"time":1790817495287,"pid":1079,"hostname":"vm","msg":"  ARB>USDC.e@UniswapV3/500 USDC.e>ARB@PancakeV3/100 in=29.03 ARB gap=35.6bps profit=$0.009 net=$-0.002"}
{"level":30,"time":1790817495287,"pid":1079,"hostname":"vm","msg":"  ARB>USDC@PancakeV3/500 USDC>ARB@PancakeV3/100 in=14.81 ARB gap=58.3bps profit=$0.008 net=$-0.003"}
{"level":30,"time":1790817495287,"pid":1079,"hostname":"vm","msg":"  ARB>WETH@PancakeV3/500 WETH>ARB@PancakeV3/100 in=9.607 ARB gap=49bps profit=$0.004 net=$-0.007"}
{"level":30,"time":1790817495287,"pid":1079,"hostname":"vm","msg":"  ARB>USDC@UniswapV3/100 USDC>ARB@PancakeV3/100 in=8.581 ARB gap=49.5bps profit=$0.004 net=$-0.007"}
{"level":30,"time":1790817509523,"pid":1079,"hostname":"vm","block":510513197,"gross":241,"net":0,"sumNetUsd":0,"gasPriceGwei":0.02,"txCostUsd":0.0134,"syncMs":13778,"searchMs":158,"msg":"block scanned"}
{"level":30,"time":1790817509523,"pid":1079,"hostname":"vm","msg":"  ARB>USDC@UniswapV3/500 USDC>ARB@PancakeV3/100 in=16.28 ARB gap=64.8bps profit=$0.010 net=$-0.001"}
{"level":30,"time":1790817509523,"pid":1079,"hostname":"vm","msg":"  ARB>USDC.e@UniswapV3/500 USDC.e>ARB@PancakeV3/100 in=29.03 ARB gap=35.6bps profit=$0.009 net=$-0.002"}
{"level":30,"time":1790817509523,"pid":1079,"hostname":"vm","msg":"  ARB>USDC@PancakeV3/500 USDC>ARB@PancakeV3/100 in=14.81 ARB gap=58.3bps profit=$0.008 net=$-0.003"}
{"level":30,"time":1790817509523,"pid":1079,"hostname":"vm","msg":"  ARB>WETH@PancakeV3/500 WETH>ARB@PancakeV3/100 in=9.607 ARB gap=49bps profit=$0.004 net=$-0.007"}
{"level":30,"time":1790817509523,"pid":1079,"hostname":"vm","msg":"  ARB>USDC@UniswapV3/100 USDC>ARB@PancakeV3/100 in=8.581 ARB gap=49.5bps profit=$0.004 net=$-0.007"}
{"level":30,"time":1790817509868,"pid":1079,"hostname":"vm","block":510513245,"gross":243,"net":0,"sumNetUsd":0,"gasPriceGwei":0.020004,"txCostUsd":0.0134,"syncMs":91,"searchMs":155,"msg":"block scanned"}
{"level":30,"time":1790817509868,"pid":1079,"hostname":"vm","msg":"  ARB>USDC@UniswapV3/500 USDC>ARB@PancakeV3/100 in=16.28 ARB gap=64.8bps profit=$0.010 net=$-0.001"}
{"level":30,"time":1790817509868,"pid":1079,"hostname":"vm","msg":"  ARB>USDC.e@UniswapV3/500 USDC.e>ARB@PancakeV3/100 in=29.03 ARB gap=35.6bps profit=$0.009 net=$-0.002"}
{"level":30,"time":1790817509868,"pid":1079,"hostname":"vm","msg":"  ARB>USDC@PancakeV3/500 USDC>ARB@PancakeV3/100 in=14.81 ARB gap=58.3bps profit=$0.008 net=$-0.003"}
{"level":30,"time":1790817509868,"pid":1079,"hostname":"vm","msg":"  ARB>WETH@PancakeV3/500 WETH>ARB@PancakeV3/100 in=9.607 ARB gap=49bps profit=$0.004 net=$-0.007"}
{"level":30,"time":1790817509868,"pid":1079,"hostname":"vm","msg":"  ARB>USDC@UniswapV3/100 USDC>ARB@PancakeV3/100 in=8.581 ARB gap=49.5bps profit=$0.004 net=$-0.007"}
{"level":30,"time":1790817510484,"pid":1079,"hostname":"vm","block":510513247,"gross":243,"net":0,"sumNetUsd":0,"gasPriceGwei":0.020138,"txCostUsd":0.0135,"syncMs":133,"searchMs":159,"msg":"block scanned"}
{"level":30,"time":1790817510484,"pid":1079,"hostname":"vm","msg":"  ARB>USDC@UniswapV3/500 USDC>ARB@PancakeV3/100 in=16.28 ARB gap=64.8bps profit=$0.010 net=$-0.001"}
{"level":30,"time":1790817510484,"pid":1079,"hostname":"vm","msg":"  ARB>USDC.e@UniswapV3/500 USDC.e>ARB@PancakeV3/100 in=29.03 ARB gap=35.6bps profit=$0.009 net=$-0.002"}
{"level":30,"time":1790817510484,"pid":1079,"hostname":"vm","msg":"  ARB>USDC@PancakeV3/500 USDC>ARB@PancakeV3/100 in=14.81 ARB gap=58.3bps profit=$0.008 net=$-0.003"}
{"level":30,"time":1790817510484,"pid":1079,"hostname":"vm","msg":"  ARB>WETH@PancakeV3/500 WETH>ARB@PancakeV3/100 in=9.607 ARB gap=49bps profit=$0.004 net=$-0.007"}
{"level":30,"time":1790817510484,"pid":1079,"hostname":"vm","msg":"  ARB>USDC@UniswapV3/100 USDC>ARB@PancakeV3/100 in=8.581 ARB gap=49.5bps profit=$0.004 net=$-0.007"}
{"level":30,"time":1790817511085,"pid":1079,"hostname":"vm","block":510513249,"gross":243,"net":0,"sumNetUsd":0,"gasPriceGwei":0.02,"txCostUsd":0.0134,"syncMs":142,"searchMs":154,"msg":"block scanned"}
{"level":30,"time":1790817511085,"pid":1079,"hostname":"vm","msg":"  ARB>USDC@UniswapV3/500 USDC>ARB@PancakeV3/100 in=16.28 ARB gap=64.8bps profit=$0.010 net=$-0.001"}
{"level":30,"time":1790817511085,"pid":1079,"hostname":"vm","msg":"  ARB>USDC.e@UniswapV3/500 USDC.e>ARB@PancakeV3/100 in=29.03 ARB gap=35.6bps profit=$0.009 net=$-0.002"}
{"level":30,"time":1790817511085,"pid":1079,"hostname":"vm","msg":"  ARB>USDC@PancakeV3/500 USDC>ARB@PancakeV3/100 in=14.81 ARB gap=58.3bps profit=$0.008 net=$-0.003"}
{"level":30,"time":1790817511085,"pid":1079,"hostname":"vm","msg":"  ARB>WETH@PancakeV3/500 WETH>ARB@PancakeV3/100 in=9.607 ARB gap=49bps profit=$0.004 net=$-0.007"}
{"level":30,"time":1790817511085,"pid":1079,"hostname":"vm","msg":"  ARB>USDC@UniswapV3/100 USDC>ARB@PancakeV3/100 in=8.581 ARB gap=49.5bps profit=$0.004 net=$-0.007"}
{"level":30,"time":1790817511689,"pid":1079,"hostname":"vm","block":510513251,"gross":243,"net":0,"sumNetUsd":0,"gasPriceGwei":0.02,"txCostUsd":0.0134,"syncMs":111,"searchMs":159,"msg":"block scanned"}
{"level":30,"time":1790817511689,"pid":1079,"hostname":"vm","msg":"  ARB>USDC@UniswapV3/500 USDC>ARB@PancakeV3/100 in=16.28 ARB gap=64.8bps profit=$0.010 net=$-0.001"}
{"level":30,"time":1790817511689,"pid":1079,"hostname":"vm","msg":"  ARB>USDC.e@UniswapV3/500 USDC.e>ARB@PancakeV3/100 in=29.03 ARB gap=35.6bps profit=$0.009 net=$-0.002"}
{"level":30,"time":1790817511689,"pid":1079,"hostname":"vm","msg":"  ARB>USDC@PancakeV3/500 USDC>ARB@PancakeV3/100 in=14.81 ARB gap=58.3bps profit=$0.008 net=$-0.003"}
{"level":30,"time":1790817511689,"pid":1079,"hostname":"vm","msg":"  ARB>WETH@PancakeV3/500 WETH>ARB@PancakeV3/100 in=9.607 ARB gap=49bps profit=$0.004 net=$-0.007"}
{"level":30,"time":1790817511689,"pid":1079,"hostname":"vm","msg":"  ARB>USDC@UniswapV3/100 USDC>ARB@PancakeV3/100 in=8.581 ARB gap=49.5bps profit=$0.004 net=$-0.007"}
{"level":30,"time":1790817512281,"pid":1079,"hostname":"vm","block":510513253,"gross":243,"net":0,"sumNetUsd":0,"gasPriceGwei":0.02,"txCostUsd":0.0134,"syncMs":169,"searchMs":125,"msg":"block scanned"}
{"level":30,"time":1790817512282,"pid":1079,"hostname":"vm","msg":"  ARB>USDC@UniswapV3/500 USDC>ARB@PancakeV3/100 in=16.28 ARB gap=64.8bps profit=$0.010 net=$-0.001"}
{"level":30,"time":1790817512282,"pid":1079,"hostname":"vm","msg":"  ARB>USDC.e@UniswapV3/500 USDC.e>ARB@PancakeV3/100 in=29.03 ARB gap=35.6bps profit=$0.009 net=$-0.002"}
{"level":30,"time":1790817512282,"pid":1079,"hostname":"vm","msg":"  ARB>USDC@PancakeV3/500 USDC>ARB@PancakeV3/100 in=14.81 ARB gap=58.3bps profit=$0.008 net=$-0.003"}
{"level":30,"time":1790817512282,"pid":1079,"hostname":"vm","msg":"  ARB>WETH@PancakeV3/500 WETH>ARB@PancakeV3/100 in=9.607 ARB gap=49bps profit=$0.004 net=$-0.007"}
{"level":30,"time":1790817512282,"pid":1079,"hostname":"vm","msg":"  ARB>USDC@UniswapV3/100 USDC>ARB@PancakeV3/100 in=8.581 ARB gap=49.5bps profit=$0.004 net=$-0.007"}
{"level":30,"time":1790817512920,"pid":1079,"hostname":"vm","block":510513255,"gross":243,"net":0,"sumNetUsd":0,"gasPriceGwei":0.020074,"txCostUsd":0.0135,"syncMs":140,"searchMs":139,"msg":"block scanned"}
{"level":30,"time":1790817512921,"pid":1079,"hostname":"vm","msg":"  ARB>USDC@UniswapV3/500 USDC>ARB@PancakeV3/100 in=16.28 ARB gap=64.8bps profit=$0.010 net=$-0.001"}
{"level":30,"time":1790817512921,"pid":1079,"hostname":"vm","msg":"  ARB>USDC.e@UniswapV3/500 USDC.e>ARB@PancakeV3/100 in=29.03 ARB gap=35.6bps profit=$0.009 net=$-0.002"}
{"level":30,"time":1790817512921,"pid":1079,"hostname":"vm","msg":"  ARB>USDC@PancakeV3/500 USDC>ARB@PancakeV3/100 in=14.81 ARB gap=58.3bps profit=$0.008 net=$-0.003"}
{"level":30,"time":1790817512921,"pid":1079,"hostname":"vm","msg":"  ARB>WETH@PancakeV3/500 WETH>ARB@PancakeV3/100 in=9.607 ARB gap=49bps profit=$0.004 net=$-0.007"}
{"level":30,"time":1790817512921,"pid":1079,"hostname":"vm","msg":"  ARB>USDC@UniswapV3/100 USDC>ARB@PancakeV3/100 in=8.581 ARB gap=49.5bps profit=$0.004 net=$-0.007"}
{"level":30,"time":1790817513520,"pid":1079,"hostname":"vm","block":510513257,"gross":243,"net":0,"sumNetUsd":0,"gasPriceGwei":0.020108,"txCostUsd":0.0135,"syncMs":166,"searchMs":138,"msg":"block scanned"}
{"level":30,"time":1790817513520,"pid":1079,"hostname":"vm","msg":"  ARB>USDC@UniswapV3/500 USDC>ARB@PancakeV3/100 in=16.28 ARB gap=64.8bps profit=$0.010 net=$-0.001"}
{"level":30,"time":1790817513520,"pid":1079,"hostname":"vm","msg":"  ARB>USDC.e@UniswapV3/500 USDC.e>ARB@PancakeV3/100 in=29.03 ARB gap=35.6bps profit=$0.009 net=$-0.002"}
{"level":30,"time":1790817513520,"pid":1079,"hostname":"vm","msg":"  ARB>USDC@PancakeV3/500 USDC>ARB@PancakeV3/100 in=14.81 ARB gap=58.3bps profit=$0.008 net=$-0.003"}
{"level":30,"time":1790817513520,"pid":1079,"hostname":"vm","msg":"  ARB>WETH@PancakeV3/500 WETH>ARB@PancakeV3/100 in=9.607 ARB gap=49bps profit=$0.004 net=$-0.007"}
{"level":30,"time":1790817513520,"pid":1079,"hostname":"vm","msg":"  ARB>USDC@UniswapV3/100 USDC>ARB@PancakeV3/100 in=8.581 ARB gap=49.5bps profit=$0.004 net=$-0.007"}
{"level":30,"time":1790817514085,"pid":1079,"hostname":"vm","block":510513259,"gross":243,"net":0,"sumNetUsd":0,"gasPriceGwei":0.020026,"txCostUsd":0.0135,"syncMs":132,"searchMs":131,"msg":"block scanned"}
{"level":30,"time":1790817514086,"pid":1079,"hostname":"vm","msg":"  ARB>USDC@UniswapV3/500 USDC>ARB@PancakeV3/100 in=16.28 ARB gap=64.8bps profit=$0.010 net=$-0.001"}
{"level":30,"time":1790817514086,"pid":1079,"hostname":"vm","msg":"  ARB>USDC.e@UniswapV3/500 USDC.e>ARB@PancakeV3/100 in=29.03 ARB gap=35.6bps profit=$0.009 net=$-0.002"}
{"level":30,"time":1790817514086,"pid":1079,"hostname":"vm","msg":"  ARB>USDC@PancakeV3/500 USDC>ARB@PancakeV3/100 in=14.81 ARB gap=58.3bps profit=$0.008 net=$-0.003"}
{"level":30,"time":1790817514086,"pid":1079,"hostname":"vm","msg":"  ARB>WETH@PancakeV3/500 WETH>ARB@PancakeV3/100 in=9.607 ARB gap=49bps profit=$0.004 net=$-0.007"}
{"level":30,"time":1790817514086,"pid":1079,"hostname":"vm","msg":"  ARB>USDC@UniswapV3/100 USDC>ARB@PancakeV3/100 in=8.581 ARB gap=49.5bps profit=$0.004 net=$-0.007"}
{"level":30,"time":1790817514658,"pid":1079,"hostname":"vm","block":510513261,"gross":243,"net":0,"sumNetUsd":0,"gasPriceGwei":0.02,"txCostUsd":0.0134,"syncMs":114,"searchMs":157,"msg":"block scanned"}
{"level":30,"time":1790817514658,"pid":1079,"hostname":"vm","msg":"  ARB>USDC@UniswapV3/500 USDC>ARB@PancakeV3/100 in=16.28 ARB gap=64.8bps profit=$0.010 net=$-0.001"}
{"level":30,"time":1790817514658,"pid":1079,"hostname":"vm","msg":"  ARB>USDC.e@UniswapV3/500 USDC.e>ARB@PancakeV3/100 in=29.03 ARB gap=35.6bps profit=$0.009 net=$-0.002"}
{"level":30,"time":1790817514658,"pid":1079,"hostname":"vm","msg":"  ARB>USDC@PancakeV3/500 USDC>ARB@PancakeV3/100 in=14.81 ARB gap=58.3bps profit=$0.008 net=$-0.003"}
{"level":30,"time":1790817514658,"pid":1079,"hostname":"vm","msg":"  ARB>WETH@PancakeV3/500 WETH>ARB@PancakeV3/100 in=9.607 ARB gap=49bps profit=$0.004 net=$-0.007"}
{"level":30,"time":1790817514658,"pid":1079,"hostname":"vm","msg":"  ARB>USDC@UniswapV3/100 USDC>ARB@PancakeV3/100 in=8.581 ARB gap=49.5bps profit=$0.004 net=$-0.007"}
{"level":30,"time":1790817515370,"pid":1079,"hostname":"vm","block":510513263,"gross":243,"net":0,"sumNetUsd":0,"gasPriceGwei":0.020096,"txCostUsd":0.0135,"syncMs":236,"searchMs":157,"msg":"block scanned"}
{"level":30,"time":1790817515370,"pid":1079,"hostname":"vm","msg":"  ARB>USDC@UniswapV3/500 USDC>ARB@PancakeV3/100 in=16.28 ARB gap=64.8bps profit=$0.010 net=$-0.001"}
{"level":30,"time":1790817515370,"pid":1079,"hostname":"vm","msg":"  ARB>USDC.e@UniswapV3/500 USDC.e>ARB@PancakeV3/100 in=29.03 ARB gap=35.6bps profit=$0.009 net=$-0.002"}
{"level":30,"time":1790817515370,"pid":1079,"hostname":"vm","msg":"  ARB>USDC@PancakeV3/500 USDC>ARB@PancakeV3/100 in=14.81 ARB gap=58.3bps profit=$0.008 net=$-0.003"}
{"level":30,"time":1790817515370,"pid":1079,"hostname":"vm","msg":"  ARB>WETH@PancakeV3/500 WETH>ARB@PancakeV3/100 in=9.607 ARB gap=49bps profit=$0.004 net=$-0.007"}
{"level":30,"time":1790817515370,"pid":1079,"hostname":"vm","msg":"  ARB>USDC@UniswapV3/100 USDC>ARB@PancakeV3/100 in=8.581 ARB gap=49.5bps profit=$0.004 net=$-0.007"}
{"level":30,"time":1790817515826,"pid":1079,"hostname":"vm","block":510513266,"gross":243,"net":0,"sumNetUsd":0,"gasPriceGwei":0.020006,"txCostUsd":0.0134,"syncMs":104,"searchMs":150,"msg":"block scanned"}
{"level":30,"time":1790817515826,"pid":1079,"hostname":"vm","msg":"  ARB>USDC@UniswapV3/500 USDC>ARB@PancakeV3/100 in=16.28 ARB gap=64.8bps profit=$0.010 net=$-0.001"}
{"level":30,"time":1790817515826,"pid":1079,"hostname":"vm","msg":"  ARB>USDC.e@UniswapV3/500 USDC.e>ARB@PancakeV3/100 in=29.03 ARB gap=35.6bps profit=$0.009 net=$-0.002"}
{"level":30,"time":1790817515826,"pid":1079,"hostname":"vm","msg":"  ARB>USDC@PancakeV3/500 USDC>ARB@PancakeV3/100 in=14.81 ARB gap=58.3bps profit=$0.008 net=$-0.003"}
{"level":30,"time":1790817515826,"pid":1079,"hostname":"vm","msg":"  ARB>WETH@PancakeV3/500 WETH>ARB@PancakeV3/100 in=9.607 ARB gap=49bps profit=$0.004 net=$-0.007"}
{"level":30,"time":1790817515826,"pid":1079,"hostname":"vm","msg":"  ARB>USDC@UniswapV3/100 USDC>ARB@PancakeV3/100 in=8.581 ARB gap=49.5bps profit=$0.004 net=$-0.007"}
{"level":30,"time":1790817516506,"pid":1079,"hostname":"vm","block":510513268,"gross":243,"net":0,"sumNetUsd":0,"gasPriceGwei":0.020046,"txCostUsd":0.0135,"syncMs":208,"searchMs":165,"msg":"block scanned"}
{"level":30,"time":1790817516506,"pid":1079,"hostname":"vm","msg":"  ARB>USDC@UniswapV3/500 USDC>ARB@PancakeV3/100 in=16.28 ARB gap=64.8bps profit=$0.010 net=$-0.001"}
{"level":30,"time":1790817516506,"pid":1079,"hostname":"vm","msg":"  ARB>USDC.e@UniswapV3/500 USDC.e>ARB@PancakeV3/100 in=29.03 ARB gap=35.6bps profit=$0.009 net=$-0.002"}
{"level":30,"time":1790817516506,"pid":1079,"hostname":"vm","msg":"  ARB>USDC@PancakeV3/500 USDC>ARB@PancakeV3/100 in=14.81 ARB gap=58.3bps profit=$0.008 net=$-0.003"}
{"level":30,"time":1790817516506,"pid":1079,"hostname":"vm","msg":"  ARB>WETH@PancakeV3/500 WETH>ARB@PancakeV3/100 in=9.607 ARB gap=49bps profit=$0.004 net=$-0.007"}
{"level":30,"time":1790817516506,"pid":1079,"hostname":"vm","msg":"  ARB>USDC@UniswapV3/100 USDC>ARB@PancakeV3/100 in=8.581 ARB gap=49.5bps profit=$0.004 net=$-0.007"}
{"level":30,"time":1790817516927,"pid":1079,"hostname":"vm","block":510513270,"gross":243,"net":0,"sumNetUsd":0,"gasPriceGwei":0.020054,"txCostUsd":0.0135,"syncMs":94,"searchMs":131,"msg":"block scanned"}
{"level":30,"time":1790817516927,"pid":1079,"hostname":"vm","msg":"  ARB>USDC@UniswapV3/500 USDC>ARB@PancakeV3/100 in=16.28 ARB gap=64.8bps profit=$0.010 net=$-0.001"}
{"level":30,"time":1790817516927,"pid":1079,"hostname":"vm","msg":"  ARB>USDC.e@UniswapV3/500 USDC.e>ARB@PancakeV3/100 in=29.03 ARB gap=35.6bps profit=$0.009 net=$-0.002"}
{"level":30,"time":1790817516927,"pid":1079,"hostname":"vm","msg":"  ARB>USDC@PancakeV3/500 USDC>ARB@PancakeV3/100 in=14.81 ARB gap=58.3bps profit=$0.008 net=$-0.003"}
{"level":30,"time":1790817516927,"pid":1079,"hostname":"vm","msg":"  ARB>WETH@PancakeV3/500 WETH>ARB@PancakeV3/100 in=9.607 ARB gap=49bps profit=$0.004 net=$-0.007"}
{"level":30,"time":1790817516927,"pid":1079,"hostname":"vm","msg":"  ARB>USDC@UniswapV3/100 USDC>ARB@PancakeV3/100 in=8.581 ARB gap=49.5bps profit=$0.004 net=$-0.007"}
{"level":30,"time":1790817517617,"pid":1079,"hostname":"vm","block":510513272,"gross":243,"net":0,"sumNetUsd":0,"gasPriceGwei":0.02,"txCostUsd":0.0134,"syncMs":118,"searchMs":167,"msg":"block scanned"}
{"level":30,"time":1790817517617,"pid":1079,"hostname":"vm","msg":"  ARB>USDC@UniswapV3/500 USDC>ARB@PancakeV3/100 in=16.28 ARB gap=64.8bps profit=$0.010 net=$-0.001"}
{"level":30,"time":1790817517617,"pid":1079,"hostname":"vm","msg":"  ARB>USDC.e@UniswapV3/500 USDC.e>ARB@PancakeV3/100 in=29.03 ARB gap=35.6bps profit=$0.009 net=$-0.002"}
{"level":30,"time":1790817517617,"pid":1079,"hostname":"vm","msg":"  ARB>USDC@PancakeV3/500 USDC>ARB@PancakeV3/100 in=14.81 ARB gap=58.3bps profit=$0.008 net=$-0.003"}
{"level":30,"time":1790817517617,"pid":1079,"hostname":"vm","msg":"  ARB>WETH@PancakeV3/500 WETH>ARB@PancakeV3/100 in=9.607 ARB gap=49bps profit=$0.004 net=$-0.007"}
{"level":30,"time":1790817517617,"pid":1079,"hostname":"vm","msg":"  ARB>USDC@UniswapV3/100 USDC>ARB@PancakeV3/100 in=8.581 ARB gap=49.5bps profit=$0.004 net=$-0.007"}
{"level":30,"time":1790817536879,"pid":1079,"hostname":"vm","block":510513275,"gross":243,"net":0,"sumNetUsd":0,"gasPriceGwei":0.020014,"txCostUsd":0.0134,"syncMs":18831,"searchMs":133,"msg":"block scanned"}
{"level":30,"time":1790817536879,"pid":1079,"hostname":"vm","msg":"  ARB>USDC@UniswapV3/500 USDC>ARB@PancakeV3/100 in=16.28 ARB gap=64.8bps profit=$0.010 net=$-0.001"}
{"level":30,"time":1790817536879,"pid":1079,"hostname":"vm","msg":"  ARB>USDC.e@UniswapV3/500 USDC.e>ARB@PancakeV3/100 in=29.03 ARB gap=35.6bps profit=$0.009 net=$-0.002"}
{"level":30,"time":1790817536879,"pid":1079,"hostname":"vm","msg":"  ARB>USDC@PancakeV3/500 USDC>ARB@PancakeV3/100 in=14.81 ARB gap=58.3bps profit=$0.008 net=$-0.003"}
{"level":30,"time":1790817536879,"pid":1079,"hostname":"vm","msg":"  ARB>WETH@PancakeV3/500 WETH>ARB@PancakeV3/100 in=9.607 ARB gap=49bps profit=$0.004 net=$-0.007"}
{"level":30,"time":1790817536879,"pid":1079,"hostname":"vm","msg":"  ARB>USDC@UniswapV3/100 USDC>ARB@PancakeV3/100 in=8.581 ARB gap=49.5bps profit=$0.004 net=$-0.007"}
{"level":30,"time":1790817537276,"pid":1079,"hostname":"vm","block":510513336,"gross":241,"net":0,"sumNetUsd":0,"gasPriceGwei":0.02,"txCostUsd":0.0134,"syncMs":131,"searchMs":165,"msg":"block scanned"}
{"level":30,"time":1790817537276,"pid":1079,"hostname":"vm","msg":"  ARB>USDC@UniswapV3/500 USDC>ARB@PancakeV3/100 in=16.28 ARB gap=64.8bps profit=$0.010 net=$-0.001"}
{"level":30,"time":1790817537276,"pid":1079,"hostname":"vm","msg":"  ARB>USDC.e@UniswapV3/500 USDC.e>ARB@PancakeV3/100 in=29.03 ARB gap=35.6bps profit=$0.009 net=$-0.002"}
{"level":30,"time":1790817537276,"pid":1079,"hostname":"vm","msg":"  ARB>USDC@PancakeV3/500 USDC>ARB@PancakeV3/100 in=14.81 ARB gap=58.3bps profit=$0.008 net=$-0.003"}
{"level":30,"time":1790817537276,"pid":1079,"hostname":"vm","msg":"  ARB>WETH@PancakeV3/500 WETH>ARB@PancakeV3/100 in=9.607 ARB gap=49bps profit=$0.004 net=$-0.007"}
{"level":30,"time":1790817537276,"pid":1079,"hostname":"vm","msg":"  ARB>USDC@UniswapV3/100 USDC>ARB@PancakeV3/100 in=8.581 ARB gap=49.5bps profit=$0.004 net=$-0.007"}
{"level":30,"time":1790817537859,"pid":1079,"hostname":"vm","block":510513338,"gross":241,"net":0,"sumNetUsd":0,"gasPriceGwei":0.02,"txCostUsd":0.0134,"syncMs":121,"searchMs":158,"msg":"block scanned"}
{"level":30,"time":1790817537859,"pid":1079,"hostname":"vm","msg":"  ARB>USDC@UniswapV3/500 USDC>ARB@PancakeV3/100 in=16.28 ARB gap=64.8bps profit=$0.010 net=$-0.001"}
{"level":30,"time":1790817537859,"pid":1079,"hostname":"vm","msg":"  ARB>USDC.e@UniswapV3/500 USDC.e>ARB@PancakeV3/100 in=29.03 ARB gap=35.6bps profit=$0.009 net=$-0.002"}
{"level":30,"time":1790817537859,"pid":1079,"hostname":"vm","msg":"  ARB>USDC@PancakeV3/500 USDC>ARB@PancakeV3/100 in=14.81 ARB gap=58.3bps profit=$0.008 net=$-0.003"}
{"level":30,"time":1790817537859,"pid":1079,"hostname":"vm","msg":"  ARB>WETH@PancakeV3/500 WETH>ARB@PancakeV3/100 in=9.607 ARB gap=49bps profit=$0.004 net=$-0.007"}
{"level":30,"time":1790817537859,"pid":1079,"hostname":"vm","msg":"  ARB>USDC@UniswapV3/100 USDC>ARB@PancakeV3/100 in=8.581 ARB gap=49.5bps profit=$0.004 net=$-0.007"}
{"level":30,"time":1790817538421,"pid":1079,"hostname":"vm","block":510513340,"gross":241,"net":0,"sumNetUsd":0,"gasPriceGwei":0.02002,"txCostUsd":0.0135,"syncMs":115,"searchMs":147,"msg":"block scanned"}
{"level":30,"time":1790817538421,"pid":1079,"hostname":"vm","msg":"  ARB>USDC@UniswapV3/500 USDC>ARB@PancakeV3/100 in=16.28 ARB gap=64.8bps profit=$0.010 net=$-0.001"}
{"level":30,"time":1790817538421,"pid":1079,"hostname":"vm","msg":"  ARB>USDC.e@UniswapV3/500 USDC.e>ARB@PancakeV3/100 in=29.03 ARB gap=35.6bps profit=$0.009 net=$-0.002"}
{"level":30,"time":1790817538421,"pid":1079,"hostname":"vm","msg":"  ARB>USDC@PancakeV3/500 USDC>ARB@PancakeV3/100 in=14.81 ARB gap=58.3bps profit=$0.008 net=$-0.003"}
{"level":30,"time":1790817538421,"pid":1079,"hostname":"vm","msg":"  ARB>WETH@PancakeV3/500 WETH>ARB@PancakeV3/100 in=9.607 ARB gap=49bps profit=$0.004 net=$-0.007"}
{"level":30,"time":1790817538421,"pid":1079,"hostname":"vm","msg":"  ARB>USDC@UniswapV3/100 USDC>ARB@PancakeV3/100 in=8.581 ARB gap=49.5bps profit=$0.004 net=$-0.007"}
{"level":30,"time":1790817539017,"pid":1079,"hostname":"vm","block":510513341,"gross":241,"net":0,"sumNetUsd":0,"gasPriceGwei":0.020026,"txCostUsd":0.0135,"syncMs":123,"searchMs":170,"msg":"block scanned"}
{"level":30,"time":1790817539017,"pid":1079,"hostname":"vm","msg":"  ARB>USDC@UniswapV3/500 USDC>ARB@PancakeV3/100 in=16.28 ARB gap=64.8bps profit=$0.010 net=$-0.001"}
{"level":30,"time":1790817539017,"pid":1079,"hostname":"vm","msg":"  ARB>USDC.e@UniswapV3/500 USDC.e>ARB@PancakeV3/100 in=29.03 ARB gap=35.6bps profit=$0.009 net=$-0.002"}
{"level":30,"time":1790817539017,"pid":1079,"hostname":"vm","msg":"  ARB>USDC@PancakeV3/500 USDC>ARB@PancakeV3/100 in=14.81 ARB gap=58.3bps profit=$0.008 net=$-0.003"}
{"level":30,"time":1790817539017,"pid":1079,"hostname":"vm","msg":"  ARB>WETH@PancakeV3/500 WETH>ARB@PancakeV3/100 in=9.607 ARB gap=49bps profit=$0.004 net=$-0.007"}
{"level":30,"time":1790817539017,"pid":1079,"hostname":"vm","msg":"  ARB>USDC@UniswapV3/100 USDC>ARB@PancakeV3/100 in=8.581 ARB gap=49.5bps profit=$0.004 net=$-0.007"}
{"level":30,"time":1790817539657,"pid":1079,"hostname":"vm","block":510513343,"gross":241,"net":0,"sumNetUsd":0,"gasPriceGwei":0.02,"txCostUsd":0.0134,"syncMs":182,"searchMs":153,"msg":"block scanned"}
{"level":30,"time":1790817539657,"pid":1079,"hostname":"vm","msg":"  ARB>USDC@UniswapV3/500 USDC>ARB@PancakeV3/100 in=16.28 ARB gap=64.8bps profit=$0.010 net=$-0.001"}
{"level":30,"time":1790817539657,"pid":1079,"hostname":"vm","msg":"  ARB>USDC.e@UniswapV3/500 USDC.e>ARB@PancakeV3/100 in=29.03 ARB gap=35.6bps profit=$0.009 net=$-0.002"}
{"level":30,"time":1790817539657,"pid":1079,"hostname":"vm","msg":"  ARB>USDC@PancakeV3/500 USDC>ARB@PancakeV3/100 in=14.81 ARB gap=58.3bps profit=$0.008 net=$-0.003"}
{"level":30,"time":1790817539657,"pid":1079,"hostname":"vm","msg":"  ARB>WETH@PancakeV3/500 WETH>ARB@PancakeV3/100 in=9.607 ARB gap=49bps profit=$0.004 net=$-0.007"}
{"level":30,"time":1790817539657,"pid":1079,"hostname":"vm","msg":"  ARB>USDC@UniswapV3/100 USDC>ARB@PancakeV3/100 in=8.581 ARB gap=49.5bps profit=$0.004 net=$-0.007"}
{"level":30,"time":1790817540273,"pid":1079,"hostname":"vm","block":510513345,"gross":241,"net":0,"sumNetUsd":0,"gasPriceGwei":0.020078,"txCostUsd":0.0135,"syncMs":153,"searchMs":157,"msg":"block scanned"}
{"level":30,"time":1790817540273,"pid":1079,"hostname":"vm","msg":"  ARB>USDC@UniswapV3/500 USDC>ARB@PancakeV3/100 in=16.28 ARB gap=64.8bps profit=$0.010 net=$-0.001"}
{"level":30,"time":1790817540273,"pid":1079,"hostname":"vm","msg":"  ARB>USDC.e@UniswapV3/500 USDC.e>ARB@PancakeV3/100 in=29.03 ARB gap=35.6bps profit=$0.009 net=$-0.002"}
{"level":30,"time":1790817540273,"pid":1079,"hostname":"vm","msg":"  ARB>USDC@PancakeV3/500 USDC>ARB@PancakeV3/100 in=14.81 ARB gap=58.3bps profit=$0.008 net=$-0.003"}
{"level":30,"time":1790817540273,"pid":1079,"hostname":"vm","msg":"  ARB>WETH@PancakeV3/500 WETH>ARB@PancakeV3/100 in=9.607 ARB gap=49bps profit=$0.004 net=$-0.007"}
{"level":30,"time":1790817540273,"pid":1079,"hostname":"vm","msg":"  ARB>USDC@UniswapV3/100 USDC>ARB@PancakeV3/100 in=8.581 ARB gap=49.5bps profit=$0.004 net=$-0.007"}
{"level":30,"time":1790817540913,"pid":1079,"hostname":"vm","block":510513346,"gross":241,"net":0,"sumNetUsd":0,"gasPriceGwei":0.020114,"txCostUsd":0.0135,"syncMs":180,"searchMs":158,"msg":"block scanned"}
{"level":30,"time":1790817540913,"pid":1079,"hostname":"vm","msg":"  ARB>USDC@UniswapV3/500 USDC>ARB@PancakeV3/100 in=16.28 ARB gap=64.8bps profit=$0.010 net=$-0.001"}
{"level":30,"time":1790817540913,"pid":1079,"hostname":"vm","msg":"  ARB>USDC.e@UniswapV3/500 USDC.e>ARB@PancakeV3/100 in=29.03 ARB gap=35.6bps profit=$0.009 net=$-0.002"}
{"level":30,"time":1790817540913,"pid":1079,"hostname":"vm","msg":"  ARB>USDC@PancakeV3/500 USDC>ARB@PancakeV3/100 in=14.81 ARB gap=58.3bps profit=$0.008 net=$-0.003"}
{"level":30,"time":1790817540913,"pid":1079,"hostname":"vm","msg":"  ARB>WETH@PancakeV3/500 WETH>ARB@PancakeV3/100 in=9.607 ARB gap=49bps profit=$0.004 net=$-0.007"}
{"level":30,"time":1790817540913,"pid":1079,"hostname":"vm","msg":"  ARB>USDC@UniswapV3/100 USDC>ARB@PancakeV3/100 in=8.581 ARB gap=49.5bps profit=$0.004 net=$-0.007"}
{"level":30,"time":1790817541544,"pid":1079,"hostname":"vm","block":510513348,"gross":241,"net":0,"sumNetUsd":0,"gasPriceGwei":0.02,"txCostUsd":0.0134,"syncMs":161,"searchMs":167,"msg":"block scanned"}
{"level":30,"time":1790817541544,"pid":1079,"hostname":"vm","msg":"  ARB>USDC@UniswapV3/500 USDC>ARB@PancakeV3/100 in=16.28 ARB gap=64.8bps profit=$0.010 net=$-0.001"}
{"level":30,"time":1790817541544,"pid":1079,"hostname":"vm","msg":"  ARB>USDC.e@UniswapV3/500 USDC.e>ARB@PancakeV3/100 in=29.03 ARB gap=35.6bps profit=$0.009 net=$-0.002"}
{"level":30,"time":1790817541544,"pid":1079,"hostname":"vm","msg":"  ARB>USDC@PancakeV3/500 USDC>ARB@PancakeV3/100 in=14.81 ARB gap=58.3bps profit=$0.008 net=$-0.003"}
{"level":30,"time":1790817541544,"pid":1079,"hostname":"vm","msg":"  ARB>WETH@PancakeV3/500 WETH>ARB@PancakeV3/100 in=9.607 ARB gap=49bps profit=$0.004 net=$-0.007"}
{"level":30,"time":1790817541544,"pid":1079,"hostname":"vm","msg":"  ARB>USDC@UniswapV3/100 USDC>ARB@PancakeV3/100 in=8.581 ARB gap=49.5bps profit=$0.004 net=$-0.007"}
{"level":30,"time":1790817542109,"pid":1079,"hostname":"vm","block":510513350,"gross":241,"net":0,"sumNetUsd":0,"gasPriceGwei":0.020016,"txCostUsd":0.0135,"syncMs":136,"searchMs":129,"msg":"block scanned"}
{"level":30,"time":1790817542109,"pid":1079,"hostname":"vm","msg":"  ARB>USDC@UniswapV3/500 USDC>ARB@PancakeV3/100 in=16.28 ARB gap=64.8bps profit=$0.010 net=$-0.001"}
{"level":30,"time":1790817542109,"pid":1079,"hostname":"vm","msg":"  ARB>USDC.e@UniswapV3/500 USDC.e>ARB@PancakeV3/100 in=29.03 ARB gap=35.6bps profit=$0.009 net=$-0.002"}
{"level":30,"time":1790817542109,"pid":1079,"hostname":"vm","msg":"  ARB>USDC@PancakeV3/500 USDC>ARB@PancakeV3/100 in=14.81 ARB gap=58.3bps profit=$0.008 net=$-0.003"}
{"level":30,"time":1790817542109,"pid":1079,"hostname":"vm","msg":"  ARB>WETH@PancakeV3/500 WETH>ARB@PancakeV3/100 in=9.607 ARB gap=49bps profit=$0.004 net=$-0.007"}
{"level":30,"time":1790817542109,"pid":1079,"hostname":"vm","msg":"  ARB>USDC@UniswapV3/100 USDC>ARB@PancakeV3/100 in=8.581 ARB gap=49.5bps profit=$0.004 net=$-0.007"}
{"level":30,"time":1790817542727,"pid":1079,"hostname":"vm","block":510513353,"gross":241,"net":0,"sumNetUsd":0,"gasPriceGwei":0.02,"txCostUsd":0.0134,"syncMs":156,"searchMs":152,"msg":"block scanned"}
{"level":30,"time":1790817542727,"pid":1079,"hostname":"vm","msg":"  ARB>USDC@UniswapV3/500 USDC>ARB@PancakeV3/100 in=16.28 ARB gap=64.8bps profit=$0.010 net=$-0.001"}
{"level":30,"time":1790817542727,"pid":1079,"hostname":"vm","msg":"  ARB>USDC.e@UniswapV3/500 USDC.e>ARB@PancakeV3/100 in=29.03 ARB gap=35.6bps profit=$0.009 net=$-0.002"}
{"level":30,"time":1790817542727,"pid":1079,"hostname":"vm","msg":"  ARB>USDC@PancakeV3/500 USDC>ARB@PancakeV3/100 in=14.81 ARB gap=58.3bps profit=$0.008 net=$-0.003"}
{"level":30,"time":1790817542727,"pid":1079,"hostname":"vm","msg":"  ARB>WETH@PancakeV3/500 WETH>ARB@PancakeV3/100 in=9.607 ARB gap=49bps profit=$0.004 net=$-0.007"}
{"level":30,"time":1790817542727,"pid":1079,"hostname":"vm","msg":"  ARB>USDC@UniswapV3/100 USDC>ARB@PancakeV3/100 in=8.581 ARB gap=49.5bps profit=$0.004 net=$-0.007"}
{"level":30,"time":1790817543362,"pid":1079,"hostname":"vm","block":510513355,"gross":241,"net":0,"sumNetUsd":0,"gasPriceGwei":0.020586,"txCostUsd":0.0138,"syncMs":166,"searchMs":167,"msg":"block scanned"}
{"level":30,"time":1790817543362,"pid":1079,"hostname":"vm","msg":"  ARB>USDC@UniswapV3/500 USDC>ARB@PancakeV3/100 in=16.28 ARB gap=64.8bps profit=$0.010 net=$-0.002"}
{"level":30,"time":1790817543362,"pid":1079,"hostname":"vm","msg":"  ARB>USDC.e@UniswapV3/500 USDC.e>ARB@PancakeV3/100 in=29.03 ARB gap=35.6bps profit=$0.009 net=$-0.003"}
{"level":30,"time":1790817543362,"pid":1079,"hostname":"vm","msg":"  ARB>USDC@PancakeV3/500 USDC>ARB@PancakeV3/100 in=14.81 ARB gap=58.3bps profit=$0.008 net=$-0.004"}
{"level":30,"time":1790817543362,"pid":1079,"hostname":"vm","msg":"  ARB>WETH@PancakeV3/500 WETH>ARB@PancakeV3/100 in=9.607 ARB gap=49bps profit=$0.004 net=$-0.007"}
{"level":30,"time":1790817543362,"pid":1079,"hostname":"vm","msg":"  ARB>USDC@UniswapV3/100 USDC>ARB@PancakeV3/100 in=8.581 ARB gap=49.5bps profit=$0.004 net=$-0.007"}
{"level":30,"time":1790817543973,"pid":1079,"hostname":"vm","block":510513358,"gross":241,"net":0,"sumNetUsd":0,"gasPriceGwei":0.020002,"txCostUsd":0.0134,"syncMs":138,"searchMs":162,"msg":"block scanned"}
{"level":30,"time":1790817543973,"pid":1079,"hostname":"vm","msg":"  ARB>USDC@UniswapV3/500 USDC>ARB@PancakeV3/100 in=16.28 ARB gap=64.8bps profit=$0.010 net=$-0.001"}
{"level":30,"time":1790817543973,"pid":1079,"hostname":"vm","msg":"  ARB>USDC.e@UniswapV3/500 USDC.e>ARB@PancakeV3/100 in=29.03 ARB gap=35.6bps profit=$0.009 net=$-0.002"}
{"level":30,"time":1790817543973,"pid":1079,"hostname":"vm","msg":"  ARB>USDC@PancakeV3/500 USDC>ARB@PancakeV3/100 in=14.81 ARB gap=58.3bps profit=$0.008 net=$-0.003"}
{"level":30,"time":1790817543973,"pid":1079,"hostname":"vm","msg":"  ARB>WETH@PancakeV3/500 WETH>ARB@PancakeV3/100 in=9.607 ARB gap=49bps profit=$0.004 net=$-0.007"}
{"level":30,"time":1790817543973,"pid":1079,"hostname":"vm","msg":"  ARB>USDC@UniswapV3/100 USDC>ARB@PancakeV3/100 in=8.581 ARB gap=49.5bps profit=$0.004 net=$-0.007"}
{"level":30,"time":1790817544618,"pid":1079,"hostname":"vm","block":510513360,"gross":241,"net":0,"sumNetUsd":0,"gasPriceGwei":0.02005,"txCostUsd":0.0135,"syncMs":183,"searchMs":166,"msg":"block scanned"}
{"level":30,"time":1790817544618,"pid":1079,"hostname":"vm","msg":"  ARB>USDC@UniswapV3/500 USDC>ARB@PancakeV3/100 in=16.28 ARB gap=64.8bps profit=$0.010 net=$-0.001"}
{"level":30,"time":1790817544618,"pid":1079,"hostname":"vm","msg":"  ARB>USDC.e@UniswapV3/500 USDC.e>ARB@PancakeV3/100 in=29.03 ARB gap=35.6bps profit=$0.009 net=$-0.002"}
{"level":30,"time":1790817544618,"pid":1079,"hostname":"vm","msg":"  ARB>USDC@PancakeV3/500 USDC>ARB@PancakeV3/100 in=14.81 ARB gap=58.3bps profit=$0.008 net=$-0.003"}
{"level":30,"time":1790817544618,"pid":1079,"hostname":"vm","msg":"  ARB>WETH@PancakeV3/500 WETH>ARB@PancakeV3/100 in=9.607 ARB gap=49bps profit=$0.004 net=$-0.007"}
{"level":30,"time":1790817544618,"pid":1079,"hostname":"vm","msg":"  ARB>USDC@UniswapV3/100 USDC>ARB@PancakeV3/100 in=8.581 ARB gap=49.5bps profit=$0.004 net=$-0.007"}
{"level":30,"time":1790817545816,"pid":1079,"hostname":"vm","block":510513362,"gross":241,"net":0,"sumNetUsd":0,"gasPriceGwei":0.020052,"txCostUsd":0.0135,"syncMs":168,"searchMs":163,"msg":"block scanned"}
{"level":30,"time":1790817545816,"pid":1079,"hostname":"vm","msg":"  ARB>USDC@UniswapV3/500 USDC>ARB@PancakeV3/100 in=16.28 ARB gap=64.8bps profit=$0.010 net=$-0.001"}
{"level":30,"time":1790817545816,"pid":1079,"hostname":"vm","msg":"  ARB>USDC.e@UniswapV3/500 USDC.e>ARB@PancakeV3/100 in=29.03 ARB gap=35.6bps profit=$0.009 net=$-0.002"}
{"level":30,"time":1790817545816,"pid":1079,"hostname":"vm","msg":"  ARB>USDC@PancakeV3/500 USDC>ARB@PancakeV3/100 in=14.81 ARB gap=58.3bps profit=$0.008 net=$-0.003"}
{"level":30,"time":1790817545816,"pid":1079,"hostname":"vm","msg":"  ARB>WETH@PancakeV3/500 WETH>ARB@PancakeV3/100 in=9.607 ARB gap=49bps profit=$0.004 net=$-0.007"}
{"level":30,"time":1790817545816,"pid":1079,"hostname":"vm","msg":"  ARB>USDC@UniswapV3/100 USDC>ARB@PancakeV3/100 in=8.581 ARB gap=49.5bps profit=$0.004 net=$-0.007"}
{"level":30,"time":1790817636750,"pid":1079,"hostname":"vm","block":510513364,"gross":242,"net":0,"sumNetUsd":0,"gasPriceGwei":0.020006,"txCostUsd":0.0134,"syncMs":90466,"searchMs":157,"msg":"block scanned"}
{"level":30,"time":1790817636750,"pid":1079,"hostname":"vm","msg":"  ARB>USDC@UniswapV3/500 USDC>ARB@PancakeV3/100 in=16.28 ARB gap=64.8bps profit=$0.010 net=$-0.001"}
{"level":30,"time":1790817636750,"pid":1079,"hostname":"vm","msg":"  ARB>USDC.e@UniswapV3/500 USDC.e>ARB@PancakeV3/100 in=29.03 ARB gap=35.6bps profit=$0.009 net=$-0.002"}
{"level":30,"time":1790817636750,"pid":1079,"hostname":"vm","msg":"  ARB>USDC@PancakeV3/500 USDC>ARB@PancakeV3/100 in=14.81 ARB gap=58.3bps profit=$0.008 net=$-0.003"}
{"level":30,"time":1790817636750,"pid":1079,"hostname":"vm","msg":"  ARB>WETH@UniswapV3/500 WETH>ARB@PancakeV3/100 in=10.17 ARB gap=46.6bps profit=$0.004 net=$-0.007"}
{"level":30,"time":1790817636750,"pid":1079,"hostname":"vm","msg":"  ARB>WETH@PancakeV3/500 WETH>ARB@PancakeV3/100 in=9.607 ARB gap=49bps profit=$0.004 net=$-0.007"}
{"level":30,"time":1790817637153,"pid":1079,"hostname":"vm","block":510513674,"gross":229,"net":0,"sumNetUsd":0,"gasPriceGwei":0.02,"txCostUsd":0.0134,"syncMs":181,"searchMs":117,"msg":"block scanned"}
{"level":30,"time":1790817637153,"pid":1079,"hostname":"vm","msg":"  ARB>USDC@UniswapV3/500 USDC>ARB@PancakeV3/100 in=14.06 ARB gap=56.8bps profit=$0.007 net=$-0.004"}
{"level":30,"time":1790817637153,"pid":1079,"hostname":"vm","msg":"  ARB>USDC@PancakeV3/500 USDC>ARB@PancakeV3/100 in=13.85 ARB gap=54.9bps profit=$0.007 net=$-0.004"}
{"level":30,"time":1790817637153,"pid":1079,"hostname":"vm","msg":"  ARB>USDC.e@UniswapV3/500 USDC.e>ARB@PancakeV3/100 in=23.91 ARB gap=30.3bps profit=$0.006 net=$-0.005"}
{"level":30,"time":1790817637153,"pid":1079,"hostname":"vm","msg":"  ARB>WETH@PancakeV3/500 WETH>ARB@PancakeV3/100 in=9.607 ARB gap=49bps profit=$0.004 net=$-0.007"}
{"level":30,"time":1790817637153,"pid":1079,"hostname":"vm","msg":"  ARB>USDC@UniswapV3/100 USDC>ARB@PancakeV3/100 in=8.581 ARB gap=49.5bps profit=$0.004 net=$-0.007"}
{"level":30,"time":1790817637791,"pid":1079,"hostname":"vm","block":510513676,"gross":229,"net":0,"sumNetUsd":0,"gasPriceGwei":0.02,"txCostUsd":0.0134,"syncMs":177,"searchMs":155,"msg":"block scanned"}
{"level":30,"time":1790817637791,"pid":1079,"hostname":"vm","msg":"  ARB>USDC@UniswapV3/500 USDC>ARB@PancakeV3/100 in=14.06 ARB gap=56.8bps profit=$0.007 net=$-0.004"}
{"level":30,"time":1790817637791,"pid":1079,"hostname":"vm","msg":"  ARB>USDC@PancakeV3/500 USDC>ARB@PancakeV3/100 in=13.85 ARB gap=54.9bps profit=$0.007 net=$-0.004"}
{"level":30,"time":1790817637791,"pid":1079,"hostname":"vm","msg":"  ARB>USDC.e@UniswapV3/500 USDC.e>ARB@PancakeV3/100 in=23.91 ARB gap=30.3bps profit=$0.006 net=$-0.005"}
{"level":30,"time":1790817637791,"pid":1079,"hostname":"vm","msg":"  ARB>WETH@PancakeV3/500 WETH>ARB@PancakeV3/100 in=9.607 ARB gap=49bps profit=$0.004 net=$-0.007"}
{"level":30,"time":1790817637791,"pid":1079,"hostname":"vm","msg":"  ARB>USDC@UniswapV3/100 USDC>ARB@PancakeV3/100 in=8.581 ARB gap=49.5bps profit=$0.004 net=$-0.007"}
{"level":30,"time":1790817638438,"pid":1079,"hostname":"vm","block":510513678,"gross":229,"net":0,"sumNetUsd":0,"gasPriceGwei":0.020022,"txCostUsd":0.0135,"syncMs":143,"searchMs":179,"msg":"block scanned"}
{"level":30,"time":1790817638438,"pid":1079,"hostname":"vm","msg":"  ARB>USDC@UniswapV3/500 USDC>ARB@PancakeV3/100 in=14.06 ARB gap=56.8bps profit=$0.007 net=$-0.004"}
{"level":30,"time":1790817638438,"pid":1079,"hostname":"vm","msg":"  ARB>USDC@PancakeV3/500 USDC>ARB@PancakeV3/100 in=13.85 ARB gap=54.9bps profit=$0.007 net=$-0.004"}
{"level":30,"time":1790817638438,"pid":1079,"hostname":"vm","msg":"  ARB>USDC.e@UniswapV3/500 USDC.e>ARB@PancakeV3/100 in=23.91 ARB gap=30.3bps profit=$0.006 net=$-0.005"}
{"level":30,"time":1790817638438,"pid":1079,"hostname":"vm","msg":"  ARB>WETH@PancakeV3/500 WETH>ARB@PancakeV3/100 in=9.607 ARB gap=49bps profit=$0.004 net=$-0.007"}
{"level":30,"time":1790817638438,"pid":1079,"hostname":"vm","msg":"  ARB>USDC@UniswapV3/100 USDC>ARB@PancakeV3/100 in=8.581 ARB gap=49.5bps profit=$0.004 net=$-0.007"}
{"level":30,"time":1790817639082,"pid":1079,"hostname":"vm","block":510513681,"gross":229,"net":0,"sumNetUsd":0,"gasPriceGwei":0.020002,"txCostUsd":0.0134,"syncMs":186,"searchMs":151,"msg":"block scanned"}
{"level":30,"time":1790817639082,"pid":1079,"hostname":"vm","msg":"  ARB>USDC@UniswapV3/500 USDC>ARB@PancakeV3/100 in=14.06 ARB gap=56.8bps profit=$0.007 net=$-0.004"}
{"level":30,"time":1790817639082,"pid":1079,"hostname":"vm","msg":"  ARB>USDC@PancakeV3/500 USDC>ARB@PancakeV3/100 in=13.85 ARB gap=54.9bps profit=$0.007 net=$-0.004"}
{"level":30,"time":1790817639082,"pid":1079,"hostname":"vm","msg":"  ARB>USDC.e@UniswapV3/500 USDC.e>ARB@PancakeV3/100 in=23.91 ARB gap=30.3bps profit=$0.006 net=$-0.005"}
{"level":30,"time":1790817639082,"pid":1079,"hostname":"vm","msg":"  ARB>WETH@PancakeV3/500 WETH>ARB@PancakeV3/100 in=9.607 ARB gap=49bps profit=$0.004 net=$-0.007"}
{"level":30,"time":1790817639082,"pid":1079,"hostname":"vm","msg":"  ARB>USDC@UniswapV3/100 USDC>ARB@PancakeV3/100 in=8.581 ARB gap=49.5bps profit=$0.004 net=$-0.007"}
{"level":30,"time":1790817639726,"pid":1079,"hostname":"vm","block":510513683,"gross":229,"net":0,"sumNetUsd":0,"gasPriceGwei":0.02,"txCostUsd":0.0134,"syncMs":165,"searchMs":166,"msg":"block scanned"}
{"level":30,"time":1790817639726,"pid":1079,"hostname":"vm","msg":"  ARB>USDC@UniswapV3/500 USDC>ARB@PancakeV3/100 in=14.06 ARB gap=56.8bps profit=$0.007 net=$-0.004"}
{"level":30,"time":1790817639726,"pid":1079,"hostname":"vm","msg":"  ARB>USDC@PancakeV3/500 USDC>ARB@PancakeV3/100 in=13.85 ARB gap=54.9bps profit=$0.007 net=$-0.004"}
{"level":30,"time":1790817639726,"pid":1079,"hostname":"vm","msg":"  ARB>USDC.e@UniswapV3/500 USDC.e>ARB@PancakeV3/100 in=23.91 ARB gap=30.3bps profit=$0.006 net=$-0.005"}
{"level":30,"time":1790817639726,"pid":1079,"hostname":"vm","msg":"  ARB>WETH@PancakeV3/500 WETH>ARB@PancakeV3/100 in=9.607 ARB gap=49bps profit=$0.004 net=$-0.007"}
{"level":30,"time":1790817639726,"pid":1079,"hostname":"vm","msg":"  ARB>USDC@UniswapV3/100 USDC>ARB@PancakeV3/100 in=8.581 ARB gap=49.5bps profit=$0.004 net=$-0.007"}
{"level":30,"time":1790817640292,"pid":1079,"hostname":"vm","block":510513686,"gross":229,"net":0,"sumNetUsd":0,"gasPriceGwei":0.020004,"txCostUsd":0.0134,"syncMs":140,"searchMs":119,"msg":"block scanned"}
{"level":30,"time":1790817640292,"pid":1079,"hostname":"vm","msg":"  ARB>USDC@UniswapV3/500 USDC>ARB@PancakeV3/100 in=14.06 ARB gap=56.8bps profit=$0.007 net=$-0.004"}
{"level":30,"time":1790817640292,"pid":1079,"hostname":"vm","msg":"  ARB>USDC@PancakeV3/500 USDC>ARB@PancakeV3/100 in=13.85 ARB gap=54.9bps profit=$0.007 net=$-0.004"}
{"level":30,"time":1790817640292,"pid":1079,"hostname":"vm","msg":"  ARB>USDC.e@UniswapV3/500 USDC.e>ARB@PancakeV3/100 in=23.91 ARB gap=30.3bps profit=$0.006 net=$-0.005"}
{"level":30,"time":1790817640292,"pid":1079,"hostname":"vm","msg":"  ARB>WETH@PancakeV3/500 WETH>ARB@PancakeV3/100 in=9.607 ARB gap=49bps profit=$0.004 net=$-0.007"}
{"level":30,"time":1790817640292,"pid":1079,"hostname":"vm","msg":"  ARB>USDC@UniswapV3/100 USDC>ARB@PancakeV3/100 in=8.581 ARB gap=49.5bps profit=$0.004 net=$-0.007"}
{"level":30,"time":1790817640943,"pid":1079,"hostname":"vm","block":510513693,"gross":229,"net":0,"sumNetUsd":0,"gasPriceGwei":0.02001,"txCostUsd":0.0134,"syncMs":187,"searchMs":145,"msg":"block scanned"}
{"level":30,"time":1790817640943,"pid":1079,"hostname":"vm","msg":"  ARB>USDC@UniswapV3/500 USDC>ARB@PancakeV3/100 in=14.06 ARB gap=56.8bps profit=$0.007 net=$-0.004"}
{"level":30,"time":1790817640943,"pid":1079,"hostname":"vm","msg":"  ARB>USDC@PancakeV3/500 USDC>ARB@PancakeV3/100 in=13.85 ARB gap=54.9bps profit=$0.007 net=$-0.004"}
{"level":30,"time":1790817640943,"pid":1079,"hostname":"vm","msg":"  ARB>USDC.e@UniswapV3/500 USDC.e>ARB@PancakeV3/100 in=23.91 ARB gap=30.3bps profit=$0.006 net=$-0.005"}
{"level":30,"time":1790817640943,"pid":1079,"hostname":"vm","msg":"  ARB>WETH@PancakeV3/500 WETH>ARB@PancakeV3/100 in=9.607 ARB gap=49bps profit=$0.004 net=$-0.007"}
{"level":30,"time":1790817640943,"pid":1079,"hostname":"vm","msg":"  ARB>USDC@UniswapV3/100 USDC>ARB@PancakeV3/100 in=8.581 ARB gap=49.5bps profit=$0.004 net=$-0.007"}
{"level":30,"time":1790817641572,"pid":1079,"hostname":"vm","block":510513695,"gross":229,"net":0,"sumNetUsd":0,"gasPriceGwei":0.02,"txCostUsd":0.0134,"syncMs":178,"searchMs":140,"msg":"block scanned"}
{"level":30,"time":1790817641573,"pid":1079,"hostname":"vm","msg":"  ARB>USDC@UniswapV3/500 USDC>ARB@PancakeV3/100 in=14.06 ARB gap=56.8bps profit=$0.007 net=$-0.004"}
{"level":30,"time":1790817641573,"pid":1079,"hostname":"vm","msg":"  ARB>USDC@PancakeV3/500 USDC>ARB@PancakeV3/100 in=13.85 ARB gap=54.9bps profit=$0.007 net=$-0.004"}
{"level":30,"time":1790817641573,"pid":1079,"hostname":"vm","msg":"  ARB>USDC.e@UniswapV3/500 USDC.e>ARB@PancakeV3/100 in=23.91 ARB gap=30.3bps profit=$0.006 net=$-0.005"}
{"level":30,"time":1790817641573,"pid":1079,"hostname":"vm","msg":"  ARB>WETH@PancakeV3/500 WETH>ARB@PancakeV3/100 in=9.607 ARB gap=49bps profit=$0.004 net=$-0.007"}
{"level":30,"time":1790817641573,"pid":1079,"hostname":"vm","msg":"  ARB>USDC@UniswapV3/100 USDC>ARB@PancakeV3/100 in=8.581 ARB gap=49.5bps profit=$0.004 net=$-0.007"}
{"level":30,"time":1790817642192,"pid":1079,"hostname":"vm","block":510513698,"gross":229,"net":0,"sumNetUsd":0,"gasPriceGwei":0.020006,"txCostUsd":0.0134,"syncMs":163,"searchMs":149,"msg":"block scanned"}
{"level":30,"time":1790817642192,"pid":1079,"hostname":"vm","msg":"  ARB>USDC@UniswapV3/500 USDC>ARB@PancakeV3/100 in=14.06 ARB gap=56.8bps profit=$0.007 net=$-0.004"}
{"level":30,"time":1790817642192,"pid":1079,"hostname":"vm","msg":"  ARB>USDC@PancakeV3/500 USDC>ARB@PancakeV3/100 in=13.85 ARB gap=54.9bps profit=$0.007 net=$-0.004"}
{"level":30,"time":1790817642192,"pid":1079,"hostname":"vm","msg":"  ARB>USDC.e@UniswapV3/500 USDC.e>ARB@PancakeV3/100 in=23.91 ARB gap=30.3bps profit=$0.006 net=$-0.005"}
{"level":30,"time":1790817642192,"pid":1079,"hostname":"vm","msg":"  ARB>WETH@PancakeV3/500 WETH>ARB@PancakeV3/100 in=9.607 ARB gap=49bps profit=$0.004 net=$-0.007"}
{"level":30,"time":1790817642192,"pid":1079,"hostname":"vm","msg":"  ARB>USDC@UniswapV3/100 USDC>ARB@PancakeV3/100 in=8.581 ARB gap=49.5bps profit=$0.004 net=$-0.007"}
{"level":30,"time":1790817642768,"pid":1079,"hostname":"vm","block":510513700,"gross":231,"net":0,"sumNetUsd":0,"gasPriceGwei":0.02,"txCostUsd":0.0134,"syncMs":145,"searchMs":121,"msg":"block scanned"}
{"level":30,"time":1790817642768,"pid":1079,"hostname":"vm","msg":"  ARB>USDC@UniswapV3/500 USDC>ARB@PancakeV3/100 in=16.47 ARB gap=65.5bps profit=$0.010 net=$-0.001"}
{"level":30,"time":1790817642768,"pid":1079,"hostname":"vm","msg":"  ARB>USDC@PancakeV3/500 USDC>ARB@PancakeV3/100 in=14.73 ARB gap=58bps profit=$0.008 net=$-0.003"}
{"level":30,"time":1790817642768,"pid":1079,"hostname":"vm","msg":"  ARB>USDC.e@UniswapV3/500 USDC.e>ARB@PancakeV3/100 in=23.91 ARB gap=30.3bps profit=$0.006 net=$-0.005"}
{"level":30,"time":1790817642768,"pid":1079,"hostname":"vm","msg":"  ARB>WETH@PancakeV3/500 WETH>ARB@PancakeV3/100 in=9.607 ARB gap=49bps profit=$0.004 net=$-0.007"}
{"level":30,"time":1790817642768,"pid":1079,"hostname":"vm","msg":"  ARB>USDC@UniswapV3/100 USDC>ARB@PancakeV3/100 in=8.581 ARB gap=49.5bps profit=$0.004 net=$-0.007"}
{"level":30,"time":1790817643433,"pid":1079,"hostname":"vm","block":510513702,"gross":231,"net":0,"sumNetUsd":0,"gasPriceGwei":0.020048,"txCostUsd":0.0135,"syncMs":186,"searchMs":161,"msg":"block scanned"}
{"level":30,"time":1790817643433,"pid":1079,"hostname":"vm","msg":"  ARB>USDC@UniswapV3/500 USDC>ARB@PancakeV3/100 in=16.47 ARB gap=65.5bps profit=$0.010 net=$-0.001"}
{"level":30,"time":1790817643433,"pid":1079,"hostname":"vm","msg":"  ARB>USDC@PancakeV3/500 USDC>ARB@PancakeV3/100 in=14.73 ARB gap=58bps profit=$0.008 net=$-0.003"}
{"level":30,"time":1790817643433,"pid":1079,"hostname":"vm","msg":"  ARB>USDC.e@UniswapV3/500 USDC.e>ARB@PancakeV3/100 in=23.91 ARB gap=30.3bps profit=$0.006 net=$-0.005"}
{"level":30,"time":1790817643433,"pid":1079,"hostname":"vm","msg":"  ARB>WETH@PancakeV3/500 WETH>ARB@PancakeV3/100 in=9.607 ARB gap=49bps profit=$0.004 net=$-0.007"}
{"level":30,"time":1790817643433,"pid":1079,"hostname":"vm","msg":"  ARB>USDC@UniswapV3/100 USDC>ARB@PancakeV3/100 in=8.581 ARB gap=49.5bps profit=$0.004 net=$-0.007"}
{"level":30,"time":1790817643950,"pid":1079,"hostname":"vm","block":510513704,"gross":231,"net":0,"sumNetUsd":0,"gasPriceGwei":0.020002,"txCostUsd":0.0134,"syncMs":145,"searchMs":165,"msg":"block scanned"}
{"level":30,"time":1790817643950,"pid":1079,"hostname":"vm","msg":"  ARB>USDC@UniswapV3/500 USDC>ARB@PancakeV3/100 in=16.47 ARB gap=65.5bps profit=$0.010 net=$-0.001"}
{"level":30,"time":1790817643950,"pid":1079,"hostname":"vm","msg":"  ARB>USDC@PancakeV3/500 USDC>ARB@PancakeV3/100 in=14.73 ARB gap=58bps profit=$0.008 net=$-0.003"}
{"level":30,"time":1790817643950,"pid":1079,"hostname":"vm","msg":"  ARB>USDC.e@UniswapV3/500 USDC.e>ARB@PancakeV3/100 in=23.91 ARB gap=30.3bps profit=$0.006 net=$-0.005"}
{"level":30,"time":1790817643950,"pid":1079,"hostname":"vm","msg":"  ARB>WETH@PancakeV3/500 WETH>ARB@PancakeV3/100 in=9.607 ARB gap=49bps profit=$0.004 net=$-0.007"}
{"level":30,"time":1790817643950,"pid":1079,"hostname":"vm","msg":"  ARB>USDC@UniswapV3/100 USDC>ARB@PancakeV3/100 in=8.581 ARB gap=49.5bps profit=$0.004 net=$-0.007"}
{"level":30,"time":1790817644557,"pid":1079,"hostname":"vm","block":510513707,"gross":243,"net":0,"sumNetUsd":0,"gasPriceGwei":0.020014,"txCostUsd":0.0134,"syncMs":132,"searchMs":164,"msg":"block scanned"}
{"level":30,"time":1790817644557,"pid":1079,"hostname":"vm","msg":"  ARB>USDC@UniswapV3/500 USDC>ARB@PancakeV3/100 in=16.47 ARB gap=65.5bps profit=$0.010 net=$-0.001"}
{"level":30,"time":1790817644557,"pid":1079,"hostname":"vm","msg":"  ARB>USDC@PancakeV3/500 USDC>ARB@PancakeV3/100 in=14.73 ARB gap=58bps profit=$0.008 net=$-0.003"}
{"level":30,"time":1790817644557,"pid":1079,"hostname":"vm","msg":"  ARB>USDC.e@UniswapV3/500 USDC.e>ARB@PancakeV3/100 in=23.91 ARB gap=30.3bps profit=$0.006 net=$-0.005"}
{"level":30,"time":1790817644557,"pid":1079,"hostname":"vm","msg":"  ARB>WETH@PancakeV3/500 WETH>ARB@PancakeV3/100 in=9.607 ARB gap=49bps profit=$0.004 net=$-0.007"}
{"level":30,"time":1790817644557,"pid":1079,"hostname":"vm","msg":"  ARB>USDC@UniswapV3/100 USDC>ARB@PancakeV3/100 in=8.581 ARB gap=49.5bps profit=$0.004 net=$-0.007"}
{"level":30,"time":1790817645206,"pid":1079,"hostname":"vm","block":510513708,"gross":243,"net":0,"sumNetUsd":0,"gasPriceGwei":0.020004,"txCostUsd":0.0134,"syncMs":182,"searchMs":151,"msg":"block scanned"}
{"level":30,"time":1790817645206,"pid":1079,"hostname":"vm","msg":"  ARB>USDC@UniswapV3/500 USDC>ARB@PancakeV3/100 in=16.47 ARB gap=65.5bps profit=$0.010 net=$-0.001"}
{"level":30,"time":1790817645206,"pid":1079,"hostname":"vm","msg":"  ARB>USDC@PancakeV3/500 USDC>ARB@PancakeV3/100 in=14.73 ARB gap=58bps profit=$0.008 net=$-0.003"}
{"level":30,"time":1790817645206,"pid":1079,"hostname":"vm","msg":"  ARB>USDC.e@UniswapV3/500 USDC.e>ARB@PancakeV3/100 in=23.91 ARB gap=30.3bps profit=$0.006 net=$-0.005"}
{"level":30,"time":1790817645206,"pid":1079,"hostname":"vm","msg":"  ARB>WETH@PancakeV3/500 WETH>ARB@PancakeV3/100 in=9.607 ARB gap=49bps profit=$0.004 net=$-0.007"}
{"level":30,"time":1790817645206,"pid":1079,"hostname":"vm","msg":"  ARB>USDC@UniswapV3/100 USDC>ARB@PancakeV3/100 in=8.581 ARB gap=49.5bps profit=$0.004 net=$-0.007"}
{"level":30,"time":1790817659800,"pid":1079,"hostname":"vm","block":510513711,"gross":245,"net":0,"sumNetUsd":0,"gasPriceGwei":0.020014,"txCostUsd":0.0134,"syncMs":14135,"searchMs":152,"msg":"block scanned"}
{"level":30,"time":1790817659800,"pid":1079,"hostname":"vm","msg":"  ARB>USDC@UniswapV3/500 USDC>ARB@PancakeV3/100 in=16.47 ARB gap=65.5bps profit=$0.010 net=$-0.001"}
{"level":30,"time":1790817659800,"pid":1079,"hostname":"vm","msg":"  ARB>USDC@PancakeV3/500 USDC>ARB@PancakeV3/100 in=14.73 ARB gap=58bps profit=$0.008 net=$-0.003"}
{"level":30,"time":1790817659800,"pid":1079,"hostname":"vm","msg":"  ARB>USDC.e@UniswapV3/500 USDC.e>ARB@PancakeV3/100 in=23.91 ARB gap=30.3bps profit=$0.006 net=$-0.005"}
{"level":30,"time":1790817659800,"pid":1079,"hostname":"vm","msg":"  ARB>WETH@PancakeV3/500 WETH>ARB@PancakeV3/100 in=9.607 ARB gap=49bps profit=$0.004 net=$-0.007"}
{"level":30,"time":1790817659800,"pid":1079,"hostname":"vm","msg":"  ARB>USDC@UniswapV3/100 USDC>ARB@PancakeV3/100 in=8.581 ARB gap=49.5bps profit=$0.004 net=$-0.007"}
{"level":30,"time":1790817660222,"pid":1079,"hostname":"vm","block":510513756,"gross":269,"net":0,"sumNetUsd":0,"gasPriceGwei":0.020014,"txCostUsd":0.0135,"syncMs":141,"searchMs":168,"msg":"block scanned"}
{"level":30,"time":1790817660222,"pid":1079,"hostname":"vm","msg":"  ARB>USDC@UniswapV3/500 USDC>ARB@PancakeV3/100 in=16.47 ARB gap=65.5bps profit=$0.010 net=$-0.001"}
{"level":30,"time":1790817660222,"pid":1079,"hostname":"vm","msg":"  ARB>USDC.e@UniswapV3/500 USDC.e>ARB@PancakeV3/100 in=28.93 ARB gap=35.5bps profit=$0.009 net=$-0.002"}
{"level":30,"time":1790817660222,"pid":1079,"hostname":"vm","msg":"  ARB>USDC@PancakeV3/500 USDC>ARB@PancakeV3/100 in=14.73 ARB gap=58bps profit=$0.008 net=$-0.003"}
{"level":30,"time":1790817660222,"pid":1079,"hostname":"vm","msg":"  ARB>WETH@PancakeV3/500 WETH>ARB@PancakeV3/100 in=9.607 ARB gap=49bps profit=$0.004 net=$-0.007"}
{"level":30,"time":1790817660222,"pid":1079,"hostname":"vm","msg":"  ARB>USDC@UniswapV3/100 USDC>ARB@PancakeV3/100 in=8.581 ARB gap=49.5bps profit=$0.004 net=$-0.007"}
{"level":30,"time":1790817660842,"pid":1079,"hostname":"vm","block":510513757,"gross":269,"net":0,"sumNetUsd":0,"gasPriceGwei":0.02,"txCostUsd":0.0134,"syncMs":131,"searchMs":183,"msg":"block scanned"}
{"level":30,"time":1790817660842,"pid":1079,"hostname":"vm","msg":"  ARB>USDC@UniswapV3/500 USDC>ARB@PancakeV3/100 in=16.47 ARB gap=65.5bps profit=$0.010 net=$-0.001"}
{"level":30,"time":1790817660842,"pid":1079,"hostname":"vm","msg":"  ARB>USDC.e@UniswapV3/500 USDC.e>ARB@PancakeV3/100 in=28.93 ARB gap=35.5bps profit=$0.009 net=$-0.002"}
{"level":30,"time":1790817660842,"pid":1079,"hostname":"vm","msg":"  ARB>USDC@PancakeV3/500 USDC>ARB@PancakeV3/100 in=14.73 ARB gap=58bps profit=$0.008 net=$-0.003"}
{"level":30,"time":1790817660842,"pid":1079,"hostname":"vm","msg":"  ARB>WETH@PancakeV3/500 WETH>ARB@PancakeV3/100 in=9.607 ARB gap=49bps profit=$0.004 net=$-0.007"}
{"level":30,"time":1790817660842,"pid":1079,"hostname":"vm","msg":"  ARB>USDC@UniswapV3/100 USDC>ARB@PancakeV3/100 in=8.581 ARB gap=49.5bps profit=$0.004 net=$-0.007"}
{"level":30,"time":1790817661532,"pid":1079,"hostname":"vm","block":510513759,"gross":269,"net":0,"sumNetUsd":0,"gasPriceGwei":0.020002,"txCostUsd":0.0134,"syncMs":183,"searchMs":187,"msg":"block scanned"}
{"level":30,"time":1790817661532,"pid":1079,"hostname":"vm","msg":"  ARB>USDC@UniswapV3/500 USDC>ARB@PancakeV3/100 in=16.47 ARB gap=65.5bps profit=$0.010 net=$-0.001"}
{"level":30,"time":1790817661532,"pid":1079,"hostname":"vm","msg":"  ARB>USDC.e@UniswapV3/500 USDC.e>ARB@PancakeV3/100 in=28.93 ARB gap=35.5bps profit=$0.009 net=$-0.002"}
{"level":30,"time":1790817661532,"pid":1079,"hostname":"vm","msg":"  ARB>USDC@PancakeV3/500 USDC>ARB@PancakeV3/100 in=14.73 ARB gap=58bps profit=$0.008 net=$-0.003"}
{"level":30,"time":1790817661532,"pid":1079,"hostname":"vm","msg":"  ARB>WETH@PancakeV3/500 WETH>ARB@PancakeV3/100 in=9.607 ARB gap=49bps profit=$0.004 net=$-0.007"}
{"level":30,"time":1790817661532,"pid":1079,"hostname":"vm","msg":"  ARB>USDC@UniswapV3/100 USDC>ARB@PancakeV3/100 in=8.581 ARB gap=49.5bps profit=$0.004 net=$-0.007"}
{"level":30,"time":1790817662108,"pid":1079,"hostname":"vm","block":510513761,"gross":269,"net":0,"sumNetUsd":0,"gasPriceGwei":0.020022,"txCostUsd":0.0135,"syncMs":163,"searchMs":205,"msg":"block scanned"}
{"level":30,"time":1790817662108,"pid":1079,"hostname":"vm","msg":"  ARB>USDC@UniswapV3/500 USDC>ARB@PancakeV3/100 in=16.47 ARB gap=65.5bps profit=$0.010 net=$-0.001"}
{"level":30,"time":1790817662108,"pid":1079,"hostname":"vm","msg":"  ARB>USDC.e@UniswapV3/500 USDC.e>ARB@PancakeV3/100 in=28.93 ARB gap=35.5bps profit=$0.009 net=$-0.002"}
{"level":30,"time":1790817662108,"pid":1079,"hostname":"vm","msg":"  ARB>USDC@PancakeV3/500 USDC>ARB@PancakeV3/100 in=14.73 ARB gap=58bps profit=$0.008 net=$-0.003"}
{"level":30,"time":1790817662108,"pid":1079,"hostname":"vm","msg":"  ARB>WETH@PancakeV3/500 WETH>ARB@PancakeV3/100 in=9.607 ARB gap=49bps profit=$0.004 net=$-0.007"}
{"level":30,"time":1790817662108,"pid":1079,"hostname":"vm","msg":"  ARB>USDC@UniswapV3/100 USDC>ARB@PancakeV3/100 in=8.581 ARB gap=49.5bps profit=$0.004 net=$-0.007"}
{"level":30,"time":1790817662678,"pid":1079,"hostname":"vm","block":510513763,"gross":269,"net":0,"sumNetUsd":0,"gasPriceGwei":0.020032,"txCostUsd":0.0135,"syncMs":188,"searchMs":165,"msg":"block scanned"}
{"level":30,"time":1790817662678,"pid":1079,"hostname":"vm","msg":"  ARB>USDC@UniswapV3/500 USDC>ARB@PancakeV3/100 in=16.47 ARB gap=65.5bps profit=$0.010 net=$-0.001"}
{"level":30,"time":1790817662678,"pid":1079,"hostname":"vm","msg":"  ARB>USDC.e@UniswapV3/500 USDC.e>ARB@PancakeV3/100 in=28.93 ARB gap=35.5bps profit=$0.009 net=$-0.002"}
{"level":30,"time":1790817662678,"pid":1079,"hostname":"vm","msg":"  ARB>USDC@PancakeV3/500 USDC>ARB@PancakeV3/100 in=14.73 ARB gap=58bps profit=$0.008 net=$-0.003"}
{"level":30,"time":1790817662678,"pid":1079,"hostname":"vm","msg":"  ARB>WETH@PancakeV3/500 WETH>ARB@PancakeV3/100 in=9.607 ARB gap=49bps profit=$0.004 net=$-0.007"}
{"level":30,"time":1790817662678,"pid":1079,"hostname":"vm","msg":"  ARB>USDC@UniswapV3/100 USDC>ARB@PancakeV3/100 in=8.581 ARB gap=49.5bps profit=$0.004 net=$-0.007"}
{"level":30,"time":1790817663203,"pid":1079,"hostname":"vm","block":510513765,"gross":273,"net":0,"sumNetUsd":0,"gasPriceGwei":0.020036,"txCostUsd":0.0135,"syncMs":177,"searchMs":144,"msg":"block scanned"}
{"level":30,"time":1790817663203,"pid":1079,"hostname":"vm","msg":"  ARB>USDC@UniswapV3/500 USDC>ARB@PancakeV3/100 in=16.47 ARB gap=65.5bps profit=$0.010 net=$-0.001"}
{"level":30,"time":1790817663203,"pid":1079,"hostname":"vm","msg":"  ARB>USDC.e@UniswapV3/500 USDC.e>ARB@PancakeV3/100 in=28.93 ARB gap=35.5bps profit=$0.009 net=$-0.002"}
{"level":30,"time":1790817663203,"pid":1079,"hostname":"vm","msg":"  ARB>USDC@PancakeV3/500 USDC>ARB@PancakeV3/100 in=14.73 ARB gap=58bps profit=$0.008 net=$-0.003"}
{"level":30,"time":1790817663203,"pid":1079,"hostname":"vm","msg":"  ARB>WETH@PancakeV3/500 WETH>ARB@PancakeV3/100 in=9.607 ARB gap=49bps profit=$0.004 net=$-0.007"}
{"level":30,"time":1790817663203,"pid":1079,"hostname":"vm","msg":"  ARB>USDC@UniswapV3/100 USDC>ARB@PancakeV3/100 in=8.581 ARB gap=49.5bps profit=$0.004 net=$-0.007"}
{"level":30,"time":1790817663902,"pid":1079,"hostname":"vm","block":510513767,"gross":273,"net":0,"sumNetUsd":0,"gasPriceGwei":0.020004,"txCostUsd":0.0134,"syncMs":206,"searchMs":185,"msg":"block scanned"}
{"level":30,"time":1790817663902,"pid":1079,"hostname":"vm","msg":"  ARB>USDC@UniswapV3/500 USDC>ARB@PancakeV3/100 in=16.47 ARB gap=65.5bps profit=$0.010 net=$-0.001"}
{"level":30,"time":1790817663902,"pid":1079,"hostname":"vm","msg":"  ARB>USDC.e@UniswapV3/500 USDC.e>ARB@PancakeV3/100 in=28.93 ARB gap=35.5bps profit=$0.009 net=$-0.002"}
{"level":30,"time":1790817663902,"pid":1079,"hostname":"vm","msg":"  ARB>USDC@PancakeV3/500 USDC>ARB@PancakeV3/100 in=14.73 ARB gap=58bps profit=$0.008 net=$-0.003"}
{"level":30,"time":1790817663902,"pid":1079,"hostname":"vm","msg":"  ARB>WETH@PancakeV3/500 WETH>ARB@PancakeV3/100 in=9.607 ARB gap=49bps profit=$0.004 net=$-0.007"}
{"level":30,"time":1790817663902,"pid":1079,"hostname":"vm","msg":"  ARB>USDC@UniswapV3/100 USDC>ARB@PancakeV3/100 in=8.581 ARB gap=49.5bps profit=$0.004 net=$-0.007"}
{"level":30,"time":1790817664402,"pid":1079,"hostname":"vm","block":510513769,"gross":273,"net":0,"sumNetUsd":0,"gasPriceGwei":0.020056,"txCostUsd":0.0135,"syncMs":117,"searchMs":174,"msg":"block scanned"}
{"level":30,"time":1790817664403,"pid":1079,"hostname":"vm","msg":"  ARB>USDC@UniswapV3/500 USDC>ARB@PancakeV3/100 in=16.47 ARB gap=65.5bps profit=$0.010 net=$-0.001"}
{"level":30,"time":1790817664403,"pid":1079,"hostname":"vm","msg":"  ARB>USDC.e@UniswapV3/500 USDC.e>ARB@PancakeV3/100 in=28.93 ARB gap=35.5bps profit=$0.009 net=$-0.002"}
{"level":30,"time":1790817664403,"pid":1079,"hostname":"vm","msg":"  ARB>USDC@PancakeV3/500 USDC>ARB@PancakeV3/100 in=14.73 ARB gap=58bps profit=$0.008 net=$-0.003"}
{"level":30,"time":1790817664403,"pid":1079,"hostname":"vm","msg":"  ARB>WETH@PancakeV3/500 WETH>ARB@PancakeV3/100 in=9.607 ARB gap=49bps profit=$0.004 net=$-0.007"}
{"level":30,"time":1790817664403,"pid":1079,"hostname":"vm","msg":"  ARB>USDC@UniswapV3/100 USDC>ARB@PancakeV3/100 in=8.581 ARB gap=49.5bps profit=$0.004 net=$-0.007"}
{"level":30,"time":1790817665008,"pid":1079,"hostname":"vm","block":510513770,"gross":273,"net":0,"sumNetUsd":0,"gasPriceGwei":0.02,"txCostUsd":0.0134,"syncMs":115,"searchMs":174,"msg":"block scanned"}
{"level":30,"time":1790817665009,"pid":1079,"hostname":"vm","msg":"  ARB>USDC@UniswapV3/500 USDC>ARB@PancakeV3/100 in=16.47 ARB gap=65.5bps profit=$0.010 net=$-0.001"}
{"level":30,"time":1790817665009,"pid":1079,"hostname":"vm","msg":"  ARB>USDC.e@UniswapV3/500 USDC.e>ARB@PancakeV3/100 in=28.93 ARB gap=35.5bps profit=$0.009 net=$-0.002"}
{"level":30,"time":1790817665009,"pid":1079,"hostname":"vm","msg":"  ARB>USDC@PancakeV3/500 USDC>ARB@PancakeV3/100 in=14.73 ARB gap=58bps profit=$0.008 net=$-0.003"}
{"level":30,"time":1790817665009,"pid":1079,"hostname":"vm","msg":"  ARB>WETH@PancakeV3/500 WETH>ARB@PancakeV3/100 in=9.607 ARB gap=49bps profit=$0.004 net=$-0.007"}
{"level":30,"time":1790817665009,"pid":1079,"hostname":"vm","msg":"  ARB>USDC@UniswapV3/100 USDC>ARB@PancakeV3/100 in=8.581 ARB gap=49.5bps profit=$0.004 net=$-0.007"}
{"level":30,"time":1790817665653,"pid":1079,"hostname":"vm","block":510513773,"gross":271,"net":0,"sumNetUsd":0,"gasPriceGwei":0.02,"txCostUsd":0.0134,"syncMs":180,"searchMs":151,"msg":"block scanned"}
{"level":30,"time":1790817665653,"pid":1079,"hostname":"vm","msg":"  ARB>USDC@UniswapV3/500 USDC>ARB@PancakeV3/100 in=16.47 ARB gap=65.5bps profit=$0.010 net=$-0.001"}
{"level":30,"time":1790817665653,"pid":1079,"hostname":"vm","msg":"  ARB>USDC.e@UniswapV3/500 USDC.e>ARB@PancakeV3/100 in=28.93 ARB gap=35.5bps profit=$0.009 net=$-0.002"}
{"level":30,"time":1790817665653,"pid":1079,"hostname":"vm","msg":"  ARB>USDC@PancakeV3/500 USDC>ARB@PancakeV3/100 in=14.73 ARB gap=58bps profit=$0.008 net=$-0.003"}
{"level":30,"time":1790817665653,"pid":1079,"hostname":"vm","msg":"  ARB>WETH@PancakeV3/500 WETH>ARB@PancakeV3/100 in=9.607 ARB gap=49bps profit=$0.004 net=$-0.007"}
{"level":30,"time":1790817665653,"pid":1079,"hostname":"vm","msg":"  ARB>USDC@UniswapV3/100 USDC>ARB@PancakeV3/100 in=8.581 ARB gap=49.5bps profit=$0.004 net=$-0.007"}
{"level":30,"time":1790817666289,"pid":1079,"hostname":"vm","block":510513775,"gross":271,"net":0,"sumNetUsd":0,"gasPriceGwei":0.020096,"txCostUsd":0.0135,"syncMs":142,"searchMs":183,"msg":"block scanned"}
{"level":30,"time":1790817666289,"pid":1079,"hostname":"vm","msg":"  ARB>USDC@UniswapV3/500 USDC>ARB@PancakeV3/100 in=16.47 ARB gap=65.5bps profit=$0.010 net=$-0.001"}
{"level":30,"time":1790817666289,"pid":1079,"hostname":"vm","msg":"  ARB>USDC.e@UniswapV3/500 USDC.e>ARB@PancakeV3/100 in=28.93 ARB gap=35.5bps profit=$0.009 net=$-0.002"}
{"level":30,"time":1790817666289,"pid":1079,"hostname":"vm","msg":"  ARB>USDC@PancakeV3/500 USDC>ARB@PancakeV3/100 in=14.73 ARB gap=58bps profit=$0.008 net=$-0.003"}
{"level":30,"time":1790817666289,"pid":1079,"hostname":"vm","msg":"  ARB>WETH@PancakeV3/500 WETH>ARB@PancakeV3/100 in=9.607 ARB gap=49bps profit=$0.004 net=$-0.007"}
{"level":30,"time":1790817666289,"pid":1079,"hostname":"vm","msg":"  ARB>USDC@UniswapV3/100 USDC>ARB@PancakeV3/100 in=8.581 ARB gap=49.5bps profit=$0.004 net=$-0.007"}
{"level":30,"time":1790817666948,"pid":1079,"hostname":"vm","block":510513777,"gross":271,"net":0,"sumNetUsd":0,"gasPriceGwei":0.020004,"txCostUsd":0.0134,"syncMs":177,"searchMs":175,"msg":"block scanned"}
{"level":30,"time":1790817666948,"pid":1079,"hostname":"vm","msg":"  ARB>USDC@UniswapV3/500 USDC>ARB@PancakeV3/100 in=16.47 ARB gap=65.5bps profit=$0.010 net=$-0.001"}
{"level":30,"time":1790817666948,"pid":1079,"hostname":"vm","msg":"  ARB>USDC.e@UniswapV3/500 USDC.e>ARB@PancakeV3/100 in=28.93 ARB gap=35.5bps profit=$0.009 net=$-0.002"}
{"level":30,"time":1790817666948,"pid":1079,"hostname":"vm","msg":"  ARB>USDC@PancakeV3/500 USDC>ARB@PancakeV3/100 in=14.73 ARB gap=58bps profit=$0.008 net=$-0.003"}
{"level":30,"time":1790817666948,"pid":1079,"hostname":"vm","msg":"  ARB>WETH@PancakeV3/500 WETH>ARB@PancakeV3/100 in=9.607 ARB gap=49bps profit=$0.004 net=$-0.007"}
{"level":30,"time":1790817666948,"pid":1079,"hostname":"vm","msg":"  ARB>USDC@UniswapV3/100 USDC>ARB@PancakeV3/100 in=8.581 ARB gap=49.5bps profit=$0.004 net=$-0.007"}
{"level":30,"time":1790817667475,"pid":1079,"hostname":"vm","block":510513780,"gross":271,"net":0,"sumNetUsd":0,"gasPriceGwei":0.020034,"txCostUsd":0.0135,"syncMs":172,"searchMs":151,"msg":"block scanned"}
{"level":30,"time":1790817667475,"pid":1079,"hostname":"vm","msg":"  ARB>USDC@UniswapV3/500 USDC>ARB@PancakeV3/100 in=16.47 ARB gap=65.5bps profit=$0.010 net=$-0.001"}
{"level":30,"time":1790817667475,"pid":1079,"hostname":"vm","msg":"  ARB>USDC.e@UniswapV3/500 USDC.e>ARB@PancakeV3/100 in=28.93 ARB gap=35.5bps profit=$0.009 net=$-0.002"}
{"level":30,"time":1790817667475,"pid":1079,"hostname":"vm","msg":"  ARB>USDC@PancakeV3/500 USDC>ARB@PancakeV3/100 in=14.73 ARB gap=58bps profit=$0.008 net=$-0.003"}
{"level":30,"time":1790817667475,"pid":1079,"hostname":"vm","msg":"  ARB>WETH@PancakeV3/500 WETH>ARB@PancakeV3/100 in=9.607 ARB gap=49bps profit=$0.004 net=$-0.007"}
{"level":30,"time":1790817667475,"pid":1079,"hostname":"vm","msg":"  ARB>USDC@UniswapV3/100 USDC>ARB@PancakeV3/100 in=8.581 ARB gap=49.5bps profit=$0.004 net=$-0.007"}
{"level":30,"time":1790817668177,"pid":1079,"hostname":"vm","block":510513782,"gross":271,"net":0,"sumNetUsd":0,"gasPriceGwei":0.020032,"txCostUsd":0.0135,"syncMs":170,"searchMs":214,"msg":"block scanned"}
{"level":30,"time":1790817668177,"pid":1079,"hostname":"vm","msg":"  ARB>USDC@UniswapV3/500 USDC>ARB@PancakeV3/100 in=16.47 ARB gap=65.5bps profit=$0.010 net=$-0.001"}
{"level":30,"time":1790817668177,"pid":1079,"hostname":"vm","msg":"  ARB>USDC.e@UniswapV3/500 USDC.e>ARB@PancakeV3/100 in=28.93 ARB gap=35.5bps profit=$0.009 net=$-0.002"}
{"level":30,"time":1790817668177,"pid":1079,"hostname":"vm","msg":"  ARB>USDC@PancakeV3/500 USDC>ARB@PancakeV3/100 in=14.73 ARB gap=58bps profit=$0.008 net=$-0.003"}
{"level":30,"time":1790817668177,"pid":1079,"hostname":"vm","msg":"  ARB>WETH@PancakeV3/500 WETH>ARB@PancakeV3/100 in=9.607 ARB gap=49bps profit=$0.004 net=$-0.007"}
{"level":30,"time":1790817668177,"pid":1079,"hostname":"vm","msg":"  ARB>USDC@UniswapV3/100 USDC>ARB@PancakeV3/100 in=8.581 ARB gap=49.5bps profit=$0.004 net=$-0.007"}
{"level":30,"time":1790817687173,"pid":1079,"hostname":"vm","block":510513784,"gross":271,"net":0,"sumNetUsd":0,"gasPriceGwei":0.020024,"txCostUsd":0.0135,"syncMs":18624,"searchMs":168,"msg":"block scanned"}
{"level":30,"time":1790817687173,"pid":1079,"hostname":"vm","msg":"  ARB>USDC@UniswapV3/500 USDC>ARB@PancakeV3/100 in=16.47 ARB gap=65.5bps profit=$0.010 net=$-0.001"}
{"level":30,"time":1790817687173,"pid":1079,"hostname":"vm","msg":"  ARB>USDC.e@UniswapV3/500 USDC.e>ARB@PancakeV3/100 in=28.93 ARB gap=35.5bps profit=$0.009 net=$-0.002"}
{"level":30,"time":1790817687173,"pid":1079,"hostname":"vm","msg":"  ARB>USDC@PancakeV3/500 USDC>ARB@PancakeV3/100 in=14.73 ARB gap=58bps profit=$0.008 net=$-0.003"}
{"level":30,"time":1790817687173,"pid":1079,"hostname":"vm","msg":"  ARB>WETH@PancakeV3/500 WETH>ARB@PancakeV3/100 in=9.607 ARB gap=49bps profit=$0.004 net=$-0.007"}
{"level":30,"time":1790817687173,"pid":1079,"hostname":"vm","msg":"  ARB>USDC@UniswapV3/100 USDC>ARB@PancakeV3/100 in=8.581 ARB gap=49.5bps profit=$0.004 net=$-0.007"}
{"level":30,"time":1790817687635,"pid":1079,"hostname":"vm","block":510513852,"gross":285,"net":0,"sumNetUsd":0,"gasPriceGwei":0.020026,"txCostUsd":0.0135,"syncMs":172,"searchMs":180,"msg":"block scanned"}
{"level":30,"time":1790817687635,"pid":1079,"hostname":"vm","msg":"  ARB>USDC@UniswapV3/500 USDC>ARB@PancakeV3/100 in=16.47 ARB gap=65.5bps profit=$0.010 net=$-0.001"}
{"level":30,"time":1790817687635,"pid":1079,"hostname":"vm","msg":"  ARB>USDC.e@UniswapV3/500 USDC.e>ARB@PancakeV3/100 in=28.93 ARB gap=35.5bps profit=$0.009 net=$-0.002"}
{"level":30,"time":1790817687635,"pid":1079,"hostname":"vm","msg":"  ARB>USDC@PancakeV3/500 USDC>ARB@PancakeV3/100 in=14.73 ARB gap=58bps profit=$0.008 net=$-0.003"}
{"level":30,"time":1790817687635,"pid":1079,"hostname":"vm","msg":"  ARB>WETH@PancakeV3/500 WETH>ARB@PancakeV3/100 in=9.607 ARB gap=49bps profit=$0.004 net=$-0.007"}
{"level":30,"time":1790817687635,"pid":1079,"hostname":"vm","msg":"  ARB>USDC@UniswapV3/100 USDC>ARB@PancakeV3/100 in=8.581 ARB gap=49.5bps profit=$0.004 net=$-0.007"}
{"level":30,"time":1790817688140,"pid":1079,"hostname":"vm","block":510513854,"gross":285,"net":0,"sumNetUsd":0,"gasPriceGwei":0.02,"txCostUsd":0.0134,"syncMs":117,"searchMs":184,"msg":"block scanned"}
{"level":30,"time":1790817688140,"pid":1079,"hostname":"vm","msg":"  ARB>USDC@UniswapV3/500 USDC>ARB@PancakeV3/100 in=16.47 ARB gap=65.5bps profit=$0.010 net=$-0.001"}
{"level":30,"time":1790817688140,"pid":1079,"hostname":"vm","msg":"  ARB>USDC.e@UniswapV3/500 USDC.e>ARB@PancakeV3/100 in=28.93 ARB gap=35.5bps profit=$0.009 net=$-0.002"}
{"level":30,"time":1790817688140,"pid":1079,"hostname":"vm","msg":"  ARB>USDC@PancakeV3/500 USDC>ARB@PancakeV3/100 in=14.73 ARB gap=58bps profit=$0.008 net=$-0.003"}
{"level":30,"time":1790817688140,"pid":1079,"hostname":"vm","msg":"  ARB>WETH@PancakeV3/500 WETH>ARB@PancakeV3/100 in=9.607 ARB gap=49bps profit=$0.004 net=$-0.007"}
{"level":30,"time":1790817688140,"pid":1079,"hostname":"vm","msg":"  ARB>USDC@UniswapV3/100 USDC>ARB@PancakeV3/100 in=8.581 ARB gap=49.5bps profit=$0.004 net=$-0.007"}
{"level":30,"time":1790817688775,"pid":1079,"hostname":"vm","block":510513855,"gross":285,"net":0,"sumNetUsd":0,"gasPriceGwei":0.02,"txCostUsd":0.0134,"syncMs":135,"searchMs":178,"msg":"block scanned"}
{"level":30,"time":1790817688775,"pid":1079,"hostname":"vm","msg":"  ARB>USDC@UniswapV3/500 USDC>ARB@PancakeV3/100 in=16.47 ARB gap=65.5bps profit=$0.010 net=$-0.001"}
{"level":30,"time":1790817688775,"pid":1079,"hostname":"vm","msg":"  ARB>USDC.e@UniswapV3/500 USDC.e>ARB@PancakeV3/100 in=28.93 ARB gap=35.5bps profit=$0.009 net=$-0.002"}
{"level":30,"time":1790817688775,"pid":1079,"hostname":"vm","msg":"  ARB>USDC@PancakeV3/500 USDC>ARB@PancakeV3/100 in=14.73 ARB gap=58bps profit=$0.008 net=$-0.003"}
{"level":30,"time":1790817688775,"pid":1079,"hostname":"vm","msg":"  ARB>WETH@PancakeV3/500 WETH>ARB@PancakeV3/100 in=9.607 ARB gap=49bps profit=$0.004 net=$-0.007"}
{"level":30,"time":1790817688775,"pid":1079,"hostname":"vm","msg":"  ARB>USDC@UniswapV3/100 USDC>ARB@PancakeV3/100 in=8.581 ARB gap=49.5bps profit=$0.004 net=$-0.007"}
{"level":30,"time":1790817689425,"pid":1079,"hostname":"vm","block":510513858,"gross":285,"net":0,"sumNetUsd":0,"gasPriceGwei":0.020064,"txCostUsd":0.0135,"syncMs":184,"searchMs":163,"msg":"block scanned"}
{"level":30,"time":1790817689425,"pid":1079,"hostname":"vm","msg":"  ARB>USDC@UniswapV3/500 USDC>ARB@PancakeV3/100 in=16.47 ARB gap=65.5bps profit=$0.010 net=$-0.001"}
{"level":30,"time":1790817689425,"pid":1079,"hostname":"vm","msg":"  ARB>USDC.e@UniswapV3/500 USDC.e>ARB@PancakeV3/100 in=28.93 ARB gap=35.5bps profit=$0.009 net=$-0.002"}
{"level":30,"time":1790817689425,"pid":1079,"hostname":"vm","msg":"  ARB>USDC@PancakeV3/500 USDC>ARB@PancakeV3/100 in=14.73 ARB gap=58bps profit=$0.008 net=$-0.003"}
{"level":30,"time":1790817689425,"pid":1079,"hostname":"vm","msg":"  ARB>WETH@PancakeV3/500 WETH>ARB@PancakeV3/100 in=9.607 ARB gap=49bps profit=$0.004 net=$-0.007"}
{"level":30,"time":1790817689425,"pid":1079,"hostname":"vm","msg":"  ARB>USDC@UniswapV3/100 USDC>ARB@PancakeV3/100 in=8.581 ARB gap=49.5bps profit=$0.004 net=$-0.007"}
{"level":30,"time":1790817689963,"pid":1079,"hostname":"vm","block":510513860,"gross":285,"net":0,"sumNetUsd":0,"gasPriceGwei":0.02,"txCostUsd":0.0134,"syncMs":135,"searchMs":191,"msg":"block scanned"}
{"level":30,"time":1790817689963,"pid":1079,"hostname":"vm","msg":"  ARB>USDC@UniswapV3/500 USDC>ARB@PancakeV3/100 in=16.47 ARB gap=65.5bps profit=$0.010 net=$-0.001"}
{"level":30,"time":1790817689963,"pid":1079,"hostname":"vm","msg":"  ARB>USDC.e@UniswapV3/500 USDC.e>ARB@PancakeV3/100 in=28.93 ARB gap=35.5bps profit=$0.009 net=$-0.002"}
{"level":30,"time":1790817689963,"pid":1079,"hostname":"vm","msg":"  ARB>USDC@PancakeV3/500 USDC>ARB@PancakeV3/100 in=14.73 ARB gap=58bps profit=$0.008 net=$-0.003"}
{"level":30,"time":1790817689963,"pid":1079,"hostname":"vm","msg":"  ARB>WETH@PancakeV3/500 WETH>ARB@PancakeV3/100 in=9.607 ARB gap=49bps profit=$0.004 net=$-0.007"}
{"level":30,"time":1790817689963,"pid":1079,"hostname":"vm","msg":"  ARB>USDC@UniswapV3/100 USDC>ARB@PancakeV3/100 in=8.581 ARB gap=49.5bps profit=$0.004 net=$-0.007"}
{"level":30,"time":1790817690579,"pid":1079,"hostname":"vm","block":510513862,"gross":285,"net":0,"sumNetUsd":0,"gasPriceGwei":0.020024,"txCostUsd":0.0135,"syncMs":134,"searchMs":170,"msg":"block scanned"}
{"level":30,"time":1790817690579,"pid":1079,"hostname":"vm","msg":"  ARB>USDC@UniswapV3/500 USDC>ARB@PancakeV3/100 in=16.47 ARB gap=65.5bps profit=$0.010 net=$-0.001"}
{"level":30,"time":1790817690579,"pid":1079,"hostname":"vm","msg":"  ARB>USDC.e@UniswapV3/500 USDC.e>ARB@PancakeV3/100 in=28.93 ARB gap=35.5bps profit=$0.009 net=$-0.002"}
{"level":30,"time":1790817690579,"pid":1079,"hostname":"vm","msg":"  ARB>USDC@PancakeV3/500 USDC>ARB@PancakeV3/100 in=14.73 ARB gap=58bps profit=$0.008 net=$-0.003"}
{"level":30,"time":1790817690579,"pid":1079,"hostname":"vm","msg":"  ARB>WETH@PancakeV3/500 WETH>ARB@PancakeV3/100 in=9.607 ARB gap=49bps profit=$0.004 net=$-0.007"}
{"level":30,"time":1790817690579,"pid":1079,"hostname":"vm","msg":"  ARB>USDC@UniswapV3/100 USDC>ARB@PancakeV3/100 in=8.581 ARB gap=49.5bps profit=$0.004 net=$-0.007"}
{"level":30,"time":1790817691294,"pid":1079,"hostname":"vm","block":510513864,"gross":285,"net":0,"sumNetUsd":0,"gasPriceGwei":0.020056,"txCostUsd":0.0135,"syncMs":163,"searchMs":150,"msg":"block scanned"}
{"level":30,"time":1790817691295,"pid":1079,"hostname":"vm","msg":"  ARB>USDC@UniswapV3/500 USDC>ARB@PancakeV3/100 in=16.47 ARB gap=65.5bps profit=$0.010 net=$-0.001"}
{"level":30,"time":1790817691295,"pid":1079,"hostname":"vm","msg":"  ARB>USDC.e@UniswapV3/500 USDC.e>ARB@PancakeV3/100 in=28.93 ARB gap=35.5bps profit=$0.009 net=$-0.002"}
{"level":30,"time":1790817691295,"pid":1079,"hostname":"vm","msg":"  ARB>USDC@PancakeV3/500 USDC>ARB@PancakeV3/100 in=14.73 ARB gap=58bps profit=$0.008 net=$-0.003"}
{"level":30,"time":1790817691295,"pid":1079,"hostname":"vm","msg":"  ARB>WETH@PancakeV3/500 WETH>ARB@PancakeV3/100 in=9.607 ARB gap=49bps profit=$0.004 net=$-0.007"}
{"level":30,"time":1790817691295,"pid":1079,"hostname":"vm","msg":"  ARB>USDC@UniswapV3/100 USDC>ARB@PancakeV3/100 in=8.581 ARB gap=49.5bps profit=$0.004 net=$-0.007"}
{"level":30,"time":1790817691884,"pid":1079,"hostname":"vm","block":510513866,"gross":285,"net":0,"sumNetUsd":0,"gasPriceGwei":0.020022,"txCostUsd":0.0135,"syncMs":187,"searchMs":196,"msg":"block scanned"}
{"level":30,"time":1790817691884,"pid":1079,"hostname":"vm","msg":"  ARB>USDC@UniswapV3/500 USDC>ARB@PancakeV3/100 in=16.47 ARB gap=65.5bps profit=$0.010 net=$-0.001"}
{"level":30,"time":1790817691884,"pid":1079,"hostname":"vm","msg":"  ARB>USDC.e@UniswapV3/500 USDC.e>ARB@PancakeV3/100 in=28.93 ARB gap=35.5bps profit=$0.009 net=$-0.002"}
{"level":30,"time":1790817691884,"pid":1079,"hostname":"vm","msg":"  ARB>USDC@PancakeV3/500 USDC>ARB@PancakeV3/100 in=14.73 ARB gap=58bps profit=$0.008 net=$-0.003"}
{"level":30,"time":1790817691884,"pid":1079,"hostname":"vm","msg":"  ARB>WETH@PancakeV3/500 WETH>ARB@PancakeV3/100 in=9.607 ARB gap=49bps profit=$0.004 net=$-0.007"}
{"level":30,"time":1790817691884,"pid":1079,"hostname":"vm","msg":"  ARB>USDC@UniswapV3/100 USDC>ARB@PancakeV3/100 in=8.581 ARB gap=49.5bps profit=$0.004 net=$-0.007"}
{"level":30,"time":1790817692456,"pid":1079,"hostname":"vm","block":510513868,"gross":285,"net":0,"sumNetUsd":0,"gasPriceGwei":0.02008,"txCostUsd":0.0135,"syncMs":168,"searchMs":193,"msg":"block scanned"}
{"level":30,"time":1790817692456,"pid":1079,"hostname":"vm","msg":"  ARB>USDC@UniswapV3/500 USDC>ARB@PancakeV3/100 in=16.47 ARB gap=65.5bps profit=$0.010 net=$-0.001"}
{"level":30,"time":1790817692456,"pid":1079,"hostname":"vm","msg":"  ARB>USDC.e@UniswapV3/500 USDC.e>ARB@PancakeV3/100 in=28.93 ARB gap=35.5bps profit=$0.009 net=$-0.002"}
{"level":30,"time":1790817692456,"pid":1079,"hostname":"vm","msg":"  ARB>USDC@PancakeV3/500 USDC>ARB@PancakeV3/100 in=14.73 ARB gap=58bps profit=$0.008 net=$-0.003"}
{"level":30,"time":1790817692456,"pid":1079,"hostname":"vm","msg":"  ARB>WETH@PancakeV3/500 WETH>ARB@PancakeV3/100 in=9.607 ARB gap=49bps profit=$0.004 net=$-0.007"}
{"level":30,"time":1790817692456,"pid":1079,"hostname":"vm","msg":"  ARB>USDC@UniswapV3/100 USDC>ARB@PancakeV3/100 in=8.581 ARB gap=49.5bps profit=$0.004 net=$-0.007"}
{"level":30,"time":1790817693008,"pid":1079,"hostname":"vm","block":510513871,"gross":285,"net":0,"sumNetUsd":0,"gasPriceGwei":0.02004,"txCostUsd":0.0135,"syncMs":161,"searchMs":170,"msg":"block scanned"}
{"level":30,"time":1790817693008,"pid":1079,"hostname":"vm","msg":"  ARB>USDC@UniswapV3/500 USDC>ARB@PancakeV3/100 in=16.47 ARB gap=65.5bps profit=$0.010 net=$-0.001"}
{"level":30,"time":1790817693008,"pid":1079,"hostname":"vm","msg":"  ARB>USDC.e@UniswapV3/500 USDC.e>ARB@PancakeV3/100 in=28.93 ARB gap=35.5bps profit=$0.009 net=$-0.002"}
{"level":30,"time":1790817693008,"pid":1079,"hostname":"vm","msg":"  ARB>USDC@PancakeV3/500 USDC>ARB@PancakeV3/100 in=14.73 ARB gap=58bps profit=$0.008 net=$-0.003"}
{"level":30,"time":1790817693008,"pid":1079,"hostname":"vm","msg":"  ARB>WETH@PancakeV3/500 WETH>ARB@PancakeV3/100 in=9.607 ARB gap=49bps profit=$0.004 net=$-0.007"}
{"level":30,"time":1790817693008,"pid":1079,"hostname":"vm","msg":"  ARB>USDC@UniswapV3/100 USDC>ARB@PancakeV3/100 in=8.581 ARB gap=49.5bps profit=$0.004 net=$-0.007"}
{"level":30,"time":1790817693638,"pid":1079,"hostname":"vm","block":510513873,"gross":285,"net":0,"sumNetUsd":0,"gasPriceGwei":0.02,"txCostUsd":0.0134,"syncMs":133,"searchMs":193,"msg":"block scanned"}
{"level":30,"time":1790817693638,"pid":1079,"hostname":"vm","msg":"  ARB>USDC@UniswapV3/500 USDC>ARB@PancakeV3/100 in=16.47 ARB gap=65.5bps profit=$0.010 net=$-0.001"}
{"level":30,"time":1790817693638,"pid":1079,"hostname":"vm","msg":"  ARB>USDC.e@UniswapV3/500 USDC.e>ARB@PancakeV3/100 in=28.93 ARB gap=35.5bps profit=$0.009 net=$-0.002"}
{"level":30,"time":1790817693638,"pid":1079,"hostname":"vm","msg":"  ARB>USDC@PancakeV3/500 USDC>ARB@PancakeV3/100 in=14.73 ARB gap=58bps profit=$0.008 net=$-0.003"}
{"level":30,"time":1790817693638,"pid":1079,"hostname":"vm","msg":"  ARB>WETH@PancakeV3/500 WETH>ARB@PancakeV3/100 in=9.607 ARB gap=49bps profit=$0.004 net=$-0.007"}
{"level":30,"time":1790817693638,"pid":1079,"hostname":"vm","msg":"  ARB>USDC@UniswapV3/100 USDC>ARB@PancakeV3/100 in=8.581 ARB gap=49.5bps profit=$0.004 net=$-0.007"}
{"level":30,"time":1790817694262,"pid":1079,"hostname":"vm","block":510513876,"gross":279,"net":0,"sumNetUsd":0,"gasPriceGwei":0.02002,"txCostUsd":0.0135,"syncMs":139,"searchMs":179,"msg":"block scanned"}
{"level":30,"time":1790817694262,"pid":1079,"hostname":"vm","msg":"  ARB>USDC@UniswapV3/500 USDC>ARB@PancakeV3/100 in=16.47 ARB gap=65.5bps profit=$0.010 net=$-0.001"}
{"level":30,"time":1790817694262,"pid":1079,"hostname":"vm","msg":"  ARB>USDC.e@UniswapV3/500 USDC.e>ARB@PancakeV3/100 in=28.93 ARB gap=35.5bps profit=$0.009 net=$-0.002"}
{"level":30,"time":1790817694262,"pid":1079,"hostname":"vm","msg":"  ARB>USDC@PancakeV3/500 USDC>ARB@PancakeV3/100 in=14.73 ARB gap=58bps profit=$0.008 net=$-0.003"}
{"level":30,"time":1790817694262,"pid":1079,"hostname":"vm","msg":"  ARB>WETH@PancakeV3/500 WETH>ARB@PancakeV3/100 in=9.607 ARB gap=49bps profit=$0.004 net=$-0.007"}
{"level":30,"time":1790817694262,"pid":1079,"hostname":"vm","msg":"  ARB>USDC@UniswapV3/100 USDC>ARB@PancakeV3/100 in=8.581 ARB gap=49.5bps profit=$0.004 net=$-0.007"}
{"level":30,"time":1790817694940,"pid":1079,"hostname":"vm","block":510513878,"gross":279,"net":0,"sumNetUsd":0,"gasPriceGwei":0.02,"txCostUsd":0.0134,"syncMs":172,"searchMs":192,"msg":"block scanned"}
{"level":30,"time":1790817694940,"pid":1079,"hostname":"vm","msg":"  ARB>USDC@UniswapV3/500 USDC>ARB@PancakeV3/100 in=16.47 ARB gap=65.5bps profit=$0.010 net=$-0.001"}
{"level":30,"time":1790817694940,"pid":1079,"hostname":"vm","msg":"  ARB>USDC.e@UniswapV3/500 USDC.e>ARB@PancakeV3/100 in=28.93 ARB gap=35.5bps profit=$0.009 net=$-0.002"}
{"level":30,"time":1790817694940,"pid":1079,"hostname":"vm","msg":"  ARB>USDC@PancakeV3/500 USDC>ARB@PancakeV3/100 in=14.73 ARB gap=58bps profit=$0.008 net=$-0.003"}
{"level":30,"time":1790817694940,"pid":1079,"hostname":"vm","msg":"  ARB>WETH@PancakeV3/500 WETH>ARB@PancakeV3/100 in=9.607 ARB gap=49bps profit=$0.004 net=$-0.007"}
{"level":30,"time":1790817694940,"pid":1079,"hostname":"vm","msg":"  ARB>USDC@UniswapV3/100 USDC>ARB@PancakeV3/100 in=8.581 ARB gap=49.5bps profit=$0.004 net=$-0.007"}
{"level":30,"time":1790817695473,"pid":1079,"hostname":"vm","block":510513879,"gross":279,"net":0,"sumNetUsd":0,"gasPriceGwei":0.020056,"txCostUsd":0.0135,"syncMs":168,"searchMs":155,"msg":"block scanned"}
{"level":30,"time":1790817695473,"pid":1079,"hostname":"vm","msg":"  ARB>USDC@UniswapV3/500 USDC>ARB@PancakeV3/100 in=16.47 ARB gap=65.5bps profit=$0.010 net=$-0.001"}
{"level":30,"time":1790817695473,"pid":1079,"hostname":"vm","msg":"  ARB>USDC.e@UniswapV3/500 USDC.e>ARB@PancakeV3/100 in=28.93 ARB gap=35.5bps profit=$0.009 net=$-0.002"}
{"level":30,"time":1790817695473,"pid":1079,"hostname":"vm","msg":"  ARB>USDC@PancakeV3/500 USDC>ARB@PancakeV3/100 in=14.73 ARB gap=58bps profit=$0.008 net=$-0.003"}
{"level":30,"time":1790817695473,"pid":1079,"hostname":"vm","msg":"  ARB>WETH@PancakeV3/500 WETH>ARB@PancakeV3/100 in=9.607 ARB gap=49bps profit=$0.004 net=$-0.007"}
{"level":30,"time":1790817695473,"pid":1079,"hostname":"vm","msg":"  ARB>USDC@UniswapV3/100 USDC>ARB@PancakeV3/100 in=8.581 ARB gap=49.5bps profit=$0.004 net=$-0.007"}
{"level":30,"time":1790817803624,"pid":1079,"hostname":"vm","block":510513882,"gross":279,"net":0,"sumNetUsd":0,"gasPriceGwei":0.020126,"txCostUsd":0.0135,"syncMs":107638,"searchMs":188,"msg":"block scanned"}
{"level":30,"time":1790817803624,"pid":1079,"hostname":"vm","msg":"  ARB>USDC@UniswapV3/500 USDC>ARB@PancakeV3/100 in=16.47 ARB gap=65.5bps profit=$0.010 net=$-0.001"}
{"level":30,"time":1790817803624,"pid":1079,"hostname":"vm","msg":"  ARB>USDC.e@UniswapV3/500 USDC.e>ARB@PancakeV3/100 in=28.93 ARB gap=35.5bps profit=$0.009 net=$-0.002"}
{"level":30,"time":1790817803624,"pid":1079,"hostname":"vm","msg":"  ARB>USDC@PancakeV3/500 USDC>ARB@PancakeV3/100 in=14.73 ARB gap=58bps profit=$0.008 net=$-0.003"}
{"level":30,"time":1790817803624,"pid":1079,"hostname":"vm","msg":"  ARB>WETH@PancakeV3/500 WETH>ARB@PancakeV3/100 in=9.607 ARB gap=49bps profit=$0.004 net=$-0.007"}
{"level":30,"time":1790817803624,"pid":1079,"hostname":"vm","msg":"  ARB>USDC@UniswapV3/100 USDC>ARB@PancakeV3/100 in=8.581 ARB gap=49.5bps profit=$0.004 net=$-0.007"}
{"level":30,"time":1790817804038,"pid":1079,"hostname":"vm","block":510514245,"gross":257,"net":0,"sumNetUsd":0,"gasPriceGwei":0.02,"txCostUsd":0.0134,"syncMs":170,"searchMs":137,"msg":"block scanned"}
{"level":30,"time":1790817804038,"pid":1079,"hostname":"vm","msg":"  ARB>USDC@UniswapV3/500 USDC>ARB@PancakeV3/100 in=10.46 ARB gap=43.7bps profit=$0.004 net=$-0.007"}
{"level":30,"time":1790817804038,"pid":1079,"hostname":"vm","msg":"  ARB>USDC.e@UniswapV3/500 USDC.e>ARB@PancakeV3/500 in=24.58 ARB gap=23bps profit=$0.003 net=$-0.008"}
{"level":30,"time":1790817804038,"pid":1079,"hostname":"vm","msg":"  ARB>USDC@PancakeV3/500 USDC>ARB@PancakeV3/100 in=9.458 ARB gap=39.3bps profit=$0.003 net=$-0.008"}
{"level":30,"time":1790817804038,"pid":1079,"hostname":"vm","msg":"  SUSHI>WETH@SushiV2 WETH>SUSHI@UniswapV3/3000 in=8.980 SUSHI gap=86.1bps profit=$0.003 net=$-0.006"}
{"level":30,"time":1790817804038,"pid":1079,"hostname":"vm","msg":"  ARB>USDC@UniswapV3/100 USDC>ARB@PancakeV3/100 in=5.220 ARB gap=30.9bps profit=$0.002 net=$-0.010"}
{"level":30,"time":1790817805253,"pid":1079,"hostname":"vm","block":510514247,"gross":257,"net":0,"sumNetUsd":0,"gasPriceGwei":0.020554,"txCostUsd":0.0138,"syncMs":180,"searchMs":180,"msg":"block scanned"}
{"level":30,"time":1790817805253,"pid":1079,"hostname":"vm","msg":"  ARB>USDC@UniswapV3/500 USDC>ARB@PancakeV3/100 in=10.46 ARB gap=43.7bps profit=$0.004 net=$-0.007"}
{"level":30,"time":1790817805253,"pid":1079,"hostname":"vm","msg":"  ARB>USDC.e@UniswapV3/500 USDC.e>ARB@PancakeV3/500 in=24.58 ARB gap=23bps profit=$0.003 net=$-0.008"}
{"level":30,"time":1790817805253,"pid":1079,"hostname":"vm","msg":"  ARB>USDC@PancakeV3/500 USDC>ARB@PancakeV3/100 in=9.458 ARB gap=39.3bps profit=$0.003 net=$-0.008"}
{"level":30,"time":1790817805253,"pid":1079,"hostname":"vm","msg":"  SUSHI>WETH@SushiV2 WETH>SUSHI@UniswapV3/3000 in=8.980 SUSHI gap=86.1bps profit=$0.003 net=$-0.006"}
{"level":30,"time":1790817805253,"pid":1079,"hostname":"vm","msg":"  ARB>USDC@UniswapV3/100 USDC>ARB@PancakeV3/100 in=5.220 ARB gap=30.9bps profit=$0.002 net=$-0.010"}
{"level":30,"time":1790817805814,"pid":1079,"hostname":"vm","block":510514249,"gross":257,"net":0,"sumNetUsd":0,"gasPriceGwei":0.02,"txCostUsd":0.0134,"syncMs":171,"searchMs":173,"msg":"block scanned"}
{"level":30,"time":1790817805814,"pid":1079,"hostname":"vm","msg":"  ARB>USDC@UniswapV3/500 USDC>ARB@PancakeV3/100 in=10.46 ARB gap=43.7bps profit=$0.004 net=$-0.007"}
{"level":30,"time":1790817805814,"pid":1079,"hostname":"vm","msg":"  ARB>USDC.e@UniswapV3/500 USDC.e>ARB@PancakeV3/500 in=24.58 ARB gap=23bps profit=$0.003 net=$-0.008"}
{"level":30,"time":1790817805814,"pid":1079,"hostname":"vm","msg":"  ARB>USDC@PancakeV3/500 USDC>ARB@PancakeV3/100 in=9.458 ARB gap=39.3bps profit=$0.003 net=$-0.008"}
{"level":30,"time":1790817805814,"pid":1079,"hostname":"vm","msg":"  SUSHI>WETH@SushiV2 WETH>SUSHI@UniswapV3/3000 in=8.980 SUSHI gap=86.1bps profit=$0.003 net=$-0.006"}
{"level":30,"time":1790817805814,"pid":1079,"hostname":"vm","msg":"  ARB>USDC@UniswapV3/100 USDC>ARB@PancakeV3/100 in=5.220 ARB gap=30.9bps profit=$0.002 net=$-0.010"}
{"level":30,"time":1790817806355,"pid":1079,"hostname":"vm","block":510514251,"gross":257,"net":0,"sumNetUsd":0,"gasPriceGwei":0.02001,"txCostUsd":0.0135,"syncMs":162,"searchMs":170,"msg":"block scanned"}
{"level":30,"time":1790817806355,"pid":1079,"hostname":"vm","msg":"  ARB>USDC@UniswapV3/500 USDC>ARB@PancakeV3/100 in=10.46 ARB gap=43.7bps profit=$0.004 net=$-0.007"}
{"level":30,"time":1790817806355,"pid":1079,"hostname":"vm","msg":"  ARB>USDC.e@UniswapV3/500 USDC.e>ARB@PancakeV3/500 in=24.58 ARB gap=23bps profit=$0.003 net=$-0.008"}
{"level":30,"time":1790817806355,"pid":1079,"hostname":"vm","msg":"  ARB>USDC@PancakeV3/500 USDC>ARB@PancakeV3/100 in=9.458 ARB gap=39.3bps profit=$0.003 net=$-0.008"}
{"level":30,"time":1790817806355,"pid":1079,"hostname":"vm","msg":"  SUSHI>WETH@SushiV2 WETH>SUSHI@UniswapV3/3000 in=8.980 SUSHI gap=86.1bps profit=$0.003 net=$-0.006"}
{"level":30,"time":1790817806355,"pid":1079,"hostname":"vm","msg":"  ARB>USDC@UniswapV3/100 USDC>ARB@PancakeV3/100 in=5.220 ARB gap=30.9bps profit=$0.002 net=$-0.010"}
{"level":30,"time":1790817806996,"pid":1079,"hostname":"vm","block":510514254,"gross":257,"net":0,"sumNetUsd":0,"gasPriceGwei":0.020062,"txCostUsd":0.0135,"syncMs":164,"searchMs":172,"msg":"block scanned"}
{"level":30,"time":1790817806996,"pid":1079,"hostname":"vm","msg":"  ARB>USDC@UniswapV3/500 USDC>ARB@PancakeV3/100 in=10.46 ARB gap=43.7bps profit=$0.004 net=$-0.007"}
{"level":30,"time":1790817806996,"pid":1079,"hostname":"vm","msg":"  ARB>USDC.e@UniswapV3/500 USDC.e>ARB@PancakeV3/500 in=24.58 ARB gap=23bps profit=$0.003 net=$-0.008"}
{"level":30,"time":1790817806996,"pid":1079,"hostname":"vm","msg":"  ARB>USDC@PancakeV3/500 USDC>ARB@PancakeV3/100 in=9.458 ARB gap=39.3bps profit=$0.003 net=$-0.008"}
{"level":30,"time":1790817806996,"pid":1079,"hostname":"vm","msg":"  SUSHI>WETH@SushiV2 WETH>SUSHI@UniswapV3/3000 in=8.980 SUSHI gap=86.1bps profit=$0.003 net=$-0.006"}
{"level":30,"time":1790817806996,"pid":1079,"hostname":"vm","msg":"  ARB>USDC@UniswapV3/100 USDC>ARB@PancakeV3/100 in=5.220 ARB gap=30.9bps profit=$0.002 net=$-0.010"}
{"level":30,"time":1790817807612,"pid":1079,"hostname":"vm","block":510514256,"gross":257,"net":0,"sumNetUsd":0,"gasPriceGwei":0.020072,"txCostUsd":0.0135,"syncMs":139,"searchMs":172,"msg":"block scanned"}
{"level":30,"time":1790817807612,"pid":1079,"hostname":"vm","msg":"  ARB>USDC@UniswapV3/500 USDC>ARB@PancakeV3/100 in=10.46 ARB gap=43.7bps profit=$0.004 net=$-0.007"}
{"level":30,"time":1790817807612,"pid":1079,"hostname":"vm","msg":"  ARB>USDC.e@UniswapV3/500 USDC.e>ARB@PancakeV3/500 in=24.58 ARB gap=23bps profit=$0.003 net=$-0.008"}
{"level":30,"time":1790817807612,"pid":1079,"hostname":"vm","msg":"  ARB>USDC@PancakeV3/500 USDC>ARB@PancakeV3/100 in=9.458 ARB gap=39.3bps profit=$0.003 net=$-0.008"}
{"level":30,"time":1790817807612,"pid":1079,"hostname":"vm","msg":"  SUSHI>WETH@SushiV2 WETH>SUSHI@UniswapV3/3000 in=8.980 SUSHI gap=86.1bps profit=$0.003 net=$-0.006"}
{"level":30,"time":1790817807612,"pid":1079,"hostname":"vm","msg":"  ARB>USDC@UniswapV3/100 USDC>ARB@PancakeV3/100 in=5.220 ARB gap=30.9bps profit=$0.002 net=$-0.010"}
{"level":30,"time":1790817808272,"pid":1079,"hostname":"vm","block":510514257,"gross":257,"net":0,"sumNetUsd":0,"gasPriceGwei":0.02,"txCostUsd":0.0134,"syncMs":165,"searchMs":184,"msg":"block scanned"}
{"level":30,"time":1790817808272,"pid":1079,"hostname":"vm","msg":"  ARB>USDC@UniswapV3/500 USDC>ARB@PancakeV3/100 in=10.46 ARB gap=43.7bps profit=$0.004 net=$-0.007"}
{"level":30,"time":1790817808272,"pid":1079,"hostname":"vm","msg":"  ARB>USDC.e@UniswapV3/500 USDC.e>ARB@PancakeV3/500 in=24.58 ARB gap=23bps profit=$0.003 net=$-0.008"}
{"level":30,"time":1790817808272,"pid":1079,"hostname":"vm","msg":"  ARB>USDC@PancakeV3/500 USDC>ARB@PancakeV3/100 in=9.458 ARB gap=39.3bps profit=$0.003 net=$-0.008"}
{"level":30,"time":1790817808272,"pid":1079,"hostname":"vm","msg":"  SUSHI>WETH@SushiV2 WETH>SUSHI@UniswapV3/3000 in=8.980 SUSHI gap=86.1bps profit=$0.003 net=$-0.006"}
{"level":30,"time":1790817808272,"pid":1079,"hostname":"vm","msg":"  ARB>USDC@UniswapV3/100 USDC>ARB@PancakeV3/100 in=5.220 ARB gap=30.9bps profit=$0.002 net=$-0.010"}
{"level":30,"time":1790817808824,"pid":1079,"hostname":"vm","block":510514258,"gross":257,"net":0,"sumNetUsd":0,"gasPriceGwei":0.02,"txCostUsd":0.0134,"syncMs":150,"searchMs":194,"msg":"block scanned"}
{"level":30,"time":1790817808824,"pid":1079,"hostname":"vm","msg":"  ARB>USDC@UniswapV3/500 USDC>ARB@PancakeV3/100 in=10.46 ARB gap=43.7bps profit=$0.004 net=$-0.007"}
{"level":30,"time":1790817808824,"pid":1079,"hostname":"vm","msg":"  ARB>USDC.e@UniswapV3/500 USDC.e>ARB@PancakeV3/500 in=24.58 ARB gap=23bps profit=$0.003 net=$-0.008"}
{"level":30,"time":1790817808824,"pid":1079,"hostname":"vm","msg":"  ARB>USDC@PancakeV3/500 USDC>ARB@PancakeV3/100 in=9.458 ARB gap=39.3bps profit=$0.003 net=$-0.008"}
{"level":30,"time":1790817808824,"pid":1079,"hostname":"vm","msg":"  SUSHI>WETH@SushiV2 WETH>SUSHI@UniswapV3/3000 in=8.980 SUSHI gap=86.1bps profit=$0.003 net=$-0.006"}
{"level":30,"time":1790817808824,"pid":1079,"hostname":"vm","msg":"  ARB>USDC@UniswapV3/100 USDC>ARB@PancakeV3/100 in=5.220 ARB gap=30.9bps profit=$0.002 net=$-0.010"}
{"level":30,"time":1790817809346,"pid":1079,"hostname":"vm","block":510514261,"gross":257,"net":0,"sumNetUsd":0,"gasPriceGwei":0.020056,"txCostUsd":0.0135,"syncMs":165,"searchMs":141,"msg":"block scanned"}
{"level":30,"time":1790817809346,"pid":1079,"hostname":"vm","msg":"  ARB>USDC@UniswapV3/500 USDC>ARB@PancakeV3/100 in=10.46 ARB gap=43.7bps profit=$0.004 net=$-0.007"}
{"level":30,"time":1790817809346,"pid":1079,"hostname":"vm","msg":"  ARB>USDC.e@UniswapV3/500 USDC.e>ARB@PancakeV3/500 in=24.58 ARB gap=23bps profit=$0.003 net=$-0.008"}
{"level":30,"time":1790817809346,"pid":1079,"hostname":"vm","msg":"  ARB>USDC@PancakeV3/500 USDC>ARB@PancakeV3/100 in=9.458 ARB gap=39.3bps profit=$0.003 net=$-0.008"}
{"level":30,"time":1790817809346,"pid":1079,"hostname":"vm","msg":"  SUSHI>WETH@SushiV2 WETH>SUSHI@UniswapV3/3000 in=8.980 SUSHI gap=86.1bps profit=$0.003 net=$-0.006"}
{"level":30,"time":1790817809346,"pid":1079,"hostname":"vm","msg":"  ARB>USDC@UniswapV3/100 USDC>ARB@PancakeV3/100 in=5.220 ARB gap=30.9bps profit=$0.002 net=$-0.010"}
{"level":30,"time":1790817809987,"pid":1079,"hostname":"vm","block":510514263,"gross":257,"net":0,"sumNetUsd":0,"gasPriceGwei":0.020032,"txCostUsd":0.0135,"syncMs":166,"searchMs":178,"msg":"block scanned"}
{"level":30,"time":1790817809987,"pid":1079,"hostname":"vm","msg":"  ARB>USDC@UniswapV3/500 USDC>ARB@PancakeV3/100 in=10.46 ARB gap=43.7bps profit=$0.004 net=$-0.007"}
{"level":30,"time":1790817809987,"pid":1079,"hostname":"vm","msg":"  ARB>USDC.e@UniswapV3/500 USDC.e>ARB@PancakeV3/500 in=24.58 ARB gap=23bps profit=$0.003 net=$-0.008"}
{"level":30,"time":1790817809987,"pid":1079,"hostname":"vm","msg":"  ARB>USDC@PancakeV3/500 USDC>ARB@PancakeV3/100 in=9.458 ARB gap=39.3bps profit=$0.003 net=$-0.008"}
{"level":30,"time":1790817809987,"pid":1079,"hostname":"vm","msg":"  SUSHI>WETH@SushiV2 WETH>SUSHI@UniswapV3/3000 in=8.980 SUSHI gap=86.1bps profit=$0.003 net=$-0.006"}
{"level":30,"time":1790817809987,"pid":1079,"hostname":"vm","msg":"  ARB>USDC@UniswapV3/100 USDC>ARB@PancakeV3/100 in=5.220 ARB gap=30.9bps profit=$0.002 net=$-0.010"}
{"level":30,"time":1790817810638,"pid":1079,"hostname":"vm","block":510514265,"gross":257,"net":0,"sumNetUsd":0,"gasPriceGwei":0.02,"txCostUsd":0.0134,"syncMs":167,"searchMs":174,"msg":"block scanned"}
{"level":30,"time":1790817810638,"pid":1079,"hostname":"vm","msg":"  ARB>USDC@UniswapV3/500 USDC>ARB@PancakeV3/100 in=10.46 ARB gap=43.7bps profit=$0.004 net=$-0.007"}
{"level":30,"time":1790817810638,"pid":1079,"hostname":"vm","msg":"  ARB>USDC.e@UniswapV3/500 USDC.e>ARB@PancakeV3/500 in=24.58 ARB gap=23bps profit=$0.003 net=$-0.008"}
{"level":30,"time":1790817810638,"pid":1079,"hostname":"vm","msg":"  ARB>USDC@PancakeV3/500 USDC>ARB@PancakeV3/100 in=9.458 ARB gap=39.3bps profit=$0.003 net=$-0.008"}
{"level":30,"time":1790817810638,"pid":1079,"hostname":"vm","msg":"  SUSHI>WETH@SushiV2 WETH>SUSHI@UniswapV3/3000 in=8.980 SUSHI gap=86.1bps profit=$0.003 net=$-0.006"}
{"level":30,"time":1790817810638,"pid":1079,"hostname":"vm","msg":"  ARB>USDC@UniswapV3/100 USDC>ARB@PancakeV3/100 in=5.220 ARB gap=30.9bps profit=$0.002 net=$-0.010"}
{"level":30,"time":1790817811303,"pid":1079,"hostname":"vm","block":510514268,"gross":257,"net":0,"sumNetUsd":0,"gasPriceGwei":0.020036,"txCostUsd":0.0135,"syncMs":175,"searchMs":182,"msg":"block scanned"}
{"level":30,"time":1790817811303,"pid":1079,"hostname":"vm","msg":"  ARB>USDC@UniswapV3/500 USDC>ARB@PancakeV3/100 in=10.46 ARB gap=43.7bps profit=$0.004 net=$-0.007"}
{"level":30,"time":1790817811303,"pid":1079,"hostname":"vm","msg":"  ARB>USDC.e@UniswapV3/500 USDC.e>ARB@PancakeV3/500 in=24.58 ARB gap=23bps profit=$0.003 net=$-0.008"}
{"level":30,"time":1790817811303,"pid":1079,"hostname":"vm","msg":"  ARB>USDC@PancakeV3/500 USDC>ARB@PancakeV3/100 in=9.458 ARB gap=39.3bps profit=$0.003 net=$-0.008"}
{"level":30,"time":1790817811303,"pid":1079,"hostname":"vm","msg":"  SUSHI>WETH@SushiV2 WETH>SUSHI@UniswapV3/3000 in=8.980 SUSHI gap=86.1bps profit=$0.003 net=$-0.006"}
{"level":30,"time":1790817811303,"pid":1079,"hostname":"vm","msg":"  ARB>USDC@UniswapV3/100 USDC>ARB@PancakeV3/100 in=5.220 ARB gap=30.9bps profit=$0.002 net=$-0.010"}
{"level":30,"time":1790817811874,"pid":1079,"hostname":"vm","block":510514269,"gross":257,"net":0,"sumNetUsd":0,"gasPriceGwei":0.02016,"txCostUsd":0.0136,"syncMs":174,"searchMs":188,"msg":"block scanned"}
{"level":30,"time":1790817811874,"pid":1079,"hostname":"vm","msg":"  ARB>USDC@UniswapV3/500 USDC>ARB@PancakeV3/100 in=10.46 ARB gap=43.7bps profit=$0.004 net=$-0.007"}
{"level":30,"time":1790817811874,"pid":1079,"hostname":"vm","msg":"  ARB>USDC.e@UniswapV3/500 USDC.e>ARB@PancakeV3/500 in=24.58 ARB gap=23bps profit=$0.003 net=$-0.008"}
{"level":30,"time":1790817811874,"pid":1079,"hostname":"vm","msg":"  ARB>USDC@PancakeV3/500 USDC>ARB@PancakeV3/100 in=9.458 ARB gap=39.3bps profit=$0.003 net=$-0.008"}
{"level":30,"time":1790817811874,"pid":1079,"hostname":"vm","msg":"  SUSHI>WETH@SushiV2 WETH>SUSHI@UniswapV3/3000 in=8.980 SUSHI gap=86.1bps profit=$0.003 net=$-0.006"}
{"level":30,"time":1790817811874,"pid":1079,"hostname":"vm","msg":"  ARB>USDC@UniswapV3/100 USDC>ARB@PancakeV3/100 in=5.220 ARB gap=30.9bps profit=$0.002 net=$-0.010"}
{"level":30,"time":1790817812387,"pid":1079,"hostname":"vm","block":510514270,"gross":257,"net":0,"sumNetUsd":0,"gasPriceGwei":0.02,"txCostUsd":0.0134,"syncMs":156,"searchMs":148,"msg":"block scanned"}
{"level":30,"time":1790817812387,"pid":1079,"hostname":"vm","msg":"  ARB>USDC@UniswapV3/500 USDC>ARB@PancakeV3/100 in=10.46 ARB gap=43.7bps profit=$0.004 net=$-0.007"}
{"level":30,"time":1790817812387,"pid":1079,"hostname":"vm","msg":"  ARB>USDC.e@UniswapV3/500 USDC.e>ARB@PancakeV3/500 in=24.58 ARB gap=23bps profit=$0.003 net=$-0.008"}
{"level":30,"time":1790817812387,"pid":1079,"hostname":"vm","msg":"  ARB>USDC@PancakeV3/500 USDC>ARB@PancakeV3/100 in=9.458 ARB gap=39.3bps profit=$0.003 net=$-0.008"}
{"level":30,"time":1790817812387,"pid":1079,"hostname":"vm","msg":"  SUSHI>WETH@SushiV2 WETH>SUSHI@UniswapV3/3000 in=8.980 SUSHI gap=86.1bps profit=$0.003 net=$-0.006"}
{"level":30,"time":1790817812387,"pid":1079,"hostname":"vm","msg":"  ARB>USDC@UniswapV3/100 USDC>ARB@PancakeV3/100 in=5.220 ARB gap=30.9bps profit=$0.002 net=$-0.010"}
{"level":30,"time":1790817828004,"pid":1079,"hostname":"vm","block":510514272,"gross":257,"net":0,"sumNetUsd":0,"gasPriceGwei":0.020012,"txCostUsd":0.0135,"syncMs":15175,"searchMs":143,"msg":"block scanned"}
{"level":30,"time":1790817828004,"pid":1079,"hostname":"vm","msg":"  ARB>USDC@UniswapV3/500 USDC>ARB@PancakeV3/100 in=10.46 ARB gap=43.7bps profit=$0.004 net=$-0.007"}
{"level":30,"time":1790817828004,"pid":1079,"hostname":"vm","msg":"  ARB>USDC.e@UniswapV3/500 USDC.e>ARB@PancakeV3/500 in=24.58 ARB gap=23bps profit=$0.003 net=$-0.008"}
{"level":30,"time":1790817828004,"pid":1079,"hostname":"vm","msg":"  ARB>USDC@PancakeV3/500 USDC>ARB@PancakeV3/100 in=9.458 ARB gap=39.3bps profit=$0.003 net=$-0.008"}
{"level":30,"time":1790817828004,"pid":1079,"hostname":"vm","msg":"  SUSHI>WETH@SushiV2 WETH>SUSHI@UniswapV3/3000 in=8.980 SUSHI gap=86.1bps profit=$0.003 net=$-0.006"}
{"level":30,"time":1790817828004,"pid":1079,"hostname":"vm","msg":"  ARB>USDC@UniswapV3/100 USDC>ARB@PancakeV3/100 in=5.220 ARB gap=30.9bps profit=$0.002 net=$-0.010"}
{"level":30,"time":1790817828393,"pid":1079,"hostname":"vm","block":510514326,"gross":257,"net":0,"sumNetUsd":0,"gasPriceGwei":0.020016,"txCostUsd":0.0135,"syncMs":109,"searchMs":170,"msg":"block scanned"}
{"level":30,"time":1790817828393,"pid":1079,"hostname":"vm","msg":"  ARB>USDC@UniswapV3/500 USDC>ARB@PancakeV3/100 in=10.46 ARB gap=43.7bps profit=$0.004 net=$-0.007"}
{"level":30,"time":1790817828393,"pid":1079,"hostname":"vm","msg":"  ARB>USDC.e@UniswapV3/500 USDC.e>ARB@PancakeV3/500 in=24.58 ARB gap=23bps profit=$0.003 net=$-0.008"}
{"level":30,"time":1790817828393,"pid":1079,"hostname":"vm","msg":"  ARB>USDC@PancakeV3/500 USDC>ARB@PancakeV3/100 in=9.458 ARB gap=39.3bps profit=$0.003 net=$-0.008"}
{"level":30,"time":1790817828393,"pid":1079,"hostname":"vm","msg":"  SUSHI>WETH@SushiV2 WETH>SUSHI@UniswapV3/3000 in=8.980 SUSHI gap=86.1bps profit=$0.003 net=$-0.006"}
{"level":30,"time":1790817828393,"pid":1079,"hostname":"vm","msg":"  ARB>USDC@UniswapV3/100 USDC>ARB@PancakeV3/100 in=5.220 ARB gap=30.9bps profit=$0.002 net=$-0.010"}
{"level":30,"time":1790817829036,"pid":1079,"hostname":"vm","block":510514328,"gross":257,"net":0,"sumNetUsd":0,"gasPriceGwei":0.020002,"txCostUsd":0.0134,"syncMs":148,"searchMs":187,"msg":"block scanned"}
{"level":30,"time":1790817829036,"pid":1079,"hostname":"vm","msg":"  ARB>USDC@UniswapV3/500 USDC>ARB@PancakeV3/100 in=10.46 ARB gap=43.7bps profit=$0.004 net=$-0.007"}
{"level":30,"time":1790817829036,"pid":1079,"hostname":"vm","msg":"  ARB>USDC.e@UniswapV3/500 USDC.e>ARB@PancakeV3/500 in=24.58 ARB gap=23bps profit=$0.003 net=$-0.008"}
{"level":30,"time":1790817829036,"pid":1079,"hostname":"vm","msg":"  ARB>USDC@PancakeV3/500 USDC>ARB@PancakeV3/100 in=9.458 ARB gap=39.3bps profit=$0.003 net=$-0.008"}
{"level":30,"time":1790817829036,"pid":1079,"hostname":"vm","msg":"  SUSHI>WETH@SushiV2 WETH>SUSHI@UniswapV3/3000 in=8.980 SUSHI gap=86.1bps profit=$0.003 net=$-0.006"}
{"level":30,"time":1790817829036,"pid":1079,"hostname":"vm","msg":"  ARB>USDC@UniswapV3/100 USDC>ARB@PancakeV3/100 in=5.220 ARB gap=30.9bps profit=$0.002 net=$-0.010"}
{"level":30,"time":1790817829700,"pid":1079,"hostname":"vm","block":510514330,"gross":257,"net":0,"sumNetUsd":0,"gasPriceGwei":0.02,"txCostUsd":0.0134,"syncMs":180,"searchMs":169,"msg":"block scanned"}
{"level":30,"time":1790817829701,"pid":1079,"hostname":"vm","msg":"  ARB>USDC@UniswapV3/500 USDC>ARB@PancakeV3/100 in=10.46 ARB gap=43.7bps profit=$0.004 net=$-0.007"}
{"level":30,"time":1790817829701,"pid":1079,"hostname":"vm","msg":"  ARB>USDC.e@UniswapV3/500 USDC.e>ARB@PancakeV3/500 in=24.58 ARB gap=23bps profit=$0.003 net=$-0.008"}
{"level":30,"time":1790817829701,"pid":1079,"hostname":"vm","msg":"  ARB>USDC@PancakeV3/500 USDC>ARB@PancakeV3/100 in=9.458 ARB gap=39.3bps profit=$0.003 net=$-0.008"}
{"level":30,"time":1790817829701,"pid":1079,"hostname":"vm","msg":"  SUSHI>WETH@SushiV2 WETH>SUSHI@UniswapV3/3000 in=8.980 SUSHI gap=86.1bps profit=$0.003 net=$-0.006"}
{"level":30,"time":1790817829701,"pid":1079,"hostname":"vm","msg":"  ARB>USDC@UniswapV3/100 USDC>ARB@PancakeV3/100 in=5.220 ARB gap=30.9bps profit=$0.002 net=$-0.010"}
{"level":30,"time":1790817830253,"pid":1079,"hostname":"vm","block":510514332,"gross":257,"net":0,"sumNetUsd":0,"gasPriceGwei":0.020012,"txCostUsd":0.0135,"syncMs":170,"searchMs":177,"msg":"block scanned"}
{"level":30,"time":1790817830253,"pid":1079,"hostname":"vm","msg":"  ARB>USDC@UniswapV3/500 USDC>ARB@PancakeV3/100 in=10.46 ARB gap=43.7bps profit=$0.004 net=$-0.007"}
{"level":30,"time":1790817830253,"pid":1079,"hostname":"vm","msg":"  ARB>USDC.e@UniswapV3/500 USDC.e>ARB@PancakeV3/500 in=24.58 ARB gap=23bps profit=$0.003 net=$-0.008"}
{"level":30,"time":1790817830253,"pid":1079,"hostname":"vm","msg":"  ARB>USDC@PancakeV3/500 USDC>ARB@PancakeV3/100 in=9.458 ARB gap=39.3bps profit=$0.003 net=$-0.008"}
{"level":30,"time":1790817830253,"pid":1079,"hostname":"vm","msg":"  SUSHI>WETH@SushiV2 WETH>SUSHI@UniswapV3/3000 in=8.980 SUSHI gap=86.1bps profit=$0.003 net=$-0.006"}
{"level":30,"time":1790817830253,"pid":1079,"hostname":"vm","msg":"  ARB>USDC@UniswapV3/100 USDC>ARB@PancakeV3/100 in=5.220 ARB gap=30.9bps profit=$0.002 net=$-0.010"}
{"level":30,"time":1790817830795,"pid":1079,"hostname":"vm","block":510514333,"gross":257,"net":0,"sumNetUsd":0,"gasPriceGwei":0.020116,"txCostUsd":0.0135,"syncMs":148,"searchMs":174,"msg":"block scanned"}
{"level":30,"time":1790817830795,"pid":1079,"hostname":"vm","msg":"  ARB>USDC@UniswapV3/500 USDC>ARB@PancakeV3/100 in=10.46 ARB gap=43.7bps profit=$0.004 net=$-0.007"}
{"level":30,"time":1790817830795,"pid":1079,"hostname":"vm","msg":"  ARB>USDC.e@UniswapV3/500 USDC.e>ARB@PancakeV3/500 in=24.58 ARB gap=23bps profit=$0.003 net=$-0.008"}
{"level":30,"time":1790817830795,"pid":1079,"hostname":"vm","msg":"  ARB>USDC@PancakeV3/500 USDC>ARB@PancakeV3/100 in=9.458 ARB gap=39.3bps profit=$0.003 net=$-0.008"}
{"level":30,"time":1790817830795,"pid":1079,"hostname":"vm","msg":"  SUSHI>WETH@SushiV2 WETH>SUSHI@UniswapV3/3000 in=8.980 SUSHI gap=86.1bps profit=$0.003 net=$-0.006"}
{"level":30,"time":1790817830795,"pid":1079,"hostname":"vm","msg":"  ARB>USDC@UniswapV3/100 USDC>ARB@PancakeV3/100 in=5.220 ARB gap=30.9bps profit=$0.002 net=$-0.010"}
{"level":30,"time":1790817831403,"pid":1079,"hostname":"vm","block":510514335,"gross":257,"net":0,"sumNetUsd":0,"gasPriceGwei":0.02,"txCostUsd":0.0134,"syncMs":163,"searchMs":142,"msg":"block scanned"}
{"level":30,"time":1790817831403,"pid":1079,"hostname":"vm","msg":"  ARB>USDC@UniswapV3/500 USDC>ARB@PancakeV3/100 in=10.46 ARB gap=43.7bps profit=$0.004 net=$-0.007"}
{"level":30,"time":1790817831403,"pid":1079,"hostname":"vm","msg":"  ARB>USDC.e@UniswapV3/500 USDC.e>ARB@PancakeV3/500 in=24.58 ARB gap=23bps profit=$0.003 net=$-0.008"}
{"level":30,"time":1790817831403,"pid":1079,"hostname":"vm","msg":"  ARB>USDC@PancakeV3/500 USDC>ARB@PancakeV3/100 in=9.458 ARB gap=39.3bps profit=$0.003 net=$-0.008"}
{"level":30,"time":1790817831403,"pid":1079,"hostname":"vm","msg":"  SUSHI>WETH@SushiV2 WETH>SUSHI@UniswapV3/3000 in=8.980 SUSHI gap=86.1bps profit=$0.003 net=$-0.006"}
{"level":30,"time":1790817831403,"pid":1079,"hostname":"vm","msg":"  ARB>USDC@UniswapV3/100 USDC>ARB@PancakeV3/100 in=5.220 ARB gap=30.9bps profit=$0.002 net=$-0.010"}
{"level":30,"time":1790817832045,"pid":1079,"hostname":"vm","block":510514337,"gross":257,"net":0,"sumNetUsd":0,"gasPriceGwei":0.02014,"txCostUsd":0.0135,"syncMs":169,"searchMs":166,"msg":"block scanned"}
{"level":30,"time":1790817832045,"pid":1079,"hostname":"vm","msg":"  ARB>USDC@UniswapV3/500 USDC>ARB@PancakeV3/100 in=10.46 ARB gap=43.7bps profit=$0.004 net=$-0.007"}
{"level":30,"time":1790817832045,"pid":1079,"hostname":"vm","msg":"  ARB>USDC.e@UniswapV3/500 USDC.e>ARB@PancakeV3/500 in=24.58 ARB gap=23bps profit=$0.003 net=$-0.008"}
{"level":30,"time":1790817832045,"pid":1079,"hostname":"vm","msg":"  ARB>USDC@PancakeV3/500 USDC>ARB@PancakeV3/100 in=9.458 ARB gap=39.3bps profit=$0.003 net=$-0.008"}
{"level":30,"time":1790817832045,"pid":1079,"hostname":"vm","msg":"  SUSHI>WETH@SushiV2 WETH>SUSHI@UniswapV3/3000 in=8.980 SUSHI gap=86.1bps profit=$0.003 net=$-0.006"}
{"level":30,"time":1790817832045,"pid":1079,"hostname":"vm","msg":"  ARB>USDC@UniswapV3/100 USDC>ARB@PancakeV3/100 in=5.220 ARB gap=30.9bps profit=$0.002 net=$-0.010"}
{"level":30,"time":1790817832695,"pid":1079,"hostname":"vm","block":510514340,"gross":257,"net":0,"sumNetUsd":0,"gasPriceGwei":0.02,"txCostUsd":0.0134,"syncMs":156,"searchMs":177,"msg":"block scanned"}
{"level":30,"time":1790817832695,"pid":1079,"hostname":"vm","msg":"  ARB>USDC@UniswapV3/500 USDC>ARB@PancakeV3/100 in=10.46 ARB gap=43.7bps profit=$0.004 net=$-0.007"}
{"level":30,"time":1790817832695,"pid":1079,"hostname":"vm","msg":"  ARB>USDC.e@UniswapV3/500 USDC.e>ARB@PancakeV3/500 in=24.58 ARB gap=23bps profit=$0.003 net=$-0.008"}
{"level":30,"time":1790817832695,"pid":1079,"hostname":"vm","msg":"  ARB>USDC@PancakeV3/500 USDC>ARB@PancakeV3/100 in=9.458 ARB gap=39.3bps profit=$0.003 net=$-0.008"}
{"level":30,"time":1790817832695,"pid":1079,"hostname":"vm","msg":"  SUSHI>WETH@SushiV2 WETH>SUSHI@UniswapV3/3000 in=8.980 SUSHI gap=86.1bps profit=$0.003 net=$-0.006"}
{"level":30,"time":1790817832695,"pid":1079,"hostname":"vm","msg":"  ARB>USDC@UniswapV3/100 USDC>ARB@PancakeV3/100 in=5.220 ARB gap=30.9bps profit=$0.002 net=$-0.010"}
{"level":30,"time":1790817833359,"pid":1079,"hostname":"vm","block":510514342,"gross":257,"net":0,"sumNetUsd":0,"gasPriceGwei":0.020068,"txCostUsd":0.0135,"syncMs":171,"searchMs":167,"msg":"block scanned"}
{"level":30,"time":1790817833359,"pid":1079,"hostname":"vm","msg":"  ARB>USDC@UniswapV3/500 USDC>ARB@PancakeV3/100 in=10.46 ARB gap=43.7bps profit=$0.004 net=$-0.007"}
{"level":30,"time":1790817833359,"pid":1079,"hostname":"vm","msg":"  ARB>USDC.e@UniswapV3/500 USDC.e>ARB@PancakeV3/500 in=24.58 ARB gap=23bps profit=$0.003 net=$-0.008"}
{"level":30,"time":1790817833359,"pid":1079,"hostname":"vm","msg":"  ARB>USDC@PancakeV3/500 USDC>ARB@PancakeV3/100 in=9.458 ARB gap=39.3bps profit=$0.003 net=$-0.008"}
{"level":30,"time":1790817833359,"pid":1079,"hostname":"vm","msg":"  SUSHI>WETH@SushiV2 WETH>SUSHI@UniswapV3/3000 in=8.980 SUSHI gap=86.1bps profit=$0.003 net=$-0.006"}
{"level":30,"time":1790817833359,"pid":1079,"hostname":"vm","msg":"  ARB>USDC@UniswapV3/100 USDC>ARB@PancakeV3/100 in=5.220 ARB gap=30.9bps profit=$0.002 net=$-0.010"}
{"level":30,"time":1790817833875,"pid":1079,"hostname":"vm","block":510514344,"gross":257,"net":0,"sumNetUsd":0,"gasPriceGwei":0.020026,"txCostUsd":0.0135,"syncMs":172,"searchMs":143,"msg":"block scanned"}
{"level":30,"time":1790817833875,"pid":1079,"hostname":"vm","msg":"  ARB>USDC@UniswapV3/500 USDC>ARB@PancakeV3/100 in=10.46 ARB gap=43.7bps profit=$0.004 net=$-0.007"}
{"level":30,"time":1790817833875,"pid":1079,"hostname":"vm","msg":"  ARB>USDC.e@UniswapV3/500 USDC.e>ARB@PancakeV3/500 in=24.58 ARB gap=23bps profit=$0.003 net=$-0.008"}
{"level":30,"time":1790817833875,"pid":1079,"hostname":"vm","msg":"  ARB>USDC@PancakeV3/500 USDC>ARB@PancakeV3/100 in=9.458 ARB gap=39.3bps profit=$0.003 net=$-0.008"}
{"level":30,"time":1790817833875,"pid":1079,"hostname":"vm","msg":"  SUSHI>WETH@SushiV2 WETH>SUSHI@UniswapV3/3000 in=8.980 SUSHI gap=86.1bps profit=$0.003 net=$-0.006"}
{"level":30,"time":1790817833875,"pid":1079,"hostname":"vm","msg":"  ARB>USDC@UniswapV3/100 USDC>ARB@PancakeV3/100 in=5.220 ARB gap=30.9bps profit=$0.002 net=$-0.010"}
{"level":30,"time":1790817834532,"pid":1079,"hostname":"vm","block":510514347,"gross":257,"net":0,"sumNetUsd":0,"gasPriceGwei":0.02004,"txCostUsd":0.0135,"syncMs":186,"searchMs":166,"msg":"block scanned"}
{"level":30,"time":1790817834532,"pid":1079,"hostname":"vm","msg":"  ARB>USDC@UniswapV3/500 USDC>ARB@PancakeV3/100 in=10.46 ARB gap=43.7bps profit=$0.004 net=$-0.007"}
{"level":30,"time":1790817834532,"pid":1079,"hostname":"vm","msg":"  ARB>USDC.e@UniswapV3/500 USDC.e>ARB@PancakeV3/500 in=24.58 ARB gap=23bps profit=$0.003 net=$-0.008"}
{"level":30,"time":1790817834532,"pid":1079,"hostname":"vm","msg":"  ARB>USDC@PancakeV3/500 USDC>ARB@PancakeV3/100 in=9.458 ARB gap=39.3bps profit=$0.003 net=$-0.008"}
{"level":30,"time":1790817834532,"pid":1079,"hostname":"vm","msg":"  SUSHI>WETH@SushiV2 WETH>SUSHI@UniswapV3/3000 in=8.980 SUSHI gap=86.1bps profit=$0.003 net=$-0.006"}
{"level":30,"time":1790817834532,"pid":1079,"hostname":"vm","msg":"  ARB>USDC@UniswapV3/100 USDC>ARB@PancakeV3/100 in=5.220 ARB gap=30.9bps profit=$0.002 net=$-0.010"}
{"level":30,"time":1790817835063,"pid":1079,"hostname":"vm","block":510514348,"gross":257,"net":0,"sumNetUsd":0,"gasPriceGwei":0.02,"txCostUsd":0.0134,"syncMs":162,"searchMs":169,"msg":"block scanned"}
{"level":30,"time":1790817835063,"pid":1079,"hostname":"vm","msg":"  ARB>USDC@UniswapV3/500 USDC>ARB@PancakeV3/100 in=10.46 ARB gap=43.7bps profit=$0.004 net=$-0.007"}
{"level":30,"time":1790817835063,"pid":1079,"hostname":"vm","msg":"  ARB>USDC.e@UniswapV3/500 USDC.e>ARB@PancakeV3/500 in=24.58 ARB gap=23bps profit=$0.003 net=$-0.008"}
{"level":30,"time":1790817835063,"pid":1079,"hostname":"vm","msg":"  ARB>USDC@PancakeV3/500 USDC>ARB@PancakeV3/100 in=9.458 ARB gap=39.3bps profit=$0.003 net=$-0.008"}
{"level":30,"time":1790817835063,"pid":1079,"hostname":"vm","msg":"  SUSHI>WETH@SushiV2 WETH>SUSHI@UniswapV3/3000 in=8.980 SUSHI gap=86.1bps profit=$0.003 net=$-0.006"}
{"level":30,"time":1790817835063,"pid":1079,"hostname":"vm","msg":"  ARB>USDC@UniswapV3/100 USDC>ARB@PancakeV3/100 in=5.220 ARB gap=30.9bps profit=$0.002 net=$-0.010"}
{"level":30,"time":1790817835666,"pid":1079,"hostname":"vm","block":510514350,"gross":257,"net":0,"sumNetUsd":0,"gasPriceGwei":0.020074,"txCostUsd":0.0135,"syncMs":121,"searchMs":173,"msg":"block scanned"}
{"level":30,"time":1790817835666,"pid":1079,"hostname":"vm","msg":"  ARB>USDC@UniswapV3/500 USDC>ARB@PancakeV3/100 in=10.46 ARB gap=43.7bps profit=$0.004 net=$-0.007"}
{"level":30,"time":1790817835666,"pid":1079,"hostname":"vm","msg":"  ARB>USDC.e@UniswapV3/500 USDC.e>ARB@PancakeV3/500 in=24.58 ARB gap=23bps profit=$0.003 net=$-0.008"}
{"level":30,"time":1790817835666,"pid":1079,"hostname":"vm","msg":"  ARB>USDC@PancakeV3/500 USDC>ARB@PancakeV3/100 in=9.458 ARB gap=39.3bps profit=$0.003 net=$-0.008"}
{"level":30,"time":1790817835666,"pid":1079,"hostname":"vm","msg":"  SUSHI>WETH@SushiV2 WETH>SUSHI@UniswapV3/3000 in=8.980 SUSHI gap=86.1bps profit=$0.003 net=$-0.006"}
{"level":30,"time":1790817835666,"pid":1079,"hostname":"vm","msg":"  ARB>USDC@UniswapV3/100 USDC>ARB@PancakeV3/100 in=5.220 ARB gap=30.9bps profit=$0.002 net=$-0.010"}
{"level":30,"time":1790817836264,"pid":1079,"hostname":"vm","block":510514352,"gross":257,"net":0,"sumNetUsd":0,"gasPriceGwei":0.0202,"txCostUsd":0.0136,"syncMs":123,"searchMs":167,"msg":"block scanned"}
{"level":30,"time":1790817836264,"pid":1079,"hostname":"vm","msg":"  ARB>USDC@UniswapV3/500 USDC>ARB@PancakeV3/100 in=10.46 ARB gap=43.7bps profit=$0.004 net=$-0.007"}
{"level":30,"time":1790817836264,"pid":1079,"hostname":"vm","msg":"  ARB>USDC.e@UniswapV3/500 USDC.e>ARB@PancakeV3/500 in=24.58 ARB gap=23bps profit=$0.003 net=$-0.008"}
{"level":30,"time":1790817836264,"pid":1079,"hostname":"vm","msg":"  ARB>USDC@PancakeV3/500 USDC>ARB@PancakeV3/100 in=9.458 ARB gap=39.3bps profit=$0.003 net=$-0.008"}
{"level":30,"time":1790817836264,"pid":1079,"hostname":"vm","msg":"  SUSHI>WETH@SushiV2 WETH>SUSHI@UniswapV3/3000 in=8.980 SUSHI gap=86.1bps profit=$0.003 net=$-0.006"}
{"level":30,"time":1790817836264,"pid":1079,"hostname":"vm","msg":"  ARB>USDC@UniswapV3/100 USDC>ARB@PancakeV3/100 in=5.220 ARB gap=30.9bps profit=$0.002 net=$-0.010"}
{"level":30,"time":1790817864927,"pid":1079,"hostname":"vm","block":510514354,"gross":257,"net":0,"sumNetUsd":0,"gasPriceGwei":0.02,"txCostUsd":0.0134,"syncMs":28195,"searchMs":159,"msg":"block scanned"}
{"level":30,"time":1790817864927,"pid":1079,"hostname":"vm","msg":"  ARB>USDC@UniswapV3/500 USDC>ARB@PancakeV3/100 in=10.46 ARB gap=43.7bps profit=$0.004 net=$-0.007"}
{"level":30,"time":1790817864927,"pid":1079,"hostname":"vm","msg":"  ARB>USDC.e@UniswapV3/500 USDC.e>ARB@PancakeV3/500 in=24.58 ARB gap=23bps profit=$0.003 net=$-0.008"}
{"level":30,"time":1790817864927,"pid":1079,"hostname":"vm","msg":"  ARB>USDC@PancakeV3/500 USDC>ARB@PancakeV3/100 in=9.458 ARB gap=39.3bps profit=$0.003 net=$-0.008"}
{"level":30,"time":1790817864927,"pid":1079,"hostname":"vm","msg":"  SUSHI>WETH@SushiV2 WETH>SUSHI@UniswapV3/3000 in=8.980 SUSHI gap=86.1bps profit=$0.003 net=$-0.006"}
{"level":30,"time":1790817864927,"pid":1079,"hostname":"vm","msg":"  ARB>USDC@UniswapV3/100 USDC>ARB@PancakeV3/100 in=5.220 ARB gap=30.9bps profit=$0.002 net=$-0.010"}
{"level":30,"time":1790817865366,"pid":1079,"hostname":"vm","block":510514445,"gross":247,"net":0,"sumNetUsd":0,"gasPriceGwei":0.020732,"txCostUsd":0.0139,"syncMs":160,"searchMs":172,"msg":"block scanned"}
{"level":30,"time":1790817865366,"pid":1079,"hostname":"vm","msg":"  ARB>USDC@UniswapV3/500 USDC>ARB@PancakeV3/100 in=10.46 ARB gap=43.7bps profit=$0.004 net=$-0.007"}
{"level":30,"time":1790817865366,"pid":1079,"hostname":"vm","msg":"  ARB>USDC.e@UniswapV3/500 USDC.e>ARB@PancakeV3/500 in=24.58 ARB gap=23bps profit=$0.003 net=$-0.008"}
{"level":30,"time":1790817865366,"pid":1079,"hostname":"vm","msg":"  ARB>USDC@PancakeV3/500 USDC>ARB@PancakeV3/100 in=9.458 ARB gap=39.3bps profit=$0.003 net=$-0.008"}
{"level":30,"time":1790817865366,"pid":1079,"hostname":"vm","msg":"  SUSHI>WETH@SushiV2 WETH>SUSHI@UniswapV3/3000 in=8.980 SUSHI gap=86.1bps profit=$0.003 net=$-0.006"}
{"level":30,"time":1790817865366,"pid":1079,"hostname":"vm","msg":"  ARB>USDC@UniswapV3/100 USDC>ARB@PancakeV3/100 in=5.220 ARB gap=30.9bps profit=$0.002 net=$-0.010"}
{"level":30,"time":1790817866017,"pid":1079,"hostname":"vm","block":510514446,"gross":247,"net":0,"sumNetUsd":0,"gasPriceGwei":0.02,"txCostUsd":0.0134,"syncMs":182,"searchMs":164,"msg":"block scanned"}
{"level":30,"time":1790817866017,"pid":1079,"hostname":"vm","msg":"  ARB>USDC@UniswapV3/500 USDC>ARB@PancakeV3/100 in=10.46 ARB gap=43.7bps profit=$0.004 net=$-0.007"}
{"level":30,"time":1790817866017,"pid":1079,"hostname":"vm","msg":"  ARB>USDC.e@UniswapV3/500 USDC.e>ARB@PancakeV3/500 in=24.58 ARB gap=23bps profit=$0.003 net=$-0.008"}
{"level":30,"time":1790817866017,"pid":1079,"hostname":"vm","msg":"  ARB>USDC@PancakeV3/500 USDC>ARB@PancakeV3/100 in=9.458 ARB gap=39.3bps profit=$0.003 net=$-0.008"}
{"level":30,"time":1790817866017,"pid":1079,"hostname":"vm","msg":"  SUSHI>WETH@SushiV2 WETH>SUSHI@UniswapV3/3000 in=8.980 SUSHI gap=86.1bps profit=$0.003 net=$-0.006"}
{"level":30,"time":1790817866017,"pid":1079,"hostname":"vm","msg":"  ARB>USDC@UniswapV3/100 USDC>ARB@PancakeV3/100 in=5.220 ARB gap=30.9bps profit=$0.002 net=$-0.010"}
{"level":30,"time":1790817866634,"pid":1079,"hostname":"vm","block":510514447,"gross":247,"net":0,"sumNetUsd":0,"gasPriceGwei":0.02,"txCostUsd":0.0134,"syncMs":148,"searchMs":159,"msg":"block scanned"}
{"level":30,"time":1790817866634,"pid":1079,"hostname":"vm","msg":"  ARB>USDC@UniswapV3/500 USDC>ARB@PancakeV3/100 in=10.46 ARB gap=43.7bps profit=$0.004 net=$-0.007"}
{"level":30,"time":1790817866634,"pid":1079,"hostname":"vm","msg":"  ARB>USDC.e@UniswapV3/500 USDC.e>ARB@PancakeV3/500 in=24.58 ARB gap=23bps profit=$0.003 net=$-0.008"}
{"level":30,"time":1790817866634,"pid":1079,"hostname":"vm","msg":"  ARB>USDC@PancakeV3/500 USDC>ARB@PancakeV3/100 in=9.458 ARB gap=39.3bps profit=$0.003 net=$-0.008"}
{"level":30,"time":1790817866634,"pid":1079,"hostname":"vm","msg":"  SUSHI>WETH@SushiV2 WETH>SUSHI@UniswapV3/3000 in=8.980 SUSHI gap=86.1bps profit=$0.003 net=$-0.006"}
{"level":30,"time":1790817866634,"pid":1079,"hostname":"vm","msg":"  ARB>USDC@UniswapV3/100 USDC>ARB@PancakeV3/100 in=5.220 ARB gap=30.9bps profit=$0.002 net=$-0.010"}
{"level":30,"time":1790817867248,"pid":1079,"hostname":"vm","block":510514448,"gross":247,"net":0,"sumNetUsd":0,"gasPriceGwei":0.020022,"txCostUsd":0.0135,"syncMs":139,"searchMs":171,"msg":"block scanned"}
{"level":30,"time":1790817867248,"pid":1079,"hostname":"vm","msg":"  ARB>USDC@UniswapV3/500 USDC>ARB@PancakeV3/100 in=10.46 ARB gap=43.7bps profit=$0.004 net=$-0.007"}
{"level":30,"time":1790817867248,"pid":1079,"hostname":"vm","msg":"  ARB>USDC.e@UniswapV3/500 USDC.e>ARB@PancakeV3/500 in=24.58 ARB gap=23bps profit=$0.003 net=$-0.008"}
{"level":30,"time":1790817867248,"pid":1079,"hostname":"vm","msg":"  ARB>USDC@PancakeV3/500 USDC>ARB@PancakeV3/100 in=9.458 ARB gap=39.3bps profit=$0.003 net=$-0.008"}
{"level":30,"time":1790817867248,"pid":1079,"hostname":"vm","msg":"  SUSHI>WETH@SushiV2 WETH>SUSHI@UniswapV3/3000 in=8.980 SUSHI gap=86.1bps profit=$0.003 net=$-0.006"}
{"level":30,"time":1790817867248,"pid":1079,"hostname":"vm","msg":"  ARB>USDC@UniswapV3/100 USDC>ARB@PancakeV3/100 in=5.220 ARB gap=30.9bps profit=$0.002 net=$-0.010"}
{"level":30,"time":1790817867865,"pid":1079,"hostname":"vm","block":510514450,"gross":247,"net":0,"sumNetUsd":0,"gasPriceGwei":0.02,"txCostUsd":0.0134,"syncMs":143,"searchMs":167,"msg":"block scanned"}
{"level":30,"time":1790817867865,"pid":1079,"hostname":"vm","msg":"  ARB>USDC@UniswapV3/500 USDC>ARB@PancakeV3/100 in=10.46 ARB gap=43.7bps profit=$0.004 net=$-0.007"}
{"level":30,"time":1790817867865,"pid":1079,"hostname":"vm","msg":"  ARB>USDC.e@UniswapV3/500 USDC.e>ARB@PancakeV3/500 in=24.58 ARB gap=23bps profit=$0.003 net=$-0.008"}
{"level":30,"time":1790817867865,"pid":1079,"hostname":"vm","msg":"  ARB>USDC@PancakeV3/500 USDC>ARB@PancakeV3/100 in=9.458 ARB gap=39.3bps profit=$0.003 net=$-0.008"}
{"level":30,"time":1790817867865,"pid":1079,"hostname":"vm","msg":"  SUSHI>WETH@SushiV2 WETH>SUSHI@UniswapV3/3000 in=8.980 SUSHI gap=86.1bps profit=$0.003 net=$-0.006"}
{"level":30,"time":1790817867865,"pid":1079,"hostname":"vm","msg":"  ARB>USDC@UniswapV3/100 USDC>ARB@PancakeV3/100 in=5.220 ARB gap=30.9bps profit=$0.002 net=$-0.010"}
{"level":30,"time":1790817868528,"pid":1079,"hostname":"vm","block":510514452,"gross":247,"net":0,"sumNetUsd":0,"gasPriceGwei":0.02,"txCostUsd":0.0134,"syncMs":188,"searchMs":172,"msg":"block scanned"}
{"level":30,"time":1790817868528,"pid":1079,"hostname":"vm","msg":"  ARB>USDC@UniswapV3/500 USDC>ARB@PancakeV3/100 in=10.46 ARB gap=43.7bps profit=$0.004 net=$-0.007"}
{"level":30,"time":1790817868528,"pid":1079,"hostname":"vm","msg":"  ARB>USDC.e@UniswapV3/500 USDC.e>ARB@PancakeV3/500 in=24.58 ARB gap=23bps profit=$0.003 net=$-0.008"}
{"level":30,"time":1790817868528,"pid":1079,"hostname":"vm","msg":"  ARB>USDC@PancakeV3/500 USDC>ARB@PancakeV3/100 in=9.458 ARB gap=39.3bps profit=$0.003 net=$-0.008"}
{"level":30,"time":1790817868528,"pid":1079,"hostname":"vm","msg":"  SUSHI>WETH@SushiV2 WETH>SUSHI@UniswapV3/3000 in=8.980 SUSHI gap=86.1bps profit=$0.003 net=$-0.006"}
{"level":30,"time":1790817868528,"pid":1079,"hostname":"vm","msg":"  ARB>USDC@UniswapV3/100 USDC>ARB@PancakeV3/100 in=5.220 ARB gap=30.9bps profit=$0.002 net=$-0.010"}
{"level":30,"time":1790817869067,"pid":1079,"hostname":"vm","block":510514454,"gross":247,"net":0,"sumNetUsd":0,"gasPriceGwei":0.02001,"txCostUsd":0.0135,"syncMs":160,"searchMs":179,"msg":"block scanned"}
{"level":30,"time":1790817869067,"pid":1079,"hostname":"vm","msg":"  ARB>USDC@UniswapV3/500 USDC>ARB@PancakeV3/100 in=10.46 ARB gap=43.7bps profit=$0.004 net=$-0.007"}
{"level":30,"time":1790817869067,"pid":1079,"hostname":"vm","msg":"  ARB>USDC@PancakeV3/500 USDC>ARB@PancakeV3/100 in=10.29 ARB gap=42.3bps profit=$0.004 net=$-0.007"}
{"level":30,"time":1790817869067,"pid":1079,"hostname":"vm","msg":"  ARB>USDC.e@UniswapV3/500 USDC.e>ARB@PancakeV3/500 in=24.58 ARB gap=23bps profit=$0.003 net=$-0.008"}
{"level":30,"time":1790817869067,"pid":1079,"hostname":"vm","msg":"  SUSHI>WETH@SushiV2 WETH>SUSHI@UniswapV3/3000 in=8.980 SUSHI gap=86.1bps profit=$0.003 net=$-0.006"}
{"level":30,"time":1790817869067,"pid":1079,"hostname":"vm","msg":"  ARB>USDC@UniswapV3/100 USDC>ARB@PancakeV3/100 in=5.220 ARB gap=30.9bps profit=$0.002 net=$-0.010"}
{"level":30,"time":1790817869722,"pid":1079,"hostname":"vm","block":510514456,"gross":247,"net":0,"sumNetUsd":0,"gasPriceGwei":0.020002,"txCostUsd":0.0134,"syncMs":185,"searchMs":163,"msg":"block scanned"}
{"level":30,"time":1790817869722,"pid":1079,"hostname":"vm","msg":"  ARB>USDC@UniswapV3/500 USDC>ARB@PancakeV3/100 in=10.46 ARB gap=43.7bps profit=$0.004 net=$-0.007"}
{"level":30,"time":1790817869722,"pid":1079,"hostname":"vm","msg":"  ARB>USDC@PancakeV3/500 USDC>ARB@PancakeV3/100 in=10.29 ARB gap=42.3bps profit=$0.004 net=$-0.007"}
{"level":30,"time":1790817869722,"pid":1079,"hostname":"vm","msg":"  ARB>USDC.e@UniswapV3/500 USDC.e>ARB@PancakeV3/500 in=24.58 ARB gap=23bps profit=$0.003 net=$-0.008"}
{"level":30,"time":1790817869722,"pid":1079,"hostname":"vm","msg":"  SUSHI>WETH@SushiV2 WETH>SUSHI@UniswapV3/3000 in=8.980 SUSHI gap=86.1bps profit=$0.003 net=$-0.006"}
{"level":30,"time":1790817869722,"pid":1079,"hostname":"vm","msg":"  ARB>USDC@UniswapV3/100 USDC>ARB@PancakeV3/100 in=5.220 ARB gap=30.9bps profit=$0.002 net=$-0.010"}
{"level":30,"time":1790817870261,"pid":1079,"hostname":"vm","block":510514458,"gross":247,"net":0,"sumNetUsd":0,"gasPriceGwei":0.020032,"txCostUsd":0.0135,"syncMs":159,"searchMs":160,"msg":"block scanned"}
{"level":30,"time":1790817870261,"pid":1079,"hostname":"vm","msg":"  ARB>USDC@UniswapV3/500 USDC>ARB@PancakeV3/100 in=10.46 ARB gap=43.7bps profit=$0.004 net=$-0.007"}
{"level":30,"time":1790817870261,"pid":1079,"hostname":"vm","msg":"  ARB>USDC@PancakeV3/500 USDC>ARB@PancakeV3/100 in=10.29 ARB gap=42.3bps profit=$0.004 net=$-0.007"}
{"level":30,"time":1790817870261,"pid":1079,"hostname":"vm","msg":"  ARB>USDC.e@UniswapV3/500 USDC.e>ARB@PancakeV3/500 in=24.58 ARB gap=23bps profit=$0.003 net=$-0.008"}
{"level":30,"time":1790817870261,"pid":1079,"hostname":"vm","msg":"  SUSHI>WETH@SushiV2 WETH>SUSHI@UniswapV3/3000 in=8.980 SUSHI gap=86.1bps profit=$0.003 net=$-0.006"}
{"level":30,"time":1790817870261,"pid":1079,"hostname":"vm","msg":"  ARB>USDC@UniswapV3/100 USDC>ARB@PancakeV3/100 in=5.220 ARB gap=30.9bps profit=$0.002 net=$-0.010"}
{"level":30,"time":1790817870890,"pid":1079,"hostname":"vm","block":510514461,"gross":247,"net":0,"sumNetUsd":0,"gasPriceGwei":0.020018,"txCostUsd":0.0135,"syncMs":159,"searchMs":161,"msg":"block scanned"}
{"level":30,"time":1790817870890,"pid":1079,"hostname":"vm","msg":"  ARB>USDC@UniswapV3/500 USDC>ARB@PancakeV3/100 in=10.46 ARB gap=43.7bps profit=$0.004 net=$-0.007"}
{"level":30,"time":1790817870890,"pid":1079,"hostname":"vm","msg":"  ARB>USDC@PancakeV3/500 USDC>ARB@PancakeV3/100 in=10.29 ARB gap=42.3bps profit=$0.004 net=$-0.007"}
{"level":30,"time":1790817870890,"pid":1079,"hostname":"vm","msg":"  ARB>USDC.e@UniswapV3/500 USDC.e>ARB@PancakeV3/500 in=24.58 ARB gap=23bps profit=$0.003 net=$-0.008"}
{"level":30,"time":1790817870890,"pid":1079,"hostname":"vm","msg":"  SUSHI>WETH@SushiV2 WETH>SUSHI@UniswapV3/3000 in=8.980 SUSHI gap=86.1bps profit=$0.003 net=$-0.006"}
{"level":30,"time":1790817870890,"pid":1079,"hostname":"vm","msg":"  ARB>USDC@UniswapV3/100 USDC>ARB@PancakeV3/100 in=5.220 ARB gap=30.9bps profit=$0.002 net=$-0.010"}
{"level":30,"time":1790817871524,"pid":1079,"hostname":"vm","block":510514463,"gross":247,"net":0,"sumNetUsd":0,"gasPriceGwei":0.020188,"txCostUsd":0.0136,"syncMs":165,"searchMs":162,"msg":"block scanned"}
{"level":30,"time":1790817871524,"pid":1079,"hostname":"vm","msg":"  ARB>USDC@UniswapV3/500 USDC>ARB@PancakeV3/100 in=10.46 ARB gap=43.7bps profit=$0.004 net=$-0.007"}
{"level":30,"time":1790817871524,"pid":1079,"hostname":"vm","msg":"  ARB>USDC@PancakeV3/500 USDC>ARB@PancakeV3/100 in=10.29 ARB gap=42.3bps profit=$0.004 net=$-0.007"}
{"level":30,"time":1790817871524,"pid":1079,"hostname":"vm","msg":"  ARB>USDC.e@UniswapV3/500 USDC.e>ARB@PancakeV3/500 in=24.58 ARB gap=23bps profit=$0.003 net=$-0.008"}
{"level":30,"time":1790817871524,"pid":1079,"hostname":"vm","msg":"  SUSHI>WETH@SushiV2 WETH>SUSHI@UniswapV3/3000 in=8.980 SUSHI gap=86.1bps profit=$0.003 net=$-0.006"}
{"level":30,"time":1790817871524,"pid":1079,"hostname":"vm","msg":"  ARB>USDC@UniswapV3/100 USDC>ARB@PancakeV3/100 in=5.220 ARB gap=30.9bps profit=$0.002 net=$-0.010"}
{"level":30,"time":1790817872146,"pid":1079,"hostname":"vm","block":510514465,"gross":247,"net":0,"sumNetUsd":0,"gasPriceGwei":0.020016,"txCostUsd":0.0135,"syncMs":177,"searchMs":131,"msg":"block scanned"}
{"level":30,"time":1790817872146,"pid":1079,"hostname":"vm","msg":"  ARB>USDC@UniswapV3/500 USDC>ARB@PancakeV3/100 in=10.46 ARB gap=43.7bps profit=$0.004 net=$-0.007"}
{"level":30,"time":1790817872146,"pid":1079,"hostname":"vm","msg":"  ARB>USDC@PancakeV3/500 USDC>ARB@PancakeV3/100 in=10.29 ARB gap=42.3bps profit=$0.004 net=$-0.007"}
{"level":30,"time":1790817872146,"pid":1079,"hostname":"vm","msg":"  ARB>USDC.e@UniswapV3/500 USDC.e>ARB@PancakeV3/500 in=24.58 ARB gap=23bps profit=$0.003 net=$-0.008"}
{"level":30,"time":1790817872146,"pid":1079,"hostname":"vm","msg":"  SUSHI>WETH@SushiV2 WETH>SUSHI@UniswapV3/3000 in=8.980 SUSHI gap=86.1bps profit=$0.003 net=$-0.006"}
{"level":30,"time":1790817872146,"pid":1079,"hostname":"vm","msg":"  ARB>USDC@UniswapV3/100 USDC>ARB@PancakeV3/100 in=5.220 ARB gap=30.9bps profit=$0.002 net=$-0.010"}
{"level":30,"time":1790817872744,"pid":1079,"hostname":"vm","block":510514467,"gross":247,"net":0,"sumNetUsd":0,"gasPriceGwei":0.02,"txCostUsd":0.0134,"syncMs":147,"searchMs":133,"msg":"block scanned"}
{"level":30,"time":1790817872745,"pid":1079,"hostname":"vm","msg":"  ARB>USDC@UniswapV3/500 USDC>ARB@PancakeV3/100 in=10.46 ARB gap=43.7bps profit=$0.004 net=$-0.007"}
{"level":30,"time":1790817872745,"pid":1079,"hostname":"vm","msg":"  ARB>USDC@PancakeV3/500 USDC>ARB@PancakeV3/100 in=10.29 ARB gap=42.3bps profit=$0.004 net=$-0.007"}
{"level":30,"time":1790817872745,"pid":1079,"hostname":"vm","msg":"  ARB>USDC.e@UniswapV3/500 USDC.e>ARB@PancakeV3/500 in=24.58 ARB gap=23bps profit=$0.003 net=$-0.008"}
{"level":30,"time":1790817872745,"pid":1079,"hostname":"vm","msg":"  SUSHI>WETH@SushiV2 WETH>SUSHI@UniswapV3/3000 in=8.980 SUSHI gap=86.1bps profit=$0.003 net=$-0.006"}
{"level":30,"time":1790817872745,"pid":1079,"hostname":"vm","msg":"  ARB>USDC@UniswapV3/100 USDC>ARB@PancakeV3/100 in=5.220 ARB gap=30.9bps profit=$0.002 net=$-0.010"}
{"level":30,"time":1790817873347,"pid":1079,"hostname":"vm","block":510514470,"gross":247,"net":0,"sumNetUsd":0,"gasPriceGwei":0.020256,"txCostUsd":0.0136,"syncMs":168,"searchMs":133,"msg":"block scanned"}
{"level":30,"time":1790817873347,"pid":1079,"hostname":"vm","msg":"  ARB>USDC@UniswapV3/500 USDC>ARB@PancakeV3/100 in=10.46 ARB gap=43.7bps profit=$0.004 net=$-0.007"}
{"level":30,"time":1790817873347,"pid":1079,"hostname":"vm","msg":"  ARB>USDC@PancakeV3/500 USDC>ARB@PancakeV3/100 in=10.29 ARB gap=42.3bps profit=$0.004 net=$-0.007"}
{"level":30,"time":1790817873347,"pid":1079,"hostname":"vm","msg":"  ARB>USDC.e@UniswapV3/500 USDC.e>ARB@PancakeV3/500 in=24.58 ARB gap=23bps profit=$0.003 net=$-0.008"}
{"level":30,"time":1790817873347,"pid":1079,"hostname":"vm","msg":"  SUSHI>WETH@SushiV2 WETH>SUSHI@UniswapV3/3000 in=8.980 SUSHI gap=86.1bps profit=$0.003 net=$-0.006"}
{"level":30,"time":1790817873347,"pid":1079,"hostname":"vm","msg":"  ARB>USDC@UniswapV3/100 USDC>ARB@PancakeV3/100 in=5.220 ARB gap=30.9bps profit=$0.002 net=$-0.010"}
{"level":30,"time":1790817957376,"pid":1079,"hostname":"vm","block":510514472,"gross":247,"net":0,"sumNetUsd":0,"gasPriceGwei":0.020124,"txCostUsd":0.0135,"syncMs":83540,"searchMs":181,"msg":"block scanned"}
{"level":30,"time":1790817957376,"pid":1079,"hostname":"vm","msg":"  ARB>USDC@UniswapV3/500 USDC>ARB@PancakeV3/100 in=10.46 ARB gap=43.7bps profit=$0.004 net=$-0.007"}
{"level":30,"time":1790817957376,"pid":1079,"hostname":"vm","msg":"  ARB>USDC@PancakeV3/500 USDC>ARB@PancakeV3/100 in=10.29 ARB gap=42.3bps profit=$0.004 net=$-0.007"}
{"level":30,"time":1790817957376,"pid":1079,"hostname":"vm","msg":"  ARB>USDC.e@UniswapV3/500 USDC.e>ARB@PancakeV3/500 in=24.58 ARB gap=23bps profit=$0.003 net=$-0.008"}
{"level":30,"time":1790817957376,"pid":1079,"hostname":"vm","msg":"  SUSHI>WETH@SushiV2 WETH>SUSHI@UniswapV3/3000 in=8.980 SUSHI gap=86.1bps profit=$0.003 net=$-0.006"}
{"level":30,"time":1790817957376,"pid":1079,"hostname":"vm","msg":"  ARB>USDC@UniswapV3/100 USDC>ARB@PancakeV3/100 in=5.220 ARB gap=30.9bps profit=$0.002 net=$-0.010"}
{"level":30,"time":1790817957836,"pid":1079,"hostname":"vm","block":510514761,"gross":267,"net":2,"sumNetUsd":0.004,"gasPriceGwei":0.02,"txCostUsd":0.0134,"syncMs":165,"searchMs":197,"msg":"block scanned"}
{"level":30,"time":1790817957836,"pid":1079,"hostname":"vm","msg":"  ARB>USDC.e@UniswapV3/500 USDC.e>ARB@PancakeV3/500 in=49.58 ARB gap=36.2bps profit=$0.013 net=$0.002"}
{"level":30,"time":1790817957836,"pid":1079,"hostname":"vm","msg":"  ARB>USDC@PancakeV3/500 USDC>ARB@PancakeV3/100 in=13.46 ARB gap=53.5bps profit=$0.007 net=$-0.005"}
{"level":30,"time":1790817957836,"pid":1079,"hostname":"vm","msg":"  ARB>USDC@UniswapV3/500 USDC>ARB@PancakeV3/100 in=12.90 ARB gap=52.6bps profit=$0.006 net=$-0.005"}
{"level":30,"time":1790817957836,"pid":1079,"hostname":"vm","msg":"  ARB>USDC.e@UniswapV3/500 USDC.e>ARB@PancakeV3/100 in=16.35 ARB gap=22.7bps profit=$0.003 net=$-0.008"}
{"level":30,"time":1790817957836,"pid":1079,"hostname":"vm","msg":"  SUSHI>WETH@SushiV2 WETH>SUSHI@UniswapV3/3000 in=8.980 SUSHI gap=86.1bps profit=$0.003 net=$-0.006"}
{"level":30,"time":1790817958316,"pid":1079,"hostname":"vm","block":510514763,"gross":267,"net":2,"sumNetUsd":0.004,"gasPriceGwei":0.020004,"txCostUsd":0.0135,"syncMs":130,"searchMs":150,"msg":"block scanned"}
{"level":30,"time":1790817958316,"pid":1079,"hostname":"vm","msg":"  ARB>USDC.e@UniswapV3/500 USDC.e>ARB@PancakeV3/500 in=49.58 ARB gap=36.2bps profit=$0.013 net=$0.002"}
{"level":30,"time":1790817958316,"pid":1079,"hostname":"vm","msg":"  ARB>USDC@PancakeV3/500 USDC>ARB@PancakeV3/100 in=13.46 ARB gap=53.5bps profit=$0.007 net=$-0.005"}
{"level":30,"time":1790817958316,"pid":1079,"hostname":"vm","msg":"  ARB>USDC@UniswapV3/500 USDC>ARB@PancakeV3/100 in=12.90 ARB gap=52.6bps profit=$0.006 net=$-0.005"}
{"level":30,"time":1790817958316,"pid":1079,"hostname":"vm","msg":"  ARB>USDC.e@UniswapV3/500 USDC.e>ARB@PancakeV3/100 in=16.35 ARB gap=22.7bps profit=$0.003 net=$-0.008"}
{"level":30,"time":1790817958316,"pid":1079,"hostname":"vm","msg":"  SUSHI>WETH@SushiV2 WETH>SUSHI@UniswapV3/3000 in=8.980 SUSHI gap=86.1bps profit=$0.003 net=$-0.006"}
{"level":30,"time":1790817958938,"pid":1079,"hostname":"vm","block":510514766,"gross":267,"net":2,"sumNetUsd":0.004,"gasPriceGwei":0.020044,"txCostUsd":0.0135,"syncMs":164,"searchMs":151,"msg":"block scanned"}
{"level":30,"time":1790817958938,"pid":1079,"hostname":"vm","msg":"  ARB>USDC.e@UniswapV3/500 USDC.e>ARB@PancakeV3/500 in=49.58 ARB gap=36.2bps profit=$0.013 net=$0.002"}
{"level":30,"time":1790817958938,"pid":1079,"hostname":"vm","msg":"  ARB>USDC@PancakeV3/500 USDC>ARB@PancakeV3/100 in=13.46 ARB gap=53.5bps profit=$0.007 net=$-0.005"}
{"level":30,"time":1790817958938,"pid":1079,"hostname":"vm","msg":"  ARB>USDC@UniswapV3/500 USDC>ARB@PancakeV3/100 in=12.90 ARB gap=52.6bps profit=$0.006 net=$-0.005"}
{"level":30,"time":1790817958938,"pid":1079,"hostname":"vm","msg":"  ARB>USDC.e@UniswapV3/500 USDC.e>ARB@PancakeV3/100 in=16.35 ARB gap=22.7bps profit=$0.003 net=$-0.008"}
{"level":30,"time":1790817958938,"pid":1079,"hostname":"vm","msg":"  SUSHI>WETH@SushiV2 WETH>SUSHI@UniswapV3/3000 in=8.980 SUSHI gap=86.1bps profit=$0.003 net=$-0.006"}
{"level":30,"time":1790817959544,"pid":1079,"hostname":"vm","block":510514768,"gross":267,"net":2,"sumNetUsd":0.004,"gasPriceGwei":0.020084,"txCostUsd":0.0135,"syncMs":137,"searchMs":154,"msg":"block scanned"}
{"level":30,"time":1790817959544,"pid":1079,"hostname":"vm","msg":"  ARB>USDC.e@UniswapV3/500 USDC.e>ARB@PancakeV3/500 in=49.58 ARB gap=36.2bps profit=$0.013 net=$0.002"}
{"level":30,"time":1790817959544,"pid":1079,"hostname":"vm","msg":"  ARB>USDC@PancakeV3/500 USDC>ARB@PancakeV3/100 in=13.46 ARB gap=53.5bps profit=$0.007 net=$-0.005"}
{"level":30,"time":1790817959544,"pid":1079,"hostname":"vm","msg":"  ARB>USDC@UniswapV3/500 USDC>ARB@PancakeV3/100 in=12.90 ARB gap=52.6bps profit=$0.006 net=$-0.005"}
{"level":30,"time":1790817959544,"pid":1079,"hostname":"vm","msg":"  ARB>USDC.e@UniswapV3/500 USDC.e>ARB@PancakeV3/100 in=16.35 ARB gap=22.7bps profit=$0.003 net=$-0.008"}
{"level":30,"time":1790817959544,"pid":1079,"hostname":"vm","msg":"  SUSHI>WETH@SushiV2 WETH>SUSHI@UniswapV3/3000 in=8.980 SUSHI gap=86.1bps profit=$0.003 net=$-0.006"}
{"level":30,"time":1790817960204,"pid":1079,"hostname":"vm","block":510514769,"gross":267,"net":2,"sumNetUsd":0.004,"gasPriceGwei":0.020076,"txCostUsd":0.0135,"syncMs":179,"searchMs":177,"msg":"block scanned"}
{"level":30,"time":1790817960204,"pid":1079,"hostname":"vm","msg":"  ARB>USDC.e@UniswapV3/500 USDC.e>ARB@PancakeV3/500 in=49.58 ARB gap=36.2bps profit=$0.013 net=$0.002"}
{"level":30,"time":1790817960204,"pid":1079,"hostname":"vm","msg":"  ARB>USDC@PancakeV3/500 USDC>ARB@PancakeV3/100 in=13.46 ARB gap=53.5bps profit=$0.007 net=$-0.005"}
{"level":30,"time":1790817960204,"pid":1079,"hostname":"vm","msg":"  ARB>USDC@UniswapV3/500 USDC>ARB@PancakeV3/100 in=12.90 ARB gap=52.6bps profit=$0.006 net=$-0.005"}
{"level":30,"time":1790817960204,"pid":1079,"hostname":"vm","msg":"  ARB>USDC.e@UniswapV3/500 USDC.e>ARB@PancakeV3/100 in=16.35 ARB gap=22.7bps profit=$0.003 net=$-0.008"}
{"level":30,"time":1790817960204,"pid":1079,"hostname":"vm","msg":"  SUSHI>WETH@SushiV2 WETH>SUSHI@UniswapV3/3000 in=8.980 SUSHI gap=86.1bps profit=$0.003 net=$-0.006"}
{"level":30,"time":1790817960741,"pid":1079,"hostname":"vm","block":510514771,"gross":267,"net":2,"sumNetUsd":0.004,"gasPriceGwei":0.02,"txCostUsd":0.0134,"syncMs":170,"searchMs":158,"msg":"block scanned"}
{"level":30,"time":1790817960741,"pid":1079,"hostname":"vm","msg":"  ARB>USDC.e@UniswapV3/500 USDC.e>ARB@PancakeV3/500 in=49.58 ARB gap=36.2bps profit=$0.013 net=$0.002"}
{"level":30,"time":1790817960741,"pid":1079,"hostname":"vm","msg":"  ARB>USDC@PancakeV3/500 USDC>ARB@PancakeV3/100 in=13.46 ARB gap=53.5bps profit=$0.007 net=$-0.005"}
{"level":30,"time":1790817960741,"pid":1079,"hostname":"vm","msg":"  ARB>USDC@UniswapV3/500 USDC>ARB@PancakeV3/100 in=12.90 ARB gap=52.6bps profit=$0.006 net=$-0.005"}
{"level":30,"time":1790817960741,"pid":1079,"hostname":"vm","msg":"  ARB>USDC.e@UniswapV3/500 USDC.e>ARB@PancakeV3/100 in=16.35 ARB gap=22.7bps profit=$0.003 net=$-0.008"}
{"level":30,"time":1790817960741,"pid":1079,"hostname":"vm","msg":"  SUSHI>WETH@SushiV2 WETH>SUSHI@UniswapV3/3000 in=8.980 SUSHI gap=86.1bps profit=$0.003 net=$-0.006"}
{"level":30,"time":1790817961381,"pid":1079,"hostname":"vm","block":510514774,"gross":269,"net":4,"sumNetUsd":0.01,"gasPriceGwei":0.02003,"txCostUsd":0.0135,"syncMs":145,"searchMs":184,"msg":"block scanned"}
{"level":30,"time":1790817961381,"pid":1079,"hostname":"vm","msg":"  ARB>USDC.e@UniswapV3/500 USDC.e>ARB@PancakeV3/500 in=49.58 ARB gap=36.2bps profit=$0.013 net=$0.002"}
{"level":30,"time":1790817961381,"pid":1079,"hostname":"vm","msg":"  ARB>USDC@PancakeV3/500 USDC>ARB@PancakeV3/100 in=13.46 ARB gap=53.5bps profit=$0.007 net=$-0.005"}
{"level":30,"time":1790817961381,"pid":1079,"hostname":"vm","msg":"  ARB>USDC@UniswapV3/500 USDC>ARB@PancakeV3/100 in=12.90 ARB gap=52.6bps profit=$0.006 net=$-0.005"}
{"level":30,"time":1790817961381,"pid":1079,"hostname":"vm","msg":"  ARB>USDC.e@UniswapV3/500 USDC.e>ARB@PancakeV3/100 in=16.35 ARB gap=22.7bps profit=$0.003 net=$-0.008"}
{"level":30,"time":1790817961381,"pid":1079,"hostname":"vm","msg":"  SUSHI>WETH@SushiV2 WETH>SUSHI@UniswapV3/3000 in=8.980 SUSHI gap=86.1bps profit=$0.003 net=$-0.006"}
{"level":30,"time":1790817962050,"pid":1079,"hostname":"vm","block":510514776,"gross":269,"net":4,"sumNetUsd":0.01,"gasPriceGwei":0.020012,"txCostUsd":0.0135,"syncMs":183,"searchMs":179,"msg":"block scanned"}
{"level":30,"time":1790817962050,"pid":1079,"hostname":"vm","msg":"  ARB>USDC.e@UniswapV3/500 USDC.e>ARB@PancakeV3/500 in=49.58 ARB gap=36.2bps profit=$0.013 net=$0.002"}
{"level":30,"time":1790817962050,"pid":1079,"hostname":"vm","msg":"  ARB>USDC@PancakeV3/500 USDC>ARB@PancakeV3/100 in=13.46 ARB gap=53.5bps profit=$0.007 net=$-0.005"}
{"level":30,"time":1790817962050,"pid":1079,"hostname":"vm","msg":"  ARB>USDC@UniswapV3/500 USDC>ARB@PancakeV3/100 in=12.90 ARB gap=52.6bps profit=$0.006 net=$-0.005"}
{"level":30,"time":1790817962050,"pid":1079,"hostname":"vm","msg":"  ARB>USDC.e@UniswapV3/500 USDC.e>ARB@PancakeV3/100 in=16.35 ARB gap=22.7bps profit=$0.003 net=$-0.008"}
{"level":30,"time":1790817962050,"pid":1079,"hostname":"vm","msg":"  SUSHI>WETH@SushiV2 WETH>SUSHI@UniswapV3/3000 in=8.980 SUSHI gap=86.1bps profit=$0.003 net=$-0.006"}
{"level":30,"time":1790817962555,"pid":1079,"hostname":"vm","block":510514778,"gross":269,"net":4,"sumNetUsd":0.01,"gasPriceGwei":0.020014,"txCostUsd":0.0135,"syncMs":137,"searchMs":153,"msg":"block scanned"}
{"level":30,"time":1790817962556,"pid":1079,"hostname":"vm","msg":"  ARB>USDC.e@UniswapV3/500 USDC.e>ARB@PancakeV3/500 in=49.58 ARB gap=36.2bps profit=$0.013 net=$0.002"}
{"level":30,"time":1790817962556,"pid":1079,"hostname":"vm","msg":"  ARB>USDC@PancakeV3/500 USDC>ARB@PancakeV3/100 in=13.46 ARB gap=53.5bps profit=$0.007 net=$-0.005"}
{"level":30,"time":1790817962556,"pid":1079,"hostname":"vm","msg":"  ARB>USDC@UniswapV3/500 USDC>ARB@PancakeV3/100 in=12.90 ARB gap=52.6bps profit=$0.006 net=$-0.005"}
{"level":30,"time":1790817962556,"pid":1079,"hostname":"vm","msg":"  ARB>USDC.e@UniswapV3/500 USDC.e>ARB@PancakeV3/100 in=16.35 ARB gap=22.7bps profit=$0.003 net=$-0.008"}
{"level":30,"time":1790817962556,"pid":1079,"hostname":"vm","msg":"  SUSHI>WETH@SushiV2 WETH>SUSHI@UniswapV3/3000 in=8.980 SUSHI gap=86.1bps profit=$0.003 net=$-0.006"}
{"level":30,"time":1790817963210,"pid":1079,"hostname":"vm","block":510514780,"gross":269,"net":4,"sumNetUsd":0.01,"gasPriceGwei":0.020032,"txCostUsd":0.0135,"syncMs":144,"searchMs":203,"msg":"block scanned"}
{"level":30,"time":1790817963210,"pid":1079,"hostname":"vm","msg":"  ARB>USDC.e@UniswapV3/500 USDC.e>ARB@PancakeV3/500 in=49.58 ARB gap=36.2bps profit=$0.013 net=$0.002"}
{"level":30,"time":1790817963210,"pid":1079,"hostname":"vm","msg":"  ARB>USDC@PancakeV3/500 USDC>ARB@PancakeV3/100 in=13.46 ARB gap=53.5bps profit=$0.007 net=$-0.005"}
{"level":30,"time":1790817963210,"pid":1079,"hostname":"vm","msg":"  ARB>USDC@UniswapV3/500 USDC>ARB@PancakeV3/100 in=12.90 ARB gap=52.6bps profit=$0.006 net=$-0.005"}
{"level":30,"time":1790817963210,"pid":1079,"hostname":"vm","msg":"  ARB>USDC.e@UniswapV3/500 USDC.e>ARB@PancakeV3/100 in=16.35 ARB gap=22.7bps profit=$0.003 net=$-0.008"}
{"level":30,"time":1790817963210,"pid":1079,"hostname":"vm","msg":"  SUSHI>WETH@SushiV2 WETH>SUSHI@UniswapV3/3000 in=8.980 SUSHI gap=86.1bps profit=$0.003 net=$-0.006"}
{"level":30,"time":1790817963777,"pid":1079,"hostname":"vm","block":510514782,"gross":269,"net":4,"sumNetUsd":0.01,"gasPriceGwei":0.02,"txCostUsd":0.0134,"syncMs":176,"searchMs":186,"msg":"block scanned"}
{"level":30,"time":1790817963777,"pid":1079,"hostname":"vm","msg":"  ARB>USDC.e@UniswapV3/500 USDC.e>ARB@PancakeV3/500 in=49.58 ARB gap=36.2bps profit=$0.013 net=$0.002"}
{"level":30,"time":1790817963777,"pid":1079,"hostname":"vm","msg":"  ARB>USDC@PancakeV3/500 USDC>ARB@PancakeV3/100 in=13.46 ARB gap=53.5bps profit=$0.007 net=$-0.005"}
{"level":30,"time":1790817963777,"pid":1079,"hostname":"vm","msg":"  ARB>USDC@UniswapV3/500 USDC>ARB@PancakeV3/100 in=12.90 ARB gap=52.6bps profit=$0.006 net=$-0.005"}
{"level":30,"time":1790817963777,"pid":1079,"hostname":"vm","msg":"  ARB>USDC.e@UniswapV3/500 USDC.e>ARB@PancakeV3/100 in=16.35 ARB gap=22.7bps profit=$0.003 net=$-0.008"}
{"level":30,"time":1790817963777,"pid":1079,"hostname":"vm","msg":"  SUSHI>WETH@SushiV2 WETH>SUSHI@UniswapV3/3000 in=8.980 SUSHI gap=86.1bps profit=$0.003 net=$-0.006"}
{"level":30,"time":1790817964307,"pid":1079,"hostname":"vm","block":510514784,"gross":269,"net":4,"sumNetUsd":0.01,"gasPriceGwei":0.020072,"txCostUsd":0.0135,"syncMs":137,"searchMs":185,"msg":"block scanned"}
{"level":30,"time":1790817964307,"pid":1079,"hostname":"vm","msg":"  ARB>USDC.e@UniswapV3/500 USDC.e>ARB@PancakeV3/500 in=49.58 ARB gap=36.2bps profit=$0.013 net=$0.002"}
{"level":30,"time":1790817964307,"pid":1079,"hostname":"vm","msg":"  ARB>USDC@PancakeV3/500 USDC>ARB@PancakeV3/100 in=13.46 ARB gap=53.5bps profit=$0.007 net=$-0.005"}
{"level":30,"time":1790817964307,"pid":1079,"hostname":"vm","msg":"  ARB>USDC@UniswapV3/500 USDC>ARB@PancakeV3/100 in=12.90 ARB gap=52.6bps profit=$0.006 net=$-0.005"}
{"level":30,"time":1790817964307,"pid":1079,"hostname":"vm","msg":"  ARB>USDC.e@UniswapV3/500 USDC.e>ARB@PancakeV3/100 in=16.35 ARB gap=22.7bps profit=$0.003 net=$-0.008"}
{"level":30,"time":1790817964307,"pid":1079,"hostname":"vm","msg":"  SUSHI>WETH@SushiV2 WETH>SUSHI@UniswapV3/3000 in=8.980 SUSHI gap=86.1bps profit=$0.003 net=$-0.006"}
{"level":30,"time":1790817964968,"pid":1079,"hostname":"vm","block":510514786,"gross":269,"net":4,"sumNetUsd":0.01,"gasPriceGwei":0.020002,"txCostUsd":0.0135,"syncMs":171,"searchMs":181,"msg":"block scanned"}
{"level":30,"time":1790817964968,"pid":1079,"hostname":"vm","msg":"  ARB>USDC.e@UniswapV3/500 USDC.e>ARB@PancakeV3/500 in=49.58 ARB gap=36.2bps profit=$0.013 net=$0.002"}
{"level":30,"time":1790817964968,"pid":1079,"hostname":"vm","msg":"  ARB>USDC@PancakeV3/500 USDC>ARB@PancakeV3/100 in=13.46 ARB gap=53.5bps profit=$0.007 net=$-0.005"}
{"level":30,"time":1790817964968,"pid":1079,"hostname":"vm","msg":"  ARB>USDC@UniswapV3/500 USDC>ARB@PancakeV3/100 in=12.90 ARB gap=52.6bps profit=$0.006 net=$-0.005"}
{"level":30,"time":1790817964968,"pid":1079,"hostname":"vm","msg":"  ARB>USDC.e@UniswapV3/500 USDC.e>ARB@PancakeV3/100 in=16.35 ARB gap=22.7bps profit=$0.003 net=$-0.008"}
{"level":30,"time":1790817964968,"pid":1079,"hostname":"vm","msg":"  SUSHI>WETH@SushiV2 WETH>SUSHI@UniswapV3/3000 in=8.980 SUSHI gap=86.1bps profit=$0.003 net=$-0.006"}
{"level":30,"time":1790817965515,"pid":1079,"hostname":"vm","block":510514788,"gross":269,"net":4,"sumNetUsd":0.01,"gasPriceGwei":0.020012,"txCostUsd":0.0135,"syncMs":155,"searchMs":182,"msg":"block scanned"}
{"level":30,"time":1790817965515,"pid":1079,"hostname":"vm","msg":"  ARB>USDC.e@UniswapV3/500 USDC.e>ARB@PancakeV3/500 in=49.58 ARB gap=36.2bps profit=$0.013 net=$0.002"}
{"level":30,"time":1790817965515,"pid":1079,"hostname":"vm","msg":"  ARB>USDC@PancakeV3/500 USDC>ARB@PancakeV3/100 in=13.46 ARB gap=53.5bps profit=$0.007 net=$-0.005"}
{"level":30,"time":1790817965515,"pid":1079,"hostname":"vm","msg":"  ARB>USDC@UniswapV3/500 USDC>ARB@PancakeV3/100 in=12.90 ARB gap=52.6bps profit=$0.006 net=$-0.005"}
{"level":30,"time":1790817965515,"pid":1079,"hostname":"vm","msg":"  ARB>USDC.e@UniswapV3/500 USDC.e>ARB@PancakeV3/100 in=16.35 ARB gap=22.7bps profit=$0.003 net=$-0.008"}
{"level":30,"time":1790817965515,"pid":1079,"hostname":"vm","msg":"  SUSHI>WETH@SushiV2 WETH>SUSHI@UniswapV3/3000 in=8.980 SUSHI gap=86.1bps profit=$0.003 net=$-0.006"}
{"level":30,"time":1790817980598,"pid":1079,"hostname":"vm","block":510514790,"gross":269,"net":4,"sumNetUsd":0.01,"gasPriceGwei":0.02,"txCostUsd":0.0134,"syncMs":14627,"searchMs":152,"msg":"block scanned"}
{"level":30,"time":1790817980598,"pid":1079,"hostname":"vm","msg":"  ARB>USDC.e@UniswapV3/500 USDC.e>ARB@PancakeV3/500 in=49.58 ARB gap=36.2bps profit=$0.013 net=$0.002"}
{"level":30,"time":1790817980598,"pid":1079,"hostname":"vm","msg":"  ARB>USDC@PancakeV3/500 USDC>ARB@PancakeV3/100 in=13.46 ARB gap=53.5bps profit=$0.007 net=$-0.005"}
{"level":30,"time":1790817980598,"pid":1079,"hostname":"vm","msg":"  ARB>USDC@UniswapV3/500 USDC>ARB@PancakeV3/100 in=12.90 ARB gap=52.6bps profit=$0.006 net=$-0.005"}
{"level":30,"time":1790817980598,"pid":1079,"hostname":"vm","msg":"  ARB>USDC.e@UniswapV3/500 USDC.e>ARB@PancakeV3/100 in=16.35 ARB gap=22.7bps profit=$0.003 net=$-0.008"}
{"level":30,"time":1790817980598,"pid":1079,"hostname":"vm","msg":"  SUSHI>WETH@SushiV2 WETH>SUSHI@UniswapV3/3000 in=8.980 SUSHI gap=86.1bps profit=$0.003 net=$-0.006"}
{"level":30,"time":1790817981002,"pid":1079,"hostname":"vm","block":510514843,"gross":271,"net":4,"sumNetUsd":0.01,"gasPriceGwei":0.02002,"txCostUsd":0.0135,"syncMs":106,"searchMs":195,"msg":"block scanned"}
{"level":30,"time":1790817981002,"pid":1079,"hostname":"vm","msg":"  ARB>USDC.e@UniswapV3/500 USDC.e>ARB@PancakeV3/500 in=49.58 ARB gap=36.2bps profit=$0.013 net=$0.002"}
{"level":30,"time":1790817981002,"pid":1079,"hostname":"vm","msg":"  ARB>USDC@PancakeV3/500 USDC>ARB@PancakeV3/100 in=13.46 ARB gap=53.5bps profit=$0.007 net=$-0.005"}
{"level":30,"time":1790817981002,"pid":1079,"hostname":"vm","msg":"  ARB>USDC@UniswapV3/500 USDC>ARB@PancakeV3/100 in=12.90 ARB gap=52.6bps profit=$0.006 net=$-0.005"}
{"level":30,"time":1790817981002,"pid":1079,"hostname":"vm","msg":"  ARB>USDC.e@UniswapV3/500 USDC.e>ARB@PancakeV3/100 in=16.35 ARB gap=22.7bps profit=$0.003 net=$-0.008"}
{"level":30,"time":1790817981002,"pid":1079,"hostname":"vm","msg":"  SUSHI>WETH@SushiV2 WETH>SUSHI@UniswapV3/3000 in=8.980 SUSHI gap=86.1bps profit=$0.003 net=$-0.006"}
{"level":30,"time":1790817981683,"pid":1079,"hostname":"vm","block":510514845,"gross":277,"net":4,"sumNetUsd":0.01,"gasPriceGwei":0.02,"txCostUsd":0.0134,"syncMs":166,"searchMs":212,"msg":"block scanned"}
{"level":30,"time":1790817981683,"pid":1079,"hostname":"vm","msg":"  ARB>USDC.e@UniswapV3/500 USDC.e>ARB@PancakeV3/500 in=49.58 ARB gap=36.2bps profit=$0.013 net=$0.002"}
{"level":30,"time":1790817981683,"pid":1079,"hostname":"vm","msg":"  ARB>USDC@UniswapV3/500 USDC>ARB@PancakeV3/100 in=15.33 ARB gap=61.4bps profit=$0.009 net=$-0.002"}
{"level":30,"time":1790817981683,"pid":1079,"hostname":"vm","msg":"  ARB>USDC@PancakeV3/500 USDC>ARB@PancakeV3/100 in=14.29 ARB gap=56.5bps profit=$0.007 net=$-0.004"}
{"level":30,"time":1790817981683,"pid":1079,"hostname":"vm","msg":"  ARB>USDC@UniswapV3/500 USDC>ARB@UniswapV3/100 in=11.61 ARB gap=30.5bps profit=$0.003 net=$-0.008"}
{"level":30,"time":1790817981683,"pid":1079,"hostname":"vm","msg":"  ARB>USDC.e@UniswapV3/500 USDC.e>ARB@PancakeV3/100 in=16.35 ARB gap=22.7bps profit=$0.003 net=$-0.008"}
{"level":30,"time":1790817982243,"pid":1079,"hostname":"vm","block":510514848,"gross":280,"net":2,"sumNetUsd":0.006,"gasPriceGwei":0.02006,"txCostUsd":0.0135,"syncMs":152,"searchMs":198,"msg":"block scanned"}
{"level":30,"time":1790817982243,"pid":1079,"hostname":"vm","msg":"  ARB>USDC@UniswapV3/500 USDC>ARB@PancakeV3/100 in=15.33 ARB gap=61.4bps profit=$0.009 net=$-0.002"}
{"level":30,"time":1790817982243,"pid":1079,"hostname":"vm","msg":"  ARB>USDC@PancakeV3/500 USDC>ARB@PancakeV3/100 in=14.29 ARB gap=56.5bps profit=$0.007 net=$-0.004"}
{"level":30,"time":1790817982243,"pid":1079,"hostname":"vm","msg":"  ARB>USDC.e@UniswapV3/500 USDC.e>ARB@PancakeV3/100 in=19.31 ARB gap=25.7bps profit=$0.004 net=$-0.007"}
{"level":30,"time":1790817982243,"pid":1079,"hostname":"vm","msg":"  ARB>USDC.e@UniswapV3/500 USDC.e>ARB@UniswapV3/3000 in=11.84 ARB gap=59.9bps profit=$0.003 net=$-0.008"}
{"level":30,"time":1790817982243,"pid":1079,"hostname":"vm","msg":"  ARB>USDC@UniswapV3/500 USDC>ARB@UniswapV3/100 in=11.61 ARB gap=30.5bps profit=$0.003 net=$-0.008"}
{"level":30,"time":1790817982767,"pid":1079,"hostname":"vm","block":510514850,"gross":280,"net":2,"sumNetUsd":0.006,"gasPriceGwei":0.02,"txCostUsd":0.0134,"syncMs":132,"searchMs":188,"msg":"block scanned"}
{"level":30,"time":1790817982767,"pid":1079,"hostname":"vm","msg":"  ARB>USDC@UniswapV3/500 USDC>ARB@PancakeV3/100 in=15.33 ARB gap=61.4bps profit=$0.009 net=$-0.002"}
{"level":30,"time":1790817982767,"pid":1079,"hostname":"vm","msg":"  ARB>USDC@PancakeV3/500 USDC>ARB@PancakeV3/100 in=14.29 ARB gap=56.5bps profit=$0.007 net=$-0.004"}
{"level":30,"time":1790817982767,"pid":1079,"hostname":"vm","msg":"  ARB>USDC.e@UniswapV3/500 USDC.e>ARB@PancakeV3/100 in=19.31 ARB gap=25.7bps profit=$0.004 net=$-0.007"}
{"level":30,"time":1790817982767,"pid":1079,"hostname":"vm","msg":"  ARB>USDC.e@UniswapV3/500 USDC.e>ARB@UniswapV3/3000 in=11.84 ARB gap=59.9bps profit=$0.003 net=$-0.008"}
{"level":30,"time":1790817982767,"pid":1079,"hostname":"vm","msg":"  ARB>USDC@UniswapV3/500 USDC>ARB@UniswapV3/100 in=11.61 ARB gap=30.5bps profit=$0.003 net=$-0.008"}
{"level":30,"time":1790817983452,"pid":1079,"hostname":"vm","block":510514852,"gross":280,"net":2,"sumNetUsd":0.006,"gasPriceGwei":0.020056,"txCostUsd":0.0135,"syncMs":174,"searchMs":198,"msg":"block scanned"}
{"level":30,"time":1790817983452,"pid":1079,"hostname":"vm","msg":"  ARB>USDC@UniswapV3/500 USDC>ARB@PancakeV3/100 in=15.33 ARB gap=61.4bps profit=$0.009 net=$-0.002"}
{"level":30,"time":1790817983452,"pid":1079,"hostname":"vm","msg":"  ARB>USDC@PancakeV3/500 USDC>ARB@PancakeV3/100 in=14.29 ARB gap=56.5bps profit=$0.007 net=$-0.004"}
{"level":30,"time":1790817983452,"pid":1079,"hostname":"vm","msg":"  ARB>USDC.e@UniswapV3/500 USDC.e>ARB@PancakeV3/100 in=19.31 ARB gap=25.7bps profit=$0.004 net=$-0.007"}
{"level":30,"time":1790817983452,"pid":1079,"hostname":"vm","msg":"  ARB>USDC.e@UniswapV3/500 USDC.e>ARB@UniswapV3/3000 in=11.84 ARB gap=59.9bps profit=$0.003 net=$-0.008"}
{"level":30,"time":1790817983452,"pid":1079,"hostname":"vm","msg":"  ARB>USDC@UniswapV3/500 USDC>ARB@UniswapV3/100 in=11.61 ARB gap=30.5bps profit=$0.003 net=$-0.008"}
{"level":30,"time":1790817984001,"pid":1079,"hostname":"vm","block":510514854,"gross":280,"net":2,"sumNetUsd":0.006,"gasPriceGwei":0.020052,"txCostUsd":0.0135,"syncMs":141,"searchMs":199,"msg":"block scanned"}
{"level":30,"time":1790817984001,"pid":1079,"hostname":"vm","msg":"  ARB>USDC@UniswapV3/500 USDC>ARB@PancakeV3/100 in=15.33 ARB gap=61.4bps profit=$0.009 net=$-0.002"}
{"level":30,"time":1790817984001,"pid":1079,"hostname":"vm","msg":"  ARB>USDC@PancakeV3/500 USDC>ARB@PancakeV3/100 in=14.29 ARB gap=56.5bps profit=$0.007 net=$-0.004"}
{"level":30,"time":1790817984001,"pid":1079,"hostname":"vm","msg":"  ARB>USDC.e@UniswapV3/500 USDC.e>ARB@PancakeV3/100 in=19.31 ARB gap=25.7bps profit=$0.004 net=$-0.007"}
{"level":30,"time":1790817984001,"pid":1079,"hostname":"vm","msg":"  ARB>USDC.e@UniswapV3/500 USDC.e>ARB@UniswapV3/3000 in=11.84 ARB gap=59.9bps profit=$0.003 net=$-0.008"}
{"level":30,"time":1790817984001,"pid":1079,"hostname":"vm","msg":"  ARB>USDC@UniswapV3/500 USDC>ARB@UniswapV3/100 in=11.61 ARB gap=30.5bps profit=$0.003 net=$-0.008"}
{"level":30,"time":1790817984708,"pid":1079,"hostname":"vm","block":510514856,"gross":282,"net":2,"sumNetUsd":0.006,"gasPriceGwei":0.020164,"txCostUsd":0.0136,"syncMs":197,"searchMs":190,"msg":"block scanned"}
{"level":30,"time":1790817984708,"pid":1079,"hostname":"vm","msg":"  ARB>USDC@UniswapV3/500 USDC>ARB@PancakeV3/100 in=15.33 ARB gap=61.4bps profit=$0.009 net=$-0.003"}
{"level":30,"time":1790817984708,"pid":1079,"hostname":"vm","msg":"  ARB>USDC@PancakeV3/500 USDC>ARB@PancakeV3/100 in=15.12 ARB gap=59.4bps profit=$0.008 net=$-0.003"}
{"level":30,"time":1790817984708,"pid":1079,"hostname":"vm","msg":"  ARB>USDC.e@UniswapV3/500 USDC.e>ARB@PancakeV3/100 in=19.31 ARB gap=25.7bps profit=$0.004 net=$-0.007"}
{"level":30,"time":1790817984708,"pid":1079,"hostname":"vm","msg":"  ARB>USDC.e@UniswapV3/500 USDC.e>ARB@UniswapV3/3000 in=11.84 ARB gap=59.9bps profit=$0.003 net=$-0.008"}
{"level":30,"time":1790817984708,"pid":1079,"hostname":"vm","msg":"  ARB>USDC@UniswapV3/500 USDC>ARB@UniswapV3/100 in=11.61 ARB gap=30.5bps profit=$0.003 net=$-0.008"}
{"level":30,"time":1790817985281,"pid":1079,"hostname":"vm","block":510514857,"gross":282,"net":2,"sumNetUsd":0.006,"gasPriceGwei":0.02,"txCostUsd":0.0134,"syncMs":135,"searchMs":196,"msg":"block scanned"}
{"level":30,"time":1790817985281,"pid":1079,"hostname":"vm","msg":"  ARB>USDC@UniswapV3/500 USDC>ARB@PancakeV3/100 in=15.33 ARB gap=61.4bps profit=$0.009 net=$-0.002"}
{"level":30,"time":1790817985281,"pid":1079,"hostname":"vm","msg":"  ARB>USDC@PancakeV3/500 USDC>ARB@PancakeV3/100 in=15.12 ARB gap=59.4bps profit=$0.008 net=$-0.003"}
{"level":30,"time":1790817985281,"pid":1079,"hostname":"vm","msg":"  ARB>USDC.e@UniswapV3/500 USDC.e>ARB@PancakeV3/100 in=19.31 ARB gap=25.7bps profit=$0.004 net=$-0.007"}
{"level":30,"time":1790817985281,"pid":1079,"hostname":"vm","msg":"  ARB>USDC.e@UniswapV3/500 USDC.e>ARB@UniswapV3/3000 in=11.84 ARB gap=59.9bps profit=$0.003 net=$-0.008"}
{"level":30,"time":1790817985281,"pid":1079,"hostname":"vm","msg":"  ARB>USDC@UniswapV3/500 USDC>ARB@UniswapV3/100 in=11.61 ARB gap=30.5bps profit=$0.003 net=$-0.008"}
{"level":30,"time":1790817985875,"pid":1079,"hostname":"vm","block":510514859,"gross":284,"net":2,"sumNetUsd":0.006,"gasPriceGwei":0.02024,"txCostUsd":0.0136,"syncMs":189,"searchMs":201,"msg":"block scanned"}
{"level":30,"time":1790817985875,"pid":1079,"hostname":"vm","msg":"  ARB>USDC@UniswapV3/500 USDC>ARB@PancakeV3/100 in=15.33 ARB gap=61.4bps profit=$0.009 net=$-0.003"}
{"level":30,"time":1790817985875,"pid":1079,"hostname":"vm","msg":"  ARB>USDC@PancakeV3/500 USDC>ARB@PancakeV3/100 in=15.12 ARB gap=59.4bps profit=$0.008 net=$-0.003"}
{"level":30,"time":1790817985875,"pid":1079,"hostname":"vm","msg":"  ARB>USDC.e@UniswapV3/500 USDC.e>ARB@PancakeV3/100 in=24.36 ARB gap=30.8bps profit=$0.006 net=$-0.005"}
{"level":30,"time":1790817985875,"pid":1079,"hostname":"vm","msg":"  ARB>USDC.e@UniswapV3/500 USDC.e>ARB@UniswapV3/3000 in=14.31 ARB gap=65.1bps profit=$0.004 net=$-0.007"}
{"level":30,"time":1790817985875,"pid":1079,"hostname":"vm","msg":"  ARB>USDC@UniswapV3/500 USDC>ARB@UniswapV3/100 in=11.61 ARB gap=30.5bps profit=$0.003 net=$-0.008"}
{"level":30,"time":1790817986401,"pid":1079,"hostname":"vm","block":510514861,"gross":286,"net":2,"sumNetUsd":0.006,"gasPriceGwei":0.020476,"txCostUsd":0.0138,"syncMs":165,"searchMs":155,"msg":"block scanned"}
{"level":30,"time":1790817986401,"pid":1079,"hostname":"vm","msg":"  ARB>USDC@UniswapV3/500 USDC>ARB@PancakeV3/100 in=15.33 ARB gap=61.4bps profit=$0.009 net=$-0.003"}
{"level":30,"time":1790817986401,"pid":1079,"hostname":"vm","msg":"  ARB>USDC@PancakeV3/500 USDC>ARB@PancakeV3/100 in=15.12 ARB gap=59.4bps profit=$0.008 net=$-0.003"}
{"level":30,"time":1790817986401,"pid":1079,"hostname":"vm","msg":"  ARB>USDC.e@UniswapV3/500 USDC.e>ARB@PancakeV3/100 in=24.36 ARB gap=30.8bps profit=$0.006 net=$-0.005"}
{"level":30,"time":1790817986401,"pid":1079,"hostname":"vm","msg":"  ARB>USDC.e@UniswapV3/500 USDC.e>ARB@UniswapV3/3000 in=14.31 ARB gap=65.1bps profit=$0.004 net=$-0.007"}
{"level":30,"time":1790817986401,"pid":1079,"hostname":"vm","msg":"  ARB>WETH@UniswapV3/500 WETH>ARB@SushiV3/500 in=10.40 ARB gap=38.3bps profit=$0.003 net=$-0.008"}
{"level":30,"time":1790817987082,"pid":1079,"hostname":"vm","block":510514863,"gross":286,"net":2,"sumNetUsd":0.006,"gasPriceGwei":0.02,"txCostUsd":0.0134,"syncMs":173,"searchMs":204,"msg":"block scanned"}
{"level":30,"time":1790817987082,"pid":1079,"hostname":"vm","msg":"  ARB>USDC@UniswapV3/500 USDC>ARB@PancakeV3/100 in=15.33 ARB gap=61.4bps profit=$0.009 net=$-0.002"}
{"level":30,"time":1790817987082,"pid":1079,"hostname":"vm","msg":"  ARB>USDC@PancakeV3/500 USDC>ARB@PancakeV3/100 in=15.12 ARB gap=59.4bps profit=$0.008 net=$-0.003"}
{"level":30,"time":1790817987082,"pid":1079,"hostname":"vm","msg":"  ARB>USDC.e@UniswapV3/500 USDC.e>ARB@PancakeV3/100 in=24.36 ARB gap=30.8bps profit=$0.006 net=$-0.005"}
{"level":30,"time":1790817987082,"pid":1079,"hostname":"vm","msg":"  ARB>USDC.e@UniswapV3/500 USDC.e>ARB@UniswapV3/3000 in=14.31 ARB gap=65.1bps profit=$0.004 net=$-0.007"}
{"level":30,"time":1790817987082,"pid":1079,"hostname":"vm","msg":"  ARB>WETH@UniswapV3/500 WETH>ARB@SushiV3/500 in=10.40 ARB gap=38.3bps profit=$0.003 net=$-0.008"}
{"level":30,"time":1790817987629,"pid":1079,"hostname":"vm","block":510514865,"gross":286,"net":2,"sumNetUsd":0.006,"gasPriceGwei":0.02,"txCostUsd":0.0134,"syncMs":162,"searchMs":179,"msg":"block scanned"}
{"level":30,"time":1790817987629,"pid":1079,"hostname":"vm","msg":"  ARB>USDC@UniswapV3/500 USDC>ARB@PancakeV3/100 in=15.33 ARB gap=61.4bps profit=$0.009 net=$-0.002"}
{"level":30,"time":1790817987629,"pid":1079,"hostname":"vm","msg":"  ARB>USDC@PancakeV3/500 USDC>ARB@PancakeV3/100 in=15.12 ARB gap=59.4bps profit=$0.008 net=$-0.003"}
{"level":30,"time":1790817987629,"pid":1079,"hostname":"vm","msg":"  ARB>USDC.e@UniswapV3/500 USDC.e>ARB@PancakeV3/100 in=24.36 ARB gap=30.8bps profit=$0.006 net=$-0.005"}
{"level":30,"time":1790817987629,"pid":1079,"hostname":"vm","msg":"  ARB>USDC.e@UniswapV3/500 USDC.e>ARB@UniswapV3/3000 in=14.31 ARB gap=65.1bps profit=$0.004 net=$-0.007"}
{"level":30,"time":1790817987629,"pid":1079,"hostname":"vm","msg":"  ARB>WETH@UniswapV3/500 WETH>ARB@SushiV3/500 in=10.40 ARB gap=38.3bps profit=$0.003 net=$-0.008"}
{"level":30,"time":1790817988301,"pid":1079,"hostname":"vm","block":510514867,"gross":287,"net":2,"sumNetUsd":0.006,"gasPriceGwei":0.020016,"txCostUsd":0.0135,"syncMs":188,"searchMs":167,"msg":"block scanned"}
{"level":30,"time":1790817988301,"pid":1079,"hostname":"vm","msg":"  ARB>USDC@UniswapV3/500 USDC>ARB@PancakeV3/100 in=15.33 ARB gap=61.4bps profit=$0.009 net=$-0.002"}
{"level":30,"time":1790817988301,"pid":1079,"hostname":"vm","msg":"  ARB>USDC@PancakeV3/500 USDC>ARB@PancakeV3/100 in=15.12 ARB gap=59.4bps profit=$0.008 net=$-0.003"}
{"level":30,"time":1790817988301,"pid":1079,"hostname":"vm","msg":"  ARB>USDC.e@UniswapV3/500 USDC.e>ARB@PancakeV3/100 in=24.36 ARB gap=30.8bps profit=$0.006 net=$-0.005"}
{"level":30,"time":1790817988301,"pid":1079,"hostname":"vm","msg":"  ARB>USDC.e@UniswapV3/500 USDC.e>ARB@UniswapV3/3000 in=14.31 ARB gap=65.1bps profit=$0.004 net=$-0.007"}
{"level":30,"time":1790817988301,"pid":1079,"hostname":"vm","msg":"  ARB>WETH@UniswapV3/500 WETH>ARB@SushiV3/500 in=10.40 ARB gap=38.3bps profit=$0.003 net=$-0.008"}
{"level":30,"time":1790817988842,"pid":1079,"hostname":"vm","block":510514869,"gross":271,"net":0,"sumNetUsd":0,"gasPriceGwei":0.02,"txCostUsd":0.0135,"syncMs":169,"searchMs":172,"msg":"block scanned"}
{"level":30,"time":1790817988842,"pid":1079,"hostname":"vm","msg":"  ARB>USDC@UniswapV3/500 USDC>ARB@PancakeV3/100 in=15.33 ARB gap=61.4bps profit=$0.009 net=$-0.002"}
{"level":30,"time":1790817988842,"pid":1079,"hostname":"vm","msg":"  ARB>USDC@PancakeV3/500 USDC>ARB@PancakeV3/100 in=15.12 ARB gap=59.4bps profit=$0.008 net=$-0.003"}
{"level":30,"time":1790817988842,"pid":1079,"hostname":"vm","msg":"  ARB>USDC.e@UniswapV3/500 USDC.e>ARB@PancakeV3/100 in=24.36 ARB gap=30.8bps profit=$0.006 net=$-0.005"}
{"level":30,"time":1790817988842,"pid":1079,"hostname":"vm","msg":"  ARB>USDC.e@UniswapV3/500 USDC.e>ARB@UniswapV3/3000 in=14.31 ARB gap=65.1bps profit=$0.004 net=$-0.007"}
{"level":30,"time":1790817988842,"pid":1079,"hostname":"vm","msg":"  ARB>WETH@UniswapV3/500 WETH>ARB@SushiV3/500 in=10.40 ARB gap=38.3bps profit=$0.003 net=$-0.008"}
{"level":30,"time":1790818009095,"pid":1079,"hostname":"vm","block":510514871,"gross":271,"net":0,"sumNetUsd":0,"gasPriceGwei":0.020042,"txCostUsd":0.0135,"syncMs":19750,"searchMs":198,"msg":"block scanned"}
{"level":30,"time":1790818009096,"pid":1079,"hostname":"vm","msg":"  ARB>USDC@UniswapV3/500 USDC>ARB@PancakeV3/100 in=15.33 ARB gap=61.4bps profit=$0.009 net=$-0.002"}
{"level":30,"time":1790818009096,"pid":1079,"hostname":"vm","msg":"  ARB>USDC@PancakeV3/500 USDC>ARB@PancakeV3/100 in=15.12 ARB gap=59.4bps profit=$0.008 net=$-0.003"}
{"level":30,"time":1790818009096,"pid":1079,"hostname":"vm","msg":"  ARB>USDC.e@UniswapV3/500 USDC.e>ARB@PancakeV3/100 in=24.36 ARB gap=30.8bps profit=$0.006 net=$-0.005"}
{"level":30,"time":1790818009096,"pid":1079,"hostname":"vm","msg":"  ARB>USDC.e@UniswapV3/500 USDC.e>ARB@UniswapV3/3000 in=14.31 ARB gap=65.1bps profit=$0.004 net=$-0.007"}
{"level":30,"time":1790818009096,"pid":1079,"hostname":"vm","msg":"  ARB>WETH@UniswapV3/500 WETH>ARB@SushiV3/500 in=10.40 ARB gap=38.3bps profit=$0.003 net=$-0.008"}
{"level":30,"time":1790818009490,"pid":1079,"hostname":"vm","block":510514938,"gross":282,"net":0,"sumNetUsd":0,"gasPriceGwei":0.02,"txCostUsd":0.0135,"syncMs":126,"searchMs":161,"msg":"block scanned"}
{"level":30,"time":1790818009490,"pid":1079,"hostname":"vm","msg":"  ARB>USDC@PancakeV3/500 USDC>ARB@PancakeV3/100 in=16.80 ARB gap=65.4bps profit=$0.010 net=$-0.001"}
{"level":30,"time":1790818009490,"pid":1079,"hostname":"vm","msg":"  ARB>USDC@UniswapV3/500 USDC>ARB@PancakeV3/100 in=15.33 ARB gap=61.4bps profit=$0.009 net=$-0.002"}
{"level":30,"time":1790818009490,"pid":1079,"hostname":"vm","msg":"  ARB>USDC.e@UniswapV3/500 USDC.e>ARB@PancakeV3/100 in=24.36 ARB gap=30.8bps profit=$0.006 net=$-0.005"}
{"level":30,"time":1790818009490,"pid":1079,"hostname":"vm","msg":"  ARB>USDC.e@UniswapV3/500 USDC.e>ARB@UniswapV3/3000 in=14.31 ARB gap=65.1bps profit=$0.004 net=$-0.007"}
{"level":30,"time":1790818009490,"pid":1079,"hostname":"vm","msg":"  ARB>USDC@PancakeV3/500 USDC>ARB@UniswapV3/100 in=14.21 ARB gap=34.5bps profit=$0.004 net=$-0.008"}
{"level":30,"time":1790818010111,"pid":1079,"hostname":"vm","block":510514941,"gross":283,"net":0,"sumNetUsd":0,"gasPriceGwei":0.020042,"txCostUsd":0.0135,"syncMs":127,"searchMs":189,"msg":"block scanned"}
{"level":30,"time":1790818010111,"pid":1079,"hostname":"vm","msg":"  ARB>USDC@PancakeV3/500 USDC>ARB@PancakeV3/100 in=16.80 ARB gap=65.4bps profit=$0.010 net=$-0.001"}
{"level":30,"time":1790818010111,"pid":1079,"hostname":"vm","msg":"  ARB>USDC@UniswapV3/500 USDC>ARB@PancakeV3/100 in=15.33 ARB gap=61.4bps profit=$0.009 net=$-0.002"}
{"level":30,"time":1790818010111,"pid":1079,"hostname":"vm","msg":"  ARB>USDC.e@UniswapV3/500 USDC.e>ARB@PancakeV3/100 in=24.36 ARB gap=30.8bps profit=$0.006 net=$-0.005"}
{"level":30,"time":1790818010111,"pid":1079,"hostname":"vm","msg":"  ARB>USDC.e@UniswapV3/500 USDC.e>ARB@UniswapV3/3000 in=14.31 ARB gap=65.1bps profit=$0.004 net=$-0.007"}
{"level":30,"time":1790818010111,"pid":1079,"hostname":"vm","msg":"  ARB>USDC@PancakeV3/500 USDC>ARB@UniswapV3/100 in=14.21 ARB gap=34.5bps profit=$0.004 net=$-0.008"}
{"level":30,"time":1790818010746,"pid":1079,"hostname":"vm","block":510514942,"gross":283,"net":0,"sumNetUsd":0,"gasPriceGwei":0.020048,"txCostUsd":0.0135,"syncMs":140,"searchMs":192,"msg":"block scanned"}
{"level":30,"time":1790818010746,"pid":1079,"hostname":"vm","msg":"  ARB>USDC@PancakeV3/500 USDC>ARB@PancakeV3/100 in=16.80 ARB gap=65.4bps profit=$0.010 net=$-0.001"}
{"level":30,"time":1790818010746,"pid":1079,"hostname":"vm","msg":"  ARB>USDC@UniswapV3/500 USDC>ARB@PancakeV3/100 in=15.33 ARB gap=61.4bps profit=$0.009 net=$-0.002"}
{"level":30,"time":1790818010746,"pid":1079,"hostname":"vm","msg":"  ARB>USDC.e@UniswapV3/500 USDC.e>ARB@PancakeV3/100 in=24.36 ARB gap=30.8bps profit=$0.006 net=$-0.005"}
{"level":30,"time":1790818010746,"pid":1079,"hostname":"vm","msg":"  ARB>USDC.e@UniswapV3/500 USDC.e>ARB@UniswapV3/3000 in=14.31 ARB gap=65.1bps profit=$0.004 net=$-0.007"}
{"level":30,"time":1790818010746,"pid":1079,"hostname":"vm","msg":"  ARB>USDC@PancakeV3/500 USDC>ARB@UniswapV3/100 in=14.21 ARB gap=34.5bps profit=$0.004 net=$-0.008"}
{"level":30,"time":1790818011398,"pid":1079,"hostname":"vm","block":510514944,"gross":293,"net":0,"sumNetUsd":0,"gasPriceGwei":0.020156,"txCostUsd":0.0136,"syncMs":151,"searchMs":199,"msg":"block scanned"}
{"level":30,"time":1790818011398,"pid":1079,"hostname":"vm","msg":"  ARB>USDC@PancakeV3/500 USDC>ARB@PancakeV3/100 in=16.80 ARB gap=65.4bps profit=$0.010 net=$-0.001"}
{"level":30,"time":1790818011398,"pid":1079,"hostname":"vm","msg":"  ARB>USDC@UniswapV3/500 USDC>ARB@PancakeV3/100 in=15.33 ARB gap=61.4bps profit=$0.009 net=$-0.003"}
{"level":30,"time":1790818011398,"pid":1079,"hostname":"vm","msg":"  ARB>USDC.e@UniswapV3/500 USDC.e>ARB@PancakeV3/100 in=24.36 ARB gap=30.8bps profit=$0.006 net=$-0.005"}
{"level":30,"time":1790818011398,"pid":1079,"hostname":"vm","msg":"  ARB>USDC.e@UniswapV3/500 USDC.e>ARB@UniswapV3/3000 in=14.31 ARB gap=65.1bps profit=$0.004 net=$-0.007"}
{"level":30,"time":1790818011398,"pid":1079,"hostname":"vm","msg":"  ARB>USDC@PancakeV3/500 USDC>ARB@UniswapV3/100 in=14.21 ARB gap=34.5bps profit=$0.004 net=$-0.008"}
{"level":30,"time":1790818012033,"pid":1079,"hostname":"vm","block":510514947,"gross":263,"net":0,"sumNetUsd":0,"gasPriceGwei":0.02041,"txCostUsd":0.0137,"syncMs":164,"searchMs":255,"msg":"block scanned"}
{"level":30,"time":1790818012033,"pid":1079,"hostname":"vm","msg":"  ARB>USDC.e@UniswapV3/500 USDC.e>ARB@PancakeV3/100 in=24.36 ARB gap=30.8bps profit=$0.006 net=$-0.005"}
{"level":30,"time":1790818012033,"pid":1079,"hostname":"vm","msg":"  ARB>USDC.e@UniswapV3/500 USDC.e>ARB@UniswapV3/3000 in=14.31 ARB gap=65.1bps profit=$0.004 net=$-0.007"}
{"level":30,"time":1790818012033,"pid":1079,"hostname":"vm","msg":"  ARB>USDC@PancakeV3/500 USDC>ARB@UniswapV3/100 in=14.21 ARB gap=34.5bps profit=$0.004 net=$-0.008"}
{"level":30,"time":1790818012033,"pid":1079,"hostname":"vm","msg":"  ARB>WETH@UniswapV3/500 WETH>ARB@SushiV3/500 in=10.40 ARB gap=38.3bps profit=$0.003 net=$-0.008"}
{"level":30,"time":1790818012033,"pid":1079,"hostname":"vm","msg":"  ARB>USDC@UniswapV3/500 USDC>ARB@UniswapV3/100 in=11.61 ARB gap=30.5bps profit=$0.003 net=$-0.008"}
{"level":30,"time":1790818012532,"pid":1079,"hostname":"vm","block":510514949,"gross":263,"net":0,"sumNetUsd":0,"gasPriceGwei":0.020428,"txCostUsd":0.0137,"syncMs":111,"searchMs":185,"msg":"block scanned"}
{"level":30,"time":1790818012532,"pid":1079,"hostname":"vm","msg":"  ARB>USDC.e@UniswapV3/500 USDC.e>ARB@PancakeV3/100 in=24.36 ARB gap=30.8bps profit=$0.006 net=$-0.005"}
{"level":30,"time":1790818012532,"pid":1079,"hostname":"vm","msg":"  ARB>USDC.e@UniswapV3/500 USDC.e>ARB@UniswapV3/3000 in=14.31 ARB gap=65.1bps profit=$0.004 net=$-0.007"}
{"level":30,"time":1790818012532,"pid":1079,"hostname":"vm","msg":"  ARB>USDC@PancakeV3/500 USDC>ARB@UniswapV3/100 in=14.21 ARB gap=34.5bps profit=$0.004 net=$-0.008"}
{"level":30,"time":1790818012532,"pid":1079,"hostname":"vm","msg":"  ARB>WETH@UniswapV3/500 WETH>ARB@SushiV3/500 in=10.40 ARB gap=38.3bps profit=$0.003 net=$-0.008"}
{"level":30,"time":1790818012532,"pid":1079,"hostname":"vm","msg":"  ARB>USDC@UniswapV3/500 USDC>ARB@UniswapV3/100 in=11.61 ARB gap=30.5bps profit=$0.003 net=$-0.008"}
{"level":30,"time":1790818013162,"pid":1079,"hostname":"vm","block":510514951,"gross":263,"net":0,"sumNetUsd":0,"gasPriceGwei":0.020302,"txCostUsd":0.0137,"syncMs":133,"searchMs":196,"msg":"block scanned"}
{"level":30,"time":1790818013162,"pid":1079,"hostname":"vm","msg":"  ARB>USDC.e@UniswapV3/500 USDC.e>ARB@PancakeV3/100 in=24.36 ARB gap=30.8bps profit=$0.006 net=$-0.005"}
{"level":30,"time":1790818013162,"pid":1079,"hostname":"vm","msg":"  ARB>USDC.e@UniswapV3/500 USDC.e>ARB@UniswapV3/3000 in=14.31 ARB gap=65.1bps profit=$0.004 net=$-0.007"}
{"level":30,"time":1790818013162,"pid":1079,"hostname":"vm","msg":"  ARB>USDC@PancakeV3/500 USDC>ARB@UniswapV3/100 in=14.21 ARB gap=34.5bps profit=$0.004 net=$-0.008"}
{"level":30,"time":1790818013162,"pid":1079,"hostname":"vm","msg":"  ARB>WETH@UniswapV3/500 WETH>ARB@SushiV3/500 in=10.40 ARB gap=38.3bps profit=$0.003 net=$-0.008"}
{"level":30,"time":1790818013162,"pid":1079,"hostname":"vm","msg":"  ARB>USDC@UniswapV3/500 USDC>ARB@UniswapV3/100 in=11.61 ARB gap=30.5bps profit=$0.003 net=$-0.008"}
{"level":30,"time":1790818013869,"pid":1079,"hostname":"vm","block":510514954,"gross":261,"net":0,"sumNetUsd":0,"gasPriceGwei":0.02,"txCostUsd":0.0135,"syncMs":197,"searchMs":202,"msg":"block scanned"}
{"level":30,"time":1790818013869,"pid":1079,"hostname":"vm","msg":"  ARB>USDC.e@UniswapV3/500 USDC.e>ARB@PancakeV3/100 in=24.36 ARB gap=30.8bps profit=$0.006 net=$-0.005"}
{"level":30,"time":1790818013869,"pid":1079,"hostname":"vm","msg":"  ARB>USDC.e@UniswapV3/500 USDC.e>ARB@UniswapV3/3000 in=14.31 ARB gap=65.1bps profit=$0.004 net=$-0.007"}
{"level":30,"time":1790818013869,"pid":1079,"hostname":"vm","msg":"  ARB>USDC@PancakeV3/500 USDC>ARB@UniswapV3/100 in=14.21 ARB gap=34.5bps profit=$0.004 net=$-0.008"}
{"level":30,"time":1790818013869,"pid":1079,"hostname":"vm","msg":"  ARB>WETH@UniswapV3/500 WETH>ARB@SushiV3/500 in=10.40 ARB gap=38.3bps profit=$0.003 net=$-0.008"}
{"level":30,"time":1790818013869,"pid":1079,"hostname":"vm","msg":"  ARB>USDC@UniswapV3/500 USDC>ARB@UniswapV3/100 in=11.61 ARB gap=30.5bps profit=$0.003 net=$-0.008"}
{"level":30,"time":1790818014378,"pid":1079,"hostname":"vm","block":510514956,"gross":261,"net":0,"sumNetUsd":0,"gasPriceGwei":0.020098,"txCostUsd":0.0135,"syncMs":145,"searchMs":157,"msg":"block scanned"}
{"level":30,"time":1790818014379,"pid":1079,"hostname":"vm","msg":"  ARB>USDC.e@UniswapV3/500 USDC.e>ARB@PancakeV3/100 in=24.36 ARB gap=30.8bps profit=$0.006 net=$-0.005"}
{"level":30,"time":1790818014379,"pid":1079,"hostname":"vm","msg":"  ARB>USDC.e@UniswapV3/500 USDC.e>ARB@UniswapV3/3000 in=14.31 ARB gap=65.1bps profit=$0.004 net=$-0.007"}
{"level":30,"time":1790818014379,"pid":1079,"hostname":"vm","msg":"  ARB>USDC@PancakeV3/500 USDC>ARB@UniswapV3/100 in=14.21 ARB gap=34.5bps profit=$0.004 net=$-0.008"}
{"level":30,"time":1790818014379,"pid":1079,"hostname":"vm","msg":"  ARB>WETH@UniswapV3/500 WETH>ARB@SushiV3/500 in=10.40 ARB gap=38.3bps profit=$0.003 net=$-0.008"}
{"level":30,"time":1790818014379,"pid":1079,"hostname":"vm","msg":"  ARB>USDC@UniswapV3/500 USDC>ARB@UniswapV3/100 in=11.61 ARB gap=30.5bps profit=$0.003 net=$-0.008"}
{"level":30,"time":1790818015072,"pid":1079,"hostname":"vm","block":510514958,"gross":261,"net":0,"sumNetUsd":0,"gasPriceGwei":0.020008,"txCostUsd":0.0135,"syncMs":210,"searchMs":178,"msg":"block scanned"}
{"level":30,"time":1790818015072,"pid":1079,"hostname":"vm","msg":"  ARB>USDC.e@UniswapV3/500 USDC.e>ARB@PancakeV3/100 in=24.36 ARB gap=30.8bps profit=$0.006 net=$-0.005"}
{"level":30,"time":1790818015072,"pid":1079,"hostname":"vm","msg":"  ARB>USDC.e@UniswapV3/500 USDC.e>ARB@UniswapV3/3000 in=14.31 ARB gap=65.1bps profit=$0.004 net=$-0.007"}
{"level":30,"time":1790818015072,"pid":1079,"hostname":"vm","msg":"  ARB>USDC@PancakeV3/500 USDC>ARB@UniswapV3/100 in=14.21 ARB gap=34.5bps profit=$0.004 net=$-0.008"}
{"level":30,"time":1790818015072,"pid":1079,"hostname":"vm","msg":"  ARB>WETH@UniswapV3/500 WETH>ARB@SushiV3/500 in=10.40 ARB gap=38.3bps profit=$0.003 net=$-0.008"}
{"level":30,"time":1790818015072,"pid":1079,"hostname":"vm","msg":"  ARB>USDC@UniswapV3/500 USDC>ARB@UniswapV3/100 in=11.61 ARB gap=30.5bps profit=$0.003 net=$-0.008"}
{"level":30,"time":1790818015625,"pid":1079,"hostname":"vm","block":510514960,"gross":261,"net":0,"sumNetUsd":0,"gasPriceGwei":0.02,"txCostUsd":0.0135,"syncMs":163,"searchMs":185,"msg":"block scanned"}
{"level":30,"time":1790818015625,"pid":1079,"hostname":"vm","msg":"  ARB>USDC.e@UniswapV3/500 USDC.e>ARB@PancakeV3/100 in=24.36 ARB gap=30.8bps profit=$0.006 net=$-0.005"}
{"level":30,"time":1790818015625,"pid":1079,"hostname":"vm","msg":"  ARB>USDC.e@UniswapV3/500 USDC.e>ARB@UniswapV3/3000 in=14.31 ARB gap=65.1bps profit=$0.004 net=$-0.007"}
{"level":30,"time":1790818015625,"pid":1079,"hostname":"vm","msg":"  ARB>USDC@PancakeV3/500 USDC>ARB@UniswapV3/100 in=14.21 ARB gap=34.5bps profit=$0.004 net=$-0.008"}
{"level":30,"time":1790818015625,"pid":1079,"hostname":"vm","msg":"  ARB>WETH@UniswapV3/500 WETH>ARB@SushiV3/500 in=10.40 ARB gap=38.3bps profit=$0.003 net=$-0.008"}
{"level":30,"time":1790818015625,"pid":1079,"hostname":"vm","msg":"  ARB>USDC@UniswapV3/500 USDC>ARB@UniswapV3/100 in=11.61 ARB gap=30.5bps profit=$0.003 net=$-0.008"}
{"level":30,"time":1790818016168,"pid":1079,"hostname":"vm","block":510514962,"gross":261,"net":0,"sumNetUsd":0,"gasPriceGwei":0.02002,"txCostUsd":0.0135,"syncMs":132,"searchMs":197,"msg":"block scanned"}
{"level":30,"time":1790818016168,"pid":1079,"hostname":"vm","msg":"  ARB>USDC.e@UniswapV3/500 USDC.e>ARB@PancakeV3/100 in=24.36 ARB gap=30.8bps profit=$0.006 net=$-0.005"}
{"level":30,"time":1790818016168,"pid":1079,"hostname":"vm","msg":"  ARB>USDC.e@UniswapV3/500 USDC.e>ARB@UniswapV3/3000 in=14.31 ARB gap=65.1bps profit=$0.004 net=$-0.007"}
{"level":30,"time":1790818016168,"pid":1079,"hostname":"vm","msg":"  ARB>USDC@PancakeV3/500 USDC>ARB@UniswapV3/100 in=14.21 ARB gap=34.5bps profit=$0.004 net=$-0.008"}
{"level":30,"time":1790818016168,"pid":1079,"hostname":"vm","msg":"  ARB>WETH@UniswapV3/500 WETH>ARB@SushiV3/500 in=10.40 ARB gap=38.3bps profit=$0.003 net=$-0.008"}
{"level":30,"time":1790818016168,"pid":1079,"hostname":"vm","msg":"  ARB>USDC@UniswapV3/500 USDC>ARB@UniswapV3/100 in=11.61 ARB gap=30.5bps profit=$0.003 net=$-0.008"}
{"level":30,"time":1790818016864,"pid":1079,"hostname":"vm","block":510514965,"gross":261,"net":0,"sumNetUsd":0,"gasPriceGwei":0.02,"txCostUsd":0.0135,"syncMs":152,"searchMs":197,"msg":"block scanned"}
{"level":30,"time":1790818016864,"pid":1079,"hostname":"vm","msg":"  ARB>USDC.e@UniswapV3/500 USDC.e>ARB@PancakeV3/100 in=24.36 ARB gap=30.8bps profit=$0.006 net=$-0.005"}
{"level":30,"time":1790818016864,"pid":1079,"hostname":"vm","msg":"  ARB>USDC.e@UniswapV3/500 USDC.e>ARB@UniswapV3/3000 in=14.31 ARB gap=65.1bps profit=$0.004 net=$-0.007"}
{"level":30,"time":1790818016864,"pid":1079,"hostname":"vm","msg":"  ARB>USDC@PancakeV3/500 USDC>ARB@UniswapV3/100 in=14.21 ARB gap=34.5bps profit=$0.004 net=$-0.008"}
{"level":30,"time":1790818016864,"pid":1079,"hostname":"vm","msg":"  ARB>WETH@UniswapV3/500 WETH>ARB@SushiV3/500 in=10.40 ARB gap=38.3bps profit=$0.003 net=$-0.008"}
{"level":30,"time":1790818016864,"pid":1079,"hostname":"vm","msg":"  ARB>USDC@UniswapV3/500 USDC>ARB@UniswapV3/100 in=11.61 ARB gap=30.5bps profit=$0.003 net=$-0.008"}
{"level":30,"time":1790818017417,"pid":1079,"hostname":"vm","block":510514967,"gross":261,"net":0,"sumNetUsd":0,"gasPriceGwei":0.020054,"txCostUsd":0.0135,"syncMs":163,"searchMs":187,"msg":"block scanned"}
{"level":30,"time":1790818017417,"pid":1079,"hostname":"vm","msg":"  ARB>USDC.e@UniswapV3/500 USDC.e>ARB@PancakeV3/100 in=24.36 ARB gap=30.8bps profit=$0.006 net=$-0.005"}
{"level":30,"time":1790818017417,"pid":1079,"hostname":"vm","msg":"  ARB>USDC.e@UniswapV3/500 USDC.e>ARB@UniswapV3/3000 in=14.31 ARB gap=65.1bps profit=$0.004 net=$-0.007"}
{"level":30,"time":1790818017417,"pid":1079,"hostname":"vm","msg":"  ARB>USDC@PancakeV3/500 USDC>ARB@UniswapV3/100 in=14.21 ARB gap=34.5bps profit=$0.004 net=$-0.008"}
{"level":30,"time":1790818017417,"pid":1079,"hostname":"vm","msg":"  ARB>WETH@UniswapV3/500 WETH>ARB@SushiV3/500 in=10.40 ARB gap=38.3bps profit=$0.003 net=$-0.008"}
{"level":30,"time":1790818017417,"pid":1079,"hostname":"vm","msg":"  ARB>USDC@UniswapV3/500 USDC>ARB@UniswapV3/100 in=11.61 ARB gap=30.5bps profit=$0.003 net=$-0.008"}
{"level":30,"time":1790818128198,"pid":1079,"hostname":"vm","block":510514969,"gross":271,"net":0,"sumNetUsd":0,"gasPriceGwei":0.020018,"txCostUsd":0.0135,"syncMs":110371,"searchMs":185,"msg":"block scanned"}
{"level":30,"time":1790818128198,"pid":1079,"hostname":"vm","msg":"  ARB>USDC.e@UniswapV3/500 USDC.e>ARB@PancakeV3/100 in=24.36 ARB gap=30.8bps profit=$0.006 net=$-0.005"}
{"level":30,"time":1790818128198,"pid":1079,"hostname":"vm","msg":"  ARB>USDC.e@UniswapV3/500 USDC.e>ARB@UniswapV3/3000 in=14.31 ARB gap=65.1bps profit=$0.004 net=$-0.007"}
{"level":30,"time":1790818128198,"pid":1079,"hostname":"vm","msg":"  ARB>USDC@PancakeV3/500 USDC>ARB@UniswapV3/100 in=14.21 ARB gap=34.5bps profit=$0.004 net=$-0.008"}
{"level":30,"time":1790818128198,"pid":1079,"hostname":"vm","msg":"  ARB>WETH@UniswapV3/500 WETH>ARB@SushiV3/500 in=10.40 ARB gap=38.3bps profit=$0.003 net=$-0.008"}
{"level":30,"time":1790818128198,"pid":1079,"hostname":"vm","msg":"  ARB>USDC@UniswapV3/500 USDC>ARB@UniswapV3/100 in=11.61 ARB gap=30.5bps profit=$0.003 net=$-0.008"}
{"level":30,"time":1790818128651,"pid":1079,"hostname":"vm","block":510515350,"gross":265,"net":0,"sumNetUsd":0,"gasPriceGwei":0.020026,"txCostUsd":0.0135,"syncMs":174,"searchMs":178,"msg":"block scanned"}
{"level":30,"time":1790818128651,"pid":1079,"hostname":"vm","msg":"  ARB>USDC.e@UniswapV3/500 USDC.e>ARB@PancakeV3/100 in=27.80 ARB gap=34.3bps profit=$0.008 net=$-0.003"}
{"level":30,"time":1790818128651,"pid":1079,"hostname":"vm","msg":"  ARB>WETH@PancakeV3/500 WETH>ARB@SushiV3/500 in=13.03 ARB gap=51.7bps profit=$0.006 net=$-0.006"}
{"level":30,"time":1790818128651,"pid":1079,"hostname":"vm","msg":"  ARB>USDC.e@UniswapV3/500 USDC.e>ARB@UniswapV3/3000 in=15.98 ARB gap=68.6bps profit=$0.005 net=$-0.006"}
{"level":30,"time":1790818128651,"pid":1079,"hostname":"vm","msg":"  ARB>USDC@UniswapV3/500 USDC>ARB@UniswapV3/100 in=16.16 ARB gap=39.3bps profit=$0.005 net=$-0.007"}
{"level":30,"time":1790818128651,"pid":1079,"hostname":"vm","msg":"  ARB>WETH@UniswapV3/500 WETH>ARB@SushiV3/500 in=12.81 ARB gap=44.9bps profit=$0.005 net=$-0.007"}
{"level":30,"time":1790818129171,"pid":1079,"hostname":"vm","block":510515352,"gross":265,"net":0,"sumNetUsd":0,"gasPriceGwei":0.02001,"txCostUsd":0.0135,"syncMs":127,"searchMs":180,"msg":"block scanned"}
{"level":30,"time":1790818129171,"pid":1079,"hostname":"vm","msg":"  ARB>USDC.e@UniswapV3/500 USDC.e>ARB@PancakeV3/100 in=27.80 ARB gap=34.3bps profit=$0.008 net=$-0.003"}
{"level":30,"time":1790818129171,"pid":1079,"hostname":"vm","msg":"  ARB>WETH@PancakeV3/500 WETH>ARB@SushiV3/500 in=13.03 ARB gap=51.7bps profit=$0.006 net=$-0.006"}
{"level":30,"time":1790818129171,"pid":1079,"hostname":"vm","msg":"  ARB>USDC.e@UniswapV3/500 USDC.e>ARB@UniswapV3/3000 in=15.98 ARB gap=68.6bps profit=$0.005 net=$-0.006"}
{"level":30,"time":1790818129171,"pid":1079,"hostname":"vm","msg":"  ARB>USDC@UniswapV3/500 USDC>ARB@UniswapV3/100 in=16.16 ARB gap=39.3bps profit=$0.005 net=$-0.007"}
{"level":30,"time":1790818129171,"pid":1079,"hostname":"vm","msg":"  ARB>WETH@UniswapV3/500 WETH>ARB@SushiV3/500 in=12.81 ARB gap=44.9bps profit=$0.005 net=$-0.007"}
{"level":30,"time":1790818129826,"pid":1079,"hostname":"vm","block":510515354,"gross":265,"net":0,"sumNetUsd":0,"gasPriceGwei":0.020002,"txCostUsd":0.0135,"syncMs":162,"searchMs":189,"msg":"block scanned"}
{"level":30,"time":1790818129826,"pid":1079,"hostname":"vm","msg":"  ARB>USDC.e@UniswapV3/500 USDC.e>ARB@PancakeV3/100 in=27.80 ARB gap=34.3bps profit=$0.008 net=$-0.003"}
{"level":30,"time":1790818129826,"pid":1079,"hostname":"vm","msg":"  ARB>WETH@PancakeV3/500 WETH>ARB@SushiV3/500 in=13.03 ARB gap=51.7bps profit=$0.006 net=$-0.006"}
{"level":30,"time":1790818129826,"pid":1079,"hostname":"vm","msg":"  ARB>USDC.e@UniswapV3/500 USDC.e>ARB@UniswapV3/3000 in=15.98 ARB gap=68.6bps profit=$0.005 net=$-0.006"}
{"level":30,"time":1790818129826,"pid":1079,"hostname":"vm","msg":"  ARB>USDC@UniswapV3/500 USDC>ARB@UniswapV3/100 in=16.16 ARB gap=39.3bps profit=$0.005 net=$-0.007"}
{"level":30,"time":1790818129826,"pid":1079,"hostname":"vm","msg":"  ARB>WETH@UniswapV3/500 WETH>ARB@SushiV3/500 in=12.81 ARB gap=44.9bps profit=$0.005 net=$-0.007"}
{"level":30,"time":1790818130361,"pid":1079,"hostname":"vm","block":510515356,"gross":265,"net":0,"sumNetUsd":0,"gasPriceGwei":0.02002,"txCostUsd":0.0135,"syncMs":142,"searchMs":189,"msg":"block scanned"}
{"level":30,"time":1790818130361,"pid":1079,"hostname":"vm","msg":"  ARB>USDC.e@UniswapV3/500 USDC.e>ARB@PancakeV3/100 in=27.80 ARB gap=34.3bps profit=$0.008 net=$-0.003"}
{"level":30,"time":1790818130361,"pid":1079,"hostname":"vm","msg":"  ARB>WETH@PancakeV3/500 WETH>ARB@SushiV3/500 in=13.03 ARB gap=51.7bps profit=$0.006 net=$-0.006"}
{"level":30,"time":1790818130361,"pid":1079,"hostname":"vm","msg":"  ARB>USDC.e@UniswapV3/500 USDC.e>ARB@UniswapV3/3000 in=15.98 ARB gap=68.6bps profit=$0.005 net=$-0.006"}
{"level":30,"time":1790818130361,"pid":1079,"hostname":"vm","msg":"  ARB>USDC@UniswapV3/500 USDC>ARB@UniswapV3/100 in=16.16 ARB gap=39.3bps profit=$0.005 net=$-0.007"}
{"level":30,"time":1790818130362,"pid":1079,"hostname":"vm","msg":"  ARB>WETH@UniswapV3/500 WETH>ARB@SushiV3/500 in=12.81 ARB gap=44.9bps profit=$0.005 net=$-0.007"}
{"level":30,"time":1790818130954,"pid":1079,"hostname":"vm","block":510515358,"gross":265,"net":0,"sumNetUsd":0,"gasPriceGwei":0.02,"txCostUsd":0.0135,"syncMs":139,"searchMs":149,"msg":"block scanned"}
{"level":30,"time":1790818130954,"pid":1079,"hostname":"vm","msg":"  ARB>USDC.e@UniswapV3/500 USDC.e>ARB@PancakeV3/100 in=27.80 ARB gap=34.3bps profit=$0.008 net=$-0.003"}
{"level":30,"time":1790818130954,"pid":1079,"hostname":"vm","msg":"  ARB>WETH@PancakeV3/500 WETH>ARB@SushiV3/500 in=13.03 ARB gap=51.7bps profit=$0.006 net=$-0.006"}
{"level":30,"time":1790818130954,"pid":1079,"hostname":"vm","msg":"  ARB>USDC.e@UniswapV3/500 USDC.e>ARB@UniswapV3/3000 in=15.98 ARB gap=68.6bps profit=$0.005 net=$-0.006"}
{"level":30,"time":1790818130954,"pid":1079,"hostname":"vm","msg":"  ARB>USDC@UniswapV3/500 USDC>ARB@UniswapV3/100 in=16.16 ARB gap=39.3bps profit=$0.005 net=$-0.007"}
{"level":30,"time":1790818130954,"pid":1079,"hostname":"vm","msg":"  ARB>WETH@UniswapV3/500 WETH>ARB@SushiV3/500 in=12.81 ARB gap=44.9bps profit=$0.005 net=$-0.007"}
{"level":30,"time":1790818131617,"pid":1079,"hostname":"vm","block":510515360,"gross":265,"net":0,"sumNetUsd":0,"gasPriceGwei":0.02,"txCostUsd":0.0135,"syncMs":182,"searchMs":180,"msg":"block scanned"}
{"level":30,"time":1790818131617,"pid":1079,"hostname":"vm","msg":"  ARB>USDC.e@UniswapV3/500 USDC.e>ARB@PancakeV3/100 in=27.80 ARB gap=34.3bps profit=$0.008 net=$-0.003"}
{"level":30,"time":1790818131617,"pid":1079,"hostname":"vm","msg":"  ARB>WETH@PancakeV3/500 WETH>ARB@SushiV3/500 in=13.03 ARB gap=51.7bps profit=$0.006 net=$-0.006"}
{"level":30,"time":1790818131617,"pid":1079,"hostname":"vm","msg":"  ARB>USDC.e@UniswapV3/500 USDC.e>ARB@UniswapV3/3000 in=15.98 ARB gap=68.6bps profit=$0.005 net=$-0.006"}
{"level":30,"time":1790818131617,"pid":1079,"hostname":"vm","msg":"  ARB>USDC@UniswapV3/500 USDC>ARB@UniswapV3/100 in=16.16 ARB gap=39.3bps profit=$0.005 net=$-0.007"}
{"level":30,"time":1790818131617,"pid":1079,"hostname":"vm","msg":"  ARB>WETH@UniswapV3/500 WETH>ARB@SushiV3/500 in=12.81 ARB gap=44.9bps profit=$0.005 net=$-0.007"}
{"level":30,"time":1790818132175,"pid":1079,"hostname":"vm","block":510515363,"gross":266,"net":0,"sumNetUsd":0,"gasPriceGwei":0.020048,"txCostUsd":0.0135,"syncMs":173,"searchMs":180,"msg":"block scanned"}
{"level":30,"time":1790818132175,"pid":1079,"hostname":"vm","msg":"  ARB>USDC.e@UniswapV3/500 USDC.e>ARB@PancakeV3/100 in=27.80 ARB gap=34.3bps profit=$0.008 net=$-0.003"}
{"level":30,"time":1790818132175,"pid":1079,"hostname":"vm","msg":"  ARB>WETH@PancakeV3/500 WETH>ARB@SushiV3/500 in=13.03 ARB gap=51.7bps profit=$0.006 net=$-0.006"}
{"level":30,"time":1790818132175,"pid":1079,"hostname":"vm","msg":"  ARB>USDC.e@UniswapV3/500 USDC.e>ARB@UniswapV3/3000 in=15.98 ARB gap=68.6bps profit=$0.005 net=$-0.006"}
{"level":30,"time":1790818132175,"pid":1079,"hostname":"vm","msg":"  ARB>USDC@UniswapV3/500 USDC>ARB@UniswapV3/100 in=16.16 ARB gap=39.3bps profit=$0.005 net=$-0.007"}
{"level":30,"time":1790818132175,"pid":1079,"hostname":"vm","msg":"  ARB>WETH@UniswapV3/500 WETH>ARB@SushiV3/500 in=12.81 ARB gap=44.9bps profit=$0.005 net=$-0.007"}
{"level":30,"time":1790818132719,"pid":1079,"hostname":"vm","block":510515365,"gross":266,"net":0,"sumNetUsd":0,"gasPriceGwei":0.02,"txCostUsd":0.0135,"syncMs":148,"searchMs":194,"msg":"block scanned"}
{"level":30,"time":1790818132719,"pid":1079,"hostname":"vm","msg":"  ARB>USDC.e@UniswapV3/500 USDC.e>ARB@PancakeV3/100 in=27.80 ARB gap=34.3bps profit=$0.008 net=$-0.003"}
{"level":30,"time":1790818132719,"pid":1079,"hostname":"vm","msg":"  ARB>WETH@PancakeV3/500 WETH>ARB@SushiV3/500 in=13.03 ARB gap=51.7bps profit=$0.006 net=$-0.006"}
{"level":30,"time":1790818132719,"pid":1079,"hostname":"vm","msg":"  ARB>USDC.e@UniswapV3/500 USDC.e>ARB@UniswapV3/3000 in=15.98 ARB gap=68.6bps profit=$0.005 net=$-0.006"}
{"level":30,"time":1790818132719,"pid":1079,"hostname":"vm","msg":"  ARB>USDC@UniswapV3/500 USDC>ARB@UniswapV3/100 in=16.16 ARB gap=39.3bps profit=$0.005 net=$-0.007"}
{"level":30,"time":1790818132719,"pid":1079,"hostname":"vm","msg":"  ARB>WETH@UniswapV3/500 WETH>ARB@SushiV3/500 in=12.81 ARB gap=44.9bps profit=$0.005 net=$-0.007"}
{"level":30,"time":1790818133384,"pid":1079,"hostname":"vm","block":510515367,"gross":266,"net":0,"sumNetUsd":0,"gasPriceGwei":0.020004,"txCostUsd":0.0135,"syncMs":162,"searchMs":197,"msg":"block scanned"}
{"level":30,"time":1790818133384,"pid":1079,"hostname":"vm","msg":"  ARB>USDC.e@UniswapV3/500 USDC.e>ARB@PancakeV3/100 in=27.80 ARB gap=34.3bps profit=$0.008 net=$-0.003"}
{"level":30,"time":1790818133384,"pid":1079,"hostname":"vm","msg":"  ARB>WETH@PancakeV3/500 WETH>ARB@SushiV3/500 in=13.03 ARB gap=51.7bps profit=$0.006 net=$-0.006"}
{"level":30,"time":1790818133384,"pid":1079,"hostname":"vm","msg":"  ARB>USDC.e@UniswapV3/500 USDC.e>ARB@UniswapV3/3000 in=15.98 ARB gap=68.6bps profit=$0.005 net=$-0.006"}
{"level":30,"time":1790818133384,"pid":1079,"hostname":"vm","msg":"  ARB>USDC@UniswapV3/500 USDC>ARB@UniswapV3/100 in=16.16 ARB gap=39.3bps profit=$0.005 net=$-0.007"}
{"level":30,"time":1790818133384,"pid":1079,"hostname":"vm","msg":"  ARB>WETH@UniswapV3/500 WETH>ARB@SushiV3/500 in=12.81 ARB gap=44.9bps profit=$0.005 net=$-0.007"}
{"level":30,"time":1790818133924,"pid":1079,"hostname":"vm","block":510515369,"gross":266,"net":0,"sumNetUsd":0,"gasPriceGwei":0.02,"txCostUsd":0.0135,"syncMs":152,"searchMs":182,"msg":"block scanned"}
{"level":30,"time":1790818133924,"pid":1079,"hostname":"vm","msg":"  ARB>USDC.e@UniswapV3/500 USDC.e>ARB@PancakeV3/100 in=27.80 ARB gap=34.3bps profit=$0.008 net=$-0.003"}
{"level":30,"time":1790818133924,"pid":1079,"hostname":"vm","msg":"  ARB>WETH@PancakeV3/500 WETH>ARB@SushiV3/500 in=13.03 ARB gap=51.7bps profit=$0.006 net=$-0.006"}
{"level":30,"time":1790818133924,"pid":1079,"hostname":"vm","msg":"  ARB>USDC.e@UniswapV3/500 USDC.e>ARB@UniswapV3/3000 in=15.98 ARB gap=68.6bps profit=$0.005 net=$-0.006"}
{"level":30,"time":1790818133924,"pid":1079,"hostname":"vm","msg":"  ARB>USDC@UniswapV3/500 USDC>ARB@UniswapV3/100 in=16.16 ARB gap=39.3bps profit=$0.005 net=$-0.007"}
{"level":30,"time":1790818133924,"pid":1079,"hostname":"vm","msg":"  ARB>WETH@UniswapV3/500 WETH>ARB@SushiV3/500 in=12.81 ARB gap=44.9bps profit=$0.005 net=$-0.007"}
{"level":30,"time":1790818134526,"pid":1079,"hostname":"vm","block":510515371,"gross":266,"net":0,"sumNetUsd":0,"gasPriceGwei":0.020124,"txCostUsd":0.0135,"syncMs":118,"searchMs":178,"msg":"block scanned"}
{"level":30,"time":1790818134527,"pid":1079,"hostname":"vm","msg":"  ARB>USDC.e@UniswapV3/500 USDC.e>ARB@PancakeV3/100 in=27.80 ARB gap=34.3bps profit=$0.008 net=$-0.003"}
{"level":30,"time":1790818134527,"pid":1079,"hostname":"vm","msg":"  ARB>WETH@PancakeV3/500 WETH>ARB@SushiV3/500 in=13.03 ARB gap=51.7bps profit=$0.006 net=$-0.006"}
{"level":30,"time":1790818134527,"pid":1079,"hostname":"vm","msg":"  ARB>USDC.e@UniswapV3/500 USDC.e>ARB@UniswapV3/3000 in=15.98 ARB gap=68.6bps profit=$0.005 net=$-0.006"}
{"level":30,"time":1790818134527,"pid":1079,"hostname":"vm","msg":"  ARB>USDC@UniswapV3/500 USDC>ARB@UniswapV3/100 in=16.16 ARB gap=39.3bps profit=$0.005 net=$-0.007"}
{"level":30,"time":1790818134527,"pid":1079,"hostname":"vm","msg":"  ARB>WETH@UniswapV3/500 WETH>ARB@SushiV3/500 in=12.81 ARB gap=44.9bps profit=$0.005 net=$-0.007"}
{"level":30,"time":1790818135136,"pid":1079,"hostname":"vm","block":510515373,"gross":266,"net":0,"sumNetUsd":0,"gasPriceGwei":0.020002,"txCostUsd":0.0135,"syncMs":126,"searchMs":180,"msg":"block scanned"}
{"level":30,"time":1790818135136,"pid":1079,"hostname":"vm","msg":"  ARB>USDC.e@UniswapV3/500 USDC.e>ARB@PancakeV3/100 in=27.80 ARB gap=34.3bps profit=$0.008 net=$-0.003"}
{"level":30,"time":1790818135136,"pid":1079,"hostname":"vm","msg":"  ARB>WETH@PancakeV3/500 WETH>ARB@SushiV3/500 in=13.03 ARB gap=51.7bps profit=$0.006 net=$-0.006"}
{"level":30,"time":1790818135136,"pid":1079,"hostname":"vm","msg":"  ARB>USDC.e@UniswapV3/500 USDC.e>ARB@UniswapV3/3000 in=15.98 ARB gap=68.6bps profit=$0.005 net=$-0.006"}
{"level":30,"time":1790818135136,"pid":1079,"hostname":"vm","msg":"  ARB>USDC@UniswapV3/500 USDC>ARB@UniswapV3/100 in=16.16 ARB gap=39.3bps profit=$0.005 net=$-0.007"}
{"level":30,"time":1790818135136,"pid":1079,"hostname":"vm","msg":"  ARB>WETH@UniswapV3/500 WETH>ARB@SushiV3/500 in=12.81 ARB gap=44.9bps profit=$0.005 net=$-0.007"}
{"level":30,"time":1790818135803,"pid":1079,"hostname":"vm","block":510515375,"gross":266,"net":0,"sumNetUsd":0,"gasPriceGwei":0.02,"txCostUsd":0.0135,"syncMs":183,"searchMs":179,"msg":"block scanned"}
{"level":30,"time":1790818135804,"pid":1079,"hostname":"vm","msg":"  ARB>USDC.e@UniswapV3/500 USDC.e>ARB@PancakeV3/100 in=27.80 ARB gap=34.3bps profit=$0.008 net=$-0.003"}
{"level":30,"time":1790818135804,"pid":1079,"hostname":"vm","msg":"  ARB>WETH@PancakeV3/500 WETH>ARB@SushiV3/500 in=13.03 ARB gap=51.7bps profit=$0.006 net=$-0.006"}
{"level":30,"time":1790818135804,"pid":1079,"hostname":"vm","msg":"  ARB>USDC.e@UniswapV3/500 USDC.e>ARB@UniswapV3/3000 in=15.98 ARB gap=68.6bps profit=$0.005 net=$-0.006"}
{"level":30,"time":1790818135804,"pid":1079,"hostname":"vm","msg":"  ARB>USDC@UniswapV3/500 USDC>ARB@UniswapV3/100 in=16.16 ARB gap=39.3bps profit=$0.005 net=$-0.007"}
{"level":30,"time":1790818135804,"pid":1079,"hostname":"vm","msg":"  ARB>WETH@UniswapV3/500 WETH>ARB@SushiV3/500 in=12.81 ARB gap=44.9bps profit=$0.005 net=$-0.007"}
{"level":30,"time":1790818136313,"pid":1079,"hostname":"vm","block":510515377,"gross":266,"net":0,"sumNetUsd":0,"gasPriceGwei":0.020032,"txCostUsd":0.0135,"syncMs":121,"searchMs":186,"msg":"block scanned"}
{"level":30,"time":1790818136313,"pid":1079,"hostname":"vm","msg":"  ARB>USDC.e@UniswapV3/500 USDC.e>ARB@PancakeV3/100 in=27.80 ARB gap=34.3bps profit=$0.008 net=$-0.003"}
{"level":30,"time":1790818136313,"pid":1079,"hostname":"vm","msg":"  ARB>WETH@PancakeV3/500 WETH>ARB@SushiV3/500 in=13.03 ARB gap=51.7bps profit=$0.006 net=$-0.006"}
{"level":30,"time":1790818136313,"pid":1079,"hostname":"vm","msg":"  ARB>USDC.e@UniswapV3/500 USDC.e>ARB@UniswapV3/3000 in=15.98 ARB gap=68.6bps profit=$0.005 net=$-0.006"}
{"level":30,"time":1790818136313,"pid":1079,"hostname":"vm","msg":"  ARB>USDC@UniswapV3/500 USDC>ARB@UniswapV3/100 in=16.16 ARB gap=39.3bps profit=$0.005 net=$-0.007"}
{"level":30,"time":1790818136313,"pid":1079,"hostname":"vm","msg":"  ARB>WETH@UniswapV3/500 WETH>ARB@SushiV3/500 in=12.81 ARB gap=44.9bps profit=$0.005 net=$-0.007"}
{"level":30,"time":1790818150396,"pid":1079,"hostname":"vm","block":510515379,"gross":266,"net":0,"sumNetUsd":0,"gasPriceGwei":0.020014,"txCostUsd":0.0135,"syncMs":13015,"searchMs":211,"msg":"block scanned"}
{"level":30,"time":1790818150396,"pid":1079,"hostname":"vm","msg":"  ARB>USDC.e@UniswapV3/500 USDC.e>ARB@PancakeV3/100 in=27.80 ARB gap=34.3bps profit=$0.008 net=$-0.003"}
{"level":30,"time":1790818150396,"pid":1079,"hostname":"vm","msg":"  ARB>WETH@PancakeV3/500 WETH>ARB@SushiV3/500 in=13.03 ARB gap=51.7bps profit=$0.006 net=$-0.006"}
{"level":30,"time":1790818150396,"pid":1079,"hostname":"vm","msg":"  ARB>USDC.e@UniswapV3/500 USDC.e>ARB@UniswapV3/3000 in=15.98 ARB gap=68.6bps profit=$0.005 net=$-0.006"}
{"level":30,"time":1790818150396,"pid":1079,"hostname":"vm","msg":"  ARB>USDC@UniswapV3/500 USDC>ARB@UniswapV3/100 in=16.16 ARB gap=39.3bps profit=$0.005 net=$-0.007"}
{"level":30,"time":1790818150396,"pid":1079,"hostname":"vm","msg":"  ARB>WETH@UniswapV3/500 WETH>ARB@SushiV3/500 in=12.81 ARB gap=44.9bps profit=$0.005 net=$-0.007"}
{"level":30,"time":1790818150800,"pid":1079,"hostname":"vm","block":510515422,"gross":268,"net":0,"sumNetUsd":0,"gasPriceGwei":0.020012,"txCostUsd":0.0135,"syncMs":112,"searchMs":186,"msg":"block scanned"}
{"level":30,"time":1790818150800,"pid":1079,"hostname":"vm","msg":"  ARB>USDC.e@UniswapV3/500 USDC.e>ARB@PancakeV3/100 in=27.80 ARB gap=34.3bps profit=$0.008 net=$-0.003"}
{"level":30,"time":1790818150801,"pid":1079,"hostname":"vm","msg":"  ARB>WETH@PancakeV3/500 WETH>ARB@SushiV3/500 in=13.03 ARB gap=51.7bps profit=$0.006 net=$-0.006"}
{"level":30,"time":1790818150801,"pid":1079,"hostname":"vm","msg":"  ARB>USDC.e@UniswapV3/500 USDC.e>ARB@UniswapV3/3000 in=15.98 ARB gap=68.6bps profit=$0.005 net=$-0.006"}
{"level":30,"time":1790818150801,"pid":1079,"hostname":"vm","msg":"  ARB>USDC@UniswapV3/500 USDC>ARB@UniswapV3/100 in=16.16 ARB gap=39.3bps profit=$0.005 net=$-0.007"}
{"level":30,"time":1790818150801,"pid":1079,"hostname":"vm","msg":"  ARB>WETH@UniswapV3/500 WETH>ARB@SushiV3/500 in=12.81 ARB gap=44.9bps profit=$0.005 net=$-0.007"}
{"level":30,"time":1790818151437,"pid":1079,"hostname":"vm","block":510515424,"gross":268,"net":0,"sumNetUsd":0,"gasPriceGwei":0.02,"txCostUsd":0.0135,"syncMs":151,"searchMs":179,"msg":"block scanned"}
{"level":30,"time":1790818151437,"pid":1079,"hostname":"vm","msg":"  ARB>USDC.e@UniswapV3/500 USDC.e>ARB@PancakeV3/100 in=27.80 ARB gap=34.3bps profit=$0.008 net=$-0.003"}
{"level":30,"time":1790818151437,"pid":1079,"hostname":"vm","msg":"  ARB>WETH@PancakeV3/500 WETH>ARB@SushiV3/500 in=13.03 ARB gap=51.7bps profit=$0.006 net=$-0.006"}
{"level":30,"time":1790818151437,"pid":1079,"hostname":"vm","msg":"  ARB>USDC.e@UniswapV3/500 USDC.e>ARB@UniswapV3/3000 in=15.98 ARB gap=68.6bps profit=$0.005 net=$-0.006"}
{"level":30,"time":1790818151437,"pid":1079,"hostname":"vm","msg":"  ARB>USDC@UniswapV3/500 USDC>ARB@UniswapV3/100 in=16.16 ARB gap=39.3bps profit=$0.005 net=$-0.007"}
{"level":30,"time":1790818151437,"pid":1079,"hostname":"vm","msg":"  ARB>WETH@UniswapV3/500 WETH>ARB@SushiV3/500 in=12.81 ARB gap=44.9bps profit=$0.005 net=$-0.007"}
{"level":30,"time":1790818152049,"pid":1079,"hostname":"vm","block":510515427,"gross":268,"net":0,"sumNetUsd":0,"gasPriceGwei":0.020022,"txCostUsd":0.0135,"syncMs":133,"searchMs":180,"msg":"block scanned"}
{"level":30,"time":1790818152049,"pid":1079,"hostname":"vm","msg":"  ARB>USDC.e@UniswapV3/500 USDC.e>ARB@PancakeV3/100 in=27.80 ARB gap=34.3bps profit=$0.008 net=$-0.003"}
{"level":30,"time":1790818152049,"pid":1079,"hostname":"vm","msg":"  ARB>WETH@PancakeV3/500 WETH>ARB@SushiV3/500 in=13.03 ARB gap=51.7bps profit=$0.006 net=$-0.006"}
{"level":30,"time":1790818152049,"pid":1079,"hostname":"vm","msg":"  ARB>USDC.e@UniswapV3/500 USDC.e>ARB@UniswapV3/3000 in=15.98 ARB gap=68.6bps profit=$0.005 net=$-0.006"}
{"level":30,"time":1790818152049,"pid":1079,"hostname":"vm","msg":"  ARB>USDC@UniswapV3/500 USDC>ARB@UniswapV3/100 in=16.16 ARB gap=39.3bps profit=$0.005 net=$-0.007"}
{"level":30,"time":1790818152049,"pid":1079,"hostname":"vm","msg":"  ARB>WETH@UniswapV3/500 WETH>ARB@SushiV3/500 in=12.81 ARB gap=44.9bps profit=$0.005 net=$-0.007"}
{"level":30,"time":1790818152746,"pid":1079,"hostname":"vm","block":510515429,"gross":268,"net":0,"sumNetUsd":0,"gasPriceGwei":0.02,"txCostUsd":0.0135,"syncMs":191,"searchMs":193,"msg":"block scanned"}
{"level":30,"time":1790818152746,"pid":1079,"hostname":"vm","msg":"  ARB>USDC.e@UniswapV3/500 USDC.e>ARB@PancakeV3/100 in=27.80 ARB gap=34.3bps profit=$0.008 net=$-0.003"}
{"level":30,"time":1790818152746,"pid":1079,"hostname":"vm","msg":"  ARB>WETH@PancakeV3/500 WETH>ARB@SushiV3/500 in=13.03 ARB gap=51.7bps profit=$0.006 net=$-0.006"}
{"level":30,"time":1790818152746,"pid":1079,"hostname":"vm","msg":"  ARB>USDC.e@UniswapV3/500 USDC.e>ARB@UniswapV3/3000 in=15.98 ARB gap=68.6bps profit=$0.005 net=$-0.006"}
{"level":30,"time":1790818152746,"pid":1079,"hostname":"vm","msg":"  ARB>USDC@UniswapV3/500 USDC>ARB@UniswapV3/100 in=16.16 ARB gap=39.3bps profit=$0.005 net=$-0.007"}
{"level":30,"time":1790818152746,"pid":1079,"hostname":"vm","msg":"  ARB>WETH@UniswapV3/500 WETH>ARB@SushiV3/500 in=12.81 ARB gap=44.9bps profit=$0.005 net=$-0.007"}
{"level":30,"time":1790818153265,"pid":1079,"hostname":"vm","block":510515431,"gross":268,"net":0,"sumNetUsd":0,"gasPriceGwei":0.020012,"txCostUsd":0.0135,"syncMs":154,"searchMs":155,"msg":"block scanned"}
{"level":30,"time":1790818153265,"pid":1079,"hostname":"vm","msg":"  ARB>USDC.e@UniswapV3/500 USDC.e>ARB@PancakeV3/100 in=27.80 ARB gap=34.3bps profit=$0.008 net=$-0.003"}
{"level":30,"time":1790818153265,"pid":1079,"hostname":"vm","msg":"  ARB>WETH@PancakeV3/500 WETH>ARB@SushiV3/500 in=13.03 ARB gap=51.7bps profit=$0.006 net=$-0.006"}
{"level":30,"time":1790818153265,"pid":1079,"hostname":"vm","msg":"  ARB>USDC.e@UniswapV3/500 USDC.e>ARB@UniswapV3/3000 in=15.98 ARB gap=68.6bps profit=$0.005 net=$-0.006"}
{"level":30,"time":1790818153265,"pid":1079,"hostname":"vm","msg":"  ARB>USDC@UniswapV3/500 USDC>ARB@UniswapV3/100 in=16.16 ARB gap=39.3bps profit=$0.005 net=$-0.007"}
{"level":30,"time":1790818153265,"pid":1079,"hostname":"vm","msg":"  ARB>WETH@UniswapV3/500 WETH>ARB@SushiV3/500 in=12.81 ARB gap=44.9bps profit=$0.005 net=$-0.007"}
{"level":30,"time":1790818153912,"pid":1079,"hostname":"vm","block":510515433,"gross":268,"net":0,"sumNetUsd":0,"gasPriceGwei":0.02,"txCostUsd":0.0135,"syncMs":188,"searchMs":164,"msg":"block scanned"}
{"level":30,"time":1790818153912,"pid":1079,"hostname":"vm","msg":"  ARB>USDC.e@UniswapV3/500 USDC.e>ARB@PancakeV3/100 in=27.80 ARB gap=34.3bps profit=$0.008 net=$-0.003"}
{"level":30,"time":1790818153912,"pid":1079,"hostname":"vm","msg":"  ARB>WETH@PancakeV3/500 WETH>ARB@SushiV3/500 in=13.03 ARB gap=51.7bps profit=$0.006 net=$-0.006"}
{"level":30,"time":1790818153912,"pid":1079,"hostname":"vm","msg":"  ARB>USDC.e@UniswapV3/500 USDC.e>ARB@UniswapV3/3000 in=15.98 ARB gap=68.6bps profit=$0.005 net=$-0.006"}
{"level":30,"time":1790818153912,"pid":1079,"hostname":"vm","msg":"  ARB>USDC@UniswapV3/500 USDC>ARB@UniswapV3/100 in=16.16 ARB gap=39.3bps profit=$0.005 net=$-0.007"}
{"level":30,"time":1790818153912,"pid":1079,"hostname":"vm","msg":"  ARB>WETH@UniswapV3/500 WETH>ARB@SushiV3/500 in=12.81 ARB gap=44.9bps profit=$0.005 net=$-0.007"}
{"level":30,"time":1790818154551,"pid":1079,"hostname":"vm","block":510515434,"gross":268,"net":0,"sumNetUsd":0,"gasPriceGwei":0.02,"txCostUsd":0.0135,"syncMs":170,"searchMs":154,"msg":"block scanned"}
{"level":30,"time":1790818154551,"pid":1079,"hostname":"vm","msg":"  ARB>USDC.e@UniswapV3/500 USDC.e>ARB@PancakeV3/100 in=27.80 ARB gap=34.3bps profit=$0.008 net=$-0.003"}
{"level":30,"time":1790818154551,"pid":1079,"hostname":"vm","msg":"  ARB>WETH@PancakeV3/500 WETH>ARB@SushiV3/500 in=13.03 ARB gap=51.7bps profit=$0.006 net=$-0.006"}
{"level":30,"time":1790818154551,"pid":1079,"hostname":"vm","msg":"  ARB>USDC.e@UniswapV3/500 USDC.e>ARB@UniswapV3/3000 in=15.98 ARB gap=68.6bps profit=$0.005 net=$-0.006"}
{"level":30,"time":1790818154551,"pid":1079,"hostname":"vm","msg":"  ARB>USDC@UniswapV3/500 USDC>ARB@UniswapV3/100 in=16.16 ARB gap=39.3bps profit=$0.005 net=$-0.007"}
{"level":30,"time":1790818154551,"pid":1079,"hostname":"vm","msg":"  ARB>WETH@UniswapV3/500 WETH>ARB@SushiV3/500 in=12.81 ARB gap=44.9bps profit=$0.005 net=$-0.007"}
{"level":30,"time":1790818155174,"pid":1079,"hostname":"vm","block":510515436,"gross":268,"net":0,"sumNetUsd":0,"gasPriceGwei":0.02001,"txCostUsd":0.0135,"syncMs":135,"searchMs":193,"msg":"block scanned"}
{"level":30,"time":1790818155174,"pid":1079,"hostname":"vm","msg":"  ARB>USDC.e@UniswapV3/500 USDC.e>ARB@PancakeV3/100 in=27.80 ARB gap=34.3bps profit=$0.008 net=$-0.003"}
{"level":30,"time":1790818155174,"pid":1079,"hostname":"vm","msg":"  ARB>WETH@PancakeV3/500 WETH>ARB@SushiV3/500 in=13.03 ARB gap=51.7bps profit=$0.006 net=$-0.006"}
{"level":30,"time":1790818155174,"pid":1079,"hostname":"vm","msg":"  ARB>USDC.e@UniswapV3/500 USDC.e>ARB@UniswapV3/3000 in=15.98 ARB gap=68.6bps profit=$0.005 net=$-0.006"}
{"level":30,"time":1790818155174,"pid":1079,"hostname":"vm","msg":"  ARB>USDC@UniswapV3/500 USDC>ARB@UniswapV3/100 in=16.16 ARB gap=39.3bps profit=$0.005 net=$-0.007"}
{"level":30,"time":1790818155174,"pid":1079,"hostname":"vm","msg":"  ARB>WETH@UniswapV3/500 WETH>ARB@SushiV3/500 in=12.81 ARB gap=44.9bps profit=$0.005 net=$-0.007"}
{"level":30,"time":1790818155847,"pid":1079,"hostname":"vm","block":510515437,"gross":268,"net":0,"sumNetUsd":0,"gasPriceGwei":0.02,"txCostUsd":0.0135,"syncMs":184,"searchMs":186,"msg":"block scanned"}
{"level":30,"time":1790818155847,"pid":1079,"hostname":"vm","msg":"  ARB>USDC.e@UniswapV3/500 USDC.e>ARB@PancakeV3/100 in=27.80 ARB gap=34.3bps profit=$0.008 net=$-0.003"}
{"level":30,"time":1790818155847,"pid":1079,"hostname":"vm","msg":"  ARB>WETH@PancakeV3/500 WETH>ARB@SushiV3/500 in=13.03 ARB gap=51.7bps profit=$0.006 net=$-0.006"}
{"level":30,"time":1790818155847,"pid":1079,"hostname":"vm","msg":"  ARB>USDC.e@UniswapV3/500 USDC.e>ARB@UniswapV3/3000 in=15.98 ARB gap=68.6bps profit=$0.005 net=$-0.006"}
{"level":30,"time":1790818155847,"pid":1079,"hostname":"vm","msg":"  ARB>USDC@UniswapV3/500 USDC>ARB@UniswapV3/100 in=16.16 ARB gap=39.3bps profit=$0.005 net=$-0.007"}
{"level":30,"time":1790818155847,"pid":1079,"hostname":"vm","msg":"  ARB>WETH@UniswapV3/500 WETH>ARB@SushiV3/500 in=12.81 ARB gap=44.9bps profit=$0.005 net=$-0.007"}
{"level":30,"time":1790818156400,"pid":1079,"hostname":"vm","block":510515439,"gross":268,"net":0,"sumNetUsd":0,"gasPriceGwei":0.020108,"txCostUsd":0.0135,"syncMs":140,"searchMs":212,"msg":"block scanned"}
{"level":30,"time":1790818156400,"pid":1079,"hostname":"vm","msg":"  ARB>USDC.e@UniswapV3/500 USDC.e>ARB@PancakeV3/100 in=27.80 ARB gap=34.3bps profit=$0.008 net=$-0.003"}
{"level":30,"time":1790818156400,"pid":1079,"hostname":"vm","msg":"  ARB>WETH@PancakeV3/500 WETH>ARB@SushiV3/500 in=13.03 ARB gap=51.7bps profit=$0.006 net=$-0.006"}
{"level":30,"time":1790818156400,"pid":1079,"hostname":"vm","msg":"  ARB>USDC.e@UniswapV3/500 USDC.e>ARB@UniswapV3/3000 in=15.98 ARB gap=68.6bps profit=$0.005 net=$-0.006"}
{"level":30,"time":1790818156400,"pid":1079,"hostname":"vm","msg":"  ARB>USDC@UniswapV3/500 USDC>ARB@UniswapV3/100 in=16.16 ARB gap=39.3bps profit=$0.005 net=$-0.007"}
{"level":30,"time":1790818156400,"pid":1079,"hostname":"vm","msg":"  ARB>WETH@UniswapV3/500 WETH>ARB@SushiV3/500 in=12.81 ARB gap=44.9bps profit=$0.005 net=$-0.007"}
{"level":30,"time":1790818156963,"pid":1079,"hostname":"vm","block":510515441,"gross":268,"net":0,"sumNetUsd":0,"gasPriceGwei":0.020004,"txCostUsd":0.0135,"syncMs":176,"searchMs":188,"msg":"block scanned"}
{"level":30,"time":1790818156963,"pid":1079,"hostname":"vm","msg":"  ARB>USDC.e@UniswapV3/500 USDC.e>ARB@PancakeV3/100 in=27.80 ARB gap=34.3bps profit=$0.008 net=$-0.003"}
{"level":30,"time":1790818156963,"pid":1079,"hostname":"vm","msg":"  ARB>WETH@PancakeV3/500 WETH>ARB@SushiV3/500 in=13.03 ARB gap=51.7bps profit=$0.006 net=$-0.006"}
{"level":30,"time":1790818156963,"pid":1079,"hostname":"vm","msg":"  ARB>USDC.e@UniswapV3/500 USDC.e>ARB@UniswapV3/3000 in=15.98 ARB gap=68.6bps profit=$0.005 net=$-0.006"}
{"level":30,"time":1790818156963,"pid":1079,"hostname":"vm","msg":"  ARB>USDC@UniswapV3/500 USDC>ARB@UniswapV3/100 in=16.16 ARB gap=39.3bps profit=$0.005 net=$-0.007"}
{"level":30,"time":1790818156963,"pid":1079,"hostname":"vm","msg":"  ARB>WETH@UniswapV3/500 WETH>ARB@SushiV3/500 in=12.81 ARB gap=44.9bps profit=$0.005 net=$-0.007"}
{"level":30,"time":1790818157501,"pid":1079,"hostname":"vm","block":510515443,"gross":268,"net":0,"sumNetUsd":0,"gasPriceGwei":0.02002,"txCostUsd":0.0135,"syncMs":158,"searchMs":176,"msg":"block scanned"}
{"level":30,"time":1790818157501,"pid":1079,"hostname":"vm","msg":"  ARB>USDC.e@UniswapV3/500 USDC.e>ARB@PancakeV3/100 in=27.80 ARB gap=34.3bps profit=$0.008 net=$-0.003"}
{"level":30,"time":1790818157501,"pid":1079,"hostname":"vm","msg":"  ARB>WETH@PancakeV3/500 WETH>ARB@SushiV3/500 in=13.03 ARB gap=51.7bps profit=$0.006 net=$-0.006"}
{"level":30,"time":1790818157501,"pid":1079,"hostname":"vm","msg":"  ARB>USDC.e@UniswapV3/500 USDC.e>ARB@UniswapV3/3000 in=15.98 ARB gap=68.6bps profit=$0.005 net=$-0.006"}
{"level":30,"time":1790818157501,"pid":1079,"hostname":"vm","msg":"  ARB>USDC@UniswapV3/500 USDC>ARB@UniswapV3/100 in=16.16 ARB gap=39.3bps profit=$0.005 net=$-0.007"}
{"level":30,"time":1790818157501,"pid":1079,"hostname":"vm","msg":"  ARB>WETH@UniswapV3/500 WETH>ARB@SushiV3/500 in=12.81 ARB gap=44.9bps profit=$0.005 net=$-0.007"}
{"level":30,"time":1790818158158,"pid":1079,"hostname":"vm","block":510515445,"gross":268,"net":0,"sumNetUsd":0,"gasPriceGwei":0.020024,"txCostUsd":0.0135,"syncMs":200,"searchMs":152,"msg":"block scanned"}
{"level":30,"time":1790818158158,"pid":1079,"hostname":"vm","msg":"  ARB>USDC.e@UniswapV3/500 USDC.e>ARB@PancakeV3/100 in=27.80 ARB gap=34.3bps profit=$0.008 net=$-0.003"}
{"level":30,"time":1790818158158,"pid":1079,"hostname":"vm","msg":"  ARB>WETH@PancakeV3/500 WETH>ARB@SushiV3/500 in=13.03 ARB gap=51.7bps profit=$0.006 net=$-0.006"}
{"level":30,"time":1790818158158,"pid":1079,"hostname":"vm","msg":"  ARB>USDC.e@UniswapV3/500 USDC.e>ARB@UniswapV3/3000 in=15.98 ARB gap=68.6bps profit=$0.005 net=$-0.006"}
{"level":30,"time":1790818158158,"pid":1079,"hostname":"vm","msg":"  ARB>USDC@UniswapV3/500 USDC>ARB@UniswapV3/100 in=16.16 ARB gap=39.3bps profit=$0.005 net=$-0.007"}
{"level":30,"time":1790818158158,"pid":1079,"hostname":"vm","msg":"  ARB>WETH@UniswapV3/500 WETH>ARB@SushiV3/500 in=12.81 ARB gap=44.9bps profit=$0.005 net=$-0.007"}
{"level":30,"time":1790818158668,"pid":1079,"hostname":"vm","block":510515447,"gross":268,"net":0,"sumNetUsd":0,"gasPriceGwei":0.020042,"txCostUsd":0.0135,"syncMs":118,"searchMs":188,"msg":"block scanned"}
{"level":30,"time":1790818158668,"pid":1079,"hostname":"vm","msg":"  ARB>USDC.e@UniswapV3/500 USDC.e>ARB@PancakeV3/100 in=27.80 ARB gap=34.3bps profit=$0.008 net=$-0.003"}
{"level":30,"time":1790818158668,"pid":1079,"hostname":"vm","msg":"  ARB>WETH@PancakeV3/500 WETH>ARB@SushiV3/500 in=13.03 ARB gap=51.7bps profit=$0.006 net=$-0.006"}
{"level":30,"time":1790818158668,"pid":1079,"hostname":"vm","msg":"  ARB>USDC.e@UniswapV3/500 USDC.e>ARB@UniswapV3/3000 in=15.98 ARB gap=68.6bps profit=$0.005 net=$-0.006"}
{"level":30,"time":1790818158668,"pid":1079,"hostname":"vm","msg":"  ARB>USDC@UniswapV3/500 USDC>ARB@UniswapV3/100 in=16.16 ARB gap=39.3bps profit=$0.005 net=$-0.007"}
{"level":30,"time":1790818158668,"pid":1079,"hostname":"vm","msg":"  ARB>WETH@UniswapV3/500 WETH>ARB@SushiV3/500 in=12.81 ARB gap=44.9bps profit=$0.005 net=$-0.007"}
{"level":30,"time":1790818181016,"pid":1079,"hostname":"vm","block":510515449,"gross":268,"net":0,"sumNetUsd":0,"gasPriceGwei":0.02,"txCostUsd":0.0135,"syncMs":21879,"searchMs":165,"msg":"block scanned"}
{"level":30,"time":1790818181016,"pid":1079,"hostname":"vm","msg":"  ARB>USDC.e@UniswapV3/500 USDC.e>ARB@PancakeV3/100 in=27.80 ARB gap=34.3bps profit=$0.008 net=$-0.003"}
{"level":30,"time":1790818181016,"pid":1079,"hostname":"vm","msg":"  ARB>WETH@PancakeV3/500 WETH>ARB@SushiV3/500 in=13.03 ARB gap=51.7bps profit=$0.006 net=$-0.006"}
{"level":30,"time":1790818181016,"pid":1079,"hostname":"vm","msg":"  ARB>USDC.e@UniswapV3/500 USDC.e>ARB@UniswapV3/3000 in=15.98 ARB gap=68.6bps profit=$0.005 net=$-0.006"}
{"level":30,"time":1790818181016,"pid":1079,"hostname":"vm","msg":"  ARB>USDC@UniswapV3/500 USDC>ARB@UniswapV3/100 in=16.16 ARB gap=39.3bps profit=$0.005 net=$-0.007"}
{"level":30,"time":1790818181016,"pid":1079,"hostname":"vm","msg":"  ARB>WETH@UniswapV3/500 WETH>ARB@SushiV3/500 in=12.81 ARB gap=44.9bps profit=$0.005 net=$-0.007"}
{"level":30,"time":1790818181413,"pid":1079,"hostname":"vm","block":510515519,"gross":260,"net":0,"sumNetUsd":0,"gasPriceGwei":0.020014,"txCostUsd":0.0135,"syncMs":116,"searchMs":173,"msg":"block scanned"}
{"level":30,"time":1790818181413,"pid":1079,"hostname":"vm","msg":"  ARB>WETH@PancakeV3/500 WETH>ARB@SushiV3/500 in=13.03 ARB gap=51.7bps profit=$0.006 net=$-0.006"}
{"level":30,"time":1790818181413,"pid":1079,"hostname":"vm","msg":"  ARB>USDC@UniswapV3/500 USDC>ARB@UniswapV3/100 in=16.16 ARB gap=39.3bps profit=$0.005 net=$-0.007"}
{"level":30,"time":1790818181413,"pid":1079,"hostname":"vm","msg":"  ARB>USDC.e@UniswapV3/500 USDC.e>ARB@PancakeV3/100 in=22.37 ARB gap=28.8bps profit=$0.005 net=$-0.006"}
{"level":30,"time":1790818181413,"pid":1079,"hostname":"vm","msg":"  ARB>USDC.e@UniswapV3/500 USDC.e>ARB@UniswapV3/3000 in=13.34 ARB gap=63bps profit=$0.004 net=$-0.007"}
{"level":30,"time":1790818181413,"pid":1079,"hostname":"vm","msg":"  ARB>WETH@UniswapV3/500 WETH>ARB@SushiV3/500 in=10.93 ARB gap=39.7bps profit=$0.003 net=$-0.008"}
{"level":30,"time":1790818182002,"pid":1079,"hostname":"vm","block":510515521,"gross":260,"net":0,"sumNetUsd":0,"gasPriceGwei":0.020002,"txCostUsd":0.0135,"syncMs":124,"searchMs":164,"msg":"block scanned"}
{"level":30,"time":1790818182002,"pid":1079,"hostname":"vm","msg":"  ARB>WETH@PancakeV3/500 WETH>ARB@SushiV3/500 in=13.03 ARB gap=51.7bps profit=$0.006 net=$-0.006"}
{"level":30,"time":1790818182002,"pid":1079,"hostname":"vm","msg":"  ARB>USDC@UniswapV3/500 USDC>ARB@UniswapV3/100 in=16.16 ARB gap=39.3bps profit=$0.005 net=$-0.007"}
{"level":30,"time":1790818182002,"pid":1079,"hostname":"vm","msg":"  ARB>USDC.e@UniswapV3/500 USDC.e>ARB@PancakeV3/100 in=22.37 ARB gap=28.8bps profit=$0.005 net=$-0.006"}
{"level":30,"time":1790818182002,"pid":1079,"hostname":"vm","msg":"  ARB>USDC.e@UniswapV3/500 USDC.e>ARB@UniswapV3/3000 in=13.34 ARB gap=63bps profit=$0.004 net=$-0.007"}
{"level":30,"time":1790818182002,"pid":1079,"hostname":"vm","msg":"  ARB>WETH@UniswapV3/500 WETH>ARB@SushiV3/500 in=10.93 ARB gap=39.7bps profit=$0.003 net=$-0.008"}
{"level":30,"time":1790818182626,"pid":1079,"hostname":"vm","block":510515523,"gross":260,"net":0,"sumNetUsd":0,"gasPriceGwei":0.020014,"txCostUsd":0.0135,"syncMs":137,"searchMs":189,"msg":"block scanned"}
{"level":30,"time":1790818182626,"pid":1079,"hostname":"vm","msg":"  ARB>WETH@PancakeV3/500 WETH>ARB@SushiV3/500 in=13.03 ARB gap=51.7bps profit=$0.006 net=$-0.006"}
{"level":30,"time":1790818182626,"pid":1079,"hostname":"vm","msg":"  ARB>USDC@UniswapV3/500 USDC>ARB@UniswapV3/100 in=16.16 ARB gap=39.3bps profit=$0.005 net=$-0.007"}
{"level":30,"time":1790818182626,"pid":1079,"hostname":"vm","msg":"  ARB>USDC.e@UniswapV3/500 USDC.e>ARB@PancakeV3/100 in=22.37 ARB gap=28.8bps profit=$0.005 net=$-0.006"}
{"level":30,"time":1790818182626,"pid":1079,"hostname":"vm","msg":"  ARB>USDC.e@UniswapV3/500 USDC.e>ARB@UniswapV3/3000 in=13.34 ARB gap=63bps profit=$0.004 net=$-0.007"}
{"level":30,"time":1790818182626,"pid":1079,"hostname":"vm","msg":"  ARB>WETH@UniswapV3/500 WETH>ARB@SushiV3/500 in=10.93 ARB gap=39.7bps profit=$0.003 net=$-0.008"}
{"level":30,"time":1790818183278,"pid":1079,"hostname":"vm","block":510515525,"gross":260,"net":0,"sumNetUsd":0,"gasPriceGwei":0.02,"txCostUsd":0.0135,"syncMs":155,"searchMs":196,"msg":"block scanned"}
{"level":30,"time":1790818183278,"pid":1079,"hostname":"vm","msg":"  ARB>WETH@PancakeV3/500 WETH>ARB@SushiV3/500 in=13.03 ARB gap=51.7bps profit=$0.006 net=$-0.006"}
{"level":30,"time":1790818183278,"pid":1079,"hostname":"vm","msg":"  ARB>USDC@UniswapV3/500 USDC>ARB@UniswapV3/100 in=16.16 ARB gap=39.3bps profit=$0.005 net=$-0.007"}
{"level":30,"time":1790818183278,"pid":1079,"hostname":"vm","msg":"  ARB>USDC.e@UniswapV3/500 USDC.e>ARB@PancakeV3/100 in=22.37 ARB gap=28.8bps profit=$0.005 net=$-0.006"}
{"level":30,"time":1790818183278,"pid":1079,"hostname":"vm","msg":"  ARB>USDC.e@UniswapV3/500 USDC.e>ARB@UniswapV3/3000 in=13.34 ARB gap=63bps profit=$0.004 net=$-0.007"}
{"level":30,"time":1790818183278,"pid":1079,"hostname":"vm","msg":"  ARB>WETH@UniswapV3/500 WETH>ARB@SushiV3/500 in=10.93 ARB gap=39.7bps profit=$0.003 net=$-0.008"}
{"level":30,"time":1790818183839,"pid":1079,"hostname":"vm","block":510515526,"gross":260,"net":0,"sumNetUsd":0,"gasPriceGwei":0.020218,"txCostUsd":0.0136,"syncMs":179,"searchMs":178,"msg":"block scanned"}
{"level":30,"time":1790818183839,"pid":1079,"hostname":"vm","msg":"  ARB>WETH@PancakeV3/500 WETH>ARB@SushiV3/500 in=13.03 ARB gap=51.7bps profit=$0.006 net=$-0.006"}
{"level":30,"time":1790818183839,"pid":1079,"hostname":"vm","msg":"  ARB>USDC@UniswapV3/500 USDC>ARB@UniswapV3/100 in=16.16 ARB gap=39.3bps profit=$0.005 net=$-0.007"}
{"level":30,"time":1790818183839,"pid":1079,"hostname":"vm","msg":"  ARB>USDC.e@UniswapV3/500 USDC.e>ARB@PancakeV3/100 in=22.37 ARB gap=28.8bps profit=$0.005 net=$-0.006"}
{"level":30,"time":1790818183839,"pid":1079,"hostname":"vm","msg":"  ARB>USDC.e@UniswapV3/500 USDC.e>ARB@UniswapV3/3000 in=13.34 ARB gap=63bps profit=$0.004 net=$-0.007"}
{"level":30,"time":1790818183839,"pid":1079,"hostname":"vm","msg":"  ARB>WETH@UniswapV3/500 WETH>ARB@SushiV3/500 in=10.93 ARB gap=39.7bps profit=$0.003 net=$-0.008"}
{"level":30,"time":1790818184359,"pid":1079,"hostname":"vm","block":510515528,"gross":260,"net":0,"sumNetUsd":0,"gasPriceGwei":0.020256,"txCostUsd":0.0136,"syncMs":131,"searchMs":194,"msg":"block scanned"}
{"level":30,"time":1790818184359,"pid":1079,"hostname":"vm","msg":"  ARB>WETH@PancakeV3/500 WETH>ARB@SushiV3/500 in=13.03 ARB gap=51.7bps profit=$0.006 net=$-0.006"}
{"level":30,"time":1790818184359,"pid":1079,"hostname":"vm","msg":"  ARB>USDC@UniswapV3/500 USDC>ARB@UniswapV3/100 in=16.16 ARB gap=39.3bps profit=$0.005 net=$-0.007"}
{"level":30,"time":1790818184359,"pid":1079,"hostname":"vm","msg":"  ARB>USDC.e@UniswapV3/500 USDC.e>ARB@PancakeV3/100 in=22.37 ARB gap=28.8bps profit=$0.005 net=$-0.006"}
{"level":30,"time":1790818184359,"pid":1079,"hostname":"vm","msg":"  ARB>USDC.e@UniswapV3/500 USDC.e>ARB@UniswapV3/3000 in=13.34 ARB gap=63bps profit=$0.004 net=$-0.007"}
{"level":30,"time":1790818184359,"pid":1079,"hostname":"vm","msg":"  ARB>WETH@UniswapV3/500 WETH>ARB@SushiV3/500 in=10.93 ARB gap=39.7bps profit=$0.003 net=$-0.008"}
{"level":30,"time":1790818184975,"pid":1079,"hostname":"vm","block":510515531,"gross":260,"net":0,"sumNetUsd":0,"gasPriceGwei":0.020004,"txCostUsd":0.0135,"syncMs":155,"searchMs":159,"msg":"block scanned"}
{"level":30,"time":1790818184975,"pid":1079,"hostname":"vm","msg":"  ARB>WETH@PancakeV3/500 WETH>ARB@SushiV3/500 in=13.03 ARB gap=51.7bps profit=$0.006 net=$-0.006"}
{"level":30,"time":1790818184975,"pid":1079,"hostname":"vm","msg":"  ARB>USDC@UniswapV3/500 USDC>ARB@UniswapV3/100 in=16.16 ARB gap=39.3bps profit=$0.005 net=$-0.007"}
{"level":30,"time":1790818184975,"pid":1079,"hostname":"vm","msg":"  ARB>USDC.e@UniswapV3/500 USDC.e>ARB@PancakeV3/100 in=22.37 ARB gap=28.8bps profit=$0.005 net=$-0.006"}
{"level":30,"time":1790818184975,"pid":1079,"hostname":"vm","msg":"  ARB>USDC.e@UniswapV3/500 USDC.e>ARB@UniswapV3/3000 in=13.34 ARB gap=63bps profit=$0.004 net=$-0.007"}
{"level":30,"time":1790818184975,"pid":1079,"hostname":"vm","msg":"  ARB>WETH@UniswapV3/500 WETH>ARB@SushiV3/500 in=10.93 ARB gap=39.7bps profit=$0.003 net=$-0.008"}
{"level":30,"time":1790818185635,"pid":1079,"hostname":"vm","block":510515533,"gross":260,"net":0,"sumNetUsd":0,"gasPriceGwei":0.02,"txCostUsd":0.0135,"syncMs":184,"searchMs":174,"msg":"block scanned"}
{"level":30,"time":1790818185635,"pid":1079,"hostname":"vm","msg":"  ARB>WETH@PancakeV3/500 WETH>ARB@SushiV3/500 in=13.03 ARB gap=51.7bps profit=$0.006 net=$-0.006"}
{"level":30,"time":1790818185635,"pid":1079,"hostname":"vm","msg":"  ARB>USDC@UniswapV3/500 USDC>ARB@UniswapV3/100 in=16.16 ARB gap=39.3bps profit=$0.005 net=$-0.007"}
{"level":30,"time":1790818185635,"pid":1079,"hostname":"vm","msg":"  ARB>USDC.e@UniswapV3/500 USDC.e>ARB@PancakeV3/100 in=22.37 ARB gap=28.8bps profit=$0.005 net=$-0.006"}
{"level":30,"time":1790818185635,"pid":1079,"hostname":"vm","msg":"  ARB>USDC.e@UniswapV3/500 USDC.e>ARB@UniswapV3/3000 in=13.34 ARB gap=63bps profit=$0.004 net=$-0.007"}
{"level":30,"time":1790818185635,"pid":1079,"hostname":"vm","msg":"  ARB>WETH@UniswapV3/500 WETH>ARB@SushiV3/500 in=10.93 ARB gap=39.7bps profit=$0.003 net=$-0.008"}
{"level":30,"time":1790818186205,"pid":1079,"hostname":"vm","block":510515535,"gross":260,"net":0,"sumNetUsd":0,"gasPriceGwei":0.020036,"txCostUsd":0.0135,"syncMs":160,"searchMs":193,"msg":"block scanned"}
{"level":30,"time":1790818186205,"pid":1079,"hostname":"vm","msg":"  ARB>WETH@PancakeV3/500 WETH>ARB@SushiV3/500 in=13.03 ARB gap=51.7bps profit=$0.006 net=$-0.006"}
{"level":30,"time":1790818186205,"pid":1079,"hostname":"vm","msg":"  ARB>USDC@UniswapV3/500 USDC>ARB@UniswapV3/100 in=16.16 ARB gap=39.3bps profit=$0.005 net=$-0.007"}
{"level":30,"time":1790818186205,"pid":1079,"hostname":"vm","msg":"  ARB>USDC.e@UniswapV3/500 USDC.e>ARB@PancakeV3/100 in=22.37 ARB gap=28.8bps profit=$0.005 net=$-0.006"}
{"level":30,"time":1790818186205,"pid":1079,"hostname":"vm","msg":"  ARB>USDC.e@UniswapV3/500 USDC.e>ARB@UniswapV3/3000 in=13.34 ARB gap=63bps profit=$0.004 net=$-0.007"}
{"level":30,"time":1790818186205,"pid":1079,"hostname":"vm","msg":"  ARB>WETH@UniswapV3/500 WETH>ARB@SushiV3/500 in=10.93 ARB gap=39.7bps profit=$0.003 net=$-0.008"}
{"level":30,"time":1790818186958,"pid":1079,"hostname":"vm","block":510515536,"gross":260,"net":0,"sumNetUsd":0,"gasPriceGwei":0.020038,"txCostUsd":0.0135,"syncMs":370,"searchMs":178,"msg":"block scanned"}
{"level":30,"time":1790818186958,"pid":1079,"hostname":"vm","msg":"  ARB>WETH@PancakeV3/500 WETH>ARB@SushiV3/500 in=13.03 ARB gap=51.7bps profit=$0.006 net=$-0.006"}
{"level":30,"time":1790818186958,"pid":1079,"hostname":"vm","msg":"  ARB>USDC@UniswapV3/500 USDC>ARB@UniswapV3/100 in=16.16 ARB gap=39.3bps profit=$0.005 net=$-0.007"}
{"level":30,"time":1790818186958,"pid":1079,"hostname":"vm","msg":"  ARB>USDC.e@UniswapV3/500 USDC.e>ARB@PancakeV3/100 in=22.37 ARB gap=28.8bps profit=$0.005 net=$-0.006"}
{"level":30,"time":1790818186958,"pid":1079,"hostname":"vm","msg":"  ARB>USDC.e@UniswapV3/500 USDC.e>ARB@UniswapV3/3000 in=13.34 ARB gap=63bps profit=$0.004 net=$-0.007"}
{"level":30,"time":1790818186958,"pid":1079,"hostname":"vm","msg":"  ARB>WETH@UniswapV3/500 WETH>ARB@SushiV3/500 in=10.93 ARB gap=39.7bps profit=$0.003 net=$-0.008"}
{"level":30,"time":1790818187381,"pid":1079,"hostname":"vm","block":510515537,"gross":260,"net":0,"sumNetUsd":0,"gasPriceGwei":0.02,"txCostUsd":0.0135,"syncMs":146,"searchMs":174,"msg":"block scanned"}
{"level":30,"time":1790818187381,"pid":1079,"hostname":"vm","msg":"  ARB>WETH@PancakeV3/500 WETH>ARB@SushiV3/500 in=13.03 ARB gap=51.7bps profit=$0.006 net=$-0.006"}
{"level":30,"time":1790818187381,"pid":1079,"hostname":"vm","msg":"  ARB>USDC@UniswapV3/500 USDC>ARB@UniswapV3/100 in=16.16 ARB gap=39.3bps profit=$0.005 net=$-0.007"}
{"level":30,"time":1790818187381,"pid":1079,"hostname":"vm","msg":"  ARB>USDC.e@UniswapV3/500 USDC.e>ARB@PancakeV3/100 in=22.37 ARB gap=28.8bps profit=$0.005 net=$-0.006"}
{"level":30,"time":1790818187381,"pid":1079,"hostname":"vm","msg":"  ARB>USDC.e@UniswapV3/500 USDC.e>ARB@UniswapV3/3000 in=13.34 ARB gap=63bps profit=$0.004 net=$-0.007"}
{"level":30,"time":1790818187381,"pid":1079,"hostname":"vm","msg":"  ARB>WETH@UniswapV3/500 WETH>ARB@SushiV3/500 in=10.93 ARB gap=39.7bps profit=$0.003 net=$-0.008"}
{"level":30,"time":1790818188024,"pid":1079,"hostname":"vm","block":510515539,"gross":260,"net":0,"sumNetUsd":0,"gasPriceGwei":0.02001,"txCostUsd":0.0135,"syncMs":185,"searchMs":152,"msg":"block scanned"}
{"level":30,"time":1790818188024,"pid":1079,"hostname":"vm","msg":"  ARB>WETH@PancakeV3/500 WETH>ARB@SushiV3/500 in=13.03 ARB gap=51.7bps profit=$0.006 net=$-0.006"}
{"level":30,"time":1790818188024,"pid":1079,"hostname":"vm","msg":"  ARB>USDC@UniswapV3/500 USDC>ARB@UniswapV3/100 in=16.16 ARB gap=39.3bps profit=$0.005 net=$-0.007"}
{"level":30,"time":1790818188024,"pid":1079,"hostname":"vm","msg":"  ARB>USDC.e@UniswapV3/500 USDC.e>ARB@PancakeV3/100 in=22.37 ARB gap=28.8bps profit=$0.005 net=$-0.006"}
{"level":30,"time":1790818188024,"pid":1079,"hostname":"vm","msg":"  ARB>USDC.e@UniswapV3/500 USDC.e>ARB@UniswapV3/3000 in=13.34 ARB gap=63bps profit=$0.004 net=$-0.007"}
{"level":30,"time":1790818188024,"pid":1079,"hostname":"vm","msg":"  ARB>WETH@UniswapV3/500 WETH>ARB@SushiV3/500 in=10.93 ARB gap=39.7bps profit=$0.003 net=$-0.008"}
{"level":30,"time":1790818188600,"pid":1079,"hostname":"vm","block":510515542,"gross":260,"net":0,"sumNetUsd":0,"gasPriceGwei":0.02015,"txCostUsd":0.0136,"syncMs":133,"searchMs":143,"msg":"block scanned"}
{"level":30,"time":1790818188600,"pid":1079,"hostname":"vm","msg":"  ARB>WETH@PancakeV3/500 WETH>ARB@SushiV3/500 in=13.03 ARB gap=51.7bps profit=$0.006 net=$-0.006"}
{"level":30,"time":1790818188600,"pid":1079,"hostname":"vm","msg":"  ARB>USDC@UniswapV3/500 USDC>ARB@UniswapV3/100 in=16.16 ARB gap=39.3bps profit=$0.005 net=$-0.007"}
{"level":30,"time":1790818188600,"pid":1079,"hostname":"vm","msg":"  ARB>USDC.e@UniswapV3/500 USDC.e>ARB@PancakeV3/100 in=22.37 ARB gap=28.8bps profit=$0.005 net=$-0.006"}
{"level":30,"time":1790818188600,"pid":1079,"hostname":"vm","msg":"  ARB>USDC.e@UniswapV3/500 USDC.e>ARB@UniswapV3/3000 in=13.34 ARB gap=63bps profit=$0.004 net=$-0.007"}
{"level":30,"time":1790818188600,"pid":1079,"hostname":"vm","msg":"  ARB>WETH@UniswapV3/500 WETH>ARB@SushiV3/500 in=10.93 ARB gap=39.7bps profit=$0.003 net=$-0.008"}
{"level":30,"time":1790818189250,"pid":1079,"hostname":"vm","block":510515543,"gross":260,"net":0,"sumNetUsd":0,"gasPriceGwei":0.020132,"txCostUsd":0.0135,"syncMs":163,"searchMs":185,"msg":"block scanned"}
{"level":30,"time":1790818189250,"pid":1079,"hostname":"vm","msg":"  ARB>WETH@PancakeV3/500 WETH>ARB@SushiV3/500 in=13.03 ARB gap=51.7bps profit=$0.006 net=$-0.006"}
{"level":30,"time":1790818189250,"pid":1079,"hostname":"vm","msg":"  ARB>USDC@UniswapV3/500 USDC>ARB@UniswapV3/100 in=16.16 ARB gap=39.3bps profit=$0.005 net=$-0.007"}
{"level":30,"time":1790818189250,"pid":1079,"hostname":"vm","msg":"  ARB>USDC.e@UniswapV3/500 USDC.e>ARB@PancakeV3/100 in=22.37 ARB gap=28.8bps profit=$0.005 net=$-0.006"}
{"level":30,"time":1790818189250,"pid":1079,"hostname":"vm","msg":"  ARB>USDC.e@UniswapV3/500 USDC.e>ARB@UniswapV3/3000 in=13.34 ARB gap=63bps profit=$0.004 net=$-0.007"}
{"level":30,"time":1790818189250,"pid":1079,"hostname":"vm","msg":"  ARB>WETH@UniswapV3/500 WETH>ARB@SushiV3/500 in=10.93 ARB gap=39.7bps profit=$0.003 net=$-0.008"}
{"level":30,"time":1790818277873,"pid":1079,"hostname":"vm","block":510515546,"gross":258,"net":0,"sumNetUsd":0,"gasPriceGwei":0.02,"txCostUsd":0.0135,"syncMs":88062,"searchMs":209,"msg":"block scanned"}
{"level":30,"time":1790818277873,"pid":1079,"hostname":"vm","msg":"  ARB>WETH@PancakeV3/500 WETH>ARB@SushiV3/500 in=13.03 ARB gap=51.7bps profit=$0.006 net=$-0.006"}
{"level":30,"time":1790818277873,"pid":1079,"hostname":"vm","msg":"  ARB>USDC.e@UniswapV3/500 USDC.e>ARB@PancakeV3/100 in=22.37 ARB gap=28.8bps profit=$0.005 net=$-0.006"}
{"level":30,"time":1790818277873,"pid":1079,"hostname":"vm","msg":"  ARB>USDC@UniswapV3/500 USDC>ARB@UniswapV3/100 in=14.49 ARB gap=35.8bps profit=$0.004 net=$-0.008"}
{"level":30,"time":1790818277873,"pid":1079,"hostname":"vm","msg":"  ARB>USDC.e@UniswapV3/500 USDC.e>ARB@UniswapV3/3000 in=13.34 ARB gap=63bps profit=$0.004 net=$-0.007"}
{"level":30,"time":1790818277873,"pid":1079,"hostname":"vm","msg":"  ARB>WETH@UniswapV3/500 WETH>ARB@SushiV3/500 in=10.93 ARB gap=39.7bps profit=$0.003 net=$-0.008"}
{"level":30,"time":1790818278364,"pid":1079,"hostname":"vm","block":510515866,"gross":208,"net":0,"sumNetUsd":0,"gasPriceGwei":0.020114,"txCostUsd":0.0135,"syncMs":197,"searchMs":184,"msg":"block scanned"}
{"level":30,"time":1790818278365,"pid":1079,"hostname":"vm","msg":"  ARB>WETH@PancakeV3/500 WETH>ARB@SushiV3/500 in=6.796 ARB gap=31.7bps profit=$0.002 net=$-0.010"}
{"level":30,"time":1790818278365,"pid":1079,"hostname":"vm","msg":"  ARB>USDC@PancakeV3/100 USDC>ARB@PancakeV3/500 in=5.859 ARB gap=26.6bps profit=$0.001 net=$-0.010"}
{"level":30,"time":1790818278365,"pid":1079,"hostname":"vm","msg":"  ARB>USDC@PancakeV3/100 USDC>ARB@UniswapV3/100 in=4.126 ARB gap=24.8bps profit=$0.001 net=$-0.010"}
{"level":30,"time":1790818278365,"pid":1079,"hostname":"vm","msg":"  ARB>USDC.e@PancakeV3/500 USDC.e>ARB@SushiV2 in=3.835 ARB gap=58.2bps profit=$0.001 net=$-0.008"}
{"level":30,"time":1790818278365,"pid":1079,"hostname":"vm","msg":"  ARB>USDC.e@PancakeV3/500 USDC.e>ARB@UniswapV3/500 in=12.85 ARB gap=16.7bps profit=$0.001 net=$-0.010"}
{"level":30,"time":1790818278823,"pid":1079,"hostname":"vm","block":510515868,"gross":205,"net":0,"sumNetUsd":0,"gasPriceGwei":0.02,"txCostUsd":0.0134,"syncMs":109,"searchMs":134,"msg":"block scanned"}
{"level":30,"time":1790818278824,"pid":1079,"hostname":"vm","msg":"  ARB>WETH@PancakeV3/500 WETH>ARB@SushiV3/500 in=6.796 ARB gap=31.7bps profit=$0.002 net=$-0.010"}
{"level":30,"time":1790818278824,"pid":1079,"hostname":"vm","msg":"  ARB>USDC@PancakeV3/100 USDC>ARB@PancakeV3/500 in=5.859 ARB gap=26.6bps profit=$0.001 net=$-0.010"}
{"level":30,"time":1790818278824,"pid":1079,"hostname":"vm","msg":"  ARB>USDC@PancakeV3/100 USDC>ARB@UniswapV3/100 in=4.126 ARB gap=24.8bps profit=$0.001 net=$-0.010"}
{"level":30,"time":1790818278824,"pid":1079,"hostname":"vm","msg":"  ARB>USDC.e@PancakeV3/500 USDC.e>ARB@SushiV2 in=3.835 ARB gap=58.2bps profit=$0.001 net=$-0.008"}
{"level":30,"time":1790818278824,"pid":1079,"hostname":"vm","msg":"  ARB>USDC.e@PancakeV3/500 USDC.e>ARB@UniswapV3/500 in=12.85 ARB gap=16.7bps profit=$0.001 net=$-0.010"}
{"level":30,"time":1790818279466,"pid":1079,"hostname":"vm","block":510515870,"gross":207,"net":0,"sumNetUsd":0,"gasPriceGwei":0.020126,"txCostUsd":0.0135,"syncMs":160,"searchMs":162,"msg":"block scanned"}
{"level":30,"time":1790818279466,"pid":1079,"hostname":"vm","msg":"  CHIP>USDC@UniswapV3/3000 USDC>CHIP@UniswapV3/100 in=159.9 CHIP gap=34.8bps profit=$0.001 net=$-0.010"}
{"level":30,"time":1790818279466,"pid":1079,"hostname":"vm","msg":"  ARB>USDC.e@PancakeV3/500 USDC.e>ARB@UniswapV3/500 in=19.59 ARB gap=20.4bps profit=$0.002 net=$-0.009"}
{"level":30,"time":1790818279466,"pid":1079,"hostname":"vm","msg":"  ARB>USDC@PancakeV3/100 USDC>ARB@PancakeV3/500 in=6.726 ARB gap=29.7bps profit=$0.002 net=$-0.010"}
{"level":30,"time":1790818279466,"pid":1079,"hostname":"vm","msg":"  ARB>WETH@PancakeV3/500 WETH>ARB@SushiV3/500 in=6.796 ARB gap=31.7bps profit=$0.002 net=$-0.010"}
{"level":30,"time":1790818279466,"pid":1079,"hostname":"vm","msg":"  ARB>USDC@PancakeV3/100 USDC>ARB@UniswapV3/100 in=4.126 ARB gap=24.8bps profit=$0.001 net=$-0.010"}
{"level":30,"time":1790818280079,"pid":1079,"hostname":"vm","block":510515873,"gross":210,"net":0,"sumNetUsd":0,"gasPriceGwei":0.020094,"txCostUsd":0.0135,"syncMs":162,"searchMs":131,"msg":"block scanned"}
{"level":30,"time":1790818280079,"pid":1079,"hostname":"vm","msg":"  CHIP>USDC@UniswapV3/3000 USDC>CHIP@UniswapV3/100 in=159.9 CHIP gap=34.8bps profit=$0.001 net=$-0.010"}
{"level":30,"time":1790818280079,"pid":1079,"hostname":"vm","msg":"  ARB>USDC.e@PancakeV3/500 USDC.e>ARB@UniswapV3/500 in=19.59 ARB gap=20.4bps profit=$0.002 net=$-0.009"}
{"level":30,"time":1790818280079,"pid":1079,"hostname":"vm","msg":"  ARB>USDC@PancakeV3/100 USDC>ARB@PancakeV3/500 in=6.726 ARB gap=29.7bps profit=$0.002 net=$-0.010"}
{"level":30,"time":1790818280079,"pid":1079,"hostname":"vm","msg":"  ARB>WETH@PancakeV3/500 WETH>ARB@SushiV3/500 in=6.796 ARB gap=31.7bps profit=$0.002 net=$-0.010"}
{"level":30,"time":1790818280079,"pid":1079,"hostname":"vm","msg":"  ARB>USDC@PancakeV3/100 USDC>ARB@UniswapV3/100 in=4.126 ARB gap=24.8bps profit=$0.001 net=$-0.010"}
{"level":30,"time":1790818280674,"pid":1079,"hostname":"vm","block":510515875,"gross":210,"net":0,"sumNetUsd":0,"gasPriceGwei":0.020124,"txCostUsd":0.0135,"syncMs":168,"searchMs":113,"msg":"block scanned"}
{"level":30,"time":1790818280675,"pid":1079,"hostname":"vm","msg":"  CHIP>USDC@UniswapV3/3000 USDC>CHIP@UniswapV3/100 in=159.9 CHIP gap=34.8bps profit=$0.001 net=$-0.010"}
{"level":30,"time":1790818280675,"pid":1079,"hostname":"vm","msg":"  ARB>USDC.e@PancakeV3/500 USDC.e>ARB@UniswapV3/500 in=19.59 ARB gap=20.4bps profit=$0.002 net=$-0.009"}
{"level":30,"time":1790818280675,"pid":1079,"hostname":"vm","msg":"  ARB>USDC@PancakeV3/100 USDC>ARB@PancakeV3/500 in=6.726 ARB gap=29.7bps profit=$0.002 net=$-0.010"}
{"level":30,"time":1790818280675,"pid":1079,"hostname":"vm","msg":"  ARB>WETH@PancakeV3/500 WETH>ARB@SushiV3/500 in=6.796 ARB gap=31.7bps profit=$0.002 net=$-0.010"}
{"level":30,"time":1790818280675,"pid":1079,"hostname":"vm","msg":"  ARB>USDC@PancakeV3/100 USDC>ARB@UniswapV3/100 in=4.126 ARB gap=24.8bps profit=$0.001 net=$-0.010"}
{"level":30,"time":1790818281290,"pid":1079,"hostname":"vm","block":510515878,"gross":210,"net":0,"sumNetUsd":0,"gasPriceGwei":0.020142,"txCostUsd":0.0135,"syncMs":164,"searchMs":132,"msg":"block scanned"}
{"level":30,"time":1790818281290,"pid":1079,"hostname":"vm","msg":"  CHIP>USDC@UniswapV3/3000 USDC>CHIP@UniswapV3/100 in=159.9 CHIP gap=34.8bps profit=$0.001 net=$-0.010"}
{"level":30,"time":1790818281290,"pid":1079,"hostname":"vm","msg":"  ARB>USDC.e@PancakeV3/500 USDC.e>ARB@UniswapV3/500 in=19.59 ARB gap=20.4bps profit=$0.002 net=$-0.009"}
{"level":30,"time":1790818281290,"pid":1079,"hostname":"vm","msg":"  ARB>USDC@PancakeV3/100 USDC>ARB@PancakeV3/500 in=6.726 ARB gap=29.7bps profit=$0.002 net=$-0.010"}
{"level":30,"time":1790818281290,"pid":1079,"hostname":"vm","msg":"  ARB>WETH@PancakeV3/500 WETH>ARB@SushiV3/500 in=6.796 ARB gap=31.7bps profit=$0.002 net=$-0.010"}
{"level":30,"time":1790818281290,"pid":1079,"hostname":"vm","msg":"  ARB>USDC@PancakeV3/100 USDC>ARB@UniswapV3/100 in=4.126 ARB gap=24.8bps profit=$0.001 net=$-0.010"}
{"level":30,"time":1790818281893,"pid":1079,"hostname":"vm","block":510515880,"gross":210,"net":0,"sumNetUsd":0,"gasPriceGwei":0.020006,"txCostUsd":0.0134,"syncMs":149,"searchMs":138,"msg":"block scanned"}
{"level":30,"time":1790818281893,"pid":1079,"hostname":"vm","msg":"  CHIP>USDC@UniswapV3/3000 USDC>CHIP@UniswapV3/100 in=159.9 CHIP gap=34.8bps profit=$0.001 net=$-0.010"}
{"level":30,"time":1790818281893,"pid":1079,"hostname":"vm","msg":"  ARB>USDC.e@PancakeV3/500 USDC.e>ARB@UniswapV3/500 in=19.59 ARB gap=20.4bps profit=$0.002 net=$-0.009"}
{"level":30,"time":1790818281893,"pid":1079,"hostname":"vm","msg":"  ARB>USDC@PancakeV3/100 USDC>ARB@PancakeV3/500 in=6.726 ARB gap=29.7bps profit=$0.002 net=$-0.009"}
{"level":30,"time":1790818281893,"pid":1079,"hostname":"vm","msg":"  ARB>WETH@PancakeV3/500 WETH>ARB@SushiV3/500 in=6.796 ARB gap=31.7bps profit=$0.002 net=$-0.010"}
{"level":30,"time":1790818281893,"pid":1079,"hostname":"vm","msg":"  ARB>USDC@PancakeV3/100 USDC>ARB@UniswapV3/100 in=4.126 ARB gap=24.8bps profit=$0.001 net=$-0.010"}
{"level":30,"time":1790818282481,"pid":1079,"hostname":"vm","block":510515882,"gross":210,"net":0,"sumNetUsd":0,"gasPriceGwei":0.02,"txCostUsd":0.0134,"syncMs":164,"searchMs":110,"msg":"block scanned"}
{"level":30,"time":1790818282481,"pid":1079,"hostname":"vm","msg":"  CHIP>USDC@UniswapV3/3000 USDC>CHIP@UniswapV3/100 in=159.9 CHIP gap=34.8bps profit=$0.001 net=$-0.010"}
{"level":30,"time":1790818282481,"pid":1079,"hostname":"vm","msg":"  ARB>USDC.e@PancakeV3/500 USDC.e>ARB@UniswapV3/500 in=19.59 ARB gap=20.4bps profit=$0.002 net=$-0.009"}
{"level":30,"time":1790818282481,"pid":1079,"hostname":"vm","msg":"  ARB>USDC@PancakeV3/100 USDC>ARB@PancakeV3/500 in=6.726 ARB gap=29.7bps profit=$0.002 net=$-0.009"}
{"level":30,"time":1790818282481,"pid":1079,"hostname":"vm","msg":"  ARB>WETH@PancakeV3/500 WETH>ARB@SushiV3/500 in=6.796 ARB gap=31.7bps profit=$0.002 net=$-0.010"}
{"level":30,"time":1790818282481,"pid":1079,"hostname":"vm","msg":"  ARB>USDC@PancakeV3/100 USDC>ARB@UniswapV3/100 in=4.126 ARB gap=24.8bps profit=$0.001 net=$-0.010"}
{"level":30,"time":1790818283140,"pid":1079,"hostname":"vm","block":510515885,"gross":210,"net":0,"sumNetUsd":0,"gasPriceGwei":0.020044,"txCostUsd":0.0135,"syncMs":213,"searchMs":137,"msg":"block scanned"}
{"level":30,"time":1790818283140,"pid":1079,"hostname":"vm","msg":"  CHIP>USDC@UniswapV3/3000 USDC>CHIP@UniswapV3/100 in=159.9 CHIP gap=34.8bps profit=$0.001 net=$-0.010"}
{"level":30,"time":1790818283140,"pid":1079,"hostname":"vm","msg":"  ARB>USDC.e@PancakeV3/500 USDC.e>ARB@UniswapV3/500 in=19.59 ARB gap=20.4bps profit=$0.002 net=$-0.009"}
{"level":30,"time":1790818283140,"pid":1079,"hostname":"vm","msg":"  ARB>USDC@PancakeV3/100 USDC>ARB@PancakeV3/500 in=6.726 ARB gap=29.7bps profit=$0.002 net=$-0.009"}
{"level":30,"time":1790818283140,"pid":1079,"hostname":"vm","msg":"  ARB>WETH@PancakeV3/500 WETH>ARB@SushiV3/500 in=6.796 ARB gap=31.7bps profit=$0.002 net=$-0.010"}
{"level":30,"time":1790818283140,"pid":1079,"hostname":"vm","msg":"  ARB>USDC@PancakeV3/100 USDC>ARB@UniswapV3/100 in=4.126 ARB gap=24.8bps profit=$0.001 net=$-0.010"}
{"level":30,"time":1790818283638,"pid":1079,"hostname":"vm","block":510515887,"gross":210,"net":0,"sumNetUsd":0,"gasPriceGwei":0.02,"txCostUsd":0.0134,"syncMs":142,"searchMs":141,"msg":"block scanned"}
{"level":30,"time":1790818283638,"pid":1079,"hostname":"vm","msg":"  CHIP>USDC@UniswapV3/3000 USDC>CHIP@UniswapV3/100 in=159.9 CHIP gap=34.8bps profit=$0.001 net=$-0.010"}
{"level":30,"time":1790818283638,"pid":1079,"hostname":"vm","msg":"  ARB>USDC.e@PancakeV3/500 USDC.e>ARB@UniswapV3/500 in=19.59 ARB gap=20.4bps profit=$0.002 net=$-0.009"}
{"level":30,"time":1790818283638,"pid":1079,"hostname":"vm","msg":"  ARB>USDC@PancakeV3/100 USDC>ARB@PancakeV3/500 in=6.726 ARB gap=29.7bps profit=$0.002 net=$-0.009"}
{"level":30,"time":1790818283638,"pid":1079,"hostname":"vm","msg":"  ARB>WETH@PancakeV3/500 WETH>ARB@SushiV3/500 in=6.796 ARB gap=31.7bps profit=$0.002 net=$-0.010"}
{"level":30,"time":1790818283638,"pid":1079,"hostname":"vm","msg":"  ARB>USDC@PancakeV3/100 USDC>ARB@UniswapV3/100 in=4.126 ARB gap=24.8bps profit=$0.001 net=$-0.010"}
{"level":30,"time":1790818284236,"pid":1079,"hostname":"vm","block":510515889,"gross":210,"net":0,"sumNetUsd":0,"gasPriceGwei":0.02001,"txCostUsd":0.0134,"syncMs":138,"searchMs":145,"msg":"block scanned"}
{"level":30,"time":1790818284236,"pid":1079,"hostname":"vm","msg":"  CHIP>USDC@UniswapV3/3000 USDC>CHIP@UniswapV3/100 in=159.9 CHIP gap=34.8bps profit=$0.001 net=$-0.010"}
{"level":30,"time":1790818284236,"pid":1079,"hostname":"vm","msg":"  ARB>USDC.e@PancakeV3/500 USDC.e>ARB@UniswapV3/500 in=19.59 ARB gap=20.4bps profit=$0.002 net=$-0.009"}
{"level":30,"time":1790818284236,"pid":1079,"hostname":"vm","msg":"  ARB>USDC@PancakeV3/100 USDC>ARB@PancakeV3/500 in=6.726 ARB gap=29.7bps profit=$0.002 net=$-0.009"}
{"level":30,"time":1790818284236,"pid":1079,"hostname":"vm","msg":"  ARB>WETH@PancakeV3/500 WETH>ARB@SushiV3/500 in=6.796 ARB gap=31.7bps profit=$0.002 net=$-0.010"}
{"level":30,"time":1790818284236,"pid":1079,"hostname":"vm","msg":"  ARB>USDC@PancakeV3/100 USDC>ARB@UniswapV3/100 in=4.126 ARB gap=24.8bps profit=$0.001 net=$-0.010"}
{"level":30,"time":1790818284866,"pid":1079,"hostname":"vm","block":510515891,"gross":210,"net":0,"sumNetUsd":0,"gasPriceGwei":0.02,"txCostUsd":0.0134,"syncMs":186,"searchMs":135,"msg":"block scanned"}
{"level":30,"time":1790818284866,"pid":1079,"hostname":"vm","msg":"  CHIP>USDC@UniswapV3/3000 USDC>CHIP@UniswapV3/100 in=159.9 CHIP gap=34.8bps profit=$0.001 net=$-0.010"}
{"level":30,"time":1790818284866,"pid":1079,"hostname":"vm","msg":"  ARB>USDC.e@PancakeV3/500 USDC.e>ARB@UniswapV3/500 in=19.59 ARB gap=20.4bps profit=$0.002 net=$-0.009"}
{"level":30,"time":1790818284866,"pid":1079,"hostname":"vm","msg":"  ARB>USDC@PancakeV3/100 USDC>ARB@PancakeV3/500 in=6.726 ARB gap=29.7bps profit=$0.002 net=$-0.009"}
{"level":30,"time":1790818284866,"pid":1079,"hostname":"vm","msg":"  ARB>WETH@PancakeV3/500 WETH>ARB@SushiV3/500 in=6.796 ARB gap=31.7bps profit=$0.002 net=$-0.010"}
{"level":30,"time":1790818284866,"pid":1079,"hostname":"vm","msg":"  ARB>USDC@PancakeV3/100 USDC>ARB@UniswapV3/100 in=4.126 ARB gap=24.8bps profit=$0.001 net=$-0.010"}
{"level":30,"time":1790818285452,"pid":1079,"hostname":"vm","block":510515894,"gross":210,"net":0,"sumNetUsd":0,"gasPriceGwei":0.020658,"txCostUsd":0.0139,"syncMs":130,"searchMs":134,"msg":"block scanned"}
{"level":30,"time":1790818285452,"pid":1079,"hostname":"vm","msg":"  CHIP>USDC@UniswapV3/3000 USDC>CHIP@UniswapV3/100 in=159.9 CHIP gap=34.8bps profit=$0.001 net=$-0.010"}
{"level":30,"time":1790818285452,"pid":1079,"hostname":"vm","msg":"  ARB>USDC.e@PancakeV3/500 USDC.e>ARB@UniswapV3/500 in=19.59 ARB gap=20.4bps profit=$0.002 net=$-0.009"}
{"level":30,"time":1790818285452,"pid":1079,"hostname":"vm","msg":"  ARB>USDC@PancakeV3/100 USDC>ARB@PancakeV3/500 in=6.726 ARB gap=29.7bps profit=$0.002 net=$-0.010"}
{"level":30,"time":1790818285452,"pid":1079,"hostname":"vm","msg":"  ARB>WETH@PancakeV3/500 WETH>ARB@SushiV3/500 in=6.796 ARB gap=31.7bps profit=$0.002 net=$-0.010"}
{"level":30,"time":1790818285452,"pid":1079,"hostname":"vm","msg":"  ARB>USDC@PancakeV3/100 USDC>ARB@UniswapV3/100 in=4.126 ARB gap=24.8bps profit=$0.001 net=$-0.010"}
{"level":30,"time":1790818286072,"pid":1079,"hostname":"vm","block":510515896,"gross":210,"net":0,"sumNetUsd":0,"gasPriceGwei":0.02,"txCostUsd":0.0134,"syncMs":156,"searchMs":141,"msg":"block scanned"}
{"level":30,"time":1790818286072,"pid":1079,"hostname":"vm","msg":"  CHIP>USDC@UniswapV3/3000 USDC>CHIP@UniswapV3/100 in=159.9 CHIP gap=34.8bps profit=$0.001 net=$-0.010"}
{"level":30,"time":1790818286072,"pid":1079,"hostname":"vm","msg":"  ARB>USDC.e@PancakeV3/500 USDC.e>ARB@UniswapV3/500 in=19.59 ARB gap=20.4bps profit=$0.002 net=$-0.009"}
{"level":30,"time":1790818286072,"pid":1079,"hostname":"vm","msg":"  ARB>USDC@PancakeV3/100 USDC>ARB@PancakeV3/500 in=6.726 ARB gap=29.7bps profit=$0.002 net=$-0.009"}
{"level":30,"time":1790818286072,"pid":1079,"hostname":"vm","msg":"  ARB>WETH@PancakeV3/500 WETH>ARB@SushiV3/500 in=6.796 ARB gap=31.7bps profit=$0.002 net=$-0.010"}
{"level":30,"time":1790818286072,"pid":1079,"hostname":"vm","msg":"  ARB>USDC@PancakeV3/100 USDC>ARB@UniswapV3/100 in=4.126 ARB gap=24.8bps profit=$0.001 net=$-0.010"}
{"level":30,"time":1790818300722,"pid":1079,"hostname":"vm","block":510515898,"gross":210,"net":0,"sumNetUsd":0,"gasPriceGwei":0.02,"txCostUsd":0.0134,"syncMs":14191,"searchMs":146,"msg":"block scanned"}
{"level":30,"time":1790818300722,"pid":1079,"hostname":"vm","msg":"  CHIP>USDC@UniswapV3/3000 USDC>CHIP@UniswapV3/100 in=159.9 CHIP gap=34.8bps profit=$0.001 net=$-0.010"}
{"level":30,"time":1790818300722,"pid":1079,"hostname":"vm","msg":"  ARB>USDC.e@PancakeV3/500 USDC.e>ARB@UniswapV3/500 in=19.59 ARB gap=20.4bps profit=$0.002 net=$-0.009"}
{"level":30,"time":1790818300722,"pid":1079,"hostname":"vm","msg":"  ARB>USDC@PancakeV3/100 USDC>ARB@PancakeV3/500 in=6.726 ARB gap=29.7bps profit=$0.002 net=$-0.009"}
{"level":30,"time":1790818300722,"pid":1079,"hostname":"vm","msg":"  ARB>WETH@PancakeV3/500 WETH>ARB@SushiV3/500 in=6.796 ARB gap=31.7bps profit=$0.002 net=$-0.010"}
{"level":30,"time":1790818300722,"pid":1079,"hostname":"vm","msg":"  ARB>USDC@PancakeV3/100 USDC>ARB@UniswapV3/100 in=4.126 ARB gap=24.8bps profit=$0.001 net=$-0.010"}
{"level":30,"time":1790818301085,"pid":1079,"hostname":"vm","block":510515951,"gross":217,"net":0,"sumNetUsd":0,"gasPriceGwei":0.020026,"txCostUsd":0.0135,"syncMs":109,"searchMs":138,"msg":"block scanned"}
{"level":30,"time":1790818301085,"pid":1079,"hostname":"vm","msg":"  CHIP>USDC@UniswapV3/3000 USDC>CHIP@UniswapV3/100 in=159.9 CHIP gap=34.8bps profit=$0.001 net=$-0.010"}
{"level":30,"time":1790818301085,"pid":1079,"hostname":"vm","msg":"  ARB>USDC.e@PancakeV3/500 USDC.e>ARB@UniswapV3/500 in=26.86 ARB gap=24.2bps profit=$0.004 net=$-0.007"}
{"level":30,"time":1790818301085,"pid":1079,"hostname":"vm","msg":"  ARB>USDC@PancakeV3/100 USDC>ARB@PancakeV3/500 in=8.287 ARB gap=35.2bps profit=$0.002 net=$-0.009"}
{"level":30,"time":1790818301085,"pid":1079,"hostname":"vm","msg":"  ARB>USDC@PancakeV3/100 USDC>ARB@UniswapV3/500 in=6.547 ARB gap=29.6bps profit=$0.002 net=$-0.010"}
{"level":30,"time":1790818301085,"pid":1079,"hostname":"vm","msg":"  ARB>WETH@PancakeV3/500 WETH>ARB@SushiV3/500 in=6.796 ARB gap=31.7bps profit=$0.001 net=$-0.010"}
{"level":30,"time":1790818301664,"pid":1079,"hostname":"vm","block":510515953,"gross":217,"net":0,"sumNetUsd":0,"gasPriceGwei":0.020252,"txCostUsd":0.0136,"syncMs":156,"searchMs":113,"msg":"block scanned"}
{"level":30,"time":1790818301664,"pid":1079,"hostname":"vm","msg":"  CHIP>USDC@UniswapV3/3000 USDC>CHIP@UniswapV3/100 in=159.9 CHIP gap=34.8bps profit=$0.001 net=$-0.010"}
{"level":30,"time":1790818301664,"pid":1079,"hostname":"vm","msg":"  ARB>USDC.e@PancakeV3/500 USDC.e>ARB@UniswapV3/500 in=26.86 ARB gap=24.2bps profit=$0.004 net=$-0.007"}
{"level":30,"time":1790818301664,"pid":1079,"hostname":"vm","msg":"  ARB>USDC@PancakeV3/100 USDC>ARB@PancakeV3/500 in=8.287 ARB gap=35.2bps profit=$0.002 net=$-0.009"}
{"level":30,"time":1790818301664,"pid":1079,"hostname":"vm","msg":"  ARB>USDC@PancakeV3/100 USDC>ARB@UniswapV3/500 in=6.547 ARB gap=29.6bps profit=$0.002 net=$-0.010"}
{"level":30,"time":1790818301664,"pid":1079,"hostname":"vm","msg":"  ARB>WETH@PancakeV3/500 WETH>ARB@SushiV3/500 in=6.796 ARB gap=31.7bps profit=$0.001 net=$-0.010"}
{"level":30,"time":1790818302271,"pid":1079,"hostname":"vm","block":510515955,"gross":217,"net":0,"sumNetUsd":0,"gasPriceGwei":0.020298,"txCostUsd":0.0136,"syncMs":148,"searchMs":145,"msg":"block scanned"}
{"level":30,"time":1790818302271,"pid":1079,"hostname":"vm","msg":"  CHIP>USDC@UniswapV3/3000 USDC>CHIP@UniswapV3/100 in=159.9 CHIP gap=34.8bps profit=$0.001 net=$-0.010"}
{"level":30,"time":1790818302271,"pid":1079,"hostname":"vm","msg":"  ARB>USDC.e@PancakeV3/500 USDC.e>ARB@UniswapV3/500 in=26.86 ARB gap=24.2bps profit=$0.004 net=$-0.007"}
{"level":30,"time":1790818302271,"pid":1079,"hostname":"vm","msg":"  ARB>USDC@PancakeV3/100 USDC>ARB@PancakeV3/500 in=8.287 ARB gap=35.2bps profit=$0.002 net=$-0.009"}
{"level":30,"time":1790818302271,"pid":1079,"hostname":"vm","msg":"  ARB>USDC@PancakeV3/100 USDC>ARB@UniswapV3/500 in=6.547 ARB gap=29.6bps profit=$0.002 net=$-0.010"}
{"level":30,"time":1790818302271,"pid":1079,"hostname":"vm","msg":"  ARB>WETH@PancakeV3/500 WETH>ARB@SushiV3/500 in=6.796 ARB gap=31.7bps profit=$0.001 net=$-0.010"}
{"level":30,"time":1790818302894,"pid":1079,"hostname":"vm","block":510515958,"gross":217,"net":0,"sumNetUsd":0,"gasPriceGwei":0.02,"txCostUsd":0.0134,"syncMs":173,"searchMs":144,"msg":"block scanned"}
{"level":30,"time":1790818302894,"pid":1079,"hostname":"vm","msg":"  CHIP>USDC@UniswapV3/3000 USDC>CHIP@UniswapV3/100 in=159.9 CHIP gap=34.8bps profit=$0.001 net=$-0.010"}
{"level":30,"time":1790818302894,"pid":1079,"hostname":"vm","msg":"  ARB>USDC.e@PancakeV3/500 USDC.e>ARB@UniswapV3/500 in=26.86 ARB gap=24.2bps profit=$0.004 net=$-0.007"}
{"level":30,"time":1790818302894,"pid":1079,"hostname":"vm","msg":"  ARB>USDC@PancakeV3/100 USDC>ARB@PancakeV3/500 in=8.287 ARB gap=35.2bps profit=$0.002 net=$-0.009"}
{"level":30,"time":1790818302894,"pid":1079,"hostname":"vm","msg":"  ARB>USDC@PancakeV3/100 USDC>ARB@UniswapV3/500 in=6.547 ARB gap=29.6bps profit=$0.002 net=$-0.010"}
{"level":30,"time":1790818302894,"pid":1079,"hostname":"vm","msg":"  ARB>WETH@PancakeV3/500 WETH>ARB@SushiV3/500 in=6.796 ARB gap=31.7bps profit=$0.001 net=$-0.010"}
{"level":30,"time":1790818303511,"pid":1079,"hostname":"vm","block":510515961,"gross":217,"net":0,"sumNetUsd":0,"gasPriceGwei":0.020132,"txCostUsd":0.0135,"syncMs":148,"searchMs":152,"msg":"block scanned"}
{"level":30,"time":1790818303511,"pid":1079,"hostname":"vm","msg":"  CHIP>USDC@UniswapV3/3000 USDC>CHIP@UniswapV3/100 in=159.9 CHIP gap=34.8bps profit=$0.001 net=$-0.010"}
{"level":30,"time":1790818303511,"pid":1079,"hostname":"vm","msg":"  ARB>USDC.e@PancakeV3/500 USDC.e>ARB@UniswapV3/500 in=26.86 ARB gap=24.2bps profit=$0.004 net=$-0.007"}
{"level":30,"time":1790818303511,"pid":1079,"hostname":"vm","msg":"  ARB>USDC@PancakeV3/100 USDC>ARB@PancakeV3/500 in=8.287 ARB gap=35.2bps profit=$0.002 net=$-0.009"}
{"level":30,"time":1790818303511,"pid":1079,"hostname":"vm","msg":"  ARB>USDC@PancakeV3/100 USDC>ARB@UniswapV3/500 in=6.547 ARB gap=29.6bps profit=$0.002 net=$-0.010"}
{"level":30,"time":1790818303511,"pid":1079,"hostname":"vm","msg":"  ARB>WETH@PancakeV3/500 WETH>ARB@SushiV3/500 in=6.796 ARB gap=31.7bps profit=$0.001 net=$-0.010"}
{"level":30,"time":1790818304147,"pid":1079,"hostname":"vm","block":510515963,"gross":217,"net":0,"sumNetUsd":0,"gasPriceGwei":0.020006,"txCostUsd":0.0134,"syncMs":196,"searchMs":118,"msg":"block scanned"}
{"level":30,"time":1790818304147,"pid":1079,"hostname":"vm","msg":"  CHIP>USDC@UniswapV3/3000 USDC>CHIP@UniswapV3/100 in=159.9 CHIP gap=34.8bps profit=$0.001 net=$-0.010"}
{"level":30,"time":1790818304147,"pid":1079,"hostname":"vm","msg":"  ARB>USDC.e@PancakeV3/500 USDC.e>ARB@UniswapV3/500 in=26.86 ARB gap=24.2bps profit=$0.004 net=$-0.007"}
{"level":30,"time":1790818304147,"pid":1079,"hostname":"vm","msg":"  ARB>USDC@PancakeV3/100 USDC>ARB@PancakeV3/500 in=8.287 ARB gap=35.2bps profit=$0.002 net=$-0.009"}
{"level":30,"time":1790818304147,"pid":1079,"hostname":"vm","msg":"  ARB>USDC@PancakeV3/100 USDC>ARB@UniswapV3/500 in=6.547 ARB gap=29.6bps profit=$0.002 net=$-0.010"}
{"level":30,"time":1790818304147,"pid":1079,"hostname":"vm","msg":"  ARB>WETH@PancakeV3/500 WETH>ARB@SushiV3/500 in=6.796 ARB gap=31.7bps profit=$0.001 net=$-0.010"}
{"level":30,"time":1790818304766,"pid":1079,"hostname":"vm","block":510515965,"gross":217,"net":0,"sumNetUsd":0,"gasPriceGwei":0.02,"txCostUsd":0.0134,"syncMs":171,"searchMs":132,"msg":"block scanned"}
{"level":30,"time":1790818304767,"pid":1079,"hostname":"vm","msg":"  CHIP>USDC@UniswapV3/3000 USDC>CHIP@UniswapV3/100 in=159.9 CHIP gap=34.8bps profit=$0.001 net=$-0.010"}
{"level":30,"time":1790818304767,"pid":1079,"hostname":"vm","msg":"  ARB>USDC.e@PancakeV3/500 USDC.e>ARB@UniswapV3/500 in=26.86 ARB gap=24.2bps profit=$0.004 net=$-0.007"}
{"level":30,"time":1790818304767,"pid":1079,"hostname":"vm","msg":"  ARB>USDC@PancakeV3/100 USDC>ARB@PancakeV3/500 in=8.287 ARB gap=35.2bps profit=$0.002 net=$-0.009"}
{"level":30,"time":1790818304767,"pid":1079,"hostname":"vm","msg":"  ARB>USDC@PancakeV3/100 USDC>ARB@UniswapV3/500 in=6.547 ARB gap=29.6bps profit=$0.002 net=$-0.010"}
{"level":30,"time":1790818304767,"pid":1079,"hostname":"vm","msg":"  ARB>WETH@PancakeV3/500 WETH>ARB@SushiV3/500 in=6.796 ARB gap=31.7bps profit=$0.001 net=$-0.010"}
{"level":30,"time":1790818305392,"pid":1079,"hostname":"vm","block":510515967,"gross":217,"net":0,"sumNetUsd":0,"gasPriceGwei":0.020006,"txCostUsd":0.0134,"syncMs":180,"searchMs":117,"msg":"block scanned"}
{"level":30,"time":1790818305392,"pid":1079,"hostname":"vm","msg":"  CHIP>USDC@UniswapV3/3000 USDC>CHIP@UniswapV3/100 in=159.9 CHIP gap=34.8bps profit=$0.001 net=$-0.010"}
{"level":30,"time":1790818305392,"pid":1079,"hostname":"vm","msg":"  ARB>USDC.e@PancakeV3/500 USDC.e>ARB@UniswapV3/500 in=26.86 ARB gap=24.2bps profit=$0.004 net=$-0.007"}
{"level":30,"time":1790818305392,"pid":1079,"hostname":"vm","msg":"  ARB>USDC@PancakeV3/100 USDC>ARB@PancakeV3/500 in=8.287 ARB gap=35.2bps profit=$0.002 net=$-0.009"}
{"level":30,"time":1790818305392,"pid":1079,"hostname":"vm","msg":"  ARB>USDC@PancakeV3/100 USDC>ARB@UniswapV3/500 in=6.547 ARB gap=29.6bps profit=$0.002 net=$-0.010"}
{"level":30,"time":1790818305392,"pid":1079,"hostname":"vm","msg":"  ARB>WETH@PancakeV3/500 WETH>ARB@SushiV3/500 in=6.796 ARB gap=31.7bps profit=$0.001 net=$-0.010"}
{"level":30,"time":1790818306024,"pid":1079,"hostname":"vm","block":510515969,"gross":217,"net":0,"sumNetUsd":0,"gasPriceGwei":0.020046,"txCostUsd":0.0135,"syncMs":155,"searchMs":151,"msg":"block scanned"}
{"level":30,"time":1790818306024,"pid":1079,"hostname":"vm","msg":"  CHIP>USDC@UniswapV3/3000 USDC>CHIP@UniswapV3/100 in=159.9 CHIP gap=34.8bps profit=$0.001 net=$-0.010"}
{"level":30,"time":1790818306024,"pid":1079,"hostname":"vm","msg":"  ARB>USDC.e@PancakeV3/500 USDC.e>ARB@UniswapV3/500 in=26.86 ARB gap=24.2bps profit=$0.004 net=$-0.007"}
{"level":30,"time":1790818306024,"pid":1079,"hostname":"vm","msg":"  ARB>USDC@PancakeV3/100 USDC>ARB@PancakeV3/500 in=8.287 ARB gap=35.2bps profit=$0.002 net=$-0.009"}
{"level":30,"time":1790818306024,"pid":1079,"hostname":"vm","msg":"  ARB>USDC@PancakeV3/100 USDC>ARB@UniswapV3/500 in=6.547 ARB gap=29.6bps profit=$0.002 net=$-0.010"}
{"level":30,"time":1790818306024,"pid":1079,"hostname":"vm","msg":"  ARB>WETH@PancakeV3/500 WETH>ARB@SushiV3/500 in=6.796 ARB gap=31.7bps profit=$0.001 net=$-0.010"}
{"level":30,"time":1790818306693,"pid":1079,"hostname":"vm","block":510515972,"gross":217,"net":0,"sumNetUsd":0,"gasPriceGwei":0.02,"txCostUsd":0.0134,"syncMs":171,"searchMs":186,"msg":"block scanned"}
{"level":30,"time":1790818306693,"pid":1079,"hostname":"vm","msg":"  CHIP>USDC@UniswapV3/3000 USDC>CHIP@UniswapV3/100 in=159.9 CHIP gap=34.8bps profit=$0.001 net=$-0.010"}
{"level":30,"time":1790818306693,"pid":1079,"hostname":"vm","msg":"  ARB>USDC.e@PancakeV3/500 USDC.e>ARB@UniswapV3/500 in=26.86 ARB gap=24.2bps profit=$0.004 net=$-0.007"}
{"level":30,"time":1790818306693,"pid":1079,"hostname":"vm","msg":"  ARB>USDC@PancakeV3/100 USDC>ARB@PancakeV3/500 in=8.287 ARB gap=35.2bps profit=$0.002 net=$-0.009"}
{"level":30,"time":1790818306693,"pid":1079,"hostname":"vm","msg":"  ARB>USDC@PancakeV3/100 USDC>ARB@UniswapV3/500 in=6.547 ARB gap=29.6bps profit=$0.002 net=$-0.010"}
{"level":30,"time":1790818306693,"pid":1079,"hostname":"vm","msg":"  ARB>WETH@PancakeV3/500 WETH>ARB@SushiV3/500 in=6.796 ARB gap=31.7bps profit=$0.001 net=$-0.010"}
{"level":30,"time":1790818307187,"pid":1079,"hostname":"vm","block":510515973,"gross":217,"net":0,"sumNetUsd":0,"gasPriceGwei":0.020006,"txCostUsd":0.0134,"syncMs":165,"searchMs":115,"msg":"block scanned"}
{"level":30,"time":1790818307187,"pid":1079,"hostname":"vm","msg":"  CHIP>USDC@UniswapV3/3000 USDC>CHIP@UniswapV3/100 in=159.9 CHIP gap=34.8bps profit=$0.001 net=$-0.010"}
{"level":30,"time":1790818307187,"pid":1079,"hostname":"vm","msg":"  ARB>USDC.e@PancakeV3/500 USDC.e>ARB@UniswapV3/500 in=26.86 ARB gap=24.2bps profit=$0.004 net=$-0.007"}
{"level":30,"time":1790818307187,"pid":1079,"hostname":"vm","msg":"  ARB>USDC@PancakeV3/100 USDC>ARB@PancakeV3/500 in=8.287 ARB gap=35.2bps profit=$0.002 net=$-0.009"}
{"level":30,"time":1790818307187,"pid":1079,"hostname":"vm","msg":"  ARB>USDC@PancakeV3/100 USDC>ARB@UniswapV3/500 in=6.547 ARB gap=29.6bps profit=$0.002 net=$-0.010"}
{"level":30,"time":1790818307187,"pid":1079,"hostname":"vm","msg":"  ARB>WETH@PancakeV3/500 WETH>ARB@SushiV3/500 in=6.796 ARB gap=31.7bps profit=$0.001 net=$-0.010"}
{"level":30,"time":1790818307783,"pid":1079,"hostname":"vm","block":510515975,"gross":217,"net":0,"sumNetUsd":0,"gasPriceGwei":0.020004,"txCostUsd":0.0134,"syncMs":163,"searchMs":119,"msg":"block scanned"}
{"level":30,"time":1790818307783,"pid":1079,"hostname":"vm","msg":"  CHIP>USDC@UniswapV3/3000 USDC>CHIP@UniswapV3/100 in=159.9 CHIP gap=34.8bps profit=$0.001 net=$-0.010"}
{"level":30,"time":1790818307783,"pid":1079,"hostname":"vm","msg":"  ARB>USDC.e@PancakeV3/500 USDC.e>ARB@UniswapV3/500 in=26.86 ARB gap=24.2bps profit=$0.004 net=$-0.007"}
{"level":30,"time":1790818307783,"pid":1079,"hostname":"vm","msg":"  ARB>USDC@PancakeV3/100 USDC>ARB@PancakeV3/500 in=8.287 ARB gap=35.2bps profit=$0.002 net=$-0.009"}
{"level":30,"time":1790818307783,"pid":1079,"hostname":"vm","msg":"  ARB>USDC@PancakeV3/100 USDC>ARB@UniswapV3/500 in=6.547 ARB gap=29.6bps profit=$0.002 net=$-0.010"}
{"level":30,"time":1790818307783,"pid":1079,"hostname":"vm","msg":"  ARB>WETH@PancakeV3/500 WETH>ARB@SushiV3/500 in=6.796 ARB gap=31.7bps profit=$0.001 net=$-0.010"}
{"level":30,"time":1790818308411,"pid":1079,"hostname":"vm","block":510515978,"gross":217,"net":0,"sumNetUsd":0,"gasPriceGwei":0.020078,"txCostUsd":0.0135,"syncMs":135,"searchMs":177,"msg":"block scanned"}
{"level":30,"time":1790818308411,"pid":1079,"hostname":"vm","msg":"  CHIP>USDC@UniswapV3/3000 USDC>CHIP@UniswapV3/100 in=159.9 CHIP gap=34.8bps profit=$0.001 net=$-0.010"}
{"level":30,"time":1790818308411,"pid":1079,"hostname":"vm","msg":"  ARB>USDC.e@PancakeV3/500 USDC.e>ARB@UniswapV3/500 in=26.86 ARB gap=24.2bps profit=$0.004 net=$-0.007"}
{"level":30,"time":1790818308411,"pid":1079,"hostname":"vm","msg":"  ARB>USDC@PancakeV3/100 USDC>ARB@PancakeV3/500 in=8.287 ARB gap=35.2bps profit=$0.002 net=$-0.009"}
{"level":30,"time":1790818308411,"pid":1079,"hostname":"vm","msg":"  ARB>USDC@PancakeV3/100 USDC>ARB@UniswapV3/500 in=6.547 ARB gap=29.6bps profit=$0.002 net=$-0.010"}
{"level":30,"time":1790818308411,"pid":1079,"hostname":"vm","msg":"  ARB>WETH@PancakeV3/500 WETH>ARB@SushiV3/500 in=6.796 ARB gap=31.7bps profit=$0.001 net=$-0.010"}
{"level":30,"time":1790818308996,"pid":1079,"hostname":"vm","block":510515980,"gross":217,"net":0,"sumNetUsd":0,"gasPriceGwei":0.020046,"txCostUsd":0.0135,"syncMs":151,"searchMs":123,"msg":"block scanned"}
{"level":30,"time":1790818308996,"pid":1079,"hostname":"vm","msg":"  CHIP>USDC@UniswapV3/3000 USDC>CHIP@UniswapV3/100 in=159.9 CHIP gap=34.8bps profit=$0.001 net=$-0.010"}
{"level":30,"time":1790818308996,"pid":1079,"hostname":"vm","msg":"  ARB>USDC.e@PancakeV3/500 USDC.e>ARB@UniswapV3/500 in=26.86 ARB gap=24.2bps profit=$0.004 net=$-0.007"}
{"level":30,"time":1790818308996,"pid":1079,"hostname":"vm","msg":"  ARB>USDC@PancakeV3/100 USDC>ARB@PancakeV3/500 in=8.287 ARB gap=35.2bps profit=$0.002 net=$-0.009"}
{"level":30,"time":1790818308996,"pid":1079,"hostname":"vm","msg":"  ARB>USDC@PancakeV3/100 USDC>ARB@UniswapV3/500 in=6.547 ARB gap=29.6bps profit=$0.002 net=$-0.010"}
{"level":30,"time":1790818308996,"pid":1079,"hostname":"vm","msg":"  ARB>WETH@PancakeV3/500 WETH>ARB@SushiV3/500 in=6.796 ARB gap=31.7bps profit=$0.001 net=$-0.010"}
{"level":30,"time":1790818326741,"pid":1079,"hostname":"vm","block":510515983,"gross":217,"net":0,"sumNetUsd":0,"gasPriceGwei":0.020006,"txCostUsd":0.0134,"syncMs":17297,"searchMs":134,"msg":"block scanned"}
{"level":30,"time":1790818326741,"pid":1079,"hostname":"vm","msg":"  CHIP>USDC@UniswapV3/3000 USDC>CHIP@UniswapV3/100 in=159.9 CHIP gap=34.8bps profit=$0.001 net=$-0.010"}
{"level":30,"time":1790818326741,"pid":1079,"hostname":"vm","msg":"  ARB>USDC.e@PancakeV3/500 USDC.e>ARB@UniswapV3/500 in=26.86 ARB gap=24.2bps profit=$0.004 net=$-0.007"}
{"level":30,"time":1790818326741,"pid":1079,"hostname":"vm","msg":"  ARB>USDC@PancakeV3/100 USDC>ARB@PancakeV3/500 in=8.287 ARB gap=35.2bps profit=$0.002 net=$-0.009"}
{"level":30,"time":1790818326741,"pid":1079,"hostname":"vm","msg":"  ARB>USDC@PancakeV3/100 USDC>ARB@UniswapV3/500 in=6.547 ARB gap=29.6bps profit=$0.002 net=$-0.010"}
{"level":30,"time":1790818326741,"pid":1079,"hostname":"vm","msg":"  ARB>WETH@PancakeV3/500 WETH>ARB@SushiV3/500 in=6.796 ARB gap=31.7bps profit=$0.001 net=$-0.010"}
{"level":30,"time":1790818327137,"pid":1079,"hostname":"vm","block":510516044,"gross":187,"net":0,"sumNetUsd":0,"gasPriceGwei":0.020012,"txCostUsd":0.0134,"syncMs":152,"searchMs":125,"msg":"block scanned"}
{"level":30,"time":1790818327137,"pid":1079,"hostname":"vm","msg":"  ARB>USDC.e@PancakeV3/500 USDC.e>ARB@UniswapV3/500 in=26.86 ARB gap=24.2bps profit=$0.004 net=$-0.007"}
{"level":30,"time":1790818327137,"pid":1079,"hostname":"vm","msg":"  ARB>USDC@PancakeV3/100 USDC>ARB@PancakeV3/500 in=7.447 ARB gap=32.2bps profit=$0.002 net=$-0.009"}
{"level":30,"time":1790818327137,"pid":1079,"hostname":"vm","msg":"  ARB>USDC@PancakeV3/100 USDC>ARB@UniswapV3/500 in=6.547 ARB gap=29.6bps profit=$0.002 net=$-0.010"}
{"level":30,"time":1790818327137,"pid":1079,"hostname":"vm","msg":"  ARB>WETH@PancakeV3/500 WETH>ARB@SushiV3/500 in=6.796 ARB gap=31.7bps profit=$0.001 net=$-0.010"}
{"level":30,"time":1790818327137,"pid":1079,"hostname":"vm","msg":"  CHIP>USDC@UniswapV3/3000 USDC>CHIP@UniswapV3/100 in=80.83 CHIP gap=32.9bps profit=$0.000 net=$-0.011"}
{"level":30,"time":1790818327724,"pid":1079,"hostname":"vm","block":510516046,"gross":187,"net":0,"sumNetUsd":0,"gasPriceGwei":0.02,"txCostUsd":0.0134,"syncMs":175,"searchMs":108,"msg":"block scanned"}
{"level":30,"time":1790818327724,"pid":1079,"hostname":"vm","msg":"  ARB>USDC.e@PancakeV3/500 USDC.e>ARB@UniswapV3/500 in=26.86 ARB gap=24.2bps profit=$0.004 net=$-0.007"}
{"level":30,"time":1790818327724,"pid":1079,"hostname":"vm","msg":"  ARB>USDC@PancakeV3/100 USDC>ARB@PancakeV3/500 in=7.447 ARB gap=32.2bps profit=$0.002 net=$-0.009"}
{"level":30,"time":1790818327724,"pid":1079,"hostname":"vm","msg":"  ARB>USDC@PancakeV3/100 USDC>ARB@UniswapV3/500 in=6.547 ARB gap=29.6bps profit=$0.002 net=$-0.010"}
{"level":30,"time":1790818327724,"pid":1079,"hostname":"vm","msg":"  ARB>WETH@PancakeV3/500 WETH>ARB@SushiV3/500 in=6.796 ARB gap=31.7bps profit=$0.001 net=$-0.010"}
{"level":30,"time":1790818327724,"pid":1079,"hostname":"vm","msg":"  CHIP>USDC@UniswapV3/3000 USDC>CHIP@UniswapV3/100 in=80.83 CHIP gap=32.9bps profit=$0.000 net=$-0.011"}
{"level":30,"time":1790818328314,"pid":1079,"hostname":"vm","block":510516048,"gross":187,"net":0,"sumNetUsd":0,"gasPriceGwei":0.020128,"txCostUsd":0.0135,"syncMs":147,"searchMs":104,"msg":"block scanned"}
{"level":30,"time":1790818328314,"pid":1079,"hostname":"vm","msg":"  ARB>USDC.e@PancakeV3/500 USDC.e>ARB@UniswapV3/500 in=26.86 ARB gap=24.2bps profit=$0.004 net=$-0.007"}
{"level":30,"time":1790818328314,"pid":1079,"hostname":"vm","msg":"  ARB>USDC@PancakeV3/100 USDC>ARB@PancakeV3/500 in=7.447 ARB gap=32.2bps profit=$0.002 net=$-0.009"}
{"level":30,"time":1790818328314,"pid":1079,"hostname":"vm","msg":"  ARB>USDC@PancakeV3/100 USDC>ARB@UniswapV3/500 in=6.547 ARB gap=29.6bps profit=$0.002 net=$-0.010"}
{"level":30,"time":1790818328314,"pid":1079,"hostname":"vm","msg":"  ARB>WETH@PancakeV3/500 WETH>ARB@SushiV3/500 in=6.796 ARB gap=31.7bps profit=$0.001 net=$-0.010"}
{"level":30,"time":1790818328314,"pid":1079,"hostname":"vm","msg":"  CHIP>USDC@UniswapV3/3000 USDC>CHIP@UniswapV3/100 in=80.83 CHIP gap=32.9bps profit=$0.000 net=$-0.011"}
{"level":30,"time":1790818328938,"pid":1079,"hostname":"vm","block":510516050,"gross":189,"net":0,"sumNetUsd":0,"gasPriceGwei":0.02004,"txCostUsd":0.0135,"syncMs":184,"searchMs":124,"msg":"block scanned"}
{"level":30,"time":1790818328938,"pid":1079,"hostname":"vm","msg":"  ARB>USDC.e@PancakeV3/500 USDC.e>ARB@UniswapV3/500 in=26.86 ARB gap=24.2bps profit=$0.004 net=$-0.007"}
{"level":30,"time":1790818328938,"pid":1079,"hostname":"vm","msg":"  ARB>USDC@PancakeV3/100 USDC>ARB@PancakeV3/500 in=7.447 ARB gap=32.2bps profit=$0.002 net=$-0.009"}
{"level":30,"time":1790818328938,"pid":1079,"hostname":"vm","msg":"  ARB>USDC@PancakeV3/100 USDC>ARB@UniswapV3/500 in=6.547 ARB gap=29.6bps profit=$0.002 net=$-0.010"}
{"level":30,"time":1790818328938,"pid":1079,"hostname":"vm","msg":"  ARB>WETH@PancakeV3/500 WETH>ARB@SushiV3/500 in=6.796 ARB gap=31.7bps profit=$0.001 net=$-0.010"}
{"level":30,"time":1790818328938,"pid":1079,"hostname":"vm","msg":"  CHIP>USDC@UniswapV3/3000 USDC>CHIP@UniswapV3/100 in=80.83 CHIP gap=32.9bps profit=$0.000 net=$-0.011"}
{"level":30,"time":1790818329542,"pid":1079,"hostname":"vm","block":510516053,"gross":189,"net":0,"sumNetUsd":0,"gasPriceGwei":0.020054,"txCostUsd":0.0135,"syncMs":156,"searchMs":127,"msg":"block scanned"}
{"level":30,"time":1790818329542,"pid":1079,"hostname":"vm","msg":"  ARB>USDC.e@PancakeV3/500 USDC.e>ARB@UniswapV3/500 in=26.86 ARB gap=24.2bps profit=$0.004 net=$-0.007"}
{"level":30,"time":1790818329542,"pid":1079,"hostname":"vm","msg":"  ARB>USDC@PancakeV3/100 USDC>ARB@PancakeV3/500 in=7.447 ARB gap=32.2bps profit=$0.002 net=$-0.009"}
{"level":30,"time":1790818329542,"pid":1079,"hostname":"vm","msg":"  ARB>USDC@PancakeV3/100 USDC>ARB@UniswapV3/500 in=6.547 ARB gap=29.6bps profit=$0.002 net=$-0.010"}
{"level":30,"time":1790818329542,"pid":1079,"hostname":"vm","msg":"  ARB>WETH@PancakeV3/500 WETH>ARB@SushiV3/500 in=6.796 ARB gap=31.7bps profit=$0.001 net=$-0.010"}
{"level":30,"time":1790818329542,"pid":1079,"hostname":"vm","msg":"  CHIP>USDC@UniswapV3/3000 USDC>CHIP@UniswapV3/100 in=80.83 CHIP gap=32.9bps profit=$0.000 net=$-0.011"}
{"level":30,"time":1790818330114,"pid":1079,"hostname":"vm","block":510516054,"gross":189,"net":0,"sumNetUsd":0,"gasPriceGwei":0.020012,"txCostUsd":0.0134,"syncMs":158,"searchMs":107,"msg":"block scanned"}
{"level":30,"time":1790818330114,"pid":1079,"hostname":"vm","msg":"  ARB>USDC.e@PancakeV3/500 USDC.e>ARB@UniswapV3/500 in=26.86 ARB gap=24.2bps profit=$0.004 net=$-0.007"}
{"level":30,"time":1790818330114,"pid":1079,"hostname":"vm","msg":"  ARB>USDC@PancakeV3/100 USDC>ARB@PancakeV3/500 in=7.447 ARB gap=32.2bps profit=$0.002 net=$-0.009"}
{"level":30,"time":1790818330114,"pid":1079,"hostname":"vm","msg":"  ARB>USDC@PancakeV3/100 USDC>ARB@UniswapV3/500 in=6.547 ARB gap=29.6bps profit=$0.002 net=$-0.010"}
{"level":30,"time":1790818330114,"pid":1079,"hostname":"vm","msg":"  ARB>WETH@PancakeV3/500 WETH>ARB@SushiV3/500 in=6.796 ARB gap=31.7bps profit=$0.001 net=$-0.010"}
{"level":30,"time":1790818330114,"pid":1079,"hostname":"vm","msg":"  CHIP>USDC@UniswapV3/3000 USDC>CHIP@UniswapV3/100 in=80.83 CHIP gap=32.9bps profit=$0.000 net=$-0.011"}
{"level":30,"time":1790818330687,"pid":1079,"hostname":"vm","block":510516056,"gross":189,"net":0,"sumNetUsd":0,"gasPriceGwei":0.02,"txCostUsd":0.0134,"syncMs":146,"searchMs":124,"msg":"block scanned"}
{"level":30,"time":1790818330687,"pid":1079,"hostname":"vm","msg":"  ARB>USDC.e@PancakeV3/500 USDC.e>ARB@UniswapV3/500 in=26.86 ARB gap=24.2bps profit=$0.004 net=$-0.007"}
{"level":30,"time":1790818330687,"pid":1079,"hostname":"vm","msg":"  ARB>USDC@PancakeV3/100 USDC>ARB@PancakeV3/500 in=7.447 ARB gap=32.2bps profit=$0.002 net=$-0.009"}
{"level":30,"time":1790818330687,"pid":1079,"hostname":"vm","msg":"  ARB>USDC@PancakeV3/100 USDC>ARB@UniswapV3/500 in=6.547 ARB gap=29.6bps profit=$0.002 net=$-0.010"}
{"level":30,"time":1790818330687,"pid":1079,"hostname":"vm","msg":"  ARB>WETH@PancakeV3/500 WETH>ARB@SushiV3/500 in=6.796 ARB gap=31.7bps profit=$0.001 net=$-0.010"}
{"level":30,"time":1790818330687,"pid":1079,"hostname":"vm","msg":"  CHIP>USDC@UniswapV3/3000 USDC>CHIP@UniswapV3/100 in=80.83 CHIP gap=32.9bps profit=$0.000 net=$-0.011"}
{"level":30,"time":1790818331271,"pid":1079,"hostname":"vm","block":510516057,"gross":189,"net":0,"sumNetUsd":0,"gasPriceGwei":0.020006,"txCostUsd":0.0134,"syncMs":162,"searchMs":110,"msg":"block scanned"}
{"level":30,"time":1790818331271,"pid":1079,"hostname":"vm","msg":"  ARB>USDC.e@PancakeV3/500 USDC.e>ARB@UniswapV3/500 in=26.86 ARB gap=24.2bps profit=$0.004 net=$-0.007"}
{"level":30,"time":1790818331271,"pid":1079,"hostname":"vm","msg":"  ARB>USDC@PancakeV3/100 USDC>ARB@PancakeV3/500 in=7.447 ARB gap=32.2bps profit=$0.002 net=$-0.009"}
{"level":30,"time":1790818331271,"pid":1079,"hostname":"vm","msg":"  ARB>USDC@PancakeV3/100 USDC>ARB@UniswapV3/500 in=6.547 ARB gap=29.6bps profit=$0.002 net=$-0.010"}
{"level":30,"time":1790818331271,"pid":1079,"hostname":"vm","msg":"  ARB>WETH@PancakeV3/500 WETH>ARB@SushiV3/500 in=6.796 ARB gap=31.7bps profit=$0.001 net=$-0.010"}
{"level":30,"time":1790818331271,"pid":1079,"hostname":"vm","msg":"  CHIP>USDC@UniswapV3/3000 USDC>CHIP@UniswapV3/100 in=80.83 CHIP gap=32.9bps profit=$0.000 net=$-0.011"}
{"level":30,"time":1790818331855,"pid":1079,"hostname":"vm","block":510516059,"gross":189,"net":0,"sumNetUsd":0,"gasPriceGwei":0.02,"txCostUsd":0.0134,"syncMs":137,"searchMs":133,"msg":"block scanned"}
{"level":30,"time":1790818331856,"pid":1079,"hostname":"vm","msg":"  ARB>USDC.e@PancakeV3/500 USDC.e>ARB@UniswapV3/500 in=26.86 ARB gap=24.2bps profit=$0.004 net=$-0.007"}
{"level":30,"time":1790818331856,"pid":1079,"hostname":"vm","msg":"  ARB>USDC@PancakeV3/100 USDC>ARB@PancakeV3/500 in=7.447 ARB gap=32.2bps profit=$0.002 net=$-0.009"}
{"level":30,"time":1790818331856,"pid":1079,"hostname":"vm","msg":"  ARB>USDC@PancakeV3/100 USDC>ARB@UniswapV3/500 in=6.547 ARB gap=29.6bps profit=$0.002 net=$-0.010"}
{"level":30,"time":1790818331856,"pid":1079,"hostname":"vm","msg":"  ARB>WETH@PancakeV3/500 WETH>ARB@SushiV3/500 in=6.796 ARB gap=31.7bps profit=$0.001 net=$-0.010"}
{"level":30,"time":1790818331856,"pid":1079,"hostname":"vm","msg":"  CHIP>USDC@UniswapV3/3000 USDC>CHIP@UniswapV3/100 in=80.83 CHIP gap=32.9bps profit=$0.000 net=$-0.011"}
{"level":30,"time":1790818332510,"pid":1079,"hostname":"vm","block":510516061,"gross":189,"net":0,"sumNetUsd":0,"gasPriceGwei":0.02,"txCostUsd":0.0134,"syncMs":197,"searchMs":133,"msg":"block scanned"}
{"level":30,"time":1790818332510,"pid":1079,"hostname":"vm","msg":"  ARB>USDC.e@PancakeV3/500 USDC.e>ARB@UniswapV3/500 in=26.86 ARB gap=24.2bps profit=$0.004 net=$-0.007"}
{"level":30,"time":1790818332510,"pid":1079,"hostname":"vm","msg":"  ARB>USDC@PancakeV3/100 USDC>ARB@PancakeV3/500 in=7.447 ARB gap=32.2bps profit=$0.002 net=$-0.009"}
{"level":30,"time":1790818332510,"pid":1079,"hostname":"vm","msg":"  ARB>USDC@PancakeV3/100 USDC>ARB@UniswapV3/500 in=6.547 ARB gap=29.6bps profit=$0.002 net=$-0.010"}
{"level":30,"time":1790818332510,"pid":1079,"hostname":"vm","msg":"  ARB>WETH@PancakeV3/500 WETH>ARB@SushiV3/500 in=6.796 ARB gap=31.7bps profit=$0.001 net=$-0.010"}
{"level":30,"time":1790818332510,"pid":1079,"hostname":"vm","msg":"  CHIP>USDC@UniswapV3/3000 USDC>CHIP@UniswapV3/100 in=80.83 CHIP gap=32.9bps profit=$0.000 net=$-0.011"}
{"level":30,"time":1790818333081,"pid":1079,"hostname":"vm","block":510516064,"gross":189,"net":0,"sumNetUsd":0,"gasPriceGwei":0.020042,"txCostUsd":0.0135,"syncMs":138,"searchMs":122,"msg":"block scanned"}
{"level":30,"time":1790818333081,"pid":1079,"hostname":"vm","msg":"  ARB>USDC.e@PancakeV3/500 USDC.e>ARB@UniswapV3/500 in=26.86 ARB gap=24.2bps profit=$0.004 net=$-0.007"}
{"level":30,"time":1790818333081,"pid":1079,"hostname":"vm","msg":"  ARB>USDC@PancakeV3/100 USDC>ARB@PancakeV3/500 in=7.447 ARB gap=32.2bps profit=$0.002 net=$-0.009"}
{"level":30,"time":1790818333081,"pid":1079,"hostname":"vm","msg":"  ARB>USDC@PancakeV3/100 USDC>ARB@UniswapV3/500 in=6.547 ARB gap=29.6bps profit=$0.002 net=$-0.010"}
{"level":30,"time":1790818333081,"pid":1079,"hostname":"vm","msg":"  ARB>WETH@PancakeV3/500 WETH>ARB@SushiV3/500 in=6.796 ARB gap=31.7bps profit=$0.001 net=$-0.010"}
{"level":30,"time":1790818333081,"pid":1079,"hostname":"vm","msg":"  CHIP>USDC@UniswapV3/3000 USDC>CHIP@UniswapV3/100 in=80.83 CHIP gap=32.9bps profit=$0.000 net=$-0.011"}
{"level":30,"time":1790818333678,"pid":1079,"hostname":"vm","block":510516066,"gross":189,"net":0,"sumNetUsd":0,"gasPriceGwei":0.020062,"txCostUsd":0.0135,"syncMs":139,"searchMs":140,"msg":"block scanned"}
{"level":30,"time":1790818333678,"pid":1079,"hostname":"vm","msg":"  ARB>USDC.e@PancakeV3/500 USDC.e>ARB@UniswapV3/500 in=26.86 ARB gap=24.2bps profit=$0.004 net=$-0.007"}
{"level":30,"time":1790818333678,"pid":1079,"hostname":"vm","msg":"  ARB>USDC@PancakeV3/100 USDC>ARB@PancakeV3/500 in=7.447 ARB gap=32.2bps profit=$0.002 net=$-0.009"}
{"level":30,"time":1790818333678,"pid":1079,"hostname":"vm","msg":"  ARB>USDC@PancakeV3/100 USDC>ARB@UniswapV3/500 in=6.547 ARB gap=29.6bps profit=$0.002 net=$-0.010"}
{"level":30,"time":1790818333678,"pid":1079,"hostname":"vm","msg":"  ARB>WETH@PancakeV3/500 WETH>ARB@SushiV3/500 in=6.796 ARB gap=31.7bps profit=$0.001 net=$-0.010"}
{"level":30,"time":1790818333678,"pid":1079,"hostname":"vm","msg":"  CHIP>USDC@UniswapV3/3000 USDC>CHIP@UniswapV3/100 in=80.83 CHIP gap=32.9bps profit=$0.000 net=$-0.011"}
{"level":30,"time":1790818334263,"pid":1079,"hostname":"vm","block":510516067,"gross":189,"net":0,"sumNetUsd":0,"gasPriceGwei":0.02,"txCostUsd":0.0134,"syncMs":137,"searchMs":129,"msg":"block scanned"}
{"level":30,"time":1790818334263,"pid":1079,"hostname":"vm","msg":"  ARB>USDC.e@PancakeV3/500 USDC.e>ARB@UniswapV3/500 in=26.86 ARB gap=24.2bps profit=$0.004 net=$-0.007"}
{"level":30,"time":1790818334263,"pid":1079,"hostname":"vm","msg":"  ARB>USDC@PancakeV3/100 USDC>ARB@PancakeV3/500 in=7.447 ARB gap=32.2bps profit=$0.002 net=$-0.009"}
{"level":30,"time":1790818334263,"pid":1079,"hostname":"vm","msg":"  ARB>USDC@PancakeV3/100 USDC>ARB@UniswapV3/500 in=6.547 ARB gap=29.6bps profit=$0.002 net=$-0.010"}
{"level":30,"time":1790818334263,"pid":1079,"hostname":"vm","msg":"  ARB>WETH@PancakeV3/500 WETH>ARB@SushiV3/500 in=6.796 ARB gap=31.7bps profit=$0.001 net=$-0.010"}
{"level":30,"time":1790818334263,"pid":1079,"hostname":"vm","msg":"  CHIP>USDC@UniswapV3/3000 USDC>CHIP@UniswapV3/100 in=80.83 CHIP gap=32.9bps profit=$0.000 net=$-0.011"}
{"level":30,"time":1790818334872,"pid":1079,"hostname":"vm","block":510516068,"gross":189,"net":0,"sumNetUsd":0,"gasPriceGwei":0.020274,"txCostUsd":0.0136,"syncMs":182,"searchMs":111,"msg":"block scanned"}
{"level":30,"time":1790818334872,"pid":1079,"hostname":"vm","msg":"  ARB>USDC.e@PancakeV3/500 USDC.e>ARB@UniswapV3/500 in=26.86 ARB gap=24.2bps profit=$0.004 net=$-0.007"}
{"level":30,"time":1790818334872,"pid":1079,"hostname":"vm","msg":"  ARB>USDC@PancakeV3/100 USDC>ARB@PancakeV3/500 in=7.447 ARB gap=32.2bps profit=$0.002 net=$-0.009"}
{"level":30,"time":1790818334872,"pid":1079,"hostname":"vm","msg":"  ARB>USDC@PancakeV3/100 USDC>ARB@UniswapV3/500 in=6.547 ARB gap=29.6bps profit=$0.002 net=$-0.010"}
{"level":30,"time":1790818334872,"pid":1079,"hostname":"vm","msg":"  ARB>WETH@PancakeV3/500 WETH>ARB@SushiV3/500 in=6.796 ARB gap=31.7bps profit=$0.001 net=$-0.010"}
{"level":30,"time":1790818334872,"pid":1079,"hostname":"vm","msg":"  CHIP>USDC@UniswapV3/3000 USDC>CHIP@UniswapV3/100 in=80.83 CHIP gap=32.9bps profit=$0.000 net=$-0.011"}
{"level":30,"time":1790818419031,"pid":1079,"hostname":"vm","block":510516070,"gross":189,"net":0,"sumNetUsd":0,"gasPriceGwei":0.02002,"txCostUsd":0.0135,"syncMs":83724,"searchMs":118,"msg":"block scanned"}
{"level":30,"time":1790818419031,"pid":1079,"hostname":"vm","msg":"  ARB>USDC.e@PancakeV3/500 USDC.e>ARB@UniswapV3/500 in=26.86 ARB gap=24.2bps profit=$0.004 net=$-0.007"}
{"level":30,"time":1790818419031,"pid":1079,"hostname":"vm","msg":"  ARB>USDC@PancakeV3/100 USDC>ARB@PancakeV3/500 in=7.447 ARB gap=32.2bps profit=$0.002 net=$-0.009"}
{"level":30,"time":1790818419031,"pid":1079,"hostname":"vm","msg":"  ARB>USDC@PancakeV3/100 USDC>ARB@UniswapV3/500 in=6.547 ARB gap=29.6bps profit=$0.002 net=$-0.010"}
{"level":30,"time":1790818419031,"pid":1079,"hostname":"vm","msg":"  ARB>WETH@PancakeV3/500 WETH>ARB@SushiV3/500 in=6.796 ARB gap=31.7bps profit=$0.001 net=$-0.010"}
{"level":30,"time":1790818419031,"pid":1079,"hostname":"vm","msg":"  CHIP>USDC@UniswapV3/3000 USDC>CHIP@UniswapV3/100 in=80.83 CHIP gap=32.9bps profit=$0.000 net=$-0.011"}
{"level":30,"time":1790818419473,"pid":1079,"hostname":"vm","block":510516364,"gross":217,"net":0,"sumNetUsd":0,"gasPriceGwei":0.020052,"txCostUsd":0.0135,"syncMs":197,"searchMs":139,"msg":"block scanned"}
{"level":30,"time":1790818419473,"pid":1079,"hostname":"vm","msg":"  ARB>WETH@PancakeV3/500 WETH>ARB@SushiV3/500 in=6.796 ARB gap=31.7bps profit=$0.002 net=$-0.010"}
{"level":30,"time":1790818419473,"pid":1079,"hostname":"vm","msg":"  ARB>USDC@PancakeV3/100 USDC>ARB@UniswapV3/100 in=4.126 ARB gap=24.8bps profit=$0.001 net=$-0.010"}
{"level":30,"time":1790818419473,"pid":1079,"hostname":"vm","msg":"  ARB>USDC.e@PancakeV3/500 USDC.e>ARB@SushiV2 in=3.835 ARB gap=58.2bps profit=$0.001 net=$-0.008"}
{"level":30,"time":1790818419473,"pid":1079,"hostname":"vm","msg":"  ARB>WETH@UniswapV3/500 WETH>ARB@SushiV3/500 in=5.654 ARB gap=25.3bps profit=$0.001 net=$-0.010"}
{"level":30,"time":1790818419473,"pid":1079,"hostname":"vm","msg":"  ARB>USDC.e@PancakeV3/500 USDC.e>ARB@UniswapV3/3000 in=5.806 ARB gap=49.8bps profit=$0.001 net=$-0.010"}
{"level":30,"time":1790818420076,"pid":1079,"hostname":"vm","block":510516366,"gross":217,"net":0,"sumNetUsd":0,"gasPriceGwei":0.02004,"txCostUsd":0.0135,"syncMs":159,"searchMs":126,"msg":"block scanned"}
{"level":30,"time":1790818420076,"pid":1079,"hostname":"vm","msg":"  ARB>WETH@PancakeV3/500 WETH>ARB@SushiV3/500 in=6.796 ARB gap=31.7bps profit=$0.002 net=$-0.010"}
{"level":30,"time":1790818420076,"pid":1079,"hostname":"vm","msg":"  ARB>USDC@PancakeV3/100 USDC>ARB@UniswapV3/100 in=4.126 ARB gap=24.8bps profit=$0.001 net=$-0.010"}
{"level":30,"time":1790818420076,"pid":1079,"hostname":"vm","msg":"  ARB>USDC.e@PancakeV3/500 USDC.e>ARB@SushiV2 in=3.835 ARB gap=58.2bps profit=$0.001 net=$-0.008"}
{"level":30,"time":1790818420076,"pid":1079,"hostname":"vm","msg":"  ARB>WETH@UniswapV3/500 WETH>ARB@SushiV3/500 in=5.654 ARB gap=25.3bps profit=$0.001 net=$-0.010"}
{"level":30,"time":1790818420076,"pid":1079,"hostname":"vm","msg":"  ARB>USDC.e@PancakeV3/500 USDC.e>ARB@UniswapV3/3000 in=5.806 ARB gap=49.8bps profit=$0.001 net=$-0.010"}
{"level":30,"time":1790818420716,"pid":1079,"hostname":"vm","block":510516367,"gross":217,"net":0,"sumNetUsd":0,"gasPriceGwei":0.020074,"txCostUsd":0.0135,"syncMs":170,"searchMs":156,"msg":"block scanned"}
{"level":30,"time":1790818420716,"pid":1079,"hostname":"vm","msg":"  ARB>WETH@PancakeV3/500 WETH>ARB@SushiV3/500 in=6.796 ARB gap=31.7bps profit=$0.002 net=$-0.010"}
{"level":30,"time":1790818420716,"pid":1079,"hostname":"vm","msg":"  ARB>USDC@PancakeV3/100 USDC>ARB@UniswapV3/100 in=4.126 ARB gap=24.8bps profit=$0.001 net=$-0.010"}
{"level":30,"time":1790818420716,"pid":1079,"hostname":"vm","msg":"  ARB>USDC.e@PancakeV3/500 USDC.e>ARB@SushiV2 in=3.835 ARB gap=58.2bps profit=$0.001 net=$-0.008"}
{"level":30,"time":1790818420716,"pid":1079,"hostname":"vm","msg":"  ARB>WETH@UniswapV3/500 WETH>ARB@SushiV3/500 in=5.654 ARB gap=25.3bps profit=$0.001 net=$-0.010"}
{"level":30,"time":1790818420716,"pid":1079,"hostname":"vm","msg":"  ARB>USDC.e@PancakeV3/500 USDC.e>ARB@UniswapV3/3000 in=5.806 ARB gap=49.8bps profit=$0.001 net=$-0.010"}
{"level":30,"time":1790818421354,"pid":1079,"hostname":"vm","block":510516369,"gross":217,"net":0,"sumNetUsd":0,"gasPriceGwei":0.02003,"txCostUsd":0.0135,"syncMs":171,"searchMs":151,"msg":"block scanned"}
{"level":30,"time":1790818421354,"pid":1079,"hostname":"vm","msg":"  ARB>WETH@PancakeV3/500 WETH>ARB@SushiV3/500 in=6.796 ARB gap=31.7bps profit=$0.002 net=$-0.010"}
{"level":30,"time":1790818421354,"pid":1079,"hostname":"vm","msg":"  ARB>USDC@PancakeV3/100 USDC>ARB@UniswapV3/100 in=4.126 ARB gap=24.8bps profit=$0.001 net=$-0.010"}
{"level":30,"time":1790818421354,"pid":1079,"hostname":"vm","msg":"  ARB>USDC.e@PancakeV3/500 USDC.e>ARB@SushiV2 in=3.835 ARB gap=58.2bps profit=$0.001 net=$-0.008"}
{"level":30,"time":1790818421354,"pid":1079,"hostname":"vm","msg":"  ARB>WETH@UniswapV3/500 WETH>ARB@SushiV3/500 in=5.654 ARB gap=25.3bps profit=$0.001 net=$-0.010"}
{"level":30,"time":1790818421354,"pid":1079,"hostname":"vm","msg":"  ARB>USDC.e@PancakeV3/500 USDC.e>ARB@UniswapV3/3000 in=5.806 ARB gap=49.8bps profit=$0.001 net=$-0.010"}
{"level":30,"time":1790818421999,"pid":1079,"hostname":"vm","block":510516372,"gross":217,"net":0,"sumNetUsd":0,"gasPriceGwei":0.02002,"txCostUsd":0.0135,"syncMs":175,"searchMs":144,"msg":"block scanned"}
{"level":30,"time":1790818421999,"pid":1079,"hostname":"vm","msg":"  ARB>WETH@PancakeV3/500 WETH>ARB@SushiV3/500 in=6.796 ARB gap=31.7bps profit=$0.002 net=$-0.010"}
{"level":30,"time":1790818421999,"pid":1079,"hostname":"vm","msg":"  ARB>USDC@PancakeV3/100 USDC>ARB@UniswapV3/100 in=4.126 ARB gap=24.8bps profit=$0.001 net=$-0.010"}
{"level":30,"time":1790818421999,"pid":1079,"hostname":"vm","msg":"  ARB>USDC.e@PancakeV3/500 USDC.e>ARB@SushiV2 in=3.835 ARB gap=58.2bps profit=$0.001 net=$-0.008"}
{"level":30,"time":1790818421999,"pid":1079,"hostname":"vm","msg":"  ARB>WETH@UniswapV3/500 WETH>ARB@SushiV3/500 in=5.654 ARB gap=25.3bps profit=$0.001 net=$-0.010"}
{"level":30,"time":1790818421999,"pid":1079,"hostname":"vm","msg":"  ARB>USDC.e@PancakeV3/500 USDC.e>ARB@UniswapV3/3000 in=5.806 ARB gap=49.8bps profit=$0.001 net=$-0.010"}
{"level":30,"time":1790818422602,"pid":1079,"hostname":"vm","block":510516374,"gross":219,"net":0,"sumNetUsd":0,"gasPriceGwei":0.02,"txCostUsd":0.0134,"syncMs":150,"searchMs":146,"msg":"block scanned"}
{"level":30,"time":1790818422603,"pid":1079,"hostname":"vm","msg":"  ARB>WETH@PancakeV3/500 WETH>ARB@SushiV3/500 in=6.796 ARB gap=31.7bps profit=$0.002 net=$-0.010"}
{"level":30,"time":1790818422603,"pid":1079,"hostname":"vm","msg":"  ARB>USDC@PancakeV3/100 USDC>ARB@UniswapV3/100 in=4.126 ARB gap=24.8bps profit=$0.001 net=$-0.010"}
{"level":30,"time":1790818422603,"pid":1079,"hostname":"vm","msg":"  ARB>USDC.e@PancakeV3/500 USDC.e>ARB@SushiV2 in=3.835 ARB gap=58.2bps profit=$0.001 net=$-0.008"}
{"level":30,"time":1790818422603,"pid":1079,"hostname":"vm","msg":"  ARB>WETH@UniswapV3/500 WETH>ARB@SushiV3/500 in=5.654 ARB gap=25.3bps profit=$0.001 net=$-0.010"}
{"level":30,"time":1790818422603,"pid":1079,"hostname":"vm","msg":"  ARB>USDC.e@PancakeV3/500 USDC.e>ARB@UniswapV3/3000 in=5.806 ARB gap=49.8bps profit=$0.001 net=$-0.010"}
{"level":30,"time":1790818423255,"pid":1079,"hostname":"vm","block":510516377,"gross":219,"net":0,"sumNetUsd":0,"gasPriceGwei":0.020066,"txCostUsd":0.0135,"syncMs":173,"searchMs":166,"msg":"block scanned"}
{"level":30,"time":1790818423255,"pid":1079,"hostname":"vm","msg":"  ARB>WETH@PancakeV3/500 WETH>ARB@SushiV3/500 in=6.796 ARB gap=31.7bps profit=$0.002 net=$-0.010"}
{"level":30,"time":1790818423255,"pid":1079,"hostname":"vm","msg":"  ARB>USDC@PancakeV3/100 USDC>ARB@UniswapV3/100 in=4.126 ARB gap=24.8bps profit=$0.001 net=$-0.010"}
{"level":30,"time":1790818423255,"pid":1079,"hostname":"vm","msg":"  ARB>USDC.e@PancakeV3/500 USDC.e>ARB@SushiV2 in=3.835 ARB gap=58.2bps profit=$0.001 net=$-0.008"}
{"level":30,"time":1790818423255,"pid":1079,"hostname":"vm","msg":"  ARB>WETH@UniswapV3/500 WETH>ARB@SushiV3/500 in=5.654 ARB gap=25.3bps profit=$0.001 net=$-0.010"}
{"level":30,"time":1790818423255,"pid":1079,"hostname":"vm","msg":"  ARB>USDC.e@PancakeV3/500 USDC.e>ARB@UniswapV3/3000 in=5.806 ARB gap=49.8bps profit=$0.001 net=$-0.010"}
{"level":30,"time":1790818423917,"pid":1079,"hostname":"vm","block":510516379,"gross":209,"net":0,"sumNetUsd":0,"gasPriceGwei":0.020012,"txCostUsd":0.0134,"syncMs":185,"searchMs":169,"msg":"block scanned"}
{"level":30,"time":1790818423917,"pid":1079,"hostname":"vm","msg":"  ARB>WETH@PancakeV3/500 WETH>ARB@SushiV3/500 in=6.796 ARB gap=31.7bps profit=$0.002 net=$-0.010"}
{"level":30,"time":1790818423917,"pid":1079,"hostname":"vm","msg":"  ARB>USDC@PancakeV3/100 USDC>ARB@UniswapV3/100 in=4.126 ARB gap=24.8bps profit=$0.001 net=$-0.010"}
{"level":30,"time":1790818423917,"pid":1079,"hostname":"vm","msg":"  ARB>USDC.e@PancakeV3/500 USDC.e>ARB@SushiV2 in=3.835 ARB gap=58.2bps profit=$0.001 net=$-0.008"}
{"level":30,"time":1790818423917,"pid":1079,"hostname":"vm","msg":"  ARB>WETH@UniswapV3/500 WETH>ARB@SushiV3/500 in=5.654 ARB gap=25.3bps profit=$0.001 net=$-0.010"}
{"level":30,"time":1790818423917,"pid":1079,"hostname":"vm","msg":"  ARB>USDC.e@PancakeV3/500 USDC.e>ARB@UniswapV3/3000 in=5.806 ARB gap=49.8bps profit=$0.001 net=$-0.010"}
{"level":30,"time":1790818424399,"pid":1079,"hostname":"vm","block":510516381,"gross":209,"net":0,"sumNetUsd":0,"gasPriceGwei":0.020024,"txCostUsd":0.0135,"syncMs":155,"searchMs":120,"msg":"block scanned"}
{"level":30,"time":1790818424399,"pid":1079,"hostname":"vm","msg":"  ARB>WETH@PancakeV3/500 WETH>ARB@SushiV3/500 in=6.796 ARB gap=31.7bps profit=$0.002 net=$-0.010"}
{"level":30,"time":1790818424399,"pid":1079,"hostname":"vm","msg":"  ARB>USDC@PancakeV3/100 USDC>ARB@UniswapV3/100 in=4.126 ARB gap=24.8bps profit=$0.001 net=$-0.010"}
{"level":30,"time":1790818424399,"pid":1079,"hostname":"vm","msg":"  ARB>USDC.e@PancakeV3/500 USDC.e>ARB@SushiV2 in=3.835 ARB gap=58.2bps profit=$0.001 net=$-0.008"}
{"level":30,"time":1790818424399,"pid":1079,"hostname":"vm","msg":"  ARB>WETH@UniswapV3/500 WETH>ARB@SushiV3/500 in=5.654 ARB gap=25.3bps profit=$0.001 net=$-0.010"}
{"level":30,"time":1790818424399,"pid":1079,"hostname":"vm","msg":"  ARB>USDC.e@PancakeV3/500 USDC.e>ARB@UniswapV3/3000 in=5.806 ARB gap=49.8bps profit=$0.001 net=$-0.010"}
{"level":30,"time":1790818425061,"pid":1079,"hostname":"vm","block":510516383,"gross":209,"net":0,"sumNetUsd":0,"gasPriceGwei":0.020016,"txCostUsd":0.0135,"syncMs":199,"searchMs":154,"msg":"block scanned"}
{"level":30,"time":1790818425062,"pid":1079,"hostname":"vm","msg":"  ARB>WETH@PancakeV3/500 WETH>ARB@SushiV3/500 in=6.796 ARB gap=31.7bps profit=$0.002 net=$-0.010"}
{"level":30,"time":1790818425062,"pid":1079,"hostname":"vm","msg":"  ARB>USDC@PancakeV3/100 USDC>ARB@UniswapV3/100 in=4.126 ARB gap=24.8bps profit=$0.001 net=$-0.010"}
{"level":30,"time":1790818425062,"pid":1079,"hostname":"vm","msg":"  ARB>USDC.e@PancakeV3/500 USDC.e>ARB@SushiV2 in=3.835 ARB gap=58.2bps profit=$0.001 net=$-0.008"}
{"level":30,"time":1790818425062,"pid":1079,"hostname":"vm","msg":"  ARB>WETH@UniswapV3/500 WETH>ARB@SushiV3/500 in=5.654 ARB gap=25.3bps profit=$0.001 net=$-0.010"}
{"level":30,"time":1790818425062,"pid":1079,"hostname":"vm","msg":"  ARB>USDC.e@PancakeV3/500 USDC.e>ARB@UniswapV3/3000 in=5.806 ARB gap=49.8bps profit=$0.001 net=$-0.010"}
{"level":30,"time":1790818425564,"pid":1079,"hostname":"vm","block":510516386,"gross":209,"net":0,"sumNetUsd":0,"gasPriceGwei":0.02,"txCostUsd":0.0134,"syncMs":146,"searchMs":147,"msg":"block scanned"}
{"level":30,"time":1790818425565,"pid":1079,"hostname":"vm","msg":"  ARB>WETH@PancakeV3/500 WETH>ARB@SushiV3/500 in=6.796 ARB gap=31.7bps profit=$0.002 net=$-0.010"}
{"level":30,"time":1790818425565,"pid":1079,"hostname":"vm","msg":"  ARB>USDC@PancakeV3/100 USDC>ARB@UniswapV3/100 in=4.126 ARB gap=24.8bps profit=$0.001 net=$-0.010"}
{"level":30,"time":1790818425565,"pid":1079,"hostname":"vm","msg":"  ARB>USDC.e@PancakeV3/500 USDC.e>ARB@SushiV2 in=3.835 ARB gap=58.2bps profit=$0.001 net=$-0.008"}
{"level":30,"time":1790818425565,"pid":1079,"hostname":"vm","msg":"  ARB>WETH@UniswapV3/500 WETH>ARB@SushiV3/500 in=5.654 ARB gap=25.3bps profit=$0.001 net=$-0.010"}
{"level":30,"time":1790818425565,"pid":1079,"hostname":"vm","msg":"  ARB>USDC.e@PancakeV3/500 USDC.e>ARB@UniswapV3/3000 in=5.806 ARB gap=49.8bps profit=$0.001 net=$-0.010"}
{"level":30,"time":1790818426248,"pid":1079,"hostname":"vm","block":510516387,"gross":209,"net":0,"sumNetUsd":0,"gasPriceGwei":0.020022,"txCostUsd":0.0135,"syncMs":225,"searchMs":150,"msg":"block scanned"}
{"level":30,"time":1790818426248,"pid":1079,"hostname":"vm","msg":"  ARB>WETH@PancakeV3/500 WETH>ARB@SushiV3/500 in=6.796 ARB gap=31.7bps profit=$0.002 net=$-0.010"}
{"level":30,"time":1790818426248,"pid":1079,"hostname":"vm","msg":"  ARB>USDC@PancakeV3/100 USDC>ARB@UniswapV3/100 in=4.126 ARB gap=24.8bps profit=$0.001 net=$-0.010"}
{"level":30,"time":1790818426248,"pid":1079,"hostname":"vm","msg":"  ARB>USDC.e@PancakeV3/500 USDC.e>ARB@SushiV2 in=3.835 ARB gap=58.2bps profit=$0.001 net=$-0.008"}
{"level":30,"time":1790818426248,"pid":1079,"hostname":"vm","msg":"  ARB>WETH@UniswapV3/500 WETH>ARB@SushiV3/500 in=5.654 ARB gap=25.3bps profit=$0.001 net=$-0.010"}
{"level":30,"time":1790818426248,"pid":1079,"hostname":"vm","msg":"  ARB>USDC.e@PancakeV3/500 USDC.e>ARB@UniswapV3/3000 in=5.806 ARB gap=49.8bps profit=$0.001 net=$-0.010"}
{"level":30,"time":1790818426733,"pid":1079,"hostname":"vm","block":510516390,"gross":209,"net":0,"sumNetUsd":0,"gasPriceGwei":0.02,"txCostUsd":0.0134,"syncMs":141,"searchMs":136,"msg":"block scanned"}
{"level":30,"time":1790818426733,"pid":1079,"hostname":"vm","msg":"  ARB>WETH@PancakeV3/500 WETH>ARB@SushiV3/500 in=6.796 ARB gap=31.7bps profit=$0.002 net=$-0.010"}
{"level":30,"time":1790818426733,"pid":1079,"hostname":"vm","msg":"  ARB>USDC@PancakeV3/100 USDC>ARB@UniswapV3/100 in=4.126 ARB gap=24.8bps profit=$0.001 net=$-0.010"}
{"level":30,"time":1790818426733,"pid":1079,"hostname":"vm","msg":"  ARB>USDC.e@PancakeV3/500 USDC.e>ARB@SushiV2 in=3.835 ARB gap=58.2bps profit=$0.001 net=$-0.008"}
{"level":30,"time":1790818426733,"pid":1079,"hostname":"vm","msg":"  ARB>WETH@UniswapV3/500 WETH>ARB@SushiV3/500 in=5.654 ARB gap=25.3bps profit=$0.001 net=$-0.010"}
{"level":30,"time":1790818426733,"pid":1079,"hostname":"vm","msg":"  ARB>USDC.e@PancakeV3/500 USDC.e>ARB@UniswapV3/3000 in=5.806 ARB gap=49.8bps profit=$0.001 net=$-0.010"}
{"level":30,"time":1790818427333,"pid":1079,"hostname":"vm","block":510516391,"gross":209,"net":0,"sumNetUsd":0,"gasPriceGwei":0.020014,"txCostUsd":0.0135,"syncMs":176,"searchMs":115,"msg":"block scanned"}
{"level":30,"time":1790818427333,"pid":1079,"hostname":"vm","msg":"  ARB>WETH@PancakeV3/500 WETH>ARB@SushiV3/500 in=6.796 ARB gap=31.7bps profit=$0.002 net=$-0.010"}
{"level":30,"time":1790818427333,"pid":1079,"hostname":"vm","msg":"  ARB>USDC@PancakeV3/100 USDC>ARB@UniswapV3/100 in=4.126 ARB gap=24.8bps profit=$0.001 net=$-0.010"}
{"level":30,"time":1790818427333,"pid":1079,"hostname":"vm","msg":"  ARB>USDC.e@PancakeV3/500 USDC.e>ARB@SushiV2 in=3.835 ARB gap=58.2bps profit=$0.001 net=$-0.008"}
{"level":30,"time":1790818427333,"pid":1079,"hostname":"vm","msg":"  ARB>WETH@UniswapV3/500 WETH>ARB@SushiV3/500 in=5.654 ARB gap=25.3bps profit=$0.001 net=$-0.010"}
{"level":30,"time":1790818427333,"pid":1079,"hostname":"vm","msg":"  ARB>USDC.e@PancakeV3/500 USDC.e>ARB@UniswapV3/3000 in=5.806 ARB gap=49.8bps profit=$0.001 net=$-0.010"}
{"level":30,"time":1790818442289,"pid":1079,"hostname":"vm","block":510516393,"gross":209,"net":0,"sumNetUsd":0,"gasPriceGwei":0.020046,"txCostUsd":0.0135,"syncMs":14510,"searchMs":139,"msg":"block scanned"}
{"level":30,"time":1790818442289,"pid":1079,"hostname":"vm","msg":"  ARB>WETH@PancakeV3/500 WETH>ARB@SushiV3/500 in=6.796 ARB gap=31.7bps profit=$0.002 net=$-0.010"}
{"level":30,"time":1790818442289,"pid":1079,"hostname":"vm","msg":"  ARB>USDC@PancakeV3/100 USDC>ARB@UniswapV3/100 in=4.126 ARB gap=24.8bps profit=$0.001 net=$-0.010"}
{"level":30,"time":1790818442289,"pid":1079,"hostname":"vm","msg":"  ARB>USDC.e@PancakeV3/500 USDC.e>ARB@SushiV2 in=3.835 ARB gap=58.2bps profit=$0.001 net=$-0.008"}
{"level":30,"time":1790818442289,"pid":1079,"hostname":"vm","msg":"  ARB>WETH@UniswapV3/500 WETH>ARB@SushiV3/500 in=5.654 ARB gap=25.3bps profit=$0.001 net=$-0.010"}
{"level":30,"time":1790818442289,"pid":1079,"hostname":"vm","msg":"  ARB>USDC.e@PancakeV3/500 USDC.e>ARB@UniswapV3/3000 in=5.806 ARB gap=49.8bps profit=$0.001 net=$-0.010"}
{"level":30,"time":1790818442669,"pid":1079,"hostname":"vm","block":510516443,"gross":209,"net":0,"sumNetUsd":0,"gasPriceGwei":0.020046,"txCostUsd":0.0135,"syncMs":131,"searchMs":141,"msg":"block scanned"}
{"level":30,"time":1790818442670,"pid":1079,"hostname":"vm","msg":"  ARB>WETH@PancakeV3/500 WETH>ARB@SushiV3/500 in=6.796 ARB gap=31.7bps profit=$0.002 net=$-0.010"}
{"level":30,"time":1790818442670,"pid":1079,"hostname":"vm","msg":"  ARB>USDC@PancakeV3/100 USDC>ARB@UniswapV3/100 in=4.126 ARB gap=24.8bps profit=$0.001 net=$-0.010"}
{"level":30,"time":1790818442670,"pid":1079,"hostname":"vm","msg":"  ARB>USDC.e@PancakeV3/500 USDC.e>ARB@SushiV2 in=3.835 ARB gap=58.2bps profit=$0.001 net=$-0.008"}
{"level":30,"time":1790818442670,"pid":1079,"hostname":"vm","msg":"  ARB>WETH@UniswapV3/500 WETH>ARB@SushiV3/500 in=5.654 ARB gap=25.3bps profit=$0.001 net=$-0.010"}
{"level":30,"time":1790818442670,"pid":1079,"hostname":"vm","msg":"  ARB>USDC.e@PancakeV3/500 USDC.e>ARB@UniswapV3/3000 in=5.806 ARB gap=49.8bps profit=$0.001 net=$-0.010"}
{"level":30,"time":1790818443292,"pid":1079,"hostname":"vm","block":510516444,"gross":209,"net":0,"sumNetUsd":0,"gasPriceGwei":0.020036,"txCostUsd":0.0135,"syncMs":165,"searchMs":150,"msg":"block scanned"}
{"level":30,"time":1790818443292,"pid":1079,"hostname":"vm","msg":"  ARB>WETH@PancakeV3/500 WETH>ARB@SushiV3/500 in=6.796 ARB gap=31.7bps profit=$0.002 net=$-0.010"}
{"level":30,"time":1790818443292,"pid":1079,"hostname":"vm","msg":"  ARB>USDC@PancakeV3/100 USDC>ARB@UniswapV3/100 in=4.126 ARB gap=24.8bps profit=$0.001 net=$-0.010"}
{"level":30,"time":1790818443292,"pid":1079,"hostname":"vm","msg":"  ARB>USDC.e@PancakeV3/500 USDC.e>ARB@SushiV2 in=3.835 ARB gap=58.2bps profit=$0.001 net=$-0.008"}
{"level":30,"time":1790818443292,"pid":1079,"hostname":"vm","msg":"  ARB>WETH@UniswapV3/500 WETH>ARB@SushiV3/500 in=5.654 ARB gap=25.3bps profit=$0.001 net=$-0.010"}
{"level":30,"time":1790818443292,"pid":1079,"hostname":"vm","msg":"  ARB>USDC.e@PancakeV3/500 USDC.e>ARB@UniswapV3/3000 in=5.806 ARB gap=49.8bps profit=$0.001 net=$-0.010"}
{"level":30,"time":1790818443884,"pid":1079,"hostname":"vm","block":510516447,"gross":209,"net":0,"sumNetUsd":0,"gasPriceGwei":0.02,"txCostUsd":0.0134,"syncMs":169,"searchMs":121,"msg":"block scanned"}
{"level":30,"time":1790818443884,"pid":1079,"hostname":"vm","msg":"  ARB>WETH@PancakeV3/500 WETH>ARB@SushiV3/500 in=6.796 ARB gap=31.7bps profit=$0.002 net=$-0.010"}
{"level":30,"time":1790818443884,"pid":1079,"hostname":"vm","msg":"  ARB>USDC@PancakeV3/100 USDC>ARB@UniswapV3/100 in=4.126 ARB gap=24.8bps profit=$0.001 net=$-0.010"}
{"level":30,"time":1790818443884,"pid":1079,"hostname":"vm","msg":"  ARB>USDC.e@PancakeV3/500 USDC.e>ARB@SushiV2 in=3.835 ARB gap=58.2bps profit=$0.001 net=$-0.008"}
{"level":30,"time":1790818443884,"pid":1079,"hostname":"vm","msg":"  ARB>WETH@UniswapV3/500 WETH>ARB@SushiV3/500 in=5.654 ARB gap=25.3bps profit=$0.001 net=$-0.010"}
{"level":30,"time":1790818443884,"pid":1079,"hostname":"vm","msg":"  ARB>USDC.e@PancakeV3/500 USDC.e>ARB@UniswapV3/3000 in=5.806 ARB gap=49.8bps profit=$0.001 net=$-0.010"}
{"level":30,"time":1790818445065,"pid":1079,"hostname":"vm","block":510516448,"gross":209,"net":0,"sumNetUsd":0,"gasPriceGwei":0.02,"txCostUsd":0.0134,"syncMs":170,"searchMs":145,"msg":"block scanned"}
{"level":30,"time":1790818445065,"pid":1079,"hostname":"vm","msg":"  ARB>WETH@PancakeV3/500 WETH>ARB@SushiV3/500 in=6.796 ARB gap=31.7bps profit=$0.002 net=$-0.010"}
{"level":30,"time":1790818445065,"pid":1079,"hostname":"vm","msg":"  ARB>USDC@PancakeV3/100 USDC>ARB@UniswapV3/100 in=4.126 ARB gap=24.8bps profit=$0.001 net=$-0.010"}
{"level":30,"time":1790818445065,"pid":1079,"hostname":"vm","msg":"  ARB>USDC.e@PancakeV3/500 USDC.e>ARB@SushiV2 in=3.835 ARB gap=58.2bps profit=$0.001 net=$-0.008"}
{"level":30,"time":1790818445065,"pid":1079,"hostname":"vm","msg":"  ARB>WETH@UniswapV3/500 WETH>ARB@SushiV3/500 in=5.654 ARB gap=25.3bps profit=$0.001 net=$-0.010"}
{"level":30,"time":1790818445065,"pid":1079,"hostname":"vm","msg":"  ARB>USDC.e@PancakeV3/500 USDC.e>ARB@UniswapV3/3000 in=5.806 ARB gap=49.8bps profit=$0.001 net=$-0.010"}
{"level":30,"time":1790818445702,"pid":1079,"hostname":"vm","block":510516451,"gross":207,"net":0,"sumNetUsd":0,"gasPriceGwei":0.02001,"txCostUsd":0.0134,"syncMs":177,"searchMs":146,"msg":"block scanned"}
{"level":30,"time":1790818445702,"pid":1079,"hostname":"vm","msg":"  ARB>WETH@PancakeV3/500 WETH>ARB@SushiV3/500 in=6.796 ARB gap=31.7bps profit=$0.002 net=$-0.010"}
{"level":30,"time":1790818445702,"pid":1079,"hostname":"vm","msg":"  ARB>USDC@PancakeV3/100 USDC>ARB@UniswapV3/100 in=4.126 ARB gap=24.8bps profit=$0.001 net=$-0.010"}
{"level":30,"time":1790818445702,"pid":1079,"hostname":"vm","msg":"  ARB>USDC.e@PancakeV3/500 USDC.e>ARB@SushiV2 in=3.835 ARB gap=58.2bps profit=$0.001 net=$-0.008"}
{"level":30,"time":1790818445702,"pid":1079,"hostname":"vm","msg":"  ARB>WETH@UniswapV3/500 WETH>ARB@SushiV3/500 in=5.654 ARB gap=25.3bps profit=$0.001 net=$-0.010"}
{"level":30,"time":1790818445702,"pid":1079,"hostname":"vm","msg":"  ARB>USDC.e@PancakeV3/500 USDC.e>ARB@UniswapV3/3000 in=5.806 ARB gap=49.8bps profit=$0.001 net=$-0.010"}
{"level":30,"time":1790818446289,"pid":1079,"hostname":"vm","block":510516452,"gross":207,"net":0,"sumNetUsd":0,"gasPriceGwei":0.020006,"txCostUsd":0.0134,"syncMs":139,"searchMs":143,"msg":"block scanned"}
{"level":30,"time":1790818446289,"pid":1079,"hostname":"vm","msg":"  ARB>WETH@PancakeV3/500 WETH>ARB@SushiV3/500 in=6.796 ARB gap=31.7bps profit=$0.002 net=$-0.010"}
{"level":30,"time":1790818446289,"pid":1079,"hostname":"vm","msg":"  ARB>USDC@PancakeV3/100 USDC>ARB@UniswapV3/100 in=4.126 ARB gap=24.8bps profit=$0.001 net=$-0.010"}
{"level":30,"time":1790818446289,"pid":1079,"hostname":"vm","msg":"  ARB>USDC.e@PancakeV3/500 USDC.e>ARB@SushiV2 in=3.835 ARB gap=58.2bps profit=$0.001 net=$-0.008"}
{"level":30,"time":1790818446289,"pid":1079,"hostname":"vm","msg":"  ARB>WETH@UniswapV3/500 WETH>ARB@SushiV3/500 in=5.654 ARB gap=25.3bps profit=$0.001 net=$-0.010"}
{"level":30,"time":1790818446289,"pid":1079,"hostname":"vm","msg":"  ARB>USDC.e@PancakeV3/500 USDC.e>ARB@UniswapV3/3000 in=5.806 ARB gap=49.8bps profit=$0.001 net=$-0.010"}
{"level":30,"time":1790818446926,"pid":1079,"hostname":"vm","block":510516454,"gross":207,"net":0,"sumNetUsd":0,"gasPriceGwei":0.02001,"txCostUsd":0.0134,"syncMs":179,"searchMs":145,"msg":"block scanned"}
{"level":30,"time":1790818446926,"pid":1079,"hostname":"vm","msg":"  ARB>WETH@PancakeV3/500 WETH>ARB@SushiV3/500 in=6.796 ARB gap=31.7bps profit=$0.002 net=$-0.010"}
{"level":30,"time":1790818446926,"pid":1079,"hostname":"vm","msg":"  ARB>USDC@PancakeV3/100 USDC>ARB@UniswapV3/100 in=4.126 ARB gap=24.8bps profit=$0.001 net=$-0.010"}
{"level":30,"time":1790818446926,"pid":1079,"hostname":"vm","msg":"  ARB>USDC.e@PancakeV3/500 USDC.e>ARB@SushiV2 in=3.835 ARB gap=58.2bps profit=$0.001 net=$-0.008"}
{"level":30,"time":1790818446926,"pid":1079,"hostname":"vm","msg":"  ARB>WETH@UniswapV3/500 WETH>ARB@SushiV3/500 in=5.654 ARB gap=25.3bps profit=$0.001 net=$-0.010"}
{"level":30,"time":1790818446926,"pid":1079,"hostname":"vm","msg":"  ARB>USDC.e@PancakeV3/500 USDC.e>ARB@UniswapV3/3000 in=5.806 ARB gap=49.8bps profit=$0.001 net=$-0.010"}
{"level":30,"time":1790818447525,"pid":1079,"hostname":"vm","block":510516455,"gross":207,"net":0,"sumNetUsd":0,"gasPriceGwei":0.02,"txCostUsd":0.0134,"syncMs":147,"searchMs":149,"msg":"block scanned"}
{"level":30,"time":1790818447525,"pid":1079,"hostname":"vm","msg":"  ARB>WETH@PancakeV3/500 WETH>ARB@SushiV3/500 in=6.796 ARB gap=31.7bps profit=$0.002 net=$-0.010"}
{"level":30,"time":1790818447525,"pid":1079,"hostname":"vm","msg":"  ARB>USDC@PancakeV3/100 USDC>ARB@UniswapV3/100 in=4.126 ARB gap=24.8bps profit=$0.001 net=$-0.010"}
{"level":30,"time":1790818447525,"pid":1079,"hostname":"vm","msg":"  ARB>USDC.e@PancakeV3/500 USDC.e>ARB@SushiV2 in=3.835 ARB gap=58.2bps profit=$0.001 net=$-0.008"}
{"level":30,"time":1790818447525,"pid":1079,"hostname":"vm","msg":"  ARB>WETH@UniswapV3/500 WETH>ARB@SushiV3/500 in=5.654 ARB gap=25.3bps profit=$0.001 net=$-0.010"}
{"level":30,"time":1790818447525,"pid":1079,"hostname":"vm","msg":"  ARB>USDC.e@PancakeV3/500 USDC.e>ARB@UniswapV3/3000 in=5.806 ARB gap=49.8bps profit=$0.001 net=$-0.010"}
{"level":30,"time":1790818448147,"pid":1079,"hostname":"vm","block":510516458,"gross":208,"net":0,"sumNetUsd":0,"gasPriceGwei":0.020052,"txCostUsd":0.0135,"syncMs":169,"searchMs":144,"msg":"block scanned"}
{"level":30,"time":1790818448147,"pid":1079,"hostname":"vm","msg":"  ARB>WETH@PancakeV3/500 WETH>ARB@SushiV3/500 in=6.796 ARB gap=31.7bps profit=$0.002 net=$-0.010"}
{"level":30,"time":1790818448147,"pid":1079,"hostname":"vm","msg":"  ARB>USDC@PancakeV3/100 USDC>ARB@UniswapV3/100 in=4.126 ARB gap=24.8bps profit=$0.001 net=$-0.010"}
{"level":30,"time":1790818448147,"pid":1079,"hostname":"vm","msg":"  ARB>USDC.e@PancakeV3/500 USDC.e>ARB@SushiV2 in=3.835 ARB gap=58.2bps profit=$0.001 net=$-0.008"}
{"level":30,"time":1790818448147,"pid":1079,"hostname":"vm","msg":"  ARB>WETH@UniswapV3/500 WETH>ARB@SushiV3/500 in=5.654 ARB gap=25.3bps profit=$0.001 net=$-0.010"}
{"level":30,"time":1790818448147,"pid":1079,"hostname":"vm","msg":"  ARB>USDC.e@PancakeV3/500 USDC.e>ARB@UniswapV3/3000 in=5.806 ARB gap=49.8bps profit=$0.001 net=$-0.010"}
{"level":30,"time":1790818448753,"pid":1079,"hostname":"vm","block":510516460,"gross":208,"net":0,"sumNetUsd":0,"gasPriceGwei":0.02,"txCostUsd":0.0134,"syncMs":148,"searchMs":150,"msg":"block scanned"}
{"level":30,"time":1790818448753,"pid":1079,"hostname":"vm","msg":"  ARB>WETH@PancakeV3/500 WETH>ARB@SushiV3/500 in=6.796 ARB gap=31.7bps profit=$0.002 net=$-0.010"}
{"level":30,"time":1790818448753,"pid":1079,"hostname":"vm","msg":"  ARB>USDC@PancakeV3/100 USDC>ARB@UniswapV3/100 in=4.126 ARB gap=24.8bps profit=$0.001 net=$-0.010"}
{"level":30,"time":1790818448753,"pid":1079,"hostname":"vm","msg":"  ARB>USDC.e@PancakeV3/500 USDC.e>ARB@SushiV2 in=3.835 ARB gap=58.2bps profit=$0.001 net=$-0.008"}
{"level":30,"time":1790818448753,"pid":1079,"hostname":"vm","msg":"  ARB>WETH@UniswapV3/500 WETH>ARB@SushiV3/500 in=5.654 ARB gap=25.3bps profit=$0.001 net=$-0.010"}
{"level":30,"time":1790818448753,"pid":1079,"hostname":"vm","msg":"  ARB>USDC.e@PancakeV3/500 USDC.e>ARB@UniswapV3/3000 in=5.806 ARB gap=49.8bps profit=$0.001 net=$-0.010"}
{"level":30,"time":1790818449401,"pid":1079,"hostname":"vm","block":510516462,"gross":208,"net":0,"sumNetUsd":0,"gasPriceGwei":0.020098,"txCostUsd":0.0135,"syncMs":189,"searchMs":150,"msg":"block scanned"}
{"level":30,"time":1790818449401,"pid":1079,"hostname":"vm","msg":"  ARB>WETH@PancakeV3/500 WETH>ARB@SushiV3/500 in=6.796 ARB gap=31.7bps profit=$0.002 net=$-0.010"}
{"level":30,"time":1790818449401,"pid":1079,"hostname":"vm","msg":"  ARB>USDC@PancakeV3/100 USDC>ARB@UniswapV3/100 in=4.126 ARB gap=24.8bps profit=$0.001 net=$-0.010"}
{"level":30,"time":1790818449401,"pid":1079,"hostname":"vm","msg":"  ARB>USDC.e@PancakeV3/500 USDC.e>ARB@SushiV2 in=3.835 ARB gap=58.2bps profit=$0.001 net=$-0.008"}
{"level":30,"time":1790818449401,"pid":1079,"hostname":"vm","msg":"  ARB>WETH@UniswapV3/500 WETH>ARB@SushiV3/500 in=5.654 ARB gap=25.3bps profit=$0.001 net=$-0.010"}
{"level":30,"time":1790818449401,"pid":1079,"hostname":"vm","msg":"  ARB>USDC.e@PancakeV3/500 USDC.e>ARB@UniswapV3/3000 in=5.806 ARB gap=49.8bps profit=$0.001 net=$-0.010"}
{"level":30,"time":1790818450032,"pid":1079,"hostname":"vm","block":510516464,"gross":208,"net":0,"sumNetUsd":0,"gasPriceGwei":0.02,"txCostUsd":0.0134,"syncMs":155,"searchMs":157,"msg":"block scanned"}
{"level":30,"time":1790818450032,"pid":1079,"hostname":"vm","msg":"  ARB>WETH@PancakeV3/500 WETH>ARB@SushiV3/500 in=6.796 ARB gap=31.7bps profit=$0.002 net=$-0.010"}
{"level":30,"time":1790818450032,"pid":1079,"hostname":"vm","msg":"  ARB>USDC@PancakeV3/100 USDC>ARB@UniswapV3/100 in=4.126 ARB gap=24.8bps profit=$0.001 net=$-0.010"}
{"level":30,"time":1790818450032,"pid":1079,"hostname":"vm","msg":"  ARB>USDC.e@PancakeV3/500 USDC.e>ARB@SushiV2 in=3.835 ARB gap=58.2bps profit=$0.001 net=$-0.008"}
{"level":30,"time":1790818450032,"pid":1079,"hostname":"vm","msg":"  ARB>WETH@UniswapV3/500 WETH>ARB@SushiV3/500 in=5.654 ARB gap=25.3bps profit=$0.001 net=$-0.010"}
{"level":30,"time":1790818450032,"pid":1079,"hostname":"vm","msg":"  ARB>USDC.e@PancakeV3/500 USDC.e>ARB@UniswapV3/3000 in=5.806 ARB gap=49.8bps profit=$0.001 net=$-0.010"}
{"level":30,"time":1790818450635,"pid":1079,"hostname":"vm","block":510516466,"gross":208,"net":0,"sumNetUsd":0,"gasPriceGwei":0.02001,"txCostUsd":0.0134,"syncMs":167,"searchMs":131,"msg":"block scanned"}
{"level":30,"time":1790818450635,"pid":1079,"hostname":"vm","msg":"  ARB>WETH@PancakeV3/500 WETH>ARB@SushiV3/500 in=6.796 ARB gap=31.7bps profit=$0.002 net=$-0.010"}
{"level":30,"time":1790818450635,"pid":1079,"hostname":"vm","msg":"  ARB>USDC@PancakeV3/100 USDC>ARB@UniswapV3/100 in=4.126 ARB gap=24.8bps profit=$0.001 net=$-0.010"}
{"level":30,"time":1790818450635,"pid":1079,"hostname":"vm","msg":"  ARB>USDC.e@PancakeV3/500 USDC.e>ARB@SushiV2 in=3.835 ARB gap=58.2bps profit=$0.001 net=$-0.008"}
{"level":30,"time":1790818450635,"pid":1079,"hostname":"vm","msg":"  ARB>WETH@UniswapV3/500 WETH>ARB@SushiV3/500 in=5.654 ARB gap=25.3bps profit=$0.001 net=$-0.010"}
{"level":30,"time":1790818450635,"pid":1079,"hostname":"vm","msg":"  ARB>USDC.e@PancakeV3/500 USDC.e>ARB@UniswapV3/3000 in=5.806 ARB gap=49.8bps profit=$0.001 net=$-0.010"}
{"level":30,"time":1790818451273,"pid":1079,"hostname":"vm","block":510516468,"gross":205,"net":0,"sumNetUsd":0,"gasPriceGwei":0.020108,"txCostUsd":0.0135,"syncMs":179,"searchMs":144,"msg":"block scanned"}
{"level":30,"time":1790818451273,"pid":1079,"hostname":"vm","msg":"  ARB>WETH@PancakeV3/500 WETH>ARB@SushiV3/500 in=6.796 ARB gap=31.7bps profit=$0.002 net=$-0.010"}
{"level":30,"time":1790818451273,"pid":1079,"hostname":"vm","msg":"  ARB>USDC@PancakeV3/100 USDC>ARB@UniswapV3/100 in=4.126 ARB gap=24.8bps profit=$0.001 net=$-0.010"}
{"level":30,"time":1790818451273,"pid":1079,"hostname":"vm","msg":"  ARB>USDC.e@PancakeV3/500 USDC.e>ARB@SushiV2 in=3.835 ARB gap=58.2bps profit=$0.001 net=$-0.008"}
{"level":30,"time":1790818451273,"pid":1079,"hostname":"vm","msg":"  ARB>WETH@UniswapV3/500 WETH>ARB@SushiV3/500 in=5.654 ARB gap=25.3bps profit=$0.001 net=$-0.010"}
{"level":30,"time":1790818451273,"pid":1079,"hostname":"vm","msg":"  ARB>USDC.e@PancakeV3/500 USDC.e>ARB@UniswapV3/3000 in=5.806 ARB gap=49.8bps profit=$0.001 net=$-0.010"}
{"level":30,"time":1790818473927,"pid":1079,"hostname":"vm","block":510516470,"gross":205,"net":0,"sumNetUsd":0,"gasPriceGwei":0.02,"txCostUsd":0.0134,"syncMs":22198,"searchMs":140,"msg":"block scanned"}
{"level":30,"time":1790818473927,"pid":1079,"hostname":"vm","msg":"  ARB>WETH@PancakeV3/500 WETH>ARB@SushiV3/500 in=6.796 ARB gap=31.7bps profit=$0.002 net=$-0.010"}
{"level":30,"time":1790818473927,"pid":1079,"hostname":"vm","msg":"  ARB>USDC@PancakeV3/100 USDC>ARB@UniswapV3/100 in=4.126 ARB gap=24.8bps profit=$0.001 net=$-0.010"}
{"level":30,"time":1790818473927,"pid":1079,"hostname":"vm","msg":"  ARB>USDC.e@PancakeV3/500 USDC.e>ARB@SushiV2 in=3.835 ARB gap=58.2bps profit=$0.001 net=$-0.008"}
{"level":30,"time":1790818473927,"pid":1079,"hostname":"vm","msg":"  ARB>WETH@UniswapV3/500 WETH>ARB@SushiV3/500 in=5.654 ARB gap=25.3bps profit=$0.001 net=$-0.010"}
{"level":30,"time":1790818473927,"pid":1079,"hostname":"vm","msg":"  ARB>USDC.e@PancakeV3/500 USDC.e>ARB@UniswapV3/3000 in=5.806 ARB gap=49.8bps profit=$0.001 net=$-0.010"}
{"level":30,"time":1790818474284,"pid":1079,"hostname":"vm","block":510516536,"gross":204,"net":0,"sumNetUsd":0,"gasPriceGwei":0.020006,"txCostUsd":0.0134,"syncMs":118,"searchMs":136,"msg":"block scanned"}
{"level":30,"time":1790818474284,"pid":1079,"hostname":"vm","msg":"  ARB>WETH@PancakeV3/500 WETH>ARB@SushiV3/500 in=6.796 ARB gap=31.7bps profit=$0.002 net=$-0.010"}
{"level":30,"time":1790818474284,"pid":1079,"hostname":"vm","msg":"  ARB>USDC@PancakeV3/100 USDC>ARB@UniswapV3/100 in=4.126 ARB gap=24.8bps profit=$0.001 net=$-0.010"}
{"level":30,"time":1790818474284,"pid":1079,"hostname":"vm","msg":"  ARB>USDC.e@PancakeV3/500 USDC.e>ARB@SushiV2 in=3.835 ARB gap=58.2bps profit=$0.001 net=$-0.008"}
{"level":30,"time":1790818474284,"pid":1079,"hostname":"vm","msg":"  ARB>USDC.e@PancakeV3/500 USDC.e>ARB@UniswapV3/3000 in=5.806 ARB gap=49.8bps profit=$0.001 net=$-0.010"}
{"level":30,"time":1790818474284,"pid":1079,"hostname":"vm","msg":"  SUSHI>WETH@SushiV2 WETH>SUSHI@UniswapV3/3000 in=5.092 SUSHI gap=74.9bps profit=$0.001 net=$-0.008"}
{"level":30,"time":1790818474884,"pid":1079,"hostname":"vm","block":510516538,"gross":204,"net":0,"sumNetUsd":0,"gasPriceGwei":0.02,"txCostUsd":0.0134,"syncMs":148,"searchMs":140,"msg":"block scanned"}
{"level":30,"time":1790818474884,"pid":1079,"hostname":"vm","msg":"  ARB>WETH@PancakeV3/500 WETH>ARB@SushiV3/500 in=6.796 ARB gap=31.7bps profit=$0.002 net=$-0.010"}
{"level":30,"time":1790818474884,"pid":1079,"hostname":"vm","msg":"  ARB>USDC@PancakeV3/100 USDC>ARB@UniswapV3/100 in=4.126 ARB gap=24.8bps profit=$0.001 net=$-0.010"}
{"level":30,"time":1790818474884,"pid":1079,"hostname":"vm","msg":"  ARB>USDC.e@PancakeV3/500 USDC.e>ARB@SushiV2 in=3.835 ARB gap=58.2bps profit=$0.001 net=$-0.008"}
{"level":30,"time":1790818474884,"pid":1079,"hostname":"vm","msg":"  ARB>USDC.e@PancakeV3/500 USDC.e>ARB@UniswapV3/3000 in=5.806 ARB gap=49.8bps profit=$0.001 net=$-0.010"}
{"level":30,"time":1790818474884,"pid":1079,"hostname":"vm","msg":"  SUSHI>WETH@SushiV2 WETH>SUSHI@UniswapV3/3000 in=5.092 SUSHI gap=74.9bps profit=$0.001 net=$-0.008"}
{"level":30,"time":1790818475509,"pid":1079,"hostname":"vm","block":510516540,"gross":204,"net":0,"sumNetUsd":0,"gasPriceGwei":0.02002,"txCostUsd":0.0135,"syncMs":179,"searchMs":135,"msg":"block scanned"}
{"level":30,"time":1790818475509,"pid":1079,"hostname":"vm","msg":"  ARB>WETH@PancakeV3/500 WETH>ARB@SushiV3/500 in=6.796 ARB gap=31.7bps profit=$0.002 net=$-0.010"}
{"level":30,"time":1790818475509,"pid":1079,"hostname":"vm","msg":"  ARB>USDC@PancakeV3/100 USDC>ARB@UniswapV3/100 in=4.126 ARB gap=24.8bps profit=$0.001 net=$-0.010"}
{"level":30,"time":1790818475509,"pid":1079,"hostname":"vm","msg":"  ARB>USDC.e@PancakeV3/500 USDC.e>ARB@SushiV2 in=3.835 ARB gap=58.2bps profit=$0.001 net=$-0.008"}
{"level":30,"time":1790818475509,"pid":1079,"hostname":"vm","msg":"  ARB>USDC.e@PancakeV3/500 USDC.e>ARB@UniswapV3/3000 in=5.806 ARB gap=49.8bps profit=$0.001 net=$-0.010"}
{"level":30,"time":1790818475509,"pid":1079,"hostname":"vm","msg":"  SUSHI>WETH@SushiV2 WETH>SUSHI@UniswapV3/3000 in=5.092 SUSHI gap=74.9bps profit=$0.001 net=$-0.008"}
{"level":30,"time":1790818476145,"pid":1079,"hostname":"vm","block":510516542,"gross":204,"net":0,"sumNetUsd":0,"gasPriceGwei":0.02,"txCostUsd":0.0134,"syncMs":153,"searchMs":153,"msg":"block scanned"}
{"level":30,"time":1790818476145,"pid":1079,"hostname":"vm","msg":"  ARB>WETH@PancakeV3/500 WETH>ARB@SushiV3/500 in=6.796 ARB gap=31.7bps profit=$0.002 net=$-0.010"}
{"level":30,"time":1790818476145,"pid":1079,"hostname":"vm","msg":"  ARB>USDC@PancakeV3/100 USDC>ARB@UniswapV3/100 in=4.126 ARB gap=24.8bps profit=$0.001 net=$-0.010"}
{"level":30,"time":1790818476145,"pid":1079,"hostname":"vm","msg":"  ARB>USDC.e@PancakeV3/500 USDC.e>ARB@SushiV2 in=3.835 ARB gap=58.2bps profit=$0.001 net=$-0.008"}
{"level":30,"time":1790818476145,"pid":1079,"hostname":"vm","msg":"  ARB>USDC.e@PancakeV3/500 USDC.e>ARB@UniswapV3/3000 in=5.806 ARB gap=49.8bps profit=$0.001 net=$-0.010"}
{"level":30,"time":1790818476145,"pid":1079,"hostname":"vm","msg":"  SUSHI>WETH@SushiV2 WETH>SUSHI@UniswapV3/3000 in=5.092 SUSHI gap=74.9bps profit=$0.001 net=$-0.008"}
{"level":30,"time":1790818476781,"pid":1079,"hostname":"vm","block":510516544,"gross":204,"net":0,"sumNetUsd":0,"gasPriceGwei":0.02,"txCostUsd":0.0134,"syncMs":172,"searchMs":153,"msg":"block scanned"}
{"level":30,"time":1790818476781,"pid":1079,"hostname":"vm","msg":"  ARB>WETH@PancakeV3/500 WETH>ARB@SushiV3/500 in=6.796 ARB gap=31.7bps profit=$0.002 net=$-0.010"}
{"level":30,"time":1790818476781,"pid":1079,"hostname":"vm","msg":"  ARB>USDC@PancakeV3/100 USDC>ARB@UniswapV3/100 in=4.126 ARB gap=24.8bps profit=$0.001 net=$-0.010"}
{"level":30,"time":1790818476781,"pid":1079,"hostname":"vm","msg":"  ARB>USDC.e@PancakeV3/500 USDC.e>ARB@SushiV2 in=3.835 ARB gap=58.2bps profit=$0.001 net=$-0.008"}
{"level":30,"time":1790818476781,"pid":1079,"hostname":"vm","msg":"  ARB>USDC.e@PancakeV3/500 USDC.e>ARB@UniswapV3/3000 in=5.806 ARB gap=49.8bps profit=$0.001 net=$-0.010"}
{"level":30,"time":1790818476781,"pid":1079,"hostname":"vm","msg":"  SUSHI>WETH@SushiV2 WETH>SUSHI@UniswapV3/3000 in=5.092 SUSHI gap=74.9bps profit=$0.001 net=$-0.008"}
{"level":30,"time":1790818477422,"pid":1079,"hostname":"vm","block":510516546,"gross":204,"net":0,"sumNetUsd":0,"gasPriceGwei":0.02002,"txCostUsd":0.0135,"syncMs":164,"searchMs":168,"msg":"block scanned"}
{"level":30,"time":1790818477422,"pid":1079,"hostname":"vm","msg":"  ARB>WETH@PancakeV3/500 WETH>ARB@SushiV3/500 in=6.796 ARB gap=31.7bps profit=$0.002 net=$-0.010"}
{"level":30,"time":1790818477422,"pid":1079,"hostname":"vm","msg":"  ARB>USDC@PancakeV3/100 USDC>ARB@UniswapV3/100 in=4.126 ARB gap=24.8bps profit=$0.001 net=$-0.010"}
{"level":30,"time":1790818477422,"pid":1079,"hostname":"vm","msg":"  ARB>USDC.e@PancakeV3/500 USDC.e>ARB@SushiV2 in=3.835 ARB gap=58.2bps profit=$0.001 net=$-0.008"}
{"level":30,"time":1790818477422,"pid":1079,"hostname":"vm","msg":"  ARB>USDC.e@PancakeV3/500 USDC.e>ARB@UniswapV3/3000 in=5.806 ARB gap=49.8bps profit=$0.001 net=$-0.010"}
{"level":30,"time":1790818477422,"pid":1079,"hostname":"vm","msg":"  SUSHI>WETH@SushiV2 WETH>SUSHI@UniswapV3/3000 in=5.092 SUSHI gap=74.9bps profit=$0.001 net=$-0.008"}
{"level":30,"time":1790818478003,"pid":1079,"hostname":"vm","block":510516549,"gross":204,"net":0,"sumNetUsd":0,"gasPriceGwei":0.02001,"txCostUsd":0.0134,"syncMs":139,"searchMs":133,"msg":"block scanned"}
{"level":30,"time":1790818478003,"pid":1079,"hostname":"vm","msg":"  ARB>WETH@PancakeV3/500 WETH>ARB@SushiV3/500 in=6.796 ARB gap=31.7bps profit=$0.002 net=$-0.010"}
{"level":30,"time":1790818478003,"pid":1079,"hostname":"vm","msg":"  ARB>USDC@PancakeV3/100 USDC>ARB@UniswapV3/100 in=4.126 ARB gap=24.8bps profit=$0.001 net=$-0.010"}
{"level":30,"time":1790818478003,"pid":1079,"hostname":"vm","msg":"  ARB>USDC.e@PancakeV3/500 USDC.e>ARB@SushiV2 in=3.835 ARB gap=58.2bps profit=$0.001 net=$-0.008"}
{"level":30,"time":1790818478003,"pid":1079,"hostname":"vm","msg":"  ARB>USDC.e@PancakeV3/500 USDC.e>ARB@UniswapV3/3000 in=5.806 ARB gap=49.8bps profit=$0.001 net=$-0.010"}
{"level":30,"time":1790818478003,"pid":1079,"hostname":"vm","msg":"  SUSHI>WETH@SushiV2 WETH>SUSHI@UniswapV3/3000 in=5.092 SUSHI gap=74.9bps profit=$0.001 net=$-0.008"}
{"level":30,"time":1790818478625,"pid":1079,"hostname":"vm","block":510516551,"gross":204,"net":0,"sumNetUsd":0,"gasPriceGwei":0.020034,"txCostUsd":0.0135,"syncMs":162,"searchMs":150,"msg":"block scanned"}
{"level":30,"time":1790818478625,"pid":1079,"hostname":"vm","msg":"  ARB>WETH@PancakeV3/500 WETH>ARB@SushiV3/500 in=6.796 ARB gap=31.7bps profit=$0.002 net=$-0.010"}
{"level":30,"time":1790818478625,"pid":1079,"hostname":"vm","msg":"  ARB>USDC@PancakeV3/100 USDC>ARB@UniswapV3/100 in=4.126 ARB gap=24.8bps profit=$0.001 net=$-0.010"}
{"level":30,"time":1790818478625,"pid":1079,"hostname":"vm","msg":"  ARB>USDC.e@PancakeV3/500 USDC.e>ARB@SushiV2 in=3.835 ARB gap=58.2bps profit=$0.001 net=$-0.008"}
{"level":30,"time":1790818478625,"pid":1079,"hostname":"vm","msg":"  ARB>USDC.e@PancakeV3/500 USDC.e>ARB@UniswapV3/3000 in=5.806 ARB gap=49.8bps profit=$0.001 net=$-0.010"}
{"level":30,"time":1790818478625,"pid":1079,"hostname":"vm","msg":"  SUSHI>WETH@SushiV2 WETH>SUSHI@UniswapV3/3000 in=5.092 SUSHI gap=74.9bps profit=$0.001 net=$-0.008"}
{"level":30,"time":1790818479241,"pid":1079,"hostname":"vm","block":510516552,"gross":204,"net":0,"sumNetUsd":0,"gasPriceGwei":0.02,"txCostUsd":0.0134,"syncMs":153,"searchMs":141,"msg":"block scanned"}
{"level":30,"time":1790818479241,"pid":1079,"hostname":"vm","msg":"  ARB>WETH@PancakeV3/500 WETH>ARB@SushiV3/500 in=6.796 ARB gap=31.7bps profit=$0.002 net=$-0.010"}
{"level":30,"time":1790818479241,"pid":1079,"hostname":"vm","msg":"  ARB>USDC@PancakeV3/100 USDC>ARB@UniswapV3/100 in=4.126 ARB gap=24.8bps profit=$0.001 net=$-0.010"}
{"level":30,"time":1790818479241,"pid":1079,"hostname":"vm","msg":"  ARB>USDC.e@PancakeV3/500 USDC.e>ARB@SushiV2 in=3.835 ARB gap=58.2bps profit=$0.001 net=$-0.008"}
{"level":30,"time":1790818479241,"pid":1079,"hostname":"vm","msg":"  ARB>USDC.e@PancakeV3/500 USDC.e>ARB@UniswapV3/3000 in=5.806 ARB gap=49.8bps profit=$0.001 net=$-0.010"}
{"level":30,"time":1790818479241,"pid":1079,"hostname":"vm","msg":"  SUSHI>WETH@SushiV2 WETH>SUSHI@UniswapV3/3000 in=5.092 SUSHI gap=74.9bps profit=$0.001 net=$-0.008"}
{"level":30,"time":1790818479878,"pid":1079,"hostname":"vm","block":510516554,"gross":204,"net":0,"sumNetUsd":0,"gasPriceGwei":0.020014,"txCostUsd":0.0135,"syncMs":184,"searchMs":145,"msg":"block scanned"}
{"level":30,"time":1790818479878,"pid":1079,"hostname":"vm","msg":"  ARB>WETH@PancakeV3/500 WETH>ARB@SushiV3/500 in=6.796 ARB gap=31.7bps profit=$0.002 net=$-0.010"}
{"level":30,"time":1790818479878,"pid":1079,"hostname":"vm","msg":"  ARB>USDC@PancakeV3/100 USDC>ARB@UniswapV3/100 in=4.126 ARB gap=24.8bps profit=$0.001 net=$-0.010"}
{"level":30,"time":1790818479878,"pid":1079,"hostname":"vm","msg":"  ARB>USDC.e@PancakeV3/500 USDC.e>ARB@SushiV2 in=3.835 ARB gap=58.2bps profit=$0.001 net=$-0.008"}
{"level":30,"time":1790818479878,"pid":1079,"hostname":"vm","msg":"  ARB>USDC.e@PancakeV3/500 USDC.e>ARB@UniswapV3/3000 in=5.806 ARB gap=49.8bps profit=$0.001 net=$-0.010"}
{"level":30,"time":1790818479878,"pid":1079,"hostname":"vm","msg":"  SUSHI>WETH@SushiV2 WETH>SUSHI@UniswapV3/3000 in=5.092 SUSHI gap=74.9bps profit=$0.001 net=$-0.008"}
{"level":30,"time":1790818480511,"pid":1079,"hostname":"vm","block":510516557,"gross":204,"net":0,"sumNetUsd":0,"gasPriceGwei":0.020034,"txCostUsd":0.0135,"syncMs":170,"searchMs":150,"msg":"block scanned"}
{"level":30,"time":1790818480511,"pid":1079,"hostname":"vm","msg":"  ARB>WETH@PancakeV3/500 WETH>ARB@SushiV3/500 in=6.796 ARB gap=31.7bps profit=$0.002 net=$-0.010"}
{"level":30,"time":1790818480511,"pid":1079,"hostname":"vm","msg":"  ARB>USDC@PancakeV3/100 USDC>ARB@UniswapV3/100 in=4.126 ARB gap=24.8bps profit=$0.001 net=$-0.010"}
{"level":30,"time":1790818480511,"pid":1079,"hostname":"vm","msg":"  ARB>USDC.e@PancakeV3/500 USDC.e>ARB@SushiV2 in=3.835 ARB gap=58.2bps profit=$0.001 net=$-0.008"}
{"level":30,"time":1790818480511,"pid":1079,"hostname":"vm","msg":"  ARB>USDC.e@PancakeV3/500 USDC.e>ARB@UniswapV3/3000 in=5.806 ARB gap=49.8bps profit=$0.001 net=$-0.010"}
{"level":30,"time":1790818480511,"pid":1079,"hostname":"vm","msg":"  SUSHI>WETH@SushiV2 WETH>SUSHI@UniswapV3/3000 in=5.092 SUSHI gap=74.9bps profit=$0.001 net=$-0.008"}
{"level":30,"time":1790818481111,"pid":1079,"hostname":"vm","block":510516559,"gross":204,"net":0,"sumNetUsd":0,"gasPriceGwei":0.020016,"txCostUsd":0.0135,"syncMs":154,"searchMs":139,"msg":"block scanned"}
{"level":30,"time":1790818481111,"pid":1079,"hostname":"vm","msg":"  ARB>WETH@PancakeV3/500 WETH>ARB@SushiV3/500 in=6.796 ARB gap=31.7bps profit=$0.002 net=$-0.010"}
{"level":30,"time":1790818481111,"pid":1079,"hostname":"vm","msg":"  ARB>USDC@PancakeV3/100 USDC>ARB@UniswapV3/100 in=4.126 ARB gap=24.8bps profit=$0.001 net=$-0.010"}
{"level":30,"time":1790818481111,"pid":1079,"hostname":"vm","msg":"  ARB>USDC.e@PancakeV3/500 USDC.e>ARB@SushiV2 in=3.835 ARB gap=58.2bps profit=$0.001 net=$-0.008"}
{"level":30,"time":1790818481111,"pid":1079,"hostname":"vm","msg":"  ARB>USDC.e@PancakeV3/500 USDC.e>ARB@UniswapV3/3000 in=5.806 ARB gap=49.8bps profit=$0.001 net=$-0.010"}
{"level":30,"time":1790818481111,"pid":1079,"hostname":"vm","msg":"  SUSHI>WETH@SushiV2 WETH>SUSHI@UniswapV3/3000 in=5.092 SUSHI gap=74.9bps profit=$0.001 net=$-0.008"}
{"level":30,"time":1790818481751,"pid":1079,"hostname":"vm","block":510516562,"gross":204,"net":0,"sumNetUsd":0,"gasPriceGwei":0.02,"txCostUsd":0.0134,"syncMs":178,"searchMs":149,"msg":"block scanned"}
{"level":30,"time":1790818481751,"pid":1079,"hostname":"vm","msg":"  ARB>WETH@PancakeV3/500 WETH>ARB@SushiV3/500 in=6.796 ARB gap=31.7bps profit=$0.002 net=$-0.010"}
{"level":30,"time":1790818481751,"pid":1079,"hostname":"vm","msg":"  ARB>USDC@PancakeV3/100 USDC>ARB@UniswapV3/100 in=4.126 ARB gap=24.8bps profit=$0.001 net=$-0.010"}
{"level":30,"time":1790818481751,"pid":1079,"hostname":"vm","msg":"  ARB>USDC.e@PancakeV3/500 USDC.e>ARB@SushiV2 in=3.835 ARB gap=58.2bps profit=$0.001 net=$-0.008"}
{"level":30,"time":1790818481751,"pid":1079,"hostname":"vm","msg":"  ARB>USDC.e@PancakeV3/500 USDC.e>ARB@UniswapV3/3000 in=5.806 ARB gap=49.8bps profit=$0.001 net=$-0.010"}
{"level":30,"time":1790818481751,"pid":1079,"hostname":"vm","msg":"  SUSHI>WETH@SushiV2 WETH>SUSHI@UniswapV3/3000 in=5.092 SUSHI gap=74.9bps profit=$0.001 net=$-0.008"}
{"level":30,"time":1790818482350,"pid":1079,"hostname":"vm","block":510516564,"gross":204,"net":0,"sumNetUsd":0,"gasPriceGwei":0.020004,"txCostUsd":0.0134,"syncMs":136,"searchMs":150,"msg":"block scanned"}
{"level":30,"time":1790818482350,"pid":1079,"hostname":"vm","msg":"  ARB>WETH@PancakeV3/500 WETH>ARB@SushiV3/500 in=6.796 ARB gap=31.7bps profit=$0.002 net=$-0.010"}
{"level":30,"time":1790818482350,"pid":1079,"hostname":"vm","msg":"  ARB>USDC@PancakeV3/100 USDC>ARB@UniswapV3/100 in=4.126 ARB gap=24.8bps profit=$0.001 net=$-0.010"}
{"level":30,"time":1790818482350,"pid":1079,"hostname":"vm","msg":"  ARB>USDC.e@PancakeV3/500 USDC.e>ARB@SushiV2 in=3.835 ARB gap=58.2bps profit=$0.001 net=$-0.008"}
{"level":30,"time":1790818482350,"pid":1079,"hostname":"vm","msg":"  ARB>USDC.e@PancakeV3/500 USDC.e>ARB@UniswapV3/3000 in=5.806 ARB gap=49.8bps profit=$0.001 net=$-0.010"}
{"level":30,"time":1790818482350,"pid":1079,"hostname":"vm","msg":"  SUSHI>WETH@SushiV2 WETH>SUSHI@UniswapV3/3000 in=5.092 SUSHI gap=74.9bps profit=$0.001 net=$-0.008"}
{"level":30,"time":1790818558512,"pid":1079,"hostname":"vm","block":510516566,"gross":204,"net":0,"sumNetUsd":0,"gasPriceGwei":0.020072,"txCostUsd":0.0135,"syncMs":75712,"searchMs":145,"msg":"block scanned"}
{"level":30,"time":1790818558512,"pid":1079,"hostname":"vm","msg":"  ARB>WETH@PancakeV3/500 WETH>ARB@SushiV3/500 in=6.796 ARB gap=31.7bps profit=$0.002 net=$-0.010"}
{"level":30,"time":1790818558512,"pid":1079,"hostname":"vm","msg":"  ARB>USDC@PancakeV3/100 USDC>ARB@UniswapV3/100 in=4.126 ARB gap=24.8bps profit=$0.001 net=$-0.010"}
{"level":30,"time":1790818558512,"pid":1079,"hostname":"vm","msg":"  ARB>USDC.e@PancakeV3/500 USDC.e>ARB@SushiV2 in=3.835 ARB gap=58.2bps profit=$0.001 net=$-0.008"}
{"level":30,"time":1790818558512,"pid":1079,"hostname":"vm","msg":"  ARB>USDC.e@PancakeV3/500 USDC.e>ARB@UniswapV3/3000 in=5.806 ARB gap=49.8bps profit=$0.001 net=$-0.010"}
{"level":30,"time":1790818558512,"pid":1079,"hostname":"vm","msg":"  SUSHI>WETH@SushiV2 WETH>SUSHI@UniswapV3/3000 in=5.092 SUSHI gap=74.9bps profit=$0.001 net=$-0.008"}
{"level":30,"time":1790818558886,"pid":1079,"hostname":"vm","block":510516836,"gross":182,"net":0,"sumNetUsd":0,"gasPriceGwei":0.02,"txCostUsd":0.0134,"syncMs":153,"searchMs":109,"msg":"block scanned"}
{"level":30,"time":1790818558886,"pid":1079,"hostname":"vm","msg":"  ARB>USDC.e@PancakeV3/500 USDC.e>ARB@UniswapV3/500 in=20.29 ARB gap=20.7bps profit=$0.002 net=$-0.009"}
{"level":30,"time":1790818558886,"pid":1079,"hostname":"vm","msg":"  ARB>WETH@PancakeV3/500 WETH>ARB@SushiV3/500 in=6.796 ARB gap=31.7bps profit=$0.002 net=$-0.010"}
{"level":30,"time":1790818558886,"pid":1079,"hostname":"vm","msg":"  ARB>USDC@PancakeV3/100 USDC>ARB@UniswapV3/500 in=5.907 ARB gap=27.3bps profit=$0.001 net=$-0.010"}
{"level":30,"time":1790818558886,"pid":1079,"hostname":"vm","msg":"  ARB>USDC@PancakeV3/100 USDC>ARB@PancakeV3/500 in=5.797 ARB gap=26.4bps profit=$0.001 net=$-0.010"}
{"level":30,"time":1790818558886,"pid":1079,"hostname":"vm","msg":"  ARB>USDC@PancakeV3/100 USDC>ARB@UniswapV3/100 in=4.126 ARB gap=24.8bps profit=$0.001 net=$-0.010"}
{"level":30,"time":1790818559467,"pid":1079,"hostname":"vm","block":510516838,"gross":182,"net":0,"sumNetUsd":0,"gasPriceGwei":0.02009,"txCostUsd":0.0135,"syncMs":168,"searchMs":106,"msg":"block scanned"}
{"level":30,"time":1790818559468,"pid":1079,"hostname":"vm","msg":"  ARB>USDC.e@PancakeV3/500 USDC.e>ARB@UniswapV3/500 in=20.29 ARB gap=20.7bps profit=$0.002 net=$-0.009"}
{"level":30,"time":1790818559468,"pid":1079,"hostname":"vm","msg":"  ARB>WETH@PancakeV3/500 WETH>ARB@SushiV3/500 in=6.796 ARB gap=31.7bps profit=$0.002 net=$-0.010"}
{"level":30,"time":1790818559468,"pid":1079,"hostname":"vm","msg":"  ARB>USDC@PancakeV3/100 USDC>ARB@UniswapV3/500 in=5.907 ARB gap=27.3bps profit=$0.001 net=$-0.010"}
{"level":30,"time":1790818559468,"pid":1079,"hostname":"vm","msg":"  ARB>USDC@PancakeV3/100 USDC>ARB@PancakeV3/500 in=5.797 ARB gap=26.4bps profit=$0.001 net=$-0.010"}
{"level":30,"time":1790818559468,"pid":1079,"hostname":"vm","msg":"  ARB>USDC@PancakeV3/100 USDC>ARB@UniswapV3/100 in=4.126 ARB gap=24.8bps profit=$0.001 net=$-0.010"}
{"level":30,"time":1790818560056,"pid":1079,"hostname":"vm","block":510516839,"gross":182,"net":0,"sumNetUsd":0,"gasPriceGwei":0.02,"txCostUsd":0.0134,"syncMs":162,"searchMs":116,"msg":"block scanned"}
{"level":30,"time":1790818560056,"pid":1079,"hostname":"vm","msg":"  ARB>USDC.e@PancakeV3/500 USDC.e>ARB@UniswapV3/500 in=20.29 ARB gap=20.7bps profit=$0.002 net=$-0.009"}
{"level":30,"time":1790818560056,"pid":1079,"hostname":"vm","msg":"  ARB>WETH@PancakeV3/500 WETH>ARB@SushiV3/500 in=6.796 ARB gap=31.7bps profit=$0.002 net=$-0.010"}
{"level":30,"time":1790818560056,"pid":1079,"hostname":"vm","msg":"  ARB>USDC@PancakeV3/100 USDC>ARB@UniswapV3/500 in=5.907 ARB gap=27.3bps profit=$0.001 net=$-0.010"}
{"level":30,"time":1790818560056,"pid":1079,"hostname":"vm","msg":"  ARB>USDC@PancakeV3/100 USDC>ARB@PancakeV3/500 in=5.797 ARB gap=26.4bps profit=$0.001 net=$-0.010"}
{"level":30,"time":1790818560056,"pid":1079,"hostname":"vm","msg":"  ARB>USDC@PancakeV3/100 USDC>ARB@UniswapV3/100 in=4.126 ARB gap=24.8bps profit=$0.001 net=$-0.010"}
{"level":30,"time":1790818560671,"pid":1079,"hostname":"vm","block":510516841,"gross":182,"net":0,"sumNetUsd":0,"gasPriceGwei":0.020052,"txCostUsd":0.0135,"syncMs":180,"searchMs":131,"msg":"block scanned"}
{"level":30,"time":1790818560671,"pid":1079,"hostname":"vm","msg":"  ARB>USDC.e@PancakeV3/500 USDC.e>ARB@UniswapV3/500 in=20.29 ARB gap=20.7bps profit=$0.002 net=$-0.009"}
{"level":30,"time":1790818560671,"pid":1079,"hostname":"vm","msg":"  ARB>WETH@PancakeV3/500 WETH>ARB@SushiV3/500 in=6.796 ARB gap=31.7bps profit=$0.002 net=$-0.010"}
{"level":30,"time":1790818560671,"pid":1079,"hostname":"vm","msg":"  ARB>USDC@PancakeV3/100 USDC>ARB@UniswapV3/500 in=5.907 ARB gap=27.3bps profit=$0.001 net=$-0.010"}
{"level":30,"time":1790818560671,"pid":1079,"hostname":"vm","msg":"  ARB>USDC@PancakeV3/100 USDC>ARB@PancakeV3/500 in=5.797 ARB gap=26.4bps profit=$0.001 net=$-0.010"}
{"level":30,"time":1790818560671,"pid":1079,"hostname":"vm","msg":"  ARB>USDC@PancakeV3/100 USDC>ARB@UniswapV3/100 in=4.126 ARB gap=24.8bps profit=$0.001 net=$-0.010"}
{"level":30,"time":1790818561281,"pid":1079,"hostname":"vm","block":510516843,"gross":182,"net":0,"sumNetUsd":0,"gasPriceGwei":0.020006,"txCostUsd":0.0134,"syncMs":175,"searchMs":130,"msg":"block scanned"}
{"level":30,"time":1790818561281,"pid":1079,"hostname":"vm","msg":"  ARB>USDC.e@PancakeV3/500 USDC.e>ARB@UniswapV3/500 in=20.29 ARB gap=20.7bps profit=$0.002 net=$-0.009"}
{"level":30,"time":1790818561281,"pid":1079,"hostname":"vm","msg":"  ARB>WETH@PancakeV3/500 WETH>ARB@SushiV3/500 in=6.796 ARB gap=31.7bps profit=$0.002 net=$-0.010"}
{"level":30,"time":1790818561281,"pid":1079,"hostname":"vm","msg":"  ARB>USDC@PancakeV3/100 USDC>ARB@UniswapV3/500 in=5.907 ARB gap=27.3bps profit=$0.001 net=$-0.010"}
{"level":30,"time":1790818561281,"pid":1079,"hostname":"vm","msg":"  ARB>USDC@PancakeV3/100 USDC>ARB@PancakeV3/500 in=5.797 ARB gap=26.4bps profit=$0.001 net=$-0.010"}
{"level":30,"time":1790818561281,"pid":1079,"hostname":"vm","msg":"  ARB>USDC@PancakeV3/100 USDC>ARB@UniswapV3/100 in=4.126 ARB gap=24.8bps profit=$0.001 net=$-0.010"}
{"level":30,"time":1790818561869,"pid":1079,"hostname":"vm","block":510516845,"gross":182,"net":0,"sumNetUsd":0,"gasPriceGwei":0.02,"txCostUsd":0.0134,"syncMs":154,"searchMs":124,"msg":"block scanned"}
{"level":30,"time":1790818561869,"pid":1079,"hostname":"vm","msg":"  ARB>USDC.e@PancakeV3/500 USDC.e>ARB@UniswapV3/500 in=20.29 ARB gap=20.7bps profit=$0.002 net=$-0.009"}
{"level":30,"time":1790818561869,"pid":1079,"hostname":"vm","msg":"  ARB>WETH@PancakeV3/500 WETH>ARB@SushiV3/500 in=6.796 ARB gap=31.7bps profit=$0.002 net=$-0.010"}
{"level":30,"time":1790818561869,"pid":1079,"hostname":"vm","msg":"  ARB>USDC@PancakeV3/100 USDC>ARB@UniswapV3/500 in=5.907 ARB gap=27.3bps profit=$0.001 net=$-0.010"}
{"level":30,"time":1790818561869,"pid":1079,"hostname":"vm","msg":"  ARB>USDC@PancakeV3/100 USDC>ARB@PancakeV3/500 in=5.797 ARB gap=26.4bps profit=$0.001 net=$-0.010"}
{"level":30,"time":1790818561869,"pid":1079,"hostname":"vm","msg":"  ARB>USDC@PancakeV3/100 USDC>ARB@UniswapV3/100 in=4.126 ARB gap=24.8bps profit=$0.001 net=$-0.010"}
{"level":30,"time":1790818562427,"pid":1079,"hostname":"vm","block":510516847,"gross":182,"net":0,"sumNetUsd":0,"gasPriceGwei":0.020078,"txCostUsd":0.0135,"syncMs":119,"searchMs":132,"msg":"block scanned"}
{"level":30,"time":1790818562427,"pid":1079,"hostname":"vm","msg":"  ARB>USDC.e@PancakeV3/500 USDC.e>ARB@UniswapV3/500 in=20.29 ARB gap=20.7bps profit=$0.002 net=$-0.009"}
{"level":30,"time":1790818562427,"pid":1079,"hostname":"vm","msg":"  ARB>WETH@PancakeV3/500 WETH>ARB@SushiV3/500 in=6.796 ARB gap=31.7bps profit=$0.002 net=$-0.010"}
{"level":30,"time":1790818562427,"pid":1079,"hostname":"vm","msg":"  ARB>USDC@PancakeV3/100 USDC>ARB@UniswapV3/500 in=5.907 ARB gap=27.3bps profit=$0.001 net=$-0.010"}
{"level":30,"time":1790818562427,"pid":1079,"hostname":"vm","msg":"  ARB>USDC@PancakeV3/100 USDC>ARB@PancakeV3/500 in=5.797 ARB gap=26.4bps profit=$0.001 net=$-0.010"}
{"level":30,"time":1790818562427,"pid":1079,"hostname":"vm","msg":"  ARB>USDC@PancakeV3/100 USDC>ARB@UniswapV3/100 in=4.126 ARB gap=24.8bps profit=$0.001 net=$-0.010"}
{"level":30,"time":1790818563002,"pid":1079,"hostname":"vm","block":510516850,"gross":182,"net":0,"sumNetUsd":0,"gasPriceGwei":0.020012,"txCostUsd":0.0134,"syncMs":141,"searchMs":109,"msg":"block scanned"}
{"level":30,"time":1790818563002,"pid":1079,"hostname":"vm","msg":"  ARB>USDC.e@PancakeV3/500 USDC.e>ARB@UniswapV3/500 in=20.29 ARB gap=20.7bps profit=$0.002 net=$-0.009"}
{"level":30,"time":1790818563002,"pid":1079,"hostname":"vm","msg":"  ARB>WETH@PancakeV3/500 WETH>ARB@SushiV3/500 in=6.796 ARB gap=31.7bps profit=$0.002 net=$-0.010"}
{"level":30,"time":1790818563002,"pid":1079,"hostname":"vm","msg":"  ARB>USDC@PancakeV3/100 USDC>ARB@UniswapV3/500 in=5.907 ARB gap=27.3bps profit=$0.001 net=$-0.010"}
{"level":30,"time":1790818563002,"pid":1079,"hostname":"vm","msg":"  ARB>USDC@PancakeV3/100 USDC>ARB@PancakeV3/500 in=5.797 ARB gap=26.4bps profit=$0.001 net=$-0.010"}
{"level":30,"time":1790818563002,"pid":1079,"hostname":"vm","msg":"  ARB>USDC@PancakeV3/100 USDC>ARB@UniswapV3/100 in=4.126 ARB gap=24.8bps profit=$0.001 net=$-0.010"}
{"level":30,"time":1790818563622,"pid":1079,"hostname":"vm","block":510516851,"gross":182,"net":0,"sumNetUsd":0,"gasPriceGwei":0.020034,"txCostUsd":0.0135,"syncMs":187,"searchMs":129,"msg":"block scanned"}
{"level":30,"time":1790818563622,"pid":1079,"hostname":"vm","msg":"  ARB>USDC.e@PancakeV3/500 USDC.e>ARB@UniswapV3/500 in=20.29 ARB gap=20.7bps profit=$0.002 net=$-0.009"}
{"level":30,"time":1790818563622,"pid":1079,"hostname":"vm","msg":"  ARB>WETH@PancakeV3/500 WETH>ARB@SushiV3/500 in=6.796 ARB gap=31.7bps profit=$0.002 net=$-0.010"}
{"level":30,"time":1790818563622,"pid":1079,"hostname":"vm","msg":"  ARB>USDC@PancakeV3/100 USDC>ARB@UniswapV3/500 in=5.907 ARB gap=27.3bps profit=$0.001 net=$-0.010"}
{"level":30,"time":1790818563622,"pid":1079,"hostname":"vm","msg":"  ARB>USDC@PancakeV3/100 USDC>ARB@PancakeV3/500 in=5.797 ARB gap=26.4bps profit=$0.001 net=$-0.010"}
{"level":30,"time":1790818563622,"pid":1079,"hostname":"vm","msg":"  ARB>USDC@PancakeV3/100 USDC>ARB@UniswapV3/100 in=4.126 ARB gap=24.8bps profit=$0.001 net=$-0.010"}
{"level":30,"time":1790818564205,"pid":1079,"hostname":"vm","block":510516853,"gross":182,"net":0,"sumNetUsd":0,"gasPriceGwei":0.02,"txCostUsd":0.0134,"syncMs":157,"searchMs":123,"msg":"block scanned"}
{"level":30,"time":1790818564205,"pid":1079,"hostname":"vm","msg":"  ARB>USDC.e@PancakeV3/500 USDC.e>ARB@UniswapV3/500 in=20.29 ARB gap=20.7bps profit=$0.002 net=$-0.009"}
{"level":30,"time":1790818564205,"pid":1079,"hostname":"vm","msg":"  ARB>WETH@PancakeV3/500 WETH>ARB@SushiV3/500 in=6.796 ARB gap=31.7bps profit=$0.002 net=$-0.010"}
{"level":30,"time":1790818564205,"pid":1079,"hostname":"vm","msg":"  ARB>USDC@PancakeV3/100 USDC>ARB@UniswapV3/500 in=5.907 ARB gap=27.3bps profit=$0.001 net=$-0.010"}
{"level":30,"time":1790818564205,"pid":1079,"hostname":"vm","msg":"  ARB>USDC@PancakeV3/100 USDC>ARB@PancakeV3/500 in=5.797 ARB gap=26.4bps profit=$0.001 net=$-0.010"}
{"level":30,"time":1790818564205,"pid":1079,"hostname":"vm","msg":"  ARB>USDC@PancakeV3/100 USDC>ARB@UniswapV3/100 in=4.126 ARB gap=24.8bps profit=$0.001 net=$-0.010"}
{"level":30,"time":1790818564771,"pid":1079,"hostname":"vm","block":510516855,"gross":182,"net":0,"sumNetUsd":0,"gasPriceGwei":0.02,"txCostUsd":0.0134,"syncMs":159,"searchMs":103,"msg":"block scanned"}
{"level":30,"time":1790818564771,"pid":1079,"hostname":"vm","msg":"  ARB>USDC.e@PancakeV3/500 USDC.e>ARB@UniswapV3/500 in=20.29 ARB gap=20.7bps profit=$0.002 net=$-0.009"}
{"level":30,"time":1790818564771,"pid":1079,"hostname":"vm","msg":"  ARB>WETH@PancakeV3/500 WETH>ARB@SushiV3/500 in=6.796 ARB gap=31.7bps profit=$0.002 net=$-0.010"}
{"level":30,"time":1790818564771,"pid":1079,"hostname":"vm","msg":"  ARB>USDC@PancakeV3/100 USDC>ARB@UniswapV3/500 in=5.907 ARB gap=27.3bps profit=$0.001 net=$-0.010"}
{"level":30,"time":1790818564771,"pid":1079,"hostname":"vm","msg":"  ARB>USDC@PancakeV3/100 USDC>ARB@PancakeV3/500 in=5.797 ARB gap=26.4bps profit=$0.001 net=$-0.010"}
{"level":30,"time":1790818564771,"pid":1079,"hostname":"vm","msg":"  ARB>USDC@PancakeV3/100 USDC>ARB@UniswapV3/100 in=4.126 ARB gap=24.8bps profit=$0.001 net=$-0.010"}
{"level":30,"time":1790818565352,"pid":1079,"hostname":"vm","block":510516857,"gross":186,"net":0,"sumNetUsd":0,"gasPriceGwei":0.020072,"txCostUsd":0.0135,"syncMs":154,"searchMs":119,"msg":"block scanned"}
{"level":30,"time":1790818565352,"pid":1079,"hostname":"vm","msg":"  ARB>USDC.e@PancakeV3/500 USDC.e>ARB@UniswapV3/500 in=20.29 ARB gap=20.7bps profit=$0.002 net=$-0.009"}
{"level":30,"time":1790818565352,"pid":1079,"hostname":"vm","msg":"  ARB>WETH@PancakeV3/500 WETH>ARB@SushiV3/500 in=6.796 ARB gap=31.7bps profit=$0.002 net=$-0.010"}
{"level":30,"time":1790818565352,"pid":1079,"hostname":"vm","msg":"  ARB>USDC@PancakeV3/100 USDC>ARB@UniswapV3/500 in=5.907 ARB gap=27.3bps profit=$0.001 net=$-0.010"}
{"level":30,"time":1790818565352,"pid":1079,"hostname":"vm","msg":"  ARB>USDC@PancakeV3/100 USDC>ARB@PancakeV3/500 in=5.797 ARB gap=26.4bps profit=$0.001 net=$-0.010"}
{"level":30,"time":1790818565352,"pid":1079,"hostname":"vm","msg":"  ARB>USDC@PancakeV3/100 USDC>ARB@UniswapV3/100 in=4.126 ARB gap=24.8bps profit=$0.001 net=$-0.010"}
{"level":30,"time":1790818565964,"pid":1079,"hostname":"vm","block":510516859,"gross":186,"net":0,"sumNetUsd":0,"gasPriceGwei":0.02,"txCostUsd":0.0134,"syncMs":181,"searchMs":127,"msg":"block scanned"}
{"level":30,"time":1790818565964,"pid":1079,"hostname":"vm","msg":"  ARB>USDC.e@PancakeV3/500 USDC.e>ARB@UniswapV3/500 in=20.29 ARB gap=20.7bps profit=$0.002 net=$-0.009"}
{"level":30,"time":1790818565964,"pid":1079,"hostname":"vm","msg":"  ARB>WETH@PancakeV3/500 WETH>ARB@SushiV3/500 in=6.796 ARB gap=31.7bps profit=$0.002 net=$-0.010"}
{"level":30,"time":1790818565964,"pid":1079,"hostname":"vm","msg":"  ARB>USDC@PancakeV3/100 USDC>ARB@UniswapV3/500 in=5.907 ARB gap=27.3bps profit=$0.001 net=$-0.010"}
{"level":30,"time":1790818565964,"pid":1079,"hostname":"vm","msg":"  ARB>USDC@PancakeV3/100 USDC>ARB@PancakeV3/500 in=5.797 ARB gap=26.4bps profit=$0.001 net=$-0.010"}
{"level":30,"time":1790818565964,"pid":1079,"hostname":"vm","msg":"  ARB>USDC@PancakeV3/100 USDC>ARB@UniswapV3/100 in=4.126 ARB gap=24.8bps profit=$0.001 net=$-0.010"}
{"level":30,"time":1790818566541,"pid":1079,"hostname":"vm","block":510516861,"gross":186,"net":0,"sumNetUsd":0,"gasPriceGwei":0.02,"txCostUsd":0.0134,"syncMs":153,"searchMs":122,"msg":"block scanned"}
{"level":30,"time":1790818566541,"pid":1079,"hostname":"vm","msg":"  ARB>USDC.e@PancakeV3/500 USDC.e>ARB@UniswapV3/500 in=20.29 ARB gap=20.7bps profit=$0.002 net=$-0.009"}
{"level":30,"time":1790818566541,"pid":1079,"hostname":"vm","msg":"  ARB>WETH@PancakeV3/500 WETH>ARB@SushiV3/500 in=6.796 ARB gap=31.7bps profit=$0.002 net=$-0.010"}
{"level":30,"time":1790818566541,"pid":1079,"hostname":"vm","msg":"  ARB>USDC@PancakeV3/100 USDC>ARB@UniswapV3/500 in=5.907 ARB gap=27.3bps profit=$0.001 net=$-0.010"}
{"level":30,"time":1790818566541,"pid":1079,"hostname":"vm","msg":"  ARB>USDC@PancakeV3/100 USDC>ARB@PancakeV3/500 in=5.797 ARB gap=26.4bps profit=$0.001 net=$-0.010"}
{"level":30,"time":1790818566541,"pid":1079,"hostname":"vm","msg":"  ARB>USDC@PancakeV3/100 USDC>ARB@UniswapV3/100 in=4.126 ARB gap=24.8bps profit=$0.001 net=$-0.010"}
{"level":30,"time":1790818580177,"pid":1079,"hostname":"vm","block":510516863,"gross":186,"net":0,"sumNetUsd":0,"gasPriceGwei":0.020014,"txCostUsd":0.0135,"syncMs":13198,"searchMs":131,"msg":"block scanned"}
{"level":30,"time":1790818580177,"pid":1079,"hostname":"vm","msg":"  ARB>USDC.e@PancakeV3/500 USDC.e>ARB@UniswapV3/500 in=20.29 ARB gap=20.7bps profit=$0.002 net=$-0.009"}
{"level":30,"time":1790818580177,"pid":1079,"hostname":"vm","msg":"  ARB>WETH@PancakeV3/500 WETH>ARB@SushiV3/500 in=6.796 ARB gap=31.7bps profit=$0.002 net=$-0.010"}
{"level":30,"time":1790818580177,"pid":1079,"hostname":"vm","msg":"  ARB>USDC@PancakeV3/100 USDC>ARB@UniswapV3/500 in=5.907 ARB gap=27.3bps profit=$0.001 net=$-0.010"}
{"level":30,"time":1790818580177,"pid":1079,"hostname":"vm","msg":"  ARB>USDC@PancakeV3/100 USDC>ARB@PancakeV3/500 in=5.797 ARB gap=26.4bps profit=$0.001 net=$-0.010"}
{"level":30,"time":1790818580177,"pid":1079,"hostname":"vm","msg":"  ARB>USDC@PancakeV3/100 USDC>ARB@UniswapV3/100 in=4.126 ARB gap=24.8bps profit=$0.001 net=$-0.010"}
{"level":30,"time":1790818580584,"pid":1079,"hostname":"vm","block":510516905,"gross":176,"net":0,"sumNetUsd":0,"gasPriceGwei":0.020014,"txCostUsd":0.0135,"syncMs":144,"searchMs":141,"msg":"block scanned"}
{"level":30,"time":1790818580584,"pid":1079,"hostname":"vm","msg":"  ARB>WETH@PancakeV3/500 WETH>ARB@SushiV3/500 in=6.796 ARB gap=31.7bps profit=$0.002 net=$-0.010"}
{"level":30,"time":1790818580584,"pid":1079,"hostname":"vm","msg":"  ARB>USDC@PancakeV3/100 USDC>ARB@UniswapV3/500 in=5.907 ARB gap=27.3bps profit=$0.001 net=$-0.010"}
{"level":30,"time":1790818580584,"pid":1079,"hostname":"vm","msg":"  ARB>USDC@PancakeV3/100 USDC>ARB@PancakeV3/500 in=5.797 ARB gap=26.4bps profit=$0.001 net=$-0.010"}
{"level":30,"time":1790818580584,"pid":1079,"hostname":"vm","msg":"  ARB>USDC@PancakeV3/100 USDC>ARB@UniswapV3/100 in=4.126 ARB gap=24.8bps profit=$0.001 net=$-0.010"}
{"level":30,"time":1790818580584,"pid":1079,"hostname":"vm","msg":"  ARB>WETH@PancakeV3/500 WETH>ARB@UniswapV3/500 in=13.00 ARB gap=16.3bps profit=$0.001 net=$-0.010"}
{"level":30,"time":1790818581179,"pid":1079,"hostname":"vm","block":510516906,"gross":176,"net":0,"sumNetUsd":0,"gasPriceGwei":0.02,"txCostUsd":0.0134,"syncMs":157,"searchMs":127,"msg":"block scanned"}
{"level":30,"time":1790818581180,"pid":1079,"hostname":"vm","msg":"  ARB>WETH@PancakeV3/500 WETH>ARB@SushiV3/500 in=6.796 ARB gap=31.7bps profit=$0.002 net=$-0.010"}
{"level":30,"time":1790818581180,"pid":1079,"hostname":"vm","msg":"  ARB>USDC@PancakeV3/100 USDC>ARB@UniswapV3/500 in=5.907 ARB gap=27.3bps profit=$0.001 net=$-0.010"}
{"level":30,"time":1790818581180,"pid":1079,"hostname":"vm","msg":"  ARB>USDC@PancakeV3/100 USDC>ARB@PancakeV3/500 in=5.797 ARB gap=26.4bps profit=$0.001 net=$-0.010"}
{"level":30,"time":1790818581180,"pid":1079,"hostname":"vm","msg":"  ARB>USDC@PancakeV3/100 USDC>ARB@UniswapV3/100 in=4.126 ARB gap=24.8bps profit=$0.001 net=$-0.010"}
{"level":30,"time":1790818581180,"pid":1079,"hostname":"vm","msg":"  ARB>WETH@PancakeV3/500 WETH>ARB@UniswapV3/500 in=13.00 ARB gap=16.3bps profit=$0.001 net=$-0.010"}
{"level":30,"time":1790818581791,"pid":1079,"hostname":"vm","block":510516908,"gross":176,"net":0,"sumNetUsd":0,"gasPriceGwei":0.02,"txCostUsd":0.0134,"syncMs":177,"searchMs":127,"msg":"block scanned"}
{"level":30,"time":1790818581791,"pid":1079,"hostname":"vm","msg":"  ARB>WETH@PancakeV3/500 WETH>ARB@SushiV3/500 in=6.796 ARB gap=31.7bps profit=$0.002 net=$-0.010"}
{"level":30,"time":1790818581791,"pid":1079,"hostname":"vm","msg":"  ARB>USDC@PancakeV3/100 USDC>ARB@UniswapV3/500 in=5.907 ARB gap=27.3bps profit=$0.001 net=$-0.010"}
{"level":30,"time":1790818581791,"pid":1079,"hostname":"vm","msg":"  ARB>USDC@PancakeV3/100 USDC>ARB@PancakeV3/500 in=5.797 ARB gap=26.4bps profit=$0.001 net=$-0.010"}
{"level":30,"time":1790818581791,"pid":1079,"hostname":"vm","msg":"  ARB>USDC@PancakeV3/100 USDC>ARB@UniswapV3/100 in=4.126 ARB gap=24.8bps profit=$0.001 net=$-0.010"}
{"level":30,"time":1790818581791,"pid":1079,"hostname":"vm","msg":"  ARB>WETH@PancakeV3/500 WETH>ARB@UniswapV3/500 in=13.00 ARB gap=16.3bps profit=$0.001 net=$-0.010"}
{"level":30,"time":1790818582390,"pid":1079,"hostname":"vm","block":510516909,"gross":176,"net":0,"sumNetUsd":0,"gasPriceGwei":0.020004,"txCostUsd":0.0134,"syncMs":161,"searchMs":133,"msg":"block scanned"}
{"level":30,"time":1790818582390,"pid":1079,"hostname":"vm","msg":"  ARB>WETH@PancakeV3/500 WETH>ARB@SushiV3/500 in=6.796 ARB gap=31.7bps profit=$0.002 net=$-0.010"}
{"level":30,"time":1790818582390,"pid":1079,"hostname":"vm","msg":"  ARB>USDC@PancakeV3/100 USDC>ARB@UniswapV3/500 in=5.907 ARB gap=27.3bps profit=$0.001 net=$-0.010"}
{"level":30,"time":1790818582390,"pid":1079,"hostname":"vm","msg":"  ARB>USDC@PancakeV3/100 USDC>ARB@PancakeV3/500 in=5.797 ARB gap=26.4bps profit=$0.001 net=$-0.010"}
{"level":30,"time":1790818582390,"pid":1079,"hostname":"vm","msg":"  ARB>USDC@PancakeV3/100 USDC>ARB@UniswapV3/100 in=4.126 ARB gap=24.8bps profit=$0.001 net=$-0.010"}
{"level":30,"time":1790818582390,"pid":1079,"hostname":"vm","msg":"  ARB>WETH@PancakeV3/500 WETH>ARB@UniswapV3/500 in=13.00 ARB gap=16.3bps profit=$0.001 net=$-0.010"}
{"level":30,"time":1790818582976,"pid":1079,"hostname":"vm","block":510516910,"gross":176,"net":0,"sumNetUsd":0,"gasPriceGwei":0.02,"txCostUsd":0.0134,"syncMs":180,"searchMs":108,"msg":"block scanned"}
{"level":30,"time":1790818582976,"pid":1079,"hostname":"vm","msg":"  ARB>WETH@PancakeV3/500 WETH>ARB@SushiV3/500 in=6.796 ARB gap=31.7bps profit=$0.002 net=$-0.010"}
{"level":30,"time":1790818582976,"pid":1079,"hostname":"vm","msg":"  ARB>USDC@PancakeV3/100 USDC>ARB@UniswapV3/500 in=5.907 ARB gap=27.3bps profit=$0.001 net=$-0.010"}
{"level":30,"time":1790818582976,"pid":1079,"hostname":"vm","msg":"  ARB>USDC@PancakeV3/100 USDC>ARB@PancakeV3/500 in=5.797 ARB gap=26.4bps profit=$0.001 net=$-0.010"}
{"level":30,"time":1790818582976,"pid":1079,"hostname":"vm","msg":"  ARB>USDC@PancakeV3/100 USDC>ARB@UniswapV3/100 in=4.126 ARB gap=24.8bps profit=$0.001 net=$-0.010"}
{"level":30,"time":1790818582976,"pid":1079,"hostname":"vm","msg":"  ARB>WETH@PancakeV3/500 WETH>ARB@UniswapV3/500 in=13.00 ARB gap=16.3bps profit=$0.001 net=$-0.010"}
{"level":30,"time":1790818583586,"pid":1079,"hostname":"vm","block":510516913,"gross":176,"net":0,"sumNetUsd":0,"gasPriceGwei":0.02,"txCostUsd":0.0134,"syncMs":165,"searchMs":131,"msg":"block scanned"}
{"level":30,"time":1790818583586,"pid":1079,"hostname":"vm","msg":"  ARB>WETH@PancakeV3/500 WETH>ARB@SushiV3/500 in=6.796 ARB gap=31.7bps profit=$0.002 net=$-0.010"}
{"level":30,"time":1790818583586,"pid":1079,"hostname":"vm","msg":"  ARB>USDC@PancakeV3/100 USDC>ARB@UniswapV3/500 in=5.907 ARB gap=27.3bps profit=$0.001 net=$-0.010"}
{"level":30,"time":1790818583586,"pid":1079,"hostname":"vm","msg":"  ARB>USDC@PancakeV3/100 USDC>ARB@PancakeV3/500 in=5.797 ARB gap=26.4bps profit=$0.001 net=$-0.010"}
{"level":30,"time":1790818583586,"pid":1079,"hostname":"vm","msg":"  ARB>USDC@PancakeV3/100 USDC>ARB@UniswapV3/100 in=4.126 ARB gap=24.8bps profit=$0.001 net=$-0.010"}
{"level":30,"time":1790818583586,"pid":1079,"hostname":"vm","msg":"  ARB>WETH@PancakeV3/500 WETH>ARB@UniswapV3/500 in=13.00 ARB gap=16.3bps profit=$0.001 net=$-0.010"}
{"level":30,"time":1790818584157,"pid":1079,"hostname":"vm","block":510516915,"gross":176,"net":0,"sumNetUsd":0,"gasPriceGwei":0.02002,"txCostUsd":0.0135,"syncMs":144,"searchMs":126,"msg":"block scanned"}
{"level":30,"time":1790818584157,"pid":1079,"hostname":"vm","msg":"  ARB>WETH@PancakeV3/500 WETH>ARB@SushiV3/500 in=6.796 ARB gap=31.7bps profit=$0.002 net=$-0.010"}
{"level":30,"time":1790818584157,"pid":1079,"hostname":"vm","msg":"  ARB>USDC@PancakeV3/100 USDC>ARB@UniswapV3/500 in=5.907 ARB gap=27.3bps profit=$0.001 net=$-0.010"}
{"level":30,"time":1790818584157,"pid":1079,"hostname":"vm","msg":"  ARB>USDC@PancakeV3/100 USDC>ARB@PancakeV3/500 in=5.797 ARB gap=26.4bps profit=$0.001 net=$-0.010"}
{"level":30,"time":1790818584157,"pid":1079,"hostname":"vm","msg":"  ARB>USDC@PancakeV3/100 USDC>ARB@UniswapV3/100 in=4.126 ARB gap=24.8bps profit=$0.001 net=$-0.010"}
{"level":30,"time":1790818584157,"pid":1079,"hostname":"vm","msg":"  ARB>WETH@PancakeV3/500 WETH>ARB@UniswapV3/500 in=13.00 ARB gap=16.3bps profit=$0.001 net=$-0.010"}
{"level":30,"time":1790818584765,"pid":1079,"hostname":"vm","block":510516917,"gross":172,"net":0,"sumNetUsd":0,"gasPriceGwei":0.020006,"txCostUsd":0.0134,"syncMs":165,"searchMs":129,"msg":"block scanned"}
{"level":30,"time":1790818584766,"pid":1079,"hostname":"vm","msg":"  ARB>WETH@PancakeV3/500 WETH>ARB@SushiV3/500 in=6.796 ARB gap=31.7bps profit=$0.002 net=$-0.010"}
{"level":30,"time":1790818584766,"pid":1079,"hostname":"vm","msg":"  ARB>USDC@PancakeV3/100 USDC>ARB@UniswapV3/500 in=5.907 ARB gap=27.3bps profit=$0.001 net=$-0.010"}
{"level":30,"time":1790818584766,"pid":1079,"hostname":"vm","msg":"  ARB>USDC@PancakeV3/100 USDC>ARB@PancakeV3/500 in=5.797 ARB gap=26.4bps profit=$0.001 net=$-0.010"}
{"level":30,"time":1790818584766,"pid":1079,"hostname":"vm","msg":"  ARB>USDC@PancakeV3/100 USDC>ARB@UniswapV3/100 in=4.126 ARB gap=24.8bps profit=$0.001 net=$-0.010"}
{"level":30,"time":1790818584766,"pid":1079,"hostname":"vm","msg":"  ARB>WETH@PancakeV3/500 WETH>ARB@UniswapV3/500 in=13.00 ARB gap=16.3bps profit=$0.001 net=$-0.010"}
{"level":30,"time":1790818585380,"pid":1079,"hostname":"vm","block":510516920,"gross":172,"net":0,"sumNetUsd":0,"gasPriceGwei":0.020558,"txCostUsd":0.0138,"syncMs":153,"searchMs":129,"msg":"block scanned"}
{"level":30,"time":1790818585380,"pid":1079,"hostname":"vm","msg":"  ARB>WETH@PancakeV3/500 WETH>ARB@SushiV3/500 in=6.796 ARB gap=31.7bps profit=$0.002 net=$-0.010"}
{"level":30,"time":1790818585380,"pid":1079,"hostname":"vm","msg":"  ARB>USDC@PancakeV3/100 USDC>ARB@UniswapV3/500 in=5.907 ARB gap=27.3bps profit=$0.001 net=$-0.010"}
{"level":30,"time":1790818585380,"pid":1079,"hostname":"vm","msg":"  ARB>USDC@PancakeV3/100 USDC>ARB@PancakeV3/500 in=5.797 ARB gap=26.4bps profit=$0.001 net=$-0.010"}
{"level":30,"time":1790818585380,"pid":1079,"hostname":"vm","msg":"  ARB>USDC@PancakeV3/100 USDC>ARB@UniswapV3/100 in=4.126 ARB gap=24.8bps profit=$0.001 net=$-0.010"}
{"level":30,"time":1790818585380,"pid":1079,"hostname":"vm","msg":"  ARB>WETH@PancakeV3/500 WETH>ARB@UniswapV3/500 in=13.00 ARB gap=16.3bps profit=$0.001 net=$-0.011"}
{"level":30,"time":1790818585980,"pid":1079,"hostname":"vm","block":510516922,"gross":172,"net":0,"sumNetUsd":0,"gasPriceGwei":0.020058,"txCostUsd":0.0135,"syncMs":167,"searchMs":126,"msg":"block scanned"}
{"level":30,"time":1790818585980,"pid":1079,"hostname":"vm","msg":"  ARB>WETH@PancakeV3/500 WETH>ARB@SushiV3/500 in=6.796 ARB gap=31.7bps profit=$0.002 net=$-0.010"}
{"level":30,"time":1790818585980,"pid":1079,"hostname":"vm","msg":"  ARB>USDC@PancakeV3/100 USDC>ARB@UniswapV3/500 in=5.907 ARB gap=27.3bps profit=$0.001 net=$-0.010"}
{"level":30,"time":1790818585980,"pid":1079,"hostname":"vm","msg":"  ARB>USDC@PancakeV3/100 USDC>ARB@PancakeV3/500 in=5.797 ARB gap=26.4bps profit=$0.001 net=$-0.010"}
{"level":30,"time":1790818585980,"pid":1079,"hostname":"vm","msg":"  ARB>USDC@PancakeV3/100 USDC>ARB@UniswapV3/100 in=4.126 ARB gap=24.8bps profit=$0.001 net=$-0.010"}
{"level":30,"time":1790818585980,"pid":1079,"hostname":"vm","msg":"  ARB>WETH@PancakeV3/500 WETH>ARB@UniswapV3/500 in=13.00 ARB gap=16.3bps profit=$0.001 net=$-0.010"}
{"level":30,"time":1790818586611,"pid":1079,"hostname":"vm","block":510516925,"gross":172,"net":0,"sumNetUsd":0,"gasPriceGwei":0.02,"txCostUsd":0.0134,"syncMs":194,"searchMs":132,"msg":"block scanned"}
{"level":30,"time":1790818586611,"pid":1079,"hostname":"vm","msg":"  ARB>WETH@PancakeV3/500 WETH>ARB@SushiV3/500 in=6.796 ARB gap=31.7bps profit=$0.002 net=$-0.010"}
{"level":30,"time":1790818586611,"pid":1079,"hostname":"vm","msg":"  ARB>USDC@PancakeV3/100 USDC>ARB@UniswapV3/500 in=5.907 ARB gap=27.3bps profit=$0.001 net=$-0.010"}
{"level":30,"time":1790818586611,"pid":1079,"hostname":"vm","msg":"  ARB>USDC@PancakeV3/100 USDC>ARB@PancakeV3/500 in=5.797 ARB gap=26.4bps profit=$0.001 net=$-0.010"}
{"level":30,"time":1790818586611,"pid":1079,"hostname":"vm","msg":"  ARB>USDC@PancakeV3/100 USDC>ARB@UniswapV3/100 in=4.126 ARB gap=24.8bps profit=$0.001 net=$-0.010"}
{"level":30,"time":1790818586611,"pid":1079,"hostname":"vm","msg":"  ARB>WETH@PancakeV3/500 WETH>ARB@UniswapV3/500 in=13.00 ARB gap=16.3bps profit=$0.001 net=$-0.010"}
{"level":30,"time":1790818587202,"pid":1079,"hostname":"vm","block":510516927,"gross":172,"net":0,"sumNetUsd":0,"gasPriceGwei":0.020048,"txCostUsd":0.0135,"syncMs":163,"searchMs":125,"msg":"block scanned"}
{"level":30,"time":1790818587202,"pid":1079,"hostname":"vm","msg":"  ARB>WETH@PancakeV3/500 WETH>ARB@SushiV3/500 in=6.796 ARB gap=31.7bps profit=$0.002 net=$-0.010"}
{"level":30,"time":1790818587202,"pid":1079,"hostname":"vm","msg":"  ARB>USDC@PancakeV3/100 USDC>ARB@UniswapV3/500 in=5.907 ARB gap=27.3bps profit=$0.001 net=$-0.010"}
{"level":30,"time":1790818587202,"pid":1079,"hostname":"vm","msg":"  ARB>USDC@PancakeV3/100 USDC>ARB@PancakeV3/500 in=5.797 ARB gap=26.4bps profit=$0.001 net=$-0.010"}
{"level":30,"time":1790818587202,"pid":1079,"hostname":"vm","msg":"  ARB>USDC@PancakeV3/100 USDC>ARB@UniswapV3/100 in=4.126 ARB gap=24.8bps profit=$0.001 net=$-0.010"}
{"level":30,"time":1790818587202,"pid":1079,"hostname":"vm","msg":"  ARB>WETH@PancakeV3/500 WETH>ARB@UniswapV3/500 in=13.00 ARB gap=16.3bps profit=$0.001 net=$-0.010"}
{"level":30,"time":1790818587805,"pid":1079,"hostname":"vm","block":510516929,"gross":172,"net":0,"sumNetUsd":0,"gasPriceGwei":0.02,"txCostUsd":0.0134,"syncMs":172,"searchMs":125,"msg":"block scanned"}
{"level":30,"time":1790818587805,"pid":1079,"hostname":"vm","msg":"  ARB>WETH@PancakeV3/500 WETH>ARB@SushiV3/500 in=6.796 ARB gap=31.7bps profit=$0.002 net=$-0.010"}
{"level":30,"time":1790818587805,"pid":1079,"hostname":"vm","msg":"  ARB>USDC@PancakeV3/100 USDC>ARB@UniswapV3/500 in=5.907 ARB gap=27.3bps profit=$0.001 net=$-0.010"}
{"level":30,"time":1790818587805,"pid":1079,"hostname":"vm","msg":"  ARB>USDC@PancakeV3/100 USDC>ARB@PancakeV3/500 in=5.797 ARB gap=26.4bps profit=$0.001 net=$-0.010"}
{"level":30,"time":1790818587805,"pid":1079,"hostname":"vm","msg":"  ARB>USDC@PancakeV3/100 USDC>ARB@UniswapV3/100 in=4.126 ARB gap=24.8bps profit=$0.001 net=$-0.010"}
{"level":30,"time":1790818587805,"pid":1079,"hostname":"vm","msg":"  ARB>WETH@PancakeV3/500 WETH>ARB@UniswapV3/500 in=13.00 ARB gap=16.3bps profit=$0.001 net=$-0.010"}
{"level":30,"time":1790818588374,"pid":1079,"hostname":"vm","block":510516931,"gross":172,"net":0,"sumNetUsd":0,"gasPriceGwei":0.020058,"txCostUsd":0.0135,"syncMs":138,"searchMs":123,"msg":"block scanned"}
{"level":30,"time":1790818588374,"pid":1079,"hostname":"vm","msg":"  ARB>WETH@PancakeV3/500 WETH>ARB@SushiV3/500 in=6.796 ARB gap=31.7bps profit=$0.002 net=$-0.010"}
{"level":30,"time":1790818588374,"pid":1079,"hostname":"vm","msg":"  ARB>USDC@PancakeV3/100 USDC>ARB@UniswapV3/500 in=5.907 ARB gap=27.3bps profit=$0.001 net=$-0.010"}
{"level":30,"time":1790818588374,"pid":1079,"hostname":"vm","msg":"  ARB>USDC@PancakeV3/100 USDC>ARB@PancakeV3/500 in=5.797 ARB gap=26.4bps profit=$0.001 net=$-0.010"}
{"level":30,"time":1790818588374,"pid":1079,"hostname":"vm","msg":"  ARB>USDC@PancakeV3/100 USDC>ARB@UniswapV3/100 in=4.126 ARB gap=24.8bps profit=$0.001 net=$-0.010"}
{"level":30,"time":1790818588374,"pid":1079,"hostname":"vm","msg":"  ARB>WETH@PancakeV3/500 WETH>ARB@UniswapV3/500 in=13.00 ARB gap=16.3bps profit=$0.001 net=$-0.010"}
{"level":30,"time":1790818611428,"pid":1079,"hostname":"vm","block":510516933,"gross":172,"net":0,"sumNetUsd":0,"gasPriceGwei":0.020006,"txCostUsd":0.0134,"syncMs":22611,"searchMs":127,"msg":"block scanned"}
{"level":30,"time":1790818611428,"pid":1079,"hostname":"vm","msg":"  ARB>WETH@PancakeV3/500 WETH>ARB@SushiV3/500 in=6.796 ARB gap=31.7bps profit=$0.002 net=$-0.010"}
{"level":30,"time":1790818611428,"pid":1079,"hostname":"vm","msg":"  ARB>USDC@PancakeV3/100 USDC>ARB@UniswapV3/500 in=5.907 ARB gap=27.3bps profit=$0.001 net=$-0.010"}
{"level":30,"time":1790818611428,"pid":1079,"hostname":"vm","msg":"  ARB>USDC@PancakeV3/100 USDC>ARB@PancakeV3/500 in=5.797 ARB gap=26.4bps profit=$0.001 net=$-0.010"}
{"level":30,"time":1790818611428,"pid":1079,"hostname":"vm","msg":"  ARB>USDC@PancakeV3/100 USDC>ARB@UniswapV3/100 in=4.126 ARB gap=24.8bps profit=$0.001 net=$-0.010"}
{"level":30,"time":1790818611428,"pid":1079,"hostname":"vm","msg":"  ARB>WETH@PancakeV3/500 WETH>ARB@UniswapV3/500 in=13.00 ARB gap=16.3bps profit=$0.001 net=$-0.010"}
{"level":30,"time":1790818611780,"pid":1079,"hostname":"vm","block":510517008,"gross":186,"net":0,"sumNetUsd":0,"gasPriceGwei":0.02,"txCostUsd":0.0134,"syncMs":146,"searchMs":103,"msg":"block scanned"}
{"level":30,"time":1790818611780,"pid":1079,"hostname":"vm","msg":"  CHIP>USDC@UniswapV3/3000 USDC>CHIP@UniswapV3/100 in=87.51 CHIP gap=33.1bps profit=$0.000 net=$-0.011"}
{"level":30,"time":1790818611780,"pid":1079,"hostname":"vm","msg":"  ARB>WETH@PancakeV3/500 WETH>ARB@SushiV3/500 in=6.796 ARB gap=31.7bps profit=$0.002 net=$-0.010"}
{"level":30,"time":1790818611780,"pid":1079,"hostname":"vm","msg":"  ARB>USDC@PancakeV3/100 USDC>ARB@UniswapV3/500 in=5.907 ARB gap=27.3bps profit=$0.001 net=$-0.010"}
{"level":30,"time":1790818611780,"pid":1079,"hostname":"vm","msg":"  ARB>USDC@PancakeV3/100 USDC>ARB@PancakeV3/500 in=5.797 ARB gap=26.4bps profit=$0.001 net=$-0.010"}
{"level":30,"time":1790818611780,"pid":1079,"hostname":"vm","msg":"  ARB>USDC@PancakeV3/100 USDC>ARB@UniswapV3/100 in=4.126 ARB gap=24.8bps profit=$0.001 net=$-0.010"}
{"level":30,"time":1790818612426,"pid":1079,"hostname":"vm","block":510517010,"gross":186,"net":0,"sumNetUsd":0,"gasPriceGwei":0.020196,"txCostUsd":0.0136,"syncMs":118,"searchMs":119,"msg":"block scanned"}
{"level":30,"time":1790818612426,"pid":1079,"hostname":"vm","msg":"  CHIP>USDC@UniswapV3/3000 USDC>CHIP@UniswapV3/100 in=87.51 CHIP gap=33.1bps profit=$0.000 net=$-0.011"}
{"level":30,"time":1790818612426,"pid":1079,"hostname":"vm","msg":"  ARB>WETH@PancakeV3/500 WETH>ARB@SushiV3/500 in=6.796 ARB gap=31.7bps profit=$0.002 net=$-0.010"}
{"level":30,"time":1790818612426,"pid":1079,"hostname":"vm","msg":"  ARB>USDC@PancakeV3/100 USDC>ARB@UniswapV3/500 in=5.907 ARB gap=27.3bps profit=$0.001 net=$-0.010"}
{"level":30,"time":1790818612426,"pid":1079,"hostname":"vm","msg":"  ARB>USDC@PancakeV3/100 USDC>ARB@PancakeV3/500 in=5.797 ARB gap=26.4bps profit=$0.001 net=$-0.010"}
{"level":30,"time":1790818612426,"pid":1079,"hostname":"vm","msg":"  ARB>USDC@PancakeV3/100 USDC>ARB@UniswapV3/100 in=4.126 ARB gap=24.8bps profit=$0.001 net=$-0.010"}
{"level":30,"time":1790818613152,"pid":1079,"hostname":"vm","block":510517012,"gross":186,"net":0,"sumNetUsd":0,"gasPriceGwei":0.02,"txCostUsd":0.0134,"syncMs":182,"searchMs":143,"msg":"block scanned"}
{"level":30,"time":1790818613152,"pid":1079,"hostname":"vm","msg":"  CHIP>USDC@UniswapV3/3000 USDC>CHIP@UniswapV3/100 in=87.51 CHIP gap=33.1bps profit=$0.000 net=$-0.011"}
{"level":30,"time":1790818613152,"pid":1079,"hostname":"vm","msg":"  ARB>WETH@PancakeV3/500 WETH>ARB@SushiV3/500 in=6.796 ARB gap=31.7bps profit=$0.002 net=$-0.010"}
{"level":30,"time":1790818613152,"pid":1079,"hostname":"vm","msg":"  ARB>USDC@PancakeV3/100 USDC>ARB@UniswapV3/500 in=5.907 ARB gap=27.3bps profit=$0.001 net=$-0.010"}
{"level":30,"time":1790818613152,"pid":1079,"hostname":"vm","msg":"  ARB>USDC@PancakeV3/100 USDC>ARB@PancakeV3/500 in=5.797 ARB gap=26.4bps profit=$0.001 net=$-0.010"}
{"level":30,"time":1790818613152,"pid":1079,"hostname":"vm","msg":"  ARB>USDC@PancakeV3/100 USDC>ARB@UniswapV3/100 in=4.126 ARB gap=24.8bps profit=$0.001 net=$-0.010"}
{"level":30,"time":1790818613700,"pid":1079,"hostname":"vm","block":510517014,"gross":182,"net":0,"sumNetUsd":0,"gasPriceGwei":0.02,"txCostUsd":0.0134,"syncMs":133,"searchMs":104,"msg":"block scanned"}
{"level":30,"time":1790818613700,"pid":1079,"hostname":"vm","msg":"  CHIP>USDC@UniswapV3/3000 USDC>CHIP@UniswapV3/100 in=87.51 CHIP gap=33.1bps profit=$0.000 net=$-0.011"}
{"level":30,"time":1790818613700,"pid":1079,"hostname":"vm","msg":"  ARB>WETH@PancakeV3/500 WETH>ARB@SushiV3/500 in=6.796 ARB gap=31.7bps profit=$0.002 net=$-0.010"}
{"level":30,"time":1790818613700,"pid":1079,"hostname":"vm","msg":"  ARB>USDC@PancakeV3/100 USDC>ARB@UniswapV3/500 in=5.907 ARB gap=27.3bps profit=$0.001 net=$-0.010"}
{"level":30,"time":1790818613700,"pid":1079,"hostname":"vm","msg":"  ARB>USDC@PancakeV3/100 USDC>ARB@PancakeV3/500 in=5.797 ARB gap=26.4bps profit=$0.001 net=$-0.010"}
{"level":30,"time":1790818613700,"pid":1079,"hostname":"vm","msg":"  ARB>USDC@PancakeV3/100 USDC>ARB@UniswapV3/100 in=4.126 ARB gap=24.8bps profit=$0.001 net=$-0.010"}
{"level":30,"time":1790818614372,"pid":1079,"hostname":"vm","block":510517016,"gross":182,"net":0,"sumNetUsd":0,"gasPriceGwei":0.020006,"txCostUsd":0.0134,"syncMs":141,"searchMs":127,"msg":"block scanned"}
{"level":30,"time":1790818614372,"pid":1079,"hostname":"vm","msg":"  CHIP>USDC@UniswapV3/3000 USDC>CHIP@UniswapV3/100 in=87.51 CHIP gap=33.1bps profit=$0.000 net=$-0.011"}
{"level":30,"time":1790818614372,"pid":1079,"hostname":"vm","msg":"  ARB>WETH@PancakeV3/500 WETH>ARB@SushiV3/500 in=6.796 ARB gap=31.7bps profit=$0.002 net=$-0.010"}
{"level":30,"time":1790818614372,"pid":1079,"hostname":"vm","msg":"  ARB>USDC@PancakeV3/100 USDC>ARB@UniswapV3/500 in=5.907 ARB gap=27.3bps profit=$0.001 net=$-0.010"}
{"level":30,"time":1790818614372,"pid":1079,"hostname":"vm","msg":"  ARB>USDC@PancakeV3/100 USDC>ARB@PancakeV3/500 in=5.797 ARB gap=26.4bps profit=$0.001 net=$-0.010"}
{"level":30,"time":1790818614372,"pid":1079,"hostname":"vm","msg":"  ARB>USDC@PancakeV3/100 USDC>ARB@UniswapV3/100 in=4.126 ARB gap=24.8bps profit=$0.001 net=$-0.010"}
{"level":30,"time":1790818614945,"pid":1079,"hostname":"vm","block":510517018,"gross":182,"net":0,"sumNetUsd":0,"gasPriceGwei":0.020002,"txCostUsd":0.0134,"syncMs":124,"searchMs":153,"msg":"block scanned"}
{"level":30,"time":1790818614945,"pid":1079,"hostname":"vm","msg":"  CHIP>USDC@UniswapV3/3000 USDC>CHIP@UniswapV3/100 in=87.51 CHIP gap=33.1bps profit=$0.000 net=$-0.011"}
{"level":30,"time":1790818614945,"pid":1079,"hostname":"vm","msg":"  ARB>WETH@PancakeV3/500 WETH>ARB@SushiV3/500 in=6.796 ARB gap=31.7bps profit=$0.002 net=$-0.010"}
{"level":30,"time":1790818614945,"pid":1079,"hostname":"vm","msg":"  ARB>USDC@PancakeV3/100 USDC>ARB@UniswapV3/500 in=5.907 ARB gap=27.3bps profit=$0.001 net=$-0.010"}
{"level":30,"time":1790818614945,"pid":1079,"hostname":"vm","msg":"  ARB>USDC@PancakeV3/100 USDC>ARB@PancakeV3/500 in=5.797 ARB gap=26.4bps profit=$0.001 net=$-0.010"}
{"level":30,"time":1790818614945,"pid":1079,"hostname":"vm","msg":"  ARB>USDC@PancakeV3/100 USDC>ARB@UniswapV3/100 in=4.126 ARB gap=24.8bps profit=$0.001 net=$-0.010"}
{"level":30,"time":1790818615802,"pid":1079,"hostname":"vm","block":510517021,"gross":182,"net":0,"sumNetUsd":0,"gasPriceGwei":0.02,"txCostUsd":0.0134,"syncMs":183,"searchMs":143,"msg":"block scanned"}
{"level":30,"time":1790818615802,"pid":1079,"hostname":"vm","msg":"  CHIP>USDC@UniswapV3/3000 USDC>CHIP@UniswapV3/100 in=87.51 CHIP gap=33.1bps profit=$0.000 net=$-0.011"}
{"level":30,"time":1790818615802,"pid":1079,"hostname":"vm","msg":"  ARB>WETH@PancakeV3/500 WETH>ARB@SushiV3/500 in=6.796 ARB gap=31.7bps profit=$0.002 net=$-0.010"}
{"level":30,"time":1790818615802,"pid":1079,"hostname":"vm","msg":"  ARB>USDC@PancakeV3/100 USDC>ARB@UniswapV3/500 in=5.907 ARB gap=27.3bps profit=$0.001 net=$-0.010"}
{"level":30,"time":1790818615802,"pid":1079,"hostname":"vm","msg":"  ARB>USDC@PancakeV3/100 USDC>ARB@PancakeV3/500 in=5.797 ARB gap=26.4bps profit=$0.001 net=$-0.010"}
{"level":30,"time":1790818615802,"pid":1079,"hostname":"vm","msg":"  ARB>USDC@PancakeV3/100 USDC>ARB@UniswapV3/100 in=4.126 ARB gap=24.8bps profit=$0.001 net=$-0.010"}
{"level":30,"time":1790818616401,"pid":1079,"hostname":"vm","block":510517023,"gross":180,"net":0,"sumNetUsd":0,"gasPriceGwei":0.020306,"txCostUsd":0.0136,"syncMs":171,"searchMs":127,"msg":"block scanned"}
{"level":30,"time":1790818616401,"pid":1079,"hostname":"vm","msg":"  CHIP>USDC@UniswapV3/3000 USDC>CHIP@UniswapV3/100 in=87.51 CHIP gap=33.1bps profit=$0.000 net=$-0.011"}
{"level":30,"time":1790818616401,"pid":1079,"hostname":"vm","msg":"  ARB>WETH@PancakeV3/500 WETH>ARB@SushiV3/500 in=6.796 ARB gap=31.7bps profit=$0.001 net=$-0.010"}
{"level":30,"time":1790818616401,"pid":1079,"hostname":"vm","msg":"  ARB>USDC@PancakeV3/100 USDC>ARB@PancakeV3/500 in=6.395 ARB gap=28.1bps profit=$0.001 net=$-0.010"}
{"level":30,"time":1790818616401,"pid":1079,"hostname":"vm","msg":"  ARB>USDC@PancakeV3/100 USDC>ARB@UniswapV3/500 in=5.907 ARB gap=27.3bps profit=$0.001 net=$-0.010"}
{"level":30,"time":1790818616401,"pid":1079,"hostname":"vm","msg":"  ARB>USDC@PancakeV3/100 USDC>ARB@UniswapV3/100 in=4.126 ARB gap=24.8bps profit=$0.001 net=$-0.010"}
{"level":30,"time":1790818616928,"pid":1079,"hostname":"vm","block":510517026,"gross":181,"net":0,"sumNetUsd":0,"gasPriceGwei":0.02,"txCostUsd":0.0134,"syncMs":116,"searchMs":108,"msg":"block scanned"}
{"level":30,"time":1790818616928,"pid":1079,"hostname":"vm","msg":"  CHIP>USDC@UniswapV3/3000 USDC>CHIP@UniswapV3/100 in=87.51 CHIP gap=33.1bps profit=$0.000 net=$-0.011"}
{"level":30,"time":1790818616928,"pid":1079,"hostname":"vm","msg":"  ARB>WETH@PancakeV3/500 WETH>ARB@SushiV3/500 in=6.796 ARB gap=31.7bps profit=$0.001 net=$-0.010"}
{"level":30,"time":1790818616928,"pid":1079,"hostname":"vm","msg":"  ARB>USDC@PancakeV3/100 USDC>ARB@PancakeV3/500 in=6.395 ARB gap=28.1bps profit=$0.001 net=$-0.010"}
{"level":30,"time":1790818616928,"pid":1079,"hostname":"vm","msg":"  ARB>USDC@PancakeV3/100 USDC>ARB@UniswapV3/500 in=5.907 ARB gap=27.3bps profit=$0.001 net=$-0.010"}
{"level":30,"time":1790818616928,"pid":1079,"hostname":"vm","msg":"  ARB>USDC@PancakeV3/100 USDC>ARB@UniswapV3/100 in=4.126 ARB gap=24.8bps profit=$0.001 net=$-0.010"}
{"level":30,"time":1790818617630,"pid":1079,"hostname":"vm","block":510517028,"gross":181,"net":0,"sumNetUsd":0,"gasPriceGwei":0.020138,"txCostUsd":0.0135,"syncMs":167,"searchMs":124,"msg":"block scanned"}
{"level":30,"time":1790818617630,"pid":1079,"hostname":"vm","msg":"  CHIP>USDC@UniswapV3/3000 USDC>CHIP@UniswapV3/100 in=87.51 CHIP gap=33.1bps profit=$0.000 net=$-0.011"}
{"level":30,"time":1790818617630,"pid":1079,"hostname":"vm","msg":"  ARB>WETH@PancakeV3/500 WETH>ARB@SushiV3/500 in=6.796 ARB gap=31.7bps profit=$0.001 net=$-0.010"}
{"level":30,"time":1790818617630,"pid":1079,"hostname":"vm","msg":"  ARB>USDC@PancakeV3/100 USDC>ARB@PancakeV3/500 in=6.395 ARB gap=28.1bps profit=$0.001 net=$-0.010"}
{"level":30,"time":1790818617630,"pid":1079,"hostname":"vm","msg":"  ARB>USDC@PancakeV3/100 USDC>ARB@UniswapV3/500 in=5.907 ARB gap=27.3bps profit=$0.001 net=$-0.010"}
{"level":30,"time":1790818617630,"pid":1079,"hostname":"vm","msg":"  ARB>USDC@PancakeV3/100 USDC>ARB@UniswapV3/100 in=4.126 ARB gap=24.8bps profit=$0.001 net=$-0.010"}
{"level":30,"time":1790818618201,"pid":1079,"hostname":"vm","block":510517030,"gross":181,"net":0,"sumNetUsd":0,"gasPriceGwei":0.020096,"txCostUsd":0.0135,"syncMs":146,"searchMs":117,"msg":"block scanned"}
{"level":30,"time":1790818618201,"pid":1079,"hostname":"vm","msg":"  CHIP>USDC@UniswapV3/3000 USDC>CHIP@UniswapV3/100 in=87.51 CHIP gap=33.1bps profit=$0.000 net=$-0.011"}
{"level":30,"time":1790818618201,"pid":1079,"hostname":"vm","msg":"  ARB>WETH@PancakeV3/500 WETH>ARB@SushiV3/500 in=6.796 ARB gap=31.7bps profit=$0.001 net=$-0.010"}
{"level":30,"time":1790818618201,"pid":1079,"hostname":"vm","msg":"  ARB>USDC@PancakeV3/100 USDC>ARB@PancakeV3/500 in=6.395 ARB gap=28.1bps profit=$0.001 net=$-0.010"}
{"level":30,"time":1790818618201,"pid":1079,"hostname":"vm","msg":"  ARB>USDC@PancakeV3/100 USDC>ARB@UniswapV3/500 in=5.907 ARB gap=27.3bps profit=$0.001 net=$-0.010"}
{"level":30,"time":1790818618201,"pid":1079,"hostname":"vm","msg":"  ARB>USDC@PancakeV3/100 USDC>ARB@UniswapV3/100 in=4.126 ARB gap=24.8bps profit=$0.001 net=$-0.010"}
{"level":30,"time":1790818618811,"pid":1079,"hostname":"vm","block":510517032,"gross":181,"net":0,"sumNetUsd":0,"gasPriceGwei":0.02,"txCostUsd":0.0134,"syncMs":153,"searchMs":151,"msg":"block scanned"}
{"level":30,"time":1790818618811,"pid":1079,"hostname":"vm","msg":"  CHIP>USDC@UniswapV3/3000 USDC>CHIP@UniswapV3/100 in=87.51 CHIP gap=33.1bps profit=$0.000 net=$-0.011"}
{"level":30,"time":1790818618811,"pid":1079,"hostname":"vm","msg":"  ARB>WETH@PancakeV3/500 WETH>ARB@SushiV3/500 in=6.796 ARB gap=31.7bps profit=$0.001 net=$-0.010"}
{"level":30,"time":1790818618811,"pid":1079,"hostname":"vm","msg":"  ARB>USDC@PancakeV3/100 USDC>ARB@PancakeV3/500 in=6.395 ARB gap=28.1bps profit=$0.001 net=$-0.010"}
{"level":30,"time":1790818618811,"pid":1079,"hostname":"vm","msg":"  ARB>USDC@PancakeV3/100 USDC>ARB@UniswapV3/500 in=5.907 ARB gap=27.3bps profit=$0.001 net=$-0.010"}
{"level":30,"time":1790818618811,"pid":1079,"hostname":"vm","msg":"  ARB>USDC@PancakeV3/100 USDC>ARB@UniswapV3/100 in=4.126 ARB gap=24.8bps profit=$0.001 net=$-0.010"}
{"level":30,"time":1790818619766,"pid":1079,"hostname":"vm","block":510517033,"gross":181,"net":0,"sumNetUsd":0,"gasPriceGwei":0.02,"txCostUsd":0.0134,"syncMs":322,"searchMs":130,"msg":"block scanned"}
{"level":30,"time":1790818619766,"pid":1079,"hostname":"vm","msg":"  CHIP>USDC@UniswapV3/3000 USDC>CHIP@UniswapV3/100 in=87.51 CHIP gap=33.1bps profit=$0.000 net=$-0.011"}
{"level":30,"time":1790818619766,"pid":1079,"hostname":"vm","msg":"  ARB>WETH@PancakeV3/500 WETH>ARB@SushiV3/500 in=6.796 ARB gap=31.7bps profit=$0.001 net=$-0.010"}
{"level":30,"time":1790818619766,"pid":1079,"hostname":"vm","msg":"  ARB>USDC@PancakeV3/100 USDC>ARB@PancakeV3/500 in=6.395 ARB gap=28.1bps profit=$0.001 net=$-0.010"}
{"level":30,"time":1790818619766,"pid":1079,"hostname":"vm","msg":"  ARB>USDC@PancakeV3/100 USDC>ARB@UniswapV3/500 in=5.907 ARB gap=27.3bps profit=$0.001 net=$-0.010"}
{"level":30,"time":1790818619766,"pid":1079,"hostname":"vm","msg":"  ARB>USDC@PancakeV3/100 USDC>ARB@UniswapV3/100 in=4.126 ARB gap=24.8bps profit=$0.001 net=$-0.010"}
{"level":30,"time":1790818620136,"pid":1079,"hostname":"vm","block":510517035,"gross":181,"net":0,"sumNetUsd":0,"gasPriceGwei":0.020306,"txCostUsd":0.0136,"syncMs":143,"searchMs":126,"msg":"block scanned"}
{"level":30,"time":1790818620136,"pid":1079,"hostname":"vm","msg":"  CHIP>USDC@UniswapV3/3000 USDC>CHIP@UniswapV3/100 in=87.51 CHIP gap=33.1bps profit=$0.000 net=$-0.011"}
{"level":30,"time":1790818620136,"pid":1079,"hostname":"vm","msg":"  ARB>WETH@PancakeV3/500 WETH>ARB@SushiV3/500 in=6.796 ARB gap=31.7bps profit=$0.001 net=$-0.010"}
{"level":30,"time":1790818620136,"pid":1079,"hostname":"vm","msg":"  ARB>USDC@PancakeV3/100 USDC>ARB@PancakeV3/500 in=6.395 ARB gap=28.1bps profit=$0.001 net=$-0.010"}
{"level":30,"time":1790818620136,"pid":1079,"hostname":"vm","msg":"  ARB>USDC@PancakeV3/100 USDC>ARB@UniswapV3/500 in=5.907 ARB gap=27.3bps profit=$0.001 net=$-0.010"}
{"level":30,"time":1790818620136,"pid":1079,"hostname":"vm","msg":"  ARB>USDC@PancakeV3/100 USDC>ARB@UniswapV3/100 in=4.126 ARB gap=24.8bps profit=$0.001 net=$-0.010"}
{"level":30,"time":1790818699736,"pid":1079,"hostname":"vm","block":510517037,"gross":181,"net":0,"sumNetUsd":0,"gasPriceGwei":0.020006,"txCostUsd":0.0134,"syncMs":79153,"searchMs":133,"msg":"block scanned"}
{"level":30,"time":1790818699736,"pid":1079,"hostname":"vm","msg":"  CHIP>USDC@UniswapV3/3000 USDC>CHIP@UniswapV3/100 in=87.51 CHIP gap=33.1bps profit=$0.000 net=$-0.011"}
{"level":30,"time":1790818699736,"pid":1079,"hostname":"vm","msg":"  ARB>WETH@PancakeV3/500 WETH>ARB@SushiV3/500 in=6.796 ARB gap=31.7bps profit=$0.001 net=$-0.010"}
{"level":30,"time":1790818699736,"pid":1079,"hostname":"vm","msg":"  ARB>USDC@PancakeV3/100 USDC>ARB@PancakeV3/500 in=6.395 ARB gap=28.1bps profit=$0.001 net=$-0.010"}
{"level":30,"time":1790818699736,"pid":1079,"hostname":"vm","msg":"  ARB>USDC@PancakeV3/100 USDC>ARB@UniswapV3/500 in=5.907 ARB gap=27.3bps profit=$0.001 net=$-0.010"}
{"level":30,"time":1790818699736,"pid":1079,"hostname":"vm","msg":"  ARB>USDC@PancakeV3/100 USDC>ARB@UniswapV3/100 in=4.126 ARB gap=24.8bps profit=$0.001 net=$-0.010"}
{"level":30,"time":1790818700124,"pid":1079,"hostname":"vm","block":510517303,"gross":198,"net":0,"sumNetUsd":0,"gasPriceGwei":0.020006,"txCostUsd":0.0134,"syncMs":177,"searchMs":111,"msg":"block scanned"}
{"level":30,"time":1790818700124,"pid":1079,"hostname":"vm","msg":"  CHIP>USDC@UniswapV3/3000 USDC>CHIP@UniswapV3/100 in=353.0 CHIP gap=39.2bps profit=$0.006 net=$-0.005"}
{"level":30,"time":1790818700124,"pid":1079,"hostname":"vm","msg":"  ARB>USDC.e@PancakeV3/500 USDC.e>ARB@UniswapV3/500 in=41.07 ARB gap=31.7bps profit=$0.009 net=$-0.002"}
{"level":30,"time":1790818700124,"pid":1079,"hostname":"vm","msg":"  ARB>USDC@PancakeV3/100 USDC>ARB@UniswapV3/500 in=12.99 ARB gap=52.8bps profit=$0.006 net=$-0.005"}
{"level":30,"time":1790818700124,"pid":1079,"hostname":"vm","msg":"  ARB>USDC.e@PancakeV3/100 USDC.e>ARB@UniswapV3/500 in=23.75 ARB gap=30.2bps profit=$0.006 net=$-0.005"}
{"level":30,"time":1790818700124,"pid":1079,"hostname":"vm","msg":"  ARB>USDC@PancakeV3/100 USDC>ARB@PancakeV3/500 in=11.20 ARB gap=45.5bps profit=$0.004 net=$-0.007"}
{"level":30,"time":1790818700763,"pid":1079,"hostname":"vm","block":510517304,"gross":198,"net":0,"sumNetUsd":0,"gasPriceGwei":0.02,"txCostUsd":0.0134,"syncMs":187,"searchMs":145,"msg":"block scanned"}
{"level":30,"time":1790818700763,"pid":1079,"hostname":"vm","msg":"  CHIP>USDC@UniswapV3/3000 USDC>CHIP@UniswapV3/100 in=353.0 CHIP gap=39.2bps profit=$0.006 net=$-0.005"}
{"level":30,"time":1790818700763,"pid":1079,"hostname":"vm","msg":"  ARB>USDC.e@PancakeV3/500 USDC.e>ARB@UniswapV3/500 in=41.07 ARB gap=31.7bps profit=$0.009 net=$-0.002"}
{"level":30,"time":1790818700763,"pid":1079,"hostname":"vm","msg":"  ARB>USDC@PancakeV3/100 USDC>ARB@UniswapV3/500 in=12.99 ARB gap=52.8bps profit=$0.006 net=$-0.005"}
{"level":30,"time":1790818700763,"pid":1079,"hostname":"vm","msg":"  ARB>USDC.e@PancakeV3/100 USDC.e>ARB@UniswapV3/500 in=23.75 ARB gap=30.2bps profit=$0.006 net=$-0.005"}
{"level":30,"time":1790818700763,"pid":1079,"hostname":"vm","msg":"  ARB>USDC@PancakeV3/100 USDC>ARB@PancakeV3/500 in=11.20 ARB gap=45.5bps profit=$0.004 net=$-0.007"}
{"level":30,"time":1790818701361,"pid":1079,"hostname":"vm","block":510517305,"gross":198,"net":0,"sumNetUsd":0,"gasPriceGwei":0.020006,"txCostUsd":0.0134,"syncMs":148,"searchMs":143,"msg":"block scanned"}
{"level":30,"time":1790818701361,"pid":1079,"hostname":"vm","msg":"  CHIP>USDC@UniswapV3/3000 USDC>CHIP@UniswapV3/100 in=353.0 CHIP gap=39.2bps profit=$0.006 net=$-0.005"}
{"level":30,"time":1790818701361,"pid":1079,"hostname":"vm","msg":"  ARB>USDC.e@PancakeV3/500 USDC.e>ARB@UniswapV3/500 in=41.07 ARB gap=31.7bps profit=$0.009 net=$-0.002"}
{"level":30,"time":1790818701361,"pid":1079,"hostname":"vm","msg":"  ARB>USDC@PancakeV3/100 USDC>ARB@UniswapV3/500 in=12.99 ARB gap=52.8bps profit=$0.006 net=$-0.005"}
{"level":30,"time":1790818701361,"pid":1079,"hostname":"vm","msg":"  ARB>USDC.e@PancakeV3/100 USDC.e>ARB@UniswapV3/500 in=23.75 ARB gap=30.2bps profit=$0.006 net=$-0.005"}
{"level":30,"time":1790818701361,"pid":1079,"hostname":"vm","msg":"  ARB>USDC@PancakeV3/100 USDC>ARB@PancakeV3/500 in=11.20 ARB gap=45.5bps profit=$0.004 net=$-0.007"}
{"level":30,"time":1790818701992,"pid":1079,"hostname":"vm","block":510517307,"gross":198,"net":0,"sumNetUsd":0,"gasPriceGwei":0.020004,"txCostUsd":0.0134,"syncMs":181,"searchMs":140,"msg":"block scanned"}
{"level":30,"time":1790818701992,"pid":1079,"hostname":"vm","msg":"  CHIP>USDC@UniswapV3/3000 USDC>CHIP@UniswapV3/100 in=353.0 CHIP gap=39.2bps profit=$0.006 net=$-0.005"}
{"level":30,"time":1790818701992,"pid":1079,"hostname":"vm","msg":"  ARB>USDC.e@PancakeV3/500 USDC.e>ARB@UniswapV3/500 in=41.07 ARB gap=31.7bps profit=$0.009 net=$-0.002"}
{"level":30,"time":1790818701992,"pid":1079,"hostname":"vm","msg":"  ARB>USDC@PancakeV3/100 USDC>ARB@UniswapV3/500 in=12.99 ARB gap=52.8bps profit=$0.006 net=$-0.005"}
{"level":30,"time":1790818701992,"pid":1079,"hostname":"vm","msg":"  ARB>USDC.e@PancakeV3/100 USDC.e>ARB@UniswapV3/500 in=23.75 ARB gap=30.2bps profit=$0.006 net=$-0.005"}
{"level":30,"time":1790818701992,"pid":1079,"hostname":"vm","msg":"  ARB>USDC@PancakeV3/100 USDC>ARB@PancakeV3/500 in=11.20 ARB gap=45.5bps profit=$0.004 net=$-0.007"}
{"level":30,"time":1790818702592,"pid":1079,"hostname":"vm","block":510517310,"gross":198,"net":0,"sumNetUsd":0,"gasPriceGwei":0.02,"txCostUsd":0.0134,"syncMs":156,"searchMs":129,"msg":"block scanned"}
{"level":30,"time":1790818702592,"pid":1079,"hostname":"vm","msg":"  CHIP>USDC@UniswapV3/3000 USDC>CHIP@UniswapV3/100 in=353.0 CHIP gap=39.2bps profit=$0.006 net=$-0.005"}
{"level":30,"time":1790818702592,"pid":1079,"hostname":"vm","msg":"  ARB>USDC.e@PancakeV3/500 USDC.e>ARB@UniswapV3/500 in=41.07 ARB gap=31.7bps profit=$0.009 net=$-0.002"}
{"level":30,"time":1790818702592,"pid":1079,"hostname":"vm","msg":"  ARB>USDC@PancakeV3/100 USDC>ARB@UniswapV3/500 in=12.99 ARB gap=52.8bps profit=$0.006 net=$-0.005"}
{"level":30,"time":1790818702592,"pid":1079,"hostname":"vm","msg":"  ARB>USDC.e@PancakeV3/100 USDC.e>ARB@UniswapV3/500 in=23.75 ARB gap=30.2bps profit=$0.006 net=$-0.005"}
{"level":30,"time":1790818702592,"pid":1079,"hostname":"vm","msg":"  ARB>USDC@PancakeV3/100 USDC>ARB@PancakeV3/500 in=11.20 ARB gap=45.5bps profit=$0.004 net=$-0.007"}
{"level":30,"time":1790818703191,"pid":1079,"hostname":"vm","block":510517312,"gross":198,"net":0,"sumNetUsd":0,"gasPriceGwei":0.020058,"txCostUsd":0.0135,"syncMs":164,"searchMs":124,"msg":"block scanned"}
{"level":30,"time":1790818703191,"pid":1079,"hostname":"vm","msg":"  CHIP>USDC@UniswapV3/3000 USDC>CHIP@UniswapV3/100 in=353.0 CHIP gap=39.2bps profit=$0.006 net=$-0.005"}
{"level":30,"time":1790818703191,"pid":1079,"hostname":"vm","msg":"  ARB>USDC.e@PancakeV3/500 USDC.e>ARB@UniswapV3/500 in=41.07 ARB gap=31.7bps profit=$0.009 net=$-0.002"}
{"level":30,"time":1790818703191,"pid":1079,"hostname":"vm","msg":"  ARB>USDC@PancakeV3/100 USDC>ARB@UniswapV3/500 in=12.99 ARB gap=52.8bps profit=$0.006 net=$-0.005"}
{"level":30,"time":1790818703191,"pid":1079,"hostname":"vm","msg":"  ARB>USDC.e@PancakeV3/100 USDC.e>ARB@UniswapV3/500 in=23.75 ARB gap=30.2bps profit=$0.006 net=$-0.005"}
{"level":30,"time":1790818703191,"pid":1079,"hostname":"vm","msg":"  ARB>USDC@PancakeV3/100 USDC>ARB@PancakeV3/500 in=11.20 ARB gap=45.5bps profit=$0.004 net=$-0.007"}
{"level":30,"time":1790818703750,"pid":1079,"hostname":"vm","block":510517314,"gross":198,"net":0,"sumNetUsd":0,"gasPriceGwei":0.02,"txCostUsd":0.0134,"syncMs":138,"searchMs":112,"msg":"block scanned"}
{"level":30,"time":1790818703750,"pid":1079,"hostname":"vm","msg":"  CHIP>USDC@UniswapV3/3000 USDC>CHIP@UniswapV3/100 in=353.0 CHIP gap=39.2bps profit=$0.006 net=$-0.005"}
{"level":30,"time":1790818703750,"pid":1079,"hostname":"vm","msg":"  ARB>USDC@PancakeV3/100 USDC>ARB@UniswapV3/500 in=12.99 ARB gap=52.8bps profit=$0.006 net=$-0.005"}
{"level":30,"time":1790818703750,"pid":1079,"hostname":"vm","msg":"  ARB>USDC.e@PancakeV3/500 USDC.e>ARB@UniswapV3/500 in=33.82 ARB gap=27.9bps profit=$0.006 net=$-0.005"}
{"level":30,"time":1790818703750,"pid":1079,"hostname":"vm","msg":"  ARB>USDC@PancakeV3/100 USDC>ARB@PancakeV3/500 in=11.20 ARB gap=45.5bps profit=$0.004 net=$-0.007"}
{"level":30,"time":1790818703750,"pid":1079,"hostname":"vm","msg":"  ARB>USDC.e@PancakeV3/100 USDC.e>ARB@UniswapV3/500 in=19.99 ARB gap=26.3bps profit=$0.004 net=$-0.007"}
{"level":30,"time":1790818704340,"pid":1079,"hostname":"vm","block":510517315,"gross":198,"net":0,"sumNetUsd":0,"gasPriceGwei":0.020032,"txCostUsd":0.0135,"syncMs":151,"searchMs":138,"msg":"block scanned"}
{"level":30,"time":1790818704340,"pid":1079,"hostname":"vm","msg":"  CHIP>USDC@UniswapV3/3000 USDC>CHIP@UniswapV3/100 in=353.0 CHIP gap=39.2bps profit=$0.006 net=$-0.005"}
{"level":30,"time":1790818704340,"pid":1079,"hostname":"vm","msg":"  ARB>USDC@PancakeV3/100 USDC>ARB@UniswapV3/500 in=12.99 ARB gap=52.8bps profit=$0.006 net=$-0.005"}
{"level":30,"time":1790818704340,"pid":1079,"hostname":"vm","msg":"  ARB>USDC.e@PancakeV3/500 USDC.e>ARB@UniswapV3/500 in=33.82 ARB gap=27.9bps profit=$0.006 net=$-0.005"}
{"level":30,"time":1790818704340,"pid":1079,"hostname":"vm","msg":"  ARB>USDC@PancakeV3/100 USDC>ARB@PancakeV3/500 in=11.20 ARB gap=45.5bps profit=$0.004 net=$-0.007"}
{"level":30,"time":1790818704340,"pid":1079,"hostname":"vm","msg":"  ARB>USDC.e@PancakeV3/100 USDC.e>ARB@UniswapV3/500 in=19.99 ARB gap=26.3bps profit=$0.004 net=$-0.007"}
{"level":30,"time":1790818704971,"pid":1079,"hostname":"vm","block":510517316,"gross":198,"net":0,"sumNetUsd":0,"gasPriceGwei":0.02,"txCostUsd":0.0134,"syncMs":191,"searchMs":133,"msg":"block scanned"}
{"level":30,"time":1790818704971,"pid":1079,"hostname":"vm","msg":"  CHIP>USDC@UniswapV3/3000 USDC>CHIP@UniswapV3/100 in=353.0 CHIP gap=39.2bps profit=$0.006 net=$-0.005"}
{"level":30,"time":1790818704971,"pid":1079,"hostname":"vm","msg":"  ARB>USDC@PancakeV3/100 USDC>ARB@UniswapV3/500 in=12.99 ARB gap=52.8bps profit=$0.006 net=$-0.005"}
{"level":30,"time":1790818704971,"pid":1079,"hostname":"vm","msg":"  ARB>USDC.e@PancakeV3/500 USDC.e>ARB@UniswapV3/500 in=33.82 ARB gap=27.9bps profit=$0.006 net=$-0.005"}
{"level":30,"time":1790818704971,"pid":1079,"hostname":"vm","msg":"  ARB>USDC@PancakeV3/100 USDC>ARB@PancakeV3/500 in=11.20 ARB gap=45.5bps profit=$0.004 net=$-0.007"}
{"level":30,"time":1790818704971,"pid":1079,"hostname":"vm","msg":"  ARB>USDC.e@PancakeV3/100 USDC.e>ARB@UniswapV3/500 in=19.99 ARB gap=26.3bps profit=$0.004 net=$-0.007"}
{"level":30,"time":1790818705566,"pid":1079,"hostname":"vm","block":510517319,"gross":196,"net":0,"sumNetUsd":0,"gasPriceGwei":0.02,"txCostUsd":0.0134,"syncMs":153,"searchMs":135,"msg":"block scanned"}
{"level":30,"time":1790818705566,"pid":1079,"hostname":"vm","msg":"  CHIP>USDC@UniswapV3/3000 USDC>CHIP@UniswapV3/100 in=353.0 CHIP gap=39.2bps profit=$0.006 net=$-0.005"}
{"level":30,"time":1790818705566,"pid":1079,"hostname":"vm","msg":"  ARB>USDC@PancakeV3/100 USDC>ARB@UniswapV3/500 in=12.99 ARB gap=52.8bps profit=$0.006 net=$-0.005"}
{"level":30,"time":1790818705566,"pid":1079,"hostname":"vm","msg":"  ARB>USDC.e@PancakeV3/500 USDC.e>ARB@UniswapV3/500 in=33.82 ARB gap=27.9bps profit=$0.006 net=$-0.005"}
{"level":30,"time":1790818705566,"pid":1079,"hostname":"vm","msg":"  ARB>USDC@PancakeV3/100 USDC>ARB@PancakeV3/500 in=11.20 ARB gap=45.5bps profit=$0.004 net=$-0.007"}
{"level":30,"time":1790818705566,"pid":1079,"hostname":"vm","msg":"  ARB>USDC.e@PancakeV3/100 USDC.e>ARB@UniswapV3/500 in=19.99 ARB gap=26.3bps profit=$0.004 net=$-0.007"}
{"level":30,"time":1790818706186,"pid":1079,"hostname":"vm","block":510517321,"gross":196,"net":0,"sumNetUsd":0,"gasPriceGwei":0.020012,"txCostUsd":0.0134,"syncMs":172,"searchMs":144,"msg":"block scanned"}
{"level":30,"time":1790818706186,"pid":1079,"hostname":"vm","msg":"  CHIP>USDC@UniswapV3/3000 USDC>CHIP@UniswapV3/100 in=353.0 CHIP gap=39.2bps profit=$0.006 net=$-0.005"}
{"level":30,"time":1790818706186,"pid":1079,"hostname":"vm","msg":"  ARB>USDC@PancakeV3/100 USDC>ARB@UniswapV3/500 in=12.99 ARB gap=52.8bps profit=$0.006 net=$-0.005"}
{"level":30,"time":1790818706186,"pid":1079,"hostname":"vm","msg":"  ARB>USDC.e@PancakeV3/500 USDC.e>ARB@UniswapV3/500 in=33.82 ARB gap=27.9bps profit=$0.006 net=$-0.005"}
{"level":30,"time":1790818706186,"pid":1079,"hostname":"vm","msg":"  ARB>USDC@PancakeV3/100 USDC>ARB@PancakeV3/500 in=11.20 ARB gap=45.5bps profit=$0.004 net=$-0.007"}
{"level":30,"time":1790818706186,"pid":1079,"hostname":"vm","msg":"  ARB>USDC.e@PancakeV3/100 USDC.e>ARB@UniswapV3/500 in=19.99 ARB gap=26.3bps profit=$0.004 net=$-0.007"}
{"level":30,"time":1790818706847,"pid":1079,"hostname":"vm","block":510517323,"gross":196,"net":0,"sumNetUsd":0,"gasPriceGwei":0.020204,"txCostUsd":0.0136,"syncMs":204,"searchMs":151,"msg":"block scanned"}
{"level":30,"time":1790818706847,"pid":1079,"hostname":"vm","msg":"  CHIP>USDC@UniswapV3/3000 USDC>CHIP@UniswapV3/100 in=353.0 CHIP gap=39.2bps profit=$0.006 net=$-0.005"}
{"level":30,"time":1790818706847,"pid":1079,"hostname":"vm","msg":"  ARB>USDC@PancakeV3/100 USDC>ARB@UniswapV3/500 in=12.99 ARB gap=52.8bps profit=$0.006 net=$-0.005"}
{"level":30,"time":1790818706847,"pid":1079,"hostname":"vm","msg":"  ARB>USDC.e@PancakeV3/500 USDC.e>ARB@UniswapV3/500 in=33.82 ARB gap=27.9bps profit=$0.006 net=$-0.005"}
{"level":30,"time":1790818706847,"pid":1079,"hostname":"vm","msg":"  ARB>USDC@PancakeV3/100 USDC>ARB@PancakeV3/500 in=11.20 ARB gap=45.5bps profit=$0.004 net=$-0.007"}
{"level":30,"time":1790818706847,"pid":1079,"hostname":"vm","msg":"  ARB>USDC.e@PancakeV3/100 USDC.e>ARB@UniswapV3/500 in=19.99 ARB gap=26.3bps profit=$0.004 net=$-0.007"}
{"level":30,"time":1790818707354,"pid":1079,"hostname":"vm","block":510517325,"gross":196,"net":0,"sumNetUsd":0,"gasPriceGwei":0.020204,"txCostUsd":0.0136,"syncMs":151,"searchMs":148,"msg":"block scanned"}
{"level":30,"time":1790818707354,"pid":1079,"hostname":"vm","msg":"  CHIP>USDC@UniswapV3/3000 USDC>CHIP@UniswapV3/100 in=353.0 CHIP gap=39.2bps profit=$0.006 net=$-0.005"}
{"level":30,"time":1790818707354,"pid":1079,"hostname":"vm","msg":"  ARB>USDC@PancakeV3/100 USDC>ARB@UniswapV3/500 in=12.99 ARB gap=52.8bps profit=$0.006 net=$-0.005"}
{"level":30,"time":1790818707354,"pid":1079,"hostname":"vm","msg":"  ARB>USDC.e@PancakeV3/500 USDC.e>ARB@UniswapV3/500 in=33.82 ARB gap=27.9bps profit=$0.006 net=$-0.005"}
{"level":30,"time":1790818707354,"pid":1079,"hostname":"vm","msg":"  ARB>USDC@PancakeV3/100 USDC>ARB@PancakeV3/500 in=11.20 ARB gap=45.5bps profit=$0.004 net=$-0.007"}
{"level":30,"time":1790818707354,"pid":1079,"hostname":"vm","msg":"  ARB>USDC.e@PancakeV3/100 USDC.e>ARB@UniswapV3/500 in=19.99 ARB gap=26.3bps profit=$0.004 net=$-0.007"}
{"level":30,"time":1790818707920,"pid":1079,"hostname":"vm","block":510517326,"gross":196,"net":0,"sumNetUsd":0,"gasPriceGwei":0.02,"txCostUsd":0.0134,"syncMs":139,"searchMs":115,"msg":"block scanned"}
{"level":30,"time":1790818707920,"pid":1079,"hostname":"vm","msg":"  CHIP>USDC@UniswapV3/3000 USDC>CHIP@UniswapV3/100 in=353.0 CHIP gap=39.2bps profit=$0.006 net=$-0.005"}
{"level":30,"time":1790818707920,"pid":1079,"hostname":"vm","msg":"  ARB>USDC@PancakeV3/100 USDC>ARB@UniswapV3/500 in=12.99 ARB gap=52.8bps profit=$0.006 net=$-0.005"}
{"level":30,"time":1790818707920,"pid":1079,"hostname":"vm","msg":"  ARB>USDC.e@PancakeV3/500 USDC.e>ARB@UniswapV3/500 in=33.82 ARB gap=27.9bps profit=$0.006 net=$-0.005"}
{"level":30,"time":1790818707920,"pid":1079,"hostname":"vm","msg":"  ARB>USDC@PancakeV3/100 USDC>ARB@PancakeV3/500 in=11.20 ARB gap=45.5bps profit=$0.004 net=$-0.007"}
{"level":30,"time":1790818707920,"pid":1079,"hostname":"vm","msg":"  ARB>USDC.e@PancakeV3/100 USDC.e>ARB@UniswapV3/500 in=19.99 ARB gap=26.3bps profit=$0.004 net=$-0.007"}
{"level":30,"time":1790818721950,"pid":1079,"hostname":"vm","block":510517328,"gross":196,"net":0,"sumNetUsd":0,"gasPriceGwei":0.020006,"txCostUsd":0.0134,"syncMs":13589,"searchMs":139,"msg":"block scanned"}
{"level":30,"time":1790818721950,"pid":1079,"hostname":"vm","msg":"  CHIP>USDC@UniswapV3/3000 USDC>CHIP@UniswapV3/100 in=353.0 CHIP gap=39.2bps profit=$0.006 net=$-0.005"}
{"level":30,"time":1790818721950,"pid":1079,"hostname":"vm","msg":"  ARB>USDC@PancakeV3/100 USDC>ARB@UniswapV3/500 in=12.99 ARB gap=52.8bps profit=$0.006 net=$-0.005"}
{"level":30,"time":1790818721950,"pid":1079,"hostname":"vm","msg":"  ARB>USDC.e@PancakeV3/500 USDC.e>ARB@UniswapV3/500 in=33.82 ARB gap=27.9bps profit=$0.006 net=$-0.005"}
{"level":30,"time":1790818721950,"pid":1079,"hostname":"vm","msg":"  ARB>USDC@PancakeV3/100 USDC>ARB@PancakeV3/500 in=11.20 ARB gap=45.5bps profit=$0.004 net=$-0.007"}
{"level":30,"time":1790818721950,"pid":1079,"hostname":"vm","msg":"  ARB>USDC.e@PancakeV3/100 USDC.e>ARB@UniswapV3/500 in=19.99 ARB gap=26.3bps profit=$0.004 net=$-0.007"}
{"level":30,"time":1790818722335,"pid":1079,"hostname":"vm","block":510517375,"gross":198,"net":0,"sumNetUsd":0,"gasPriceGwei":0.020022,"txCostUsd":0.0134,"syncMs":117,"searchMs":165,"msg":"block scanned"}
{"level":30,"time":1790818722335,"pid":1079,"hostname":"vm","msg":"  ARB>USDC@PancakeV3/100 USDC>ARB@UniswapV3/500 in=10.21 ARB gap=42.8bps profit=$0.004 net=$-0.007"}
{"level":30,"time":1790818722335,"pid":1079,"hostname":"vm","msg":"  ARB>USDC@PancakeV3/100 USDC>ARB@PancakeV3/500 in=10.26 ARB gap=42.2bps profit=$0.004 net=$-0.007"}
{"level":30,"time":1790818722335,"pid":1079,"hostname":"vm","msg":"  ARB>USDC.e@PancakeV3/500 USDC.e>ARB@UniswapV3/500 in=26.35 ARB gap=23.9bps profit=$0.004 net=$-0.007"}
{"level":30,"time":1790818722335,"pid":1079,"hostname":"vm","msg":"  ARB>USDC.e@PancakeV3/100 USDC.e>ARB@UniswapV3/500 in=16.11 ARB gap=22.4bps profit=$0.003 net=$-0.008"}
{"level":30,"time":1790818722335,"pid":1079,"hostname":"vm","msg":"  ARB>USDC@PancakeV3/100 USDC>ARB@UniswapV3/100 in=4.126 ARB gap=24.8bps profit=$0.001 net=$-0.010"}
{"level":30,"time":1790818722910,"pid":1079,"hostname":"vm","block":510517377,"gross":198,"net":0,"sumNetUsd":0,"gasPriceGwei":0.02016,"txCostUsd":0.0135,"syncMs":130,"searchMs":142,"msg":"block scanned"}
{"level":30,"time":1790818722910,"pid":1079,"hostname":"vm","msg":"  ARB>USDC@PancakeV3/100 USDC>ARB@UniswapV3/500 in=10.21 ARB gap=42.8bps profit=$0.004 net=$-0.007"}
{"level":30,"time":1790818722910,"pid":1079,"hostname":"vm","msg":"  ARB>USDC@PancakeV3/100 USDC>ARB@PancakeV3/500 in=10.26 ARB gap=42.2bps profit=$0.004 net=$-0.007"}
{"level":30,"time":1790818722910,"pid":1079,"hostname":"vm","msg":"  ARB>USDC.e@PancakeV3/500 USDC.e>ARB@UniswapV3/500 in=26.35 ARB gap=23.9bps profit=$0.004 net=$-0.007"}
{"level":30,"time":1790818722910,"pid":1079,"hostname":"vm","msg":"  ARB>USDC.e@PancakeV3/100 USDC.e>ARB@UniswapV3/500 in=16.11 ARB gap=22.4bps profit=$0.003 net=$-0.008"}
{"level":30,"time":1790818722910,"pid":1079,"hostname":"vm","msg":"  ARB>USDC@PancakeV3/100 USDC>ARB@UniswapV3/100 in=4.126 ARB gap=24.8bps profit=$0.001 net=$-0.010"}
{"level":30,"time":1790818723490,"pid":1079,"hostname":"vm","block":510517379,"gross":198,"net":0,"sumNetUsd":0,"gasPriceGwei":0.020228,"txCostUsd":0.0136,"syncMs":118,"searchMs":149,"msg":"block scanned"}
{"level":30,"time":1790818723490,"pid":1079,"hostname":"vm","msg":"  ARB>USDC@PancakeV3/100 USDC>ARB@UniswapV3/500 in=10.21 ARB gap=42.8bps profit=$0.004 net=$-0.007"}
{"level":30,"time":1790818723490,"pid":1079,"hostname":"vm","msg":"  ARB>USDC@PancakeV3/100 USDC>ARB@PancakeV3/500 in=10.26 ARB gap=42.2bps profit=$0.004 net=$-0.007"}
{"level":30,"time":1790818723490,"pid":1079,"hostname":"vm","msg":"  ARB>USDC.e@PancakeV3/500 USDC.e>ARB@UniswapV3/500 in=26.35 ARB gap=23.9bps profit=$0.004 net=$-0.007"}
{"level":30,"time":1790818723490,"pid":1079,"hostname":"vm","msg":"  ARB>USDC.e@PancakeV3/100 USDC.e>ARB@UniswapV3/500 in=16.11 ARB gap=22.4bps profit=$0.003 net=$-0.009"}
{"level":30,"time":1790818723490,"pid":1079,"hostname":"vm","msg":"  ARB>USDC@PancakeV3/100 USDC>ARB@UniswapV3/100 in=4.126 ARB gap=24.8bps profit=$0.001 net=$-0.010"}
{"level":30,"time":1790818724099,"pid":1079,"hostname":"vm","block":510517381,"gross":198,"net":0,"sumNetUsd":0,"gasPriceGwei":0.020006,"txCostUsd":0.0134,"syncMs":167,"searchMs":139,"msg":"block scanned"}
{"level":30,"time":1790818724099,"pid":1079,"hostname":"vm","msg":"  ARB>USDC@PancakeV3/100 USDC>ARB@UniswapV3/500 in=10.21 ARB gap=42.8bps profit=$0.004 net=$-0.007"}
{"level":30,"time":1790818724099,"pid":1079,"hostname":"vm","msg":"  ARB>USDC@PancakeV3/100 USDC>ARB@PancakeV3/500 in=10.26 ARB gap=42.2bps profit=$0.004 net=$-0.007"}
{"level":30,"time":1790818724099,"pid":1079,"hostname":"vm","msg":"  ARB>USDC.e@PancakeV3/500 USDC.e>ARB@UniswapV3/500 in=26.35 ARB gap=23.9bps profit=$0.004 net=$-0.007"}
{"level":30,"time":1790818724099,"pid":1079,"hostname":"vm","msg":"  ARB>USDC.e@PancakeV3/100 USDC.e>ARB@UniswapV3/500 in=16.11 ARB gap=22.4bps profit=$0.003 net=$-0.008"}
{"level":30,"time":1790818724099,"pid":1079,"hostname":"vm","msg":"  ARB>USDC@PancakeV3/100 USDC>ARB@UniswapV3/100 in=4.126 ARB gap=24.8bps profit=$0.001 net=$-0.010"}
{"level":30,"time":1790818724713,"pid":1079,"hostname":"vm","block":510517383,"gross":198,"net":0,"sumNetUsd":0,"gasPriceGwei":0.02,"txCostUsd":0.0134,"syncMs":148,"searchMs":145,"msg":"block scanned"}
{"level":30,"time":1790818724713,"pid":1079,"hostname":"vm","msg":"  ARB>USDC@PancakeV3/100 USDC>ARB@UniswapV3/500 in=10.21 ARB gap=42.8bps profit=$0.004 net=$-0.007"}
{"level":30,"time":1790818724713,"pid":1079,"hostname":"vm","msg":"  ARB>USDC@PancakeV3/100 USDC>ARB@PancakeV3/500 in=10.26 ARB gap=42.2bps profit=$0.004 net=$-0.007"}
{"level":30,"time":1790818724713,"pid":1079,"hostname":"vm","msg":"  ARB>USDC.e@PancakeV3/500 USDC.e>ARB@UniswapV3/500 in=26.35 ARB gap=23.9bps profit=$0.004 net=$-0.007"}
{"level":30,"time":1790818724713,"pid":1079,"hostname":"vm","msg":"  ARB>USDC.e@PancakeV3/100 USDC.e>ARB@UniswapV3/500 in=16.11 ARB gap=22.4bps profit=$0.003 net=$-0.008"}
{"level":30,"time":1790818724713,"pid":1079,"hostname":"vm","msg":"  ARB>USDC@PancakeV3/100 USDC>ARB@UniswapV3/100 in=4.126 ARB gap=24.8bps profit=$0.001 net=$-0.010"}
{"level":30,"time":1790818725300,"pid":1079,"hostname":"vm","block":510517386,"gross":201,"net":0,"sumNetUsd":0,"gasPriceGwei":0.020032,"txCostUsd":0.0135,"syncMs":146,"searchMs":129,"msg":"block scanned"}
{"level":30,"time":1790818725300,"pid":1079,"hostname":"vm","msg":"  ARB>USDC@PancakeV3/100 USDC>ARB@UniswapV3/500 in=10.21 ARB gap=42.8bps profit=$0.004 net=$-0.007"}
{"level":30,"time":1790818725300,"pid":1079,"hostname":"vm","msg":"  ARB>USDC@PancakeV3/100 USDC>ARB@PancakeV3/500 in=10.26 ARB gap=42.2bps profit=$0.004 net=$-0.007"}
{"level":30,"time":1790818725300,"pid":1079,"hostname":"vm","msg":"  ARB>USDC.e@PancakeV3/500 USDC.e>ARB@UniswapV3/500 in=26.35 ARB gap=23.9bps profit=$0.004 net=$-0.007"}
{"level":30,"time":1790818725300,"pid":1079,"hostname":"vm","msg":"  ARB>USDC.e@PancakeV3/100 USDC.e>ARB@UniswapV3/500 in=16.11 ARB gap=22.4bps profit=$0.003 net=$-0.008"}
{"level":30,"time":1790818725300,"pid":1079,"hostname":"vm","msg":"  ARB>USDC@PancakeV3/100 USDC>ARB@UniswapV3/100 in=4.126 ARB gap=24.8bps profit=$0.001 net=$-0.010"}
{"level":30,"time":1790818725935,"pid":1079,"hostname":"vm","block":510517388,"gross":199,"net":0,"sumNetUsd":0,"gasPriceGwei":0.02,"txCostUsd":0.0134,"syncMs":149,"searchMs":171,"msg":"block scanned"}
{"level":30,"time":1790818725935,"pid":1079,"hostname":"vm","msg":"  ARB>USDC@PancakeV3/100 USDC>ARB@UniswapV3/500 in=10.21 ARB gap=42.8bps profit=$0.004 net=$-0.007"}
{"level":30,"time":1790818725935,"pid":1079,"hostname":"vm","msg":"  ARB>USDC@PancakeV3/100 USDC>ARB@PancakeV3/500 in=10.26 ARB gap=42.2bps profit=$0.004 net=$-0.007"}
{"level":30,"time":1790818725935,"pid":1079,"hostname":"vm","msg":"  ARB>USDC.e@PancakeV3/500 USDC.e>ARB@UniswapV3/500 in=26.35 ARB gap=23.9bps profit=$0.004 net=$-0.007"}
{"level":30,"time":1790818725935,"pid":1079,"hostname":"vm","msg":"  ARB>USDC.e@PancakeV3/100 USDC.e>ARB@UniswapV3/500 in=16.11 ARB gap=22.4bps profit=$0.003 net=$-0.008"}
{"level":30,"time":1790818725935,"pid":1079,"hostname":"vm","msg":"  ARB>USDC@PancakeV3/100 USDC>ARB@UniswapV3/100 in=4.126 ARB gap=24.8bps profit=$0.001 net=$-0.010"}
{"level":30,"time":1790818726561,"pid":1079,"hostname":"vm","block":510517390,"gross":199,"net":0,"sumNetUsd":0,"gasPriceGwei":0.020022,"txCostUsd":0.0134,"syncMs":169,"searchMs":145,"msg":"block scanned"}
{"level":30,"time":1790818726561,"pid":1079,"hostname":"vm","msg":"  ARB>USDC@PancakeV3/100 USDC>ARB@UniswapV3/500 in=10.21 ARB gap=42.8bps profit=$0.004 net=$-0.007"}
{"level":30,"time":1790818726561,"pid":1079,"hostname":"vm","msg":"  ARB>USDC@PancakeV3/100 USDC>ARB@PancakeV3/500 in=10.26 ARB gap=42.2bps profit=$0.004 net=$-0.007"}
{"level":30,"time":1790818726561,"pid":1079,"hostname":"vm","msg":"  ARB>USDC.e@PancakeV3/500 USDC.e>ARB@UniswapV3/500 in=26.35 ARB gap=23.9bps profit=$0.004 net=$-0.007"}
{"level":30,"time":1790818726561,"pid":1079,"hostname":"vm","msg":"  ARB>USDC.e@PancakeV3/100 USDC.e>ARB@UniswapV3/500 in=16.11 ARB gap=22.4bps profit=$0.003 net=$-0.008"}
{"level":30,"time":1790818726561,"pid":1079,"hostname":"vm","msg":"  ARB>USDC@PancakeV3/100 USDC>ARB@UniswapV3/100 in=4.126 ARB gap=24.8bps profit=$0.001 net=$-0.010"}
{"level":30,"time":1790818727163,"pid":1079,"hostname":"vm","block":510517391,"gross":199,"net":0,"sumNetUsd":0,"gasPriceGwei":0.020004,"txCostUsd":0.0134,"syncMs":147,"searchMs":148,"msg":"block scanned"}
{"level":30,"time":1790818727163,"pid":1079,"hostname":"vm","msg":"  ARB>USDC@PancakeV3/100 USDC>ARB@UniswapV3/500 in=10.21 ARB gap=42.8bps profit=$0.004 net=$-0.007"}
{"level":30,"time":1790818727163,"pid":1079,"hostname":"vm","msg":"  ARB>USDC@PancakeV3/100 USDC>ARB@PancakeV3/500 in=10.26 ARB gap=42.2bps profit=$0.004 net=$-0.007"}
{"level":30,"time":1790818727163,"pid":1079,"hostname":"vm","msg":"  ARB>USDC.e@PancakeV3/500 USDC.e>ARB@UniswapV3/500 in=26.35 ARB gap=23.9bps profit=$0.004 net=$-0.007"}
{"level":30,"time":1790818727163,"pid":1079,"hostname":"vm","msg":"  ARB>USDC.e@PancakeV3/100 USDC.e>ARB@UniswapV3/500 in=16.11 ARB gap=22.4bps profit=$0.003 net=$-0.008"}
{"level":30,"time":1790818727163,"pid":1079,"hostname":"vm","msg":"  ARB>USDC@PancakeV3/100 USDC>ARB@UniswapV3/100 in=4.126 ARB gap=24.8bps profit=$0.001 net=$-0.010"}
{"level":30,"time":1790818727835,"pid":1079,"hostname":"vm","block":510517393,"gross":199,"net":0,"sumNetUsd":0,"gasPriceGwei":0.02,"txCostUsd":0.0134,"syncMs":213,"searchMs":147,"msg":"block scanned"}
{"level":30,"time":1790818727835,"pid":1079,"hostname":"vm","msg":"  ARB>USDC@PancakeV3/100 USDC>ARB@UniswapV3/500 in=10.21 ARB gap=42.8bps profit=$0.004 net=$-0.007"}
{"level":30,"time":1790818727835,"pid":1079,"hostname":"vm","msg":"  ARB>USDC@PancakeV3/100 USDC>ARB@PancakeV3/500 in=10.26 ARB gap=42.2bps profit=$0.004 net=$-0.007"}
{"level":30,"time":1790818727835,"pid":1079,"hostname":"vm","msg":"  ARB>USDC.e@PancakeV3/500 USDC.e>ARB@UniswapV3/500 in=26.35 ARB gap=23.9bps profit=$0.004 net=$-0.007"}
{"level":30,"time":1790818727835,"pid":1079,"hostname":"vm","msg":"  ARB>USDC.e@PancakeV3/100 USDC.e>ARB@UniswapV3/500 in=16.11 ARB gap=22.4bps profit=$0.003 net=$-0.008"}
{"level":30,"time":1790818727835,"pid":1079,"hostname":"vm","msg":"  ARB>USDC@PancakeV3/100 USDC>ARB@UniswapV3/100 in=4.126 ARB gap=24.8bps profit=$0.001 net=$-0.010"}
{"level":30,"time":1790818728329,"pid":1079,"hostname":"vm","block":510517395,"gross":199,"net":0,"sumNetUsd":0,"gasPriceGwei":0.020034,"txCostUsd":0.0135,"syncMs":135,"searchMs":157,"msg":"block scanned"}
{"level":30,"time":1790818728329,"pid":1079,"hostname":"vm","msg":"  ARB>USDC@PancakeV3/100 USDC>ARB@UniswapV3/500 in=10.21 ARB gap=42.8bps profit=$0.004 net=$-0.007"}
{"level":30,"time":1790818728329,"pid":1079,"hostname":"vm","msg":"  ARB>USDC@PancakeV3/100 USDC>ARB@PancakeV3/500 in=10.26 ARB gap=42.2bps profit=$0.004 net=$-0.007"}
{"level":30,"time":1790818728329,"pid":1079,"hostname":"vm","msg":"  ARB>USDC.e@PancakeV3/500 USDC.e>ARB@UniswapV3/500 in=26.35 ARB gap=23.9bps profit=$0.004 net=$-0.007"}
{"level":30,"time":1790818728329,"pid":1079,"hostname":"vm","msg":"  ARB>USDC.e@PancakeV3/100 USDC.e>ARB@UniswapV3/500 in=16.11 ARB gap=22.4bps profit=$0.003 net=$-0.008"}
{"level":30,"time":1790818728329,"pid":1079,"hostname":"vm","msg":"  ARB>USDC@PancakeV3/100 USDC>ARB@UniswapV3/100 in=4.126 ARB gap=24.8bps profit=$0.001 net=$-0.010"}
{"level":30,"time":1790818728933,"pid":1079,"hostname":"vm","block":510517397,"gross":199,"net":0,"sumNetUsd":0,"gasPriceGwei":0.02,"txCostUsd":0.0134,"syncMs":150,"searchMs":151,"msg":"block scanned"}
{"level":30,"time":1790818728933,"pid":1079,"hostname":"vm","msg":"  ARB>USDC@PancakeV3/100 USDC>ARB@UniswapV3/500 in=10.21 ARB gap=42.8bps profit=$0.004 net=$-0.007"}
{"level":30,"time":1790818728933,"pid":1079,"hostname":"vm","msg":"  ARB>USDC@PancakeV3/100 USDC>ARB@PancakeV3/500 in=10.26 ARB gap=42.2bps profit=$0.004 net=$-0.007"}
{"level":30,"time":1790818728933,"pid":1079,"hostname":"vm","msg":"  ARB>USDC.e@PancakeV3/500 USDC.e>ARB@UniswapV3/500 in=26.35 ARB gap=23.9bps profit=$0.004 net=$-0.007"}
{"level":30,"time":1790818728933,"pid":1079,"hostname":"vm","msg":"  ARB>USDC.e@PancakeV3/100 USDC.e>ARB@UniswapV3/500 in=16.11 ARB gap=22.4bps profit=$0.003 net=$-0.008"}
{"level":30,"time":1790818728933,"pid":1079,"hostname":"vm","msg":"  ARB>USDC@PancakeV3/100 USDC>ARB@UniswapV3/100 in=4.126 ARB gap=24.8bps profit=$0.001 net=$-0.010"}
{"level":30,"time":1790818729552,"pid":1079,"hostname":"vm","block":510517399,"gross":199,"net":0,"sumNetUsd":0,"gasPriceGwei":0.020022,"txCostUsd":0.0134,"syncMs":158,"searchMs":150,"msg":"block scanned"}
{"level":30,"time":1790818729552,"pid":1079,"hostname":"vm","msg":"  ARB>USDC@PancakeV3/100 USDC>ARB@UniswapV3/500 in=10.21 ARB gap=42.8bps profit=$0.004 net=$-0.007"}
{"level":30,"time":1790818729552,"pid":1079,"hostname":"vm","msg":"  ARB>USDC@PancakeV3/100 USDC>ARB@PancakeV3/500 in=10.26 ARB gap=42.2bps profit=$0.004 net=$-0.007"}
{"level":30,"time":1790818729552,"pid":1079,"hostname":"vm","msg":"  ARB>USDC.e@PancakeV3/500 USDC.e>ARB@UniswapV3/500 in=26.35 ARB gap=23.9bps profit=$0.004 net=$-0.007"}
{"level":30,"time":1790818729552,"pid":1079,"hostname":"vm","msg":"  ARB>USDC.e@PancakeV3/100 USDC.e>ARB@UniswapV3/500 in=16.11 ARB gap=22.4bps profit=$0.003 net=$-0.008"}
{"level":30,"time":1790818729552,"pid":1079,"hostname":"vm","msg":"  ARB>USDC@PancakeV3/100 USDC>ARB@UniswapV3/100 in=4.126 ARB gap=24.8bps profit=$0.001 net=$-0.010"}
{"level":30,"time":1790818730210,"pid":1079,"hostname":"vm","block":510517401,"gross":202,"net":0,"sumNetUsd":0,"gasPriceGwei":0.02005,"txCostUsd":0.0135,"syncMs":179,"searchMs":167,"msg":"block scanned"}
{"level":30,"time":1790818730210,"pid":1079,"hostname":"vm","msg":"  ARB>USDC@PancakeV3/100 USDC>ARB@UniswapV3/500 in=10.21 ARB gap=42.8bps profit=$0.004 net=$-0.007"}
{"level":30,"time":1790818730210,"pid":1079,"hostname":"vm","msg":"  ARB>USDC@PancakeV3/100 USDC>ARB@PancakeV3/500 in=10.26 ARB gap=42.2bps profit=$0.004 net=$-0.007"}
{"level":30,"time":1790818730210,"pid":1079,"hostname":"vm","msg":"  ARB>USDC.e@PancakeV3/500 USDC.e>ARB@UniswapV3/500 in=18.88 ARB gap=20bps profit=$0.002 net=$-0.009"}
{"level":30,"time":1790818730210,"pid":1079,"hostname":"vm","msg":"  ARB>USDC.e@PancakeV3/100 USDC.e>ARB@UniswapV3/500 in=12.48 ARB gap=18.4bps profit=$0.002 net=$-0.010"}
{"level":30,"time":1790818730210,"pid":1079,"hostname":"vm","msg":"  ARB>USDC@PancakeV3/100 USDC>ARB@UniswapV3/100 in=4.126 ARB gap=24.8bps profit=$0.001 net=$-0.010"}
{"level":30,"time":1790818750614,"pid":1079,"hostname":"vm","block":510517402,"gross":202,"net":0,"sumNetUsd":0,"gasPriceGwei":0.02,"txCostUsd":0.0134,"syncMs":20055,"searchMs":144,"msg":"block scanned"}
{"level":30,"time":1790818750614,"pid":1079,"hostname":"vm","msg":"  ARB>USDC@PancakeV3/100 USDC>ARB@UniswapV3/500 in=10.21 ARB gap=42.8bps profit=$0.004 net=$-0.007"}
{"level":30,"time":1790818750614,"pid":1079,"hostname":"vm","msg":"  ARB>USDC@PancakeV3/100 USDC>ARB@PancakeV3/500 in=10.26 ARB gap=42.2bps profit=$0.004 net=$-0.007"}
{"level":30,"time":1790818750614,"pid":1079,"hostname":"vm","msg":"  ARB>USDC.e@PancakeV3/500 USDC.e>ARB@UniswapV3/500 in=18.88 ARB gap=20bps profit=$0.002 net=$-0.009"}
{"level":30,"time":1790818750614,"pid":1079,"hostname":"vm","msg":"  ARB>USDC.e@PancakeV3/100 USDC.e>ARB@UniswapV3/500 in=12.48 ARB gap=18.4bps profit=$0.002 net=$-0.010"}
{"level":30,"time":1790818750614,"pid":1079,"hostname":"vm","msg":"  ARB>USDC@PancakeV3/100 USDC>ARB@UniswapV3/100 in=4.126 ARB gap=24.8bps profit=$0.001 net=$-0.010"}
{"level":30,"time":1790818751011,"pid":1079,"hostname":"vm","block":510517469,"gross":196,"net":0,"sumNetUsd":0,"gasPriceGwei":0.020106,"txCostUsd":0.0135,"syncMs":142,"searchMs":148,"msg":"block scanned"}
{"level":30,"time":1790818751011,"pid":1079,"hostname":"vm","msg":"  ARB>USDC@PancakeV3/100 USDC>ARB@UniswapV3/500 in=10.21 ARB gap=42.8bps profit=$0.004 net=$-0.007"}
{"level":30,"time":1790818751011,"pid":1079,"hostname":"vm","msg":"  ARB>USDC@PancakeV3/100 USDC>ARB@PancakeV3/500 in=9.501 ARB gap=39.5bps profit=$0.003 net=$-0.008"}
{"level":30,"time":1790818751011,"pid":1079,"hostname":"vm","msg":"  ARB>USDC.e@PancakeV3/500 USDC.e>ARB@UniswapV3/500 in=18.88 ARB gap=20bps profit=$0.002 net=$-0.009"}
{"level":30,"time":1790818751011,"pid":1079,"hostname":"vm","msg":"  ARB>USDC.e@PancakeV3/100 USDC.e>ARB@UniswapV3/500 in=12.48 ARB gap=18.4bps profit=$0.002 net=$-0.010"}
{"level":30,"time":1790818751011,"pid":1079,"hostname":"vm","msg":"  ARB>USDC@PancakeV3/100 USDC>ARB@UniswapV3/100 in=4.126 ARB gap=24.8bps profit=$0.001 net=$-0.010"}
{"level":30,"time":1790818751598,"pid":1079,"hostname":"vm","block":510517472,"gross":198,"net":0,"sumNetUsd":0,"gasPriceGwei":0.02,"txCostUsd":0.0134,"syncMs":134,"searchMs":144,"msg":"block scanned"}
{"level":30,"time":1790818751598,"pid":1079,"hostname":"vm","msg":"  ARB>USDC@PancakeV3/100 USDC>ARB@UniswapV3/500 in=10.21 ARB gap=42.8bps profit=$0.004 net=$-0.007"}
{"level":30,"time":1790818751598,"pid":1079,"hostname":"vm","msg":"  ARB>USDC@PancakeV3/100 USDC>ARB@PancakeV3/500 in=9.501 ARB gap=39.5bps profit=$0.003 net=$-0.008"}
{"level":30,"time":1790818751598,"pid":1079,"hostname":"vm","msg":"  ARB>USDC.e@PancakeV3/500 USDC.e>ARB@UniswapV3/500 in=18.88 ARB gap=20bps profit=$0.002 net=$-0.009"}
{"level":30,"time":1790818751598,"pid":1079,"hostname":"vm","msg":"  ARB>USDC.e@PancakeV3/100 USDC.e>ARB@UniswapV3/500 in=12.48 ARB gap=18.4bps profit=$0.002 net=$-0.010"}
{"level":30,"time":1790818751598,"pid":1079,"hostname":"vm","msg":"  ARB>USDC@PancakeV3/100 USDC>ARB@UniswapV3/100 in=4.126 ARB gap=24.8bps profit=$0.001 net=$-0.010"}
{"level":30,"time":1790818752188,"pid":1079,"hostname":"vm","block":510517473,"gross":198,"net":0,"sumNetUsd":0,"gasPriceGwei":0.020004,"txCostUsd":0.0134,"syncMs":146,"searchMs":139,"msg":"block scanned"}
{"level":30,"time":1790818752188,"pid":1079,"hostname":"vm","msg":"  ARB>USDC@PancakeV3/100 USDC>ARB@UniswapV3/500 in=10.21 ARB gap=42.8bps profit=$0.004 net=$-0.007"}
{"level":30,"time":1790818752188,"pid":1079,"hostname":"vm","msg":"  ARB>USDC@PancakeV3/100 USDC>ARB@PancakeV3/500 in=9.501 ARB gap=39.5bps profit=$0.003 net=$-0.008"}
{"level":30,"time":1790818752188,"pid":1079,"hostname":"vm","msg":"  ARB>USDC.e@PancakeV3/500 USDC.e>ARB@UniswapV3/500 in=18.88 ARB gap=20bps profit=$0.002 net=$-0.009"}
{"level":30,"time":1790818752188,"pid":1079,"hostname":"vm","msg":"  ARB>USDC.e@PancakeV3/100 USDC.e>ARB@UniswapV3/500 in=12.48 ARB gap=18.4bps profit=$0.002 net=$-0.010"}
{"level":30,"time":1790818752188,"pid":1079,"hostname":"vm","msg":"  ARB>USDC@PancakeV3/100 USDC>ARB@UniswapV3/100 in=4.126 ARB gap=24.8bps profit=$0.001 net=$-0.010"}
{"level":30,"time":1790818752774,"pid":1079,"hostname":"vm","block":510517475,"gross":198,"net":0,"sumNetUsd":0,"gasPriceGwei":0.020004,"txCostUsd":0.0134,"syncMs":164,"searchMs":116,"msg":"block scanned"}
{"level":30,"time":1790818752774,"pid":1079,"hostname":"vm","msg":"  ARB>USDC@PancakeV3/100 USDC>ARB@UniswapV3/500 in=10.21 ARB gap=42.8bps profit=$0.004 net=$-0.007"}
{"level":30,"time":1790818752774,"pid":1079,"hostname":"vm","msg":"  ARB>USDC@PancakeV3/100 USDC>ARB@PancakeV3/500 in=9.501 ARB gap=39.5bps profit=$0.003 net=$-0.008"}
{"level":30,"time":1790818752774,"pid":1079,"hostname":"vm","msg":"  ARB>USDC.e@PancakeV3/500 USDC.e>ARB@UniswapV3/500 in=18.88 ARB gap=20bps profit=$0.002 net=$-0.009"}
{"level":30,"time":1790818752774,"pid":1079,"hostname":"vm","msg":"  ARB>USDC.e@PancakeV3/100 USDC.e>ARB@UniswapV3/500 in=12.48 ARB gap=18.4bps profit=$0.002 net=$-0.010"}
{"level":30,"time":1790818752774,"pid":1079,"hostname":"vm","msg":"  ARB>USDC@PancakeV3/100 USDC>ARB@UniswapV3/100 in=4.126 ARB gap=24.8bps profit=$0.001 net=$-0.010"}
{"level":30,"time":1790818753432,"pid":1079,"hostname":"vm","block":510517478,"gross":198,"net":0,"sumNetUsd":0,"gasPriceGwei":0.020094,"txCostUsd":0.0135,"syncMs":169,"searchMs":165,"msg":"block scanned"}
{"level":30,"time":1790818753432,"pid":1079,"hostname":"vm","msg":"  ARB>USDC@PancakeV3/100 USDC>ARB@UniswapV3/500 in=10.21 ARB gap=42.8bps profit=$0.004 net=$-0.007"}
{"level":30,"time":1790818753432,"pid":1079,"hostname":"vm","msg":"  ARB>USDC@PancakeV3/100 USDC>ARB@PancakeV3/500 in=9.501 ARB gap=39.5bps profit=$0.003 net=$-0.008"}
{"level":30,"time":1790818753432,"pid":1079,"hostname":"vm","msg":"  ARB>USDC.e@PancakeV3/500 USDC.e>ARB@UniswapV3/500 in=18.88 ARB gap=20bps profit=$0.002 net=$-0.009"}
{"level":30,"time":1790818753432,"pid":1079,"hostname":"vm","msg":"  ARB>USDC.e@PancakeV3/100 USDC.e>ARB@UniswapV3/500 in=12.48 ARB gap=18.4bps profit=$0.002 net=$-0.010"}
{"level":30,"time":1790818753432,"pid":1079,"hostname":"vm","msg":"  ARB>USDC@PancakeV3/100 USDC>ARB@UniswapV3/100 in=4.126 ARB gap=24.8bps profit=$0.001 net=$-0.010"}
{"level":30,"time":1790818753916,"pid":1079,"hostname":"vm","block":510517479,"gross":198,"net":0,"sumNetUsd":0,"gasPriceGwei":0.020014,"txCostUsd":0.0134,"syncMs":134,"searchMs":148,"msg":"block scanned"}
{"level":30,"time":1790818753916,"pid":1079,"hostname":"vm","msg":"  ARB>USDC@PancakeV3/100 USDC>ARB@UniswapV3/500 in=10.21 ARB gap=42.8bps profit=$0.004 net=$-0.007"}
{"level":30,"time":1790818753916,"pid":1079,"hostname":"vm","msg":"  ARB>USDC@PancakeV3/100 USDC>ARB@PancakeV3/500 in=9.501 ARB gap=39.5bps profit=$0.003 net=$-0.008"}
{"level":30,"time":1790818753916,"pid":1079,"hostname":"vm","msg":"  ARB>USDC.e@PancakeV3/500 USDC.e>ARB@UniswapV3/500 in=18.88 ARB gap=20bps profit=$0.002 net=$-0.009"}
{"level":30,"time":1790818753916,"pid":1079,"hostname":"vm","msg":"  ARB>USDC.e@PancakeV3/100 USDC.e>ARB@UniswapV3/500 in=12.48 ARB gap=18.4bps profit=$0.002 net=$-0.010"}
{"level":30,"time":1790818753916,"pid":1079,"hostname":"vm","msg":"  ARB>USDC@PancakeV3/100 USDC>ARB@UniswapV3/100 in=4.126 ARB gap=24.8bps profit=$0.001 net=$-0.010"}
{"level":30,"time":1790818754518,"pid":1079,"hostname":"vm","block":510517482,"gross":198,"net":0,"sumNetUsd":0,"gasPriceGwei":0.020054,"txCostUsd":0.0135,"syncMs":152,"searchMs":142,"msg":"block scanned"}
{"level":30,"time":1790818754518,"pid":1079,"hostname":"vm","msg":"  ARB>USDC@PancakeV3/100 USDC>ARB@UniswapV3/500 in=10.21 ARB gap=42.8bps profit=$0.004 net=$-0.007"}
{"level":30,"time":1790818754518,"pid":1079,"hostname":"vm","msg":"  ARB>USDC@PancakeV3/100 USDC>ARB@PancakeV3/500 in=9.501 ARB gap=39.5bps profit=$0.003 net=$-0.008"}
{"level":30,"time":1790818754518,"pid":1079,"hostname":"vm","msg":"  ARB>USDC.e@PancakeV3/500 USDC.e>ARB@UniswapV3/500 in=18.88 ARB gap=20bps profit=$0.002 net=$-0.009"}
{"level":30,"time":1790818754518,"pid":1079,"hostname":"vm","msg":"  ARB>USDC.e@PancakeV3/100 USDC.e>ARB@UniswapV3/500 in=12.48 ARB gap=18.4bps profit=$0.002 net=$-0.010"}
{"level":30,"time":1790818754518,"pid":1079,"hostname":"vm","msg":"  ARB>USDC@PancakeV3/100 USDC>ARB@UniswapV3/100 in=4.126 ARB gap=24.8bps profit=$0.001 net=$-0.010"}
{"level":30,"time":1790818755136,"pid":1079,"hostname":"vm","block":510517483,"gross":198,"net":0,"sumNetUsd":0,"gasPriceGwei":0.02,"txCostUsd":0.0134,"syncMs":166,"searchMs":144,"msg":"block scanned"}
{"level":30,"time":1790818755136,"pid":1079,"hostname":"vm","msg":"  ARB>USDC@PancakeV3/100 USDC>ARB@UniswapV3/500 in=10.21 ARB gap=42.8bps profit=$0.004 net=$-0.007"}
{"level":30,"time":1790818755136,"pid":1079,"hostname":"vm","msg":"  ARB>USDC@PancakeV3/100 USDC>ARB@PancakeV3/500 in=9.501 ARB gap=39.5bps profit=$0.003 net=$-0.008"}
{"level":30,"time":1790818755136,"pid":1079,"hostname":"vm","msg":"  ARB>USDC.e@PancakeV3/500 USDC.e>ARB@UniswapV3/500 in=18.88 ARB gap=20bps profit=$0.002 net=$-0.009"}
{"level":30,"time":1790818755136,"pid":1079,"hostname":"vm","msg":"  ARB>USDC.e@PancakeV3/100 USDC.e>ARB@UniswapV3/500 in=12.48 ARB gap=18.4bps profit=$0.002 net=$-0.010"}
{"level":30,"time":1790818755136,"pid":1079,"hostname":"vm","msg":"  ARB>USDC@PancakeV3/100 USDC>ARB@UniswapV3/100 in=4.126 ARB gap=24.8bps profit=$0.001 net=$-0.010"}
{"level":30,"time":1790818755762,"pid":1079,"hostname":"vm","block":510517484,"gross":198,"net":0,"sumNetUsd":0,"gasPriceGwei":0.02,"txCostUsd":0.0134,"syncMs":165,"searchMs":150,"msg":"block scanned"}
{"level":30,"time":1790818755763,"pid":1079,"hostname":"vm","msg":"  ARB>USDC@PancakeV3/100 USDC>ARB@UniswapV3/500 in=10.21 ARB gap=42.8bps profit=$0.004 net=$-0.007"}
{"level":30,"time":1790818755763,"pid":1079,"hostname":"vm","msg":"  ARB>USDC@PancakeV3/100 USDC>ARB@PancakeV3/500 in=9.501 ARB gap=39.5bps profit=$0.003 net=$-0.008"}
{"level":30,"time":1790818755763,"pid":1079,"hostname":"vm","msg":"  ARB>USDC.e@PancakeV3/500 USDC.e>ARB@UniswapV3/500 in=18.88 ARB gap=20bps profit=$0.002 net=$-0.009"}
{"level":30,"time":1790818755763,"pid":1079,"hostname":"vm","msg":"  ARB>USDC.e@PancakeV3/100 USDC.e>ARB@UniswapV3/500 in=12.48 ARB gap=18.4bps profit=$0.002 net=$-0.010"}
{"level":30,"time":1790818755763,"pid":1079,"hostname":"vm","msg":"  ARB>USDC@PancakeV3/100 USDC>ARB@UniswapV3/100 in=4.126 ARB gap=24.8bps profit=$0.001 net=$-0.010"}
{"level":30,"time":1790818756394,"pid":1079,"hostname":"vm","block":510517486,"gross":198,"net":0,"sumNetUsd":0,"gasPriceGwei":0.020006,"txCostUsd":0.0134,"syncMs":176,"searchMs":142,"msg":"block scanned"}
{"level":30,"time":1790818756394,"pid":1079,"hostname":"vm","msg":"  ARB>USDC@PancakeV3/100 USDC>ARB@UniswapV3/500 in=10.21 ARB gap=42.8bps profit=$0.004 net=$-0.007"}
{"level":30,"time":1790818756394,"pid":1079,"hostname":"vm","msg":"  ARB>USDC@PancakeV3/100 USDC>ARB@PancakeV3/500 in=9.501 ARB gap=39.5bps profit=$0.003 net=$-0.008"}
{"level":30,"time":1790818756394,"pid":1079,"hostname":"vm","msg":"  ARB>USDC.e@PancakeV3/500 USDC.e>ARB@UniswapV3/500 in=18.88 ARB gap=20bps profit=$0.002 net=$-0.009"}
{"level":30,"time":1790818756394,"pid":1079,"hostname":"vm","msg":"  ARB>USDC.e@PancakeV3/100 USDC.e>ARB@UniswapV3/500 in=12.48 ARB gap=18.4bps profit=$0.002 net=$-0.010"}
{"level":30,"time":1790818756394,"pid":1079,"hostname":"vm","msg":"  ARB>USDC@PancakeV3/100 USDC>ARB@UniswapV3/100 in=4.126 ARB gap=24.8bps profit=$0.001 net=$-0.010"}
{"level":30,"time":1790818757029,"pid":1079,"hostname":"vm","block":510517488,"gross":198,"net":0,"sumNetUsd":0,"gasPriceGwei":0.02031,"txCostUsd":0.0136,"syncMs":184,"searchMs":144,"msg":"block scanned"}
{"level":30,"time":1790818757029,"pid":1079,"hostname":"vm","msg":"  ARB>USDC@PancakeV3/100 USDC>ARB@UniswapV3/500 in=10.21 ARB gap=42.8bps profit=$0.004 net=$-0.007"}
{"level":30,"time":1790818757029,"pid":1079,"hostname":"vm","msg":"  ARB>USDC@PancakeV3/100 USDC>ARB@PancakeV3/500 in=9.501 ARB gap=39.5bps profit=$0.003 net=$-0.008"}
{"level":30,"time":1790818757029,"pid":1079,"hostname":"vm","msg":"  ARB>USDC.e@PancakeV3/500 USDC.e>ARB@UniswapV3/500 in=18.88 ARB gap=20bps profit=$0.002 net=$-0.009"}
{"level":30,"time":1790818757029,"pid":1079,"hostname":"vm","msg":"  ARB>USDC.e@PancakeV3/100 USDC.e>ARB@UniswapV3/500 in=12.48 ARB gap=18.4bps profit=$0.002 net=$-0.010"}
{"level":30,"time":1790818757029,"pid":1079,"hostname":"vm","msg":"  ARB>USDC@PancakeV3/100 USDC>ARB@UniswapV3/100 in=4.126 ARB gap=24.8bps profit=$0.001 net=$-0.010"}
{"level":30,"time":1790818757657,"pid":1079,"hostname":"vm","block":510517490,"gross":198,"net":0,"sumNetUsd":0,"gasPriceGwei":0.02,"txCostUsd":0.0134,"syncMs":169,"searchMs":152,"msg":"block scanned"}
{"level":30,"time":1790818757657,"pid":1079,"hostname":"vm","msg":"  ARB>USDC@PancakeV3/100 USDC>ARB@UniswapV3/500 in=10.21 ARB gap=42.8bps profit=$0.004 net=$-0.007"}
{"level":30,"time":1790818757657,"pid":1079,"hostname":"vm","msg":"  ARB>USDC@PancakeV3/100 USDC>ARB@PancakeV3/500 in=9.501 ARB gap=39.5bps profit=$0.003 net=$-0.008"}
{"level":30,"time":1790818757657,"pid":1079,"hostname":"vm","msg":"  ARB>USDC.e@PancakeV3/500 USDC.e>ARB@UniswapV3/500 in=18.88 ARB gap=20bps profit=$0.002 net=$-0.009"}
{"level":30,"time":1790818757657,"pid":1079,"hostname":"vm","msg":"  ARB>USDC.e@PancakeV3/100 USDC.e>ARB@UniswapV3/500 in=12.48 ARB gap=18.4bps profit=$0.002 net=$-0.010"}
{"level":30,"time":1790818757657,"pid":1079,"hostname":"vm","msg":"  ARB>USDC@PancakeV3/100 USDC>ARB@UniswapV3/100 in=4.126 ARB gap=24.8bps profit=$0.001 net=$-0.010"}
{"level":30,"time":1790818758309,"pid":1079,"hostname":"vm","block":510517493,"gross":198,"net":0,"sumNetUsd":0,"gasPriceGwei":0.020004,"txCostUsd":0.0134,"syncMs":207,"searchMs":138,"msg":"block scanned"}
{"level":30,"time":1790818758309,"pid":1079,"hostname":"vm","msg":"  ARB>USDC@PancakeV3/100 USDC>ARB@UniswapV3/500 in=10.21 ARB gap=42.8bps profit=$0.004 net=$-0.007"}
{"level":30,"time":1790818758309,"pid":1079,"hostname":"vm","msg":"  ARB>USDC@PancakeV3/100 USDC>ARB@PancakeV3/500 in=9.501 ARB gap=39.5bps profit=$0.003 net=$-0.008"}
{"level":30,"time":1790818758309,"pid":1079,"hostname":"vm","msg":"  ARB>USDC.e@PancakeV3/500 USDC.e>ARB@UniswapV3/500 in=18.88 ARB gap=20bps profit=$0.002 net=$-0.009"}
{"level":30,"time":1790818758309,"pid":1079,"hostname":"vm","msg":"  ARB>USDC.e@PancakeV3/100 USDC.e>ARB@UniswapV3/500 in=12.48 ARB gap=18.4bps profit=$0.002 net=$-0.010"}
{"level":30,"time":1790818758309,"pid":1079,"hostname":"vm","msg":"  ARB>USDC@PancakeV3/100 USDC>ARB@UniswapV3/100 in=4.126 ARB gap=24.8bps profit=$0.001 net=$-0.010"}
{"level":30,"time":1790818758772,"pid":1079,"hostname":"vm","block":510517495,"gross":198,"net":0,"sumNetUsd":0,"gasPriceGwei":0.02,"txCostUsd":0.0134,"syncMs":123,"searchMs":140,"msg":"block scanned"}
{"level":30,"time":1790818758772,"pid":1079,"hostname":"vm","msg":"  ARB>USDC@PancakeV3/100 USDC>ARB@UniswapV3/500 in=10.21 ARB gap=42.8bps profit=$0.004 net=$-0.007"}
{"level":30,"time":1790818758772,"pid":1079,"hostname":"vm","msg":"  ARB>USDC@PancakeV3/100 USDC>ARB@PancakeV3/500 in=9.501 ARB gap=39.5bps profit=$0.003 net=$-0.008"}
{"level":30,"time":1790818758772,"pid":1079,"hostname":"vm","msg":"  ARB>USDC.e@PancakeV3/500 USDC.e>ARB@UniswapV3/500 in=18.88 ARB gap=20bps profit=$0.002 net=$-0.009"}
{"level":30,"time":1790818758772,"pid":1079,"hostname":"vm","msg":"  ARB>USDC.e@PancakeV3/100 USDC.e>ARB@UniswapV3/500 in=12.48 ARB gap=18.4bps profit=$0.002 net=$-0.010"}
{"level":30,"time":1790818758772,"pid":1079,"hostname":"vm","msg":"  ARB>USDC@PancakeV3/100 USDC>ARB@UniswapV3/100 in=4.126 ARB gap=24.8bps profit=$0.001 net=$-0.010"}
{"level":30,"time":1790818825900,"pid":1079,"hostname":"vm","block":510517497,"gross":198,"net":0,"sumNetUsd":0,"gasPriceGwei":0.020072,"txCostUsd":0.0135,"syncMs":66684,"searchMs":135,"msg":"block scanned"}
{"level":30,"time":1790818825900,"pid":1079,"hostname":"vm","msg":"  ARB>USDC@PancakeV3/100 USDC>ARB@UniswapV3/500 in=10.21 ARB gap=42.8bps profit=$0.004 net=$-0.007"}
{"level":30,"time":1790818825900,"pid":1079,"hostname":"vm","msg":"  ARB>USDC@PancakeV3/100 USDC>ARB@PancakeV3/500 in=9.501 ARB gap=39.5bps profit=$0.003 net=$-0.008"}
{"level":30,"time":1790818825900,"pid":1079,"hostname":"vm","msg":"  ARB>USDC.e@PancakeV3/500 USDC.e>ARB@UniswapV3/500 in=18.88 ARB gap=20bps profit=$0.002 net=$-0.009"}
{"level":30,"time":1790818825900,"pid":1079,"hostname":"vm","msg":"  ARB>USDC.e@PancakeV3/100 USDC.e>ARB@UniswapV3/500 in=12.48 ARB gap=18.4bps profit=$0.002 net=$-0.010"}
{"level":30,"time":1790818825900,"pid":1079,"hostname":"vm","msg":"  ARB>USDC@PancakeV3/100 USDC>ARB@UniswapV3/100 in=4.126 ARB gap=24.8bps profit=$0.001 net=$-0.010"}
{"level":30,"time":1790818826316,"pid":1079,"hostname":"vm","block":510517721,"gross":192,"net":0,"sumNetUsd":0,"gasPriceGwei":0.02008,"txCostUsd":0.0135,"syncMs":161,"searchMs":142,"msg":"block scanned"}
{"level":30,"time":1790818826316,"pid":1079,"hostname":"vm","msg":"  ARB>USDC@PancakeV3/100 USDC>ARB@UniswapV3/500 in=10.21 ARB gap=42.8bps profit=$0.004 net=$-0.007"}
{"level":30,"time":1790818826316,"pid":1079,"hostname":"vm","msg":"  ARB>USDC@PancakeV3/100 USDC>ARB@PancakeV3/500 in=8.663 ARB gap=36.5bps profit=$0.003 net=$-0.008"}
{"level":30,"time":1790818826316,"pid":1079,"hostname":"vm","msg":"  ARB>USDC@PancakeV3/100 USDC>ARB@UniswapV3/100 in=4.126 ARB gap=24.8bps profit=$0.001 net=$-0.010"}
{"level":30,"time":1790818826316,"pid":1079,"hostname":"vm","msg":"  ARB>USDC.e@PancakeV3/100 USDC.e>ARB@UniswapV3/500 in=8.558 ARB gap=14.7bps profit=$0.001 net=$-0.010"}
{"level":30,"time":1790818826316,"pid":1079,"hostname":"vm","msg":"  SUSHI>WETH@SushiV2 WETH>SUSHI@UniswapV3/3000 in=5.092 SUSHI gap=74.9bps profit=$0.001 net=$-0.008"}
{"level":30,"time":1790818826981,"pid":1079,"hostname":"vm","block":510517722,"gross":192,"net":0,"sumNetUsd":0,"gasPriceGwei":0.020088,"txCostUsd":0.0135,"syncMs":191,"searchMs":163,"msg":"block scanned"}
{"level":30,"time":1790818826981,"pid":1079,"hostname":"vm","msg":"  ARB>USDC@PancakeV3/100 USDC>ARB@UniswapV3/500 in=10.21 ARB gap=42.8bps profit=$0.004 net=$-0.007"}
{"level":30,"time":1790818826981,"pid":1079,"hostname":"vm","msg":"  ARB>USDC@PancakeV3/100 USDC>ARB@PancakeV3/500 in=8.663 ARB gap=36.5bps profit=$0.003 net=$-0.008"}
{"level":30,"time":1790818826981,"pid":1079,"hostname":"vm","msg":"  ARB>USDC@PancakeV3/100 USDC>ARB@UniswapV3/100 in=4.126 ARB gap=24.8bps profit=$0.001 net=$-0.010"}
{"level":30,"time":1790818826981,"pid":1079,"hostname":"vm","msg":"  ARB>USDC.e@PancakeV3/100 USDC.e>ARB@UniswapV3/500 in=8.558 ARB gap=14.7bps profit=$0.001 net=$-0.010"}
{"level":30,"time":1790818826981,"pid":1079,"hostname":"vm","msg":"  SUSHI>WETH@SushiV2 WETH>SUSHI@UniswapV3/3000 in=5.092 SUSHI gap=74.9bps profit=$0.001 net=$-0.008"}
{"level":30,"time":1790818827509,"pid":1079,"hostname":"vm","block":510517724,"gross":192,"net":0,"sumNetUsd":0,"gasPriceGwei":0.02,"txCostUsd":0.0134,"syncMs":191,"searchMs":133,"msg":"block scanned"}
{"level":30,"time":1790818827509,"pid":1079,"hostname":"vm","msg":"  ARB>USDC@PancakeV3/100 USDC>ARB@UniswapV3/500 in=10.21 ARB gap=42.8bps profit=$0.004 net=$-0.007"}
{"level":30,"time":1790818827509,"pid":1079,"hostname":"vm","msg":"  ARB>USDC@PancakeV3/100 USDC>ARB@PancakeV3/500 in=8.663 ARB gap=36.5bps profit=$0.003 net=$-0.008"}
{"level":30,"time":1790818827509,"pid":1079,"hostname":"vm","msg":"  ARB>USDC@PancakeV3/100 USDC>ARB@UniswapV3/100 in=4.126 ARB gap=24.8bps profit=$0.001 net=$-0.010"}
{"level":30,"time":1790818827509,"pid":1079,"hostname":"vm","msg":"  ARB>USDC.e@PancakeV3/100 USDC.e>ARB@UniswapV3/500 in=8.558 ARB gap=14.7bps profit=$0.001 net=$-0.010"}
{"level":30,"time":1790818827509,"pid":1079,"hostname":"vm","msg":"  SUSHI>WETH@SushiV2 WETH>SUSHI@UniswapV3/3000 in=5.092 SUSHI gap=74.9bps profit=$0.001 net=$-0.008"}
{"level":30,"time":1790818828138,"pid":1079,"hostname":"vm","block":510517725,"gross":192,"net":0,"sumNetUsd":0,"gasPriceGwei":0.020096,"txCostUsd":0.0135,"syncMs":166,"searchMs":153,"msg":"block scanned"}
{"level":30,"time":1790818828138,"pid":1079,"hostname":"vm","msg":"  ARB>USDC@PancakeV3/100 USDC>ARB@UniswapV3/500 in=10.21 ARB gap=42.8bps profit=$0.004 net=$-0.007"}
{"level":30,"time":1790818828138,"pid":1079,"hostname":"vm","msg":"  ARB>USDC@PancakeV3/100 USDC>ARB@PancakeV3/500 in=8.663 ARB gap=36.5bps profit=$0.003 net=$-0.008"}
{"level":30,"time":1790818828138,"pid":1079,"hostname":"vm","msg":"  ARB>USDC@PancakeV3/100 USDC>ARB@UniswapV3/100 in=4.126 ARB gap=24.8bps profit=$0.001 net=$-0.010"}
{"level":30,"time":1790818828138,"pid":1079,"hostname":"vm","msg":"  ARB>USDC.e@PancakeV3/100 USDC.e>ARB@UniswapV3/500 in=8.558 ARB gap=14.7bps profit=$0.001 net=$-0.010"}
{"level":30,"time":1790818828138,"pid":1079,"hostname":"vm","msg":"  SUSHI>WETH@SushiV2 WETH>SUSHI@UniswapV3/3000 in=5.092 SUSHI gap=74.9bps profit=$0.001 net=$-0.008"}
{"level":30,"time":1790818828766,"pid":1079,"hostname":"vm","block":510517728,"gross":192,"net":0,"sumNetUsd":0,"gasPriceGwei":0.02,"txCostUsd":0.0134,"syncMs":187,"searchMs":132,"msg":"block scanned"}
{"level":30,"time":1790818828766,"pid":1079,"hostname":"vm","msg":"  ARB>USDC@PancakeV3/100 USDC>ARB@UniswapV3/500 in=10.21 ARB gap=42.8bps profit=$0.004 net=$-0.007"}
{"level":30,"time":1790818828766,"pid":1079,"hostname":"vm","msg":"  ARB>USDC@PancakeV3/100 USDC>ARB@PancakeV3/500 in=8.663 ARB gap=36.5bps profit=$0.003 net=$-0.008"}
{"level":30,"time":1790818828766,"pid":1079,"hostname":"vm","msg":"  ARB>USDC@PancakeV3/100 USDC>ARB@UniswapV3/100 in=4.126 ARB gap=24.8bps profit=$0.001 net=$-0.010"}
{"level":30,"time":1790818828766,"pid":1079,"hostname":"vm","msg":"  ARB>USDC.e@PancakeV3/100 USDC.e>ARB@UniswapV3/500 in=8.558 ARB gap=14.7bps profit=$0.001 net=$-0.010"}
{"level":30,"time":1790818828766,"pid":1079,"hostname":"vm","msg":"  SUSHI>WETH@SushiV2 WETH>SUSHI@UniswapV3/3000 in=5.092 SUSHI gap=74.9bps profit=$0.001 net=$-0.008"}
{"level":30,"time":1790818829484,"pid":1079,"hostname":"vm","block":510517730,"gross":192,"net":0,"sumNetUsd":0,"gasPriceGwei":0.020042,"txCostUsd":0.0135,"syncMs":189,"searchMs":111,"msg":"block scanned"}
{"level":30,"time":1790818829484,"pid":1079,"hostname":"vm","msg":"  ARB>USDC@PancakeV3/100 USDC>ARB@UniswapV3/500 in=10.21 ARB gap=42.8bps profit=$0.004 net=$-0.007"}
{"level":30,"time":1790818829484,"pid":1079,"hostname":"vm","msg":"  ARB>USDC@PancakeV3/100 USDC>ARB@PancakeV3/500 in=8.663 ARB gap=36.5bps profit=$0.003 net=$-0.008"}
{"level":30,"time":1790818829484,"pid":1079,"hostname":"vm","msg":"  ARB>USDC@PancakeV3/100 USDC>ARB@UniswapV3/100 in=4.126 ARB gap=24.8bps profit=$0.001 net=$-0.010"}
{"level":30,"time":1790818829484,"pid":1079,"hostname":"vm","msg":"  ARB>USDC.e@PancakeV3/100 USDC.e>ARB@UniswapV3/500 in=8.558 ARB gap=14.7bps profit=$0.001 net=$-0.010"}
{"level":30,"time":1790818829484,"pid":1079,"hostname":"vm","msg":"  SUSHI>WETH@SushiV2 WETH>SUSHI@UniswapV3/3000 in=5.092 SUSHI gap=74.9bps profit=$0.001 net=$-0.008"}
{"level":30,"time":1790818830009,"pid":1079,"hostname":"vm","block":510517732,"gross":192,"net":0,"sumNetUsd":0,"gasPriceGwei":0.02,"txCostUsd":0.0134,"syncMs":208,"searchMs":113,"msg":"block scanned"}
{"level":30,"time":1790818830009,"pid":1079,"hostname":"vm","msg":"  ARB>USDC@PancakeV3/100 USDC>ARB@UniswapV3/500 in=10.21 ARB gap=42.8bps profit=$0.004 net=$-0.007"}
{"level":30,"time":1790818830009,"pid":1079,"hostname":"vm","msg":"  ARB>USDC@PancakeV3/100 USDC>ARB@PancakeV3/500 in=8.663 ARB gap=36.5bps profit=$0.003 net=$-0.008"}
{"level":30,"time":1790818830009,"pid":1079,"hostname":"vm","msg":"  ARB>USDC@PancakeV3/100 USDC>ARB@UniswapV3/100 in=4.126 ARB gap=24.8bps profit=$0.001 net=$-0.010"}
{"level":30,"time":1790818830009,"pid":1079,"hostname":"vm","msg":"  ARB>USDC.e@PancakeV3/100 USDC.e>ARB@UniswapV3/500 in=8.387 ARB gap=14.7bps profit=$0.001 net=$-0.010"}
{"level":30,"time":1790818830009,"pid":1079,"hostname":"vm","msg":"  SUSHI>WETH@SushiV2 WETH>SUSHI@UniswapV3/3000 in=5.092 SUSHI gap=74.9bps profit=$0.001 net=$-0.008"}
{"level":30,"time":1790818830606,"pid":1079,"hostname":"vm","block":510517735,"gross":205,"net":0,"sumNetUsd":0,"gasPriceGwei":0.020288,"txCostUsd":0.0136,"syncMs":148,"searchMs":143,"msg":"block scanned"}
{"level":30,"time":1790818830606,"pid":1079,"hostname":"vm","msg":"  ARB>USDC@PancakeV3/100 USDC>ARB@UniswapV3/500 in=7.829 ARB gap=34.2bps profit=$0.002 net=$-0.009"}
{"level":30,"time":1790818830606,"pid":1079,"hostname":"vm","msg":"  ARB>USDC@PancakeV3/100 USDC>ARB@PancakeV3/500 in=7.850 ARB gap=33.7bps profit=$0.002 net=$-0.009"}
{"level":30,"time":1790818830606,"pid":1079,"hostname":"vm","msg":"  ARB>USDC@PancakeV3/100 USDC>ARB@UniswapV3/100 in=4.126 ARB gap=24.8bps profit=$0.001 net=$-0.010"}
{"level":30,"time":1790818830606,"pid":1079,"hostname":"vm","msg":"  SUSHI>WETH@SushiV2 WETH>SUSHI@UniswapV3/3000 in=5.092 SUSHI gap=74.9bps profit=$0.001 net=$-0.008"}
{"level":30,"time":1790818830606,"pid":1079,"hostname":"vm","msg":"  ARB>WETH@PancakeV3/100 WETH>ARB@SushiV3/500 in=1.955 ARB gap=19.1bps profit=$0.000 net=$-0.011"}
{"level":30,"time":1790818831183,"pid":1079,"hostname":"vm","block":510517737,"gross":205,"net":0,"sumNetUsd":0,"gasPriceGwei":0.020016,"txCostUsd":0.0134,"syncMs":126,"searchMs":141,"msg":"block scanned"}
{"level":30,"time":1790818831183,"pid":1079,"hostname":"vm","msg":"  ARB>USDC@PancakeV3/100 USDC>ARB@UniswapV3/500 in=7.829 ARB gap=34.2bps profit=$0.002 net=$-0.009"}
{"level":30,"time":1790818831183,"pid":1079,"hostname":"vm","msg":"  ARB>USDC@PancakeV3/100 USDC>ARB@PancakeV3/500 in=7.850 ARB gap=33.7bps profit=$0.002 net=$-0.009"}
{"level":30,"time":1790818831183,"pid":1079,"hostname":"vm","msg":"  ARB>USDC@PancakeV3/100 USDC>ARB@UniswapV3/100 in=4.126 ARB gap=24.8bps profit=$0.001 net=$-0.010"}
{"level":30,"time":1790818831183,"pid":1079,"hostname":"vm","msg":"  SUSHI>WETH@SushiV2 WETH>SUSHI@UniswapV3/3000 in=5.092 SUSHI gap=74.9bps profit=$0.001 net=$-0.008"}
{"level":30,"time":1790818831183,"pid":1079,"hostname":"vm","msg":"  ARB>WETH@PancakeV3/100 WETH>ARB@SushiV3/500 in=1.955 ARB gap=19.1bps profit=$0.000 net=$-0.011"}
{"level":30,"time":1790818831786,"pid":1079,"hostname":"vm","block":510517739,"gross":205,"net":0,"sumNetUsd":0,"gasPriceGwei":0.02,"txCostUsd":0.0134,"syncMs":130,"searchMs":145,"msg":"block scanned"}
{"level":30,"time":1790818831786,"pid":1079,"hostname":"vm","msg":"  ARB>USDC@PancakeV3/100 USDC>ARB@UniswapV3/500 in=7.829 ARB gap=34.2bps profit=$0.002 net=$-0.009"}
{"level":30,"time":1790818831786,"pid":1079,"hostname":"vm","msg":"  ARB>USDC@PancakeV3/100 USDC>ARB@PancakeV3/500 in=7.850 ARB gap=33.7bps profit=$0.002 net=$-0.009"}
{"level":30,"time":1790818831786,"pid":1079,"hostname":"vm","msg":"  ARB>USDC@PancakeV3/100 USDC>ARB@UniswapV3/100 in=4.126 ARB gap=24.8bps profit=$0.001 net=$-0.010"}
{"level":30,"time":1790818831786,"pid":1079,"hostname":"vm","msg":"  SUSHI>WETH@SushiV2 WETH>SUSHI@UniswapV3/3000 in=5.092 SUSHI gap=74.9bps profit=$0.001 net=$-0.008"}
{"level":30,"time":1790818831786,"pid":1079,"hostname":"vm","msg":"  ARB>WETH@PancakeV3/100 WETH>ARB@SushiV3/500 in=1.955 ARB gap=19.1bps profit=$0.000 net=$-0.011"}
{"level":30,"time":1790818832440,"pid":1079,"hostname":"vm","block":510517741,"gross":205,"net":0,"sumNetUsd":0,"gasPriceGwei":0.020004,"txCostUsd":0.0134,"syncMs":192,"searchMs":145,"msg":"block scanned"}
{"level":30,"time":1790818832440,"pid":1079,"hostname":"vm","msg":"  ARB>USDC@PancakeV3/100 USDC>ARB@UniswapV3/500 in=7.829 ARB gap=34.2bps profit=$0.002 net=$-0.009"}
{"level":30,"time":1790818832440,"pid":1079,"hostname":"vm","msg":"  ARB>USDC@PancakeV3/100 USDC>ARB@PancakeV3/500 in=7.850 ARB gap=33.7bps profit=$0.002 net=$-0.009"}
{"level":30,"time":1790818832440,"pid":1079,"hostname":"vm","msg":"  ARB>USDC@PancakeV3/100 USDC>ARB@UniswapV3/100 in=4.126 ARB gap=24.8bps profit=$0.001 net=$-0.010"}
{"level":30,"time":1790818832440,"pid":1079,"hostname":"vm","msg":"  SUSHI>WETH@SushiV2 WETH>SUSHI@UniswapV3/3000 in=5.092 SUSHI gap=74.9bps profit=$0.001 net=$-0.008"}
{"level":30,"time":1790818832440,"pid":1079,"hostname":"vm","msg":"  ARB>WETH@PancakeV3/100 WETH>ARB@SushiV3/500 in=1.955 ARB gap=19.1bps profit=$0.000 net=$-0.011"}
{"level":30,"time":1790818833055,"pid":1079,"hostname":"vm","block":510517743,"gross":205,"net":0,"sumNetUsd":0,"gasPriceGwei":0.020014,"txCostUsd":0.0134,"syncMs":153,"searchMs":155,"msg":"block scanned"}
{"level":30,"time":1790818833055,"pid":1079,"hostname":"vm","msg":"  ARB>USDC@PancakeV3/100 USDC>ARB@UniswapV3/500 in=7.829 ARB gap=34.2bps profit=$0.002 net=$-0.009"}
{"level":30,"time":1790818833055,"pid":1079,"hostname":"vm","msg":"  ARB>USDC@PancakeV3/100 USDC>ARB@PancakeV3/500 in=7.850 ARB gap=33.7bps profit=$0.002 net=$-0.009"}
{"level":30,"time":1790818833055,"pid":1079,"hostname":"vm","msg":"  ARB>USDC@PancakeV3/100 USDC>ARB@UniswapV3/100 in=4.126 ARB gap=24.8bps profit=$0.001 net=$-0.010"}
{"level":30,"time":1790818833055,"pid":1079,"hostname":"vm","msg":"  SUSHI>WETH@SushiV2 WETH>SUSHI@UniswapV3/3000 in=5.092 SUSHI gap=74.9bps profit=$0.001 net=$-0.008"}
{"level":30,"time":1790818833055,"pid":1079,"hostname":"vm","msg":"  ARB>WETH@PancakeV3/100 WETH>ARB@SushiV3/500 in=1.955 ARB gap=19.1bps profit=$0.000 net=$-0.011"}
{"level":30,"time":1790818833690,"pid":1079,"hostname":"vm","block":510517746,"gross":205,"net":0,"sumNetUsd":0,"gasPriceGwei":0.020016,"txCostUsd":0.0134,"syncMs":206,"searchMs":122,"msg":"block scanned"}
{"level":30,"time":1790818833690,"pid":1079,"hostname":"vm","msg":"  ARB>USDC@PancakeV3/100 USDC>ARB@UniswapV3/500 in=7.829 ARB gap=34.2bps profit=$0.002 net=$-0.009"}
{"level":30,"time":1790818833690,"pid":1079,"hostname":"vm","msg":"  ARB>USDC@PancakeV3/100 USDC>ARB@PancakeV3/500 in=7.850 ARB gap=33.7bps profit=$0.002 net=$-0.009"}
{"level":30,"time":1790818833690,"pid":1079,"hostname":"vm","msg":"  ARB>USDC@PancakeV3/100 USDC>ARB@UniswapV3/100 in=4.126 ARB gap=24.8bps profit=$0.001 net=$-0.010"}
{"level":30,"time":1790818833690,"pid":1079,"hostname":"vm","msg":"  SUSHI>WETH@SushiV2 WETH>SUSHI@UniswapV3/3000 in=5.092 SUSHI gap=74.9bps profit=$0.001 net=$-0.008"}
{"level":30,"time":1790818833690,"pid":1079,"hostname":"vm","msg":"  ARB>WETH@PancakeV3/100 WETH>ARB@SushiV3/500 in=1.955 ARB gap=19.1bps profit=$0.000 net=$-0.011"}
{"level":30,"time":1790818834271,"pid":1079,"hostname":"vm","block":510517747,"gross":205,"net":0,"sumNetUsd":0,"gasPriceGwei":0.020004,"txCostUsd":0.0134,"syncMs":129,"searchMs":149,"msg":"block scanned"}
{"level":30,"time":1790818834271,"pid":1079,"hostname":"vm","msg":"  ARB>USDC@PancakeV3/100 USDC>ARB@UniswapV3/500 in=7.829 ARB gap=34.2bps profit=$0.002 net=$-0.009"}
{"level":30,"time":1790818834271,"pid":1079,"hostname":"vm","msg":"  ARB>USDC@PancakeV3/100 USDC>ARB@PancakeV3/500 in=7.850 ARB gap=33.7bps profit=$0.002 net=$-0.009"}
{"level":30,"time":1790818834271,"pid":1079,"hostname":"vm","msg":"  ARB>USDC@PancakeV3/100 USDC>ARB@UniswapV3/100 in=4.126 ARB gap=24.8bps profit=$0.001 net=$-0.010"}
{"level":30,"time":1790818834271,"pid":1079,"hostname":"vm","msg":"  SUSHI>WETH@SushiV2 WETH>SUSHI@UniswapV3/3000 in=5.092 SUSHI gap=74.9bps profit=$0.001 net=$-0.008"}
{"level":30,"time":1790818834271,"pid":1079,"hostname":"vm","msg":"  ARB>WETH@PancakeV3/100 WETH>ARB@SushiV3/500 in=1.955 ARB gap=19.1bps profit=$0.000 net=$-0.011"}
{"level":30,"time":1790818897676,"pid":1079,"hostname":"vm","block":510517749,"gross":205,"net":0,"sumNetUsd":0,"gasPriceGwei":0.020086,"txCostUsd":0.0135,"syncMs":62934,"searchMs":146,"msg":"block scanned"}
{"level":30,"time":1790818897676,"pid":1079,"hostname":"vm","msg":"  ARB>USDC@PancakeV3/100 USDC>ARB@UniswapV3/500 in=7.829 ARB gap=34.2bps profit=$0.002 net=$-0.009"}
{"level":30,"time":1790818897676,"pid":1079,"hostname":"vm","msg":"  ARB>USDC@PancakeV3/100 USDC>ARB@PancakeV3/500 in=7.850 ARB gap=33.7bps profit=$0.002 net=$-0.009"}
{"level":30,"time":1790818897676,"pid":1079,"hostname":"vm","msg":"  ARB>USDC@PancakeV3/100 USDC>ARB@UniswapV3/100 in=4.126 ARB gap=24.8bps profit=$0.001 net=$-0.010"}
{"level":30,"time":1790818897676,"pid":1079,"hostname":"vm","msg":"  SUSHI>WETH@SushiV2 WETH>SUSHI@UniswapV3/3000 in=5.092 SUSHI gap=74.9bps profit=$0.001 net=$-0.008"}
{"level":30,"time":1790818897676,"pid":1079,"hostname":"vm","msg":"  ARB>WETH@PancakeV3/100 WETH>ARB@SushiV3/500 in=1.955 ARB gap=19.1bps profit=$0.000 net=$-0.011"}
{"level":30,"time":1790818898100,"pid":1079,"hostname":"vm","block":510517952,"gross":213,"net":0,"sumNetUsd":0,"gasPriceGwei":0.020088,"txCostUsd":0.0135,"syncMs":178,"searchMs":149,"msg":"block scanned"}
{"level":30,"time":1790818898100,"pid":1079,"hostname":"vm","msg":"  ARB>USDC@PancakeV3/100 USDC>ARB@PancakeV3/500 in=8.638 ARB gap=36.4bps profit=$0.003 net=$-0.008"}
{"level":30,"time":1790818898100,"pid":1079,"hostname":"vm","msg":"  ARB>USDC@PancakeV3/100 USDC>ARB@UniswapV3/500 in=7.589 ARB gap=33.3bps profit=$0.002 net=$-0.009"}
{"level":30,"time":1790818898100,"pid":1079,"hostname":"vm","msg":"  ARB>USDC.e@PancakeV3/500 USDC.e>ARB@UniswapV3/500 in=14.72 ARB gap=17.8bps profit=$0.001 net=$-0.010"}
{"level":30,"time":1790818898100,"pid":1079,"hostname":"vm","msg":"  ARB>USDC.e@PancakeV3/100 USDC.e>ARB@UniswapV3/500 in=10.28 ARB gap=16.2bps profit=$0.001 net=$-0.010"}
{"level":30,"time":1790818898100,"pid":1079,"hostname":"vm","msg":"  ARB>USDC@PancakeV3/100 USDC>ARB@UniswapV3/100 in=4.126 ARB gap=24.8bps profit=$0.001 net=$-0.010"}
{"level":30,"time":1790818898702,"pid":1079,"hostname":"vm","block":510517954,"gross":213,"net":0,"sumNetUsd":0,"gasPriceGwei":0.02,"txCostUsd":0.0134,"syncMs":139,"searchMs":149,"msg":"block scanned"}
{"level":30,"time":1790818898702,"pid":1079,"hostname":"vm","msg":"  ARB>USDC@PancakeV3/100 USDC>ARB@PancakeV3/500 in=8.638 ARB gap=36.4bps profit=$0.003 net=$-0.008"}
{"level":30,"time":1790818898702,"pid":1079,"hostname":"vm","msg":"  ARB>USDC@PancakeV3/100 USDC>ARB@UniswapV3/500 in=7.589 ARB gap=33.3bps profit=$0.002 net=$-0.009"}
{"level":30,"time":1790818898702,"pid":1079,"hostname":"vm","msg":"  ARB>USDC.e@PancakeV3/500 USDC.e>ARB@UniswapV3/500 in=14.72 ARB gap=17.8bps profit=$0.001 net=$-0.010"}
{"level":30,"time":1790818898702,"pid":1079,"hostname":"vm","msg":"  ARB>USDC.e@PancakeV3/100 USDC.e>ARB@UniswapV3/500 in=10.28 ARB gap=16.2bps profit=$0.001 net=$-0.010"}
{"level":30,"time":1790818898702,"pid":1079,"hostname":"vm","msg":"  ARB>USDC@PancakeV3/100 USDC>ARB@UniswapV3/100 in=4.126 ARB gap=24.8bps profit=$0.001 net=$-0.010"}
{"level":30,"time":1790818899336,"pid":1079,"hostname":"vm","block":510517956,"gross":213,"net":0,"sumNetUsd":0,"gasPriceGwei":0.020056,"txCostUsd":0.0135,"syncMs":181,"searchMs":146,"msg":"block scanned"}
{"level":30,"time":1790818899336,"pid":1079,"hostname":"vm","msg":"  ARB>USDC@PancakeV3/100 USDC>ARB@PancakeV3/500 in=8.638 ARB gap=36.4bps profit=$0.003 net=$-0.008"}
{"level":30,"time":1790818899336,"pid":1079,"hostname":"vm","msg":"  ARB>USDC@PancakeV3/100 USDC>ARB@UniswapV3/500 in=7.589 ARB gap=33.3bps profit=$0.002 net=$-0.009"}
{"level":30,"time":1790818899336,"pid":1079,"hostname":"vm","msg":"  ARB>USDC.e@PancakeV3/500 USDC.e>ARB@UniswapV3/500 in=14.72 ARB gap=17.8bps profit=$0.001 net=$-0.010"}
{"level":30,"time":1790818899336,"pid":1079,"hostname":"vm","msg":"  ARB>USDC.e@PancakeV3/100 USDC.e>ARB@UniswapV3/500 in=10.28 ARB gap=16.2bps profit=$0.001 net=$-0.010"}
{"level":30,"time":1790818899336,"pid":1079,"hostname":"vm","msg":"  ARB>USDC@PancakeV3/100 USDC>ARB@UniswapV3/100 in=4.126 ARB gap=24.8bps profit=$0.001 net=$-0.010"}
{"level":30,"time":1790818899946,"pid":1079,"hostname":"vm","block":510517958,"gross":213,"net":0,"sumNetUsd":0,"gasPriceGwei":0.020002,"txCostUsd":0.0134,"syncMs":152,"searchMs":154,"msg":"block scanned"}
{"level":30,"time":1790818899946,"pid":1079,"hostname":"vm","msg":"  ARB>USDC@PancakeV3/100 USDC>ARB@PancakeV3/500 in=8.638 ARB gap=36.4bps profit=$0.003 net=$-0.008"}
{"level":30,"time":1790818899946,"pid":1079,"hostname":"vm","msg":"  ARB>USDC@PancakeV3/100 USDC>ARB@UniswapV3/500 in=7.589 ARB gap=33.3bps profit=$0.002 net=$-0.009"}
{"level":30,"time":1790818899946,"pid":1079,"hostname":"vm","msg":"  ARB>USDC.e@PancakeV3/500 USDC.e>ARB@UniswapV3/500 in=14.72 ARB gap=17.8bps profit=$0.001 net=$-0.010"}
{"level":30,"time":1790818899946,"pid":1079,"hostname":"vm","msg":"  ARB>USDC.e@PancakeV3/100 USDC.e>ARB@UniswapV3/500 in=10.28 ARB gap=16.2bps profit=$0.001 net=$-0.010"}
{"level":30,"time":1790818899946,"pid":1079,"hostname":"vm","msg":"  ARB>USDC@PancakeV3/100 USDC>ARB@UniswapV3/100 in=4.126 ARB gap=24.8bps profit=$0.001 net=$-0.010"}
{"level":30,"time":1790818900558,"pid":1079,"hostname":"vm","block":510517960,"gross":213,"net":0,"sumNetUsd":0,"gasPriceGwei":0.02,"txCostUsd":0.0134,"syncMs":170,"searchMs":127,"msg":"block scanned"}
{"level":30,"time":1790818900558,"pid":1079,"hostname":"vm","msg":"  ARB>USDC@PancakeV3/100 USDC>ARB@PancakeV3/500 in=8.638 ARB gap=36.4bps profit=$0.003 net=$-0.008"}
{"level":30,"time":1790818900558,"pid":1079,"hostname":"vm","msg":"  ARB>USDC@PancakeV3/100 USDC>ARB@UniswapV3/500 in=7.589 ARB gap=33.3bps profit=$0.002 net=$-0.009"}
{"level":30,"time":1790818900558,"pid":1079,"hostname":"vm","msg":"  ARB>USDC.e@PancakeV3/500 USDC.e>ARB@UniswapV3/500 in=14.72 ARB gap=17.8bps profit=$0.001 net=$-0.010"}
{"level":30,"time":1790818900558,"pid":1079,"hostname":"vm","msg":"  ARB>USDC.e@PancakeV3/100 USDC.e>ARB@UniswapV3/500 in=10.28 ARB gap=16.2bps profit=$0.001 net=$-0.010"}
{"level":30,"time":1790818900558,"pid":1079,"hostname":"vm","msg":"  ARB>USDC@PancakeV3/100 USDC>ARB@UniswapV3/100 in=4.126 ARB gap=24.8bps profit=$0.001 net=$-0.010"}
{"level":30,"time":1790818901203,"pid":1079,"hostname":"vm","block":510517963,"gross":213,"net":0,"sumNetUsd":0,"gasPriceGwei":0.020006,"txCostUsd":0.0134,"syncMs":190,"searchMs":151,"msg":"block scanned"}
{"level":30,"time":1790818901203,"pid":1079,"hostname":"vm","msg":"  ARB>USDC@PancakeV3/100 USDC>ARB@PancakeV3/500 in=8.638 ARB gap=36.4bps profit=$0.003 net=$-0.008"}
{"level":30,"time":1790818901203,"pid":1079,"hostname":"vm","msg":"  ARB>USDC@PancakeV3/100 USDC>ARB@UniswapV3/500 in=7.589 ARB gap=33.3bps profit=$0.002 net=$-0.009"}
{"level":30,"time":1790818901203,"pid":1079,"hostname":"vm","msg":"  ARB>USDC.e@PancakeV3/500 USDC.e>ARB@UniswapV3/500 in=14.72 ARB gap=17.8bps profit=$0.001 net=$-0.010"}
{"level":30,"time":1790818901203,"pid":1079,"hostname":"vm","msg":"  ARB>USDC.e@PancakeV3/100 USDC.e>ARB@UniswapV3/500 in=10.28 ARB gap=16.2bps profit=$0.001 net=$-0.010"}
{"level":30,"time":1790818901203,"pid":1079,"hostname":"vm","msg":"  ARB>USDC@PancakeV3/100 USDC>ARB@UniswapV3/100 in=4.126 ARB gap=24.8bps profit=$0.001 net=$-0.010"}
{"level":30,"time":1790818901808,"pid":1079,"hostname":"vm","block":510517965,"gross":213,"net":0,"sumNetUsd":0,"gasPriceGwei":0.020012,"txCostUsd":0.0134,"syncMs":151,"searchMs":156,"msg":"block scanned"}
{"level":30,"time":1790818901808,"pid":1079,"hostname":"vm","msg":"  ARB>USDC@PancakeV3/100 USDC>ARB@PancakeV3/500 in=8.638 ARB gap=36.4bps profit=$0.003 net=$-0.008"}
{"level":30,"time":1790818901808,"pid":1079,"hostname":"vm","msg":"  ARB>USDC@PancakeV3/100 USDC>ARB@UniswapV3/500 in=7.589 ARB gap=33.3bps profit=$0.002 net=$-0.009"}
{"level":30,"time":1790818901808,"pid":1079,"hostname":"vm","msg":"  ARB>USDC.e@PancakeV3/500 USDC.e>ARB@UniswapV3/500 in=14.72 ARB gap=17.8bps profit=$0.001 net=$-0.010"}
{"level":30,"time":1790818901808,"pid":1079,"hostname":"vm","msg":"  ARB>USDC.e@PancakeV3/100 USDC.e>ARB@UniswapV3/500 in=10.28 ARB gap=16.2bps profit=$0.001 net=$-0.010"}
{"level":30,"time":1790818901808,"pid":1079,"hostname":"vm","msg":"  ARB>USDC@PancakeV3/100 USDC>ARB@UniswapV3/100 in=4.126 ARB gap=24.8bps profit=$0.001 net=$-0.010"}
{"level":30,"time":1790818902433,"pid":1079,"hostname":"vm","block":510517967,"gross":213,"net":0,"sumNetUsd":0,"gasPriceGwei":0.020016,"txCostUsd":0.0134,"syncMs":193,"searchMs":131,"msg":"block scanned"}
{"level":30,"time":1790818902433,"pid":1079,"hostname":"vm","msg":"  ARB>USDC@PancakeV3/100 USDC>ARB@PancakeV3/500 in=8.638 ARB gap=36.4bps profit=$0.003 net=$-0.008"}
{"level":30,"time":1790818902433,"pid":1079,"hostname":"vm","msg":"  ARB>USDC@PancakeV3/100 USDC>ARB@UniswapV3/500 in=7.589 ARB gap=33.3bps profit=$0.002 net=$-0.009"}
{"level":30,"time":1790818902433,"pid":1079,"hostname":"vm","msg":"  ARB>USDC.e@PancakeV3/500 USDC.e>ARB@UniswapV3/500 in=14.72 ARB gap=17.8bps profit=$0.001 net=$-0.010"}
{"level":30,"time":1790818902433,"pid":1079,"hostname":"vm","msg":"  ARB>USDC.e@PancakeV3/100 USDC.e>ARB@UniswapV3/500 in=10.28 ARB gap=16.2bps profit=$0.001 net=$-0.010"}
{"level":30,"time":1790818902433,"pid":1079,"hostname":"vm","msg":"  ARB>USDC@PancakeV3/100 USDC>ARB@UniswapV3/100 in=4.126 ARB gap=24.8bps profit=$0.001 net=$-0.010"}
{"level":30,"time":1790818903002,"pid":1079,"hostname":"vm","block":510517969,"gross":213,"net":0,"sumNetUsd":0,"gasPriceGwei":0.020002,"txCostUsd":0.0134,"syncMs":148,"searchMs":125,"msg":"block scanned"}
{"level":30,"time":1790818903002,"pid":1079,"hostname":"vm","msg":"  ARB>USDC@PancakeV3/100 USDC>ARB@PancakeV3/500 in=8.638 ARB gap=36.4bps profit=$0.003 net=$-0.008"}
{"level":30,"time":1790818903002,"pid":1079,"hostname":"vm","msg":"  ARB>USDC@PancakeV3/100 USDC>ARB@UniswapV3/500 in=7.589 ARB gap=33.3bps profit=$0.002 net=$-0.009"}
{"level":30,"time":1790818903002,"pid":1079,"hostname":"vm","msg":"  ARB>USDC.e@PancakeV3/500 USDC.e>ARB@UniswapV3/500 in=14.72 ARB gap=17.8bps profit=$0.001 net=$-0.010"}
{"level":30,"time":1790818903002,"pid":1079,"hostname":"vm","msg":"  ARB>USDC.e@PancakeV3/100 USDC.e>ARB@UniswapV3/500 in=10.28 ARB gap=16.2bps profit=$0.001 net=$-0.010"}
{"level":30,"time":1790818903002,"pid":1079,"hostname":"vm","msg":"  ARB>USDC@PancakeV3/100 USDC>ARB@UniswapV3/100 in=4.126 ARB gap=24.8bps profit=$0.001 net=$-0.010"}
{"level":30,"time":1790818903597,"pid":1079,"hostname":"vm","block":510517971,"gross":213,"net":0,"sumNetUsd":0,"gasPriceGwei":0.02,"txCostUsd":0.0134,"syncMs":151,"searchMs":145,"msg":"block scanned"}
{"level":30,"time":1790818903597,"pid":1079,"hostname":"vm","msg":"  ARB>USDC@PancakeV3/100 USDC>ARB@PancakeV3/500 in=8.638 ARB gap=36.4bps profit=$0.003 net=$-0.008"}
{"level":30,"time":1790818903597,"pid":1079,"hostname":"vm","msg":"  ARB>USDC@PancakeV3/100 USDC>ARB@UniswapV3/500 in=7.589 ARB gap=33.3bps profit=$0.002 net=$-0.009"}
{"level":30,"time":1790818903597,"pid":1079,"hostname":"vm","msg":"  ARB>USDC.e@PancakeV3/500 USDC.e>ARB@UniswapV3/500 in=14.72 ARB gap=17.8bps profit=$0.001 net=$-0.010"}
{"level":30,"time":1790818903597,"pid":1079,"hostname":"vm","msg":"  ARB>USDC.e@PancakeV3/100 USDC.e>ARB@UniswapV3/500 in=10.28 ARB gap=16.2bps profit=$0.001 net=$-0.010"}
{"level":30,"time":1790818903597,"pid":1079,"hostname":"vm","msg":"  ARB>USDC@PancakeV3/100 USDC>ARB@UniswapV3/100 in=4.126 ARB gap=24.8bps profit=$0.001 net=$-0.010"}
{"level":30,"time":1790818904185,"pid":1079,"hostname":"vm","block":510517973,"gross":213,"net":0,"sumNetUsd":0,"gasPriceGwei":0.020004,"txCostUsd":0.0134,"syncMs":135,"searchMs":150,"msg":"block scanned"}
{"level":30,"time":1790818904186,"pid":1079,"hostname":"vm","msg":"  ARB>USDC@PancakeV3/100 USDC>ARB@PancakeV3/500 in=8.638 ARB gap=36.4bps profit=$0.003 net=$-0.008"}
{"level":30,"time":1790818904186,"pid":1079,"hostname":"vm","msg":"  ARB>USDC@PancakeV3/100 USDC>ARB@UniswapV3/500 in=7.589 ARB gap=33.3bps profit=$0.002 net=$-0.009"}
{"level":30,"time":1790818904186,"pid":1079,"hostname":"vm","msg":"  ARB>USDC.e@PancakeV3/500 USDC.e>ARB@UniswapV3/500 in=14.72 ARB gap=17.8bps profit=$0.001 net=$-0.010"}
{"level":30,"time":1790818904186,"pid":1079,"hostname":"vm","msg":"  ARB>USDC.e@PancakeV3/100 USDC.e>ARB@UniswapV3/500 in=10.28 ARB gap=16.2bps profit=$0.001 net=$-0.010"}
{"level":30,"time":1790818904186,"pid":1079,"hostname":"vm","msg":"  ARB>USDC@PancakeV3/100 USDC>ARB@UniswapV3/100 in=4.126 ARB gap=24.8bps profit=$0.001 net=$-0.010"}
{"level":30,"time":1790818904767,"pid":1079,"hostname":"vm","block":510517975,"gross":213,"net":0,"sumNetUsd":0,"gasPriceGwei":0.02,"txCostUsd":0.0134,"syncMs":128,"searchMs":155,"msg":"block scanned"}
{"level":30,"time":1790818904767,"pid":1079,"hostname":"vm","msg":"  ARB>USDC@PancakeV3/100 USDC>ARB@PancakeV3/500 in=8.638 ARB gap=36.4bps profit=$0.003 net=$-0.008"}
{"level":30,"time":1790818904767,"pid":1079,"hostname":"vm","msg":"  ARB>USDC@PancakeV3/100 USDC>ARB@UniswapV3/500 in=7.589 ARB gap=33.3bps profit=$0.002 net=$-0.009"}
{"level":30,"time":1790818904767,"pid":1079,"hostname":"vm","msg":"  ARB>USDC.e@PancakeV3/500 USDC.e>ARB@UniswapV3/500 in=14.72 ARB gap=17.8bps profit=$0.001 net=$-0.010"}
{"level":30,"time":1790818904767,"pid":1079,"hostname":"vm","msg":"  ARB>USDC.e@PancakeV3/100 USDC.e>ARB@UniswapV3/500 in=10.28 ARB gap=16.2bps profit=$0.001 net=$-0.010"}
{"level":30,"time":1790818904767,"pid":1079,"hostname":"vm","msg":"  ARB>USDC@PancakeV3/100 USDC>ARB@UniswapV3/100 in=4.126 ARB gap=24.8bps profit=$0.001 net=$-0.010"}

[exit-flush] SIGTERM received at 2026-10-01T01:41:45.326Z; flushing for 5 s then exiting 143
{"level":30,"time":1790818905379,"pid":1079,"hostname":"vm","block":510517976,"gross":213,"net":0,"sumNetUsd":0,"gasPriceGwei":0.020022,"txCostUsd":0.0135,"syncMs":167,"searchMs":135,"msg":"block scanned"}
{"level":30,"time":1790818905379,"pid":1079,"hostname":"vm","msg":"  ARB>USDC@PancakeV3/100 USDC>ARB@PancakeV3/500 in=8.638 ARB gap=36.4bps profit=$0.003 net=$-0.008"}
{"level":30,"time":1790818905379,"pid":1079,"hostname":"vm","msg":"  ARB>USDC@PancakeV3/100 USDC>ARB@UniswapV3/500 in=7.589 ARB gap=33.3bps profit=$0.002 net=$-0.009"}
{"level":30,"time":1790818905379,"pid":1079,"hostname":"vm","msg":"  ARB>USDC.e@PancakeV3/500 USDC.e>ARB@UniswapV3/500 in=14.72 ARB gap=17.8bps profit=$0.001 net=$-0.010"}
{"level":30,"time":1790818905379,"pid":1079,"hostname":"vm","msg":"  ARB>USDC.e@PancakeV3/100 USDC.e>ARB@UniswapV3/500 in=10.28 ARB gap=16.2bps profit=$0.001 net=$-0.010"}
{"level":30,"time":1790818905379,"pid":1079,"hostname":"vm","msg":"  ARB>USDC@PancakeV3/100 USDC>ARB@UniswapV3/100 in=4.126 ARB gap=24.8bps profit=$0.001 net=$-0.010"}
{"level":30,"time":1790818905963,"pid":1079,"hostname":"vm","block":510517978,"gross":213,"net":0,"sumNetUsd":0,"gasPriceGwei":0.02001,"txCostUsd":0.0134,"syncMs":139,"searchMs":139,"msg":"block scanned"}
{"level":30,"time":1790818905963,"pid":1079,"hostname":"vm","msg":"  ARB>USDC@PancakeV3/100 USDC>ARB@PancakeV3/500 in=8.638 ARB gap=36.4bps profit=$0.003 net=$-0.008"}
{"level":30,"time":1790818905963,"pid":1079,"hostname":"vm","msg":"  ARB>USDC@PancakeV3/100 USDC>ARB@UniswapV3/500 in=7.589 ARB gap=33.3bps profit=$0.002 net=$-0.009"}
{"level":30,"time":1790818905963,"pid":1079,"hostname":"vm","msg":"  ARB>USDC.e@PancakeV3/500 USDC.e>ARB@UniswapV3/500 in=14.72 ARB gap=17.8bps profit=$0.001 net=$-0.010"}
{"level":30,"time":1790818905963,"pid":1079,"hostname":"vm","msg":"  ARB>USDC.e@PancakeV3/100 USDC.e>ARB@UniswapV3/500 in=10.28 ARB gap=16.2bps profit=$0.001 net=$-0.010"}
{"level":30,"time":1790818905963,"pid":1079,"hostname":"vm","msg":"  ARB>USDC@PancakeV3/100 USDC>ARB@UniswapV3/100 in=4.126 ARB gap=24.8bps profit=$0.001 net=$-0.010"}
exit=143 capped=1
