# 2026-09-30T22:14:28Z attempt 1 cmd: LOG_JSON=1 node --import tsx --import /home/user/dapparb/research-material/07-other-chains-engine/collect/exit-flush.mjs src/research/scan.ts --chain arbitrum --universe config --blocks 7201 --out /home/user/dapparb/research-material/07-other-chains-engine/collect/work/scan-arbitrum-config.jsonl  (time cap 31 min after first scanned block)
{"level":30,"time":1790806469969,"pid":20658,"hostname":"vm","chain":"arbitrum","tokens":12,"dexes":4,"msg":"discovering pools"}
{"level":30,"time":1790806470612,"pid":20658,"hostname":"vm","candidates":858,"found":419,"msg":"pool discovery complete"}
{"level":40,"time":1790806475138,"pid":20658,"hostname":"vm","status":404,"url":"https://api.geckoterminal.com/api/v2/networks/arbitrum/dexes/uniswap-v3-arbitrum/pools?page=1&sort=h24_volume_usd_desc","msg":"geckoterminal request failed"}
{"level":40,"time":1790806480164,"pid":20658,"hostname":"vm","status":404,"url":"https://api.geckoterminal.com/api/v2/networks/arbitrum/dexes/sushiswap-arbitrum/pools?page=1&sort=h24_volume_usd_desc","msg":"geckoterminal request failed"}
{"level":30,"time":1790806480165,"pid":20658,"hostname":"vm","requests":6,"pools":75,"msg":"geckoterminal pools fetched"}
{"level":30,"time":1790806480165,"pid":20658,"hostname":"vm","listed":75,"v4":11,"dexes":["uniswap-v4-arbitrum"],"msg":"uniswap v4 candidates"}
{"level":30,"time":1790806480273,"pid":20658,"hostname":"vm","listed":11,"kept":7,"keyFailed":0,"unknownKey":0,"hooked":2,"outOfUniverse":2,"msg":"uniswap v4 pools discovered"}
{"level":30,"time":1790806494725,"pid":20658,"hostname":"vm","live":151,"byDex":{"UniswapV3":87,"SushiV3":16,"PancakeV3":28,"SushiV2":13,"UniswapV4":7},"msg":"live pools"}
{"level":30,"time":1790806507557,"pid":20658,"hostname":"vm","block":510475000,"gross":132,"net":0,"sumNetUsd":0,"gasPriceGwei":0.02,"txCostUsd":0.0134,"syncMs":12575,"searchMs":148,"msg":"block scanned"}
{"level":30,"time":1790806507557,"pid":20658,"hostname":"vm","msg":"  ARB>USDC.e@UniswapV3/500 USDC.e>ARB@PancakeV3/500 in=26.50 ARB gap=24bps profit=$0.004 net=$-0.007"}
{"level":30,"time":1790806507557,"pid":20658,"hostname":"vm","msg":"  ARB>USDC.e@PancakeV3/100 USDC.e>ARB@PancakeV3/500 in=12.18 ARB gap=24.4bps profit=$0.002 net=$-0.009"}
{"level":30,"time":1790806507557,"pid":20658,"hostname":"vm","msg":"  ARB>WETH@PancakeV3/500 WETH>ARB@SushiV3/500 in=4.854 ARB gap=25.2bps profit=$0.001 net=$-0.010"}
{"level":30,"time":1790806507557,"pid":20658,"hostname":"vm","msg":"  ARB>USDC.e@SushiV2 USDC.e>ARB@PancakeV3/500 in=2.587 ARB gap=50.6bps profit=$0.000 net=$-0.008"}
{"level":30,"time":1790806507557,"pid":20658,"hostname":"vm","msg":"  ARB>USDC@UniswapV3/100 USDC>ARB@PancakeV3/100 in=1.921 ARB gap=12.4bps profit=$0.000 net=$-0.011"}
{"level":30,"time":1790806507920,"pid":20658,"hostname":"vm","block":510475049,"gross":146,"net":0,"sumNetUsd":0,"gasPriceGwei":0.020246,"txCostUsd":0.0136,"syncMs":104,"searchMs":145,"msg":"block scanned"}
{"level":30,"time":1790806507920,"pid":20658,"hostname":"vm","msg":"  ARB>USDC.e@UniswapV3/500 USDC.e>ARB@PancakeV3/500 in=37.30 ARB gap=29.7bps profit=$0.007 net=$-0.004"}
{"level":30,"time":1790806507920,"pid":20658,"hostname":"vm","msg":"  ARB>USDC.e@PancakeV3/100 USDC.e>ARB@PancakeV3/500 in=12.18 ARB gap=24.4bps profit=$0.002 net=$-0.009"}
{"level":30,"time":1790806507920,"pid":20658,"hostname":"vm","msg":"  ARB>USDC@UniswapV3/500 USDC>ARB@PancakeV3/100 in=4.688 ARB gap=22.8bps profit=$0.001 net=$-0.010"}
{"level":30,"time":1790806507920,"pid":20658,"hostname":"vm","msg":"  ARB>WETH@PancakeV3/500 WETH>ARB@SushiV3/500 in=4.854 ARB gap=25.2bps profit=$0.001 net=$-0.010"}
{"level":30,"time":1790806507920,"pid":20658,"hostname":"vm","msg":"  ARB>USDC@PancakeV3/500 USDC>ARB@PancakeV3/100 in=3.901 ARB gap=19.7bps profit=$0.001 net=$-0.011"}
{"level":30,"time":1790806508481,"pid":20658,"hostname":"vm","block":510475051,"gross":146,"net":0,"sumNetUsd":0,"gasPriceGwei":0.020006,"txCostUsd":0.0134,"syncMs":111,"searchMs":141,"msg":"block scanned"}
{"level":30,"time":1790806508481,"pid":20658,"hostname":"vm","msg":"  ARB>USDC.e@UniswapV3/500 USDC.e>ARB@PancakeV3/500 in=37.30 ARB gap=29.7bps profit=$0.007 net=$-0.004"}
{"level":30,"time":1790806508481,"pid":20658,"hostname":"vm","msg":"  ARB>USDC.e@PancakeV3/100 USDC.e>ARB@PancakeV3/500 in=12.18 ARB gap=24.4bps profit=$0.002 net=$-0.009"}
{"level":30,"time":1790806508481,"pid":20658,"hostname":"vm","msg":"  ARB>USDC@UniswapV3/500 USDC>ARB@PancakeV3/100 in=4.688 ARB gap=22.8bps profit=$0.001 net=$-0.010"}
{"level":30,"time":1790806508481,"pid":20658,"hostname":"vm","msg":"  ARB>WETH@PancakeV3/500 WETH>ARB@SushiV3/500 in=4.854 ARB gap=25.2bps profit=$0.001 net=$-0.010"}
{"level":30,"time":1790806508481,"pid":20658,"hostname":"vm","msg":"  ARB>USDC@PancakeV3/500 USDC>ARB@PancakeV3/100 in=3.901 ARB gap=19.7bps profit=$0.001 net=$-0.011"}
{"level":30,"time":1790806509067,"pid":20658,"hostname":"vm","block":510475058,"gross":146,"net":0,"sumNetUsd":0,"gasPriceGwei":0.020006,"txCostUsd":0.0134,"syncMs":123,"searchMs":148,"msg":"block scanned"}
{"level":30,"time":1790806509067,"pid":20658,"hostname":"vm","msg":"  ARB>USDC.e@UniswapV3/500 USDC.e>ARB@PancakeV3/500 in=37.30 ARB gap=29.7bps profit=$0.007 net=$-0.004"}
{"level":30,"time":1790806509067,"pid":20658,"hostname":"vm","msg":"  ARB>USDC.e@PancakeV3/100 USDC.e>ARB@PancakeV3/500 in=12.18 ARB gap=24.4bps profit=$0.002 net=$-0.009"}
{"level":30,"time":1790806509067,"pid":20658,"hostname":"vm","msg":"  ARB>USDC@UniswapV3/500 USDC>ARB@PancakeV3/100 in=4.688 ARB gap=22.8bps profit=$0.001 net=$-0.010"}
{"level":30,"time":1790806509067,"pid":20658,"hostname":"vm","msg":"  ARB>WETH@PancakeV3/500 WETH>ARB@SushiV3/500 in=4.854 ARB gap=25.2bps profit=$0.001 net=$-0.010"}
{"level":30,"time":1790806509067,"pid":20658,"hostname":"vm","msg":"  ARB>USDC@PancakeV3/500 USDC>ARB@PancakeV3/100 in=3.901 ARB gap=19.7bps profit=$0.001 net=$-0.011"}
{"level":30,"time":1790806509666,"pid":20658,"hostname":"vm","block":510475059,"gross":146,"net":0,"sumNetUsd":0,"gasPriceGwei":0.02,"txCostUsd":0.0134,"syncMs":151,"searchMs":143,"msg":"block scanned"}
{"level":30,"time":1790806509666,"pid":20658,"hostname":"vm","msg":"  ARB>USDC.e@UniswapV3/500 USDC.e>ARB@PancakeV3/500 in=37.30 ARB gap=29.7bps profit=$0.007 net=$-0.004"}
{"level":30,"time":1790806509666,"pid":20658,"hostname":"vm","msg":"  ARB>USDC.e@PancakeV3/100 USDC.e>ARB@PancakeV3/500 in=12.18 ARB gap=24.4bps profit=$0.002 net=$-0.009"}
{"level":30,"time":1790806509666,"pid":20658,"hostname":"vm","msg":"  ARB>USDC@UniswapV3/500 USDC>ARB@PancakeV3/100 in=4.688 ARB gap=22.8bps profit=$0.001 net=$-0.010"}
{"level":30,"time":1790806509666,"pid":20658,"hostname":"vm","msg":"  ARB>WETH@PancakeV3/500 WETH>ARB@SushiV3/500 in=4.854 ARB gap=25.2bps profit=$0.001 net=$-0.010"}
{"level":30,"time":1790806509666,"pid":20658,"hostname":"vm","msg":"  ARB>USDC@PancakeV3/500 USDC>ARB@PancakeV3/100 in=3.901 ARB gap=19.7bps profit=$0.001 net=$-0.011"}
{"level":30,"time":1790806510304,"pid":20658,"hostname":"vm","block":510475062,"gross":146,"net":0,"sumNetUsd":0,"gasPriceGwei":0.020012,"txCostUsd":0.0134,"syncMs":142,"searchMs":169,"msg":"block scanned"}
{"level":30,"time":1790806510304,"pid":20658,"hostname":"vm","msg":"  ARB>USDC.e@UniswapV3/500 USDC.e>ARB@PancakeV3/500 in=37.30 ARB gap=29.7bps profit=$0.007 net=$-0.004"}
{"level":30,"time":1790806510304,"pid":20658,"hostname":"vm","msg":"  ARB>USDC.e@PancakeV3/100 USDC.e>ARB@PancakeV3/500 in=12.18 ARB gap=24.4bps profit=$0.002 net=$-0.009"}
{"level":30,"time":1790806510304,"pid":20658,"hostname":"vm","msg":"  ARB>USDC@UniswapV3/500 USDC>ARB@PancakeV3/100 in=4.688 ARB gap=22.8bps profit=$0.001 net=$-0.010"}
{"level":30,"time":1790806510304,"pid":20658,"hostname":"vm","msg":"  ARB>WETH@PancakeV3/500 WETH>ARB@SushiV3/500 in=4.854 ARB gap=25.2bps profit=$0.001 net=$-0.010"}
{"level":30,"time":1790806510304,"pid":20658,"hostname":"vm","msg":"  ARB>USDC@PancakeV3/500 USDC>ARB@PancakeV3/100 in=3.901 ARB gap=19.7bps profit=$0.001 net=$-0.011"}
{"level":30,"time":1790806510908,"pid":20658,"hostname":"vm","block":510475064,"gross":146,"net":0,"sumNetUsd":0,"gasPriceGwei":0.02,"txCostUsd":0.0134,"syncMs":148,"searchMs":147,"msg":"block scanned"}
{"level":30,"time":1790806510908,"pid":20658,"hostname":"vm","msg":"  ARB>USDC.e@UniswapV3/500 USDC.e>ARB@PancakeV3/500 in=37.30 ARB gap=29.7bps profit=$0.007 net=$-0.004"}
{"level":30,"time":1790806510908,"pid":20658,"hostname":"vm","msg":"  ARB>USDC.e@PancakeV3/100 USDC.e>ARB@PancakeV3/500 in=12.18 ARB gap=24.4bps profit=$0.002 net=$-0.009"}
{"level":30,"time":1790806510908,"pid":20658,"hostname":"vm","msg":"  ARB>USDC@UniswapV3/500 USDC>ARB@PancakeV3/100 in=4.688 ARB gap=22.8bps profit=$0.001 net=$-0.010"}
{"level":30,"time":1790806510908,"pid":20658,"hostname":"vm","msg":"  ARB>WETH@PancakeV3/500 WETH>ARB@SushiV3/500 in=4.854 ARB gap=25.2bps profit=$0.001 net=$-0.010"}
{"level":30,"time":1790806510908,"pid":20658,"hostname":"vm","msg":"  ARB>USDC@PancakeV3/500 USDC>ARB@PancakeV3/100 in=3.901 ARB gap=19.7bps profit=$0.001 net=$-0.011"}
{"level":30,"time":1790806511511,"pid":20658,"hostname":"vm","block":510475065,"gross":146,"net":0,"sumNetUsd":0,"gasPriceGwei":0.02002,"txCostUsd":0.0134,"syncMs":138,"searchMs":144,"msg":"block scanned"}
{"level":30,"time":1790806511511,"pid":20658,"hostname":"vm","msg":"  ARB>USDC.e@UniswapV3/500 USDC.e>ARB@PancakeV3/500 in=37.30 ARB gap=29.7bps profit=$0.007 net=$-0.004"}
{"level":30,"time":1790806511511,"pid":20658,"hostname":"vm","msg":"  ARB>USDC.e@PancakeV3/100 USDC.e>ARB@PancakeV3/500 in=12.18 ARB gap=24.4bps profit=$0.002 net=$-0.009"}
{"level":30,"time":1790806511511,"pid":20658,"hostname":"vm","msg":"  ARB>USDC@UniswapV3/500 USDC>ARB@PancakeV3/100 in=4.688 ARB gap=22.8bps profit=$0.001 net=$-0.010"}
{"level":30,"time":1790806511511,"pid":20658,"hostname":"vm","msg":"  ARB>WETH@PancakeV3/500 WETH>ARB@SushiV3/500 in=4.854 ARB gap=25.2bps profit=$0.001 net=$-0.010"}
{"level":30,"time":1790806511511,"pid":20658,"hostname":"vm","msg":"  ARB>USDC@PancakeV3/500 USDC>ARB@PancakeV3/100 in=3.901 ARB gap=19.7bps profit=$0.001 net=$-0.011"}
{"level":30,"time":1790806512098,"pid":20658,"hostname":"vm","block":510475067,"gross":146,"net":0,"sumNetUsd":0,"gasPriceGwei":0.020014,"txCostUsd":0.0134,"syncMs":133,"searchMs":147,"msg":"block scanned"}
{"level":30,"time":1790806512098,"pid":20658,"hostname":"vm","msg":"  ARB>USDC.e@UniswapV3/500 USDC.e>ARB@PancakeV3/500 in=37.30 ARB gap=29.7bps profit=$0.007 net=$-0.004"}
{"level":30,"time":1790806512098,"pid":20658,"hostname":"vm","msg":"  ARB>USDC.e@PancakeV3/100 USDC.e>ARB@PancakeV3/500 in=12.18 ARB gap=24.4bps profit=$0.002 net=$-0.009"}
{"level":30,"time":1790806512098,"pid":20658,"hostname":"vm","msg":"  ARB>USDC@UniswapV3/500 USDC>ARB@PancakeV3/100 in=4.688 ARB gap=22.8bps profit=$0.001 net=$-0.010"}
{"level":30,"time":1790806512098,"pid":20658,"hostname":"vm","msg":"  ARB>WETH@PancakeV3/500 WETH>ARB@SushiV3/500 in=4.854 ARB gap=25.2bps profit=$0.001 net=$-0.010"}
{"level":30,"time":1790806512098,"pid":20658,"hostname":"vm","msg":"  ARB>USDC@PancakeV3/500 USDC>ARB@PancakeV3/100 in=3.901 ARB gap=19.7bps profit=$0.001 net=$-0.011"}
{"level":30,"time":1790806512682,"pid":20658,"hostname":"vm","block":510475068,"gross":146,"net":0,"sumNetUsd":0,"gasPriceGwei":0.020014,"txCostUsd":0.0134,"syncMs":139,"searchMs":139,"msg":"block scanned"}
{"level":30,"time":1790806512682,"pid":20658,"hostname":"vm","msg":"  ARB>USDC.e@UniswapV3/500 USDC.e>ARB@PancakeV3/500 in=37.30 ARB gap=29.7bps profit=$0.007 net=$-0.004"}
{"level":30,"time":1790806512682,"pid":20658,"hostname":"vm","msg":"  ARB>USDC.e@PancakeV3/100 USDC.e>ARB@PancakeV3/500 in=12.18 ARB gap=24.4bps profit=$0.002 net=$-0.009"}
{"level":30,"time":1790806512682,"pid":20658,"hostname":"vm","msg":"  ARB>USDC@UniswapV3/500 USDC>ARB@PancakeV3/100 in=4.688 ARB gap=22.8bps profit=$0.001 net=$-0.010"}
{"level":30,"time":1790806512682,"pid":20658,"hostname":"vm","msg":"  ARB>WETH@PancakeV3/500 WETH>ARB@SushiV3/500 in=4.854 ARB gap=25.2bps profit=$0.001 net=$-0.010"}
{"level":30,"time":1790806512682,"pid":20658,"hostname":"vm","msg":"  ARB>USDC@PancakeV3/500 USDC>ARB@PancakeV3/100 in=3.901 ARB gap=19.7bps profit=$0.001 net=$-0.011"}
{"level":30,"time":1790806513273,"pid":20658,"hostname":"vm","block":510475071,"gross":146,"net":0,"sumNetUsd":0,"gasPriceGwei":0.020056,"txCostUsd":0.0134,"syncMs":148,"searchMs":139,"msg":"block scanned"}
{"level":30,"time":1790806513273,"pid":20658,"hostname":"vm","msg":"  ARB>USDC.e@UniswapV3/500 USDC.e>ARB@PancakeV3/500 in=37.30 ARB gap=29.7bps profit=$0.007 net=$-0.004"}
{"level":30,"time":1790806513273,"pid":20658,"hostname":"vm","msg":"  ARB>USDC.e@PancakeV3/100 USDC.e>ARB@PancakeV3/500 in=12.18 ARB gap=24.4bps profit=$0.002 net=$-0.009"}
{"level":30,"time":1790806513273,"pid":20658,"hostname":"vm","msg":"  ARB>USDC@UniswapV3/500 USDC>ARB@PancakeV3/100 in=4.688 ARB gap=22.8bps profit=$0.001 net=$-0.010"}
{"level":30,"time":1790806513273,"pid":20658,"hostname":"vm","msg":"  ARB>WETH@PancakeV3/500 WETH>ARB@SushiV3/500 in=4.854 ARB gap=25.2bps profit=$0.001 net=$-0.010"}
{"level":30,"time":1790806513273,"pid":20658,"hostname":"vm","msg":"  ARB>USDC@PancakeV3/500 USDC>ARB@PancakeV3/100 in=3.901 ARB gap=19.7bps profit=$0.001 net=$-0.011"}
{"level":30,"time":1790806513857,"pid":20658,"hostname":"vm","block":510475073,"gross":146,"net":0,"sumNetUsd":0,"gasPriceGwei":0.020034,"txCostUsd":0.0134,"syncMs":133,"searchMs":149,"msg":"block scanned"}
{"level":30,"time":1790806513857,"pid":20658,"hostname":"vm","msg":"  ARB>USDC.e@UniswapV3/500 USDC.e>ARB@PancakeV3/500 in=37.30 ARB gap=29.7bps profit=$0.007 net=$-0.004"}
{"level":30,"time":1790806513857,"pid":20658,"hostname":"vm","msg":"  ARB>USDC.e@PancakeV3/100 USDC.e>ARB@PancakeV3/500 in=12.18 ARB gap=24.4bps profit=$0.002 net=$-0.009"}
{"level":30,"time":1790806513857,"pid":20658,"hostname":"vm","msg":"  ARB>USDC@UniswapV3/500 USDC>ARB@PancakeV3/100 in=4.688 ARB gap=22.8bps profit=$0.001 net=$-0.010"}
{"level":30,"time":1790806513857,"pid":20658,"hostname":"vm","msg":"  ARB>WETH@PancakeV3/500 WETH>ARB@SushiV3/500 in=4.854 ARB gap=25.2bps profit=$0.001 net=$-0.010"}
{"level":30,"time":1790806513857,"pid":20658,"hostname":"vm","msg":"  ARB>USDC@PancakeV3/500 USDC>ARB@PancakeV3/100 in=3.901 ARB gap=19.7bps profit=$0.001 net=$-0.011"}
{"level":30,"time":1790806514485,"pid":20658,"hostname":"vm","block":510475075,"gross":146,"net":0,"sumNetUsd":0,"gasPriceGwei":0.020086,"txCostUsd":0.0135,"syncMs":151,"searchMs":147,"msg":"block scanned"}
{"level":30,"time":1790806514486,"pid":20658,"hostname":"vm","msg":"  ARB>USDC.e@UniswapV3/500 USDC.e>ARB@PancakeV3/500 in=37.30 ARB gap=29.7bps profit=$0.007 net=$-0.004"}
{"level":30,"time":1790806514486,"pid":20658,"hostname":"vm","msg":"  ARB>USDC.e@PancakeV3/100 USDC.e>ARB@PancakeV3/500 in=12.18 ARB gap=24.4bps profit=$0.002 net=$-0.009"}
{"level":30,"time":1790806514486,"pid":20658,"hostname":"vm","msg":"  ARB>USDC@UniswapV3/500 USDC>ARB@PancakeV3/100 in=4.688 ARB gap=22.8bps profit=$0.001 net=$-0.010"}
{"level":30,"time":1790806514486,"pid":20658,"hostname":"vm","msg":"  ARB>WETH@PancakeV3/500 WETH>ARB@SushiV3/500 in=4.854 ARB gap=25.2bps profit=$0.001 net=$-0.010"}
{"level":30,"time":1790806514486,"pid":20658,"hostname":"vm","msg":"  ARB>USDC@PancakeV3/500 USDC>ARB@PancakeV3/100 in=3.901 ARB gap=19.7bps profit=$0.001 net=$-0.011"}
{"level":30,"time":1790806515071,"pid":20658,"hostname":"vm","block":510475078,"gross":147,"net":0,"sumNetUsd":0,"gasPriceGwei":0.020046,"txCostUsd":0.0134,"syncMs":134,"searchMs":142,"msg":"block scanned"}
{"level":30,"time":1790806515071,"pid":20658,"hostname":"vm","msg":"  ARB>USDC.e@UniswapV3/500 USDC.e>ARB@PancakeV3/500 in=37.30 ARB gap=29.7bps profit=$0.007 net=$-0.004"}
{"level":30,"time":1790806515071,"pid":20658,"hostname":"vm","msg":"  ARB>USDC.e@PancakeV3/100 USDC.e>ARB@PancakeV3/500 in=12.18 ARB gap=24.4bps profit=$0.002 net=$-0.009"}
{"level":30,"time":1790806515071,"pid":20658,"hostname":"vm","msg":"  ARB>USDC@UniswapV3/500 USDC>ARB@PancakeV3/100 in=4.688 ARB gap=22.8bps profit=$0.001 net=$-0.010"}
{"level":30,"time":1790806515071,"pid":20658,"hostname":"vm","msg":"  ARB>WETH@PancakeV3/500 WETH>ARB@SushiV3/500 in=4.854 ARB gap=25.2bps profit=$0.001 net=$-0.010"}
{"level":30,"time":1790806515071,"pid":20658,"hostname":"vm","msg":"  ARB>USDC@PancakeV3/500 USDC>ARB@PancakeV3/100 in=3.901 ARB gap=19.7bps profit=$0.001 net=$-0.011"}
{"level":30,"time":1790806515657,"pid":20658,"hostname":"vm","block":510475080,"gross":147,"net":0,"sumNetUsd":0,"gasPriceGwei":0.02,"txCostUsd":0.0134,"syncMs":142,"searchMs":138,"msg":"block scanned"}
{"level":30,"time":1790806515657,"pid":20658,"hostname":"vm","msg":"  ARB>USDC.e@UniswapV3/500 USDC.e>ARB@PancakeV3/500 in=37.30 ARB gap=29.7bps profit=$0.007 net=$-0.004"}
{"level":30,"time":1790806515657,"pid":20658,"hostname":"vm","msg":"  ARB>USDC.e@PancakeV3/100 USDC.e>ARB@PancakeV3/500 in=12.18 ARB gap=24.4bps profit=$0.002 net=$-0.009"}
{"level":30,"time":1790806515657,"pid":20658,"hostname":"vm","msg":"  ARB>USDC@UniswapV3/500 USDC>ARB@PancakeV3/100 in=4.688 ARB gap=22.8bps profit=$0.001 net=$-0.010"}
{"level":30,"time":1790806515657,"pid":20658,"hostname":"vm","msg":"  ARB>WETH@PancakeV3/500 WETH>ARB@SushiV3/500 in=4.854 ARB gap=25.2bps profit=$0.001 net=$-0.010"}
{"level":30,"time":1790806515657,"pid":20658,"hostname":"vm","msg":"  ARB>USDC@PancakeV3/500 USDC>ARB@PancakeV3/100 in=3.901 ARB gap=19.7bps profit=$0.001 net=$-0.011"}
{"level":30,"time":1790806540643,"pid":20658,"hostname":"vm","block":510475081,"gross":147,"net":0,"sumNetUsd":0,"gasPriceGwei":0.020596,"txCostUsd":0.0138,"syncMs":24539,"searchMs":137,"msg":"block scanned"}
{"level":30,"time":1790806540643,"pid":20658,"hostname":"vm","msg":"  ARB>USDC.e@UniswapV3/500 USDC.e>ARB@PancakeV3/500 in=37.30 ARB gap=29.7bps profit=$0.007 net=$-0.004"}
{"level":30,"time":1790806540643,"pid":20658,"hostname":"vm","msg":"  ARB>USDC.e@PancakeV3/100 USDC.e>ARB@PancakeV3/500 in=12.18 ARB gap=24.4bps profit=$0.002 net=$-0.009"}
{"level":30,"time":1790806540643,"pid":20658,"hostname":"vm","msg":"  ARB>USDC@UniswapV3/500 USDC>ARB@PancakeV3/100 in=4.688 ARB gap=22.8bps profit=$0.001 net=$-0.011"}
{"level":30,"time":1790806540643,"pid":20658,"hostname":"vm","msg":"  ARB>WETH@PancakeV3/500 WETH>ARB@SushiV3/500 in=4.854 ARB gap=25.2bps profit=$0.001 net=$-0.011"}
{"level":30,"time":1790806540643,"pid":20658,"hostname":"vm","msg":"  ARB>USDC@PancakeV3/500 USDC>ARB@PancakeV3/100 in=3.901 ARB gap=19.7bps profit=$0.001 net=$-0.011"}
{"level":30,"time":1790806540986,"pid":20658,"hostname":"vm","block":510475170,"gross":141,"net":0,"sumNetUsd":0,"gasPriceGwei":0.02,"txCostUsd":0.0134,"syncMs":102,"searchMs":136,"msg":"block scanned"}
{"level":30,"time":1790806540986,"pid":20658,"hostname":"vm","msg":"  ARB>USDC.e@UniswapV3/500 USDC.e>ARB@PancakeV3/500 in=37.30 ARB gap=29.7bps profit=$0.007 net=$-0.004"}
{"level":30,"time":1790806540986,"pid":20658,"hostname":"vm","msg":"  ARB>USDC.e@PancakeV3/100 USDC.e>ARB@PancakeV3/500 in=12.18 ARB gap=24.4bps profit=$0.002 net=$-0.009"}
{"level":30,"time":1790806540986,"pid":20658,"hostname":"vm","msg":"  ARB>USDC@UniswapV3/500 USDC>ARB@PancakeV3/100 in=4.688 ARB gap=22.8bps profit=$0.001 net=$-0.010"}
{"level":30,"time":1790806540986,"pid":20658,"hostname":"vm","msg":"  ARB>WETH@PancakeV3/500 WETH>ARB@SushiV3/500 in=4.854 ARB gap=25.2bps profit=$0.001 net=$-0.010"}
{"level":30,"time":1790806540986,"pid":20658,"hostname":"vm","msg":"  ARB>USDC@PancakeV3/500 USDC>ARB@PancakeV3/100 in=3.901 ARB gap=19.7bps profit=$0.001 net=$-0.011"}
{"level":30,"time":1790806541667,"pid":20658,"hostname":"vm","block":510475171,"gross":141,"net":0,"sumNetUsd":0,"gasPriceGwei":0.02001,"txCostUsd":0.0134,"syncMs":135,"searchMs":145,"msg":"block scanned"}
{"level":30,"time":1790806541667,"pid":20658,"hostname":"vm","msg":"  ARB>USDC.e@UniswapV3/500 USDC.e>ARB@PancakeV3/500 in=37.30 ARB gap=29.7bps profit=$0.007 net=$-0.004"}
{"level":30,"time":1790806541667,"pid":20658,"hostname":"vm","msg":"  ARB>USDC.e@PancakeV3/100 USDC.e>ARB@PancakeV3/500 in=12.18 ARB gap=24.4bps profit=$0.002 net=$-0.009"}
{"level":30,"time":1790806541667,"pid":20658,"hostname":"vm","msg":"  ARB>USDC@UniswapV3/500 USDC>ARB@PancakeV3/100 in=4.688 ARB gap=22.8bps profit=$0.001 net=$-0.010"}
{"level":30,"time":1790806541667,"pid":20658,"hostname":"vm","msg":"  ARB>WETH@PancakeV3/500 WETH>ARB@SushiV3/500 in=4.854 ARB gap=25.2bps profit=$0.001 net=$-0.010"}
{"level":30,"time":1790806541667,"pid":20658,"hostname":"vm","msg":"  ARB>USDC@PancakeV3/500 USDC>ARB@PancakeV3/100 in=3.901 ARB gap=19.7bps profit=$0.001 net=$-0.011"}
{"level":30,"time":1790806542262,"pid":20658,"hostname":"vm","block":510475173,"gross":141,"net":0,"sumNetUsd":0,"gasPriceGwei":0.02004,"txCostUsd":0.0134,"syncMs":138,"searchMs":141,"msg":"block scanned"}
{"level":30,"time":1790806542262,"pid":20658,"hostname":"vm","msg":"  ARB>USDC.e@UniswapV3/500 USDC.e>ARB@PancakeV3/500 in=37.30 ARB gap=29.7bps profit=$0.007 net=$-0.004"}
{"level":30,"time":1790806542262,"pid":20658,"hostname":"vm","msg":"  ARB>USDC.e@PancakeV3/100 USDC.e>ARB@PancakeV3/500 in=12.18 ARB gap=24.4bps profit=$0.002 net=$-0.009"}
{"level":30,"time":1790806542262,"pid":20658,"hostname":"vm","msg":"  ARB>USDC@UniswapV3/500 USDC>ARB@PancakeV3/100 in=4.688 ARB gap=22.8bps profit=$0.001 net=$-0.010"}
{"level":30,"time":1790806542262,"pid":20658,"hostname":"vm","msg":"  ARB>WETH@PancakeV3/500 WETH>ARB@SushiV3/500 in=4.854 ARB gap=25.2bps profit=$0.001 net=$-0.010"}
{"level":30,"time":1790806542263,"pid":20658,"hostname":"vm","msg":"  ARB>USDC@PancakeV3/500 USDC>ARB@PancakeV3/100 in=3.901 ARB gap=19.7bps profit=$0.001 net=$-0.011"}
{"level":30,"time":1790806542929,"pid":20658,"hostname":"vm","block":510475175,"gross":141,"net":0,"sumNetUsd":0,"gasPriceGwei":0.020006,"txCostUsd":0.0134,"syncMs":150,"searchMs":213,"msg":"block scanned"}
{"level":30,"time":1790806542929,"pid":20658,"hostname":"vm","msg":"  ARB>USDC.e@UniswapV3/500 USDC.e>ARB@PancakeV3/500 in=37.30 ARB gap=29.7bps profit=$0.007 net=$-0.004"}
{"level":30,"time":1790806542929,"pid":20658,"hostname":"vm","msg":"  ARB>USDC.e@PancakeV3/100 USDC.e>ARB@PancakeV3/500 in=12.18 ARB gap=24.4bps profit=$0.002 net=$-0.009"}
{"level":30,"time":1790806542929,"pid":20658,"hostname":"vm","msg":"  ARB>USDC@UniswapV3/500 USDC>ARB@PancakeV3/100 in=4.688 ARB gap=22.8bps profit=$0.001 net=$-0.010"}
{"level":30,"time":1790806542929,"pid":20658,"hostname":"vm","msg":"  ARB>WETH@PancakeV3/500 WETH>ARB@SushiV3/500 in=4.854 ARB gap=25.2bps profit=$0.001 net=$-0.010"}
{"level":30,"time":1790806542929,"pid":20658,"hostname":"vm","msg":"  ARB>USDC@PancakeV3/500 USDC>ARB@PancakeV3/100 in=3.901 ARB gap=19.7bps profit=$0.001 net=$-0.011"}
{"level":30,"time":1790806543408,"pid":20658,"hostname":"vm","block":510475178,"gross":141,"net":0,"sumNetUsd":0,"gasPriceGwei":0.020042,"txCostUsd":0.0134,"syncMs":129,"searchMs":137,"msg":"block scanned"}
{"level":30,"time":1790806543408,"pid":20658,"hostname":"vm","msg":"  ARB>USDC.e@UniswapV3/500 USDC.e>ARB@PancakeV3/500 in=37.30 ARB gap=29.7bps profit=$0.007 net=$-0.004"}
{"level":30,"time":1790806543408,"pid":20658,"hostname":"vm","msg":"  ARB>USDC.e@PancakeV3/100 USDC.e>ARB@PancakeV3/500 in=12.18 ARB gap=24.4bps profit=$0.002 net=$-0.009"}
{"level":30,"time":1790806543408,"pid":20658,"hostname":"vm","msg":"  ARB>USDC@UniswapV3/500 USDC>ARB@PancakeV3/100 in=4.688 ARB gap=22.8bps profit=$0.001 net=$-0.010"}
{"level":30,"time":1790806543408,"pid":20658,"hostname":"vm","msg":"  ARB>WETH@PancakeV3/500 WETH>ARB@SushiV3/500 in=4.854 ARB gap=25.2bps profit=$0.001 net=$-0.010"}
{"level":30,"time":1790806543408,"pid":20658,"hostname":"vm","msg":"  ARB>USDC@PancakeV3/500 USDC>ARB@PancakeV3/100 in=3.901 ARB gap=19.7bps profit=$0.001 net=$-0.011"}
{"level":30,"time":1790806544021,"pid":20658,"hostname":"vm","block":510475180,"gross":141,"net":0,"sumNetUsd":0,"gasPriceGwei":0.02001,"txCostUsd":0.0134,"syncMs":151,"searchMs":156,"msg":"block scanned"}
{"level":30,"time":1790806544021,"pid":20658,"hostname":"vm","msg":"  ARB>USDC.e@UniswapV3/500 USDC.e>ARB@PancakeV3/500 in=37.30 ARB gap=29.7bps profit=$0.007 net=$-0.004"}
{"level":30,"time":1790806544021,"pid":20658,"hostname":"vm","msg":"  ARB>USDC.e@PancakeV3/100 USDC.e>ARB@PancakeV3/500 in=12.18 ARB gap=24.4bps profit=$0.002 net=$-0.009"}
{"level":30,"time":1790806544021,"pid":20658,"hostname":"vm","msg":"  ARB>USDC@UniswapV3/500 USDC>ARB@PancakeV3/100 in=4.688 ARB gap=22.8bps profit=$0.001 net=$-0.010"}
{"level":30,"time":1790806544021,"pid":20658,"hostname":"vm","msg":"  ARB>WETH@PancakeV3/500 WETH>ARB@SushiV3/500 in=4.854 ARB gap=25.2bps profit=$0.001 net=$-0.010"}
{"level":30,"time":1790806544021,"pid":20658,"hostname":"vm","msg":"  ARB>USDC@PancakeV3/500 USDC>ARB@PancakeV3/100 in=3.901 ARB gap=19.7bps profit=$0.001 net=$-0.011"}
{"level":30,"time":1790806544603,"pid":20658,"hostname":"vm","block":510475182,"gross":141,"net":0,"sumNetUsd":0,"gasPriceGwei":0.02002,"txCostUsd":0.0134,"syncMs":146,"searchMs":133,"msg":"block scanned"}
{"level":30,"time":1790806544603,"pid":20658,"hostname":"vm","msg":"  ARB>USDC.e@UniswapV3/500 USDC.e>ARB@PancakeV3/500 in=37.30 ARB gap=29.7bps profit=$0.007 net=$-0.004"}
{"level":30,"time":1790806544603,"pid":20658,"hostname":"vm","msg":"  ARB>USDC.e@PancakeV3/100 USDC.e>ARB@PancakeV3/500 in=12.18 ARB gap=24.4bps profit=$0.002 net=$-0.009"}
{"level":30,"time":1790806544603,"pid":20658,"hostname":"vm","msg":"  ARB>USDC@UniswapV3/500 USDC>ARB@PancakeV3/100 in=4.688 ARB gap=22.8bps profit=$0.001 net=$-0.010"}
{"level":30,"time":1790806544603,"pid":20658,"hostname":"vm","msg":"  ARB>WETH@PancakeV3/500 WETH>ARB@SushiV3/500 in=4.854 ARB gap=25.2bps profit=$0.001 net=$-0.010"}
{"level":30,"time":1790806544603,"pid":20658,"hostname":"vm","msg":"  ARB>USDC@PancakeV3/500 USDC>ARB@PancakeV3/100 in=3.901 ARB gap=19.7bps profit=$0.001 net=$-0.011"}
{"level":30,"time":1790806545173,"pid":20658,"hostname":"vm","block":510475184,"gross":141,"net":0,"sumNetUsd":0,"gasPriceGwei":0.02001,"txCostUsd":0.0134,"syncMs":135,"searchMs":132,"msg":"block scanned"}
{"level":30,"time":1790806545173,"pid":20658,"hostname":"vm","msg":"  ARB>USDC.e@UniswapV3/500 USDC.e>ARB@PancakeV3/500 in=37.30 ARB gap=29.7bps profit=$0.007 net=$-0.004"}
{"level":30,"time":1790806545173,"pid":20658,"hostname":"vm","msg":"  ARB>USDC.e@PancakeV3/100 USDC.e>ARB@PancakeV3/500 in=12.18 ARB gap=24.4bps profit=$0.002 net=$-0.009"}
{"level":30,"time":1790806545173,"pid":20658,"hostname":"vm","msg":"  ARB>USDC@UniswapV3/500 USDC>ARB@PancakeV3/100 in=4.688 ARB gap=22.8bps profit=$0.001 net=$-0.010"}
{"level":30,"time":1790806545173,"pid":20658,"hostname":"vm","msg":"  ARB>WETH@PancakeV3/500 WETH>ARB@SushiV3/500 in=4.854 ARB gap=25.2bps profit=$0.001 net=$-0.010"}
{"level":30,"time":1790806545173,"pid":20658,"hostname":"vm","msg":"  ARB>USDC@PancakeV3/500 USDC>ARB@PancakeV3/100 in=3.901 ARB gap=19.7bps profit=$0.001 net=$-0.011"}
{"level":30,"time":1790806545737,"pid":20658,"hostname":"vm","block":510475186,"gross":141,"net":0,"sumNetUsd":0,"gasPriceGwei":0.02,"txCostUsd":0.0134,"syncMs":120,"searchMs":139,"msg":"block scanned"}
{"level":30,"time":1790806545737,"pid":20658,"hostname":"vm","msg":"  ARB>USDC.e@UniswapV3/500 USDC.e>ARB@PancakeV3/500 in=37.30 ARB gap=29.7bps profit=$0.007 net=$-0.004"}
{"level":30,"time":1790806545737,"pid":20658,"hostname":"vm","msg":"  ARB>USDC.e@PancakeV3/100 USDC.e>ARB@PancakeV3/500 in=12.18 ARB gap=24.4bps profit=$0.002 net=$-0.009"}
{"level":30,"time":1790806545737,"pid":20658,"hostname":"vm","msg":"  ARB>USDC@UniswapV3/500 USDC>ARB@PancakeV3/100 in=4.688 ARB gap=22.8bps profit=$0.001 net=$-0.010"}
{"level":30,"time":1790806545737,"pid":20658,"hostname":"vm","msg":"  ARB>WETH@PancakeV3/500 WETH>ARB@SushiV3/500 in=4.854 ARB gap=25.2bps profit=$0.001 net=$-0.010"}
{"level":30,"time":1790806545737,"pid":20658,"hostname":"vm","msg":"  ARB>USDC@PancakeV3/500 USDC>ARB@PancakeV3/100 in=3.901 ARB gap=19.7bps profit=$0.001 net=$-0.011"}
{"level":30,"time":1790806546337,"pid":20658,"hostname":"vm","block":510475188,"gross":141,"net":0,"sumNetUsd":0,"gasPriceGwei":0.020012,"txCostUsd":0.0134,"syncMs":147,"searchMs":133,"msg":"block scanned"}
{"level":30,"time":1790806546337,"pid":20658,"hostname":"vm","msg":"  ARB>USDC.e@UniswapV3/500 USDC.e>ARB@PancakeV3/500 in=37.30 ARB gap=29.7bps profit=$0.007 net=$-0.004"}
{"level":30,"time":1790806546337,"pid":20658,"hostname":"vm","msg":"  ARB>USDC.e@PancakeV3/100 USDC.e>ARB@PancakeV3/500 in=12.18 ARB gap=24.4bps profit=$0.002 net=$-0.009"}
{"level":30,"time":1790806546337,"pid":20658,"hostname":"vm","msg":"  ARB>USDC@UniswapV3/500 USDC>ARB@PancakeV3/100 in=4.688 ARB gap=22.8bps profit=$0.001 net=$-0.010"}
{"level":30,"time":1790806546337,"pid":20658,"hostname":"vm","msg":"  ARB>WETH@PancakeV3/500 WETH>ARB@SushiV3/500 in=4.854 ARB gap=25.2bps profit=$0.001 net=$-0.010"}
{"level":30,"time":1790806546337,"pid":20658,"hostname":"vm","msg":"  ARB>USDC@PancakeV3/500 USDC>ARB@PancakeV3/100 in=3.901 ARB gap=19.7bps profit=$0.001 net=$-0.011"}
{"level":30,"time":1790806546933,"pid":20658,"hostname":"vm","block":510475190,"gross":141,"net":0,"sumNetUsd":0,"gasPriceGwei":0.02,"txCostUsd":0.0134,"syncMs":144,"searchMs":135,"msg":"block scanned"}
{"level":30,"time":1790806546933,"pid":20658,"hostname":"vm","msg":"  ARB>USDC.e@UniswapV3/500 USDC.e>ARB@PancakeV3/500 in=37.30 ARB gap=29.7bps profit=$0.007 net=$-0.004"}
{"level":30,"time":1790806546933,"pid":20658,"hostname":"vm","msg":"  ARB>USDC.e@PancakeV3/100 USDC.e>ARB@PancakeV3/500 in=12.18 ARB gap=24.4bps profit=$0.002 net=$-0.009"}
{"level":30,"time":1790806546933,"pid":20658,"hostname":"vm","msg":"  ARB>USDC@UniswapV3/500 USDC>ARB@PancakeV3/100 in=4.688 ARB gap=22.8bps profit=$0.001 net=$-0.010"}
{"level":30,"time":1790806546933,"pid":20658,"hostname":"vm","msg":"  ARB>WETH@PancakeV3/500 WETH>ARB@SushiV3/500 in=4.854 ARB gap=25.2bps profit=$0.001 net=$-0.010"}
{"level":30,"time":1790806546933,"pid":20658,"hostname":"vm","msg":"  ARB>USDC@PancakeV3/500 USDC>ARB@PancakeV3/100 in=3.901 ARB gap=19.7bps profit=$0.001 net=$-0.011"}
{"level":30,"time":1790806547533,"pid":20658,"hostname":"vm","block":510475192,"gross":141,"net":0,"sumNetUsd":0,"gasPriceGwei":0.020368,"txCostUsd":0.0136,"syncMs":132,"searchMs":163,"msg":"block scanned"}
{"level":30,"time":1790806547533,"pid":20658,"hostname":"vm","msg":"  ARB>USDC.e@UniswapV3/500 USDC.e>ARB@PancakeV3/500 in=37.30 ARB gap=29.7bps profit=$0.007 net=$-0.004"}
{"level":30,"time":1790806547533,"pid":20658,"hostname":"vm","msg":"  ARB>USDC.e@PancakeV3/100 USDC.e>ARB@PancakeV3/500 in=12.18 ARB gap=24.4bps profit=$0.002 net=$-0.009"}
{"level":30,"time":1790806547533,"pid":20658,"hostname":"vm","msg":"  ARB>USDC@UniswapV3/500 USDC>ARB@PancakeV3/100 in=4.688 ARB gap=22.8bps profit=$0.001 net=$-0.010"}
{"level":30,"time":1790806547533,"pid":20658,"hostname":"vm","msg":"  ARB>WETH@PancakeV3/500 WETH>ARB@SushiV3/500 in=4.854 ARB gap=25.2bps profit=$0.001 net=$-0.011"}
{"level":30,"time":1790806547533,"pid":20658,"hostname":"vm","msg":"  ARB>USDC@PancakeV3/500 USDC>ARB@PancakeV3/100 in=3.901 ARB gap=19.7bps profit=$0.001 net=$-0.011"}
{"level":30,"time":1790806548144,"pid":20658,"hostname":"vm","block":510475194,"gross":141,"net":0,"sumNetUsd":0,"gasPriceGwei":0.020006,"txCostUsd":0.0134,"syncMs":135,"searchMs":145,"msg":"block scanned"}
{"level":30,"time":1790806548144,"pid":20658,"hostname":"vm","msg":"  ARB>USDC.e@UniswapV3/500 USDC.e>ARB@PancakeV3/500 in=37.30 ARB gap=29.7bps profit=$0.007 net=$-0.004"}
{"level":30,"time":1790806548144,"pid":20658,"hostname":"vm","msg":"  ARB>USDC.e@PancakeV3/100 USDC.e>ARB@PancakeV3/500 in=12.18 ARB gap=24.4bps profit=$0.002 net=$-0.009"}
{"level":30,"time":1790806548144,"pid":20658,"hostname":"vm","msg":"  ARB>USDC@UniswapV3/500 USDC>ARB@PancakeV3/100 in=4.688 ARB gap=22.8bps profit=$0.001 net=$-0.010"}
{"level":30,"time":1790806548144,"pid":20658,"hostname":"vm","msg":"  ARB>WETH@PancakeV3/500 WETH>ARB@SushiV3/500 in=4.854 ARB gap=25.2bps profit=$0.001 net=$-0.010"}
{"level":30,"time":1790806548144,"pid":20658,"hostname":"vm","msg":"  ARB>USDC@PancakeV3/500 USDC>ARB@PancakeV3/100 in=3.901 ARB gap=19.7bps profit=$0.001 net=$-0.011"}
{"level":30,"time":1790806548741,"pid":20658,"hostname":"vm","block":510475196,"gross":141,"net":0,"sumNetUsd":0,"gasPriceGwei":0.02,"txCostUsd":0.0134,"syncMs":145,"searchMs":151,"msg":"block scanned"}
{"level":30,"time":1790806548741,"pid":20658,"hostname":"vm","msg":"  ARB>USDC.e@UniswapV3/500 USDC.e>ARB@PancakeV3/500 in=37.30 ARB gap=29.7bps profit=$0.007 net=$-0.004"}
{"level":30,"time":1790806548741,"pid":20658,"hostname":"vm","msg":"  ARB>USDC.e@PancakeV3/100 USDC.e>ARB@PancakeV3/500 in=12.18 ARB gap=24.4bps profit=$0.002 net=$-0.009"}
{"level":30,"time":1790806548741,"pid":20658,"hostname":"vm","msg":"  ARB>USDC@UniswapV3/500 USDC>ARB@PancakeV3/100 in=4.688 ARB gap=22.8bps profit=$0.001 net=$-0.010"}
{"level":30,"time":1790806548741,"pid":20658,"hostname":"vm","msg":"  ARB>WETH@PancakeV3/500 WETH>ARB@SushiV3/500 in=4.854 ARB gap=25.2bps profit=$0.001 net=$-0.010"}
{"level":30,"time":1790806548741,"pid":20658,"hostname":"vm","msg":"  ARB>USDC@PancakeV3/500 USDC>ARB@PancakeV3/100 in=4.322 ARB gap=21.2bps profit=$0.001 net=$-0.010"}
{"level":30,"time":1790806598263,"pid":20658,"hostname":"vm","block":510475198,"gross":141,"net":0,"sumNetUsd":0,"gasPriceGwei":0.02012,"txCostUsd":0.0135,"syncMs":49073,"searchMs":137,"msg":"block scanned"}
{"level":30,"time":1790806598263,"pid":20658,"hostname":"vm","msg":"  ARB>USDC.e@UniswapV3/500 USDC.e>ARB@PancakeV3/500 in=37.30 ARB gap=29.7bps profit=$0.007 net=$-0.004"}
{"level":30,"time":1790806598263,"pid":20658,"hostname":"vm","msg":"  ARB>USDC.e@PancakeV3/100 USDC.e>ARB@PancakeV3/500 in=12.18 ARB gap=24.4bps profit=$0.002 net=$-0.009"}
{"level":30,"time":1790806598263,"pid":20658,"hostname":"vm","msg":"  ARB>USDC@UniswapV3/500 USDC>ARB@PancakeV3/100 in=4.688 ARB gap=22.8bps profit=$0.001 net=$-0.010"}
{"level":30,"time":1790806598263,"pid":20658,"hostname":"vm","msg":"  ARB>WETH@PancakeV3/500 WETH>ARB@SushiV3/500 in=4.854 ARB gap=25.2bps profit=$0.001 net=$-0.010"}
{"level":30,"time":1790806598263,"pid":20658,"hostname":"vm","msg":"  ARB>USDC@PancakeV3/500 USDC>ARB@PancakeV3/100 in=4.322 ARB gap=21.2bps profit=$0.001 net=$-0.010"}
{"level":30,"time":1790806598720,"pid":20658,"hostname":"vm","block":510475375,"gross":167,"net":0,"sumNetUsd":0,"gasPriceGwei":0.02,"txCostUsd":0.0134,"syncMs":162,"searchMs":191,"msg":"block scanned"}
{"level":30,"time":1790806598720,"pid":20658,"hostname":"vm","msg":"  ARB>USDC@UniswapV3/500 USDC>ARB@PancakeV3/100 in=7.690 ARB gap=33.6bps profit=$0.002 net=$-0.009"}
{"level":30,"time":1790806598720,"pid":20658,"hostname":"vm","msg":"  ARB>USDC@PancakeV3/500 USDC>ARB@PancakeV3/100 in=7.213 ARB gap=31.3bps profit=$0.002 net=$-0.009"}
{"level":30,"time":1790806598720,"pid":20658,"hostname":"vm","msg":"  ARB>USDC.e@UniswapV3/500 USDC.e>ARB@PancakeV3/100 in=12.68 ARB gap=18.9bps profit=$0.002 net=$-0.009"}
{"level":30,"time":1790806598720,"pid":20658,"hostname":"vm","msg":"  ARB>USDC@UniswapV3/500 USDC>ARB@UniswapV3/100 in=7.116 ARB gap=21.2bps profit=$0.001 net=$-0.010"}
{"level":30,"time":1790806598720,"pid":20658,"hostname":"vm","msg":"  ARB>USDC@PancakeV3/500 USDC>ARB@UniswapV3/100 in=6.413 ARB gap=18.9bps profit=$0.001 net=$-0.010"}
{"level":30,"time":1790806599244,"pid":20658,"hostname":"vm","block":510475377,"gross":167,"net":0,"sumNetUsd":0,"gasPriceGwei":0.020024,"txCostUsd":0.0134,"syncMs":140,"searchMs":179,"msg":"block scanned"}
{"level":30,"time":1790806599244,"pid":20658,"hostname":"vm","msg":"  ARB>USDC@UniswapV3/500 USDC>ARB@PancakeV3/100 in=7.690 ARB gap=33.6bps profit=$0.002 net=$-0.009"}
{"level":30,"time":1790806599244,"pid":20658,"hostname":"vm","msg":"  ARB>USDC@PancakeV3/500 USDC>ARB@PancakeV3/100 in=7.213 ARB gap=31.3bps profit=$0.002 net=$-0.009"}
{"level":30,"time":1790806599244,"pid":20658,"hostname":"vm","msg":"  ARB>USDC.e@UniswapV3/500 USDC.e>ARB@PancakeV3/100 in=12.68 ARB gap=18.9bps profit=$0.002 net=$-0.009"}
{"level":30,"time":1790806599244,"pid":20658,"hostname":"vm","msg":"  ARB>USDC@UniswapV3/500 USDC>ARB@UniswapV3/100 in=7.116 ARB gap=21.2bps profit=$0.001 net=$-0.010"}
{"level":30,"time":1790806599244,"pid":20658,"hostname":"vm","msg":"  ARB>USDC@PancakeV3/500 USDC>ARB@UniswapV3/100 in=6.413 ARB gap=18.9bps profit=$0.001 net=$-0.010"}
{"level":30,"time":1790806599876,"pid":20658,"hostname":"vm","block":510475379,"gross":166,"net":0,"sumNetUsd":0,"gasPriceGwei":0.02,"txCostUsd":0.0134,"syncMs":136,"searchMs":181,"msg":"block scanned"}
{"level":30,"time":1790806599876,"pid":20658,"hostname":"vm","msg":"  ARB>USDC@UniswapV3/500 USDC>ARB@PancakeV3/100 in=7.690 ARB gap=33.6bps profit=$0.002 net=$-0.009"}
{"level":30,"time":1790806599876,"pid":20658,"hostname":"vm","msg":"  ARB>USDC@PancakeV3/500 USDC>ARB@PancakeV3/100 in=7.213 ARB gap=31.3bps profit=$0.002 net=$-0.009"}
{"level":30,"time":1790806599876,"pid":20658,"hostname":"vm","msg":"  ARB>USDC.e@UniswapV3/500 USDC.e>ARB@PancakeV3/100 in=12.68 ARB gap=18.9bps profit=$0.002 net=$-0.009"}
{"level":30,"time":1790806599876,"pid":20658,"hostname":"vm","msg":"  ARB>USDC@UniswapV3/500 USDC>ARB@UniswapV3/100 in=7.116 ARB gap=21.2bps profit=$0.001 net=$-0.010"}
{"level":30,"time":1790806599876,"pid":20658,"hostname":"vm","msg":"  ARB>USDC@PancakeV3/500 USDC>ARB@UniswapV3/100 in=6.413 ARB gap=18.9bps profit=$0.001 net=$-0.010"}
{"level":30,"time":1790806600558,"pid":20658,"hostname":"vm","block":510475380,"gross":166,"net":0,"sumNetUsd":0,"gasPriceGwei":0.020132,"txCostUsd":0.0135,"syncMs":151,"searchMs":221,"msg":"block scanned"}
{"level":30,"time":1790806600558,"pid":20658,"hostname":"vm","msg":"  ARB>USDC@UniswapV3/500 USDC>ARB@PancakeV3/100 in=7.690 ARB gap=33.6bps profit=$0.002 net=$-0.009"}
{"level":30,"time":1790806600558,"pid":20658,"hostname":"vm","msg":"  ARB>USDC@PancakeV3/500 USDC>ARB@PancakeV3/100 in=7.213 ARB gap=31.3bps profit=$0.002 net=$-0.009"}
{"level":30,"time":1790806600558,"pid":20658,"hostname":"vm","msg":"  ARB>USDC.e@UniswapV3/500 USDC.e>ARB@PancakeV3/100 in=12.68 ARB gap=18.9bps profit=$0.002 net=$-0.009"}
{"level":30,"time":1790806600558,"pid":20658,"hostname":"vm","msg":"  ARB>USDC@UniswapV3/500 USDC>ARB@UniswapV3/100 in=7.116 ARB gap=21.2bps profit=$0.001 net=$-0.010"}
{"level":30,"time":1790806600558,"pid":20658,"hostname":"vm","msg":"  ARB>USDC@PancakeV3/500 USDC>ARB@UniswapV3/100 in=6.413 ARB gap=18.9bps profit=$0.001 net=$-0.010"}
{"level":30,"time":1790806601064,"pid":20658,"hostname":"vm","block":510475382,"gross":166,"net":0,"sumNetUsd":0,"gasPriceGwei":0.02,"txCostUsd":0.0134,"syncMs":127,"searchMs":177,"msg":"block scanned"}
{"level":30,"time":1790806601064,"pid":20658,"hostname":"vm","msg":"  ARB>USDC@UniswapV3/500 USDC>ARB@PancakeV3/100 in=7.690 ARB gap=33.6bps profit=$0.002 net=$-0.009"}
{"level":30,"time":1790806601064,"pid":20658,"hostname":"vm","msg":"  ARB>USDC@PancakeV3/500 USDC>ARB@PancakeV3/100 in=7.213 ARB gap=31.3bps profit=$0.002 net=$-0.009"}
{"level":30,"time":1790806601064,"pid":20658,"hostname":"vm","msg":"  ARB>USDC.e@UniswapV3/500 USDC.e>ARB@PancakeV3/100 in=12.68 ARB gap=18.9bps profit=$0.002 net=$-0.009"}
{"level":30,"time":1790806601064,"pid":20658,"hostname":"vm","msg":"  ARB>USDC@UniswapV3/500 USDC>ARB@UniswapV3/100 in=7.116 ARB gap=21.2bps profit=$0.001 net=$-0.010"}
{"level":30,"time":1790806601064,"pid":20658,"hostname":"vm","msg":"  ARB>USDC@PancakeV3/500 USDC>ARB@UniswapV3/100 in=6.413 ARB gap=18.9bps profit=$0.001 net=$-0.010"}
{"level":30,"time":1790806602253,"pid":20658,"hostname":"vm","block":510475384,"gross":166,"net":0,"sumNetUsd":0,"gasPriceGwei":0.020004,"txCostUsd":0.0134,"syncMs":146,"searchMs":183,"msg":"block scanned"}
{"level":30,"time":1790806602253,"pid":20658,"hostname":"vm","msg":"  ARB>USDC@UniswapV3/500 USDC>ARB@PancakeV3/100 in=7.690 ARB gap=33.6bps profit=$0.002 net=$-0.009"}
{"level":30,"time":1790806602253,"pid":20658,"hostname":"vm","msg":"  ARB>USDC@PancakeV3/500 USDC>ARB@PancakeV3/100 in=7.213 ARB gap=31.3bps profit=$0.002 net=$-0.009"}
{"level":30,"time":1790806602253,"pid":20658,"hostname":"vm","msg":"  ARB>USDC.e@UniswapV3/500 USDC.e>ARB@PancakeV3/100 in=12.68 ARB gap=18.9bps profit=$0.002 net=$-0.009"}
{"level":30,"time":1790806602253,"pid":20658,"hostname":"vm","msg":"  ARB>USDC@UniswapV3/500 USDC>ARB@UniswapV3/100 in=7.116 ARB gap=21.2bps profit=$0.001 net=$-0.010"}
{"level":30,"time":1790806602253,"pid":20658,"hostname":"vm","msg":"  ARB>USDC@PancakeV3/500 USDC>ARB@UniswapV3/100 in=6.413 ARB gap=18.9bps profit=$0.001 net=$-0.010"}
{"level":30,"time":1790806602854,"pid":20658,"hostname":"vm","block":510475386,"gross":166,"net":0,"sumNetUsd":0,"gasPriceGwei":0.02,"txCostUsd":0.0134,"syncMs":119,"searchMs":179,"msg":"block scanned"}
{"level":30,"time":1790806602854,"pid":20658,"hostname":"vm","msg":"  ARB>USDC@UniswapV3/500 USDC>ARB@PancakeV3/100 in=7.690 ARB gap=33.6bps profit=$0.002 net=$-0.009"}
{"level":30,"time":1790806602854,"pid":20658,"hostname":"vm","msg":"  ARB>USDC@PancakeV3/500 USDC>ARB@PancakeV3/100 in=7.213 ARB gap=31.3bps profit=$0.002 net=$-0.009"}
{"level":30,"time":1790806602854,"pid":20658,"hostname":"vm","msg":"  ARB>USDC.e@UniswapV3/500 USDC.e>ARB@PancakeV3/100 in=12.68 ARB gap=18.9bps profit=$0.002 net=$-0.009"}
{"level":30,"time":1790806602854,"pid":20658,"hostname":"vm","msg":"  ARB>USDC@UniswapV3/500 USDC>ARB@UniswapV3/100 in=7.116 ARB gap=21.2bps profit=$0.001 net=$-0.010"}
{"level":30,"time":1790806602854,"pid":20658,"hostname":"vm","msg":"  ARB>USDC@PancakeV3/500 USDC>ARB@UniswapV3/100 in=6.413 ARB gap=18.9bps profit=$0.001 net=$-0.010"}
{"level":30,"time":1790806603460,"pid":20658,"hostname":"vm","block":510475389,"gross":166,"net":0,"sumNetUsd":0,"gasPriceGwei":0.020348,"txCostUsd":0.0136,"syncMs":121,"searchMs":178,"msg":"block scanned"}
{"level":30,"time":1790806603461,"pid":20658,"hostname":"vm","msg":"  ARB>USDC@UniswapV3/500 USDC>ARB@PancakeV3/100 in=7.690 ARB gap=33.6bps profit=$0.002 net=$-0.009"}
{"level":30,"time":1790806603461,"pid":20658,"hostname":"vm","msg":"  ARB>USDC@PancakeV3/500 USDC>ARB@PancakeV3/100 in=7.213 ARB gap=31.3bps profit=$0.002 net=$-0.009"}
{"level":30,"time":1790806603461,"pid":20658,"hostname":"vm","msg":"  ARB>USDC.e@UniswapV3/500 USDC.e>ARB@PancakeV3/100 in=12.68 ARB gap=18.9bps profit=$0.002 net=$-0.010"}
{"level":30,"time":1790806603461,"pid":20658,"hostname":"vm","msg":"  ARB>USDC@UniswapV3/500 USDC>ARB@UniswapV3/100 in=7.116 ARB gap=21.2bps profit=$0.001 net=$-0.010"}
{"level":30,"time":1790806603461,"pid":20658,"hostname":"vm","msg":"  ARB>USDC@PancakeV3/500 USDC>ARB@UniswapV3/100 in=6.413 ARB gap=18.9bps profit=$0.001 net=$-0.010"}
{"level":30,"time":1790806604092,"pid":20658,"hostname":"vm","block":510475391,"gross":166,"net":0,"sumNetUsd":0,"gasPriceGwei":0.020408,"txCostUsd":0.0137,"syncMs":140,"searchMs":190,"msg":"block scanned"}
{"level":30,"time":1790806604092,"pid":20658,"hostname":"vm","msg":"  ARB>USDC@UniswapV3/500 USDC>ARB@PancakeV3/100 in=7.690 ARB gap=33.6bps profit=$0.002 net=$-0.009"}
{"level":30,"time":1790806604092,"pid":20658,"hostname":"vm","msg":"  ARB>USDC@PancakeV3/500 USDC>ARB@PancakeV3/100 in=7.213 ARB gap=31.3bps profit=$0.002 net=$-0.009"}
{"level":30,"time":1790806604092,"pid":20658,"hostname":"vm","msg":"  ARB>USDC.e@UniswapV3/500 USDC.e>ARB@PancakeV3/100 in=12.68 ARB gap=18.9bps profit=$0.002 net=$-0.010"}
{"level":30,"time":1790806604092,"pid":20658,"hostname":"vm","msg":"  ARB>USDC@UniswapV3/500 USDC>ARB@UniswapV3/100 in=7.116 ARB gap=21.2bps profit=$0.001 net=$-0.010"}
{"level":30,"time":1790806604092,"pid":20658,"hostname":"vm","msg":"  ARB>USDC@PancakeV3/500 USDC>ARB@UniswapV3/100 in=6.413 ARB gap=18.9bps profit=$0.001 net=$-0.010"}
{"level":30,"time":1790806604721,"pid":20658,"hostname":"vm","block":510475393,"gross":166,"net":0,"sumNetUsd":0,"gasPriceGwei":0.02,"txCostUsd":0.0134,"syncMs":150,"searchMs":181,"msg":"block scanned"}
{"level":30,"time":1790806604721,"pid":20658,"hostname":"vm","msg":"  ARB>USDC@UniswapV3/500 USDC>ARB@PancakeV3/100 in=7.690 ARB gap=33.6bps profit=$0.002 net=$-0.009"}
{"level":30,"time":1790806604721,"pid":20658,"hostname":"vm","msg":"  ARB>USDC@PancakeV3/500 USDC>ARB@PancakeV3/100 in=7.213 ARB gap=31.3bps profit=$0.002 net=$-0.009"}
{"level":30,"time":1790806604721,"pid":20658,"hostname":"vm","msg":"  ARB>USDC.e@UniswapV3/500 USDC.e>ARB@PancakeV3/100 in=12.68 ARB gap=18.9bps profit=$0.002 net=$-0.009"}
{"level":30,"time":1790806604721,"pid":20658,"hostname":"vm","msg":"  ARB>USDC@UniswapV3/500 USDC>ARB@UniswapV3/100 in=7.116 ARB gap=21.2bps profit=$0.001 net=$-0.010"}
{"level":30,"time":1790806604721,"pid":20658,"hostname":"vm","msg":"  ARB>USDC@PancakeV3/500 USDC>ARB@UniswapV3/100 in=6.413 ARB gap=18.9bps profit=$0.001 net=$-0.010"}
{"level":30,"time":1790806605336,"pid":20658,"hostname":"vm","block":510475394,"gross":166,"net":0,"sumNetUsd":0,"gasPriceGwei":0.020082,"txCostUsd":0.0135,"syncMs":130,"searchMs":178,"msg":"block scanned"}
{"level":30,"time":1790806605336,"pid":20658,"hostname":"vm","msg":"  ARB>USDC@UniswapV3/500 USDC>ARB@PancakeV3/100 in=7.690 ARB gap=33.6bps profit=$0.002 net=$-0.009"}
{"level":30,"time":1790806605336,"pid":20658,"hostname":"vm","msg":"  ARB>USDC@PancakeV3/500 USDC>ARB@PancakeV3/100 in=7.213 ARB gap=31.3bps profit=$0.002 net=$-0.009"}
{"level":30,"time":1790806605336,"pid":20658,"hostname":"vm","msg":"  ARB>USDC.e@UniswapV3/500 USDC.e>ARB@PancakeV3/100 in=12.68 ARB gap=18.9bps profit=$0.002 net=$-0.009"}
{"level":30,"time":1790806605336,"pid":20658,"hostname":"vm","msg":"  ARB>USDC@UniswapV3/500 USDC>ARB@UniswapV3/100 in=7.116 ARB gap=21.2bps profit=$0.001 net=$-0.010"}
{"level":30,"time":1790806605336,"pid":20658,"hostname":"vm","msg":"  ARB>USDC@PancakeV3/500 USDC>ARB@UniswapV3/100 in=6.413 ARB gap=18.9bps profit=$0.001 net=$-0.010"}
{"level":30,"time":1790806606008,"pid":20658,"hostname":"vm","block":510475397,"gross":166,"net":0,"sumNetUsd":0,"gasPriceGwei":0.02002,"txCostUsd":0.0134,"syncMs":180,"searchMs":192,"msg":"block scanned"}
{"level":30,"time":1790806606008,"pid":20658,"hostname":"vm","msg":"  ARB>USDC@UniswapV3/500 USDC>ARB@PancakeV3/100 in=7.690 ARB gap=33.6bps profit=$0.002 net=$-0.009"}
{"level":30,"time":1790806606008,"pid":20658,"hostname":"vm","msg":"  ARB>USDC@PancakeV3/500 USDC>ARB@PancakeV3/100 in=7.213 ARB gap=31.3bps profit=$0.002 net=$-0.009"}
{"level":30,"time":1790806606008,"pid":20658,"hostname":"vm","msg":"  ARB>USDC.e@UniswapV3/500 USDC.e>ARB@PancakeV3/100 in=11.87 ARB gap=18bps profit=$0.001 net=$-0.010"}
{"level":30,"time":1790806606008,"pid":20658,"hostname":"vm","msg":"  ARB>USDC@UniswapV3/500 USDC>ARB@UniswapV3/100 in=7.116 ARB gap=21.2bps profit=$0.001 net=$-0.010"}
{"level":30,"time":1790806606008,"pid":20658,"hostname":"vm","msg":"  ARB>USDC@PancakeV3/500 USDC>ARB@UniswapV3/100 in=6.413 ARB gap=18.9bps profit=$0.001 net=$-0.010"}
{"level":30,"time":1790806606523,"pid":20658,"hostname":"vm","block":510475399,"gross":166,"net":0,"sumNetUsd":0,"gasPriceGwei":0.02,"txCostUsd":0.0134,"syncMs":132,"searchMs":178,"msg":"block scanned"}
{"level":30,"time":1790806606523,"pid":20658,"hostname":"vm","msg":"  ARB>USDC@UniswapV3/500 USDC>ARB@PancakeV3/100 in=7.690 ARB gap=33.6bps profit=$0.002 net=$-0.009"}
{"level":30,"time":1790806606523,"pid":20658,"hostname":"vm","msg":"  ARB>USDC@PancakeV3/500 USDC>ARB@PancakeV3/100 in=7.213 ARB gap=31.3bps profit=$0.002 net=$-0.009"}
{"level":30,"time":1790806606523,"pid":20658,"hostname":"vm","msg":"  ARB>USDC.e@UniswapV3/500 USDC.e>ARB@PancakeV3/100 in=11.87 ARB gap=18bps profit=$0.001 net=$-0.010"}
{"level":30,"time":1790806606523,"pid":20658,"hostname":"vm","msg":"  ARB>USDC@UniswapV3/500 USDC>ARB@UniswapV3/100 in=7.116 ARB gap=21.2bps profit=$0.001 net=$-0.010"}
{"level":30,"time":1790806606523,"pid":20658,"hostname":"vm","msg":"  ARB>USDC@PancakeV3/500 USDC>ARB@UniswapV3/100 in=6.413 ARB gap=18.9bps profit=$0.001 net=$-0.010"}
{"level":30,"time":1790806607101,"pid":20658,"hostname":"vm","block":510475402,"gross":166,"net":0,"sumNetUsd":0,"gasPriceGwei":0.020004,"txCostUsd":0.0134,"syncMs":99,"searchMs":175,"msg":"block scanned"}
{"level":30,"time":1790806607101,"pid":20658,"hostname":"vm","msg":"  ARB>USDC@UniswapV3/500 USDC>ARB@PancakeV3/100 in=7.690 ARB gap=33.6bps profit=$0.002 net=$-0.009"}
{"level":30,"time":1790806607101,"pid":20658,"hostname":"vm","msg":"  ARB>USDC@PancakeV3/500 USDC>ARB@PancakeV3/100 in=7.213 ARB gap=31.3bps profit=$0.002 net=$-0.009"}
{"level":30,"time":1790806607101,"pid":20658,"hostname":"vm","msg":"  ARB>USDC.e@UniswapV3/500 USDC.e>ARB@PancakeV3/100 in=11.87 ARB gap=18bps profit=$0.001 net=$-0.010"}
{"level":30,"time":1790806607101,"pid":20658,"hostname":"vm","msg":"  ARB>USDC@UniswapV3/500 USDC>ARB@UniswapV3/100 in=7.116 ARB gap=21.2bps profit=$0.001 net=$-0.010"}
{"level":30,"time":1790806607101,"pid":20658,"hostname":"vm","msg":"  ARB>USDC@PancakeV3/500 USDC>ARB@UniswapV3/100 in=6.413 ARB gap=18.9bps profit=$0.001 net=$-0.010"}
{"level":30,"time":1790806632656,"pid":20658,"hostname":"vm","block":510475404,"gross":166,"net":0,"sumNetUsd":0,"gasPriceGwei":0.020144,"txCostUsd":0.0135,"syncMs":25070,"searchMs":177,"msg":"block scanned"}
{"level":30,"time":1790806632656,"pid":20658,"hostname":"vm","msg":"  ARB>USDC@UniswapV3/500 USDC>ARB@PancakeV3/100 in=7.690 ARB gap=33.6bps profit=$0.002 net=$-0.009"}
{"level":30,"time":1790806632656,"pid":20658,"hostname":"vm","msg":"  ARB>USDC@PancakeV3/500 USDC>ARB@PancakeV3/100 in=7.213 ARB gap=31.3bps profit=$0.002 net=$-0.009"}
{"level":30,"time":1790806632656,"pid":20658,"hostname":"vm","msg":"  ARB>USDC.e@UniswapV3/500 USDC.e>ARB@PancakeV3/100 in=11.87 ARB gap=18bps profit=$0.001 net=$-0.010"}
{"level":30,"time":1790806632656,"pid":20658,"hostname":"vm","msg":"  ARB>USDC@UniswapV3/500 USDC>ARB@UniswapV3/100 in=7.116 ARB gap=21.2bps profit=$0.001 net=$-0.010"}
{"level":30,"time":1790806632656,"pid":20658,"hostname":"vm","msg":"  ARB>USDC@PancakeV3/500 USDC>ARB@UniswapV3/100 in=6.413 ARB gap=18.9bps profit=$0.001 net=$-0.010"}
{"level":30,"time":1790806633106,"pid":20658,"hostname":"vm","block":510475488,"gross":166,"net":0,"sumNetUsd":0,"gasPriceGwei":0.020014,"txCostUsd":0.0134,"syncMs":147,"searchMs":193,"msg":"block scanned"}
{"level":30,"time":1790806633106,"pid":20658,"hostname":"vm","msg":"  ARB>USDC@PancakeV3/500 USDC>ARB@PancakeV3/100 in=7.978 ARB gap=34bps profit=$0.002 net=$-0.009"}
{"level":30,"time":1790806633106,"pid":20658,"hostname":"vm","msg":"  ARB>USDC@UniswapV3/500 USDC>ARB@PancakeV3/100 in=7.690 ARB gap=33.6bps profit=$0.002 net=$-0.009"}
{"level":30,"time":1790806633106,"pid":20658,"hostname":"vm","msg":"  ARB>USDC.e@UniswapV3/500 USDC.e>ARB@PancakeV3/100 in=11.87 ARB gap=18bps profit=$0.001 net=$-0.010"}
{"level":30,"time":1790806633106,"pid":20658,"hostname":"vm","msg":"  ARB>WETH@UniswapV3/500 WETH>ARB@SushiV3/500 in=7.079 ARB gap=29.2bps profit=$0.001 net=$-0.010"}
{"level":30,"time":1790806633106,"pid":20658,"hostname":"vm","msg":"  ARB>USDC@PancakeV3/500 USDC>ARB@UniswapV3/100 in=7.744 ARB gap=21.6bps profit=$0.001 net=$-0.010"}
{"level":30,"time":1790806633753,"pid":20658,"hostname":"vm","block":510475491,"gross":166,"net":0,"sumNetUsd":0,"gasPriceGwei":0.020002,"txCostUsd":0.0134,"syncMs":139,"searchMs":200,"msg":"block scanned"}
{"level":30,"time":1790806633753,"pid":20658,"hostname":"vm","msg":"  ARB>USDC@PancakeV3/500 USDC>ARB@PancakeV3/100 in=7.978 ARB gap=34bps profit=$0.002 net=$-0.009"}
{"level":30,"time":1790806633753,"pid":20658,"hostname":"vm","msg":"  ARB>USDC@UniswapV3/500 USDC>ARB@PancakeV3/100 in=7.690 ARB gap=33.6bps profit=$0.002 net=$-0.009"}
{"level":30,"time":1790806633753,"pid":20658,"hostname":"vm","msg":"  ARB>USDC.e@UniswapV3/500 USDC.e>ARB@PancakeV3/100 in=11.87 ARB gap=18bps profit=$0.001 net=$-0.010"}
{"level":30,"time":1790806633753,"pid":20658,"hostname":"vm","msg":"  ARB>WETH@UniswapV3/500 WETH>ARB@SushiV3/500 in=7.079 ARB gap=29.2bps profit=$0.001 net=$-0.010"}
{"level":30,"time":1790806633753,"pid":20658,"hostname":"vm","msg":"  ARB>USDC@PancakeV3/500 USDC>ARB@UniswapV3/100 in=7.744 ARB gap=21.6bps profit=$0.001 net=$-0.010"}
{"level":30,"time":1790806634369,"pid":20658,"hostname":"vm","block":510475494,"gross":166,"net":0,"sumNetUsd":0,"gasPriceGwei":0.02002,"txCostUsd":0.0134,"syncMs":137,"searchMs":174,"msg":"block scanned"}
{"level":30,"time":1790806634369,"pid":20658,"hostname":"vm","msg":"  ARB>USDC@PancakeV3/500 USDC>ARB@PancakeV3/100 in=7.978 ARB gap=34bps profit=$0.002 net=$-0.009"}
{"level":30,"time":1790806634369,"pid":20658,"hostname":"vm","msg":"  ARB>USDC@UniswapV3/500 USDC>ARB@PancakeV3/100 in=7.690 ARB gap=33.6bps profit=$0.002 net=$-0.009"}
{"level":30,"time":1790806634369,"pid":20658,"hostname":"vm","msg":"  ARB>USDC.e@UniswapV3/500 USDC.e>ARB@PancakeV3/100 in=11.87 ARB gap=18bps profit=$0.001 net=$-0.010"}
{"level":30,"time":1790806634369,"pid":20658,"hostname":"vm","msg":"  ARB>WETH@UniswapV3/500 WETH>ARB@SushiV3/500 in=7.079 ARB gap=29.2bps profit=$0.001 net=$-0.010"}
{"level":30,"time":1790806634369,"pid":20658,"hostname":"vm","msg":"  ARB>USDC@PancakeV3/500 USDC>ARB@UniswapV3/100 in=7.744 ARB gap=21.6bps profit=$0.001 net=$-0.010"}
{"level":30,"time":1790806635028,"pid":20658,"hostname":"vm","block":510475496,"gross":166,"net":0,"sumNetUsd":0,"gasPriceGwei":0.02001,"txCostUsd":0.0134,"syncMs":175,"searchMs":173,"msg":"block scanned"}
{"level":30,"time":1790806635028,"pid":20658,"hostname":"vm","msg":"  ARB>USDC@PancakeV3/500 USDC>ARB@PancakeV3/100 in=7.978 ARB gap=34bps profit=$0.002 net=$-0.009"}
{"level":30,"time":1790806635028,"pid":20658,"hostname":"vm","msg":"  ARB>USDC@UniswapV3/500 USDC>ARB@PancakeV3/100 in=7.690 ARB gap=33.6bps profit=$0.002 net=$-0.009"}
{"level":30,"time":1790806635028,"pid":20658,"hostname":"vm","msg":"  ARB>USDC.e@UniswapV3/500 USDC.e>ARB@PancakeV3/100 in=11.87 ARB gap=18bps profit=$0.001 net=$-0.010"}
{"level":30,"time":1790806635028,"pid":20658,"hostname":"vm","msg":"  ARB>WETH@UniswapV3/500 WETH>ARB@SushiV3/500 in=7.079 ARB gap=29.2bps profit=$0.001 net=$-0.010"}
{"level":30,"time":1790806635028,"pid":20658,"hostname":"vm","msg":"  ARB>USDC@PancakeV3/500 USDC>ARB@UniswapV3/100 in=7.744 ARB gap=21.6bps profit=$0.001 net=$-0.010"}
{"level":30,"time":1790806635527,"pid":20658,"hostname":"vm","block":510475498,"gross":166,"net":0,"sumNetUsd":0,"gasPriceGwei":0.020016,"txCostUsd":0.0134,"syncMs":124,"searchMs":172,"msg":"block scanned"}
{"level":30,"time":1790806635528,"pid":20658,"hostname":"vm","msg":"  ARB>USDC@PancakeV3/500 USDC>ARB@PancakeV3/100 in=7.978 ARB gap=34bps profit=$0.002 net=$-0.009"}
{"level":30,"time":1790806635528,"pid":20658,"hostname":"vm","msg":"  ARB>USDC@UniswapV3/500 USDC>ARB@PancakeV3/100 in=7.690 ARB gap=33.6bps profit=$0.002 net=$-0.009"}
{"level":30,"time":1790806635528,"pid":20658,"hostname":"vm","msg":"  ARB>USDC.e@UniswapV3/500 USDC.e>ARB@PancakeV3/100 in=11.87 ARB gap=18bps profit=$0.001 net=$-0.010"}
{"level":30,"time":1790806635528,"pid":20658,"hostname":"vm","msg":"  ARB>WETH@UniswapV3/500 WETH>ARB@SushiV3/500 in=7.079 ARB gap=29.2bps profit=$0.001 net=$-0.010"}
{"level":30,"time":1790806635528,"pid":20658,"hostname":"vm","msg":"  ARB>USDC@PancakeV3/500 USDC>ARB@UniswapV3/100 in=7.744 ARB gap=21.6bps profit=$0.001 net=$-0.010"}
{"level":30,"time":1790806636327,"pid":20658,"hostname":"vm","block":510475500,"gross":167,"net":0,"sumNetUsd":0,"gasPriceGwei":0.020132,"txCostUsd":0.0135,"syncMs":306,"searchMs":187,"msg":"block scanned"}
{"level":30,"time":1790806636327,"pid":20658,"hostname":"vm","msg":"  ARB>USDC@PancakeV3/500 USDC>ARB@PancakeV3/100 in=7.978 ARB gap=34bps profit=$0.002 net=$-0.009"}
{"level":30,"time":1790806636327,"pid":20658,"hostname":"vm","msg":"  ARB>USDC@UniswapV3/500 USDC>ARB@PancakeV3/100 in=7.690 ARB gap=33.6bps profit=$0.002 net=$-0.009"}
{"level":30,"time":1790806636327,"pid":20658,"hostname":"vm","msg":"  ARB>USDC.e@UniswapV3/500 USDC.e>ARB@PancakeV3/100 in=11.87 ARB gap=18bps profit=$0.001 net=$-0.010"}
{"level":30,"time":1790806636327,"pid":20658,"hostname":"vm","msg":"  ARB>WETH@UniswapV3/500 WETH>ARB@SushiV3/500 in=7.079 ARB gap=29.2bps profit=$0.001 net=$-0.010"}
{"level":30,"time":1790806636327,"pid":20658,"hostname":"vm","msg":"  ARB>USDC@PancakeV3/500 USDC>ARB@UniswapV3/100 in=7.744 ARB gap=21.6bps profit=$0.001 net=$-0.010"}
{"level":30,"time":1790806636749,"pid":20658,"hostname":"vm","block":510475502,"gross":167,"net":0,"sumNetUsd":0,"gasPriceGwei":0.02,"txCostUsd":0.0134,"syncMs":145,"searchMs":174,"msg":"block scanned"}
{"level":30,"time":1790806636749,"pid":20658,"hostname":"vm","msg":"  ARB>USDC@PancakeV3/500 USDC>ARB@PancakeV3/100 in=7.978 ARB gap=34bps profit=$0.002 net=$-0.009"}
{"level":30,"time":1790806636749,"pid":20658,"hostname":"vm","msg":"  ARB>USDC@UniswapV3/500 USDC>ARB@PancakeV3/100 in=7.690 ARB gap=33.6bps profit=$0.002 net=$-0.009"}
{"level":30,"time":1790806636749,"pid":20658,"hostname":"vm","msg":"  ARB>USDC.e@UniswapV3/500 USDC.e>ARB@PancakeV3/100 in=11.87 ARB gap=18bps profit=$0.001 net=$-0.010"}
{"level":30,"time":1790806636749,"pid":20658,"hostname":"vm","msg":"  ARB>WETH@UniswapV3/500 WETH>ARB@SushiV3/500 in=7.079 ARB gap=29.2bps profit=$0.001 net=$-0.010"}
{"level":30,"time":1790806636749,"pid":20658,"hostname":"vm","msg":"  ARB>USDC@PancakeV3/500 USDC>ARB@UniswapV3/100 in=7.744 ARB gap=21.6bps profit=$0.001 net=$-0.010"}
{"level":30,"time":1790806637362,"pid":20658,"hostname":"vm","block":510475505,"gross":167,"net":0,"sumNetUsd":0,"gasPriceGwei":0.020286,"txCostUsd":0.0136,"syncMs":128,"searchMs":179,"msg":"block scanned"}
{"level":30,"time":1790806637362,"pid":20658,"hostname":"vm","msg":"  ARB>USDC@PancakeV3/500 USDC>ARB@PancakeV3/100 in=7.978 ARB gap=34bps profit=$0.002 net=$-0.009"}
{"level":30,"time":1790806637362,"pid":20658,"hostname":"vm","msg":"  ARB>USDC@UniswapV3/500 USDC>ARB@PancakeV3/100 in=7.690 ARB gap=33.6bps profit=$0.002 net=$-0.009"}
{"level":30,"time":1790806637362,"pid":20658,"hostname":"vm","msg":"  ARB>USDC.e@UniswapV3/500 USDC.e>ARB@PancakeV3/100 in=11.87 ARB gap=18bps profit=$0.001 net=$-0.010"}
{"level":30,"time":1790806637362,"pid":20658,"hostname":"vm","msg":"  ARB>WETH@UniswapV3/500 WETH>ARB@SushiV3/500 in=7.079 ARB gap=29.2bps profit=$0.001 net=$-0.010"}
{"level":30,"time":1790806637362,"pid":20658,"hostname":"vm","msg":"  ARB>USDC@PancakeV3/500 USDC>ARB@UniswapV3/100 in=7.744 ARB gap=21.6bps profit=$0.001 net=$-0.010"}
{"level":30,"time":1790806637978,"pid":20658,"hostname":"vm","block":510475507,"gross":167,"net":0,"sumNetUsd":0,"gasPriceGwei":0.02,"txCostUsd":0.0134,"syncMs":129,"searchMs":181,"msg":"block scanned"}
{"level":30,"time":1790806637978,"pid":20658,"hostname":"vm","msg":"  ARB>USDC@PancakeV3/500 USDC>ARB@PancakeV3/100 in=7.978 ARB gap=34bps profit=$0.002 net=$-0.009"}
{"level":30,"time":1790806637978,"pid":20658,"hostname":"vm","msg":"  ARB>USDC@UniswapV3/500 USDC>ARB@PancakeV3/100 in=7.690 ARB gap=33.6bps profit=$0.002 net=$-0.009"}
{"level":30,"time":1790806637978,"pid":20658,"hostname":"vm","msg":"  ARB>USDC.e@UniswapV3/500 USDC.e>ARB@PancakeV3/100 in=11.87 ARB gap=18bps profit=$0.001 net=$-0.010"}
{"level":30,"time":1790806637978,"pid":20658,"hostname":"vm","msg":"  ARB>WETH@UniswapV3/500 WETH>ARB@SushiV3/500 in=7.079 ARB gap=29.2bps profit=$0.001 net=$-0.010"}
{"level":30,"time":1790806637978,"pid":20658,"hostname":"vm","msg":"  ARB>USDC@PancakeV3/500 USDC>ARB@UniswapV3/100 in=7.744 ARB gap=21.6bps profit=$0.001 net=$-0.010"}
{"level":30,"time":1790806638635,"pid":20658,"hostname":"vm","block":510475508,"gross":167,"net":0,"sumNetUsd":0,"gasPriceGwei":0.020122,"txCostUsd":0.0135,"syncMs":178,"searchMs":173,"msg":"block scanned"}
{"level":30,"time":1790806638636,"pid":20658,"hostname":"vm","msg":"  ARB>USDC@PancakeV3/500 USDC>ARB@PancakeV3/100 in=7.978 ARB gap=34bps profit=$0.002 net=$-0.009"}
{"level":30,"time":1790806638636,"pid":20658,"hostname":"vm","msg":"  ARB>USDC@UniswapV3/500 USDC>ARB@PancakeV3/100 in=7.690 ARB gap=33.6bps profit=$0.002 net=$-0.009"}
{"level":30,"time":1790806638636,"pid":20658,"hostname":"vm","msg":"  ARB>USDC.e@UniswapV3/500 USDC.e>ARB@PancakeV3/100 in=11.87 ARB gap=18bps profit=$0.001 net=$-0.010"}
{"level":30,"time":1790806638636,"pid":20658,"hostname":"vm","msg":"  ARB>WETH@UniswapV3/500 WETH>ARB@SushiV3/500 in=7.079 ARB gap=29.2bps profit=$0.001 net=$-0.010"}
{"level":30,"time":1790806638636,"pid":20658,"hostname":"vm","msg":"  ARB>USDC@PancakeV3/500 USDC>ARB@UniswapV3/100 in=7.744 ARB gap=21.6bps profit=$0.001 net=$-0.010"}
{"level":30,"time":1790806639147,"pid":20658,"hostname":"vm","block":510475510,"gross":168,"net":0,"sumNetUsd":0,"gasPriceGwei":0.020012,"txCostUsd":0.0134,"syncMs":139,"searchMs":174,"msg":"block scanned"}
{"level":30,"time":1790806639147,"pid":20658,"hostname":"vm","msg":"  ARB>USDC@PancakeV3/500 USDC>ARB@PancakeV3/100 in=7.978 ARB gap=34bps profit=$0.002 net=$-0.009"}
{"level":30,"time":1790806639147,"pid":20658,"hostname":"vm","msg":"  ARB>USDC@UniswapV3/500 USDC>ARB@PancakeV3/100 in=7.690 ARB gap=33.6bps profit=$0.002 net=$-0.009"}
{"level":30,"time":1790806639147,"pid":20658,"hostname":"vm","msg":"  ARB>USDC.e@UniswapV3/500 USDC.e>ARB@PancakeV3/100 in=11.87 ARB gap=18bps profit=$0.001 net=$-0.010"}
{"level":30,"time":1790806639147,"pid":20658,"hostname":"vm","msg":"  ARB>WETH@UniswapV3/500 WETH>ARB@SushiV3/500 in=7.079 ARB gap=29.2bps profit=$0.001 net=$-0.010"}
{"level":30,"time":1790806639147,"pid":20658,"hostname":"vm","msg":"  ARB>USDC@PancakeV3/500 USDC>ARB@UniswapV3/100 in=7.744 ARB gap=21.6bps profit=$0.001 net=$-0.010"}
{"level":30,"time":1790806639791,"pid":20658,"hostname":"vm","block":510475512,"gross":168,"net":0,"sumNetUsd":0,"gasPriceGwei":0.02,"txCostUsd":0.0134,"syncMs":131,"searchMs":206,"msg":"block scanned"}
{"level":30,"time":1790806639791,"pid":20658,"hostname":"vm","msg":"  ARB>USDC@PancakeV3/500 USDC>ARB@PancakeV3/100 in=7.978 ARB gap=34bps profit=$0.002 net=$-0.009"}
{"level":30,"time":1790806639791,"pid":20658,"hostname":"vm","msg":"  ARB>USDC@UniswapV3/500 USDC>ARB@PancakeV3/100 in=7.690 ARB gap=33.6bps profit=$0.002 net=$-0.009"}
{"level":30,"time":1790806639791,"pid":20658,"hostname":"vm","msg":"  ARB>USDC.e@UniswapV3/500 USDC.e>ARB@PancakeV3/100 in=11.87 ARB gap=18bps profit=$0.001 net=$-0.010"}
{"level":30,"time":1790806639791,"pid":20658,"hostname":"vm","msg":"  ARB>WETH@UniswapV3/500 WETH>ARB@SushiV3/500 in=7.079 ARB gap=29.2bps profit=$0.001 net=$-0.010"}
{"level":30,"time":1790806639791,"pid":20658,"hostname":"vm","msg":"  ARB>USDC@PancakeV3/500 USDC>ARB@UniswapV3/100 in=7.744 ARB gap=21.6bps profit=$0.001 net=$-0.010"}
{"level":30,"time":1790806640421,"pid":20658,"hostname":"vm","block":510475514,"gross":176,"net":0,"sumNetUsd":0,"gasPriceGwei":0.02,"txCostUsd":0.0134,"syncMs":146,"searchMs":183,"msg":"block scanned"}
{"level":30,"time":1790806640421,"pid":20658,"hostname":"vm","msg":"  ARB>USDC@PancakeV3/500 USDC>ARB@PancakeV3/100 in=7.978 ARB gap=34bps profit=$0.002 net=$-0.009"}
{"level":30,"time":1790806640421,"pid":20658,"hostname":"vm","msg":"  ARB>USDC@UniswapV3/500 USDC>ARB@PancakeV3/100 in=7.690 ARB gap=33.6bps profit=$0.002 net=$-0.009"}
{"level":30,"time":1790806640421,"pid":20658,"hostname":"vm","msg":"  ARB>USDC.e@UniswapV3/500 USDC.e>ARB@PancakeV3/100 in=11.87 ARB gap=18bps profit=$0.001 net=$-0.010"}
{"level":30,"time":1790806640421,"pid":20658,"hostname":"vm","msg":"  ARB>WETH@UniswapV3/500 WETH>ARB@SushiV3/500 in=7.079 ARB gap=29.2bps profit=$0.001 net=$-0.010"}
{"level":30,"time":1790806640421,"pid":20658,"hostname":"vm","msg":"  ARB>USDC@PancakeV3/500 USDC>ARB@UniswapV3/100 in=7.744 ARB gap=21.6bps profit=$0.001 net=$-0.010"}
{"level":30,"time":1790806641036,"pid":20658,"hostname":"vm","block":510475517,"gross":176,"net":0,"sumNetUsd":0,"gasPriceGwei":0.020146,"txCostUsd":0.0135,"syncMs":133,"searchMs":178,"msg":"block scanned"}
{"level":30,"time":1790806641036,"pid":20658,"hostname":"vm","msg":"  ARB>USDC@PancakeV3/500 USDC>ARB@PancakeV3/100 in=7.978 ARB gap=34bps profit=$0.002 net=$-0.009"}
{"level":30,"time":1790806641036,"pid":20658,"hostname":"vm","msg":"  ARB>USDC@UniswapV3/500 USDC>ARB@PancakeV3/100 in=7.690 ARB gap=33.6bps profit=$0.002 net=$-0.009"}
{"level":30,"time":1790806641036,"pid":20658,"hostname":"vm","msg":"  ARB>USDC.e@UniswapV3/500 USDC.e>ARB@PancakeV3/100 in=11.87 ARB gap=18bps profit=$0.001 net=$-0.010"}
{"level":30,"time":1790806641036,"pid":20658,"hostname":"vm","msg":"  ARB>WETH@UniswapV3/500 WETH>ARB@SushiV3/500 in=7.079 ARB gap=29.2bps profit=$0.001 net=$-0.010"}
{"level":30,"time":1790806641036,"pid":20658,"hostname":"vm","msg":"  ARB>USDC@PancakeV3/500 USDC>ARB@UniswapV3/100 in=7.744 ARB gap=21.6bps profit=$0.001 net=$-0.010"}
{"level":30,"time":1790806691824,"pid":20658,"hostname":"vm","block":510475519,"gross":176,"net":0,"sumNetUsd":0,"gasPriceGwei":0.020106,"txCostUsd":0.0135,"syncMs":50292,"searchMs":187,"msg":"block scanned"}
{"level":30,"time":1790806691824,"pid":20658,"hostname":"vm","msg":"  ARB>USDC@PancakeV3/500 USDC>ARB@PancakeV3/100 in=7.978 ARB gap=34bps profit=$0.002 net=$-0.009"}
{"level":30,"time":1790806691824,"pid":20658,"hostname":"vm","msg":"  ARB>USDC@UniswapV3/500 USDC>ARB@PancakeV3/100 in=7.690 ARB gap=33.6bps profit=$0.002 net=$-0.009"}
{"level":30,"time":1790806691824,"pid":20658,"hostname":"vm","msg":"  ARB>USDC.e@UniswapV3/500 USDC.e>ARB@PancakeV3/100 in=11.87 ARB gap=18bps profit=$0.001 net=$-0.010"}
{"level":30,"time":1790806691824,"pid":20658,"hostname":"vm","msg":"  ARB>WETH@UniswapV3/500 WETH>ARB@SushiV3/500 in=7.079 ARB gap=29.2bps profit=$0.001 net=$-0.010"}
{"level":30,"time":1790806691824,"pid":20658,"hostname":"vm","msg":"  ARB>USDC@PancakeV3/500 USDC>ARB@UniswapV3/100 in=7.744 ARB gap=21.6bps profit=$0.001 net=$-0.010"}
{"level":30,"time":1790806692230,"pid":20658,"hostname":"vm","block":510475700,"gross":157,"net":0,"sumNetUsd":0,"gasPriceGwei":0.020118,"txCostUsd":0.0135,"syncMs":165,"searchMs":142,"msg":"block scanned"}
{"level":30,"time":1790806692230,"pid":20658,"hostname":"vm","msg":"  ARB>USDC@PancakeV3/500 USDC>ARB@PancakeV3/100 in=8.769 ARB gap=36.8bps profit=$0.003 net=$-0.008"}
{"level":30,"time":1790806692230,"pid":20658,"hostname":"vm","msg":"  ARB>USDC@UniswapV3/500 USDC>ARB@PancakeV3/100 in=7.690 ARB gap=33.6bps profit=$0.002 net=$-0.009"}
{"level":30,"time":1790806692230,"pid":20658,"hostname":"vm","msg":"  ARB>USDC@PancakeV3/500 USDC>ARB@UniswapV3/100 in=9.122 ARB gap=24.4bps profit=$0.002 net=$-0.009"}
{"level":30,"time":1790806692230,"pid":20658,"hostname":"vm","msg":"  ARB>USDC.e@UniswapV3/500 USDC.e>ARB@PancakeV3/500 in=17.06 ARB gap=19bps profit=$0.002 net=$-0.010"}
{"level":30,"time":1790806692230,"pid":20658,"hostname":"vm","msg":"  ARB>WETH@UniswapV3/500 WETH>ARB@SushiV3/500 in=7.517 ARB gap=30.4bps profit=$0.002 net=$-0.010"}
{"level":30,"time":1790806692872,"pid":20658,"hostname":"vm","block":510475702,"gross":157,"net":0,"sumNetUsd":0,"gasPriceGwei":0.020024,"txCostUsd":0.0134,"syncMs":160,"searchMs":172,"msg":"block scanned"}
{"level":30,"time":1790806692872,"pid":20658,"hostname":"vm","msg":"  ARB>USDC@PancakeV3/500 USDC>ARB@PancakeV3/100 in=8.769 ARB gap=36.8bps profit=$0.003 net=$-0.008"}
{"level":30,"time":1790806692872,"pid":20658,"hostname":"vm","msg":"  ARB>USDC@UniswapV3/500 USDC>ARB@PancakeV3/100 in=7.690 ARB gap=33.6bps profit=$0.002 net=$-0.009"}
{"level":30,"time":1790806692872,"pid":20658,"hostname":"vm","msg":"  ARB>USDC@PancakeV3/500 USDC>ARB@UniswapV3/100 in=9.122 ARB gap=24.4bps profit=$0.002 net=$-0.009"}
{"level":30,"time":1790806692872,"pid":20658,"hostname":"vm","msg":"  ARB>USDC.e@UniswapV3/500 USDC.e>ARB@PancakeV3/500 in=17.06 ARB gap=19bps profit=$0.002 net=$-0.010"}
{"level":30,"time":1790806692872,"pid":20658,"hostname":"vm","msg":"  ARB>WETH@UniswapV3/500 WETH>ARB@SushiV3/500 in=7.517 ARB gap=30.4bps profit=$0.002 net=$-0.010"}
{"level":30,"time":1790806693475,"pid":20658,"hostname":"vm","block":510475705,"gross":158,"net":0,"sumNetUsd":0,"gasPriceGwei":0.020042,"txCostUsd":0.0134,"syncMs":160,"searchMs":141,"msg":"block scanned"}
{"level":30,"time":1790806693475,"pid":20658,"hostname":"vm","msg":"  ARB>USDC@PancakeV3/500 USDC>ARB@PancakeV3/100 in=8.769 ARB gap=36.8bps profit=$0.003 net=$-0.008"}
{"level":30,"time":1790806693475,"pid":20658,"hostname":"vm","msg":"  ARB>USDC@UniswapV3/500 USDC>ARB@PancakeV3/100 in=7.690 ARB gap=33.6bps profit=$0.002 net=$-0.009"}
{"level":30,"time":1790806693475,"pid":20658,"hostname":"vm","msg":"  ARB>WETH@UniswapV3/500 WETH>ARB@SushiV3/500 in=8.045 ARB gap=31.8bps profit=$0.002 net=$-0.009"}
{"level":30,"time":1790806693475,"pid":20658,"hostname":"vm","msg":"  ARB>USDC@PancakeV3/500 USDC>ARB@UniswapV3/100 in=9.122 ARB gap=24.4bps profit=$0.002 net=$-0.009"}
{"level":30,"time":1790806693475,"pid":20658,"hostname":"vm","msg":"  ARB>USDC.e@UniswapV3/500 USDC.e>ARB@PancakeV3/500 in=17.06 ARB gap=19bps profit=$0.002 net=$-0.010"}
{"level":30,"time":1790806694077,"pid":20658,"hostname":"vm","block":510475707,"gross":158,"net":0,"sumNetUsd":0,"gasPriceGwei":0.020016,"txCostUsd":0.0134,"syncMs":144,"searchMs":143,"msg":"block scanned"}
{"level":30,"time":1790806694077,"pid":20658,"hostname":"vm","msg":"  ARB>USDC@PancakeV3/500 USDC>ARB@PancakeV3/100 in=8.769 ARB gap=36.8bps profit=$0.003 net=$-0.008"}
{"level":30,"time":1790806694077,"pid":20658,"hostname":"vm","msg":"  ARB>USDC@UniswapV3/500 USDC>ARB@PancakeV3/100 in=7.690 ARB gap=33.6bps profit=$0.002 net=$-0.009"}
{"level":30,"time":1790806694077,"pid":20658,"hostname":"vm","msg":"  ARB>WETH@UniswapV3/500 WETH>ARB@SushiV3/500 in=8.045 ARB gap=31.8bps profit=$0.002 net=$-0.009"}
{"level":30,"time":1790806694077,"pid":20658,"hostname":"vm","msg":"  ARB>USDC@PancakeV3/500 USDC>ARB@UniswapV3/100 in=9.122 ARB gap=24.4bps profit=$0.002 net=$-0.009"}
{"level":30,"time":1790806694077,"pid":20658,"hostname":"vm","msg":"  ARB>USDC.e@UniswapV3/500 USDC.e>ARB@PancakeV3/500 in=17.06 ARB gap=19bps profit=$0.002 net=$-0.010"}
{"level":30,"time":1790806694650,"pid":20658,"hostname":"vm","block":510475709,"gross":158,"net":0,"sumNetUsd":0,"gasPriceGwei":0.02,"txCostUsd":0.0134,"syncMs":136,"searchMs":135,"msg":"block scanned"}
{"level":30,"time":1790806694650,"pid":20658,"hostname":"vm","msg":"  ARB>USDC@PancakeV3/500 USDC>ARB@PancakeV3/100 in=8.769 ARB gap=36.8bps profit=$0.003 net=$-0.008"}
{"level":30,"time":1790806694650,"pid":20658,"hostname":"vm","msg":"  ARB>USDC@UniswapV3/500 USDC>ARB@PancakeV3/100 in=7.690 ARB gap=33.6bps profit=$0.002 net=$-0.009"}
{"level":30,"time":1790806694650,"pid":20658,"hostname":"vm","msg":"  ARB>WETH@UniswapV3/500 WETH>ARB@SushiV3/500 in=8.045 ARB gap=31.8bps profit=$0.002 net=$-0.009"}
{"level":30,"time":1790806694650,"pid":20658,"hostname":"vm","msg":"  ARB>USDC@PancakeV3/500 USDC>ARB@UniswapV3/100 in=9.122 ARB gap=24.4bps profit=$0.002 net=$-0.009"}
{"level":30,"time":1790806694650,"pid":20658,"hostname":"vm","msg":"  ARB>USDC.e@UniswapV3/500 USDC.e>ARB@PancakeV3/500 in=17.06 ARB gap=19bps profit=$0.002 net=$-0.009"}
{"level":30,"time":1790806695244,"pid":20658,"hostname":"vm","block":510475710,"gross":158,"net":0,"sumNetUsd":0,"gasPriceGwei":0.020146,"txCostUsd":0.0135,"syncMs":145,"searchMs":134,"msg":"block scanned"}
{"level":30,"time":1790806695244,"pid":20658,"hostname":"vm","msg":"  ARB>USDC@PancakeV3/500 USDC>ARB@PancakeV3/100 in=8.769 ARB gap=36.8bps profit=$0.003 net=$-0.008"}
{"level":30,"time":1790806695244,"pid":20658,"hostname":"vm","msg":"  ARB>USDC@UniswapV3/500 USDC>ARB@PancakeV3/100 in=7.690 ARB gap=33.6bps profit=$0.002 net=$-0.009"}
{"level":30,"time":1790806695244,"pid":20658,"hostname":"vm","msg":"  ARB>WETH@UniswapV3/500 WETH>ARB@SushiV3/500 in=8.045 ARB gap=31.8bps profit=$0.002 net=$-0.009"}
{"level":30,"time":1790806695244,"pid":20658,"hostname":"vm","msg":"  ARB>USDC@PancakeV3/500 USDC>ARB@UniswapV3/100 in=9.122 ARB gap=24.4bps profit=$0.002 net=$-0.009"}
{"level":30,"time":1790806695244,"pid":20658,"hostname":"vm","msg":"  ARB>USDC.e@UniswapV3/500 USDC.e>ARB@PancakeV3/500 in=17.06 ARB gap=19bps profit=$0.002 net=$-0.010"}
{"level":30,"time":1790806695847,"pid":20658,"hostname":"vm","block":510475713,"gross":158,"net":0,"sumNetUsd":0,"gasPriceGwei":0.02,"txCostUsd":0.0134,"syncMs":148,"searchMs":147,"msg":"block scanned"}
{"level":30,"time":1790806695848,"pid":20658,"hostname":"vm","msg":"  ARB>USDC@PancakeV3/500 USDC>ARB@PancakeV3/100 in=8.769 ARB gap=36.8bps profit=$0.003 net=$-0.008"}
{"level":30,"time":1790806695848,"pid":20658,"hostname":"vm","msg":"  ARB>USDC@UniswapV3/500 USDC>ARB@PancakeV3/100 in=7.690 ARB gap=33.6bps profit=$0.002 net=$-0.009"}
{"level":30,"time":1790806695848,"pid":20658,"hostname":"vm","msg":"  ARB>WETH@UniswapV3/500 WETH>ARB@SushiV3/500 in=8.045 ARB gap=31.8bps profit=$0.002 net=$-0.009"}
{"level":30,"time":1790806695848,"pid":20658,"hostname":"vm","msg":"  ARB>USDC@PancakeV3/500 USDC>ARB@UniswapV3/100 in=9.122 ARB gap=24.4bps profit=$0.002 net=$-0.009"}
{"level":30,"time":1790806695848,"pid":20658,"hostname":"vm","msg":"  ARB>USDC.e@UniswapV3/500 USDC.e>ARB@PancakeV3/500 in=17.06 ARB gap=19bps profit=$0.002 net=$-0.009"}
{"level":30,"time":1790806696441,"pid":20658,"hostname":"vm","block":510475715,"gross":158,"net":0,"sumNetUsd":0,"gasPriceGwei":0.020012,"txCostUsd":0.0134,"syncMs":145,"searchMs":144,"msg":"block scanned"}
{"level":30,"time":1790806696442,"pid":20658,"hostname":"vm","msg":"  ARB>USDC@PancakeV3/500 USDC>ARB@PancakeV3/100 in=8.769 ARB gap=36.8bps profit=$0.003 net=$-0.008"}
{"level":30,"time":1790806696442,"pid":20658,"hostname":"vm","msg":"  ARB>USDC@UniswapV3/500 USDC>ARB@PancakeV3/100 in=7.690 ARB gap=33.6bps profit=$0.002 net=$-0.009"}
{"level":30,"time":1790806696442,"pid":20658,"hostname":"vm","msg":"  ARB>WETH@UniswapV3/500 WETH>ARB@SushiV3/500 in=8.045 ARB gap=31.8bps profit=$0.002 net=$-0.009"}
{"level":30,"time":1790806696442,"pid":20658,"hostname":"vm","msg":"  ARB>USDC@PancakeV3/500 USDC>ARB@UniswapV3/100 in=9.122 ARB gap=24.4bps profit=$0.002 net=$-0.009"}
{"level":30,"time":1790806696442,"pid":20658,"hostname":"vm","msg":"  ARB>USDC.e@UniswapV3/500 USDC.e>ARB@PancakeV3/500 in=17.06 ARB gap=19bps profit=$0.002 net=$-0.010"}
{"level":30,"time":1790806697082,"pid":20658,"hostname":"vm","block":510475716,"gross":158,"net":0,"sumNetUsd":0,"gasPriceGwei":0.020038,"txCostUsd":0.0134,"syncMs":161,"searchMs":170,"msg":"block scanned"}
{"level":30,"time":1790806697082,"pid":20658,"hostname":"vm","msg":"  ARB>USDC@PancakeV3/500 USDC>ARB@PancakeV3/100 in=8.769 ARB gap=36.8bps profit=$0.003 net=$-0.008"}
{"level":30,"time":1790806697082,"pid":20658,"hostname":"vm","msg":"  ARB>USDC@UniswapV3/500 USDC>ARB@PancakeV3/100 in=7.690 ARB gap=33.6bps profit=$0.002 net=$-0.009"}
{"level":30,"time":1790806697082,"pid":20658,"hostname":"vm","msg":"  ARB>WETH@UniswapV3/500 WETH>ARB@SushiV3/500 in=8.045 ARB gap=31.8bps profit=$0.002 net=$-0.009"}
{"level":30,"time":1790806697082,"pid":20658,"hostname":"vm","msg":"  ARB>USDC@PancakeV3/500 USDC>ARB@UniswapV3/100 in=9.122 ARB gap=24.4bps profit=$0.002 net=$-0.009"}
{"level":30,"time":1790806697082,"pid":20658,"hostname":"vm","msg":"  ARB>USDC.e@UniswapV3/500 USDC.e>ARB@PancakeV3/500 in=17.06 ARB gap=19bps profit=$0.002 net=$-0.010"}
{"level":30,"time":1790806697749,"pid":20658,"hostname":"vm","block":510475718,"gross":160,"net":0,"sumNetUsd":0,"gasPriceGwei":0.02,"txCostUsd":0.0134,"syncMs":156,"searchMs":171,"msg":"block scanned"}
{"level":30,"time":1790806697749,"pid":20658,"hostname":"vm","msg":"  ARB>USDC.e@UniswapV3/500 USDC.e>ARB@PancakeV3/500 in=28.99 ARB gap=25.3bps profit=$0.004 net=$-0.007"}
{"level":30,"time":1790806697749,"pid":20658,"hostname":"vm","msg":"  ARB>USDC@UniswapV3/500 USDC>ARB@PancakeV3/100 in=9.524 ARB gap=40.2bps profit=$0.003 net=$-0.009"}
{"level":30,"time":1790806697749,"pid":20658,"hostname":"vm","msg":"  ARB>USDC@PancakeV3/500 USDC>ARB@PancakeV3/100 in=8.769 ARB gap=36.8bps profit=$0.003 net=$-0.008"}
{"level":30,"time":1790806697749,"pid":20658,"hostname":"vm","msg":"  ARB>USDC@UniswapV3/500 USDC>ARB@UniswapV3/100 in=10.30 ARB gap=27.8bps profit=$0.002 net=$-0.010"}
{"level":30,"time":1790806697749,"pid":20658,"hostname":"vm","msg":"  ARB>WETH@UniswapV3/500 WETH>ARB@SushiV3/500 in=8.045 ARB gap=31.8bps profit=$0.002 net=$-0.009"}
{"level":30,"time":1790806698246,"pid":20658,"hostname":"vm","block":510475720,"gross":160,"net":0,"sumNetUsd":0,"gasPriceGwei":0.020108,"txCostUsd":0.0135,"syncMs":128,"searchMs":168,"msg":"block scanned"}
{"level":30,"time":1790806698246,"pid":20658,"hostname":"vm","msg":"  ARB>USDC.e@UniswapV3/500 USDC.e>ARB@PancakeV3/500 in=28.99 ARB gap=25.3bps profit=$0.004 net=$-0.007"}
{"level":30,"time":1790806698246,"pid":20658,"hostname":"vm","msg":"  ARB>USDC@UniswapV3/500 USDC>ARB@PancakeV3/100 in=9.524 ARB gap=40.2bps profit=$0.003 net=$-0.009"}
{"level":30,"time":1790806698246,"pid":20658,"hostname":"vm","msg":"  ARB>USDC@PancakeV3/500 USDC>ARB@PancakeV3/100 in=8.769 ARB gap=36.8bps profit=$0.003 net=$-0.008"}
{"level":30,"time":1790806698246,"pid":20658,"hostname":"vm","msg":"  ARB>USDC@UniswapV3/500 USDC>ARB@UniswapV3/100 in=10.30 ARB gap=27.8bps profit=$0.002 net=$-0.010"}
{"level":30,"time":1790806698246,"pid":20658,"hostname":"vm","msg":"  ARB>WETH@UniswapV3/500 WETH>ARB@SushiV3/500 in=8.045 ARB gap=31.8bps profit=$0.002 net=$-0.009"}
{"level":30,"time":1790806698857,"pid":20658,"hostname":"vm","block":510475722,"gross":160,"net":0,"sumNetUsd":0,"gasPriceGwei":0.02,"txCostUsd":0.0134,"syncMs":142,"searchMs":139,"msg":"block scanned"}
{"level":30,"time":1790806698858,"pid":20658,"hostname":"vm","msg":"  ARB>USDC.e@UniswapV3/500 USDC.e>ARB@PancakeV3/500 in=28.99 ARB gap=25.3bps profit=$0.004 net=$-0.007"}
{"level":30,"time":1790806698858,"pid":20658,"hostname":"vm","msg":"  ARB>USDC@UniswapV3/500 USDC>ARB@PancakeV3/100 in=9.524 ARB gap=40.2bps profit=$0.003 net=$-0.009"}
{"level":30,"time":1790806698858,"pid":20658,"hostname":"vm","msg":"  ARB>USDC@PancakeV3/500 USDC>ARB@PancakeV3/100 in=8.769 ARB gap=36.8bps profit=$0.003 net=$-0.008"}
{"level":30,"time":1790806698858,"pid":20658,"hostname":"vm","msg":"  ARB>USDC@UniswapV3/500 USDC>ARB@UniswapV3/100 in=10.30 ARB gap=27.8bps profit=$0.002 net=$-0.010"}
{"level":30,"time":1790806698858,"pid":20658,"hostname":"vm","msg":"  ARB>WETH@UniswapV3/500 WETH>ARB@SushiV3/500 in=8.045 ARB gap=31.8bps profit=$0.002 net=$-0.009"}
{"level":30,"time":1790806699430,"pid":20658,"hostname":"vm","block":510475724,"gross":160,"net":0,"sumNetUsd":0,"gasPriceGwei":0.02,"txCostUsd":0.0134,"syncMs":125,"searchMs":142,"msg":"block scanned"}
{"level":30,"time":1790806699430,"pid":20658,"hostname":"vm","msg":"  ARB>USDC.e@UniswapV3/500 USDC.e>ARB@PancakeV3/500 in=28.99 ARB gap=25.3bps profit=$0.004 net=$-0.007"}
{"level":30,"time":1790806699430,"pid":20658,"hostname":"vm","msg":"  ARB>USDC@UniswapV3/500 USDC>ARB@PancakeV3/100 in=9.524 ARB gap=40.2bps profit=$0.003 net=$-0.009"}
{"level":30,"time":1790806699430,"pid":20658,"hostname":"vm","msg":"  ARB>USDC@PancakeV3/500 USDC>ARB@PancakeV3/100 in=8.769 ARB gap=36.8bps profit=$0.003 net=$-0.008"}
{"level":30,"time":1790806699430,"pid":20658,"hostname":"vm","msg":"  ARB>USDC@UniswapV3/500 USDC>ARB@UniswapV3/100 in=10.30 ARB gap=27.8bps profit=$0.002 net=$-0.010"}
{"level":30,"time":1790806699430,"pid":20658,"hostname":"vm","msg":"  ARB>WETH@UniswapV3/500 WETH>ARB@SushiV3/500 in=8.045 ARB gap=31.8bps profit=$0.002 net=$-0.009"}
{"level":30,"time":1790806700028,"pid":20658,"hostname":"vm","block":510475726,"gross":160,"net":0,"sumNetUsd":0,"gasPriceGwei":0.020054,"txCostUsd":0.0134,"syncMs":148,"searchMs":151,"msg":"block scanned"}
{"level":30,"time":1790806700028,"pid":20658,"hostname":"vm","msg":"  ARB>USDC.e@UniswapV3/500 USDC.e>ARB@PancakeV3/500 in=28.99 ARB gap=25.3bps profit=$0.004 net=$-0.007"}
{"level":30,"time":1790806700028,"pid":20658,"hostname":"vm","msg":"  ARB>USDC@UniswapV3/500 USDC>ARB@PancakeV3/100 in=9.524 ARB gap=40.2bps profit=$0.003 net=$-0.009"}
{"level":30,"time":1790806700028,"pid":20658,"hostname":"vm","msg":"  ARB>USDC@PancakeV3/500 USDC>ARB@PancakeV3/100 in=8.769 ARB gap=36.8bps profit=$0.003 net=$-0.008"}
{"level":30,"time":1790806700028,"pid":20658,"hostname":"vm","msg":"  ARB>USDC@UniswapV3/500 USDC>ARB@UniswapV3/100 in=10.30 ARB gap=27.8bps profit=$0.002 net=$-0.010"}
{"level":30,"time":1790806700028,"pid":20658,"hostname":"vm","msg":"  ARB>WETH@UniswapV3/500 WETH>ARB@SushiV3/500 in=8.391 ARB gap=32.7bps profit=$0.002 net=$-0.009"}
{"level":30,"time":1790806720699,"pid":20658,"hostname":"vm","block":510475728,"gross":160,"net":0,"sumNetUsd":0,"gasPriceGwei":0.020056,"txCostUsd":0.0134,"syncMs":20154,"searchMs":209,"msg":"block scanned"}
{"level":30,"time":1790806720699,"pid":20658,"hostname":"vm","msg":"  ARB>USDC.e@UniswapV3/500 USDC.e>ARB@PancakeV3/500 in=28.99 ARB gap=25.3bps profit=$0.004 net=$-0.007"}
{"level":30,"time":1790806720699,"pid":20658,"hostname":"vm","msg":"  ARB>USDC@UniswapV3/500 USDC>ARB@PancakeV3/100 in=9.524 ARB gap=40.2bps profit=$0.003 net=$-0.009"}
{"level":30,"time":1790806720699,"pid":20658,"hostname":"vm","msg":"  ARB>USDC@PancakeV3/500 USDC>ARB@PancakeV3/100 in=8.769 ARB gap=36.8bps profit=$0.003 net=$-0.008"}
{"level":30,"time":1790806720699,"pid":20658,"hostname":"vm","msg":"  ARB>USDC@UniswapV3/500 USDC>ARB@UniswapV3/100 in=10.30 ARB gap=27.8bps profit=$0.002 net=$-0.010"}
{"level":30,"time":1790806720699,"pid":20658,"hostname":"vm","msg":"  ARB>WETH@UniswapV3/500 WETH>ARB@SushiV3/500 in=8.391 ARB gap=32.7bps profit=$0.002 net=$-0.009"}
{"level":30,"time":1790806721074,"pid":20658,"hostname":"vm","block":510475801,"gross":164,"net":0,"sumNetUsd":0,"gasPriceGwei":0.020062,"txCostUsd":0.0134,"syncMs":125,"searchMs":139,"msg":"block scanned"}
{"level":30,"time":1790806721074,"pid":20658,"hostname":"vm","msg":"  ARB>USDC.e@UniswapV3/500 USDC.e>ARB@PancakeV3/500 in=28.99 ARB gap=25.3bps profit=$0.004 net=$-0.007"}
{"level":30,"time":1790806721074,"pid":20658,"hostname":"vm","msg":"  ARB>USDC@PancakeV3/500 USDC>ARB@PancakeV3/100 in=10.97 ARB gap=44.6bps profit=$0.004 net=$-0.007"}
{"level":30,"time":1790806721074,"pid":20658,"hostname":"vm","msg":"  ARB>USDC@PancakeV3/500 USDC>ARB@UniswapV3/100 in=12.95 ARB gap=32.2bps profit=$0.003 net=$-0.008"}
{"level":30,"time":1790806721074,"pid":20658,"hostname":"vm","msg":"  ARB>USDC@UniswapV3/500 USDC>ARB@PancakeV3/100 in=9.524 ARB gap=40.2bps profit=$0.003 net=$-0.009"}
{"level":30,"time":1790806721074,"pid":20658,"hostname":"vm","msg":"  ARB>WETH@UniswapV3/500 WETH>ARB@SushiV3/500 in=9.918 ARB gap=36.9bps profit=$0.003 net=$-0.008"}
{"level":30,"time":1790806721665,"pid":20658,"hostname":"vm","block":510475804,"gross":164,"net":0,"sumNetUsd":0,"gasPriceGwei":0.02,"txCostUsd":0.0134,"syncMs":144,"searchMs":138,"msg":"block scanned"}
{"level":30,"time":1790806721665,"pid":20658,"hostname":"vm","msg":"  ARB>USDC.e@UniswapV3/500 USDC.e>ARB@PancakeV3/500 in=28.99 ARB gap=25.3bps profit=$0.004 net=$-0.007"}
{"level":30,"time":1790806721665,"pid":20658,"hostname":"vm","msg":"  ARB>USDC@PancakeV3/500 USDC>ARB@PancakeV3/100 in=10.97 ARB gap=44.6bps profit=$0.004 net=$-0.007"}
{"level":30,"time":1790806721665,"pid":20658,"hostname":"vm","msg":"  ARB>USDC@PancakeV3/500 USDC>ARB@UniswapV3/100 in=12.95 ARB gap=32.2bps profit=$0.003 net=$-0.008"}
{"level":30,"time":1790806721665,"pid":20658,"hostname":"vm","msg":"  ARB>USDC@UniswapV3/500 USDC>ARB@PancakeV3/100 in=9.524 ARB gap=40.2bps profit=$0.003 net=$-0.009"}
{"level":30,"time":1790806721665,"pid":20658,"hostname":"vm","msg":"  ARB>WETH@UniswapV3/500 WETH>ARB@SushiV3/500 in=9.918 ARB gap=36.9bps profit=$0.003 net=$-0.008"}
{"level":30,"time":1790806722295,"pid":20658,"hostname":"vm","block":510475806,"gross":164,"net":0,"sumNetUsd":0,"gasPriceGwei":0.02009,"txCostUsd":0.0135,"syncMs":173,"searchMs":135,"msg":"block scanned"}
{"level":30,"time":1790806722295,"pid":20658,"hostname":"vm","msg":"  ARB>USDC.e@UniswapV3/500 USDC.e>ARB@PancakeV3/500 in=28.99 ARB gap=25.3bps profit=$0.004 net=$-0.007"}
{"level":30,"time":1790806722295,"pid":20658,"hostname":"vm","msg":"  ARB>USDC@PancakeV3/500 USDC>ARB@PancakeV3/100 in=10.97 ARB gap=44.6bps profit=$0.004 net=$-0.007"}
{"level":30,"time":1790806722295,"pid":20658,"hostname":"vm","msg":"  ARB>USDC@PancakeV3/500 USDC>ARB@UniswapV3/100 in=12.95 ARB gap=32.2bps profit=$0.003 net=$-0.008"}
{"level":30,"time":1790806722295,"pid":20658,"hostname":"vm","msg":"  ARB>USDC@UniswapV3/500 USDC>ARB@PancakeV3/100 in=9.524 ARB gap=40.2bps profit=$0.003 net=$-0.009"}
{"level":30,"time":1790806722295,"pid":20658,"hostname":"vm","msg":"  ARB>WETH@UniswapV3/500 WETH>ARB@SushiV3/500 in=9.918 ARB gap=36.9bps profit=$0.003 net=$-0.008"}
{"level":30,"time":1790806722881,"pid":20658,"hostname":"vm","block":510475809,"gross":164,"net":0,"sumNetUsd":0,"gasPriceGwei":0.020014,"txCostUsd":0.0134,"syncMs":142,"searchMs":140,"msg":"block scanned"}
{"level":30,"time":1790806722882,"pid":20658,"hostname":"vm","msg":"  ARB>USDC.e@UniswapV3/500 USDC.e>ARB@PancakeV3/500 in=28.99 ARB gap=25.3bps profit=$0.004 net=$-0.007"}
{"level":30,"time":1790806722882,"pid":20658,"hostname":"vm","msg":"  ARB>USDC@PancakeV3/500 USDC>ARB@PancakeV3/100 in=10.97 ARB gap=44.6bps profit=$0.004 net=$-0.007"}
{"level":30,"time":1790806722882,"pid":20658,"hostname":"vm","msg":"  ARB>USDC@PancakeV3/500 USDC>ARB@UniswapV3/100 in=12.95 ARB gap=32.2bps profit=$0.003 net=$-0.008"}
{"level":30,"time":1790806722882,"pid":20658,"hostname":"vm","msg":"  ARB>USDC@UniswapV3/500 USDC>ARB@PancakeV3/100 in=9.524 ARB gap=40.2bps profit=$0.003 net=$-0.009"}
{"level":30,"time":1790806722882,"pid":20658,"hostname":"vm","msg":"  ARB>WETH@UniswapV3/500 WETH>ARB@SushiV3/500 in=9.918 ARB gap=36.9bps profit=$0.003 net=$-0.008"}
{"level":30,"time":1790806723574,"pid":20658,"hostname":"vm","block":510475811,"gross":164,"net":0,"sumNetUsd":0,"gasPriceGwei":0.020086,"txCostUsd":0.0135,"syncMs":135,"searchMs":142,"msg":"block scanned"}
{"level":30,"time":1790806723574,"pid":20658,"hostname":"vm","msg":"  ARB>USDC.e@UniswapV3/500 USDC.e>ARB@PancakeV3/500 in=28.99 ARB gap=25.3bps profit=$0.004 net=$-0.007"}
{"level":30,"time":1790806723574,"pid":20658,"hostname":"vm","msg":"  ARB>USDC@PancakeV3/500 USDC>ARB@PancakeV3/100 in=10.97 ARB gap=44.6bps profit=$0.004 net=$-0.007"}
{"level":30,"time":1790806723574,"pid":20658,"hostname":"vm","msg":"  ARB>USDC@PancakeV3/500 USDC>ARB@UniswapV3/100 in=12.95 ARB gap=32.2bps profit=$0.003 net=$-0.008"}
{"level":30,"time":1790806723574,"pid":20658,"hostname":"vm","msg":"  ARB>USDC@UniswapV3/500 USDC>ARB@PancakeV3/100 in=9.524 ARB gap=40.2bps profit=$0.003 net=$-0.009"}
{"level":30,"time":1790806723574,"pid":20658,"hostname":"vm","msg":"  ARB>WETH@UniswapV3/500 WETH>ARB@SushiV3/500 in=9.918 ARB gap=36.9bps profit=$0.003 net=$-0.008"}
{"level":30,"time":1790806724169,"pid":20658,"hostname":"vm","block":510475813,"gross":164,"net":0,"sumNetUsd":0,"gasPriceGwei":0.020002,"txCostUsd":0.0134,"syncMs":144,"searchMs":147,"msg":"block scanned"}
{"level":30,"time":1790806724169,"pid":20658,"hostname":"vm","msg":"  ARB>USDC.e@UniswapV3/500 USDC.e>ARB@PancakeV3/500 in=28.99 ARB gap=25.3bps profit=$0.004 net=$-0.007"}
{"level":30,"time":1790806724169,"pid":20658,"hostname":"vm","msg":"  ARB>USDC@PancakeV3/500 USDC>ARB@PancakeV3/100 in=10.97 ARB gap=44.6bps profit=$0.004 net=$-0.007"}
{"level":30,"time":1790806724169,"pid":20658,"hostname":"vm","msg":"  ARB>USDC@PancakeV3/500 USDC>ARB@UniswapV3/100 in=12.95 ARB gap=32.2bps profit=$0.003 net=$-0.008"}
{"level":30,"time":1790806724169,"pid":20658,"hostname":"vm","msg":"  ARB>USDC@UniswapV3/500 USDC>ARB@PancakeV3/100 in=9.524 ARB gap=40.2bps profit=$0.003 net=$-0.009"}
{"level":30,"time":1790806724169,"pid":20658,"hostname":"vm","msg":"  ARB>WETH@UniswapV3/500 WETH>ARB@SushiV3/500 in=9.918 ARB gap=36.9bps profit=$0.003 net=$-0.008"}
{"level":30,"time":1790806724768,"pid":20658,"hostname":"vm","block":510475815,"gross":164,"net":0,"sumNetUsd":0,"gasPriceGwei":0.02,"txCostUsd":0.0134,"syncMs":133,"searchMs":157,"msg":"block scanned"}
{"level":30,"time":1790806724768,"pid":20658,"hostname":"vm","msg":"  ARB>USDC.e@UniswapV3/500 USDC.e>ARB@PancakeV3/500 in=28.99 ARB gap=25.3bps profit=$0.004 net=$-0.007"}
{"level":30,"time":1790806724768,"pid":20658,"hostname":"vm","msg":"  ARB>USDC@PancakeV3/500 USDC>ARB@PancakeV3/100 in=10.97 ARB gap=44.6bps profit=$0.004 net=$-0.007"}
{"level":30,"time":1790806724768,"pid":20658,"hostname":"vm","msg":"  ARB>USDC@PancakeV3/500 USDC>ARB@UniswapV3/100 in=12.95 ARB gap=32.2bps profit=$0.003 net=$-0.008"}
{"level":30,"time":1790806724768,"pid":20658,"hostname":"vm","msg":"  ARB>USDC@UniswapV3/500 USDC>ARB@PancakeV3/100 in=9.524 ARB gap=40.2bps profit=$0.003 net=$-0.009"}
{"level":30,"time":1790806724768,"pid":20658,"hostname":"vm","msg":"  ARB>WETH@UniswapV3/500 WETH>ARB@SushiV3/500 in=9.918 ARB gap=36.9bps profit=$0.003 net=$-0.008"}
{"level":30,"time":1790806725327,"pid":20658,"hostname":"vm","block":510475817,"gross":164,"net":0,"sumNetUsd":0,"gasPriceGwei":0.020016,"txCostUsd":0.0134,"syncMs":117,"searchMs":136,"msg":"block scanned"}
{"level":30,"time":1790806725327,"pid":20658,"hostname":"vm","msg":"  ARB>USDC.e@UniswapV3/500 USDC.e>ARB@PancakeV3/500 in=28.99 ARB gap=25.3bps profit=$0.004 net=$-0.007"}
{"level":30,"time":1790806725327,"pid":20658,"hostname":"vm","msg":"  ARB>USDC@PancakeV3/500 USDC>ARB@PancakeV3/100 in=10.97 ARB gap=44.6bps profit=$0.004 net=$-0.007"}
{"level":30,"time":1790806725327,"pid":20658,"hostname":"vm","msg":"  ARB>USDC@PancakeV3/500 USDC>ARB@UniswapV3/100 in=12.95 ARB gap=32.2bps profit=$0.003 net=$-0.008"}
{"level":30,"time":1790806725327,"pid":20658,"hostname":"vm","msg":"  ARB>USDC@UniswapV3/500 USDC>ARB@PancakeV3/100 in=9.524 ARB gap=40.2bps profit=$0.003 net=$-0.009"}
{"level":30,"time":1790806725327,"pid":20658,"hostname":"vm","msg":"  ARB>WETH@UniswapV3/500 WETH>ARB@SushiV3/500 in=9.918 ARB gap=36.9bps profit=$0.003 net=$-0.008"}
{"level":30,"time":1790806725876,"pid":20658,"hostname":"vm","block":510475819,"gross":164,"net":0,"sumNetUsd":0,"gasPriceGwei":0.020022,"txCostUsd":0.0134,"syncMs":115,"searchMs":129,"msg":"block scanned"}
{"level":30,"time":1790806725876,"pid":20658,"hostname":"vm","msg":"  ARB>USDC.e@UniswapV3/500 USDC.e>ARB@PancakeV3/500 in=28.99 ARB gap=25.3bps profit=$0.004 net=$-0.007"}
{"level":30,"time":1790806725876,"pid":20658,"hostname":"vm","msg":"  ARB>USDC@PancakeV3/500 USDC>ARB@PancakeV3/100 in=10.97 ARB gap=44.6bps profit=$0.004 net=$-0.007"}
{"level":30,"time":1790806725876,"pid":20658,"hostname":"vm","msg":"  ARB>USDC@PancakeV3/500 USDC>ARB@UniswapV3/100 in=12.95 ARB gap=32.2bps profit=$0.003 net=$-0.008"}
{"level":30,"time":1790806725876,"pid":20658,"hostname":"vm","msg":"  ARB>USDC@UniswapV3/500 USDC>ARB@PancakeV3/100 in=9.524 ARB gap=40.2bps profit=$0.003 net=$-0.009"}
{"level":30,"time":1790806725876,"pid":20658,"hostname":"vm","msg":"  ARB>WETH@UniswapV3/500 WETH>ARB@SushiV3/500 in=9.918 ARB gap=36.9bps profit=$0.003 net=$-0.008"}
{"level":30,"time":1790806726603,"pid":20658,"hostname":"vm","block":510475822,"gross":165,"net":0,"sumNetUsd":0,"gasPriceGwei":0.02,"txCostUsd":0.0134,"syncMs":135,"searchMs":184,"msg":"block scanned"}
{"level":30,"time":1790806726603,"pid":20658,"hostname":"vm","msg":"  ARB>USDC.e@UniswapV3/500 USDC.e>ARB@PancakeV3/500 in=28.99 ARB gap=25.3bps profit=$0.004 net=$-0.007"}
{"level":30,"time":1790806726603,"pid":20658,"hostname":"vm","msg":"  ARB>USDC@PancakeV3/500 USDC>ARB@PancakeV3/100 in=10.97 ARB gap=44.6bps profit=$0.004 net=$-0.007"}
{"level":30,"time":1790806726603,"pid":20658,"hostname":"vm","msg":"  ARB>USDC@PancakeV3/500 USDC>ARB@UniswapV3/100 in=12.95 ARB gap=32.2bps profit=$0.003 net=$-0.008"}
{"level":30,"time":1790806726603,"pid":20658,"hostname":"vm","msg":"  ARB>USDC@UniswapV3/500 USDC>ARB@PancakeV3/100 in=9.524 ARB gap=40.2bps profit=$0.003 net=$-0.009"}
{"level":30,"time":1790806726603,"pid":20658,"hostname":"vm","msg":"  ARB>WETH@UniswapV3/500 WETH>ARB@SushiV3/500 in=10.75 ARB gap=39.1bps profit=$0.003 net=$-0.008"}
{"level":30,"time":1790806727236,"pid":20658,"hostname":"vm","block":510475824,"gross":164,"net":0,"sumNetUsd":0,"gasPriceGwei":0.020044,"txCostUsd":0.0134,"syncMs":147,"searchMs":176,"msg":"block scanned"}
{"level":30,"time":1790806727236,"pid":20658,"hostname":"vm","msg":"  ARB>USDC.e@UniswapV3/500 USDC.e>ARB@PancakeV3/500 in=28.99 ARB gap=25.3bps profit=$0.004 net=$-0.007"}
{"level":30,"time":1790806727236,"pid":20658,"hostname":"vm","msg":"  ARB>USDC@PancakeV3/500 USDC>ARB@PancakeV3/100 in=10.97 ARB gap=44.6bps profit=$0.004 net=$-0.007"}
{"level":30,"time":1790806727236,"pid":20658,"hostname":"vm","msg":"  ARB>USDC@PancakeV3/500 USDC>ARB@UniswapV3/100 in=12.95 ARB gap=32.2bps profit=$0.003 net=$-0.008"}
{"level":30,"time":1790806727236,"pid":20658,"hostname":"vm","msg":"  ARB>USDC@UniswapV3/500 USDC>ARB@PancakeV3/100 in=9.524 ARB gap=40.2bps profit=$0.003 net=$-0.009"}
{"level":30,"time":1790806727236,"pid":20658,"hostname":"vm","msg":"  ARB>WETH@UniswapV3/500 WETH>ARB@SushiV3/500 in=10.75 ARB gap=39.1bps profit=$0.003 net=$-0.008"}
{"level":30,"time":1790806727846,"pid":20658,"hostname":"vm","block":510475826,"gross":163,"net":0,"sumNetUsd":0,"gasPriceGwei":0.02,"txCostUsd":0.0134,"syncMs":135,"searchMs":170,"msg":"block scanned"}
{"level":30,"time":1790806727846,"pid":20658,"hostname":"vm","msg":"  ARB>USDC.e@UniswapV3/500 USDC.e>ARB@PancakeV3/500 in=28.99 ARB gap=25.3bps profit=$0.004 net=$-0.007"}
{"level":30,"time":1790806727846,"pid":20658,"hostname":"vm","msg":"  ARB>USDC@PancakeV3/500 USDC>ARB@PancakeV3/100 in=10.97 ARB gap=44.6bps profit=$0.004 net=$-0.007"}
{"level":30,"time":1790806727846,"pid":20658,"hostname":"vm","msg":"  ARB>USDC@PancakeV3/500 USDC>ARB@UniswapV3/100 in=12.95 ARB gap=32.2bps profit=$0.003 net=$-0.008"}
{"level":30,"time":1790806727846,"pid":20658,"hostname":"vm","msg":"  ARB>USDC@UniswapV3/500 USDC>ARB@PancakeV3/100 in=9.524 ARB gap=40.2bps profit=$0.003 net=$-0.009"}
{"level":30,"time":1790806727846,"pid":20658,"hostname":"vm","msg":"  ARB>WETH@UniswapV3/500 WETH>ARB@SushiV3/500 in=10.75 ARB gap=39.1bps profit=$0.003 net=$-0.008"}
{"level":30,"time":1790806728466,"pid":20658,"hostname":"vm","block":510475828,"gross":163,"net":0,"sumNetUsd":0,"gasPriceGwei":0.02,"txCostUsd":0.0134,"syncMs":149,"searchMs":171,"msg":"block scanned"}
{"level":30,"time":1790806728466,"pid":20658,"hostname":"vm","msg":"  ARB>USDC.e@UniswapV3/500 USDC.e>ARB@PancakeV3/500 in=28.99 ARB gap=25.3bps profit=$0.004 net=$-0.007"}
{"level":30,"time":1790806728466,"pid":20658,"hostname":"vm","msg":"  ARB>USDC@PancakeV3/500 USDC>ARB@PancakeV3/100 in=10.97 ARB gap=44.6bps profit=$0.004 net=$-0.007"}
{"level":30,"time":1790806728466,"pid":20658,"hostname":"vm","msg":"  ARB>USDC@PancakeV3/500 USDC>ARB@UniswapV3/100 in=12.95 ARB gap=32.2bps profit=$0.003 net=$-0.008"}
{"level":30,"time":1790806728466,"pid":20658,"hostname":"vm","msg":"  ARB>USDC@UniswapV3/500 USDC>ARB@PancakeV3/100 in=9.524 ARB gap=40.2bps profit=$0.003 net=$-0.009"}
{"level":30,"time":1790806728466,"pid":20658,"hostname":"vm","msg":"  ARB>WETH@UniswapV3/500 WETH>ARB@SushiV3/500 in=10.75 ARB gap=39.1bps profit=$0.003 net=$-0.008"}
{"level":30,"time":1790806729103,"pid":20658,"hostname":"vm","block":510475831,"gross":162,"net":0,"sumNetUsd":0,"gasPriceGwei":0.020022,"txCostUsd":0.0134,"syncMs":153,"searchMs":172,"msg":"block scanned"}
{"level":30,"time":1790806729103,"pid":20658,"hostname":"vm","msg":"  ARB>USDC.e@UniswapV3/500 USDC.e>ARB@PancakeV3/500 in=28.99 ARB gap=25.3bps profit=$0.004 net=$-0.007"}
{"level":30,"time":1790806729103,"pid":20658,"hostname":"vm","msg":"  ARB>USDC@PancakeV3/500 USDC>ARB@PancakeV3/100 in=10.97 ARB gap=44.6bps profit=$0.004 net=$-0.007"}
{"level":30,"time":1790806729103,"pid":20658,"hostname":"vm","msg":"  ARB>USDC@PancakeV3/500 USDC>ARB@UniswapV3/100 in=12.95 ARB gap=32.2bps profit=$0.003 net=$-0.008"}
{"level":30,"time":1790806729103,"pid":20658,"hostname":"vm","msg":"  ARB>USDC@UniswapV3/500 USDC>ARB@PancakeV3/100 in=9.524 ARB gap=40.2bps profit=$0.003 net=$-0.009"}
{"level":30,"time":1790806729103,"pid":20658,"hostname":"vm","msg":"  ARB>WETH@UniswapV3/500 WETH>ARB@SushiV3/500 in=10.75 ARB gap=39.1bps profit=$0.003 net=$-0.008"}
{"level":30,"time":1790806773665,"pid":20658,"hostname":"vm","block":510475833,"gross":162,"net":0,"sumNetUsd":0,"gasPriceGwei":0.02,"txCostUsd":0.0134,"syncMs":44038,"searchMs":205,"msg":"block scanned"}
{"level":30,"time":1790806773665,"pid":20658,"hostname":"vm","msg":"  ARB>USDC.e@UniswapV3/500 USDC.e>ARB@PancakeV3/500 in=28.99 ARB gap=25.3bps profit=$0.004 net=$-0.007"}
{"level":30,"time":1790806773665,"pid":20658,"hostname":"vm","msg":"  ARB>USDC@PancakeV3/500 USDC>ARB@PancakeV3/100 in=10.97 ARB gap=44.6bps profit=$0.004 net=$-0.007"}
{"level":30,"time":1790806773665,"pid":20658,"hostname":"vm","msg":"  ARB>USDC@PancakeV3/500 USDC>ARB@UniswapV3/100 in=12.95 ARB gap=32.2bps profit=$0.003 net=$-0.008"}
{"level":30,"time":1790806773665,"pid":20658,"hostname":"vm","msg":"  ARB>USDC@UniswapV3/500 USDC>ARB@PancakeV3/100 in=9.524 ARB gap=40.2bps profit=$0.003 net=$-0.009"}
{"level":30,"time":1790806773665,"pid":20658,"hostname":"vm","msg":"  ARB>WETH@UniswapV3/500 WETH>ARB@SushiV3/500 in=10.75 ARB gap=39.1bps profit=$0.003 net=$-0.008"}
{"level":30,"time":1790806774101,"pid":20658,"hostname":"vm","block":510475991,"gross":171,"net":0,"sumNetUsd":0,"gasPriceGwei":0.02003,"txCostUsd":0.0134,"syncMs":145,"searchMs":178,"msg":"block scanned"}
{"level":30,"time":1790806774101,"pid":20658,"hostname":"vm","msg":"  ARB>USDC.e@UniswapV3/500 USDC.e>ARB@PancakeV3/500 in=28.99 ARB gap=25.3bps profit=$0.004 net=$-0.007"}
{"level":30,"time":1790806774101,"pid":20658,"hostname":"vm","msg":"  ARB>USDC@PancakeV3/500 USDC>ARB@PancakeV3/100 in=10.79 ARB gap=43.9bps profit=$0.004 net=$-0.007"}
{"level":30,"time":1790806774101,"pid":20658,"hostname":"vm","msg":"  ARB>USDC@UniswapV3/500 USDC>ARB@PancakeV3/100 in=9.524 ARB gap=40.2bps profit=$0.003 net=$-0.009"}
{"level":30,"time":1790806774101,"pid":20658,"hostname":"vm","msg":"  ARB>USDC@PancakeV3/500 USDC>ARB@UniswapV3/100 in=12.65 ARB gap=31.6bps profit=$0.003 net=$-0.008"}
{"level":30,"time":1790806774101,"pid":20658,"hostname":"vm","msg":"  ARB>USDC@UniswapV3/500 USDC>ARB@UniswapV3/100 in=10.30 ARB gap=27.8bps profit=$0.002 net=$-0.010"}
{"level":30,"time":1790806774731,"pid":20658,"hostname":"vm","block":510475993,"gross":163,"net":0,"sumNetUsd":0,"gasPriceGwei":0.020022,"txCostUsd":0.0134,"syncMs":142,"searchMs":183,"msg":"block scanned"}
{"level":30,"time":1790806774731,"pid":20658,"hostname":"vm","msg":"  ARB>USDC.e@UniswapV3/500 USDC.e>ARB@PancakeV3/500 in=28.99 ARB gap=25.3bps profit=$0.004 net=$-0.007"}
{"level":30,"time":1790806774731,"pid":20658,"hostname":"vm","msg":"  ARB>USDC@PancakeV3/500 USDC>ARB@PancakeV3/100 in=10.79 ARB gap=43.9bps profit=$0.004 net=$-0.007"}
{"level":30,"time":1790806774731,"pid":20658,"hostname":"vm","msg":"  ARB>USDC@UniswapV3/500 USDC>ARB@PancakeV3/100 in=9.524 ARB gap=40.2bps profit=$0.003 net=$-0.009"}
{"level":30,"time":1790806774731,"pid":20658,"hostname":"vm","msg":"  ARB>USDC@PancakeV3/500 USDC>ARB@UniswapV3/100 in=12.65 ARB gap=31.6bps profit=$0.003 net=$-0.008"}
{"level":30,"time":1790806774731,"pid":20658,"hostname":"vm","msg":"  ARB>USDC@UniswapV3/500 USDC>ARB@UniswapV3/100 in=10.30 ARB gap=27.8bps profit=$0.002 net=$-0.010"}
{"level":30,"time":1790806775510,"pid":20658,"hostname":"vm","block":510475996,"gross":163,"net":0,"sumNetUsd":0,"gasPriceGwei":0.02013,"txCostUsd":0.0135,"syncMs":195,"searchMs":264,"msg":"block scanned"}
{"level":30,"time":1790806775510,"pid":20658,"hostname":"vm","msg":"  ARB>USDC.e@UniswapV3/500 USDC.e>ARB@PancakeV3/500 in=28.99 ARB gap=25.3bps profit=$0.004 net=$-0.007"}
{"level":30,"time":1790806775510,"pid":20658,"hostname":"vm","msg":"  ARB>USDC@PancakeV3/500 USDC>ARB@PancakeV3/100 in=10.79 ARB gap=43.9bps profit=$0.004 net=$-0.007"}
{"level":30,"time":1790806775510,"pid":20658,"hostname":"vm","msg":"  ARB>USDC@UniswapV3/500 USDC>ARB@PancakeV3/100 in=9.524 ARB gap=40.2bps profit=$0.003 net=$-0.009"}
{"level":30,"time":1790806775510,"pid":20658,"hostname":"vm","msg":"  ARB>USDC@PancakeV3/500 USDC>ARB@UniswapV3/100 in=12.65 ARB gap=31.6bps profit=$0.003 net=$-0.008"}
{"level":30,"time":1790806775510,"pid":20658,"hostname":"vm","msg":"  ARB>USDC@UniswapV3/500 USDC>ARB@UniswapV3/100 in=10.30 ARB gap=27.8bps profit=$0.002 net=$-0.010"}
{"level":30,"time":1790806775915,"pid":20658,"hostname":"vm","block":510475998,"gross":163,"net":0,"sumNetUsd":0,"gasPriceGwei":0.020012,"txCostUsd":0.0134,"syncMs":127,"searchMs":178,"msg":"block scanned"}
{"level":30,"time":1790806775915,"pid":20658,"hostname":"vm","msg":"  ARB>USDC.e@UniswapV3/500 USDC.e>ARB@PancakeV3/500 in=28.99 ARB gap=25.3bps profit=$0.004 net=$-0.007"}
{"level":30,"time":1790806775915,"pid":20658,"hostname":"vm","msg":"  ARB>USDC@PancakeV3/500 USDC>ARB@PancakeV3/100 in=10.79 ARB gap=43.9bps profit=$0.004 net=$-0.007"}
{"level":30,"time":1790806775915,"pid":20658,"hostname":"vm","msg":"  ARB>USDC@UniswapV3/500 USDC>ARB@PancakeV3/100 in=9.524 ARB gap=40.2bps profit=$0.003 net=$-0.009"}
{"level":30,"time":1790806775915,"pid":20658,"hostname":"vm","msg":"  ARB>USDC@PancakeV3/500 USDC>ARB@UniswapV3/100 in=12.65 ARB gap=31.6bps profit=$0.003 net=$-0.008"}
{"level":30,"time":1790806775916,"pid":20658,"hostname":"vm","msg":"  ARB>USDC@UniswapV3/500 USDC>ARB@UniswapV3/100 in=10.30 ARB gap=27.8bps profit=$0.002 net=$-0.010"}
{"level":30,"time":1790806776568,"pid":20658,"hostname":"vm","block":510476000,"gross":163,"net":0,"sumNetUsd":0,"gasPriceGwei":0.020042,"txCostUsd":0.0134,"syncMs":153,"searchMs":188,"msg":"block scanned"}
{"level":30,"time":1790806776568,"pid":20658,"hostname":"vm","msg":"  ARB>USDC.e@UniswapV3/500 USDC.e>ARB@PancakeV3/500 in=28.99 ARB gap=25.3bps profit=$0.004 net=$-0.007"}
{"level":30,"time":1790806776568,"pid":20658,"hostname":"vm","msg":"  ARB>USDC@PancakeV3/500 USDC>ARB@PancakeV3/100 in=10.79 ARB gap=43.9bps profit=$0.004 net=$-0.007"}
{"level":30,"time":1790806776568,"pid":20658,"hostname":"vm","msg":"  ARB>USDC@UniswapV3/500 USDC>ARB@PancakeV3/100 in=9.524 ARB gap=40.2bps profit=$0.003 net=$-0.009"}
{"level":30,"time":1790806776568,"pid":20658,"hostname":"vm","msg":"  ARB>USDC@PancakeV3/500 USDC>ARB@UniswapV3/100 in=12.65 ARB gap=31.6bps profit=$0.003 net=$-0.008"}
{"level":30,"time":1790806776568,"pid":20658,"hostname":"vm","msg":"  ARB>USDC@UniswapV3/500 USDC>ARB@UniswapV3/100 in=10.30 ARB gap=27.8bps profit=$0.002 net=$-0.010"}
{"level":30,"time":1790806777228,"pid":20658,"hostname":"vm","block":510476002,"gross":163,"net":0,"sumNetUsd":0,"gasPriceGwei":0.020006,"txCostUsd":0.0134,"syncMs":137,"searchMs":214,"msg":"block scanned"}
{"level":30,"time":1790806777228,"pid":20658,"hostname":"vm","msg":"  ARB>USDC.e@UniswapV3/500 USDC.e>ARB@PancakeV3/500 in=28.99 ARB gap=25.3bps profit=$0.004 net=$-0.007"}
{"level":30,"time":1790806777228,"pid":20658,"hostname":"vm","msg":"  ARB>USDC@PancakeV3/500 USDC>ARB@PancakeV3/100 in=10.79 ARB gap=43.9bps profit=$0.004 net=$-0.007"}
{"level":30,"time":1790806777228,"pid":20658,"hostname":"vm","msg":"  ARB>USDC@UniswapV3/500 USDC>ARB@PancakeV3/100 in=9.524 ARB gap=40.2bps profit=$0.003 net=$-0.009"}
{"level":30,"time":1790806777228,"pid":20658,"hostname":"vm","msg":"  ARB>USDC@PancakeV3/500 USDC>ARB@UniswapV3/100 in=12.65 ARB gap=31.6bps profit=$0.003 net=$-0.008"}
{"level":30,"time":1790806777228,"pid":20658,"hostname":"vm","msg":"  ARB>USDC@UniswapV3/500 USDC>ARB@UniswapV3/100 in=10.30 ARB gap=27.8bps profit=$0.002 net=$-0.010"}
{"level":30,"time":1790806777752,"pid":20658,"hostname":"vm","block":510476003,"gross":163,"net":0,"sumNetUsd":0,"gasPriceGwei":0.020012,"txCostUsd":0.0134,"syncMs":140,"searchMs":180,"msg":"block scanned"}
{"level":30,"time":1790806777752,"pid":20658,"hostname":"vm","msg":"  ARB>USDC.e@UniswapV3/500 USDC.e>ARB@PancakeV3/500 in=28.99 ARB gap=25.3bps profit=$0.004 net=$-0.007"}
{"level":30,"time":1790806777752,"pid":20658,"hostname":"vm","msg":"  ARB>USDC@PancakeV3/500 USDC>ARB@PancakeV3/100 in=10.79 ARB gap=43.9bps profit=$0.004 net=$-0.007"}
{"level":30,"time":1790806777752,"pid":20658,"hostname":"vm","msg":"  ARB>USDC@UniswapV3/500 USDC>ARB@PancakeV3/100 in=9.524 ARB gap=40.2bps profit=$0.003 net=$-0.009"}
{"level":30,"time":1790806777752,"pid":20658,"hostname":"vm","msg":"  ARB>USDC@PancakeV3/500 USDC>ARB@UniswapV3/100 in=12.65 ARB gap=31.6bps profit=$0.003 net=$-0.008"}
{"level":30,"time":1790806777752,"pid":20658,"hostname":"vm","msg":"  ARB>USDC@UniswapV3/500 USDC>ARB@UniswapV3/100 in=10.30 ARB gap=27.8bps profit=$0.002 net=$-0.010"}
{"level":30,"time":1790806778414,"pid":20658,"hostname":"vm","block":510476005,"gross":163,"net":0,"sumNetUsd":0,"gasPriceGwei":0.020294,"txCostUsd":0.0136,"syncMs":155,"searchMs":198,"msg":"block scanned"}
{"level":30,"time":1790806778414,"pid":20658,"hostname":"vm","msg":"  ARB>USDC.e@UniswapV3/500 USDC.e>ARB@PancakeV3/500 in=28.99 ARB gap=25.3bps profit=$0.004 net=$-0.007"}
{"level":30,"time":1790806778414,"pid":20658,"hostname":"vm","msg":"  ARB>USDC@PancakeV3/500 USDC>ARB@PancakeV3/100 in=10.79 ARB gap=43.9bps profit=$0.004 net=$-0.007"}
{"level":30,"time":1790806778414,"pid":20658,"hostname":"vm","msg":"  ARB>USDC@UniswapV3/500 USDC>ARB@PancakeV3/100 in=9.524 ARB gap=40.2bps profit=$0.003 net=$-0.009"}
{"level":30,"time":1790806778414,"pid":20658,"hostname":"vm","msg":"  ARB>USDC@PancakeV3/500 USDC>ARB@UniswapV3/100 in=12.65 ARB gap=31.6bps profit=$0.003 net=$-0.008"}
{"level":30,"time":1790806778414,"pid":20658,"hostname":"vm","msg":"  ARB>USDC@UniswapV3/500 USDC>ARB@UniswapV3/100 in=10.30 ARB gap=27.8bps profit=$0.002 net=$-0.010"}
{"level":30,"time":1790806778962,"pid":20658,"hostname":"vm","block":510476007,"gross":163,"net":0,"sumNetUsd":0,"gasPriceGwei":0.02001,"txCostUsd":0.0134,"syncMs":136,"searchMs":209,"msg":"block scanned"}
{"level":30,"time":1790806778962,"pid":20658,"hostname":"vm","msg":"  ARB>USDC.e@UniswapV3/500 USDC.e>ARB@PancakeV3/500 in=28.99 ARB gap=25.3bps profit=$0.004 net=$-0.007"}
{"level":30,"time":1790806778962,"pid":20658,"hostname":"vm","msg":"  ARB>USDC@PancakeV3/500 USDC>ARB@PancakeV3/100 in=10.79 ARB gap=43.9bps profit=$0.004 net=$-0.007"}
{"level":30,"time":1790806778962,"pid":20658,"hostname":"vm","msg":"  ARB>USDC@UniswapV3/500 USDC>ARB@PancakeV3/100 in=9.524 ARB gap=40.2bps profit=$0.003 net=$-0.009"}
{"level":30,"time":1790806778962,"pid":20658,"hostname":"vm","msg":"  ARB>USDC@PancakeV3/500 USDC>ARB@UniswapV3/100 in=12.65 ARB gap=31.6bps profit=$0.003 net=$-0.008"}
{"level":30,"time":1790806778962,"pid":20658,"hostname":"vm","msg":"  ARB>USDC@UniswapV3/500 USDC>ARB@UniswapV3/100 in=10.30 ARB gap=27.8bps profit=$0.002 net=$-0.010"}
{"level":30,"time":1790806779588,"pid":20658,"hostname":"vm","block":510476010,"gross":163,"net":0,"sumNetUsd":0,"gasPriceGwei":0.020196,"txCostUsd":0.0135,"syncMs":148,"searchMs":174,"msg":"block scanned"}
{"level":30,"time":1790806779588,"pid":20658,"hostname":"vm","msg":"  ARB>USDC.e@UniswapV3/500 USDC.e>ARB@PancakeV3/500 in=28.99 ARB gap=25.3bps profit=$0.004 net=$-0.007"}
{"level":30,"time":1790806779588,"pid":20658,"hostname":"vm","msg":"  ARB>USDC@PancakeV3/500 USDC>ARB@PancakeV3/100 in=10.79 ARB gap=43.9bps profit=$0.004 net=$-0.007"}
{"level":30,"time":1790806779588,"pid":20658,"hostname":"vm","msg":"  ARB>USDC@UniswapV3/500 USDC>ARB@PancakeV3/100 in=9.524 ARB gap=40.2bps profit=$0.003 net=$-0.009"}
{"level":30,"time":1790806779588,"pid":20658,"hostname":"vm","msg":"  ARB>USDC@PancakeV3/500 USDC>ARB@UniswapV3/100 in=12.65 ARB gap=31.6bps profit=$0.003 net=$-0.008"}
{"level":30,"time":1790806779588,"pid":20658,"hostname":"vm","msg":"  ARB>USDC@UniswapV3/500 USDC>ARB@UniswapV3/100 in=10.30 ARB gap=27.8bps profit=$0.002 net=$-0.010"}
{"level":30,"time":1790806780220,"pid":20658,"hostname":"vm","block":510476012,"gross":163,"net":0,"sumNetUsd":0,"gasPriceGwei":0.020004,"txCostUsd":0.0134,"syncMs":153,"searchMs":178,"msg":"block scanned"}
{"level":30,"time":1790806780220,"pid":20658,"hostname":"vm","msg":"  ARB>USDC.e@UniswapV3/500 USDC.e>ARB@PancakeV3/500 in=28.99 ARB gap=25.3bps profit=$0.004 net=$-0.007"}
{"level":30,"time":1790806780220,"pid":20658,"hostname":"vm","msg":"  ARB>USDC@PancakeV3/500 USDC>ARB@PancakeV3/100 in=10.79 ARB gap=43.9bps profit=$0.004 net=$-0.007"}
{"level":30,"time":1790806780220,"pid":20658,"hostname":"vm","msg":"  ARB>USDC@UniswapV3/500 USDC>ARB@PancakeV3/100 in=9.524 ARB gap=40.2bps profit=$0.003 net=$-0.009"}
{"level":30,"time":1790806780220,"pid":20658,"hostname":"vm","msg":"  ARB>USDC@PancakeV3/500 USDC>ARB@UniswapV3/100 in=12.65 ARB gap=31.6bps profit=$0.003 net=$-0.008"}
{"level":30,"time":1790806780220,"pid":20658,"hostname":"vm","msg":"  ARB>USDC@UniswapV3/500 USDC>ARB@UniswapV3/100 in=10.30 ARB gap=27.8bps profit=$0.002 net=$-0.010"}
{"level":30,"time":1790806780838,"pid":20658,"hostname":"vm","block":510476014,"gross":163,"net":0,"sumNetUsd":0,"gasPriceGwei":0.02,"txCostUsd":0.0134,"syncMs":135,"searchMs":175,"msg":"block scanned"}
{"level":30,"time":1790806780838,"pid":20658,"hostname":"vm","msg":"  ARB>USDC.e@UniswapV3/500 USDC.e>ARB@PancakeV3/500 in=28.99 ARB gap=25.3bps profit=$0.004 net=$-0.007"}
{"level":30,"time":1790806780838,"pid":20658,"hostname":"vm","msg":"  ARB>USDC@PancakeV3/500 USDC>ARB@PancakeV3/100 in=10.79 ARB gap=43.9bps profit=$0.004 net=$-0.007"}
{"level":30,"time":1790806780838,"pid":20658,"hostname":"vm","msg":"  ARB>USDC@UniswapV3/500 USDC>ARB@PancakeV3/100 in=9.524 ARB gap=40.2bps profit=$0.003 net=$-0.009"}
{"level":30,"time":1790806780838,"pid":20658,"hostname":"vm","msg":"  ARB>USDC@PancakeV3/500 USDC>ARB@UniswapV3/100 in=12.65 ARB gap=31.6bps profit=$0.003 net=$-0.008"}
{"level":30,"time":1790806780838,"pid":20658,"hostname":"vm","msg":"  ARB>USDC@UniswapV3/500 USDC>ARB@UniswapV3/100 in=10.30 ARB gap=27.8bps profit=$0.002 net=$-0.010"}
{"level":30,"time":1790806781473,"pid":20658,"hostname":"vm","block":510476016,"gross":163,"net":0,"sumNetUsd":0,"gasPriceGwei":0.02,"txCostUsd":0.0134,"syncMs":148,"searchMs":183,"msg":"block scanned"}
{"level":30,"time":1790806781473,"pid":20658,"hostname":"vm","msg":"  ARB>USDC.e@UniswapV3/500 USDC.e>ARB@PancakeV3/500 in=28.99 ARB gap=25.3bps profit=$0.004 net=$-0.007"}
{"level":30,"time":1790806781473,"pid":20658,"hostname":"vm","msg":"  ARB>USDC@PancakeV3/500 USDC>ARB@PancakeV3/100 in=10.79 ARB gap=43.9bps profit=$0.004 net=$-0.007"}
{"level":30,"time":1790806781473,"pid":20658,"hostname":"vm","msg":"  ARB>USDC@UniswapV3/500 USDC>ARB@PancakeV3/100 in=9.524 ARB gap=40.2bps profit=$0.003 net=$-0.009"}
{"level":30,"time":1790806781473,"pid":20658,"hostname":"vm","msg":"  ARB>USDC@PancakeV3/500 USDC>ARB@UniswapV3/100 in=12.65 ARB gap=31.6bps profit=$0.003 net=$-0.008"}
{"level":30,"time":1790806781473,"pid":20658,"hostname":"vm","msg":"  ARB>USDC@UniswapV3/500 USDC>ARB@UniswapV3/100 in=10.30 ARB gap=27.8bps profit=$0.002 net=$-0.010"}
{"level":30,"time":1790806782102,"pid":20658,"hostname":"vm","block":510476019,"gross":163,"net":0,"sumNetUsd":0,"gasPriceGwei":0.02001,"txCostUsd":0.0134,"syncMs":135,"searchMs":180,"msg":"block scanned"}
{"level":30,"time":1790806782102,"pid":20658,"hostname":"vm","msg":"  ARB>USDC.e@UniswapV3/500 USDC.e>ARB@PancakeV3/500 in=28.99 ARB gap=25.3bps profit=$0.004 net=$-0.007"}
{"level":30,"time":1790806782102,"pid":20658,"hostname":"vm","msg":"  ARB>USDC@PancakeV3/500 USDC>ARB@PancakeV3/100 in=10.79 ARB gap=43.9bps profit=$0.004 net=$-0.007"}
{"level":30,"time":1790806782102,"pid":20658,"hostname":"vm","msg":"  ARB>USDC@UniswapV3/500 USDC>ARB@PancakeV3/100 in=9.524 ARB gap=40.2bps profit=$0.003 net=$-0.009"}
{"level":30,"time":1790806782102,"pid":20658,"hostname":"vm","msg":"  ARB>USDC@PancakeV3/500 USDC>ARB@UniswapV3/100 in=12.65 ARB gap=31.6bps profit=$0.003 net=$-0.008"}
{"level":30,"time":1790806782102,"pid":20658,"hostname":"vm","msg":"  ARB>USDC@UniswapV3/500 USDC>ARB@UniswapV3/100 in=10.30 ARB gap=27.8bps profit=$0.002 net=$-0.010"}
{"level":30,"time":1790806809480,"pid":20658,"hostname":"vm","block":510476020,"gross":163,"net":0,"sumNetUsd":0,"gasPriceGwei":0.02,"txCostUsd":0.0134,"syncMs":26878,"searchMs":177,"msg":"block scanned"}
{"level":30,"time":1790806809480,"pid":20658,"hostname":"vm","msg":"  ARB>USDC.e@UniswapV3/500 USDC.e>ARB@PancakeV3/500 in=28.99 ARB gap=25.3bps profit=$0.004 net=$-0.007"}
{"level":30,"time":1790806809480,"pid":20658,"hostname":"vm","msg":"  ARB>USDC@PancakeV3/500 USDC>ARB@PancakeV3/100 in=10.79 ARB gap=43.9bps profit=$0.004 net=$-0.007"}
{"level":30,"time":1790806809480,"pid":20658,"hostname":"vm","msg":"  ARB>USDC@UniswapV3/500 USDC>ARB@PancakeV3/100 in=9.524 ARB gap=40.2bps profit=$0.003 net=$-0.009"}
{"level":30,"time":1790806809480,"pid":20658,"hostname":"vm","msg":"  ARB>USDC@PancakeV3/500 USDC>ARB@UniswapV3/100 in=12.65 ARB gap=31.6bps profit=$0.003 net=$-0.008"}
{"level":30,"time":1790806809480,"pid":20658,"hostname":"vm","msg":"  ARB>USDC@UniswapV3/500 USDC>ARB@UniswapV3/100 in=10.30 ARB gap=27.8bps profit=$0.002 net=$-0.010"}
{"level":30,"time":1790806809915,"pid":20658,"hostname":"vm","block":510476114,"gross":154,"net":0,"sumNetUsd":0,"gasPriceGwei":0.020012,"txCostUsd":0.0134,"syncMs":129,"searchMs":177,"msg":"block scanned"}
{"level":30,"time":1790806809915,"pid":20658,"hostname":"vm","msg":"  ARB>USDC.e@UniswapV3/500 USDC.e>ARB@PancakeV3/500 in=28.99 ARB gap=25.3bps profit=$0.004 net=$-0.007"}
{"level":30,"time":1790806809915,"pid":20658,"hostname":"vm","msg":"  ARB>USDC@PancakeV3/500 USDC>ARB@PancakeV3/100 in=10.79 ARB gap=43.9bps profit=$0.004 net=$-0.007"}
{"level":30,"time":1790806809915,"pid":20658,"hostname":"vm","msg":"  ARB>USDC@UniswapV3/500 USDC>ARB@PancakeV3/100 in=9.524 ARB gap=40.2bps profit=$0.003 net=$-0.009"}
{"level":30,"time":1790806809915,"pid":20658,"hostname":"vm","msg":"  ARB>USDC@PancakeV3/500 USDC>ARB@UniswapV3/100 in=12.65 ARB gap=31.6bps profit=$0.003 net=$-0.008"}
{"level":30,"time":1790806809915,"pid":20658,"hostname":"vm","msg":"  ARB>USDC@UniswapV3/500 USDC>ARB@UniswapV3/100 in=10.30 ARB gap=27.8bps profit=$0.002 net=$-0.010"}
{"level":30,"time":1790806810525,"pid":20658,"hostname":"vm","block":510476116,"gross":154,"net":0,"sumNetUsd":0,"gasPriceGwei":0.02,"txCostUsd":0.0134,"syncMs":142,"searchMs":152,"msg":"block scanned"}
{"level":30,"time":1790806810525,"pid":20658,"hostname":"vm","msg":"  ARB>USDC.e@UniswapV3/500 USDC.e>ARB@PancakeV3/500 in=28.99 ARB gap=25.3bps profit=$0.004 net=$-0.007"}
{"level":30,"time":1790806810525,"pid":20658,"hostname":"vm","msg":"  ARB>USDC@PancakeV3/500 USDC>ARB@PancakeV3/100 in=10.79 ARB gap=43.9bps profit=$0.004 net=$-0.007"}
{"level":30,"time":1790806810525,"pid":20658,"hostname":"vm","msg":"  ARB>USDC@UniswapV3/500 USDC>ARB@PancakeV3/100 in=9.524 ARB gap=40.2bps profit=$0.003 net=$-0.009"}
{"level":30,"time":1790806810525,"pid":20658,"hostname":"vm","msg":"  ARB>USDC@PancakeV3/500 USDC>ARB@UniswapV3/100 in=12.65 ARB gap=31.6bps profit=$0.003 net=$-0.008"}
{"level":30,"time":1790806810525,"pid":20658,"hostname":"vm","msg":"  ARB>USDC@UniswapV3/500 USDC>ARB@UniswapV3/100 in=10.30 ARB gap=27.8bps profit=$0.002 net=$-0.010"}
{"level":30,"time":1790806811123,"pid":20658,"hostname":"vm","block":510476119,"gross":154,"net":0,"sumNetUsd":0,"gasPriceGwei":0.020006,"txCostUsd":0.0134,"syncMs":130,"searchMs":160,"msg":"block scanned"}
{"level":30,"time":1790806811123,"pid":20658,"hostname":"vm","msg":"  ARB>USDC.e@UniswapV3/500 USDC.e>ARB@PancakeV3/500 in=28.99 ARB gap=25.3bps profit=$0.004 net=$-0.007"}
{"level":30,"time":1790806811123,"pid":20658,"hostname":"vm","msg":"  ARB>USDC@PancakeV3/500 USDC>ARB@PancakeV3/100 in=10.79 ARB gap=43.9bps profit=$0.004 net=$-0.007"}
{"level":30,"time":1790806811123,"pid":20658,"hostname":"vm","msg":"  ARB>USDC@UniswapV3/500 USDC>ARB@PancakeV3/100 in=9.524 ARB gap=40.2bps profit=$0.003 net=$-0.009"}
{"level":30,"time":1790806811123,"pid":20658,"hostname":"vm","msg":"  ARB>USDC@PancakeV3/500 USDC>ARB@UniswapV3/100 in=12.65 ARB gap=31.6bps profit=$0.003 net=$-0.008"}
{"level":30,"time":1790806811123,"pid":20658,"hostname":"vm","msg":"  ARB>USDC@UniswapV3/500 USDC>ARB@UniswapV3/100 in=10.30 ARB gap=27.8bps profit=$0.002 net=$-0.010"}
{"level":30,"time":1790806811729,"pid":20658,"hostname":"vm","block":510476121,"gross":154,"net":0,"sumNetUsd":0,"gasPriceGwei":0.02,"txCostUsd":0.0134,"syncMs":150,"searchMs":146,"msg":"block scanned"}
{"level":30,"time":1790806811729,"pid":20658,"hostname":"vm","msg":"  ARB>USDC.e@UniswapV3/500 USDC.e>ARB@PancakeV3/500 in=28.99 ARB gap=25.3bps profit=$0.004 net=$-0.007"}
{"level":30,"time":1790806811729,"pid":20658,"hostname":"vm","msg":"  ARB>USDC@PancakeV3/500 USDC>ARB@PancakeV3/100 in=10.79 ARB gap=43.9bps profit=$0.004 net=$-0.007"}
{"level":30,"time":1790806811729,"pid":20658,"hostname":"vm","msg":"  ARB>USDC@UniswapV3/500 USDC>ARB@PancakeV3/100 in=9.524 ARB gap=40.2bps profit=$0.003 net=$-0.009"}
{"level":30,"time":1790806811729,"pid":20658,"hostname":"vm","msg":"  ARB>USDC@PancakeV3/500 USDC>ARB@UniswapV3/100 in=12.65 ARB gap=31.6bps profit=$0.003 net=$-0.008"}
{"level":30,"time":1790806811729,"pid":20658,"hostname":"vm","msg":"  ARB>USDC@UniswapV3/500 USDC>ARB@UniswapV3/100 in=10.30 ARB gap=27.8bps profit=$0.002 net=$-0.010"}
{"level":30,"time":1790806812307,"pid":20658,"hostname":"vm","block":510476123,"gross":154,"net":0,"sumNetUsd":0,"gasPriceGwei":0.020014,"txCostUsd":0.0134,"syncMs":136,"searchMs":140,"msg":"block scanned"}
{"level":30,"time":1790806812308,"pid":20658,"hostname":"vm","msg":"  ARB>USDC.e@UniswapV3/500 USDC.e>ARB@PancakeV3/500 in=28.99 ARB gap=25.3bps profit=$0.004 net=$-0.007"}
{"level":30,"time":1790806812308,"pid":20658,"hostname":"vm","msg":"  ARB>USDC@PancakeV3/500 USDC>ARB@PancakeV3/100 in=10.79 ARB gap=43.9bps profit=$0.004 net=$-0.007"}
{"level":30,"time":1790806812308,"pid":20658,"hostname":"vm","msg":"  ARB>USDC@UniswapV3/500 USDC>ARB@PancakeV3/100 in=9.524 ARB gap=40.2bps profit=$0.003 net=$-0.009"}
{"level":30,"time":1790806812308,"pid":20658,"hostname":"vm","msg":"  ARB>USDC@PancakeV3/500 USDC>ARB@UniswapV3/100 in=12.65 ARB gap=31.6bps profit=$0.003 net=$-0.008"}
{"level":30,"time":1790806812308,"pid":20658,"hostname":"vm","msg":"  ARB>USDC@UniswapV3/500 USDC>ARB@UniswapV3/100 in=10.30 ARB gap=27.8bps profit=$0.002 net=$-0.010"}
{"level":30,"time":1790806812903,"pid":20658,"hostname":"vm","block":510476126,"gross":155,"net":0,"sumNetUsd":0,"gasPriceGwei":0.020004,"txCostUsd":0.0134,"syncMs":134,"searchMs":148,"msg":"block scanned"}
{"level":30,"time":1790806812903,"pid":20658,"hostname":"vm","msg":"  ARB>USDC.e@UniswapV3/500 USDC.e>ARB@PancakeV3/500 in=28.99 ARB gap=25.3bps profit=$0.004 net=$-0.007"}
{"level":30,"time":1790806812903,"pid":20658,"hostname":"vm","msg":"  ARB>USDC@PancakeV3/500 USDC>ARB@PancakeV3/100 in=10.79 ARB gap=43.9bps profit=$0.004 net=$-0.007"}
{"level":30,"time":1790806812903,"pid":20658,"hostname":"vm","msg":"  ARB>USDC@UniswapV3/500 USDC>ARB@PancakeV3/100 in=9.524 ARB gap=40.2bps profit=$0.003 net=$-0.009"}
{"level":30,"time":1790806812903,"pid":20658,"hostname":"vm","msg":"  ARB>USDC@PancakeV3/500 USDC>ARB@UniswapV3/100 in=12.65 ARB gap=31.6bps profit=$0.003 net=$-0.008"}
{"level":30,"time":1790806812903,"pid":20658,"hostname":"vm","msg":"  ARB>USDC@UniswapV3/500 USDC>ARB@UniswapV3/100 in=10.30 ARB gap=27.8bps profit=$0.002 net=$-0.010"}
{"level":30,"time":1790806813507,"pid":20658,"hostname":"vm","block":510476128,"gross":155,"net":0,"sumNetUsd":0,"gasPriceGwei":0.020048,"txCostUsd":0.0134,"syncMs":153,"searchMs":142,"msg":"block scanned"}
{"level":30,"time":1790806813507,"pid":20658,"hostname":"vm","msg":"  ARB>USDC.e@UniswapV3/500 USDC.e>ARB@PancakeV3/500 in=28.99 ARB gap=25.3bps profit=$0.004 net=$-0.007"}
{"level":30,"time":1790806813507,"pid":20658,"hostname":"vm","msg":"  ARB>USDC@PancakeV3/500 USDC>ARB@PancakeV3/100 in=10.79 ARB gap=43.9bps profit=$0.004 net=$-0.007"}
{"level":30,"time":1790806813507,"pid":20658,"hostname":"vm","msg":"  ARB>USDC@UniswapV3/500 USDC>ARB@PancakeV3/100 in=9.524 ARB gap=40.2bps profit=$0.003 net=$-0.009"}
{"level":30,"time":1790806813507,"pid":20658,"hostname":"vm","msg":"  ARB>USDC@PancakeV3/500 USDC>ARB@UniswapV3/100 in=12.65 ARB gap=31.6bps profit=$0.003 net=$-0.008"}
{"level":30,"time":1790806813507,"pid":20658,"hostname":"vm","msg":"  ARB>USDC@UniswapV3/500 USDC>ARB@UniswapV3/100 in=10.30 ARB gap=27.8bps profit=$0.002 net=$-0.010"}
{"level":30,"time":1790806814117,"pid":20658,"hostname":"vm","block":510476130,"gross":155,"net":0,"sumNetUsd":0,"gasPriceGwei":0.020024,"txCostUsd":0.0134,"syncMs":151,"searchMs":155,"msg":"block scanned"}
{"level":30,"time":1790806814117,"pid":20658,"hostname":"vm","msg":"  ARB>USDC.e@UniswapV3/500 USDC.e>ARB@PancakeV3/500 in=28.99 ARB gap=25.3bps profit=$0.004 net=$-0.007"}
{"level":30,"time":1790806814117,"pid":20658,"hostname":"vm","msg":"  ARB>USDC@PancakeV3/500 USDC>ARB@PancakeV3/100 in=10.79 ARB gap=43.9bps profit=$0.004 net=$-0.007"}
{"level":30,"time":1790806814117,"pid":20658,"hostname":"vm","msg":"  ARB>USDC@UniswapV3/500 USDC>ARB@PancakeV3/100 in=9.524 ARB gap=40.2bps profit=$0.003 net=$-0.009"}
{"level":30,"time":1790806814117,"pid":20658,"hostname":"vm","msg":"  ARB>USDC@PancakeV3/500 USDC>ARB@UniswapV3/100 in=12.65 ARB gap=31.6bps profit=$0.003 net=$-0.008"}
{"level":30,"time":1790806814117,"pid":20658,"hostname":"vm","msg":"  ARB>USDC@UniswapV3/500 USDC>ARB@UniswapV3/100 in=10.30 ARB gap=27.8bps profit=$0.002 net=$-0.010"}
{"level":30,"time":1790806814702,"pid":20658,"hostname":"vm","block":510476132,"gross":155,"net":0,"sumNetUsd":0,"gasPriceGwei":0.02005,"txCostUsd":0.0134,"syncMs":138,"searchMs":139,"msg":"block scanned"}
{"level":30,"time":1790806814702,"pid":20658,"hostname":"vm","msg":"  ARB>USDC.e@UniswapV3/500 USDC.e>ARB@PancakeV3/500 in=28.99 ARB gap=25.3bps profit=$0.004 net=$-0.007"}
{"level":30,"time":1790806814702,"pid":20658,"hostname":"vm","msg":"  ARB>USDC@PancakeV3/500 USDC>ARB@PancakeV3/100 in=10.79 ARB gap=43.9bps profit=$0.004 net=$-0.007"}
{"level":30,"time":1790806814702,"pid":20658,"hostname":"vm","msg":"  ARB>USDC@UniswapV3/500 USDC>ARB@PancakeV3/100 in=9.524 ARB gap=40.2bps profit=$0.003 net=$-0.009"}
{"level":30,"time":1790806814702,"pid":20658,"hostname":"vm","msg":"  ARB>USDC@PancakeV3/500 USDC>ARB@UniswapV3/100 in=12.65 ARB gap=31.6bps profit=$0.003 net=$-0.008"}
{"level":30,"time":1790806814702,"pid":20658,"hostname":"vm","msg":"  ARB>USDC@UniswapV3/500 USDC>ARB@UniswapV3/100 in=10.30 ARB gap=27.8bps profit=$0.002 net=$-0.010"}
{"level":30,"time":1790806815290,"pid":20658,"hostname":"vm","block":510476134,"gross":155,"net":0,"sumNetUsd":0,"gasPriceGwei":0.02,"txCostUsd":0.0134,"syncMs":137,"searchMs":142,"msg":"block scanned"}
{"level":30,"time":1790806815290,"pid":20658,"hostname":"vm","msg":"  ARB>USDC.e@UniswapV3/500 USDC.e>ARB@PancakeV3/500 in=28.99 ARB gap=25.3bps profit=$0.004 net=$-0.007"}
{"level":30,"time":1790806815290,"pid":20658,"hostname":"vm","msg":"  ARB>USDC@PancakeV3/500 USDC>ARB@PancakeV3/100 in=10.79 ARB gap=43.9bps profit=$0.004 net=$-0.007"}
{"level":30,"time":1790806815290,"pid":20658,"hostname":"vm","msg":"  ARB>USDC@UniswapV3/500 USDC>ARB@PancakeV3/100 in=9.524 ARB gap=40.2bps profit=$0.003 net=$-0.009"}
{"level":30,"time":1790806815290,"pid":20658,"hostname":"vm","msg":"  ARB>USDC@PancakeV3/500 USDC>ARB@UniswapV3/100 in=12.65 ARB gap=31.6bps profit=$0.003 net=$-0.008"}
{"level":30,"time":1790806815290,"pid":20658,"hostname":"vm","msg":"  ARB>USDC@UniswapV3/500 USDC>ARB@UniswapV3/100 in=10.30 ARB gap=27.8bps profit=$0.002 net=$-0.010"}
{"level":30,"time":1790806815887,"pid":20658,"hostname":"vm","block":510476135,"gross":155,"net":0,"sumNetUsd":0,"gasPriceGwei":0.02,"txCostUsd":0.0134,"syncMs":146,"searchMs":141,"msg":"block scanned"}
{"level":30,"time":1790806815887,"pid":20658,"hostname":"vm","msg":"  ARB>USDC.e@UniswapV3/500 USDC.e>ARB@PancakeV3/500 in=28.99 ARB gap=25.3bps profit=$0.004 net=$-0.007"}
{"level":30,"time":1790806815887,"pid":20658,"hostname":"vm","msg":"  ARB>USDC@PancakeV3/500 USDC>ARB@PancakeV3/100 in=10.79 ARB gap=43.9bps profit=$0.004 net=$-0.007"}
{"level":30,"time":1790806815887,"pid":20658,"hostname":"vm","msg":"  ARB>USDC@UniswapV3/500 USDC>ARB@PancakeV3/100 in=9.524 ARB gap=40.2bps profit=$0.003 net=$-0.009"}
{"level":30,"time":1790806815887,"pid":20658,"hostname":"vm","msg":"  ARB>USDC@PancakeV3/500 USDC>ARB@UniswapV3/100 in=12.65 ARB gap=31.6bps profit=$0.003 net=$-0.008"}
{"level":30,"time":1790806815887,"pid":20658,"hostname":"vm","msg":"  ARB>USDC@UniswapV3/500 USDC>ARB@UniswapV3/100 in=10.30 ARB gap=27.8bps profit=$0.002 net=$-0.010"}
{"level":30,"time":1790806816470,"pid":20658,"hostname":"vm","block":510476137,"gross":155,"net":0,"sumNetUsd":0,"gasPriceGwei":0.020016,"txCostUsd":0.0134,"syncMs":137,"searchMs":144,"msg":"block scanned"}
{"level":30,"time":1790806816470,"pid":20658,"hostname":"vm","msg":"  ARB>USDC.e@UniswapV3/500 USDC.e>ARB@PancakeV3/500 in=28.99 ARB gap=25.3bps profit=$0.004 net=$-0.007"}
{"level":30,"time":1790806816470,"pid":20658,"hostname":"vm","msg":"  ARB>USDC@PancakeV3/500 USDC>ARB@PancakeV3/100 in=10.79 ARB gap=43.9bps profit=$0.004 net=$-0.007"}
{"level":30,"time":1790806816470,"pid":20658,"hostname":"vm","msg":"  ARB>USDC@UniswapV3/500 USDC>ARB@PancakeV3/100 in=9.524 ARB gap=40.2bps profit=$0.003 net=$-0.009"}
{"level":30,"time":1790806816470,"pid":20658,"hostname":"vm","msg":"  ARB>USDC@PancakeV3/500 USDC>ARB@UniswapV3/100 in=12.65 ARB gap=31.6bps profit=$0.003 net=$-0.008"}
{"level":30,"time":1790806816470,"pid":20658,"hostname":"vm","msg":"  ARB>USDC@UniswapV3/500 USDC>ARB@UniswapV3/100 in=10.30 ARB gap=27.8bps profit=$0.002 net=$-0.010"}
{"level":30,"time":1790806817072,"pid":20658,"hostname":"vm","block":510476139,"gross":155,"net":0,"sumNetUsd":0,"gasPriceGwei":0.020064,"txCostUsd":0.0135,"syncMs":148,"searchMs":147,"msg":"block scanned"}
{"level":30,"time":1790806817072,"pid":20658,"hostname":"vm","msg":"  ARB>USDC.e@UniswapV3/500 USDC.e>ARB@PancakeV3/500 in=28.99 ARB gap=25.3bps profit=$0.004 net=$-0.007"}
{"level":30,"time":1790806817072,"pid":20658,"hostname":"vm","msg":"  ARB>USDC@PancakeV3/500 USDC>ARB@PancakeV3/100 in=10.79 ARB gap=43.9bps profit=$0.004 net=$-0.007"}
{"level":30,"time":1790806817072,"pid":20658,"hostname":"vm","msg":"  ARB>USDC@UniswapV3/500 USDC>ARB@PancakeV3/100 in=9.524 ARB gap=40.2bps profit=$0.003 net=$-0.009"}
{"level":30,"time":1790806817072,"pid":20658,"hostname":"vm","msg":"  ARB>USDC@PancakeV3/500 USDC>ARB@UniswapV3/100 in=12.65 ARB gap=31.6bps profit=$0.003 net=$-0.008"}
{"level":30,"time":1790806817072,"pid":20658,"hostname":"vm","msg":"  ARB>USDC@UniswapV3/500 USDC>ARB@UniswapV3/100 in=10.30 ARB gap=27.8bps profit=$0.002 net=$-0.010"}
{"level":30,"time":1790806817664,"pid":20658,"hostname":"vm","block":510476141,"gross":146,"net":0,"sumNetUsd":0,"gasPriceGwei":0.020104,"txCostUsd":0.0135,"syncMs":158,"searchMs":131,"msg":"block scanned"}
{"level":30,"time":1790806817664,"pid":20658,"hostname":"vm","msg":"  ARB>USDC.e@UniswapV3/500 USDC.e>ARB@PancakeV3/500 in=28.99 ARB gap=25.3bps profit=$0.004 net=$-0.007"}
{"level":30,"time":1790806817664,"pid":20658,"hostname":"vm","msg":"  ARB>USDC@PancakeV3/500 USDC>ARB@PancakeV3/100 in=10.79 ARB gap=43.9bps profit=$0.004 net=$-0.007"}
{"level":30,"time":1790806817664,"pid":20658,"hostname":"vm","msg":"  ARB>USDC@UniswapV3/500 USDC>ARB@PancakeV3/100 in=9.524 ARB gap=40.2bps profit=$0.003 net=$-0.009"}
{"level":30,"time":1790806817664,"pid":20658,"hostname":"vm","msg":"  ARB>USDC@PancakeV3/500 USDC>ARB@UniswapV3/100 in=12.65 ARB gap=31.6bps profit=$0.003 net=$-0.008"}
{"level":30,"time":1790806817664,"pid":20658,"hostname":"vm","msg":"  ARB>USDC@UniswapV3/500 USDC>ARB@UniswapV3/100 in=10.30 ARB gap=27.8bps profit=$0.002 net=$-0.010"}
{"level":30,"time":1790806860336,"pid":20658,"hostname":"vm","block":510476143,"gross":146,"net":0,"sumNetUsd":0,"gasPriceGwei":0.020012,"txCostUsd":0.0134,"syncMs":42241,"searchMs":127,"msg":"block scanned"}
{"level":30,"time":1790806860336,"pid":20658,"hostname":"vm","msg":"  ARB>USDC.e@UniswapV3/500 USDC.e>ARB@PancakeV3/500 in=28.99 ARB gap=25.3bps profit=$0.004 net=$-0.007"}
{"level":30,"time":1790806860336,"pid":20658,"hostname":"vm","msg":"  ARB>USDC@PancakeV3/500 USDC>ARB@PancakeV3/100 in=10.79 ARB gap=43.9bps profit=$0.004 net=$-0.007"}
{"level":30,"time":1790806860336,"pid":20658,"hostname":"vm","msg":"  ARB>USDC@UniswapV3/500 USDC>ARB@PancakeV3/100 in=9.524 ARB gap=40.2bps profit=$0.003 net=$-0.009"}
{"level":30,"time":1790806860336,"pid":20658,"hostname":"vm","msg":"  ARB>USDC@PancakeV3/500 USDC>ARB@UniswapV3/100 in=12.65 ARB gap=31.6bps profit=$0.003 net=$-0.008"}
{"level":30,"time":1790806860336,"pid":20658,"hostname":"vm","msg":"  ARB>USDC@UniswapV3/500 USDC>ARB@UniswapV3/100 in=10.30 ARB gap=27.8bps profit=$0.002 net=$-0.010"}
{"level":30,"time":1790806860730,"pid":20658,"hostname":"vm","block":510476296,"gross":145,"net":0,"sumNetUsd":0,"gasPriceGwei":0.02,"txCostUsd":0.0134,"syncMs":161,"searchMs":127,"msg":"block scanned"}
{"level":30,"time":1790806860730,"pid":20658,"hostname":"vm","msg":"  ARB>USDC.e@UniswapV3/500 USDC.e>ARB@PancakeV3/500 in=39.21 ARB gap=30.7bps profit=$0.008 net=$-0.003"}
{"level":30,"time":1790806860730,"pid":20658,"hostname":"vm","msg":"  ARB>USDC@UniswapV3/500 USDC>ARB@PancakeV3/100 in=12.30 ARB gap=50.3bps profit=$0.006 net=$-0.006"}
{"level":30,"time":1790806860730,"pid":20658,"hostname":"vm","msg":"  ARB>USDC@PancakeV3/500 USDC>ARB@PancakeV3/100 in=11.81 ARB gap=47.5bps profit=$0.005 net=$-0.006"}
{"level":30,"time":1790806860730,"pid":20658,"hostname":"vm","msg":"  ARB>USDC@UniswapV3/500 USDC>ARB@UniswapV3/100 in=15.16 ARB gap=37.9bps profit=$0.005 net=$-0.006"}
{"level":30,"time":1790806860730,"pid":20658,"hostname":"vm","msg":"  ARB>USDC@PancakeV3/500 USDC>ARB@UniswapV3/100 in=14.42 ARB gap=35.1bps profit=$0.004 net=$-0.007"}
{"level":30,"time":1790806861336,"pid":20658,"hostname":"vm","block":510476297,"gross":145,"net":0,"sumNetUsd":0,"gasPriceGwei":0.020058,"txCostUsd":0.0135,"syncMs":154,"searchMs":140,"msg":"block scanned"}
{"level":30,"time":1790806861336,"pid":20658,"hostname":"vm","msg":"  ARB>USDC.e@UniswapV3/500 USDC.e>ARB@PancakeV3/500 in=39.21 ARB gap=30.7bps profit=$0.008 net=$-0.003"}
{"level":30,"time":1790806861336,"pid":20658,"hostname":"vm","msg":"  ARB>USDC@UniswapV3/500 USDC>ARB@PancakeV3/100 in=12.30 ARB gap=50.3bps profit=$0.006 net=$-0.006"}
{"level":30,"time":1790806861336,"pid":20658,"hostname":"vm","msg":"  ARB>USDC@PancakeV3/500 USDC>ARB@PancakeV3/100 in=11.81 ARB gap=47.5bps profit=$0.005 net=$-0.006"}
{"level":30,"time":1790806861336,"pid":20658,"hostname":"vm","msg":"  ARB>USDC@UniswapV3/500 USDC>ARB@UniswapV3/100 in=15.16 ARB gap=37.9bps profit=$0.005 net=$-0.006"}
{"level":30,"time":1790806861336,"pid":20658,"hostname":"vm","msg":"  ARB>USDC@PancakeV3/500 USDC>ARB@UniswapV3/100 in=14.42 ARB gap=35.1bps profit=$0.004 net=$-0.007"}
{"level":30,"time":1790806861903,"pid":20658,"hostname":"vm","block":510476299,"gross":145,"net":0,"sumNetUsd":0,"gasPriceGwei":0.02003,"txCostUsd":0.0134,"syncMs":134,"searchMs":122,"msg":"block scanned"}
{"level":30,"time":1790806861903,"pid":20658,"hostname":"vm","msg":"  ARB>USDC.e@UniswapV3/500 USDC.e>ARB@PancakeV3/500 in=39.21 ARB gap=30.7bps profit=$0.008 net=$-0.003"}
{"level":30,"time":1790806861903,"pid":20658,"hostname":"vm","msg":"  ARB>USDC@UniswapV3/500 USDC>ARB@PancakeV3/100 in=12.30 ARB gap=50.3bps profit=$0.006 net=$-0.006"}
{"level":30,"time":1790806861903,"pid":20658,"hostname":"vm","msg":"  ARB>USDC@PancakeV3/500 USDC>ARB@PancakeV3/100 in=11.81 ARB gap=47.5bps profit=$0.005 net=$-0.006"}
{"level":30,"time":1790806861903,"pid":20658,"hostname":"vm","msg":"  ARB>USDC@UniswapV3/500 USDC>ARB@UniswapV3/100 in=15.16 ARB gap=37.9bps profit=$0.005 net=$-0.006"}
{"level":30,"time":1790806861903,"pid":20658,"hostname":"vm","msg":"  ARB>USDC@PancakeV3/500 USDC>ARB@UniswapV3/100 in=14.42 ARB gap=35.1bps profit=$0.004 net=$-0.007"}
{"level":30,"time":1790806862511,"pid":20658,"hostname":"vm","block":510476301,"gross":145,"net":0,"sumNetUsd":0,"gasPriceGwei":0.020066,"txCostUsd":0.0135,"syncMs":142,"searchMs":144,"msg":"block scanned"}
{"level":30,"time":1790806862511,"pid":20658,"hostname":"vm","msg":"  ARB>USDC.e@UniswapV3/500 USDC.e>ARB@PancakeV3/500 in=39.21 ARB gap=30.7bps profit=$0.008 net=$-0.003"}
{"level":30,"time":1790806862511,"pid":20658,"hostname":"vm","msg":"  ARB>USDC@UniswapV3/500 USDC>ARB@PancakeV3/100 in=12.30 ARB gap=50.3bps profit=$0.006 net=$-0.006"}
{"level":30,"time":1790806862511,"pid":20658,"hostname":"vm","msg":"  ARB>USDC@PancakeV3/500 USDC>ARB@PancakeV3/100 in=11.81 ARB gap=47.5bps profit=$0.005 net=$-0.006"}
{"level":30,"time":1790806862511,"pid":20658,"hostname":"vm","msg":"  ARB>USDC@UniswapV3/500 USDC>ARB@UniswapV3/100 in=15.16 ARB gap=37.9bps profit=$0.005 net=$-0.006"}
{"level":30,"time":1790806862511,"pid":20658,"hostname":"vm","msg":"  ARB>USDC@PancakeV3/500 USDC>ARB@UniswapV3/100 in=14.42 ARB gap=35.1bps profit=$0.004 net=$-0.007"}
{"level":30,"time":1790806863101,"pid":20658,"hostname":"vm","block":510476303,"gross":145,"net":0,"sumNetUsd":0,"gasPriceGwei":0.02,"txCostUsd":0.0134,"syncMs":136,"searchMs":148,"msg":"block scanned"}
{"level":30,"time":1790806863101,"pid":20658,"hostname":"vm","msg":"  ARB>USDC.e@UniswapV3/500 USDC.e>ARB@PancakeV3/500 in=39.21 ARB gap=30.7bps profit=$0.008 net=$-0.003"}
{"level":30,"time":1790806863101,"pid":20658,"hostname":"vm","msg":"  ARB>USDC@UniswapV3/500 USDC>ARB@PancakeV3/100 in=12.30 ARB gap=50.3bps profit=$0.006 net=$-0.006"}
{"level":30,"time":1790806863101,"pid":20658,"hostname":"vm","msg":"  ARB>USDC@PancakeV3/500 USDC>ARB@PancakeV3/100 in=11.81 ARB gap=47.5bps profit=$0.005 net=$-0.006"}
{"level":30,"time":1790806863101,"pid":20658,"hostname":"vm","msg":"  ARB>USDC@UniswapV3/500 USDC>ARB@UniswapV3/100 in=15.16 ARB gap=37.9bps profit=$0.005 net=$-0.006"}
{"level":30,"time":1790806863101,"pid":20658,"hostname":"vm","msg":"  ARB>USDC@PancakeV3/500 USDC>ARB@UniswapV3/100 in=14.42 ARB gap=35.1bps profit=$0.004 net=$-0.007"}
{"level":30,"time":1790806863666,"pid":20658,"hostname":"vm","block":510476305,"gross":145,"net":0,"sumNetUsd":0,"gasPriceGwei":0.020014,"txCostUsd":0.0134,"syncMs":125,"searchMs":125,"msg":"block scanned"}
{"level":30,"time":1790806863666,"pid":20658,"hostname":"vm","msg":"  ARB>USDC.e@UniswapV3/500 USDC.e>ARB@PancakeV3/500 in=39.21 ARB gap=30.7bps profit=$0.008 net=$-0.003"}
{"level":30,"time":1790806863666,"pid":20658,"hostname":"vm","msg":"  ARB>USDC@UniswapV3/500 USDC>ARB@PancakeV3/100 in=12.30 ARB gap=50.3bps profit=$0.006 net=$-0.006"}
{"level":30,"time":1790806863666,"pid":20658,"hostname":"vm","msg":"  ARB>USDC@PancakeV3/500 USDC>ARB@PancakeV3/100 in=11.81 ARB gap=47.5bps profit=$0.005 net=$-0.006"}
{"level":30,"time":1790806863666,"pid":20658,"hostname":"vm","msg":"  ARB>USDC@UniswapV3/500 USDC>ARB@UniswapV3/100 in=15.16 ARB gap=37.9bps profit=$0.005 net=$-0.006"}
{"level":30,"time":1790806863666,"pid":20658,"hostname":"vm","msg":"  ARB>USDC@PancakeV3/500 USDC>ARB@UniswapV3/100 in=14.42 ARB gap=35.1bps profit=$0.004 net=$-0.007"}
{"level":30,"time":1790806864237,"pid":20658,"hostname":"vm","block":510476307,"gross":145,"net":0,"sumNetUsd":0,"gasPriceGwei":0.020024,"txCostUsd":0.0134,"syncMs":136,"searchMs":124,"msg":"block scanned"}
{"level":30,"time":1790806864237,"pid":20658,"hostname":"vm","msg":"  ARB>USDC.e@UniswapV3/500 USDC.e>ARB@PancakeV3/500 in=39.21 ARB gap=30.7bps profit=$0.008 net=$-0.003"}
{"level":30,"time":1790806864237,"pid":20658,"hostname":"vm","msg":"  ARB>USDC@UniswapV3/500 USDC>ARB@PancakeV3/100 in=12.30 ARB gap=50.3bps profit=$0.006 net=$-0.006"}
{"level":30,"time":1790806864237,"pid":20658,"hostname":"vm","msg":"  ARB>USDC@PancakeV3/500 USDC>ARB@PancakeV3/100 in=11.81 ARB gap=47.5bps profit=$0.005 net=$-0.006"}
{"level":30,"time":1790806864237,"pid":20658,"hostname":"vm","msg":"  ARB>USDC@UniswapV3/500 USDC>ARB@UniswapV3/100 in=15.16 ARB gap=37.9bps profit=$0.005 net=$-0.006"}
{"level":30,"time":1790806864237,"pid":20658,"hostname":"vm","msg":"  ARB>USDC@PancakeV3/500 USDC>ARB@UniswapV3/100 in=14.42 ARB gap=35.1bps profit=$0.004 net=$-0.007"}
{"level":30,"time":1790806864822,"pid":20658,"hostname":"vm","block":510476309,"gross":145,"net":0,"sumNetUsd":0,"gasPriceGwei":0.02,"txCostUsd":0.0134,"syncMs":153,"searchMs":127,"msg":"block scanned"}
{"level":30,"time":1790806864822,"pid":20658,"hostname":"vm","msg":"  ARB>USDC.e@UniswapV3/500 USDC.e>ARB@PancakeV3/500 in=39.21 ARB gap=30.7bps profit=$0.008 net=$-0.003"}
{"level":30,"time":1790806864822,"pid":20658,"hostname":"vm","msg":"  ARB>USDC@UniswapV3/500 USDC>ARB@PancakeV3/100 in=12.30 ARB gap=50.3bps profit=$0.006 net=$-0.006"}
{"level":30,"time":1790806864822,"pid":20658,"hostname":"vm","msg":"  ARB>USDC@PancakeV3/500 USDC>ARB@PancakeV3/100 in=11.81 ARB gap=47.5bps profit=$0.005 net=$-0.006"}
{"level":30,"time":1790806864822,"pid":20658,"hostname":"vm","msg":"  ARB>USDC@UniswapV3/500 USDC>ARB@UniswapV3/100 in=15.16 ARB gap=37.9bps profit=$0.005 net=$-0.006"}
{"level":30,"time":1790806864822,"pid":20658,"hostname":"vm","msg":"  ARB>USDC@PancakeV3/500 USDC>ARB@UniswapV3/100 in=14.42 ARB gap=35.1bps profit=$0.004 net=$-0.007"}
{"level":30,"time":1790806865582,"pid":20658,"hostname":"vm","block":510476311,"gross":145,"net":0,"sumNetUsd":0,"gasPriceGwei":0.020076,"txCostUsd":0.0135,"syncMs":131,"searchMs":121,"msg":"block scanned"}
{"level":30,"time":1790806865582,"pid":20658,"hostname":"vm","msg":"  ARB>USDC.e@UniswapV3/500 USDC.e>ARB@PancakeV3/500 in=39.21 ARB gap=30.7bps profit=$0.008 net=$-0.003"}
{"level":30,"time":1790806865582,"pid":20658,"hostname":"vm","msg":"  ARB>USDC@UniswapV3/500 USDC>ARB@PancakeV3/100 in=12.30 ARB gap=50.3bps profit=$0.006 net=$-0.006"}
{"level":30,"time":1790806865582,"pid":20658,"hostname":"vm","msg":"  ARB>USDC@PancakeV3/500 USDC>ARB@PancakeV3/100 in=11.81 ARB gap=47.5bps profit=$0.005 net=$-0.006"}
{"level":30,"time":1790806865582,"pid":20658,"hostname":"vm","msg":"  ARB>USDC@UniswapV3/500 USDC>ARB@UniswapV3/100 in=15.16 ARB gap=37.9bps profit=$0.005 net=$-0.006"}
{"level":30,"time":1790806865582,"pid":20658,"hostname":"vm","msg":"  ARB>USDC@PancakeV3/500 USDC>ARB@UniswapV3/100 in=14.42 ARB gap=35.1bps profit=$0.004 net=$-0.007"}
{"level":30,"time":1790806865975,"pid":20658,"hostname":"vm","block":510476312,"gross":145,"net":0,"sumNetUsd":0,"gasPriceGwei":0.020004,"txCostUsd":0.0134,"syncMs":153,"searchMs":127,"msg":"block scanned"}
{"level":30,"time":1790806865975,"pid":20658,"hostname":"vm","msg":"  ARB>USDC.e@UniswapV3/500 USDC.e>ARB@PancakeV3/500 in=39.21 ARB gap=30.7bps profit=$0.008 net=$-0.003"}
{"level":30,"time":1790806865975,"pid":20658,"hostname":"vm","msg":"  ARB>USDC@UniswapV3/500 USDC>ARB@PancakeV3/100 in=12.30 ARB gap=50.3bps profit=$0.006 net=$-0.006"}
{"level":30,"time":1790806865975,"pid":20658,"hostname":"vm","msg":"  ARB>USDC@PancakeV3/500 USDC>ARB@PancakeV3/100 in=11.81 ARB gap=47.5bps profit=$0.005 net=$-0.006"}
{"level":30,"time":1790806865975,"pid":20658,"hostname":"vm","msg":"  ARB>USDC@UniswapV3/500 USDC>ARB@UniswapV3/100 in=15.16 ARB gap=37.9bps profit=$0.005 net=$-0.006"}
{"level":30,"time":1790806865975,"pid":20658,"hostname":"vm","msg":"  ARB>USDC@PancakeV3/500 USDC>ARB@UniswapV3/100 in=14.42 ARB gap=35.1bps profit=$0.004 net=$-0.007"}
{"level":30,"time":1790806866565,"pid":20658,"hostname":"vm","block":510476314,"gross":145,"net":0,"sumNetUsd":0,"gasPriceGwei":0.020014,"txCostUsd":0.0134,"syncMs":156,"searchMs":127,"msg":"block scanned"}
{"level":30,"time":1790806866565,"pid":20658,"hostname":"vm","msg":"  ARB>USDC.e@UniswapV3/500 USDC.e>ARB@PancakeV3/500 in=39.21 ARB gap=30.7bps profit=$0.008 net=$-0.003"}
{"level":30,"time":1790806866565,"pid":20658,"hostname":"vm","msg":"  ARB>USDC@UniswapV3/500 USDC>ARB@PancakeV3/100 in=12.30 ARB gap=50.3bps profit=$0.006 net=$-0.006"}
{"level":30,"time":1790806866565,"pid":20658,"hostname":"vm","msg":"  ARB>USDC@PancakeV3/500 USDC>ARB@PancakeV3/100 in=11.81 ARB gap=47.5bps profit=$0.005 net=$-0.006"}
{"level":30,"time":1790806866565,"pid":20658,"hostname":"vm","msg":"  ARB>USDC@UniswapV3/500 USDC>ARB@UniswapV3/100 in=15.16 ARB gap=37.9bps profit=$0.005 net=$-0.006"}
{"level":30,"time":1790806866565,"pid":20658,"hostname":"vm","msg":"  ARB>USDC@PancakeV3/500 USDC>ARB@UniswapV3/100 in=14.42 ARB gap=35.1bps profit=$0.004 net=$-0.007"}
{"level":30,"time":1790806867127,"pid":20658,"hostname":"vm","block":510476316,"gross":145,"net":0,"sumNetUsd":0,"gasPriceGwei":0.020004,"txCostUsd":0.0134,"syncMs":131,"searchMs":121,"msg":"block scanned"}
{"level":30,"time":1790806867127,"pid":20658,"hostname":"vm","msg":"  ARB>USDC.e@UniswapV3/500 USDC.e>ARB@PancakeV3/500 in=39.21 ARB gap=30.7bps profit=$0.008 net=$-0.003"}
{"level":30,"time":1790806867127,"pid":20658,"hostname":"vm","msg":"  ARB>USDC@UniswapV3/500 USDC>ARB@PancakeV3/100 in=12.30 ARB gap=50.3bps profit=$0.006 net=$-0.006"}
{"level":30,"time":1790806867127,"pid":20658,"hostname":"vm","msg":"  ARB>USDC@PancakeV3/500 USDC>ARB@PancakeV3/100 in=11.81 ARB gap=47.5bps profit=$0.005 net=$-0.006"}
{"level":30,"time":1790806867127,"pid":20658,"hostname":"vm","msg":"  ARB>USDC@UniswapV3/500 USDC>ARB@UniswapV3/100 in=15.16 ARB gap=37.9bps profit=$0.005 net=$-0.006"}
{"level":30,"time":1790806867127,"pid":20658,"hostname":"vm","msg":"  ARB>USDC@PancakeV3/500 USDC>ARB@UniswapV3/100 in=14.42 ARB gap=35.1bps profit=$0.004 net=$-0.007"}
{"level":30,"time":1790806867701,"pid":20658,"hostname":"vm","block":510476318,"gross":145,"net":0,"sumNetUsd":0,"gasPriceGwei":0.02,"txCostUsd":0.0134,"syncMs":136,"searchMs":135,"msg":"block scanned"}
{"level":30,"time":1790806867701,"pid":20658,"hostname":"vm","msg":"  ARB>USDC.e@UniswapV3/500 USDC.e>ARB@PancakeV3/500 in=39.21 ARB gap=30.7bps profit=$0.008 net=$-0.003"}
{"level":30,"time":1790806867701,"pid":20658,"hostname":"vm","msg":"  ARB>USDC@UniswapV3/500 USDC>ARB@PancakeV3/100 in=12.30 ARB gap=50.3bps profit=$0.006 net=$-0.006"}
{"level":30,"time":1790806867701,"pid":20658,"hostname":"vm","msg":"  ARB>USDC@PancakeV3/500 USDC>ARB@PancakeV3/100 in=11.81 ARB gap=47.5bps profit=$0.005 net=$-0.006"}
{"level":30,"time":1790806867701,"pid":20658,"hostname":"vm","msg":"  ARB>USDC@UniswapV3/500 USDC>ARB@UniswapV3/100 in=15.16 ARB gap=37.9bps profit=$0.005 net=$-0.006"}
{"level":30,"time":1790806867701,"pid":20658,"hostname":"vm","msg":"  ARB>USDC@PancakeV3/500 USDC>ARB@UniswapV3/100 in=14.42 ARB gap=35.1bps profit=$0.004 net=$-0.007"}
{"level":30,"time":1790806868276,"pid":20658,"hostname":"vm","block":510476319,"gross":145,"net":0,"sumNetUsd":0,"gasPriceGwei":0.02007,"txCostUsd":0.0135,"syncMs":147,"searchMs":123,"msg":"block scanned"}
{"level":30,"time":1790806868276,"pid":20658,"hostname":"vm","msg":"  ARB>USDC.e@UniswapV3/500 USDC.e>ARB@PancakeV3/500 in=39.21 ARB gap=30.7bps profit=$0.008 net=$-0.003"}
{"level":30,"time":1790806868276,"pid":20658,"hostname":"vm","msg":"  ARB>USDC@UniswapV3/500 USDC>ARB@PancakeV3/100 in=12.30 ARB gap=50.3bps profit=$0.006 net=$-0.006"}
{"level":30,"time":1790806868276,"pid":20658,"hostname":"vm","msg":"  ARB>USDC@PancakeV3/500 USDC>ARB@PancakeV3/100 in=11.81 ARB gap=47.5bps profit=$0.005 net=$-0.006"}
{"level":30,"time":1790806868276,"pid":20658,"hostname":"vm","msg":"  ARB>USDC@UniswapV3/500 USDC>ARB@UniswapV3/100 in=15.16 ARB gap=37.9bps profit=$0.005 net=$-0.006"}
{"level":30,"time":1790806868276,"pid":20658,"hostname":"vm","msg":"  ARB>USDC@PancakeV3/500 USDC>ARB@UniswapV3/100 in=14.42 ARB gap=35.1bps profit=$0.004 net=$-0.007"}
{"level":30,"time":1790806896437,"pid":20658,"hostname":"vm","block":510476320,"gross":146,"net":0,"sumNetUsd":0,"gasPriceGwei":0.020046,"txCostUsd":0.0134,"syncMs":27718,"searchMs":138,"msg":"block scanned"}
{"level":30,"time":1790806896438,"pid":20658,"hostname":"vm","msg":"  ARB>USDC.e@UniswapV3/500 USDC.e>ARB@PancakeV3/500 in=39.21 ARB gap=30.7bps profit=$0.008 net=$-0.003"}
{"level":30,"time":1790806896438,"pid":20658,"hostname":"vm","msg":"  ARB>USDC@UniswapV3/500 USDC>ARB@PancakeV3/100 in=12.30 ARB gap=50.3bps profit=$0.006 net=$-0.006"}
{"level":30,"time":1790806896438,"pid":20658,"hostname":"vm","msg":"  ARB>USDC@PancakeV3/500 USDC>ARB@PancakeV3/100 in=11.81 ARB gap=47.5bps profit=$0.005 net=$-0.006"}
{"level":30,"time":1790806896438,"pid":20658,"hostname":"vm","msg":"  ARB>USDC@UniswapV3/500 USDC>ARB@UniswapV3/100 in=15.16 ARB gap=37.9bps profit=$0.005 net=$-0.006"}
{"level":30,"time":1790806896438,"pid":20658,"hostname":"vm","msg":"  ARB>USDC@PancakeV3/500 USDC>ARB@UniswapV3/100 in=14.42 ARB gap=35.1bps profit=$0.004 net=$-0.007"}
{"level":30,"time":1790806896769,"pid":20658,"hostname":"vm","block":510476416,"gross":146,"net":0,"sumNetUsd":0,"gasPriceGwei":0.020046,"txCostUsd":0.0134,"syncMs":96,"searchMs":131,"msg":"block scanned"}
{"level":30,"time":1790806896769,"pid":20658,"hostname":"vm","msg":"  ARB>USDC.e@UniswapV3/500 USDC.e>ARB@PancakeV3/500 in=39.21 ARB gap=30.7bps profit=$0.008 net=$-0.003"}
{"level":30,"time":1790806896769,"pid":20658,"hostname":"vm","msg":"  ARB>USDC@UniswapV3/500 USDC>ARB@PancakeV3/100 in=12.30 ARB gap=50.3bps profit=$0.006 net=$-0.006"}
{"level":30,"time":1790806896769,"pid":20658,"hostname":"vm","msg":"  ARB>USDC@PancakeV3/500 USDC>ARB@PancakeV3/100 in=11.81 ARB gap=47.5bps profit=$0.005 net=$-0.006"}
{"level":30,"time":1790806896769,"pid":20658,"hostname":"vm","msg":"  ARB>USDC@UniswapV3/500 USDC>ARB@UniswapV3/100 in=15.16 ARB gap=37.9bps profit=$0.005 net=$-0.006"}
{"level":30,"time":1790806896769,"pid":20658,"hostname":"vm","msg":"  ARB>USDC@PancakeV3/500 USDC>ARB@UniswapV3/100 in=14.42 ARB gap=35.1bps profit=$0.004 net=$-0.007"}
{"level":30,"time":1790806897455,"pid":20658,"hostname":"vm","block":510476418,"gross":146,"net":0,"sumNetUsd":0,"gasPriceGwei":0.020004,"txCostUsd":0.0134,"syncMs":123,"searchMs":145,"msg":"block scanned"}
{"level":30,"time":1790806897455,"pid":20658,"hostname":"vm","msg":"  ARB>USDC.e@UniswapV3/500 USDC.e>ARB@PancakeV3/500 in=39.21 ARB gap=30.7bps profit=$0.008 net=$-0.003"}
{"level":30,"time":1790806897455,"pid":20658,"hostname":"vm","msg":"  ARB>USDC@UniswapV3/500 USDC>ARB@PancakeV3/100 in=12.30 ARB gap=50.3bps profit=$0.006 net=$-0.006"}
{"level":30,"time":1790806897455,"pid":20658,"hostname":"vm","msg":"  ARB>USDC@PancakeV3/500 USDC>ARB@PancakeV3/100 in=11.81 ARB gap=47.5bps profit=$0.005 net=$-0.006"}
{"level":30,"time":1790806897455,"pid":20658,"hostname":"vm","msg":"  ARB>USDC@UniswapV3/500 USDC>ARB@UniswapV3/100 in=15.16 ARB gap=37.9bps profit=$0.005 net=$-0.006"}
{"level":30,"time":1790806897455,"pid":20658,"hostname":"vm","msg":"  ARB>USDC@PancakeV3/500 USDC>ARB@UniswapV3/100 in=14.42 ARB gap=35.1bps profit=$0.004 net=$-0.007"}
{"level":30,"time":1790806898008,"pid":20658,"hostname":"vm","block":510476419,"gross":146,"net":0,"sumNetUsd":0,"gasPriceGwei":0.02,"txCostUsd":0.0134,"syncMs":116,"searchMs":124,"msg":"block scanned"}
{"level":30,"time":1790806898008,"pid":20658,"hostname":"vm","msg":"  ARB>USDC.e@UniswapV3/500 USDC.e>ARB@PancakeV3/500 in=39.21 ARB gap=30.7bps profit=$0.008 net=$-0.003"}
{"level":30,"time":1790806898008,"pid":20658,"hostname":"vm","msg":"  ARB>USDC@UniswapV3/500 USDC>ARB@PancakeV3/100 in=12.30 ARB gap=50.3bps profit=$0.006 net=$-0.006"}
{"level":30,"time":1790806898008,"pid":20658,"hostname":"vm","msg":"  ARB>USDC@PancakeV3/500 USDC>ARB@PancakeV3/100 in=11.81 ARB gap=47.5bps profit=$0.005 net=$-0.006"}
{"level":30,"time":1790806898008,"pid":20658,"hostname":"vm","msg":"  ARB>USDC@UniswapV3/500 USDC>ARB@UniswapV3/100 in=15.16 ARB gap=37.9bps profit=$0.005 net=$-0.006"}
{"level":30,"time":1790806898008,"pid":20658,"hostname":"vm","msg":"  ARB>USDC@PancakeV3/500 USDC>ARB@UniswapV3/100 in=14.42 ARB gap=35.1bps profit=$0.004 net=$-0.007"}
{"level":30,"time":1790806898682,"pid":20658,"hostname":"vm","block":510476423,"gross":146,"net":0,"sumNetUsd":0,"gasPriceGwei":0.020052,"txCostUsd":0.0134,"syncMs":147,"searchMs":126,"msg":"block scanned"}
{"level":30,"time":1790806898682,"pid":20658,"hostname":"vm","msg":"  ARB>USDC.e@UniswapV3/500 USDC.e>ARB@PancakeV3/500 in=39.21 ARB gap=30.7bps profit=$0.008 net=$-0.003"}
{"level":30,"time":1790806898682,"pid":20658,"hostname":"vm","msg":"  ARB>USDC@UniswapV3/500 USDC>ARB@PancakeV3/100 in=12.30 ARB gap=50.3bps profit=$0.006 net=$-0.006"}
{"level":30,"time":1790806898682,"pid":20658,"hostname":"vm","msg":"  ARB>USDC@PancakeV3/500 USDC>ARB@PancakeV3/100 in=11.81 ARB gap=47.5bps profit=$0.005 net=$-0.006"}
{"level":30,"time":1790806898682,"pid":20658,"hostname":"vm","msg":"  ARB>USDC@UniswapV3/500 USDC>ARB@UniswapV3/100 in=15.16 ARB gap=37.9bps profit=$0.005 net=$-0.006"}
{"level":30,"time":1790806898682,"pid":20658,"hostname":"vm","msg":"  ARB>USDC@PancakeV3/500 USDC>ARB@UniswapV3/100 in=14.42 ARB gap=35.1bps profit=$0.004 net=$-0.007"}
{"level":30,"time":1790806899246,"pid":20658,"hostname":"vm","block":510476425,"gross":146,"net":0,"sumNetUsd":0,"gasPriceGwei":0.020012,"txCostUsd":0.0134,"syncMs":135,"searchMs":121,"msg":"block scanned"}
{"level":30,"time":1790806899246,"pid":20658,"hostname":"vm","msg":"  ARB>USDC.e@UniswapV3/500 USDC.e>ARB@PancakeV3/500 in=39.21 ARB gap=30.7bps profit=$0.008 net=$-0.003"}
{"level":30,"time":1790806899246,"pid":20658,"hostname":"vm","msg":"  ARB>USDC@UniswapV3/500 USDC>ARB@PancakeV3/100 in=12.30 ARB gap=50.3bps profit=$0.006 net=$-0.006"}
{"level":30,"time":1790806899247,"pid":20658,"hostname":"vm","msg":"  ARB>USDC@PancakeV3/500 USDC>ARB@PancakeV3/100 in=11.81 ARB gap=47.5bps profit=$0.005 net=$-0.006"}
{"level":30,"time":1790806899247,"pid":20658,"hostname":"vm","msg":"  ARB>USDC@UniswapV3/500 USDC>ARB@UniswapV3/100 in=15.16 ARB gap=37.9bps profit=$0.005 net=$-0.006"}
{"level":30,"time":1790806899247,"pid":20658,"hostname":"vm","msg":"  ARB>USDC@PancakeV3/500 USDC>ARB@UniswapV3/100 in=14.42 ARB gap=35.1bps profit=$0.004 net=$-0.007"}
{"level":30,"time":1790806899843,"pid":20658,"hostname":"vm","block":510476426,"gross":148,"net":0,"sumNetUsd":0,"gasPriceGwei":0.020012,"txCostUsd":0.0134,"syncMs":171,"searchMs":119,"msg":"block scanned"}
{"level":30,"time":1790806899843,"pid":20658,"hostname":"vm","msg":"  ARB>USDC.e@UniswapV3/500 USDC.e>ARB@PancakeV3/500 in=39.21 ARB gap=30.7bps profit=$0.008 net=$-0.003"}
{"level":30,"time":1790806899843,"pid":20658,"hostname":"vm","msg":"  ARB>USDC@UniswapV3/500 USDC>ARB@PancakeV3/100 in=12.30 ARB gap=50.3bps profit=$0.006 net=$-0.006"}
{"level":30,"time":1790806899843,"pid":20658,"hostname":"vm","msg":"  ARB>USDC@PancakeV3/500 USDC>ARB@PancakeV3/100 in=11.81 ARB gap=47.5bps profit=$0.005 net=$-0.006"}
{"level":30,"time":1790806899843,"pid":20658,"hostname":"vm","msg":"  ARB>USDC@UniswapV3/500 USDC>ARB@UniswapV3/100 in=15.16 ARB gap=37.9bps profit=$0.005 net=$-0.006"}
{"level":30,"time":1790806899843,"pid":20658,"hostname":"vm","msg":"  ARB>USDC@PancakeV3/500 USDC>ARB@UniswapV3/100 in=14.42 ARB gap=35.1bps profit=$0.004 net=$-0.007"}
{"level":30,"time":1790806900408,"pid":20658,"hostname":"vm","block":510476427,"gross":148,"net":0,"sumNetUsd":0,"gasPriceGwei":0.020046,"txCostUsd":0.0134,"syncMs":137,"searchMs":123,"msg":"block scanned"}
{"level":30,"time":1790806900408,"pid":20658,"hostname":"vm","msg":"  ARB>USDC.e@UniswapV3/500 USDC.e>ARB@PancakeV3/500 in=39.21 ARB gap=30.7bps profit=$0.008 net=$-0.003"}
{"level":30,"time":1790806900408,"pid":20658,"hostname":"vm","msg":"  ARB>USDC@UniswapV3/500 USDC>ARB@PancakeV3/100 in=12.30 ARB gap=50.3bps profit=$0.006 net=$-0.006"}
{"level":30,"time":1790806900408,"pid":20658,"hostname":"vm","msg":"  ARB>USDC@PancakeV3/500 USDC>ARB@PancakeV3/100 in=11.81 ARB gap=47.5bps profit=$0.005 net=$-0.006"}
{"level":30,"time":1790806900408,"pid":20658,"hostname":"vm","msg":"  ARB>USDC@UniswapV3/500 USDC>ARB@UniswapV3/100 in=15.16 ARB gap=37.9bps profit=$0.005 net=$-0.006"}
{"level":30,"time":1790806900408,"pid":20658,"hostname":"vm","msg":"  ARB>USDC@PancakeV3/500 USDC>ARB@UniswapV3/100 in=14.42 ARB gap=35.1bps profit=$0.004 net=$-0.007"}
{"level":30,"time":1790806901001,"pid":20658,"hostname":"vm","block":510476428,"gross":148,"net":0,"sumNetUsd":0,"gasPriceGwei":0.020024,"txCostUsd":0.0134,"syncMs":139,"searchMs":146,"msg":"block scanned"}
{"level":30,"time":1790806901001,"pid":20658,"hostname":"vm","msg":"  ARB>USDC.e@UniswapV3/500 USDC.e>ARB@PancakeV3/500 in=39.21 ARB gap=30.7bps profit=$0.008 net=$-0.003"}
{"level":30,"time":1790806901001,"pid":20658,"hostname":"vm","msg":"  ARB>USDC@UniswapV3/500 USDC>ARB@PancakeV3/100 in=12.30 ARB gap=50.3bps profit=$0.006 net=$-0.006"}
{"level":30,"time":1790806901001,"pid":20658,"hostname":"vm","msg":"  ARB>USDC@PancakeV3/500 USDC>ARB@PancakeV3/100 in=11.81 ARB gap=47.5bps profit=$0.005 net=$-0.006"}
{"level":30,"time":1790806901001,"pid":20658,"hostname":"vm","msg":"  ARB>USDC@UniswapV3/500 USDC>ARB@UniswapV3/100 in=15.16 ARB gap=37.9bps profit=$0.005 net=$-0.006"}
{"level":30,"time":1790806901001,"pid":20658,"hostname":"vm","msg":"  ARB>USDC@PancakeV3/500 USDC>ARB@UniswapV3/100 in=14.42 ARB gap=35.1bps profit=$0.004 net=$-0.007"}
{"level":30,"time":1790806901614,"pid":20658,"hostname":"vm","block":510476431,"gross":148,"net":0,"sumNetUsd":0,"gasPriceGwei":0.020032,"txCostUsd":0.0134,"syncMs":135,"searchMs":150,"msg":"block scanned"}
{"level":30,"time":1790806901614,"pid":20658,"hostname":"vm","msg":"  ARB>USDC.e@UniswapV3/500 USDC.e>ARB@PancakeV3/500 in=39.21 ARB gap=30.7bps profit=$0.008 net=$-0.003"}
{"level":30,"time":1790806901614,"pid":20658,"hostname":"vm","msg":"  ARB>USDC@UniswapV3/500 USDC>ARB@PancakeV3/100 in=12.30 ARB gap=50.3bps profit=$0.006 net=$-0.006"}
{"level":30,"time":1790806901614,"pid":20658,"hostname":"vm","msg":"  ARB>USDC@PancakeV3/500 USDC>ARB@PancakeV3/100 in=11.81 ARB gap=47.5bps profit=$0.005 net=$-0.006"}
{"level":30,"time":1790806901614,"pid":20658,"hostname":"vm","msg":"  ARB>USDC@UniswapV3/500 USDC>ARB@UniswapV3/100 in=15.16 ARB gap=37.9bps profit=$0.005 net=$-0.006"}
{"level":30,"time":1790806901614,"pid":20658,"hostname":"vm","msg":"  ARB>USDC@PancakeV3/500 USDC>ARB@UniswapV3/100 in=14.42 ARB gap=35.1bps profit=$0.004 net=$-0.007"}
{"level":30,"time":1790806902168,"pid":20658,"hostname":"vm","block":510476432,"gross":148,"net":0,"sumNetUsd":0,"gasPriceGwei":0.020012,"txCostUsd":0.0134,"syncMs":132,"searchMs":120,"msg":"block scanned"}
{"level":30,"time":1790806902168,"pid":20658,"hostname":"vm","msg":"  ARB>USDC.e@UniswapV3/500 USDC.e>ARB@PancakeV3/500 in=39.21 ARB gap=30.7bps profit=$0.008 net=$-0.003"}
{"level":30,"time":1790806902168,"pid":20658,"hostname":"vm","msg":"  ARB>USDC@UniswapV3/500 USDC>ARB@PancakeV3/100 in=12.30 ARB gap=50.3bps profit=$0.006 net=$-0.006"}
{"level":30,"time":1790806902168,"pid":20658,"hostname":"vm","msg":"  ARB>USDC@PancakeV3/500 USDC>ARB@PancakeV3/100 in=11.81 ARB gap=47.5bps profit=$0.005 net=$-0.006"}
{"level":30,"time":1790806902168,"pid":20658,"hostname":"vm","msg":"  ARB>USDC@UniswapV3/500 USDC>ARB@UniswapV3/100 in=15.16 ARB gap=37.9bps profit=$0.005 net=$-0.006"}
{"level":30,"time":1790806902168,"pid":20658,"hostname":"vm","msg":"  ARB>USDC@PancakeV3/500 USDC>ARB@UniswapV3/100 in=14.42 ARB gap=35.1bps profit=$0.004 net=$-0.007"}
{"level":30,"time":1790806902727,"pid":20658,"hostname":"vm","block":510476434,"gross":148,"net":0,"sumNetUsd":0,"gasPriceGwei":0.02,"txCostUsd":0.0134,"syncMs":132,"searchMs":124,"msg":"block scanned"}
{"level":30,"time":1790806902727,"pid":20658,"hostname":"vm","msg":"  ARB>USDC.e@UniswapV3/500 USDC.e>ARB@PancakeV3/500 in=39.21 ARB gap=30.7bps profit=$0.008 net=$-0.003"}
{"level":30,"time":1790806902727,"pid":20658,"hostname":"vm","msg":"  ARB>USDC@UniswapV3/500 USDC>ARB@PancakeV3/100 in=12.30 ARB gap=50.3bps profit=$0.006 net=$-0.006"}
{"level":30,"time":1790806902727,"pid":20658,"hostname":"vm","msg":"  ARB>USDC@PancakeV3/500 USDC>ARB@PancakeV3/100 in=11.81 ARB gap=47.5bps profit=$0.005 net=$-0.006"}
{"level":30,"time":1790806902727,"pid":20658,"hostname":"vm","msg":"  ARB>USDC@UniswapV3/500 USDC>ARB@UniswapV3/100 in=15.16 ARB gap=37.9bps profit=$0.005 net=$-0.006"}
{"level":30,"time":1790806902727,"pid":20658,"hostname":"vm","msg":"  ARB>USDC@PancakeV3/500 USDC>ARB@UniswapV3/100 in=14.42 ARB gap=35.1bps profit=$0.004 net=$-0.007"}
{"level":30,"time":1790806903336,"pid":20658,"hostname":"vm","block":510476436,"gross":148,"net":0,"sumNetUsd":0,"gasPriceGwei":0.020078,"txCostUsd":0.0135,"syncMs":138,"searchMs":159,"msg":"block scanned"}
{"level":30,"time":1790806903336,"pid":20658,"hostname":"vm","msg":"  ARB>USDC.e@UniswapV3/500 USDC.e>ARB@PancakeV3/500 in=39.21 ARB gap=30.7bps profit=$0.008 net=$-0.003"}
{"level":30,"time":1790806903336,"pid":20658,"hostname":"vm","msg":"  ARB>USDC@UniswapV3/500 USDC>ARB@PancakeV3/100 in=12.30 ARB gap=50.3bps profit=$0.006 net=$-0.006"}
{"level":30,"time":1790806903336,"pid":20658,"hostname":"vm","msg":"  ARB>USDC@PancakeV3/500 USDC>ARB@PancakeV3/100 in=11.81 ARB gap=47.5bps profit=$0.005 net=$-0.006"}
{"level":30,"time":1790806903336,"pid":20658,"hostname":"vm","msg":"  ARB>USDC@UniswapV3/500 USDC>ARB@UniswapV3/100 in=15.16 ARB gap=37.9bps profit=$0.005 net=$-0.006"}
{"level":30,"time":1790806903336,"pid":20658,"hostname":"vm","msg":"  ARB>USDC@PancakeV3/500 USDC>ARB@UniswapV3/100 in=14.42 ARB gap=35.1bps profit=$0.004 net=$-0.007"}
{"level":30,"time":1790806903880,"pid":20658,"hostname":"vm","block":510476438,"gross":148,"net":0,"sumNetUsd":0,"gasPriceGwei":0.02,"txCostUsd":0.0134,"syncMs":120,"searchMs":122,"msg":"block scanned"}
{"level":30,"time":1790806903881,"pid":20658,"hostname":"vm","msg":"  ARB>USDC.e@UniswapV3/500 USDC.e>ARB@PancakeV3/500 in=39.21 ARB gap=30.7bps profit=$0.008 net=$-0.003"}
{"level":30,"time":1790806903881,"pid":20658,"hostname":"vm","msg":"  ARB>USDC@UniswapV3/500 USDC>ARB@PancakeV3/100 in=12.30 ARB gap=50.3bps profit=$0.006 net=$-0.006"}
{"level":30,"time":1790806903881,"pid":20658,"hostname":"vm","msg":"  ARB>USDC@PancakeV3/500 USDC>ARB@PancakeV3/100 in=11.81 ARB gap=47.5bps profit=$0.005 net=$-0.006"}
{"level":30,"time":1790806903881,"pid":20658,"hostname":"vm","msg":"  ARB>USDC@UniswapV3/500 USDC>ARB@UniswapV3/100 in=15.16 ARB gap=37.9bps profit=$0.005 net=$-0.006"}
{"level":30,"time":1790806903881,"pid":20658,"hostname":"vm","msg":"  ARB>USDC@PancakeV3/500 USDC>ARB@UniswapV3/100 in=14.42 ARB gap=35.1bps profit=$0.004 net=$-0.007"}
{"level":30,"time":1790806904556,"pid":20658,"hostname":"vm","block":510476441,"gross":148,"net":0,"sumNetUsd":0,"gasPriceGwei":0.02006,"txCostUsd":0.0135,"syncMs":138,"searchMs":124,"msg":"block scanned"}
{"level":30,"time":1790806904556,"pid":20658,"hostname":"vm","msg":"  ARB>USDC.e@UniswapV3/500 USDC.e>ARB@PancakeV3/500 in=39.21 ARB gap=30.7bps profit=$0.008 net=$-0.003"}
{"level":30,"time":1790806904556,"pid":20658,"hostname":"vm","msg":"  ARB>USDC@UniswapV3/500 USDC>ARB@PancakeV3/100 in=12.30 ARB gap=50.3bps profit=$0.006 net=$-0.006"}
{"level":30,"time":1790806904556,"pid":20658,"hostname":"vm","msg":"  ARB>USDC@PancakeV3/500 USDC>ARB@PancakeV3/100 in=11.81 ARB gap=47.5bps profit=$0.005 net=$-0.006"}
{"level":30,"time":1790806904556,"pid":20658,"hostname":"vm","msg":"  ARB>USDC@UniswapV3/500 USDC>ARB@UniswapV3/100 in=15.16 ARB gap=37.9bps profit=$0.005 net=$-0.006"}
{"level":30,"time":1790806904556,"pid":20658,"hostname":"vm","msg":"  ARB>USDC@PancakeV3/500 USDC>ARB@UniswapV3/100 in=14.42 ARB gap=35.1bps profit=$0.004 net=$-0.007"}
{"level":30,"time":1790806941509,"pid":20658,"hostname":"vm","block":510476443,"gross":148,"net":0,"sumNetUsd":0,"gasPriceGwei":0.02001,"txCostUsd":0.0134,"syncMs":36526,"searchMs":123,"msg":"block scanned"}
{"level":30,"time":1790806941509,"pid":20658,"hostname":"vm","msg":"  ARB>USDC.e@UniswapV3/500 USDC.e>ARB@PancakeV3/500 in=39.21 ARB gap=30.7bps profit=$0.008 net=$-0.003"}
{"level":30,"time":1790806941509,"pid":20658,"hostname":"vm","msg":"  ARB>USDC@UniswapV3/500 USDC>ARB@PancakeV3/100 in=12.30 ARB gap=50.3bps profit=$0.006 net=$-0.006"}
{"level":30,"time":1790806941509,"pid":20658,"hostname":"vm","msg":"  ARB>USDC@PancakeV3/500 USDC>ARB@PancakeV3/100 in=11.81 ARB gap=47.5bps profit=$0.005 net=$-0.006"}
{"level":30,"time":1790806941509,"pid":20658,"hostname":"vm","msg":"  ARB>USDC@UniswapV3/500 USDC>ARB@UniswapV3/100 in=15.16 ARB gap=37.9bps profit=$0.005 net=$-0.006"}
{"level":30,"time":1790806941509,"pid":20658,"hostname":"vm","msg":"  ARB>USDC@PancakeV3/500 USDC>ARB@UniswapV3/100 in=14.42 ARB gap=35.1bps profit=$0.004 net=$-0.007"}
{"level":30,"time":1790806941868,"pid":20658,"hostname":"vm","block":510476570,"gross":155,"net":2,"sumNetUsd":0.005,"gasPriceGwei":0.02,"txCostUsd":0.0134,"syncMs":122,"searchMs":126,"msg":"block scanned"}
{"level":30,"time":1790806941869,"pid":20658,"hostname":"vm","msg":"  ARB>USDC.e@UniswapV3/500 USDC.e>ARB@PancakeV3/500 in=50.37 ARB gap=36.6bps profit=$0.014 net=$0.002"}
{"level":30,"time":1790806941869,"pid":20658,"hostname":"vm","msg":"  ARB>USDC@PancakeV3/500 USDC>ARB@PancakeV3/100 in=13.25 ARB gap=52.6bps profit=$0.006 net=$-0.005"}
{"level":30,"time":1790806941869,"pid":20658,"hostname":"vm","msg":"  ARB>USDC@PancakeV3/500 USDC>ARB@UniswapV3/100 in=16.92 ARB gap=40.2bps profit=$0.006 net=$-0.005"}
{"level":30,"time":1790806941869,"pid":20658,"hostname":"vm","msg":"  ARB>USDC@UniswapV3/500 USDC>ARB@PancakeV3/100 in=12.30 ARB gap=50.3bps profit=$0.006 net=$-0.006"}
{"level":30,"time":1790806941869,"pid":20658,"hostname":"vm","msg":"  ARB>USDC@UniswapV3/500 USDC>ARB@UniswapV3/100 in=15.16 ARB gap=37.9bps profit=$0.005 net=$-0.006"}
{"level":30,"time":1790806942439,"pid":20658,"hostname":"vm","block":510476572,"gross":155,"net":2,"sumNetUsd":0.005,"gasPriceGwei":0.020034,"txCostUsd":0.0134,"syncMs":148,"searchMs":124,"msg":"block scanned"}
{"level":30,"time":1790806942439,"pid":20658,"hostname":"vm","msg":"  ARB>USDC.e@UniswapV3/500 USDC.e>ARB@PancakeV3/500 in=50.37 ARB gap=36.6bps profit=$0.014 net=$0.002"}
{"level":30,"time":1790806942439,"pid":20658,"hostname":"vm","msg":"  ARB>USDC@PancakeV3/500 USDC>ARB@PancakeV3/100 in=13.25 ARB gap=52.6bps profit=$0.006 net=$-0.005"}
{"level":30,"time":1790806942439,"pid":20658,"hostname":"vm","msg":"  ARB>USDC@PancakeV3/500 USDC>ARB@UniswapV3/100 in=16.92 ARB gap=40.2bps profit=$0.006 net=$-0.005"}
{"level":30,"time":1790806942439,"pid":20658,"hostname":"vm","msg":"  ARB>USDC@UniswapV3/500 USDC>ARB@PancakeV3/100 in=12.30 ARB gap=50.3bps profit=$0.006 net=$-0.006"}
{"level":30,"time":1790806942439,"pid":20658,"hostname":"vm","msg":"  ARB>USDC@UniswapV3/500 USDC>ARB@UniswapV3/100 in=15.16 ARB gap=37.9bps profit=$0.005 net=$-0.006"}
{"level":30,"time":1790806943012,"pid":20658,"hostname":"vm","block":510476574,"gross":155,"net":2,"sumNetUsd":0.005,"gasPriceGwei":0.020012,"txCostUsd":0.0134,"syncMs":142,"searchMs":123,"msg":"block scanned"}
{"level":30,"time":1790806943012,"pid":20658,"hostname":"vm","msg":"  ARB>USDC.e@UniswapV3/500 USDC.e>ARB@PancakeV3/500 in=50.37 ARB gap=36.6bps profit=$0.014 net=$0.002"}
{"level":30,"time":1790806943012,"pid":20658,"hostname":"vm","msg":"  ARB>USDC@PancakeV3/500 USDC>ARB@PancakeV3/100 in=13.25 ARB gap=52.6bps profit=$0.006 net=$-0.005"}
{"level":30,"time":1790806943012,"pid":20658,"hostname":"vm","msg":"  ARB>USDC@PancakeV3/500 USDC>ARB@UniswapV3/100 in=16.92 ARB gap=40.2bps profit=$0.006 net=$-0.005"}
{"level":30,"time":1790806943012,"pid":20658,"hostname":"vm","msg":"  ARB>USDC@UniswapV3/500 USDC>ARB@PancakeV3/100 in=12.30 ARB gap=50.3bps profit=$0.006 net=$-0.006"}
{"level":30,"time":1790806943012,"pid":20658,"hostname":"vm","msg":"  ARB>USDC@UniswapV3/500 USDC>ARB@UniswapV3/100 in=15.16 ARB gap=37.9bps profit=$0.005 net=$-0.006"}
{"level":30,"time":1790806943598,"pid":20658,"hostname":"vm","block":510476576,"gross":155,"net":2,"sumNetUsd":0.005,"gasPriceGwei":0.02,"txCostUsd":0.0134,"syncMs":146,"searchMs":130,"msg":"block scanned"}
{"level":30,"time":1790806943598,"pid":20658,"hostname":"vm","msg":"  ARB>USDC.e@UniswapV3/500 USDC.e>ARB@PancakeV3/500 in=50.37 ARB gap=36.6bps profit=$0.014 net=$0.002"}
{"level":30,"time":1790806943598,"pid":20658,"hostname":"vm","msg":"  ARB>USDC@PancakeV3/500 USDC>ARB@PancakeV3/100 in=13.25 ARB gap=52.6bps profit=$0.006 net=$-0.005"}
{"level":30,"time":1790806943598,"pid":20658,"hostname":"vm","msg":"  ARB>USDC@PancakeV3/500 USDC>ARB@UniswapV3/100 in=16.92 ARB gap=40.2bps profit=$0.006 net=$-0.005"}
{"level":30,"time":1790806943598,"pid":20658,"hostname":"vm","msg":"  ARB>USDC@UniswapV3/500 USDC>ARB@PancakeV3/100 in=12.30 ARB gap=50.3bps profit=$0.006 net=$-0.006"}
{"level":30,"time":1790806943598,"pid":20658,"hostname":"vm","msg":"  ARB>USDC@UniswapV3/500 USDC>ARB@UniswapV3/100 in=15.16 ARB gap=37.9bps profit=$0.005 net=$-0.006"}
{"level":30,"time":1790806944155,"pid":20658,"hostname":"vm","block":510476579,"gross":155,"net":2,"sumNetUsd":0.005,"gasPriceGwei":0.020004,"txCostUsd":0.0134,"syncMs":134,"searchMs":121,"msg":"block scanned"}
{"level":30,"time":1790806944155,"pid":20658,"hostname":"vm","msg":"  ARB>USDC.e@UniswapV3/500 USDC.e>ARB@PancakeV3/500 in=50.37 ARB gap=36.6bps profit=$0.014 net=$0.002"}
{"level":30,"time":1790806944155,"pid":20658,"hostname":"vm","msg":"  ARB>USDC@PancakeV3/500 USDC>ARB@PancakeV3/100 in=13.25 ARB gap=52.6bps profit=$0.006 net=$-0.005"}
{"level":30,"time":1790806944155,"pid":20658,"hostname":"vm","msg":"  ARB>USDC@PancakeV3/500 USDC>ARB@UniswapV3/100 in=16.92 ARB gap=40.2bps profit=$0.006 net=$-0.005"}
{"level":30,"time":1790806944155,"pid":20658,"hostname":"vm","msg":"  ARB>USDC@UniswapV3/500 USDC>ARB@PancakeV3/100 in=12.30 ARB gap=50.3bps profit=$0.006 net=$-0.006"}
{"level":30,"time":1790806944155,"pid":20658,"hostname":"vm","msg":"  ARB>USDC@UniswapV3/500 USDC>ARB@UniswapV3/100 in=15.16 ARB gap=37.9bps profit=$0.005 net=$-0.006"}
{"level":30,"time":1790806944732,"pid":20658,"hostname":"vm","block":510476580,"gross":155,"net":2,"sumNetUsd":0.005,"gasPriceGwei":0.020036,"txCostUsd":0.0134,"syncMs":146,"searchMs":128,"msg":"block scanned"}
{"level":30,"time":1790806944732,"pid":20658,"hostname":"vm","msg":"  ARB>USDC.e@UniswapV3/500 USDC.e>ARB@PancakeV3/500 in=50.37 ARB gap=36.6bps profit=$0.014 net=$0.002"}
{"level":30,"time":1790806944732,"pid":20658,"hostname":"vm","msg":"  ARB>USDC@PancakeV3/500 USDC>ARB@PancakeV3/100 in=13.25 ARB gap=52.6bps profit=$0.006 net=$-0.005"}
{"level":30,"time":1790806944732,"pid":20658,"hostname":"vm","msg":"  ARB>USDC@PancakeV3/500 USDC>ARB@UniswapV3/100 in=16.92 ARB gap=40.2bps profit=$0.006 net=$-0.005"}
{"level":30,"time":1790806944732,"pid":20658,"hostname":"vm","msg":"  ARB>USDC@UniswapV3/500 USDC>ARB@PancakeV3/100 in=12.30 ARB gap=50.3bps profit=$0.006 net=$-0.006"}
{"level":30,"time":1790806944732,"pid":20658,"hostname":"vm","msg":"  ARB>USDC@UniswapV3/500 USDC>ARB@UniswapV3/100 in=15.16 ARB gap=37.9bps profit=$0.005 net=$-0.006"}
{"level":30,"time":1790806945326,"pid":20658,"hostname":"vm","block":510476582,"gross":155,"net":2,"sumNetUsd":0.005,"gasPriceGwei":0.020002,"txCostUsd":0.0134,"syncMs":145,"searchMs":130,"msg":"block scanned"}
{"level":30,"time":1790806945326,"pid":20658,"hostname":"vm","msg":"  ARB>USDC.e@UniswapV3/500 USDC.e>ARB@PancakeV3/500 in=50.37 ARB gap=36.6bps profit=$0.014 net=$0.002"}
{"level":30,"time":1790806945326,"pid":20658,"hostname":"vm","msg":"  ARB>USDC@PancakeV3/500 USDC>ARB@PancakeV3/100 in=13.25 ARB gap=52.6bps profit=$0.006 net=$-0.005"}
{"level":30,"time":1790806945326,"pid":20658,"hostname":"vm","msg":"  ARB>USDC@PancakeV3/500 USDC>ARB@UniswapV3/100 in=16.92 ARB gap=40.2bps profit=$0.006 net=$-0.005"}
{"level":30,"time":1790806945326,"pid":20658,"hostname":"vm","msg":"  ARB>USDC@UniswapV3/500 USDC>ARB@PancakeV3/100 in=12.30 ARB gap=50.3bps profit=$0.006 net=$-0.006"}
{"level":30,"time":1790806945326,"pid":20658,"hostname":"vm","msg":"  ARB>USDC@UniswapV3/500 USDC>ARB@UniswapV3/100 in=15.16 ARB gap=37.9bps profit=$0.005 net=$-0.006"}
{"level":30,"time":1790806945935,"pid":20658,"hostname":"vm","block":510476584,"gross":155,"net":2,"sumNetUsd":0.005,"gasPriceGwei":0.02,"txCostUsd":0.0134,"syncMs":148,"searchMs":154,"msg":"block scanned"}
{"level":30,"time":1790806945935,"pid":20658,"hostname":"vm","msg":"  ARB>USDC.e@UniswapV3/500 USDC.e>ARB@PancakeV3/500 in=50.37 ARB gap=36.6bps profit=$0.014 net=$0.002"}
{"level":30,"time":1790806945935,"pid":20658,"hostname":"vm","msg":"  ARB>USDC@PancakeV3/500 USDC>ARB@PancakeV3/100 in=13.25 ARB gap=52.6bps profit=$0.006 net=$-0.005"}
{"level":30,"time":1790806945935,"pid":20658,"hostname":"vm","msg":"  ARB>USDC@PancakeV3/500 USDC>ARB@UniswapV3/100 in=16.92 ARB gap=40.2bps profit=$0.006 net=$-0.005"}
{"level":30,"time":1790806945935,"pid":20658,"hostname":"vm","msg":"  ARB>USDC@UniswapV3/500 USDC>ARB@PancakeV3/100 in=12.30 ARB gap=50.3bps profit=$0.006 net=$-0.006"}
{"level":30,"time":1790806945935,"pid":20658,"hostname":"vm","msg":"  ARB>USDC@UniswapV3/500 USDC>ARB@UniswapV3/100 in=15.16 ARB gap=37.9bps profit=$0.005 net=$-0.006"}
{"level":30,"time":1790806946513,"pid":20658,"hostname":"vm","block":510476586,"gross":155,"net":2,"sumNetUsd":0.005,"gasPriceGwei":0.020046,"txCostUsd":0.0134,"syncMs":140,"searchMs":125,"msg":"block scanned"}
{"level":30,"time":1790806946513,"pid":20658,"hostname":"vm","msg":"  ARB>USDC.e@UniswapV3/500 USDC.e>ARB@PancakeV3/500 in=50.37 ARB gap=36.6bps profit=$0.014 net=$0.002"}
{"level":30,"time":1790806946513,"pid":20658,"hostname":"vm","msg":"  ARB>USDC@PancakeV3/500 USDC>ARB@PancakeV3/100 in=13.25 ARB gap=52.6bps profit=$0.006 net=$-0.005"}
{"level":30,"time":1790806946513,"pid":20658,"hostname":"vm","msg":"  ARB>USDC@PancakeV3/500 USDC>ARB@UniswapV3/100 in=16.92 ARB gap=40.2bps profit=$0.006 net=$-0.005"}
{"level":30,"time":1790806946513,"pid":20658,"hostname":"vm","msg":"  ARB>USDC@UniswapV3/500 USDC>ARB@PancakeV3/100 in=12.30 ARB gap=50.3bps profit=$0.006 net=$-0.006"}
{"level":30,"time":1790806946513,"pid":20658,"hostname":"vm","msg":"  ARB>USDC@UniswapV3/500 USDC>ARB@UniswapV3/100 in=15.16 ARB gap=37.9bps profit=$0.005 net=$-0.006"}
{"level":30,"time":1790806947126,"pid":20658,"hostname":"vm","block":510476588,"gross":151,"net":0,"sumNetUsd":0,"gasPriceGwei":0.020014,"txCostUsd":0.0134,"syncMs":160,"searchMs":127,"msg":"block scanned"}
{"level":30,"time":1790806947126,"pid":20658,"hostname":"vm","msg":"  ARB>USDC@UniswapV3/500 USDC>ARB@UniswapV3/100 in=19.24 ARB gap=46.5bps profit=$0.008 net=$-0.003"}
{"level":30,"time":1790806947126,"pid":20658,"hostname":"vm","msg":"  ARB>USDC@UniswapV3/500 USDC>ARB@PancakeV3/100 in=14.68 ARB gap=58.9bps profit=$0.008 net=$-0.003"}
{"level":30,"time":1790806947126,"pid":20658,"hostname":"vm","msg":"  ARB>USDC@PancakeV3/500 USDC>ARB@PancakeV3/100 in=14.08 ARB gap=55.6bps profit=$0.007 net=$-0.004"}
{"level":30,"time":1790806947126,"pid":20658,"hostname":"vm","msg":"  ARB>USDC@PancakeV3/500 USDC>ARB@UniswapV3/100 in=18.37 ARB gap=43.2bps profit=$0.007 net=$-0.004"}
{"level":30,"time":1790806947126,"pid":20658,"hostname":"vm","msg":"  ARB>USDC.e@UniswapV3/500 USDC.e>ARB@PancakeV3/100 in=23.13 ARB gap=29.5bps profit=$0.006 net=$-0.006"}
{"level":30,"time":1790806947756,"pid":20658,"hostname":"vm","block":510476590,"gross":151,"net":0,"sumNetUsd":0,"gasPriceGwei":0.02,"txCostUsd":0.0134,"syncMs":166,"searchMs":128,"msg":"block scanned"}
{"level":30,"time":1790806947756,"pid":20658,"hostname":"vm","msg":"  ARB>USDC@UniswapV3/500 USDC>ARB@UniswapV3/100 in=19.24 ARB gap=46.5bps profit=$0.008 net=$-0.003"}
{"level":30,"time":1790806947756,"pid":20658,"hostname":"vm","msg":"  ARB>USDC@UniswapV3/500 USDC>ARB@PancakeV3/100 in=14.68 ARB gap=58.9bps profit=$0.008 net=$-0.003"}
{"level":30,"time":1790806947756,"pid":20658,"hostname":"vm","msg":"  ARB>USDC@PancakeV3/500 USDC>ARB@PancakeV3/100 in=14.08 ARB gap=55.6bps profit=$0.007 net=$-0.004"}
{"level":30,"time":1790806947756,"pid":20658,"hostname":"vm","msg":"  ARB>USDC@PancakeV3/500 USDC>ARB@UniswapV3/100 in=18.37 ARB gap=43.2bps profit=$0.007 net=$-0.004"}
{"level":30,"time":1790806947756,"pid":20658,"hostname":"vm","msg":"  ARB>USDC.e@UniswapV3/500 USDC.e>ARB@PancakeV3/100 in=23.13 ARB gap=29.5bps profit=$0.006 net=$-0.006"}
{"level":30,"time":1790806948364,"pid":20658,"hostname":"vm","block":510476592,"gross":151,"net":0,"sumNetUsd":0,"gasPriceGwei":0.020114,"txCostUsd":0.0135,"syncMs":148,"searchMs":130,"msg":"block scanned"}
{"level":30,"time":1790806948364,"pid":20658,"hostname":"vm","msg":"  ARB>USDC@UniswapV3/500 USDC>ARB@UniswapV3/100 in=19.24 ARB gap=46.5bps profit=$0.008 net=$-0.003"}
{"level":30,"time":1790806948364,"pid":20658,"hostname":"vm","msg":"  ARB>USDC@UniswapV3/500 USDC>ARB@PancakeV3/100 in=14.68 ARB gap=58.9bps profit=$0.008 net=$-0.003"}
{"level":30,"time":1790806948364,"pid":20658,"hostname":"vm","msg":"  ARB>USDC@PancakeV3/500 USDC>ARB@PancakeV3/100 in=14.08 ARB gap=55.6bps profit=$0.007 net=$-0.004"}
{"level":30,"time":1790806948364,"pid":20658,"hostname":"vm","msg":"  ARB>USDC@PancakeV3/500 USDC>ARB@UniswapV3/100 in=18.37 ARB gap=43.2bps profit=$0.007 net=$-0.004"}
{"level":30,"time":1790806948364,"pid":20658,"hostname":"vm","msg":"  ARB>USDC.e@UniswapV3/500 USDC.e>ARB@PancakeV3/100 in=23.13 ARB gap=29.5bps profit=$0.006 net=$-0.006"}
{"level":30,"time":1790806948949,"pid":20658,"hostname":"vm","block":510476594,"gross":151,"net":0,"sumNetUsd":0,"gasPriceGwei":0.02,"txCostUsd":0.0134,"syncMs":143,"searchMs":121,"msg":"block scanned"}
{"level":30,"time":1790806948950,"pid":20658,"hostname":"vm","msg":"  ARB>USDC@UniswapV3/500 USDC>ARB@UniswapV3/100 in=19.24 ARB gap=46.5bps profit=$0.008 net=$-0.003"}
{"level":30,"time":1790806948950,"pid":20658,"hostname":"vm","msg":"  ARB>USDC@UniswapV3/500 USDC>ARB@PancakeV3/100 in=14.68 ARB gap=58.9bps profit=$0.008 net=$-0.003"}
{"level":30,"time":1790806948950,"pid":20658,"hostname":"vm","msg":"  ARB>USDC@PancakeV3/500 USDC>ARB@PancakeV3/100 in=14.08 ARB gap=55.6bps profit=$0.007 net=$-0.004"}
{"level":30,"time":1790806948950,"pid":20658,"hostname":"vm","msg":"  ARB>USDC@PancakeV3/500 USDC>ARB@UniswapV3/100 in=18.37 ARB gap=43.2bps profit=$0.007 net=$-0.004"}
{"level":30,"time":1790806948950,"pid":20658,"hostname":"vm","msg":"  ARB>USDC.e@UniswapV3/500 USDC.e>ARB@PancakeV3/100 in=23.13 ARB gap=29.5bps profit=$0.006 net=$-0.006"}
{"level":30,"time":1790806949543,"pid":20658,"hostname":"vm","block":510476596,"gross":153,"net":0,"sumNetUsd":0,"gasPriceGwei":0.02,"txCostUsd":0.0134,"syncMs":157,"searchMs":126,"msg":"block scanned"}
{"level":30,"time":1790806949543,"pid":20658,"hostname":"vm","msg":"  ARB>USDC@PancakeV3/500 USDC>ARB@UniswapV3/100 in=19.99 ARB gap=46.5bps profit=$0.008 net=$-0.003"}
{"level":30,"time":1790806949543,"pid":20658,"hostname":"vm","msg":"  ARB>USDC@PancakeV3/500 USDC>ARB@PancakeV3/100 in=15.01 ARB gap=58.9bps profit=$0.008 net=$-0.003"}
{"level":30,"time":1790806949543,"pid":20658,"hostname":"vm","msg":"  ARB>USDC@UniswapV3/500 USDC>ARB@UniswapV3/100 in=19.24 ARB gap=46.5bps profit=$0.008 net=$-0.003"}
{"level":30,"time":1790806949543,"pid":20658,"hostname":"vm","msg":"  ARB>USDC@UniswapV3/500 USDC>ARB@PancakeV3/100 in=14.68 ARB gap=58.9bps profit=$0.008 net=$-0.003"}
{"level":30,"time":1790806949544,"pid":20658,"hostname":"vm","msg":"  ARB>USDC.e@UniswapV3/500 USDC.e>ARB@PancakeV3/100 in=23.13 ARB gap=29.5bps profit=$0.006 net=$-0.006"}
{"level":30,"time":1790806985570,"pid":20658,"hostname":"vm","block":510476599,"gross":153,"net":0,"sumNetUsd":0,"gasPriceGwei":0.02,"txCostUsd":0.0134,"syncMs":35580,"searchMs":135,"msg":"block scanned"}
{"level":30,"time":1790806985570,"pid":20658,"hostname":"vm","msg":"  ARB>USDC@PancakeV3/500 USDC>ARB@UniswapV3/100 in=19.99 ARB gap=46.5bps profit=$0.008 net=$-0.003"}
{"level":30,"time":1790806985570,"pid":20658,"hostname":"vm","msg":"  ARB>USDC@PancakeV3/500 USDC>ARB@PancakeV3/100 in=15.01 ARB gap=58.9bps profit=$0.008 net=$-0.003"}
{"level":30,"time":1790806985570,"pid":20658,"hostname":"vm","msg":"  ARB>USDC@UniswapV3/500 USDC>ARB@UniswapV3/100 in=19.24 ARB gap=46.5bps profit=$0.008 net=$-0.003"}
{"level":30,"time":1790806985570,"pid":20658,"hostname":"vm","msg":"  ARB>USDC@UniswapV3/500 USDC>ARB@PancakeV3/100 in=14.68 ARB gap=58.9bps profit=$0.008 net=$-0.003"}
{"level":30,"time":1790806985570,"pid":20658,"hostname":"vm","msg":"  ARB>USDC.e@UniswapV3/500 USDC.e>ARB@PancakeV3/100 in=23.13 ARB gap=29.5bps profit=$0.006 net=$-0.006"}
{"level":30,"time":1790806985949,"pid":20658,"hostname":"vm","block":510476722,"gross":164,"net":0,"sumNetUsd":0,"gasPriceGwei":0.020034,"txCostUsd":0.0134,"syncMs":136,"searchMs":137,"msg":"block scanned"}
{"level":30,"time":1790806985949,"pid":20658,"hostname":"vm","msg":"  ARB>USDC@PancakeV3/500 USDC>ARB@UniswapV3/100 in=21.51 ARB gap=49.6bps profit=$0.009 net=$-0.002"}
{"level":30,"time":1790806985949,"pid":20658,"hostname":"vm","msg":"  ARB>USDC@PancakeV3/500 USDC>ARB@PancakeV3/100 in=15.89 ARB gap=62bps profit=$0.009 net=$-0.002"}
{"level":30,"time":1790806985949,"pid":20658,"hostname":"vm","msg":"  ARB>USDC.e@UniswapV3/500 USDC.e>ARB@PancakeV3/100 in=27.68 ARB gap=34.1bps profit=$0.008 net=$-0.003"}
{"level":30,"time":1790806985949,"pid":20658,"hostname":"vm","msg":"  ARB>USDC@UniswapV3/500 USDC>ARB@UniswapV3/100 in=19.24 ARB gap=46.5bps profit=$0.008 net=$-0.003"}
{"level":30,"time":1790806985949,"pid":20658,"hostname":"vm","msg":"  ARB>USDC@UniswapV3/500 USDC>ARB@PancakeV3/100 in=14.68 ARB gap=58.9bps profit=$0.008 net=$-0.003"}
{"level":30,"time":1790806986501,"pid":20658,"hostname":"vm","block":510476723,"gross":164,"net":0,"sumNetUsd":0,"gasPriceGwei":0.02,"txCostUsd":0.0134,"syncMs":117,"searchMs":135,"msg":"block scanned"}
{"level":30,"time":1790806986501,"pid":20658,"hostname":"vm","msg":"  ARB>USDC@PancakeV3/500 USDC>ARB@UniswapV3/100 in=21.51 ARB gap=49.6bps profit=$0.009 net=$-0.002"}
{"level":30,"time":1790806986501,"pid":20658,"hostname":"vm","msg":"  ARB>USDC@PancakeV3/500 USDC>ARB@PancakeV3/100 in=15.89 ARB gap=62bps profit=$0.009 net=$-0.002"}
{"level":30,"time":1790806986501,"pid":20658,"hostname":"vm","msg":"  ARB>USDC.e@UniswapV3/500 USDC.e>ARB@PancakeV3/100 in=27.68 ARB gap=34.1bps profit=$0.008 net=$-0.003"}
{"level":30,"time":1790806986501,"pid":20658,"hostname":"vm","msg":"  ARB>USDC@UniswapV3/500 USDC>ARB@UniswapV3/100 in=19.24 ARB gap=46.5bps profit=$0.008 net=$-0.003"}
{"level":30,"time":1790806986501,"pid":20658,"hostname":"vm","msg":"  ARB>USDC@UniswapV3/500 USDC>ARB@PancakeV3/100 in=14.68 ARB gap=58.9bps profit=$0.008 net=$-0.003"}
{"level":30,"time":1790806987091,"pid":20658,"hostname":"vm","block":510476726,"gross":164,"net":0,"sumNetUsd":0,"gasPriceGwei":0.020022,"txCostUsd":0.0134,"syncMs":151,"searchMs":136,"msg":"block scanned"}
{"level":30,"time":1790806987091,"pid":20658,"hostname":"vm","msg":"  ARB>USDC@PancakeV3/500 USDC>ARB@UniswapV3/100 in=21.51 ARB gap=49.6bps profit=$0.009 net=$-0.002"}
{"level":30,"time":1790806987091,"pid":20658,"hostname":"vm","msg":"  ARB>USDC@PancakeV3/500 USDC>ARB@PancakeV3/100 in=15.89 ARB gap=62bps profit=$0.009 net=$-0.002"}
{"level":30,"time":1790806987091,"pid":20658,"hostname":"vm","msg":"  ARB>USDC.e@UniswapV3/500 USDC.e>ARB@PancakeV3/100 in=27.68 ARB gap=34.1bps profit=$0.008 net=$-0.003"}
{"level":30,"time":1790806987091,"pid":20658,"hostname":"vm","msg":"  ARB>USDC@UniswapV3/500 USDC>ARB@UniswapV3/100 in=19.24 ARB gap=46.5bps profit=$0.008 net=$-0.003"}
{"level":30,"time":1790806987091,"pid":20658,"hostname":"vm","msg":"  ARB>USDC@UniswapV3/500 USDC>ARB@PancakeV3/100 in=14.68 ARB gap=58.9bps profit=$0.008 net=$-0.003"}
{"level":30,"time":1790806987677,"pid":20658,"hostname":"vm","block":510476728,"gross":164,"net":0,"sumNetUsd":0,"gasPriceGwei":0.02,"txCostUsd":0.0134,"syncMs":143,"searchMs":136,"msg":"block scanned"}
{"level":30,"time":1790806987677,"pid":20658,"hostname":"vm","msg":"  ARB>USDC@PancakeV3/500 USDC>ARB@UniswapV3/100 in=21.51 ARB gap=49.6bps profit=$0.009 net=$-0.002"}
{"level":30,"time":1790806987677,"pid":20658,"hostname":"vm","msg":"  ARB>USDC@PancakeV3/500 USDC>ARB@PancakeV3/100 in=15.89 ARB gap=62bps profit=$0.009 net=$-0.002"}
{"level":30,"time":1790806987677,"pid":20658,"hostname":"vm","msg":"  ARB>USDC.e@UniswapV3/500 USDC.e>ARB@PancakeV3/100 in=27.68 ARB gap=34.1bps profit=$0.008 net=$-0.003"}
{"level":30,"time":1790806987677,"pid":20658,"hostname":"vm","msg":"  ARB>USDC@UniswapV3/500 USDC>ARB@UniswapV3/100 in=19.24 ARB gap=46.5bps profit=$0.008 net=$-0.003"}
{"level":30,"time":1790806987677,"pid":20658,"hostname":"vm","msg":"  ARB>USDC@UniswapV3/500 USDC>ARB@PancakeV3/100 in=14.68 ARB gap=58.9bps profit=$0.008 net=$-0.003"}
{"level":30,"time":1790806988287,"pid":20658,"hostname":"vm","block":510476730,"gross":164,"net":0,"sumNetUsd":0,"gasPriceGwei":0.020026,"txCostUsd":0.0134,"syncMs":160,"searchMs":142,"msg":"block scanned"}
{"level":30,"time":1790806988287,"pid":20658,"hostname":"vm","msg":"  ARB>USDC@PancakeV3/500 USDC>ARB@UniswapV3/100 in=21.51 ARB gap=49.6bps profit=$0.009 net=$-0.002"}
{"level":30,"time":1790806988287,"pid":20658,"hostname":"vm","msg":"  ARB>USDC@PancakeV3/500 USDC>ARB@PancakeV3/100 in=15.89 ARB gap=62bps profit=$0.009 net=$-0.002"}
{"level":30,"time":1790806988287,"pid":20658,"hostname":"vm","msg":"  ARB>USDC.e@UniswapV3/500 USDC.e>ARB@PancakeV3/100 in=27.68 ARB gap=34.1bps profit=$0.008 net=$-0.003"}
{"level":30,"time":1790806988287,"pid":20658,"hostname":"vm","msg":"  ARB>USDC@UniswapV3/500 USDC>ARB@UniswapV3/100 in=19.24 ARB gap=46.5bps profit=$0.008 net=$-0.003"}
{"level":30,"time":1790806988287,"pid":20658,"hostname":"vm","msg":"  ARB>USDC@UniswapV3/500 USDC>ARB@PancakeV3/100 in=14.68 ARB gap=58.9bps profit=$0.008 net=$-0.003"}
{"level":30,"time":1790806988879,"pid":20658,"hostname":"vm","block":510476732,"gross":164,"net":0,"sumNetUsd":0,"gasPriceGwei":0.02,"txCostUsd":0.0134,"syncMs":143,"searchMs":133,"msg":"block scanned"}
{"level":30,"time":1790806988879,"pid":20658,"hostname":"vm","msg":"  ARB>USDC@PancakeV3/500 USDC>ARB@UniswapV3/100 in=21.51 ARB gap=49.6bps profit=$0.009 net=$-0.002"}
{"level":30,"time":1790806988879,"pid":20658,"hostname":"vm","msg":"  ARB>USDC@PancakeV3/500 USDC>ARB@PancakeV3/100 in=15.89 ARB gap=62bps profit=$0.009 net=$-0.002"}
{"level":30,"time":1790806988879,"pid":20658,"hostname":"vm","msg":"  ARB>USDC.e@UniswapV3/500 USDC.e>ARB@PancakeV3/100 in=27.68 ARB gap=34.1bps profit=$0.008 net=$-0.003"}
{"level":30,"time":1790806988879,"pid":20658,"hostname":"vm","msg":"  ARB>USDC@UniswapV3/500 USDC>ARB@UniswapV3/100 in=19.24 ARB gap=46.5bps profit=$0.008 net=$-0.003"}
{"level":30,"time":1790806988879,"pid":20658,"hostname":"vm","msg":"  ARB>USDC@UniswapV3/500 USDC>ARB@PancakeV3/100 in=14.68 ARB gap=58.9bps profit=$0.008 net=$-0.003"}
{"level":30,"time":1790806989458,"pid":20658,"hostname":"vm","block":510476734,"gross":164,"net":0,"sumNetUsd":0,"gasPriceGwei":0.020046,"txCostUsd":0.0134,"syncMs":134,"searchMs":132,"msg":"block scanned"}
{"level":30,"time":1790806989458,"pid":20658,"hostname":"vm","msg":"  ARB>USDC@PancakeV3/500 USDC>ARB@UniswapV3/100 in=21.51 ARB gap=49.6bps profit=$0.009 net=$-0.002"}
{"level":30,"time":1790806989458,"pid":20658,"hostname":"vm","msg":"  ARB>USDC@PancakeV3/500 USDC>ARB@PancakeV3/100 in=15.89 ARB gap=62bps profit=$0.009 net=$-0.002"}
{"level":30,"time":1790806989458,"pid":20658,"hostname":"vm","msg":"  ARB>USDC.e@UniswapV3/500 USDC.e>ARB@PancakeV3/100 in=27.68 ARB gap=34.1bps profit=$0.008 net=$-0.003"}
{"level":30,"time":1790806989458,"pid":20658,"hostname":"vm","msg":"  ARB>USDC@UniswapV3/500 USDC>ARB@UniswapV3/100 in=19.24 ARB gap=46.5bps profit=$0.008 net=$-0.003"}
{"level":30,"time":1790806989458,"pid":20658,"hostname":"vm","msg":"  ARB>USDC@UniswapV3/500 USDC>ARB@PancakeV3/100 in=14.68 ARB gap=58.9bps profit=$0.008 net=$-0.003"}
{"level":30,"time":1790806990053,"pid":20658,"hostname":"vm","block":510476736,"gross":163,"net":0,"sumNetUsd":0,"gasPriceGwei":0.020024,"txCostUsd":0.0134,"syncMs":152,"searchMs":142,"msg":"block scanned"}
{"level":30,"time":1790806990054,"pid":20658,"hostname":"vm","msg":"  ARB>USDC@PancakeV3/500 USDC>ARB@UniswapV3/100 in=21.51 ARB gap=49.6bps profit=$0.009 net=$-0.002"}
{"level":30,"time":1790806990054,"pid":20658,"hostname":"vm","msg":"  ARB>USDC@PancakeV3/500 USDC>ARB@PancakeV3/100 in=15.89 ARB gap=62bps profit=$0.009 net=$-0.002"}
{"level":30,"time":1790806990054,"pid":20658,"hostname":"vm","msg":"  ARB>USDC.e@UniswapV3/500 USDC.e>ARB@PancakeV3/100 in=27.68 ARB gap=34.1bps profit=$0.008 net=$-0.003"}
{"level":30,"time":1790806990054,"pid":20658,"hostname":"vm","msg":"  ARB>USDC@UniswapV3/500 USDC>ARB@UniswapV3/100 in=19.24 ARB gap=46.5bps profit=$0.008 net=$-0.003"}
{"level":30,"time":1790806990054,"pid":20658,"hostname":"vm","msg":"  ARB>USDC@UniswapV3/500 USDC>ARB@PancakeV3/100 in=14.68 ARB gap=58.9bps profit=$0.008 net=$-0.003"}
{"level":30,"time":1790806990624,"pid":20658,"hostname":"vm","block":510476737,"gross":163,"net":0,"sumNetUsd":0,"gasPriceGwei":0.020046,"txCostUsd":0.0134,"syncMs":135,"searchMs":135,"msg":"block scanned"}
{"level":30,"time":1790806990624,"pid":20658,"hostname":"vm","msg":"  ARB>USDC@PancakeV3/500 USDC>ARB@UniswapV3/100 in=21.51 ARB gap=49.6bps profit=$0.009 net=$-0.002"}
{"level":30,"time":1790806990624,"pid":20658,"hostname":"vm","msg":"  ARB>USDC@PancakeV3/500 USDC>ARB@PancakeV3/100 in=15.89 ARB gap=62bps profit=$0.009 net=$-0.002"}
{"level":30,"time":1790806990624,"pid":20658,"hostname":"vm","msg":"  ARB>USDC.e@UniswapV3/500 USDC.e>ARB@PancakeV3/100 in=27.68 ARB gap=34.1bps profit=$0.008 net=$-0.003"}
{"level":30,"time":1790806990624,"pid":20658,"hostname":"vm","msg":"  ARB>USDC@UniswapV3/500 USDC>ARB@UniswapV3/100 in=19.24 ARB gap=46.5bps profit=$0.008 net=$-0.003"}
{"level":30,"time":1790806990624,"pid":20658,"hostname":"vm","msg":"  ARB>USDC@UniswapV3/500 USDC>ARB@PancakeV3/100 in=14.68 ARB gap=58.9bps profit=$0.008 net=$-0.003"}
{"level":30,"time":1790806991444,"pid":20658,"hostname":"vm","block":510476739,"gross":163,"net":0,"sumNetUsd":0,"gasPriceGwei":0.020006,"txCostUsd":0.0134,"syncMs":369,"searchMs":133,"msg":"block scanned"}
{"level":30,"time":1790806991444,"pid":20658,"hostname":"vm","msg":"  ARB>USDC@PancakeV3/500 USDC>ARB@UniswapV3/100 in=21.51 ARB gap=49.6bps profit=$0.009 net=$-0.002"}
{"level":30,"time":1790806991444,"pid":20658,"hostname":"vm","msg":"  ARB>USDC@PancakeV3/500 USDC>ARB@PancakeV3/100 in=15.89 ARB gap=62bps profit=$0.009 net=$-0.002"}
{"level":30,"time":1790806991444,"pid":20658,"hostname":"vm","msg":"  ARB>USDC.e@UniswapV3/500 USDC.e>ARB@PancakeV3/100 in=27.68 ARB gap=34.1bps profit=$0.008 net=$-0.003"}
{"level":30,"time":1790806991444,"pid":20658,"hostname":"vm","msg":"  ARB>USDC@UniswapV3/500 USDC>ARB@UniswapV3/100 in=19.24 ARB gap=46.5bps profit=$0.008 net=$-0.003"}
{"level":30,"time":1790806991444,"pid":20658,"hostname":"vm","msg":"  ARB>USDC@UniswapV3/500 USDC>ARB@PancakeV3/100 in=14.68 ARB gap=58.9bps profit=$0.008 net=$-0.003"}
{"level":30,"time":1790806991822,"pid":20658,"hostname":"vm","block":510476741,"gross":163,"net":0,"sumNetUsd":0,"gasPriceGwei":0.02,"txCostUsd":0.0134,"syncMs":133,"searchMs":137,"msg":"block scanned"}
{"level":30,"time":1790806991822,"pid":20658,"hostname":"vm","msg":"  ARB>USDC@PancakeV3/500 USDC>ARB@UniswapV3/100 in=21.51 ARB gap=49.6bps profit=$0.009 net=$-0.002"}
{"level":30,"time":1790806991822,"pid":20658,"hostname":"vm","msg":"  ARB>USDC@PancakeV3/500 USDC>ARB@PancakeV3/100 in=15.89 ARB gap=62bps profit=$0.009 net=$-0.002"}
{"level":30,"time":1790806991822,"pid":20658,"hostname":"vm","msg":"  ARB>USDC.e@UniswapV3/500 USDC.e>ARB@PancakeV3/100 in=27.68 ARB gap=34.1bps profit=$0.008 net=$-0.003"}
{"level":30,"time":1790806991822,"pid":20658,"hostname":"vm","msg":"  ARB>USDC@UniswapV3/500 USDC>ARB@UniswapV3/100 in=19.24 ARB gap=46.5bps profit=$0.008 net=$-0.003"}
{"level":30,"time":1790806991822,"pid":20658,"hostname":"vm","msg":"  ARB>USDC@UniswapV3/500 USDC>ARB@PancakeV3/100 in=14.68 ARB gap=58.9bps profit=$0.008 net=$-0.003"}
{"level":30,"time":1790806992432,"pid":20658,"hostname":"vm","block":510476744,"gross":165,"net":0,"sumNetUsd":0,"gasPriceGwei":0.020058,"txCostUsd":0.0135,"syncMs":143,"searchMs":158,"msg":"block scanned"}
{"level":30,"time":1790806992432,"pid":20658,"hostname":"vm","msg":"  ARB>USDC@PancakeV3/500 USDC>ARB@UniswapV3/100 in=21.51 ARB gap=49.6bps profit=$0.009 net=$-0.002"}
{"level":30,"time":1790806992432,"pid":20658,"hostname":"vm","msg":"  ARB>USDC@PancakeV3/500 USDC>ARB@PancakeV3/100 in=15.89 ARB gap=62bps profit=$0.009 net=$-0.002"}
{"level":30,"time":1790806992432,"pid":20658,"hostname":"vm","msg":"  ARB>USDC.e@UniswapV3/500 USDC.e>ARB@PancakeV3/100 in=27.68 ARB gap=34.1bps profit=$0.008 net=$-0.003"}
{"level":30,"time":1790806992432,"pid":20658,"hostname":"vm","msg":"  ARB>USDC@UniswapV3/500 USDC>ARB@UniswapV3/100 in=19.24 ARB gap=46.5bps profit=$0.008 net=$-0.003"}
{"level":30,"time":1790806992432,"pid":20658,"hostname":"vm","msg":"  ARB>USDC@UniswapV3/500 USDC>ARB@PancakeV3/100 in=14.68 ARB gap=58.9bps profit=$0.008 net=$-0.003"}
{"level":30,"time":1790806993023,"pid":20658,"hostname":"vm","block":510476746,"gross":165,"net":0,"sumNetUsd":0,"gasPriceGwei":0.020002,"txCostUsd":0.0134,"syncMs":132,"searchMs":150,"msg":"block scanned"}
{"level":30,"time":1790806993023,"pid":20658,"hostname":"vm","msg":"  ARB>USDC@PancakeV3/500 USDC>ARB@UniswapV3/100 in=21.51 ARB gap=49.6bps profit=$0.009 net=$-0.002"}
{"level":30,"time":1790806993023,"pid":20658,"hostname":"vm","msg":"  ARB>USDC@PancakeV3/500 USDC>ARB@PancakeV3/100 in=15.89 ARB gap=62bps profit=$0.009 net=$-0.002"}
{"level":30,"time":1790806993023,"pid":20658,"hostname":"vm","msg":"  ARB>USDC.e@UniswapV3/500 USDC.e>ARB@PancakeV3/100 in=27.68 ARB gap=34.1bps profit=$0.008 net=$-0.003"}
{"level":30,"time":1790806993023,"pid":20658,"hostname":"vm","msg":"  ARB>USDC@UniswapV3/500 USDC>ARB@UniswapV3/100 in=19.24 ARB gap=46.5bps profit=$0.008 net=$-0.003"}
{"level":30,"time":1790806993023,"pid":20658,"hostname":"vm","msg":"  ARB>USDC@UniswapV3/500 USDC>ARB@PancakeV3/100 in=14.68 ARB gap=58.9bps profit=$0.008 net=$-0.003"}
{"level":30,"time":1790806993633,"pid":20658,"hostname":"vm","block":510476748,"gross":168,"net":0,"sumNetUsd":0,"gasPriceGwei":0.020076,"txCostUsd":0.0135,"syncMs":156,"searchMs":153,"msg":"block scanned"}
{"level":30,"time":1790806993633,"pid":20658,"hostname":"vm","msg":"  ARB>USDC@PancakeV3/500 USDC>ARB@UniswapV3/100 in=21.51 ARB gap=49.6bps profit=$0.009 net=$-0.002"}
{"level":30,"time":1790806993633,"pid":20658,"hostname":"vm","msg":"  ARB>USDC@PancakeV3/500 USDC>ARB@PancakeV3/100 in=15.89 ARB gap=62bps profit=$0.009 net=$-0.002"}
{"level":30,"time":1790806993633,"pid":20658,"hostname":"vm","msg":"  ARB>USDC.e@UniswapV3/500 USDC.e>ARB@PancakeV3/100 in=27.68 ARB gap=34.1bps profit=$0.008 net=$-0.003"}
{"level":30,"time":1790806993633,"pid":20658,"hostname":"vm","msg":"  ARB>USDC@UniswapV3/500 USDC>ARB@UniswapV3/100 in=19.24 ARB gap=46.5bps profit=$0.008 net=$-0.003"}
{"level":30,"time":1790806993633,"pid":20658,"hostname":"vm","msg":"  ARB>USDC@UniswapV3/500 USDC>ARB@PancakeV3/100 in=14.68 ARB gap=58.9bps profit=$0.008 net=$-0.003"}
{"level":30,"time":1790807030590,"pid":20658,"hostname":"vm","block":510476750,"gross":168,"net":0,"sumNetUsd":0,"gasPriceGwei":0.02,"txCostUsd":0.0134,"syncMs":36485,"searchMs":163,"msg":"block scanned"}
{"level":30,"time":1790807030590,"pid":20658,"hostname":"vm","msg":"  ARB>USDC@PancakeV3/500 USDC>ARB@UniswapV3/100 in=21.51 ARB gap=49.6bps profit=$0.009 net=$-0.002"}
{"level":30,"time":1790807030590,"pid":20658,"hostname":"vm","msg":"  ARB>USDC@PancakeV3/500 USDC>ARB@PancakeV3/100 in=15.89 ARB gap=62bps profit=$0.009 net=$-0.002"}
{"level":30,"time":1790807030590,"pid":20658,"hostname":"vm","msg":"  ARB>USDC.e@UniswapV3/500 USDC.e>ARB@PancakeV3/100 in=27.68 ARB gap=34.1bps profit=$0.008 net=$-0.003"}
{"level":30,"time":1790807030590,"pid":20658,"hostname":"vm","msg":"  ARB>USDC@UniswapV3/500 USDC>ARB@UniswapV3/100 in=19.24 ARB gap=46.5bps profit=$0.008 net=$-0.003"}
{"level":30,"time":1790807030590,"pid":20658,"hostname":"vm","msg":"  ARB>USDC@UniswapV3/500 USDC>ARB@PancakeV3/100 in=14.68 ARB gap=58.9bps profit=$0.008 net=$-0.003"}
{"level":30,"time":1790807030989,"pid":20658,"hostname":"vm","block":510476877,"gross":179,"net":0,"sumNetUsd":0,"gasPriceGwei":0.020066,"txCostUsd":0.0135,"syncMs":125,"searchMs":168,"msg":"block scanned"}
{"level":30,"time":1790807030989,"pid":20658,"hostname":"vm","msg":"  ARB>USDC@PancakeV3/500 USDC>ARB@UniswapV3/100 in=21.51 ARB gap=49.6bps profit=$0.009 net=$-0.002"}
{"level":30,"time":1790807030989,"pid":20658,"hostname":"vm","msg":"  ARB>USDC@PancakeV3/500 USDC>ARB@PancakeV3/100 in=15.89 ARB gap=62bps profit=$0.009 net=$-0.002"}
{"level":30,"time":1790807030989,"pid":20658,"hostname":"vm","msg":"  ARB>USDC@UniswapV3/500 USDC>ARB@UniswapV3/100 in=19.24 ARB gap=46.5bps profit=$0.008 net=$-0.003"}
{"level":30,"time":1790807030989,"pid":20658,"hostname":"vm","msg":"  ARB>USDC@UniswapV3/500 USDC>ARB@PancakeV3/100 in=14.68 ARB gap=58.9bps profit=$0.008 net=$-0.003"}
{"level":30,"time":1790807030989,"pid":20658,"hostname":"vm","msg":"  ARB>USDC.e@UniswapV3/500 USDC.e>ARB@PancakeV3/100 in=25.86 ARB gap=32.3bps profit=$0.007 net=$-0.004"}
{"level":30,"time":1790807031613,"pid":20658,"hostname":"vm","block":510476880,"gross":179,"net":0,"sumNetUsd":0,"gasPriceGwei":0.02,"txCostUsd":0.0134,"syncMs":148,"searchMs":162,"msg":"block scanned"}
{"level":30,"time":1790807031613,"pid":20658,"hostname":"vm","msg":"  ARB>USDC@PancakeV3/500 USDC>ARB@UniswapV3/100 in=21.51 ARB gap=49.6bps profit=$0.009 net=$-0.002"}
{"level":30,"time":1790807031613,"pid":20658,"hostname":"vm","msg":"  ARB>USDC@PancakeV3/500 USDC>ARB@PancakeV3/100 in=15.89 ARB gap=62bps profit=$0.009 net=$-0.002"}
{"level":30,"time":1790807031613,"pid":20658,"hostname":"vm","msg":"  ARB>USDC@UniswapV3/500 USDC>ARB@UniswapV3/100 in=19.24 ARB gap=46.5bps profit=$0.008 net=$-0.003"}
{"level":30,"time":1790807031613,"pid":20658,"hostname":"vm","msg":"  ARB>USDC@UniswapV3/500 USDC>ARB@PancakeV3/100 in=14.68 ARB gap=58.9bps profit=$0.008 net=$-0.003"}
{"level":30,"time":1790807031613,"pid":20658,"hostname":"vm","msg":"  ARB>USDC.e@UniswapV3/500 USDC.e>ARB@PancakeV3/100 in=25.86 ARB gap=32.3bps profit=$0.007 net=$-0.004"}
{"level":30,"time":1790807032228,"pid":20658,"hostname":"vm","block":510476882,"gross":179,"net":0,"sumNetUsd":0,"gasPriceGwei":0.020032,"txCostUsd":0.0134,"syncMs":146,"searchMs":166,"msg":"block scanned"}
{"level":30,"time":1790807032228,"pid":20658,"hostname":"vm","msg":"  ARB>USDC@PancakeV3/500 USDC>ARB@UniswapV3/100 in=21.51 ARB gap=49.6bps profit=$0.009 net=$-0.002"}
{"level":30,"time":1790807032228,"pid":20658,"hostname":"vm","msg":"  ARB>USDC@PancakeV3/500 USDC>ARB@PancakeV3/100 in=15.89 ARB gap=62bps profit=$0.009 net=$-0.002"}
{"level":30,"time":1790807032228,"pid":20658,"hostname":"vm","msg":"  ARB>USDC@UniswapV3/500 USDC>ARB@UniswapV3/100 in=19.24 ARB gap=46.5bps profit=$0.008 net=$-0.003"}
{"level":30,"time":1790807032228,"pid":20658,"hostname":"vm","msg":"  ARB>USDC@UniswapV3/500 USDC>ARB@PancakeV3/100 in=14.68 ARB gap=58.9bps profit=$0.008 net=$-0.003"}
{"level":30,"time":1790807032228,"pid":20658,"hostname":"vm","msg":"  ARB>USDC.e@UniswapV3/500 USDC.e>ARB@PancakeV3/100 in=25.86 ARB gap=32.3bps profit=$0.007 net=$-0.004"}
{"level":30,"time":1790807032834,"pid":20658,"hostname":"vm","block":510476884,"gross":179,"net":0,"sumNetUsd":0,"gasPriceGwei":0.02,"txCostUsd":0.0134,"syncMs":135,"searchMs":165,"msg":"block scanned"}
{"level":30,"time":1790807032834,"pid":20658,"hostname":"vm","msg":"  ARB>USDC@PancakeV3/500 USDC>ARB@UniswapV3/100 in=21.51 ARB gap=49.6bps profit=$0.009 net=$-0.002"}
{"level":30,"time":1790807032834,"pid":20658,"hostname":"vm","msg":"  ARB>USDC@PancakeV3/500 USDC>ARB@PancakeV3/100 in=15.89 ARB gap=62bps profit=$0.009 net=$-0.002"}
{"level":30,"time":1790807032834,"pid":20658,"hostname":"vm","msg":"  ARB>USDC@UniswapV3/500 USDC>ARB@UniswapV3/100 in=19.24 ARB gap=46.5bps profit=$0.008 net=$-0.003"}
{"level":30,"time":1790807032834,"pid":20658,"hostname":"vm","msg":"  ARB>USDC@UniswapV3/500 USDC>ARB@PancakeV3/100 in=14.68 ARB gap=58.9bps profit=$0.008 net=$-0.003"}
{"level":30,"time":1790807032834,"pid":20658,"hostname":"vm","msg":"  ARB>USDC.e@UniswapV3/500 USDC.e>ARB@PancakeV3/100 in=25.86 ARB gap=32.3bps profit=$0.007 net=$-0.004"}
{"level":30,"time":1790807033787,"pid":20658,"hostname":"vm","block":510476888,"gross":179,"net":0,"sumNetUsd":0,"gasPriceGwei":0.020104,"txCostUsd":0.0135,"syncMs":185,"searchMs":160,"msg":"block scanned"}
{"level":30,"time":1790807033787,"pid":20658,"hostname":"vm","msg":"  ARB>USDC@PancakeV3/500 USDC>ARB@UniswapV3/100 in=21.51 ARB gap=49.6bps profit=$0.009 net=$-0.002"}
{"level":30,"time":1790807033787,"pid":20658,"hostname":"vm","msg":"  ARB>USDC@PancakeV3/500 USDC>ARB@PancakeV3/100 in=15.89 ARB gap=62bps profit=$0.009 net=$-0.002"}
{"level":30,"time":1790807033787,"pid":20658,"hostname":"vm","msg":"  ARB>USDC@UniswapV3/500 USDC>ARB@UniswapV3/100 in=19.24 ARB gap=46.5bps profit=$0.008 net=$-0.003"}
{"level":30,"time":1790807033787,"pid":20658,"hostname":"vm","msg":"  ARB>USDC@UniswapV3/500 USDC>ARB@PancakeV3/100 in=14.68 ARB gap=58.9bps profit=$0.008 net=$-0.003"}
{"level":30,"time":1790807033787,"pid":20658,"hostname":"vm","msg":"  ARB>USDC.e@UniswapV3/500 USDC.e>ARB@PancakeV3/100 in=25.86 ARB gap=32.3bps profit=$0.007 net=$-0.004"}
{"level":30,"time":1790807034291,"pid":20658,"hostname":"vm","block":510476889,"gross":179,"net":0,"sumNetUsd":0,"gasPriceGwei":0.020014,"txCostUsd":0.0134,"syncMs":136,"searchMs":160,"msg":"block scanned"}
{"level":30,"time":1790807034291,"pid":20658,"hostname":"vm","msg":"  ARB>USDC@PancakeV3/500 USDC>ARB@UniswapV3/100 in=21.51 ARB gap=49.6bps profit=$0.009 net=$-0.002"}
{"level":30,"time":1790807034291,"pid":20658,"hostname":"vm","msg":"  ARB>USDC@PancakeV3/500 USDC>ARB@PancakeV3/100 in=15.89 ARB gap=62bps profit=$0.009 net=$-0.002"}
{"level":30,"time":1790807034291,"pid":20658,"hostname":"vm","msg":"  ARB>USDC@UniswapV3/500 USDC>ARB@UniswapV3/100 in=19.24 ARB gap=46.5bps profit=$0.008 net=$-0.003"}
{"level":30,"time":1790807034291,"pid":20658,"hostname":"vm","msg":"  ARB>USDC@UniswapV3/500 USDC>ARB@PancakeV3/100 in=14.68 ARB gap=58.9bps profit=$0.008 net=$-0.003"}
{"level":30,"time":1790807034291,"pid":20658,"hostname":"vm","msg":"  ARB>USDC.e@UniswapV3/500 USDC.e>ARB@PancakeV3/100 in=25.86 ARB gap=32.3bps profit=$0.007 net=$-0.004"}
{"level":30,"time":1790807034892,"pid":20658,"hostname":"vm","block":510476891,"gross":179,"net":0,"sumNetUsd":0,"gasPriceGwei":0.02,"txCostUsd":0.0134,"syncMs":134,"searchMs":166,"msg":"block scanned"}
{"level":30,"time":1790807034892,"pid":20658,"hostname":"vm","msg":"  ARB>USDC@PancakeV3/500 USDC>ARB@UniswapV3/100 in=21.51 ARB gap=49.6bps profit=$0.009 net=$-0.002"}
{"level":30,"time":1790807034892,"pid":20658,"hostname":"vm","msg":"  ARB>USDC@PancakeV3/500 USDC>ARB@PancakeV3/100 in=15.89 ARB gap=62bps profit=$0.009 net=$-0.002"}
{"level":30,"time":1790807034892,"pid":20658,"hostname":"vm","msg":"  ARB>USDC@UniswapV3/500 USDC>ARB@UniswapV3/100 in=19.24 ARB gap=46.5bps profit=$0.008 net=$-0.003"}
{"level":30,"time":1790807034892,"pid":20658,"hostname":"vm","msg":"  ARB>USDC@UniswapV3/500 USDC>ARB@PancakeV3/100 in=14.68 ARB gap=58.9bps profit=$0.008 net=$-0.003"}
{"level":30,"time":1790807034892,"pid":20658,"hostname":"vm","msg":"  ARB>USDC.e@UniswapV3/500 USDC.e>ARB@PancakeV3/100 in=25.86 ARB gap=32.3bps profit=$0.007 net=$-0.004"}
{"level":30,"time":1790807035504,"pid":20658,"hostname":"vm","block":510476893,"gross":179,"net":0,"sumNetUsd":0,"gasPriceGwei":0.020046,"txCostUsd":0.0135,"syncMs":148,"searchMs":161,"msg":"block scanned"}
{"level":30,"time":1790807035504,"pid":20658,"hostname":"vm","msg":"  ARB>USDC@PancakeV3/500 USDC>ARB@UniswapV3/100 in=21.51 ARB gap=49.6bps profit=$0.009 net=$-0.002"}
{"level":30,"time":1790807035504,"pid":20658,"hostname":"vm","msg":"  ARB>USDC@PancakeV3/500 USDC>ARB@PancakeV3/100 in=15.89 ARB gap=62bps profit=$0.009 net=$-0.002"}
{"level":30,"time":1790807035504,"pid":20658,"hostname":"vm","msg":"  ARB>USDC@UniswapV3/500 USDC>ARB@UniswapV3/100 in=19.24 ARB gap=46.5bps profit=$0.008 net=$-0.003"}
{"level":30,"time":1790807035504,"pid":20658,"hostname":"vm","msg":"  ARB>USDC@UniswapV3/500 USDC>ARB@PancakeV3/100 in=14.68 ARB gap=58.9bps profit=$0.008 net=$-0.003"}
{"level":30,"time":1790807035504,"pid":20658,"hostname":"vm","msg":"  ARB>USDC.e@UniswapV3/500 USDC.e>ARB@PancakeV3/100 in=25.86 ARB gap=32.3bps profit=$0.007 net=$-0.004"}
{"level":30,"time":1790807036150,"pid":20658,"hostname":"vm","block":510476894,"gross":179,"net":0,"sumNetUsd":0,"gasPriceGwei":0.020072,"txCostUsd":0.0135,"syncMs":145,"searchMs":191,"msg":"block scanned"}
{"level":30,"time":1790807036150,"pid":20658,"hostname":"vm","msg":"  ARB>USDC@PancakeV3/500 USDC>ARB@UniswapV3/100 in=21.51 ARB gap=49.6bps profit=$0.009 net=$-0.002"}
{"level":30,"time":1790807036150,"pid":20658,"hostname":"vm","msg":"  ARB>USDC@PancakeV3/500 USDC>ARB@PancakeV3/100 in=15.89 ARB gap=62bps profit=$0.009 net=$-0.002"}
{"level":30,"time":1790807036150,"pid":20658,"hostname":"vm","msg":"  ARB>USDC@UniswapV3/500 USDC>ARB@UniswapV3/100 in=19.24 ARB gap=46.5bps profit=$0.008 net=$-0.003"}
{"level":30,"time":1790807036150,"pid":20658,"hostname":"vm","msg":"  ARB>USDC@UniswapV3/500 USDC>ARB@PancakeV3/100 in=14.68 ARB gap=58.9bps profit=$0.008 net=$-0.003"}
{"level":30,"time":1790807036150,"pid":20658,"hostname":"vm","msg":"  ARB>USDC.e@UniswapV3/500 USDC.e>ARB@PancakeV3/100 in=25.86 ARB gap=32.3bps profit=$0.007 net=$-0.004"}
{"level":30,"time":1790807036932,"pid":20658,"hostname":"vm","block":510476897,"gross":179,"net":0,"sumNetUsd":0,"gasPriceGwei":0.02,"txCostUsd":0.0134,"syncMs":144,"searchMs":164,"msg":"block scanned"}
{"level":30,"time":1790807036932,"pid":20658,"hostname":"vm","msg":"  ARB>USDC@PancakeV3/500 USDC>ARB@UniswapV3/100 in=21.51 ARB gap=49.6bps profit=$0.009 net=$-0.002"}
{"level":30,"time":1790807036932,"pid":20658,"hostname":"vm","msg":"  ARB>USDC@PancakeV3/500 USDC>ARB@PancakeV3/100 in=15.89 ARB gap=62bps profit=$0.009 net=$-0.002"}
{"level":30,"time":1790807036932,"pid":20658,"hostname":"vm","msg":"  ARB>USDC@UniswapV3/500 USDC>ARB@UniswapV3/100 in=19.24 ARB gap=46.5bps profit=$0.008 net=$-0.003"}
{"level":30,"time":1790807036932,"pid":20658,"hostname":"vm","msg":"  ARB>USDC@UniswapV3/500 USDC>ARB@PancakeV3/100 in=14.68 ARB gap=58.9bps profit=$0.008 net=$-0.003"}
{"level":30,"time":1790807036932,"pid":20658,"hostname":"vm","msg":"  ARB>USDC.e@UniswapV3/500 USDC.e>ARB@PancakeV3/100 in=25.86 ARB gap=32.3bps profit=$0.007 net=$-0.004"}
{"level":30,"time":1790807037554,"pid":20658,"hostname":"vm","block":510476899,"gross":179,"net":0,"sumNetUsd":0,"gasPriceGwei":0.020032,"txCostUsd":0.0134,"syncMs":134,"searchMs":180,"msg":"block scanned"}
{"level":30,"time":1790807037559,"pid":20658,"hostname":"vm","msg":"  ARB>USDC@PancakeV3/500 USDC>ARB@UniswapV3/100 in=21.51 ARB gap=49.6bps profit=$0.009 net=$-0.002"}
{"level":30,"time":1790807037559,"pid":20658,"hostname":"vm","msg":"  ARB>USDC@PancakeV3/500 USDC>ARB@PancakeV3/100 in=15.89 ARB gap=62bps profit=$0.009 net=$-0.002"}
{"level":30,"time":1790807037559,"pid":20658,"hostname":"vm","msg":"  ARB>USDC@UniswapV3/500 USDC>ARB@UniswapV3/100 in=19.24 ARB gap=46.5bps profit=$0.008 net=$-0.003"}
{"level":30,"time":1790807037559,"pid":20658,"hostname":"vm","msg":"  ARB>USDC@UniswapV3/500 USDC>ARB@PancakeV3/100 in=14.68 ARB gap=58.9bps profit=$0.008 net=$-0.003"}
{"level":30,"time":1790807037559,"pid":20658,"hostname":"vm","msg":"  ARB>USDC.e@UniswapV3/500 USDC.e>ARB@PancakeV3/100 in=25.86 ARB gap=32.3bps profit=$0.007 net=$-0.004"}
{"level":30,"time":1790807038185,"pid":20658,"hostname":"vm","block":510476901,"gross":179,"net":0,"sumNetUsd":0,"gasPriceGwei":0.020234,"txCostUsd":0.0136,"syncMs":143,"searchMs":163,"msg":"block scanned"}
{"level":30,"time":1790807038185,"pid":20658,"hostname":"vm","msg":"  ARB>USDC@PancakeV3/500 USDC>ARB@UniswapV3/100 in=21.51 ARB gap=49.6bps profit=$0.009 net=$-0.002"}
{"level":30,"time":1790807038185,"pid":20658,"hostname":"vm","msg":"  ARB>USDC@PancakeV3/500 USDC>ARB@PancakeV3/100 in=15.89 ARB gap=62bps profit=$0.009 net=$-0.002"}
{"level":30,"time":1790807038185,"pid":20658,"hostname":"vm","msg":"  ARB>USDC@UniswapV3/500 USDC>ARB@UniswapV3/100 in=19.24 ARB gap=46.5bps profit=$0.008 net=$-0.003"}
{"level":30,"time":1790807038185,"pid":20658,"hostname":"vm","msg":"  ARB>USDC@UniswapV3/500 USDC>ARB@PancakeV3/100 in=14.68 ARB gap=58.9bps profit=$0.008 net=$-0.003"}
{"level":30,"time":1790807038185,"pid":20658,"hostname":"vm","msg":"  ARB>USDC.e@UniswapV3/500 USDC.e>ARB@PancakeV3/100 in=25.86 ARB gap=32.3bps profit=$0.007 net=$-0.004"}
{"level":30,"time":1790807038787,"pid":20658,"hostname":"vm","block":510476904,"gross":178,"net":0,"sumNetUsd":0,"gasPriceGwei":0.02,"txCostUsd":0.0134,"syncMs":136,"searchMs":163,"msg":"block scanned"}
{"level":30,"time":1790807038787,"pid":20658,"hostname":"vm","msg":"  ARB>USDC@PancakeV3/500 USDC>ARB@UniswapV3/100 in=21.51 ARB gap=49.6bps profit=$0.009 net=$-0.002"}
{"level":30,"time":1790807038787,"pid":20658,"hostname":"vm","msg":"  ARB>USDC@PancakeV3/500 USDC>ARB@PancakeV3/100 in=15.89 ARB gap=62bps profit=$0.009 net=$-0.002"}
{"level":30,"time":1790807038787,"pid":20658,"hostname":"vm","msg":"  ARB>USDC@UniswapV3/500 USDC>ARB@UniswapV3/100 in=19.24 ARB gap=46.5bps profit=$0.008 net=$-0.003"}
{"level":30,"time":1790807038787,"pid":20658,"hostname":"vm","msg":"  ARB>USDC@UniswapV3/500 USDC>ARB@PancakeV3/100 in=14.68 ARB gap=58.9bps profit=$0.008 net=$-0.003"}
{"level":30,"time":1790807038787,"pid":20658,"hostname":"vm","msg":"  ARB>USDC.e@UniswapV3/500 USDC.e>ARB@PancakeV3/100 in=25.86 ARB gap=32.3bps profit=$0.007 net=$-0.004"}
{"level":30,"time":1790807039426,"pid":20658,"hostname":"vm","block":510476906,"gross":178,"net":0,"sumNetUsd":0,"gasPriceGwei":0.020218,"txCostUsd":0.0136,"syncMs":148,"searchMs":176,"msg":"block scanned"}
{"level":30,"time":1790807039427,"pid":20658,"hostname":"vm","msg":"  ARB>USDC@PancakeV3/500 USDC>ARB@UniswapV3/100 in=21.51 ARB gap=49.6bps profit=$0.009 net=$-0.002"}
{"level":30,"time":1790807039427,"pid":20658,"hostname":"vm","msg":"  ARB>USDC@PancakeV3/500 USDC>ARB@PancakeV3/100 in=15.89 ARB gap=62bps profit=$0.009 net=$-0.002"}
{"level":30,"time":1790807039427,"pid":20658,"hostname":"vm","msg":"  ARB>USDC@UniswapV3/500 USDC>ARB@UniswapV3/100 in=19.24 ARB gap=46.5bps profit=$0.008 net=$-0.003"}
{"level":30,"time":1790807039427,"pid":20658,"hostname":"vm","msg":"  ARB>USDC@UniswapV3/500 USDC>ARB@PancakeV3/100 in=14.68 ARB gap=58.9bps profit=$0.008 net=$-0.003"}
{"level":30,"time":1790807039427,"pid":20658,"hostname":"vm","msg":"  ARB>USDC.e@UniswapV3/500 USDC.e>ARB@PancakeV3/100 in=25.86 ARB gap=32.3bps profit=$0.007 net=$-0.004"}
{"level":30,"time":1790807073337,"pid":20658,"hostname":"vm","block":510476907,"gross":178,"net":0,"sumNetUsd":0,"gasPriceGwei":0.020174,"txCostUsd":0.0135,"syncMs":33433,"searchMs":168,"msg":"block scanned"}
{"level":30,"time":1790807073337,"pid":20658,"hostname":"vm","msg":"  ARB>USDC@PancakeV3/500 USDC>ARB@UniswapV3/100 in=21.51 ARB gap=49.6bps profit=$0.009 net=$-0.002"}
{"level":30,"time":1790807073337,"pid":20658,"hostname":"vm","msg":"  ARB>USDC@PancakeV3/500 USDC>ARB@PancakeV3/100 in=15.89 ARB gap=62bps profit=$0.009 net=$-0.002"}
{"level":30,"time":1790807073337,"pid":20658,"hostname":"vm","msg":"  ARB>USDC@UniswapV3/500 USDC>ARB@UniswapV3/100 in=19.24 ARB gap=46.5bps profit=$0.008 net=$-0.003"}
{"level":30,"time":1790807073337,"pid":20658,"hostname":"vm","msg":"  ARB>USDC@UniswapV3/500 USDC>ARB@PancakeV3/100 in=14.68 ARB gap=58.9bps profit=$0.008 net=$-0.003"}
{"level":30,"time":1790807073337,"pid":20658,"hostname":"vm","msg":"  ARB>USDC.e@UniswapV3/500 USDC.e>ARB@PancakeV3/100 in=25.86 ARB gap=32.3bps profit=$0.007 net=$-0.004"}
{"level":30,"time":1790807073698,"pid":20658,"hostname":"vm","block":510477017,"gross":145,"net":0,"sumNetUsd":0,"gasPriceGwei":0.02,"txCostUsd":0.0134,"syncMs":135,"searchMs":125,"msg":"block scanned"}
{"level":30,"time":1790807073698,"pid":20658,"hostname":"vm","msg":"  ARB>USDC@PancakeV3/500 USDC>ARB@PancakeV3/100 in=15.89 ARB gap=62bps profit=$0.009 net=$-0.002"}
{"level":30,"time":1790807073698,"pid":20658,"hostname":"vm","msg":"  ARB>USDC@UniswapV3/500 USDC>ARB@PancakeV3/100 in=14.68 ARB gap=58.9bps profit=$0.008 net=$-0.003"}
{"level":30,"time":1790807073698,"pid":20658,"hostname":"vm","msg":"  ARB>USDC.e@UniswapV3/500 USDC.e>ARB@PancakeV3/100 in=25.86 ARB gap=32.3bps profit=$0.007 net=$-0.004"}
{"level":30,"time":1790807073698,"pid":20658,"hostname":"vm","msg":"  ARB>USDC@UniswapV3/100 USDC>ARB@PancakeV3/100 in=10.88 ARB gap=62.1bps profit=$0.007 net=$-0.004"}
{"level":30,"time":1790807073698,"pid":20658,"hostname":"vm","msg":"  ARB>WETH@UniswapV3/500 WETH>ARB@SushiV3/500 in=12.67 ARB gap=44.4bps profit=$0.004 net=$-0.007"}
{"level":30,"time":1790807074264,"pid":20658,"hostname":"vm","block":510477018,"gross":145,"net":0,"sumNetUsd":0,"gasPriceGwei":0.020016,"txCostUsd":0.0134,"syncMs":141,"searchMs":122,"msg":"block scanned"}
{"level":30,"time":1790807074264,"pid":20658,"hostname":"vm","msg":"  ARB>USDC@PancakeV3/500 USDC>ARB@PancakeV3/100 in=15.89 ARB gap=62bps profit=$0.009 net=$-0.002"}
{"level":30,"time":1790807074264,"pid":20658,"hostname":"vm","msg":"  ARB>USDC@UniswapV3/500 USDC>ARB@PancakeV3/100 in=14.68 ARB gap=58.9bps profit=$0.008 net=$-0.003"}
{"level":30,"time":1790807074264,"pid":20658,"hostname":"vm","msg":"  ARB>USDC.e@UniswapV3/500 USDC.e>ARB@PancakeV3/100 in=25.86 ARB gap=32.3bps profit=$0.007 net=$-0.004"}
{"level":30,"time":1790807074264,"pid":20658,"hostname":"vm","msg":"  ARB>USDC@UniswapV3/100 USDC>ARB@PancakeV3/100 in=10.88 ARB gap=62.1bps profit=$0.007 net=$-0.004"}
{"level":30,"time":1790807074264,"pid":20658,"hostname":"vm","msg":"  ARB>WETH@UniswapV3/500 WETH>ARB@SushiV3/500 in=12.67 ARB gap=44.4bps profit=$0.004 net=$-0.007"}
{"level":30,"time":1790807074825,"pid":20658,"hostname":"vm","block":510477021,"gross":145,"net":0,"sumNetUsd":0,"gasPriceGwei":0.020028,"txCostUsd":0.0134,"syncMs":141,"searchMs":118,"msg":"block scanned"}
{"level":30,"time":1790807074825,"pid":20658,"hostname":"vm","msg":"  ARB>USDC@PancakeV3/500 USDC>ARB@PancakeV3/100 in=15.89 ARB gap=62bps profit=$0.009 net=$-0.002"}
{"level":30,"time":1790807074825,"pid":20658,"hostname":"vm","msg":"  ARB>USDC@UniswapV3/500 USDC>ARB@PancakeV3/100 in=14.68 ARB gap=58.9bps profit=$0.008 net=$-0.003"}
{"level":30,"time":1790807074825,"pid":20658,"hostname":"vm","msg":"  ARB>USDC.e@UniswapV3/500 USDC.e>ARB@PancakeV3/100 in=25.86 ARB gap=32.3bps profit=$0.007 net=$-0.004"}
{"level":30,"time":1790807074825,"pid":20658,"hostname":"vm","msg":"  ARB>USDC@UniswapV3/100 USDC>ARB@PancakeV3/100 in=10.88 ARB gap=62.1bps profit=$0.007 net=$-0.004"}
{"level":30,"time":1790807074825,"pid":20658,"hostname":"vm","msg":"  ARB>WETH@UniswapV3/500 WETH>ARB@SushiV3/500 in=12.67 ARB gap=44.4bps profit=$0.004 net=$-0.007"}
{"level":30,"time":1790807075530,"pid":20658,"hostname":"vm","block":510477023,"gross":145,"net":0,"sumNetUsd":0,"gasPriceGwei":0.020042,"txCostUsd":0.0134,"syncMs":149,"searchMs":122,"msg":"block scanned"}
{"level":30,"time":1790807075530,"pid":20658,"hostname":"vm","msg":"  ARB>USDC@PancakeV3/500 USDC>ARB@PancakeV3/100 in=15.89 ARB gap=62bps profit=$0.009 net=$-0.002"}
{"level":30,"time":1790807075530,"pid":20658,"hostname":"vm","msg":"  ARB>USDC@UniswapV3/500 USDC>ARB@PancakeV3/100 in=14.68 ARB gap=58.9bps profit=$0.008 net=$-0.003"}
{"level":30,"time":1790807075530,"pid":20658,"hostname":"vm","msg":"  ARB>USDC.e@UniswapV3/500 USDC.e>ARB@PancakeV3/100 in=25.86 ARB gap=32.3bps profit=$0.007 net=$-0.004"}
{"level":30,"time":1790807075530,"pid":20658,"hostname":"vm","msg":"  ARB>USDC@UniswapV3/100 USDC>ARB@PancakeV3/100 in=10.88 ARB gap=62.1bps profit=$0.007 net=$-0.004"}
{"level":30,"time":1790807075530,"pid":20658,"hostname":"vm","msg":"  ARB>WETH@UniswapV3/500 WETH>ARB@SushiV3/500 in=12.67 ARB gap=44.4bps profit=$0.004 net=$-0.007"}
{"level":30,"time":1790807075984,"pid":20658,"hostname":"vm","block":510477024,"gross":146,"net":0,"sumNetUsd":0,"gasPriceGwei":0.02003,"txCostUsd":0.0134,"syncMs":130,"searchMs":121,"msg":"block scanned"}
{"level":30,"time":1790807075984,"pid":20658,"hostname":"vm","msg":"  ARB>USDC@PancakeV3/500 USDC>ARB@PancakeV3/100 in=15.89 ARB gap=62bps profit=$0.009 net=$-0.002"}
{"level":30,"time":1790807075984,"pid":20658,"hostname":"vm","msg":"  ARB>USDC@UniswapV3/500 USDC>ARB@PancakeV3/100 in=14.68 ARB gap=58.9bps profit=$0.008 net=$-0.003"}
{"level":30,"time":1790807075984,"pid":20658,"hostname":"vm","msg":"  ARB>USDC.e@UniswapV3/500 USDC.e>ARB@PancakeV3/100 in=25.86 ARB gap=32.3bps profit=$0.007 net=$-0.004"}
{"level":30,"time":1790807075984,"pid":20658,"hostname":"vm","msg":"  ARB>USDC@UniswapV3/100 USDC>ARB@PancakeV3/100 in=10.88 ARB gap=62.1bps profit=$0.007 net=$-0.004"}
{"level":30,"time":1790807075984,"pid":20658,"hostname":"vm","msg":"  ARB>WETH@UniswapV3/500 WETH>ARB@SushiV3/500 in=12.67 ARB gap=44.4bps profit=$0.004 net=$-0.007"}
{"level":30,"time":1790807076576,"pid":20658,"hostname":"vm","block":510477027,"gross":146,"net":0,"sumNetUsd":0,"gasPriceGwei":0.020034,"txCostUsd":0.0134,"syncMs":151,"searchMs":127,"msg":"block scanned"}
{"level":30,"time":1790807076576,"pid":20658,"hostname":"vm","msg":"  ARB>USDC@PancakeV3/500 USDC>ARB@PancakeV3/100 in=15.89 ARB gap=62bps profit=$0.009 net=$-0.002"}
{"level":30,"time":1790807076576,"pid":20658,"hostname":"vm","msg":"  ARB>USDC@UniswapV3/500 USDC>ARB@PancakeV3/100 in=14.68 ARB gap=58.9bps profit=$0.008 net=$-0.003"}
{"level":30,"time":1790807076576,"pid":20658,"hostname":"vm","msg":"  ARB>USDC.e@UniswapV3/500 USDC.e>ARB@PancakeV3/100 in=25.86 ARB gap=32.3bps profit=$0.007 net=$-0.004"}
{"level":30,"time":1790807076576,"pid":20658,"hostname":"vm","msg":"  ARB>USDC@UniswapV3/100 USDC>ARB@PancakeV3/100 in=10.88 ARB gap=62.1bps profit=$0.007 net=$-0.004"}
{"level":30,"time":1790807076576,"pid":20658,"hostname":"vm","msg":"  ARB>WETH@UniswapV3/500 WETH>ARB@SushiV3/500 in=12.67 ARB gap=44.4bps profit=$0.004 net=$-0.007"}
{"level":30,"time":1790807077154,"pid":20658,"hostname":"vm","block":510477028,"gross":146,"net":0,"sumNetUsd":0,"gasPriceGwei":0.020012,"txCostUsd":0.0134,"syncMs":145,"searchMs":131,"msg":"block scanned"}
{"level":30,"time":1790807077154,"pid":20658,"hostname":"vm","msg":"  ARB>USDC@PancakeV3/500 USDC>ARB@PancakeV3/100 in=15.89 ARB gap=62bps profit=$0.009 net=$-0.002"}
{"level":30,"time":1790807077154,"pid":20658,"hostname":"vm","msg":"  ARB>USDC@UniswapV3/500 USDC>ARB@PancakeV3/100 in=14.68 ARB gap=58.9bps profit=$0.008 net=$-0.003"}
{"level":30,"time":1790807077154,"pid":20658,"hostname":"vm","msg":"  ARB>USDC.e@UniswapV3/500 USDC.e>ARB@PancakeV3/100 in=25.86 ARB gap=32.3bps profit=$0.007 net=$-0.004"}
{"level":30,"time":1790807077154,"pid":20658,"hostname":"vm","msg":"  ARB>USDC@UniswapV3/100 USDC>ARB@PancakeV3/100 in=10.88 ARB gap=62.1bps profit=$0.007 net=$-0.004"}
{"level":30,"time":1790807077154,"pid":20658,"hostname":"vm","msg":"  ARB>WETH@UniswapV3/500 WETH>ARB@SushiV3/500 in=12.67 ARB gap=44.4bps profit=$0.004 net=$-0.007"}
{"level":30,"time":1790807077722,"pid":20658,"hostname":"vm","block":510477031,"gross":146,"net":0,"sumNetUsd":0,"gasPriceGwei":0.02,"txCostUsd":0.0134,"syncMs":142,"searchMs":119,"msg":"block scanned"}
{"level":30,"time":1790807077722,"pid":20658,"hostname":"vm","msg":"  ARB>USDC@PancakeV3/500 USDC>ARB@PancakeV3/100 in=15.89 ARB gap=62bps profit=$0.009 net=$-0.002"}
{"level":30,"time":1790807077722,"pid":20658,"hostname":"vm","msg":"  ARB>USDC@UniswapV3/500 USDC>ARB@PancakeV3/100 in=14.68 ARB gap=58.9bps profit=$0.008 net=$-0.003"}
{"level":30,"time":1790807077722,"pid":20658,"hostname":"vm","msg":"  ARB>USDC.e@UniswapV3/500 USDC.e>ARB@PancakeV3/100 in=25.86 ARB gap=32.3bps profit=$0.007 net=$-0.004"}
{"level":30,"time":1790807077722,"pid":20658,"hostname":"vm","msg":"  ARB>USDC@UniswapV3/100 USDC>ARB@PancakeV3/100 in=10.88 ARB gap=62.1bps profit=$0.007 net=$-0.004"}
{"level":30,"time":1790807077722,"pid":20658,"hostname":"vm","msg":"  ARB>WETH@UniswapV3/500 WETH>ARB@SushiV3/500 in=12.67 ARB gap=44.4bps profit=$0.004 net=$-0.007"}
{"level":30,"time":1790807078287,"pid":20658,"hostname":"vm","block":510477032,"gross":146,"net":0,"sumNetUsd":0,"gasPriceGwei":0.020004,"txCostUsd":0.0134,"syncMs":138,"searchMs":121,"msg":"block scanned"}
{"level":30,"time":1790807078287,"pid":20658,"hostname":"vm","msg":"  ARB>USDC@PancakeV3/500 USDC>ARB@PancakeV3/100 in=15.89 ARB gap=62bps profit=$0.009 net=$-0.002"}
{"level":30,"time":1790807078287,"pid":20658,"hostname":"vm","msg":"  ARB>USDC@UniswapV3/500 USDC>ARB@PancakeV3/100 in=14.68 ARB gap=58.9bps profit=$0.008 net=$-0.003"}
{"level":30,"time":1790807078287,"pid":20658,"hostname":"vm","msg":"  ARB>USDC.e@UniswapV3/500 USDC.e>ARB@PancakeV3/100 in=25.86 ARB gap=32.3bps profit=$0.007 net=$-0.004"}
{"level":30,"time":1790807078287,"pid":20658,"hostname":"vm","msg":"  ARB>USDC@UniswapV3/100 USDC>ARB@PancakeV3/100 in=10.88 ARB gap=62.1bps profit=$0.007 net=$-0.004"}
{"level":30,"time":1790807078287,"pid":20658,"hostname":"vm","msg":"  ARB>WETH@UniswapV3/500 WETH>ARB@SushiV3/500 in=12.67 ARB gap=44.4bps profit=$0.004 net=$-0.007"}
{"level":30,"time":1790807078855,"pid":20658,"hostname":"vm","block":510477033,"gross":146,"net":0,"sumNetUsd":0,"gasPriceGwei":0.020034,"txCostUsd":0.0134,"syncMs":152,"searchMs":119,"msg":"block scanned"}
{"level":30,"time":1790807078855,"pid":20658,"hostname":"vm","msg":"  ARB>USDC@PancakeV3/500 USDC>ARB@PancakeV3/100 in=15.89 ARB gap=62bps profit=$0.009 net=$-0.002"}
{"level":30,"time":1790807078855,"pid":20658,"hostname":"vm","msg":"  ARB>USDC@UniswapV3/500 USDC>ARB@PancakeV3/100 in=14.68 ARB gap=58.9bps profit=$0.008 net=$-0.003"}
{"level":30,"time":1790807078855,"pid":20658,"hostname":"vm","msg":"  ARB>USDC.e@UniswapV3/500 USDC.e>ARB@PancakeV3/100 in=25.86 ARB gap=32.3bps profit=$0.007 net=$-0.004"}
{"level":30,"time":1790807078855,"pid":20658,"hostname":"vm","msg":"  ARB>USDC@UniswapV3/100 USDC>ARB@PancakeV3/100 in=10.88 ARB gap=62.1bps profit=$0.007 net=$-0.004"}
{"level":30,"time":1790807078855,"pid":20658,"hostname":"vm","msg":"  ARB>WETH@UniswapV3/500 WETH>ARB@SushiV3/500 in=12.67 ARB gap=44.4bps profit=$0.004 net=$-0.007"}
{"level":30,"time":1790807079455,"pid":20658,"hostname":"vm","block":510477036,"gross":146,"net":0,"sumNetUsd":0,"gasPriceGwei":0.02026,"txCostUsd":0.0136,"syncMs":159,"searchMs":138,"msg":"block scanned"}
{"level":30,"time":1790807079455,"pid":20658,"hostname":"vm","msg":"  ARB>USDC@PancakeV3/500 USDC>ARB@PancakeV3/100 in=15.89 ARB gap=62bps profit=$0.009 net=$-0.002"}
{"level":30,"time":1790807079455,"pid":20658,"hostname":"vm","msg":"  ARB>USDC@UniswapV3/500 USDC>ARB@PancakeV3/100 in=14.68 ARB gap=58.9bps profit=$0.008 net=$-0.003"}
{"level":30,"time":1790807079455,"pid":20658,"hostname":"vm","msg":"  ARB>USDC.e@UniswapV3/500 USDC.e>ARB@PancakeV3/100 in=25.86 ARB gap=32.3bps profit=$0.007 net=$-0.004"}
{"level":30,"time":1790807079455,"pid":20658,"hostname":"vm","msg":"  ARB>USDC@UniswapV3/100 USDC>ARB@PancakeV3/100 in=10.88 ARB gap=62.1bps profit=$0.007 net=$-0.005"}
{"level":30,"time":1790807079455,"pid":20658,"hostname":"vm","msg":"  ARB>WETH@UniswapV3/500 WETH>ARB@SushiV3/500 in=12.67 ARB gap=44.4bps profit=$0.004 net=$-0.007"}
{"level":30,"time":1790807080009,"pid":20658,"hostname":"vm","block":510477038,"gross":146,"net":0,"sumNetUsd":0,"gasPriceGwei":0.020012,"txCostUsd":0.0134,"syncMs":134,"searchMs":118,"msg":"block scanned"}
{"level":30,"time":1790807080011,"pid":20658,"hostname":"vm","msg":"  ARB>USDC@PancakeV3/500 USDC>ARB@PancakeV3/100 in=15.89 ARB gap=62bps profit=$0.009 net=$-0.002"}
{"level":30,"time":1790807080011,"pid":20658,"hostname":"vm","msg":"  ARB>USDC@UniswapV3/500 USDC>ARB@PancakeV3/100 in=14.68 ARB gap=58.9bps profit=$0.008 net=$-0.003"}
{"level":30,"time":1790807080011,"pid":20658,"hostname":"vm","msg":"  ARB>USDC.e@UniswapV3/500 USDC.e>ARB@PancakeV3/100 in=25.86 ARB gap=32.3bps profit=$0.007 net=$-0.004"}
{"level":30,"time":1790807080011,"pid":20658,"hostname":"vm","msg":"  ARB>USDC@UniswapV3/100 USDC>ARB@PancakeV3/100 in=10.88 ARB gap=62.1bps profit=$0.007 net=$-0.004"}
{"level":30,"time":1790807080011,"pid":20658,"hostname":"vm","msg":"  ARB>WETH@UniswapV3/500 WETH>ARB@SushiV3/500 in=12.67 ARB gap=44.4bps profit=$0.004 net=$-0.007"}
{"level":30,"time":1790807080588,"pid":20658,"hostname":"vm","block":510477040,"gross":146,"net":0,"sumNetUsd":0,"gasPriceGwei":0.020024,"txCostUsd":0.0134,"syncMs":144,"searchMs":124,"msg":"block scanned"}
{"level":30,"time":1790807080588,"pid":20658,"hostname":"vm","msg":"  ARB>USDC@PancakeV3/500 USDC>ARB@PancakeV3/100 in=15.89 ARB gap=62bps profit=$0.009 net=$-0.002"}
{"level":30,"time":1790807080588,"pid":20658,"hostname":"vm","msg":"  ARB>USDC@UniswapV3/500 USDC>ARB@PancakeV3/100 in=14.68 ARB gap=58.9bps profit=$0.008 net=$-0.003"}
{"level":30,"time":1790807080588,"pid":20658,"hostname":"vm","msg":"  ARB>USDC.e@UniswapV3/500 USDC.e>ARB@PancakeV3/100 in=25.86 ARB gap=32.3bps profit=$0.007 net=$-0.004"}
{"level":30,"time":1790807080588,"pid":20658,"hostname":"vm","msg":"  ARB>USDC@UniswapV3/100 USDC>ARB@PancakeV3/100 in=10.88 ARB gap=62.1bps profit=$0.007 net=$-0.004"}
{"level":30,"time":1790807080588,"pid":20658,"hostname":"vm","msg":"  ARB>WETH@UniswapV3/500 WETH>ARB@SushiV3/500 in=12.67 ARB gap=44.4bps profit=$0.004 net=$-0.007"}
{"level":30,"time":1790807081154,"pid":20658,"hostname":"vm","block":510477042,"gross":146,"net":0,"sumNetUsd":0,"gasPriceGwei":0.02001,"txCostUsd":0.0134,"syncMs":148,"searchMs":121,"msg":"block scanned"}
{"level":30,"time":1790807081154,"pid":20658,"hostname":"vm","msg":"  ARB>USDC@PancakeV3/500 USDC>ARB@PancakeV3/100 in=15.89 ARB gap=62bps profit=$0.009 net=$-0.002"}
{"level":30,"time":1790807081154,"pid":20658,"hostname":"vm","msg":"  ARB>USDC@UniswapV3/500 USDC>ARB@PancakeV3/100 in=14.68 ARB gap=58.9bps profit=$0.008 net=$-0.003"}
{"level":30,"time":1790807081154,"pid":20658,"hostname":"vm","msg":"  ARB>USDC.e@UniswapV3/500 USDC.e>ARB@PancakeV3/100 in=25.86 ARB gap=32.3bps profit=$0.007 net=$-0.004"}
{"level":30,"time":1790807081154,"pid":20658,"hostname":"vm","msg":"  ARB>USDC@UniswapV3/100 USDC>ARB@PancakeV3/100 in=10.88 ARB gap=62.1bps profit=$0.007 net=$-0.004"}
{"level":30,"time":1790807081154,"pid":20658,"hostname":"vm","msg":"  ARB>WETH@UniswapV3/500 WETH>ARB@SushiV3/500 in=12.67 ARB gap=44.4bps profit=$0.004 net=$-0.007"}
{"level":30,"time":1790807117168,"pid":20658,"hostname":"vm","block":510477045,"gross":146,"net":0,"sumNetUsd":0,"gasPriceGwei":0.020004,"txCostUsd":0.0134,"syncMs":35570,"searchMs":137,"msg":"block scanned"}
{"level":30,"time":1790807117170,"pid":20658,"hostname":"vm","msg":"  ARB>USDC@PancakeV3/500 USDC>ARB@PancakeV3/100 in=15.89 ARB gap=62bps profit=$0.009 net=$-0.002"}
{"level":30,"time":1790807117170,"pid":20658,"hostname":"vm","msg":"  ARB>USDC@UniswapV3/500 USDC>ARB@PancakeV3/100 in=14.68 ARB gap=58.9bps profit=$0.008 net=$-0.003"}
{"level":30,"time":1790807117170,"pid":20658,"hostname":"vm","msg":"  ARB>USDC.e@UniswapV3/500 USDC.e>ARB@PancakeV3/100 in=25.86 ARB gap=32.3bps profit=$0.007 net=$-0.004"}
{"level":30,"time":1790807117170,"pid":20658,"hostname":"vm","msg":"  ARB>USDC@UniswapV3/100 USDC>ARB@PancakeV3/100 in=10.88 ARB gap=62.1bps profit=$0.007 net=$-0.004"}
{"level":30,"time":1790807117170,"pid":20658,"hostname":"vm","msg":"  ARB>WETH@UniswapV3/500 WETH>ARB@SushiV3/500 in=12.67 ARB gap=44.4bps profit=$0.004 net=$-0.007"}
{"level":30,"time":1790807117574,"pid":20658,"hostname":"vm","block":510477165,"gross":188,"net":3,"sumNetUsd":0,"gasPriceGwei":0.02001,"txCostUsd":0.0134,"syncMs":141,"searchMs":164,"msg":"block scanned"}
{"level":30,"time":1790807117575,"pid":20658,"hostname":"vm","msg":"  ARB>USDC@UniswapV3/500 USDC>ARB@PancakeV3/100 in=17.49 ARB gap=69.1bps profit=$0.011 net=$0.000"}
{"level":30,"time":1790807117575,"pid":20658,"hostname":"vm","msg":"  ARB>USDC.e@UniswapV3/500 USDC.e>ARB@PancakeV3/100 in=31.32 ARB gap=37.8bps profit=$0.010 net=$-0.001"}
{"level":30,"time":1790807117575,"pid":20658,"hostname":"vm","msg":"  ARB>USDC@PancakeV3/500 USDC>ARB@PancakeV3/100 in=15.89 ARB gap=62bps profit=$0.009 net=$-0.002"}
{"level":30,"time":1790807117575,"pid":20658,"hostname":"vm","msg":"  ARB>USDC@UniswapV3/100 USDC>ARB@PancakeV3/100 in=10.88 ARB gap=62.1bps profit=$0.007 net=$-0.004"}
{"level":30,"time":1790807117575,"pid":20658,"hostname":"vm","msg":"  ARB>WETH@UniswapV3/500 WETH>ARB@SushiV3/500 in=13.92 ARB gap=47.8bps profit=$0.005 net=$-0.006"}
{"level":30,"time":1790807118214,"pid":20658,"hostname":"vm","block":510477167,"gross":188,"net":3,"sumNetUsd":0,"gasPriceGwei":0.02011,"txCostUsd":0.0135,"syncMs":173,"searchMs":154,"msg":"block scanned"}
{"level":30,"time":1790807118214,"pid":20658,"hostname":"vm","msg":"  ARB>USDC@UniswapV3/500 USDC>ARB@PancakeV3/100 in=17.49 ARB gap=69.1bps profit=$0.011 net=$0.000"}
{"level":30,"time":1790807118214,"pid":20658,"hostname":"vm","msg":"  ARB>USDC.e@UniswapV3/500 USDC.e>ARB@PancakeV3/100 in=31.32 ARB gap=37.8bps profit=$0.010 net=$-0.001"}
{"level":30,"time":1790807118214,"pid":20658,"hostname":"vm","msg":"  ARB>USDC@PancakeV3/500 USDC>ARB@PancakeV3/100 in=15.89 ARB gap=62bps profit=$0.009 net=$-0.002"}
{"level":30,"time":1790807118214,"pid":20658,"hostname":"vm","msg":"  ARB>USDC@UniswapV3/100 USDC>ARB@PancakeV3/100 in=10.88 ARB gap=62.1bps profit=$0.007 net=$-0.004"}
{"level":30,"time":1790807118214,"pid":20658,"hostname":"vm","msg":"  ARB>WETH@UniswapV3/500 WETH>ARB@SushiV3/500 in=13.92 ARB gap=47.8bps profit=$0.005 net=$-0.006"}
{"level":30,"time":1790807118810,"pid":20658,"hostname":"vm","block":510477170,"gross":178,"net":2,"sumNetUsd":0,"gasPriceGwei":0.02,"txCostUsd":0.0134,"syncMs":137,"searchMs":152,"msg":"block scanned"}
{"level":30,"time":1790807118810,"pid":20658,"hostname":"vm","msg":"  ARB>USDC@UniswapV3/500 USDC>ARB@PancakeV3/100 in=17.49 ARB gap=69.1bps profit=$0.011 net=$0.000"}
{"level":30,"time":1790807118810,"pid":20658,"hostname":"vm","msg":"  ARB>USDC.e@UniswapV3/500 USDC.e>ARB@PancakeV3/100 in=31.32 ARB gap=37.8bps profit=$0.010 net=$-0.001"}
{"level":30,"time":1790807118810,"pid":20658,"hostname":"vm","msg":"  ARB>USDC@PancakeV3/500 USDC>ARB@PancakeV3/100 in=15.89 ARB gap=62bps profit=$0.009 net=$-0.002"}
{"level":30,"time":1790807118810,"pid":20658,"hostname":"vm","msg":"  ARB>USDC@UniswapV3/100 USDC>ARB@PancakeV3/100 in=10.88 ARB gap=62.1bps profit=$0.007 net=$-0.004"}
{"level":30,"time":1790807118810,"pid":20658,"hostname":"vm","msg":"  ARB>WETH@UniswapV3/500 WETH>ARB@SushiV3/500 in=13.92 ARB gap=47.8bps profit=$0.005 net=$-0.006"}
{"level":30,"time":1790807119391,"pid":20658,"hostname":"vm","block":510477172,"gross":178,"net":2,"sumNetUsd":0,"gasPriceGwei":0.020016,"txCostUsd":0.0134,"syncMs":135,"searchMs":139,"msg":"block scanned"}
{"level":30,"time":1790807119391,"pid":20658,"hostname":"vm","msg":"  ARB>USDC@UniswapV3/500 USDC>ARB@PancakeV3/100 in=17.49 ARB gap=69.1bps profit=$0.011 net=$0.000"}
{"level":30,"time":1790807119391,"pid":20658,"hostname":"vm","msg":"  ARB>USDC.e@UniswapV3/500 USDC.e>ARB@PancakeV3/100 in=31.32 ARB gap=37.8bps profit=$0.010 net=$-0.001"}
{"level":30,"time":1790807119391,"pid":20658,"hostname":"vm","msg":"  ARB>USDC@PancakeV3/500 USDC>ARB@PancakeV3/100 in=15.89 ARB gap=62bps profit=$0.009 net=$-0.002"}
{"level":30,"time":1790807119391,"pid":20658,"hostname":"vm","msg":"  ARB>USDC@UniswapV3/100 USDC>ARB@PancakeV3/100 in=10.88 ARB gap=62.1bps profit=$0.007 net=$-0.004"}
{"level":30,"time":1790807119392,"pid":20658,"hostname":"vm","msg":"  ARB>WETH@UniswapV3/500 WETH>ARB@SushiV3/500 in=13.92 ARB gap=47.8bps profit=$0.005 net=$-0.006"}
{"level":30,"time":1790807119980,"pid":20658,"hostname":"vm","block":510477174,"gross":178,"net":2,"sumNetUsd":0,"gasPriceGwei":0.020002,"txCostUsd":0.0134,"syncMs":132,"searchMs":138,"msg":"block scanned"}
{"level":30,"time":1790807119980,"pid":20658,"hostname":"vm","msg":"  ARB>USDC@UniswapV3/500 USDC>ARB@PancakeV3/100 in=17.49 ARB gap=69.1bps profit=$0.011 net=$0.000"}
{"level":30,"time":1790807119980,"pid":20658,"hostname":"vm","msg":"  ARB>USDC.e@UniswapV3/500 USDC.e>ARB@PancakeV3/100 in=31.32 ARB gap=37.8bps profit=$0.010 net=$-0.001"}
{"level":30,"time":1790807119980,"pid":20658,"hostname":"vm","msg":"  ARB>USDC@PancakeV3/500 USDC>ARB@PancakeV3/100 in=15.89 ARB gap=62bps profit=$0.009 net=$-0.002"}
{"level":30,"time":1790807119980,"pid":20658,"hostname":"vm","msg":"  ARB>USDC@UniswapV3/100 USDC>ARB@PancakeV3/100 in=10.88 ARB gap=62.1bps profit=$0.007 net=$-0.004"}
{"level":30,"time":1790807119980,"pid":20658,"hostname":"vm","msg":"  ARB>WETH@UniswapV3/500 WETH>ARB@SushiV3/500 in=13.92 ARB gap=47.8bps profit=$0.005 net=$-0.006"}
{"level":30,"time":1790807120566,"pid":20658,"hostname":"vm","block":510477176,"gross":178,"net":2,"sumNetUsd":0,"gasPriceGwei":0.02002,"txCostUsd":0.0134,"syncMs":133,"searchMs":143,"msg":"block scanned"}
{"level":30,"time":1790807120566,"pid":20658,"hostname":"vm","msg":"  ARB>USDC@UniswapV3/500 USDC>ARB@PancakeV3/100 in=17.49 ARB gap=69.1bps profit=$0.011 net=$0.000"}
{"level":30,"time":1790807120566,"pid":20658,"hostname":"vm","msg":"  ARB>USDC.e@UniswapV3/500 USDC.e>ARB@PancakeV3/100 in=31.32 ARB gap=37.8bps profit=$0.010 net=$-0.001"}
{"level":30,"time":1790807120566,"pid":20658,"hostname":"vm","msg":"  ARB>USDC@PancakeV3/500 USDC>ARB@PancakeV3/100 in=15.89 ARB gap=62bps profit=$0.009 net=$-0.002"}
{"level":30,"time":1790807120566,"pid":20658,"hostname":"vm","msg":"  ARB>USDC@UniswapV3/100 USDC>ARB@PancakeV3/100 in=10.88 ARB gap=62.1bps profit=$0.007 net=$-0.004"}
{"level":30,"time":1790807120566,"pid":20658,"hostname":"vm","msg":"  ARB>WETH@UniswapV3/500 WETH>ARB@SushiV3/500 in=13.92 ARB gap=47.8bps profit=$0.005 net=$-0.006"}
{"level":30,"time":1790807121168,"pid":20658,"hostname":"vm","block":510477178,"gross":178,"net":2,"sumNetUsd":0,"gasPriceGwei":0.02004,"txCostUsd":0.0135,"syncMs":119,"searchMs":150,"msg":"block scanned"}
{"level":30,"time":1790807121168,"pid":20658,"hostname":"vm","msg":"  ARB>USDC@UniswapV3/500 USDC>ARB@PancakeV3/100 in=17.49 ARB gap=69.1bps profit=$0.011 net=$0.000"}
{"level":30,"time":1790807121168,"pid":20658,"hostname":"vm","msg":"  ARB>USDC.e@UniswapV3/500 USDC.e>ARB@PancakeV3/100 in=31.32 ARB gap=37.8bps profit=$0.010 net=$-0.001"}
{"level":30,"time":1790807121168,"pid":20658,"hostname":"vm","msg":"  ARB>USDC@PancakeV3/500 USDC>ARB@PancakeV3/100 in=15.89 ARB gap=62bps profit=$0.009 net=$-0.002"}
{"level":30,"time":1790807121168,"pid":20658,"hostname":"vm","msg":"  ARB>USDC@UniswapV3/100 USDC>ARB@PancakeV3/100 in=10.88 ARB gap=62.1bps profit=$0.007 net=$-0.004"}
{"level":30,"time":1790807121168,"pid":20658,"hostname":"vm","msg":"  ARB>WETH@UniswapV3/500 WETH>ARB@SushiV3/500 in=13.92 ARB gap=47.8bps profit=$0.005 net=$-0.006"}
{"level":30,"time":1790807121753,"pid":20658,"hostname":"vm","block":510477181,"gross":178,"net":2,"sumNetUsd":0,"gasPriceGwei":0.02,"txCostUsd":0.0134,"syncMs":147,"searchMs":135,"msg":"block scanned"}
{"level":30,"time":1790807121753,"pid":20658,"hostname":"vm","msg":"  ARB>USDC@UniswapV3/500 USDC>ARB@PancakeV3/100 in=17.49 ARB gap=69.1bps profit=$0.011 net=$0.000"}
{"level":30,"time":1790807121753,"pid":20658,"hostname":"vm","msg":"  ARB>USDC.e@UniswapV3/500 USDC.e>ARB@PancakeV3/100 in=31.32 ARB gap=37.8bps profit=$0.010 net=$-0.001"}
{"level":30,"time":1790807121753,"pid":20658,"hostname":"vm","msg":"  ARB>USDC@PancakeV3/500 USDC>ARB@PancakeV3/100 in=15.89 ARB gap=62bps profit=$0.009 net=$-0.002"}
{"level":30,"time":1790807121754,"pid":20658,"hostname":"vm","msg":"  ARB>USDC@UniswapV3/100 USDC>ARB@PancakeV3/100 in=10.88 ARB gap=62.1bps profit=$0.007 net=$-0.004"}
{"level":30,"time":1790807121754,"pid":20658,"hostname":"vm","msg":"  ARB>WETH@UniswapV3/500 WETH>ARB@SushiV3/500 in=13.92 ARB gap=47.8bps profit=$0.005 net=$-0.006"}
{"level":30,"time":1790807122384,"pid":20658,"hostname":"vm","block":510477183,"gross":178,"net":2,"sumNetUsd":0,"gasPriceGwei":0.020126,"txCostUsd":0.0135,"syncMs":134,"searchMs":182,"msg":"block scanned"}
{"level":30,"time":1790807122384,"pid":20658,"hostname":"vm","msg":"  ARB>USDC@UniswapV3/500 USDC>ARB@PancakeV3/100 in=17.49 ARB gap=69.1bps profit=$0.011 net=$0.000"}
{"level":30,"time":1790807122384,"pid":20658,"hostname":"vm","msg":"  ARB>USDC.e@UniswapV3/500 USDC.e>ARB@PancakeV3/100 in=31.32 ARB gap=37.8bps profit=$0.010 net=$-0.001"}
{"level":30,"time":1790807122384,"pid":20658,"hostname":"vm","msg":"  ARB>USDC@PancakeV3/500 USDC>ARB@PancakeV3/100 in=15.89 ARB gap=62bps profit=$0.009 net=$-0.002"}
{"level":30,"time":1790807122384,"pid":20658,"hostname":"vm","msg":"  ARB>USDC@UniswapV3/100 USDC>ARB@PancakeV3/100 in=10.88 ARB gap=62.1bps profit=$0.007 net=$-0.005"}
{"level":30,"time":1790807122384,"pid":20658,"hostname":"vm","msg":"  ARB>WETH@UniswapV3/500 WETH>ARB@SushiV3/500 in=13.92 ARB gap=47.8bps profit=$0.005 net=$-0.006"}
{"level":30,"time":1790807122979,"pid":20658,"hostname":"vm","block":510477185,"gross":178,"net":2,"sumNetUsd":0,"gasPriceGwei":0.02,"txCostUsd":0.0134,"syncMs":135,"searchMs":155,"msg":"block scanned"}
{"level":30,"time":1790807122979,"pid":20658,"hostname":"vm","msg":"  ARB>USDC@UniswapV3/500 USDC>ARB@PancakeV3/100 in=17.49 ARB gap=69.1bps profit=$0.011 net=$0.000"}
{"level":30,"time":1790807122979,"pid":20658,"hostname":"vm","msg":"  ARB>USDC.e@UniswapV3/500 USDC.e>ARB@PancakeV3/100 in=31.32 ARB gap=37.8bps profit=$0.010 net=$-0.001"}
{"level":30,"time":1790807122979,"pid":20658,"hostname":"vm","msg":"  ARB>USDC@PancakeV3/500 USDC>ARB@PancakeV3/100 in=15.89 ARB gap=62bps profit=$0.009 net=$-0.002"}
{"level":30,"time":1790807122979,"pid":20658,"hostname":"vm","msg":"  ARB>USDC@UniswapV3/100 USDC>ARB@PancakeV3/100 in=10.88 ARB gap=62.1bps profit=$0.007 net=$-0.004"}
{"level":30,"time":1790807122979,"pid":20658,"hostname":"vm","msg":"  ARB>WETH@UniswapV3/500 WETH>ARB@SushiV3/500 in=13.92 ARB gap=47.8bps profit=$0.005 net=$-0.006"}
{"level":30,"time":1790807123588,"pid":20658,"hostname":"vm","block":510477187,"gross":178,"net":2,"sumNetUsd":0,"gasPriceGwei":0.020026,"txCostUsd":0.0134,"syncMs":148,"searchMs":149,"msg":"block scanned"}
{"level":30,"time":1790807123588,"pid":20658,"hostname":"vm","msg":"  ARB>USDC@UniswapV3/500 USDC>ARB@PancakeV3/100 in=17.49 ARB gap=69.1bps profit=$0.011 net=$0.000"}
{"level":30,"time":1790807123588,"pid":20658,"hostname":"vm","msg":"  ARB>USDC.e@UniswapV3/500 USDC.e>ARB@PancakeV3/100 in=31.32 ARB gap=37.8bps profit=$0.010 net=$-0.001"}
{"level":30,"time":1790807123588,"pid":20658,"hostname":"vm","msg":"  ARB>USDC@PancakeV3/500 USDC>ARB@PancakeV3/100 in=15.89 ARB gap=62bps profit=$0.009 net=$-0.002"}
{"level":30,"time":1790807123588,"pid":20658,"hostname":"vm","msg":"  ARB>USDC@UniswapV3/100 USDC>ARB@PancakeV3/100 in=10.88 ARB gap=62.1bps profit=$0.007 net=$-0.004"}
{"level":30,"time":1790807123588,"pid":20658,"hostname":"vm","msg":"  ARB>WETH@UniswapV3/500 WETH>ARB@SushiV3/500 in=13.92 ARB gap=47.8bps profit=$0.005 net=$-0.006"}
{"level":30,"time":1790807124168,"pid":20658,"hostname":"vm","block":510477189,"gross":178,"net":2,"sumNetUsd":0,"gasPriceGwei":0.02,"txCostUsd":0.0134,"syncMs":139,"searchMs":142,"msg":"block scanned"}
{"level":30,"time":1790807124168,"pid":20658,"hostname":"vm","msg":"  ARB>USDC@UniswapV3/500 USDC>ARB@PancakeV3/100 in=17.49 ARB gap=69.1bps profit=$0.011 net=$0.000"}
{"level":30,"time":1790807124168,"pid":20658,"hostname":"vm","msg":"  ARB>USDC.e@UniswapV3/500 USDC.e>ARB@PancakeV3/100 in=31.32 ARB gap=37.8bps profit=$0.010 net=$-0.001"}
{"level":30,"time":1790807124168,"pid":20658,"hostname":"vm","msg":"  ARB>USDC@PancakeV3/500 USDC>ARB@PancakeV3/100 in=15.89 ARB gap=62bps profit=$0.009 net=$-0.002"}
{"level":30,"time":1790807124168,"pid":20658,"hostname":"vm","msg":"  ARB>USDC@UniswapV3/100 USDC>ARB@PancakeV3/100 in=10.88 ARB gap=62.1bps profit=$0.007 net=$-0.004"}
{"level":30,"time":1790807124168,"pid":20658,"hostname":"vm","msg":"  ARB>WETH@UniswapV3/500 WETH>ARB@SushiV3/500 in=13.92 ARB gap=47.8bps profit=$0.005 net=$-0.006"}
{"level":30,"time":1790807124751,"pid":20658,"hostname":"vm","block":510477191,"gross":178,"net":2,"sumNetUsd":0,"gasPriceGwei":0.02,"txCostUsd":0.0134,"syncMs":137,"searchMs":136,"msg":"block scanned"}
{"level":30,"time":1790807124751,"pid":20658,"hostname":"vm","msg":"  ARB>USDC@UniswapV3/500 USDC>ARB@PancakeV3/100 in=17.49 ARB gap=69.1bps profit=$0.011 net=$0.000"}
{"level":30,"time":1790807124751,"pid":20658,"hostname":"vm","msg":"  ARB>USDC.e@UniswapV3/500 USDC.e>ARB@PancakeV3/100 in=31.32 ARB gap=37.8bps profit=$0.010 net=$-0.001"}
{"level":30,"time":1790807124751,"pid":20658,"hostname":"vm","msg":"  ARB>USDC@PancakeV3/500 USDC>ARB@PancakeV3/100 in=15.89 ARB gap=62bps profit=$0.009 net=$-0.002"}
{"level":30,"time":1790807124752,"pid":20658,"hostname":"vm","msg":"  ARB>USDC@UniswapV3/100 USDC>ARB@PancakeV3/100 in=10.88 ARB gap=62.1bps profit=$0.007 net=$-0.004"}
{"level":30,"time":1790807124752,"pid":20658,"hostname":"vm","msg":"  ARB>WETH@UniswapV3/500 WETH>ARB@SushiV3/500 in=13.92 ARB gap=47.8bps profit=$0.005 net=$-0.006"}
{"level":30,"time":1790807125354,"pid":20658,"hostname":"vm","block":510477193,"gross":178,"net":2,"sumNetUsd":0,"gasPriceGwei":0.020114,"txCostUsd":0.0135,"syncMs":154,"searchMs":149,"msg":"block scanned"}
{"level":30,"time":1790807125354,"pid":20658,"hostname":"vm","msg":"  ARB>USDC@UniswapV3/500 USDC>ARB@PancakeV3/100 in=17.49 ARB gap=69.1bps profit=$0.011 net=$0.000"}
{"level":30,"time":1790807125354,"pid":20658,"hostname":"vm","msg":"  ARB>USDC.e@UniswapV3/500 USDC.e>ARB@PancakeV3/100 in=31.32 ARB gap=37.8bps profit=$0.010 net=$-0.001"}
{"level":30,"time":1790807125354,"pid":20658,"hostname":"vm","msg":"  ARB>USDC@PancakeV3/500 USDC>ARB@PancakeV3/100 in=15.89 ARB gap=62bps profit=$0.009 net=$-0.002"}
{"level":30,"time":1790807125354,"pid":20658,"hostname":"vm","msg":"  ARB>USDC@UniswapV3/100 USDC>ARB@PancakeV3/100 in=10.88 ARB gap=62.1bps profit=$0.007 net=$-0.005"}
{"level":30,"time":1790807125354,"pid":20658,"hostname":"vm","msg":"  ARB>WETH@UniswapV3/500 WETH>ARB@SushiV3/500 in=13.92 ARB gap=47.8bps profit=$0.005 net=$-0.006"}
{"level":30,"time":1790807161255,"pid":20658,"hostname":"vm","block":510477196,"gross":178,"net":2,"sumNetUsd":0,"gasPriceGwei":0.020022,"txCostUsd":0.0134,"syncMs":35461,"searchMs":136,"msg":"block scanned"}
{"level":30,"time":1790807161255,"pid":20658,"hostname":"vm","msg":"  ARB>USDC@UniswapV3/500 USDC>ARB@PancakeV3/100 in=17.49 ARB gap=69.1bps profit=$0.011 net=$0.000"}
{"level":30,"time":1790807161255,"pid":20658,"hostname":"vm","msg":"  ARB>USDC.e@UniswapV3/500 USDC.e>ARB@PancakeV3/100 in=31.32 ARB gap=37.8bps profit=$0.010 net=$-0.001"}
{"level":30,"time":1790807161255,"pid":20658,"hostname":"vm","msg":"  ARB>USDC@PancakeV3/500 USDC>ARB@PancakeV3/100 in=15.89 ARB gap=62bps profit=$0.009 net=$-0.002"}
{"level":30,"time":1790807161255,"pid":20658,"hostname":"vm","msg":"  ARB>USDC@UniswapV3/100 USDC>ARB@PancakeV3/100 in=10.88 ARB gap=62.1bps profit=$0.007 net=$-0.004"}
{"level":30,"time":1790807161255,"pid":20658,"hostname":"vm","msg":"  ARB>WETH@UniswapV3/500 WETH>ARB@SushiV3/500 in=13.92 ARB gap=47.8bps profit=$0.005 net=$-0.006"}
{"level":30,"time":1790807161637,"pid":20658,"hostname":"vm","block":510477314,"gross":172,"net":2,"sumNetUsd":0,"gasPriceGwei":0.02,"txCostUsd":0.0134,"syncMs":143,"searchMs":137,"msg":"block scanned"}
{"level":30,"time":1790807161637,"pid":20658,"hostname":"vm","msg":"  ARB>USDC@UniswapV3/500 USDC>ARB@PancakeV3/100 in=17.49 ARB gap=69.1bps profit=$0.011 net=$0.000"}
{"level":30,"time":1790807161637,"pid":20658,"hostname":"vm","msg":"  ARB>USDC.e@UniswapV3/500 USDC.e>ARB@PancakeV3/100 in=31.32 ARB gap=37.8bps profit=$0.010 net=$-0.001"}
{"level":30,"time":1790807161637,"pid":20658,"hostname":"vm","msg":"  ARB>USDC@PancakeV3/500 USDC>ARB@PancakeV3/100 in=15.89 ARB gap=62bps profit=$0.009 net=$-0.002"}
{"level":30,"time":1790807161637,"pid":20658,"hostname":"vm","msg":"  ARB>USDC@UniswapV3/100 USDC>ARB@PancakeV3/100 in=10.88 ARB gap=62.1bps profit=$0.007 net=$-0.004"}
{"level":30,"time":1790807161637,"pid":20658,"hostname":"vm","msg":"  ARB>WETH@UniswapV3/500 WETH>ARB@SushiV3/500 in=13.55 ARB gap=46.8bps profit=$0.005 net=$-0.006"}
{"level":30,"time":1790807162276,"pid":20658,"hostname":"vm","block":510477316,"gross":172,"net":2,"sumNetUsd":0,"gasPriceGwei":0.020082,"txCostUsd":0.0135,"syncMs":159,"searchMs":147,"msg":"block scanned"}
{"level":30,"time":1790807162276,"pid":20658,"hostname":"vm","msg":"  ARB>USDC@UniswapV3/500 USDC>ARB@PancakeV3/100 in=17.49 ARB gap=69.1bps profit=$0.011 net=$0.000"}
{"level":30,"time":1790807162276,"pid":20658,"hostname":"vm","msg":"  ARB>USDC.e@UniswapV3/500 USDC.e>ARB@PancakeV3/100 in=31.32 ARB gap=37.8bps profit=$0.010 net=$-0.001"}
{"level":30,"time":1790807162276,"pid":20658,"hostname":"vm","msg":"  ARB>USDC@PancakeV3/500 USDC>ARB@PancakeV3/100 in=15.89 ARB gap=62bps profit=$0.009 net=$-0.002"}
{"level":30,"time":1790807162276,"pid":20658,"hostname":"vm","msg":"  ARB>USDC@UniswapV3/100 USDC>ARB@PancakeV3/100 in=10.88 ARB gap=62.1bps profit=$0.007 net=$-0.004"}
{"level":30,"time":1790807162276,"pid":20658,"hostname":"vm","msg":"  ARB>WETH@UniswapV3/500 WETH>ARB@SushiV3/500 in=13.55 ARB gap=46.8bps profit=$0.005 net=$-0.006"}
{"level":30,"time":1790807162891,"pid":20658,"hostname":"vm","block":510477318,"gross":172,"net":2,"sumNetUsd":0,"gasPriceGwei":0.02,"txCostUsd":0.0134,"syncMs":151,"searchMs":163,"msg":"block scanned"}
{"level":30,"time":1790807162891,"pid":20658,"hostname":"vm","msg":"  ARB>USDC@UniswapV3/500 USDC>ARB@PancakeV3/100 in=17.49 ARB gap=69.1bps profit=$0.011 net=$0.000"}
{"level":30,"time":1790807162891,"pid":20658,"hostname":"vm","msg":"  ARB>USDC.e@UniswapV3/500 USDC.e>ARB@PancakeV3/100 in=31.32 ARB gap=37.8bps profit=$0.010 net=$-0.001"}
{"level":30,"time":1790807162891,"pid":20658,"hostname":"vm","msg":"  ARB>USDC@PancakeV3/500 USDC>ARB@PancakeV3/100 in=15.89 ARB gap=62bps profit=$0.009 net=$-0.002"}
{"level":30,"time":1790807162891,"pid":20658,"hostname":"vm","msg":"  ARB>USDC@UniswapV3/100 USDC>ARB@PancakeV3/100 in=10.88 ARB gap=62.1bps profit=$0.007 net=$-0.004"}
{"level":30,"time":1790807162891,"pid":20658,"hostname":"vm","msg":"  ARB>WETH@UniswapV3/500 WETH>ARB@SushiV3/500 in=13.55 ARB gap=46.8bps profit=$0.005 net=$-0.006"}
{"level":30,"time":1790807163484,"pid":20658,"hostname":"vm","block":510477321,"gross":172,"net":2,"sumNetUsd":0,"gasPriceGwei":0.020096,"txCostUsd":0.0135,"syncMs":140,"searchMs":137,"msg":"block scanned"}
{"level":30,"time":1790807163484,"pid":20658,"hostname":"vm","msg":"  ARB>USDC@UniswapV3/500 USDC>ARB@PancakeV3/100 in=17.49 ARB gap=69.1bps profit=$0.011 net=$0.000"}
{"level":30,"time":1790807163484,"pid":20658,"hostname":"vm","msg":"  ARB>USDC.e@UniswapV3/500 USDC.e>ARB@PancakeV3/100 in=31.32 ARB gap=37.8bps profit=$0.010 net=$-0.001"}
{"level":30,"time":1790807163484,"pid":20658,"hostname":"vm","msg":"  ARB>USDC@PancakeV3/500 USDC>ARB@PancakeV3/100 in=15.89 ARB gap=62bps profit=$0.009 net=$-0.002"}
{"level":30,"time":1790807163484,"pid":20658,"hostname":"vm","msg":"  ARB>USDC@UniswapV3/100 USDC>ARB@PancakeV3/100 in=10.88 ARB gap=62.1bps profit=$0.007 net=$-0.004"}
{"level":30,"time":1790807163484,"pid":20658,"hostname":"vm","msg":"  ARB>WETH@UniswapV3/500 WETH>ARB@SushiV3/500 in=13.55 ARB gap=46.8bps profit=$0.005 net=$-0.006"}
{"level":30,"time":1790807164116,"pid":20658,"hostname":"vm","block":510477323,"gross":172,"net":2,"sumNetUsd":0,"gasPriceGwei":0.020034,"txCostUsd":0.0134,"syncMs":159,"searchMs":162,"msg":"block scanned"}
{"level":30,"time":1790807164116,"pid":20658,"hostname":"vm","msg":"  ARB>USDC@UniswapV3/500 USDC>ARB@PancakeV3/100 in=17.49 ARB gap=69.1bps profit=$0.011 net=$0.000"}
{"level":30,"time":1790807164116,"pid":20658,"hostname":"vm","msg":"  ARB>USDC@PancakeV3/500 USDC>ARB@PancakeV3/100 in=17.20 ARB gap=66.6bps profit=$0.011 net=$-0.001"}
{"level":30,"time":1790807164116,"pid":20658,"hostname":"vm","msg":"  ARB>USDC.e@UniswapV3/500 USDC.e>ARB@PancakeV3/100 in=31.32 ARB gap=37.8bps profit=$0.010 net=$-0.001"}
{"level":30,"time":1790807164116,"pid":20658,"hostname":"vm","msg":"  ARB>USDC@UniswapV3/100 USDC>ARB@PancakeV3/100 in=10.88 ARB gap=62.1bps profit=$0.007 net=$-0.004"}
{"level":30,"time":1790807164116,"pid":20658,"hostname":"vm","msg":"  ARB>WETH@UniswapV3/500 WETH>ARB@SushiV3/500 in=13.55 ARB gap=46.8bps profit=$0.005 net=$-0.006"}
{"level":30,"time":1790807164705,"pid":20658,"hostname":"vm","block":510477325,"gross":172,"net":2,"sumNetUsd":0,"gasPriceGwei":0.020072,"txCostUsd":0.0135,"syncMs":148,"searchMs":135,"msg":"block scanned"}
{"level":30,"time":1790807164705,"pid":20658,"hostname":"vm","msg":"  ARB>USDC@UniswapV3/500 USDC>ARB@PancakeV3/100 in=17.49 ARB gap=69.1bps profit=$0.011 net=$0.000"}
{"level":30,"time":1790807164705,"pid":20658,"hostname":"vm","msg":"  ARB>USDC@PancakeV3/500 USDC>ARB@PancakeV3/100 in=17.20 ARB gap=66.6bps profit=$0.011 net=$-0.001"}
{"level":30,"time":1790807164705,"pid":20658,"hostname":"vm","msg":"  ARB>USDC.e@UniswapV3/500 USDC.e>ARB@PancakeV3/100 in=31.32 ARB gap=37.8bps profit=$0.010 net=$-0.001"}
{"level":30,"time":1790807164705,"pid":20658,"hostname":"vm","msg":"  ARB>USDC@UniswapV3/100 USDC>ARB@PancakeV3/100 in=10.88 ARB gap=62.1bps profit=$0.007 net=$-0.004"}
{"level":30,"time":1790807164705,"pid":20658,"hostname":"vm","msg":"  ARB>WETH@UniswapV3/500 WETH>ARB@SushiV3/500 in=13.55 ARB gap=46.8bps profit=$0.005 net=$-0.006"}
{"level":30,"time":1790807165302,"pid":20658,"hostname":"vm","block":510477327,"gross":172,"net":2,"sumNetUsd":0,"gasPriceGwei":0.020036,"txCostUsd":0.0134,"syncMs":152,"searchMs":137,"msg":"block scanned"}
{"level":30,"time":1790807165302,"pid":20658,"hostname":"vm","msg":"  ARB>USDC@UniswapV3/500 USDC>ARB@PancakeV3/100 in=17.49 ARB gap=69.1bps profit=$0.011 net=$0.000"}
{"level":30,"time":1790807165302,"pid":20658,"hostname":"vm","msg":"  ARB>USDC@PancakeV3/500 USDC>ARB@PancakeV3/100 in=17.20 ARB gap=66.6bps profit=$0.011 net=$-0.001"}
{"level":30,"time":1790807165302,"pid":20658,"hostname":"vm","msg":"  ARB>USDC.e@UniswapV3/500 USDC.e>ARB@PancakeV3/100 in=31.32 ARB gap=37.8bps profit=$0.010 net=$-0.001"}
{"level":30,"time":1790807165302,"pid":20658,"hostname":"vm","msg":"  ARB>USDC@UniswapV3/100 USDC>ARB@PancakeV3/100 in=10.88 ARB gap=62.1bps profit=$0.007 net=$-0.004"}
{"level":30,"time":1790807165302,"pid":20658,"hostname":"vm","msg":"  ARB>WETH@UniswapV3/500 WETH>ARB@SushiV3/500 in=13.55 ARB gap=46.8bps profit=$0.005 net=$-0.006"}
{"level":30,"time":1790807165901,"pid":20658,"hostname":"vm","block":510477329,"gross":172,"net":2,"sumNetUsd":0,"gasPriceGwei":0.02,"txCostUsd":0.0134,"syncMs":151,"searchMs":139,"msg":"block scanned"}
{"level":30,"time":1790807165901,"pid":20658,"hostname":"vm","msg":"  ARB>USDC@UniswapV3/500 USDC>ARB@PancakeV3/100 in=17.49 ARB gap=69.1bps profit=$0.011 net=$0.000"}
{"level":30,"time":1790807165901,"pid":20658,"hostname":"vm","msg":"  ARB>USDC@PancakeV3/500 USDC>ARB@PancakeV3/100 in=17.20 ARB gap=66.6bps profit=$0.011 net=$-0.001"}
{"level":30,"time":1790807165901,"pid":20658,"hostname":"vm","msg":"  ARB>USDC.e@UniswapV3/500 USDC.e>ARB@PancakeV3/100 in=31.32 ARB gap=37.8bps profit=$0.010 net=$-0.001"}
{"level":30,"time":1790807165901,"pid":20658,"hostname":"vm","msg":"  ARB>USDC@UniswapV3/100 USDC>ARB@PancakeV3/100 in=10.88 ARB gap=62.1bps profit=$0.007 net=$-0.004"}
{"level":30,"time":1790807165901,"pid":20658,"hostname":"vm","msg":"  ARB>WETH@UniswapV3/500 WETH>ARB@SushiV3/500 in=13.55 ARB gap=46.8bps profit=$0.005 net=$-0.006"}
{"level":30,"time":1790807166510,"pid":20658,"hostname":"vm","block":510477330,"gross":172,"net":2,"sumNetUsd":0,"gasPriceGwei":0.02001,"txCostUsd":0.0134,"syncMs":161,"searchMs":137,"msg":"block scanned"}
{"level":30,"time":1790807166511,"pid":20658,"hostname":"vm","msg":"  ARB>USDC@UniswapV3/500 USDC>ARB@PancakeV3/100 in=17.49 ARB gap=69.1bps profit=$0.011 net=$0.000"}
{"level":30,"time":1790807166511,"pid":20658,"hostname":"vm","msg":"  ARB>USDC@PancakeV3/500 USDC>ARB@PancakeV3/100 in=17.20 ARB gap=66.6bps profit=$0.011 net=$-0.001"}
{"level":30,"time":1790807166511,"pid":20658,"hostname":"vm","msg":"  ARB>USDC.e@UniswapV3/500 USDC.e>ARB@PancakeV3/100 in=31.32 ARB gap=37.8bps profit=$0.010 net=$-0.001"}
{"level":30,"time":1790807166511,"pid":20658,"hostname":"vm","msg":"  ARB>USDC@UniswapV3/100 USDC>ARB@PancakeV3/100 in=10.88 ARB gap=62.1bps profit=$0.007 net=$-0.004"}
{"level":30,"time":1790807166511,"pid":20658,"hostname":"vm","msg":"  ARB>WETH@UniswapV3/500 WETH>ARB@SushiV3/500 in=13.55 ARB gap=46.8bps profit=$0.005 net=$-0.006"}
{"level":30,"time":1790807167103,"pid":20658,"hostname":"vm","block":510477332,"gross":172,"net":2,"sumNetUsd":0,"gasPriceGwei":0.020002,"txCostUsd":0.0134,"syncMs":145,"searchMs":141,"msg":"block scanned"}
{"level":30,"time":1790807167103,"pid":20658,"hostname":"vm","msg":"  ARB>USDC@UniswapV3/500 USDC>ARB@PancakeV3/100 in=17.49 ARB gap=69.1bps profit=$0.011 net=$0.000"}
{"level":30,"time":1790807167103,"pid":20658,"hostname":"vm","msg":"  ARB>USDC@PancakeV3/500 USDC>ARB@PancakeV3/100 in=17.20 ARB gap=66.6bps profit=$0.011 net=$-0.001"}
{"level":30,"time":1790807167103,"pid":20658,"hostname":"vm","msg":"  ARB>USDC.e@UniswapV3/500 USDC.e>ARB@PancakeV3/100 in=31.32 ARB gap=37.8bps profit=$0.010 net=$-0.001"}
{"level":30,"time":1790807167103,"pid":20658,"hostname":"vm","msg":"  ARB>USDC@UniswapV3/100 USDC>ARB@PancakeV3/100 in=10.88 ARB gap=62.1bps profit=$0.007 net=$-0.004"}
{"level":30,"time":1790807167103,"pid":20658,"hostname":"vm","msg":"  ARB>WETH@UniswapV3/500 WETH>ARB@SushiV3/500 in=13.55 ARB gap=46.8bps profit=$0.005 net=$-0.006"}
{"level":30,"time":1790807167686,"pid":20658,"hostname":"vm","block":510477334,"gross":172,"net":2,"sumNetUsd":0,"gasPriceGwei":0.02,"txCostUsd":0.0134,"syncMs":131,"searchMs":138,"msg":"block scanned"}
{"level":30,"time":1790807167686,"pid":20658,"hostname":"vm","msg":"  ARB>USDC@UniswapV3/500 USDC>ARB@PancakeV3/100 in=17.49 ARB gap=69.1bps profit=$0.011 net=$0.000"}
{"level":30,"time":1790807167686,"pid":20658,"hostname":"vm","msg":"  ARB>USDC@PancakeV3/500 USDC>ARB@PancakeV3/100 in=17.20 ARB gap=66.6bps profit=$0.011 net=$-0.001"}
{"level":30,"time":1790807167686,"pid":20658,"hostname":"vm","msg":"  ARB>USDC.e@UniswapV3/500 USDC.e>ARB@PancakeV3/100 in=31.32 ARB gap=37.8bps profit=$0.010 net=$-0.001"}
{"level":30,"time":1790807167686,"pid":20658,"hostname":"vm","msg":"  ARB>USDC@UniswapV3/100 USDC>ARB@PancakeV3/100 in=10.88 ARB gap=62.1bps profit=$0.007 net=$-0.004"}
{"level":30,"time":1790807167686,"pid":20658,"hostname":"vm","msg":"  ARB>WETH@UniswapV3/500 WETH>ARB@SushiV3/500 in=13.55 ARB gap=46.8bps profit=$0.005 net=$-0.006"}
{"level":30,"time":1790807168281,"pid":20658,"hostname":"vm","block":510477336,"gross":172,"net":2,"sumNetUsd":0,"gasPriceGwei":0.020026,"txCostUsd":0.0134,"syncMs":148,"searchMs":143,"msg":"block scanned"}
{"level":30,"time":1790807168281,"pid":20658,"hostname":"vm","msg":"  ARB>USDC@UniswapV3/500 USDC>ARB@PancakeV3/100 in=17.49 ARB gap=69.1bps profit=$0.011 net=$0.000"}
{"level":30,"time":1790807168281,"pid":20658,"hostname":"vm","msg":"  ARB>USDC@PancakeV3/500 USDC>ARB@PancakeV3/100 in=17.20 ARB gap=66.6bps profit=$0.011 net=$-0.001"}
{"level":30,"time":1790807168281,"pid":20658,"hostname":"vm","msg":"  ARB>USDC.e@UniswapV3/500 USDC.e>ARB@PancakeV3/100 in=31.32 ARB gap=37.8bps profit=$0.010 net=$-0.001"}
{"level":30,"time":1790807168281,"pid":20658,"hostname":"vm","msg":"  ARB>USDC@UniswapV3/100 USDC>ARB@PancakeV3/100 in=10.88 ARB gap=62.1bps profit=$0.007 net=$-0.004"}
{"level":30,"time":1790807168281,"pid":20658,"hostname":"vm","msg":"  ARB>WETH@UniswapV3/500 WETH>ARB@SushiV3/500 in=13.55 ARB gap=46.8bps profit=$0.005 net=$-0.006"}
{"level":30,"time":1790807168899,"pid":20658,"hostname":"vm","block":510477338,"gross":172,"net":2,"sumNetUsd":0,"gasPriceGwei":0.02,"txCostUsd":0.0134,"syncMs":147,"searchMs":152,"msg":"block scanned"}
{"level":30,"time":1790807168899,"pid":20658,"hostname":"vm","msg":"  ARB>USDC@UniswapV3/500 USDC>ARB@PancakeV3/100 in=17.49 ARB gap=69.1bps profit=$0.011 net=$0.000"}
{"level":30,"time":1790807168899,"pid":20658,"hostname":"vm","msg":"  ARB>USDC@PancakeV3/500 USDC>ARB@PancakeV3/100 in=17.20 ARB gap=66.6bps profit=$0.011 net=$-0.001"}
{"level":30,"time":1790807168899,"pid":20658,"hostname":"vm","msg":"  ARB>USDC.e@UniswapV3/500 USDC.e>ARB@PancakeV3/100 in=31.32 ARB gap=37.8bps profit=$0.010 net=$-0.001"}
{"level":30,"time":1790807168899,"pid":20658,"hostname":"vm","msg":"  ARB>USDC@UniswapV3/100 USDC>ARB@PancakeV3/100 in=10.88 ARB gap=62.1bps profit=$0.007 net=$-0.004"}
{"level":30,"time":1790807168899,"pid":20658,"hostname":"vm","msg":"  ARB>WETH@UniswapV3/500 WETH>ARB@SushiV3/500 in=13.55 ARB gap=46.8bps profit=$0.005 net=$-0.006"}
{"level":30,"time":1790807169503,"pid":20658,"hostname":"vm","block":510477339,"gross":172,"net":2,"sumNetUsd":0,"gasPriceGwei":0.02018,"txCostUsd":0.0135,"syncMs":158,"searchMs":143,"msg":"block scanned"}
{"level":30,"time":1790807169504,"pid":20658,"hostname":"vm","msg":"  ARB>USDC@UniswapV3/500 USDC>ARB@PancakeV3/100 in=17.49 ARB gap=69.1bps profit=$0.011 net=$0.000"}
{"level":30,"time":1790807169504,"pid":20658,"hostname":"vm","msg":"  ARB>USDC@PancakeV3/500 USDC>ARB@PancakeV3/100 in=17.20 ARB gap=66.6bps profit=$0.011 net=$-0.001"}
{"level":30,"time":1790807169504,"pid":20658,"hostname":"vm","msg":"  ARB>USDC.e@UniswapV3/500 USDC.e>ARB@PancakeV3/100 in=31.32 ARB gap=37.8bps profit=$0.010 net=$-0.001"}
{"level":30,"time":1790807169504,"pid":20658,"hostname":"vm","msg":"  ARB>USDC@UniswapV3/100 USDC>ARB@PancakeV3/100 in=10.88 ARB gap=62.1bps profit=$0.007 net=$-0.005"}
{"level":30,"time":1790807169504,"pid":20658,"hostname":"vm","msg":"  ARB>WETH@UniswapV3/500 WETH>ARB@SushiV3/500 in=13.55 ARB gap=46.8bps profit=$0.005 net=$-0.006"}
{"level":30,"time":1790807204821,"pid":20658,"hostname":"vm","block":510477341,"gross":172,"net":2,"sumNetUsd":0,"gasPriceGwei":0.020106,"txCostUsd":0.0135,"syncMs":34859,"searchMs":149,"msg":"block scanned"}
{"level":30,"time":1790807204821,"pid":20658,"hostname":"vm","msg":"  ARB>USDC@UniswapV3/500 USDC>ARB@PancakeV3/100 in=17.49 ARB gap=69.1bps profit=$0.011 net=$0.000"}
{"level":30,"time":1790807204821,"pid":20658,"hostname":"vm","msg":"  ARB>USDC@PancakeV3/500 USDC>ARB@PancakeV3/100 in=17.20 ARB gap=66.6bps profit=$0.011 net=$-0.001"}
{"level":30,"time":1790807204821,"pid":20658,"hostname":"vm","msg":"  ARB>USDC.e@UniswapV3/500 USDC.e>ARB@PancakeV3/100 in=31.32 ARB gap=37.8bps profit=$0.010 net=$-0.001"}
{"level":30,"time":1790807204821,"pid":20658,"hostname":"vm","msg":"  ARB>USDC@UniswapV3/100 USDC>ARB@PancakeV3/100 in=10.88 ARB gap=62.1bps profit=$0.007 net=$-0.004"}
{"level":30,"time":1790807204821,"pid":20658,"hostname":"vm","msg":"  ARB>WETH@UniswapV3/500 WETH>ARB@SushiV3/500 in=13.55 ARB gap=46.8bps profit=$0.005 net=$-0.006"}
{"level":30,"time":1790807205252,"pid":20658,"hostname":"vm","block":510477461,"gross":196,"net":2,"sumNetUsd":0.001,"gasPriceGwei":0.020118,"txCostUsd":0.0135,"syncMs":153,"searchMs":172,"msg":"block scanned"}
{"level":30,"time":1790807205252,"pid":20658,"hostname":"vm","msg":"  ARB>USDC.e@UniswapV3/500 USDC.e>ARB@PancakeV3/500 in=46.68 ARB gap=34.7bps profit=$0.012 net=$0.001"}
{"level":30,"time":1790807205252,"pid":20658,"hostname":"vm","msg":"  ARB>WETH@UniswapV3/500 WETH>ARB@SushiV3/500 in=18.38 ARB gap=60bps profit=$0.009 net=$-0.002"}
{"level":30,"time":1790807205252,"pid":20658,"hostname":"vm","msg":"  ARB>WETH@PancakeV3/500 WETH>ARB@SushiV3/500 in=11.16 ARB gap=45bps profit=$0.004 net=$-0.007"}
{"level":30,"time":1790807205252,"pid":20658,"hostname":"vm","msg":"  ARB>WETH@UniswapV3/500 WETH>ARB@PancakeV3/100 in=9.600 ARB gap=44.3bps profit=$0.004 net=$-0.007"}
{"level":30,"time":1790807205252,"pid":20658,"hostname":"vm","msg":"  ARB>USDC.e@UniswapV3/500 USDC.e>ARB@UniswapV3/3000 in=12.65 ARB gap=61.5bps profit=$0.003 net=$-0.008"}
{"level":30,"time":1790807205868,"pid":20658,"hostname":"vm","block":510477464,"gross":201,"net":2,"sumNetUsd":0.001,"gasPriceGwei":0.020034,"txCostUsd":0.0135,"syncMs":137,"searchMs":173,"msg":"block scanned"}
{"level":30,"time":1790807205868,"pid":20658,"hostname":"vm","msg":"  ARB>USDC.e@UniswapV3/500 USDC.e>ARB@PancakeV3/500 in=46.68 ARB gap=34.7bps profit=$0.012 net=$0.001"}
{"level":30,"time":1790807205868,"pid":20658,"hostname":"vm","msg":"  ARB>WETH@UniswapV3/500 WETH>ARB@SushiV3/500 in=18.90 ARB gap=61.4bps profit=$0.010 net=$-0.001"}
{"level":30,"time":1790807205868,"pid":20658,"hostname":"vm","msg":"  ARB>WETH@UniswapV3/500 WETH>ARB@PancakeV3/100 in=9.953 ARB gap=45.7bps profit=$0.004 net=$-0.007"}
{"level":30,"time":1790807205868,"pid":20658,"hostname":"vm","msg":"  ARB>WETH@PancakeV3/500 WETH>ARB@SushiV3/500 in=11.16 ARB gap=45bps profit=$0.004 net=$-0.007"}
{"level":30,"time":1790807205868,"pid":20658,"hostname":"vm","msg":"  ARB>USDC.e@UniswapV3/500 USDC.e>ARB@UniswapV3/3000 in=12.65 ARB gap=61.5bps profit=$0.003 net=$-0.008"}
{"level":30,"time":1790807206484,"pid":20658,"hostname":"vm","block":510477466,"gross":201,"net":2,"sumNetUsd":0.001,"gasPriceGwei":0.020096,"txCostUsd":0.0135,"syncMs":131,"searchMs":176,"msg":"block scanned"}
{"level":30,"time":1790807206484,"pid":20658,"hostname":"vm","msg":"  ARB>USDC.e@UniswapV3/500 USDC.e>ARB@PancakeV3/500 in=46.68 ARB gap=34.7bps profit=$0.012 net=$0.001"}
{"level":30,"time":1790807206484,"pid":20658,"hostname":"vm","msg":"  ARB>WETH@UniswapV3/500 WETH>ARB@SushiV3/500 in=18.90 ARB gap=61.4bps profit=$0.010 net=$-0.001"}
{"level":30,"time":1790807206484,"pid":20658,"hostname":"vm","msg":"  ARB>WETH@UniswapV3/500 WETH>ARB@PancakeV3/100 in=9.953 ARB gap=45.7bps profit=$0.004 net=$-0.007"}
{"level":30,"time":1790807206484,"pid":20658,"hostname":"vm","msg":"  ARB>WETH@PancakeV3/500 WETH>ARB@SushiV3/500 in=11.16 ARB gap=45bps profit=$0.004 net=$-0.007"}
{"level":30,"time":1790807206484,"pid":20658,"hostname":"vm","msg":"  ARB>USDC.e@UniswapV3/500 USDC.e>ARB@UniswapV3/3000 in=12.65 ARB gap=61.5bps profit=$0.003 net=$-0.008"}
{"level":30,"time":1790807207100,"pid":20658,"hostname":"vm","block":510477468,"gross":201,"net":2,"sumNetUsd":0.001,"gasPriceGwei":0.020014,"txCostUsd":0.0134,"syncMs":141,"searchMs":170,"msg":"block scanned"}
{"level":30,"time":1790807207100,"pid":20658,"hostname":"vm","msg":"  ARB>USDC.e@UniswapV3/500 USDC.e>ARB@PancakeV3/500 in=46.68 ARB gap=34.7bps profit=$0.012 net=$0.001"}
{"level":30,"time":1790807207100,"pid":20658,"hostname":"vm","msg":"  ARB>WETH@UniswapV3/500 WETH>ARB@SushiV3/500 in=18.90 ARB gap=61.4bps profit=$0.010 net=$-0.001"}
{"level":30,"time":1790807207100,"pid":20658,"hostname":"vm","msg":"  ARB>WETH@UniswapV3/500 WETH>ARB@PancakeV3/100 in=9.953 ARB gap=45.7bps profit=$0.004 net=$-0.007"}
{"level":30,"time":1790807207100,"pid":20658,"hostname":"vm","msg":"  ARB>WETH@PancakeV3/500 WETH>ARB@SushiV3/500 in=11.16 ARB gap=45bps profit=$0.004 net=$-0.007"}
{"level":30,"time":1790807207100,"pid":20658,"hostname":"vm","msg":"  ARB>USDC.e@UniswapV3/500 USDC.e>ARB@UniswapV3/3000 in=12.65 ARB gap=61.5bps profit=$0.003 net=$-0.008"}
{"level":30,"time":1790807207717,"pid":20658,"hostname":"vm","block":510477471,"gross":202,"net":0,"sumNetUsd":0,"gasPriceGwei":0.02,"txCostUsd":0.0134,"syncMs":132,"searchMs":165,"msg":"block scanned"}
{"level":30,"time":1790807207717,"pid":20658,"hostname":"vm","msg":"  ARB>WETH@UniswapV3/500 WETH>ARB@SushiV3/500 in=19.35 ARB gap=62.6bps profit=$0.010 net=$-0.001"}
{"level":30,"time":1790807207717,"pid":20658,"hostname":"vm","msg":"  ARB>WETH@UniswapV3/500 WETH>ARB@PancakeV3/100 in=10.26 ARB gap=46.9bps profit=$0.004 net=$-0.007"}
{"level":30,"time":1790807207717,"pid":20658,"hostname":"vm","msg":"  ARB>USDC.e@UniswapV3/500 USDC.e>ARB@UniswapV3/3000 in=13.71 ARB gap=63.8bps profit=$0.004 net=$-0.007"}
{"level":30,"time":1790807207717,"pid":20658,"hostname":"vm","msg":"  ARB>WETH@PancakeV3/500 WETH>ARB@SushiV3/500 in=11.16 ARB gap=45bps profit=$0.004 net=$-0.007"}
{"level":30,"time":1790807207717,"pid":20658,"hostname":"vm","msg":"  ARB>USDC.e@PancakeV3/500 USDC.e>ARB@UniswapV3/3000 in=7.386 ARB gap=54.2bps profit=$0.001 net=$-0.010"}
{"level":30,"time":1790807208323,"pid":20658,"hostname":"vm","block":510477473,"gross":206,"net":0,"sumNetUsd":0,"gasPriceGwei":0.020042,"txCostUsd":0.0135,"syncMs":143,"searchMs":162,"msg":"block scanned"}
{"level":30,"time":1790807208324,"pid":20658,"hostname":"vm","msg":"  ARB>WETH@UniswapV3/500 WETH>ARB@SushiV3/500 in=19.35 ARB gap=62.6bps profit=$0.010 net=$-0.001"}
{"level":30,"time":1790807208324,"pid":20658,"hostname":"vm","msg":"  ARB>WETH@UniswapV3/500 WETH>ARB@PancakeV3/100 in=10.26 ARB gap=46.9bps profit=$0.004 net=$-0.007"}
{"level":30,"time":1790807208324,"pid":20658,"hostname":"vm","msg":"  ARB>USDC.e@UniswapV3/500 USDC.e>ARB@UniswapV3/3000 in=13.71 ARB gap=63.8bps profit=$0.004 net=$-0.007"}
{"level":30,"time":1790807208324,"pid":20658,"hostname":"vm","msg":"  ARB>WETH@PancakeV3/500 WETH>ARB@SushiV3/500 in=11.16 ARB gap=45bps profit=$0.004 net=$-0.007"}
{"level":30,"time":1790807208324,"pid":20658,"hostname":"vm","msg":"  ARB>USDC@UniswapV3/500 USDC>ARB@UniswapV3/100 in=9.234 ARB gap=25.4bps profit=$0.002 net=$-0.009"}
{"level":30,"time":1790807208939,"pid":20658,"hostname":"vm","block":510477475,"gross":206,"net":0,"sumNetUsd":0,"gasPriceGwei":0.02,"txCostUsd":0.0134,"syncMs":144,"searchMs":162,"msg":"block scanned"}
{"level":30,"time":1790807208939,"pid":20658,"hostname":"vm","msg":"  ARB>WETH@UniswapV3/500 WETH>ARB@SushiV3/500 in=19.35 ARB gap=62.6bps profit=$0.010 net=$-0.001"}
{"level":30,"time":1790807208939,"pid":20658,"hostname":"vm","msg":"  ARB>WETH@UniswapV3/500 WETH>ARB@PancakeV3/100 in=10.26 ARB gap=46.9bps profit=$0.004 net=$-0.007"}
{"level":30,"time":1790807208939,"pid":20658,"hostname":"vm","msg":"  ARB>USDC.e@UniswapV3/500 USDC.e>ARB@UniswapV3/3000 in=13.71 ARB gap=63.8bps profit=$0.004 net=$-0.007"}
{"level":30,"time":1790807208939,"pid":20658,"hostname":"vm","msg":"  ARB>WETH@PancakeV3/500 WETH>ARB@SushiV3/500 in=11.16 ARB gap=45bps profit=$0.004 net=$-0.007"}
{"level":30,"time":1790807208939,"pid":20658,"hostname":"vm","msg":"  ARB>USDC@UniswapV3/500 USDC>ARB@UniswapV3/100 in=9.234 ARB gap=25.4bps profit=$0.002 net=$-0.009"}
{"level":30,"time":1790807209565,"pid":20658,"hostname":"vm","block":510477476,"gross":206,"net":0,"sumNetUsd":0,"gasPriceGwei":0.02,"txCostUsd":0.0134,"syncMs":149,"searchMs":169,"msg":"block scanned"}
{"level":30,"time":1790807209566,"pid":20658,"hostname":"vm","msg":"  ARB>WETH@UniswapV3/500 WETH>ARB@SushiV3/500 in=19.35 ARB gap=62.6bps profit=$0.010 net=$-0.001"}
{"level":30,"time":1790807209566,"pid":20658,"hostname":"vm","msg":"  ARB>WETH@UniswapV3/500 WETH>ARB@PancakeV3/100 in=10.26 ARB gap=46.9bps profit=$0.004 net=$-0.007"}
{"level":30,"time":1790807209566,"pid":20658,"hostname":"vm","msg":"  ARB>USDC.e@UniswapV3/500 USDC.e>ARB@UniswapV3/3000 in=13.71 ARB gap=63.8bps profit=$0.004 net=$-0.007"}
{"level":30,"time":1790807209566,"pid":20658,"hostname":"vm","msg":"  ARB>WETH@PancakeV3/500 WETH>ARB@SushiV3/500 in=11.16 ARB gap=45bps profit=$0.004 net=$-0.007"}
{"level":30,"time":1790807209566,"pid":20658,"hostname":"vm","msg":"  ARB>USDC@UniswapV3/500 USDC>ARB@UniswapV3/100 in=9.234 ARB gap=25.4bps profit=$0.002 net=$-0.009"}
{"level":30,"time":1790807210198,"pid":20658,"hostname":"vm","block":510477478,"gross":206,"net":0,"sumNetUsd":0,"gasPriceGwei":0.020078,"txCostUsd":0.0135,"syncMs":150,"searchMs":171,"msg":"block scanned"}
{"level":30,"time":1790807210198,"pid":20658,"hostname":"vm","msg":"  ARB>WETH@UniswapV3/500 WETH>ARB@SushiV3/500 in=19.35 ARB gap=62.6bps profit=$0.010 net=$-0.001"}
{"level":30,"time":1790807210198,"pid":20658,"hostname":"vm","msg":"  ARB>WETH@UniswapV3/500 WETH>ARB@PancakeV3/100 in=10.26 ARB gap=46.9bps profit=$0.004 net=$-0.007"}
{"level":30,"time":1790807210198,"pid":20658,"hostname":"vm","msg":"  ARB>USDC.e@UniswapV3/500 USDC.e>ARB@UniswapV3/3000 in=13.71 ARB gap=63.8bps profit=$0.004 net=$-0.007"}
{"level":30,"time":1790807210198,"pid":20658,"hostname":"vm","msg":"  ARB>WETH@PancakeV3/500 WETH>ARB@SushiV3/500 in=11.16 ARB gap=45bps profit=$0.004 net=$-0.007"}
{"level":30,"time":1790807210198,"pid":20658,"hostname":"vm","msg":"  ARB>USDC@UniswapV3/500 USDC>ARB@UniswapV3/100 in=9.234 ARB gap=25.4bps profit=$0.002 net=$-0.009"}
{"level":30,"time":1790807210822,"pid":20658,"hostname":"vm","block":510477480,"gross":206,"net":0,"sumNetUsd":0,"gasPriceGwei":0.02,"txCostUsd":0.0134,"syncMs":155,"searchMs":158,"msg":"block scanned"}
{"level":30,"time":1790807210822,"pid":20658,"hostname":"vm","msg":"  ARB>WETH@UniswapV3/500 WETH>ARB@SushiV3/500 in=19.35 ARB gap=62.6bps profit=$0.010 net=$-0.001"}
{"level":30,"time":1790807210822,"pid":20658,"hostname":"vm","msg":"  ARB>WETH@UniswapV3/500 WETH>ARB@PancakeV3/100 in=10.26 ARB gap=46.9bps profit=$0.004 net=$-0.007"}
{"level":30,"time":1790807210822,"pid":20658,"hostname":"vm","msg":"  ARB>USDC.e@UniswapV3/500 USDC.e>ARB@UniswapV3/3000 in=13.71 ARB gap=63.8bps profit=$0.004 net=$-0.007"}
{"level":30,"time":1790807210822,"pid":20658,"hostname":"vm","msg":"  ARB>WETH@PancakeV3/500 WETH>ARB@SushiV3/500 in=11.16 ARB gap=45bps profit=$0.004 net=$-0.007"}
{"level":30,"time":1790807210822,"pid":20658,"hostname":"vm","msg":"  ARB>USDC@UniswapV3/500 USDC>ARB@UniswapV3/100 in=9.234 ARB gap=25.4bps profit=$0.002 net=$-0.009"}
{"level":30,"time":1790807211483,"pid":20658,"hostname":"vm","block":510477482,"gross":206,"net":0,"sumNetUsd":0,"gasPriceGwei":0.020052,"txCostUsd":0.0135,"syncMs":149,"searchMs":202,"msg":"block scanned"}
{"level":30,"time":1790807211483,"pid":20658,"hostname":"vm","msg":"  ARB>WETH@UniswapV3/500 WETH>ARB@SushiV3/500 in=19.35 ARB gap=62.6bps profit=$0.010 net=$-0.001"}
{"level":30,"time":1790807211483,"pid":20658,"hostname":"vm","msg":"  ARB>WETH@UniswapV3/500 WETH>ARB@PancakeV3/100 in=10.26 ARB gap=46.9bps profit=$0.004 net=$-0.007"}
{"level":30,"time":1790807211483,"pid":20658,"hostname":"vm","msg":"  ARB>USDC.e@UniswapV3/500 USDC.e>ARB@UniswapV3/3000 in=13.71 ARB gap=63.8bps profit=$0.004 net=$-0.007"}
{"level":30,"time":1790807211483,"pid":20658,"hostname":"vm","msg":"  ARB>WETH@PancakeV3/500 WETH>ARB@SushiV3/500 in=11.16 ARB gap=45bps profit=$0.004 net=$-0.007"}
{"level":30,"time":1790807211483,"pid":20658,"hostname":"vm","msg":"  ARB>USDC@UniswapV3/500 USDC>ARB@UniswapV3/100 in=9.234 ARB gap=25.4bps profit=$0.002 net=$-0.009"}
{"level":30,"time":1790807211983,"pid":20658,"hostname":"vm","block":510477484,"gross":203,"net":0,"sumNetUsd":0,"gasPriceGwei":0.020072,"txCostUsd":0.0135,"syncMs":137,"searchMs":152,"msg":"block scanned"}
{"level":30,"time":1790807211983,"pid":20658,"hostname":"vm","msg":"  ARB>WETH@UniswapV3/500 WETH>ARB@SushiV3/500 in=19.35 ARB gap=62.6bps profit=$0.010 net=$-0.001"}
{"level":30,"time":1790807211983,"pid":20658,"hostname":"vm","msg":"  ARB>WETH@UniswapV3/500 WETH>ARB@PancakeV3/100 in=10.26 ARB gap=46.9bps profit=$0.004 net=$-0.007"}
{"level":30,"time":1790807211983,"pid":20658,"hostname":"vm","msg":"  ARB>USDC.e@UniswapV3/500 USDC.e>ARB@UniswapV3/3000 in=13.71 ARB gap=63.8bps profit=$0.004 net=$-0.007"}
{"level":30,"time":1790807211983,"pid":20658,"hostname":"vm","msg":"  ARB>WETH@PancakeV3/500 WETH>ARB@SushiV3/500 in=11.16 ARB gap=45bps profit=$0.004 net=$-0.007"}
{"level":30,"time":1790807211983,"pid":20658,"hostname":"vm","msg":"  ARB>USDC@UniswapV3/500 USDC>ARB@UniswapV3/100 in=9.234 ARB gap=25.4bps profit=$0.002 net=$-0.009"}
{"level":30,"time":1790807212599,"pid":20658,"hostname":"vm","block":510477487,"gross":203,"net":0,"sumNetUsd":0,"gasPriceGwei":0.02,"txCostUsd":0.0134,"syncMs":152,"searchMs":159,"msg":"block scanned"}
{"level":30,"time":1790807212599,"pid":20658,"hostname":"vm","msg":"  ARB>WETH@UniswapV3/500 WETH>ARB@SushiV3/500 in=19.35 ARB gap=62.6bps profit=$0.010 net=$-0.001"}
{"level":30,"time":1790807212599,"pid":20658,"hostname":"vm","msg":"  ARB>WETH@UniswapV3/500 WETH>ARB@PancakeV3/100 in=10.26 ARB gap=46.9bps profit=$0.004 net=$-0.007"}
{"level":30,"time":1790807212599,"pid":20658,"hostname":"vm","msg":"  ARB>USDC.e@UniswapV3/500 USDC.e>ARB@UniswapV3/3000 in=13.71 ARB gap=63.8bps profit=$0.004 net=$-0.007"}
{"level":30,"time":1790807212599,"pid":20658,"hostname":"vm","msg":"  ARB>WETH@PancakeV3/500 WETH>ARB@SushiV3/500 in=11.16 ARB gap=45bps profit=$0.004 net=$-0.007"}
{"level":30,"time":1790807212599,"pid":20658,"hostname":"vm","msg":"  ARB>USDC@UniswapV3/500 USDC>ARB@UniswapV3/100 in=9.234 ARB gap=25.4bps profit=$0.002 net=$-0.009"}
{"level":30,"time":1790807213215,"pid":20658,"hostname":"vm","block":510477489,"gross":203,"net":0,"sumNetUsd":0,"gasPriceGwei":0.020032,"txCostUsd":0.0134,"syncMs":152,"searchMs":155,"msg":"block scanned"}
{"level":30,"time":1790807213215,"pid":20658,"hostname":"vm","msg":"  ARB>WETH@UniswapV3/500 WETH>ARB@SushiV3/500 in=19.35 ARB gap=62.6bps profit=$0.010 net=$-0.001"}
{"level":30,"time":1790807213215,"pid":20658,"hostname":"vm","msg":"  ARB>WETH@UniswapV3/500 WETH>ARB@PancakeV3/100 in=10.26 ARB gap=46.9bps profit=$0.004 net=$-0.007"}
{"level":30,"time":1790807213215,"pid":20658,"hostname":"vm","msg":"  ARB>USDC.e@UniswapV3/500 USDC.e>ARB@UniswapV3/3000 in=13.71 ARB gap=63.8bps profit=$0.004 net=$-0.007"}
{"level":30,"time":1790807213215,"pid":20658,"hostname":"vm","msg":"  ARB>WETH@PancakeV3/500 WETH>ARB@SushiV3/500 in=11.16 ARB gap=45bps profit=$0.004 net=$-0.007"}
{"level":30,"time":1790807213215,"pid":20658,"hostname":"vm","msg":"  ARB>USDC@UniswapV3/500 USDC>ARB@UniswapV3/100 in=9.234 ARB gap=25.4bps profit=$0.002 net=$-0.009"}
{"level":30,"time":1790807247815,"pid":20658,"hostname":"vm","block":510477491,"gross":203,"net":0,"sumNetUsd":0,"gasPriceGwei":0.02,"txCostUsd":0.0134,"syncMs":34127,"searchMs":161,"msg":"block scanned"}
{"level":30,"time":1790807247815,"pid":20658,"hostname":"vm","msg":"  ARB>WETH@UniswapV3/500 WETH>ARB@SushiV3/500 in=19.35 ARB gap=62.6bps profit=$0.010 net=$-0.001"}
{"level":30,"time":1790807247815,"pid":20658,"hostname":"vm","msg":"  ARB>WETH@UniswapV3/500 WETH>ARB@PancakeV3/100 in=10.26 ARB gap=46.9bps profit=$0.004 net=$-0.007"}
{"level":30,"time":1790807247815,"pid":20658,"hostname":"vm","msg":"  ARB>USDC.e@UniswapV3/500 USDC.e>ARB@UniswapV3/3000 in=13.71 ARB gap=63.8bps profit=$0.004 net=$-0.007"}
{"level":30,"time":1790807247815,"pid":20658,"hostname":"vm","msg":"  ARB>WETH@PancakeV3/500 WETH>ARB@SushiV3/500 in=11.16 ARB gap=45bps profit=$0.004 net=$-0.007"}
{"level":30,"time":1790807247815,"pid":20658,"hostname":"vm","msg":"  ARB>USDC@UniswapV3/500 USDC>ARB@UniswapV3/100 in=9.234 ARB gap=25.4bps profit=$0.002 net=$-0.009"}
{"level":30,"time":1790807248218,"pid":20658,"hostname":"vm","block":510477606,"gross":210,"net":3,"sumNetUsd":0.009,"gasPriceGwei":0.020032,"txCostUsd":0.0135,"syncMs":141,"searchMs":152,"msg":"block scanned"}
{"level":30,"time":1790807248218,"pid":20658,"hostname":"vm","msg":"  ARB>USDC.e@PancakeV3/100 USDC.e>ARB@UniswapV3/3000 in=19.54 ARB gap=91.4bps profit=$0.012 net=$0.001"}
{"level":30,"time":1790807248218,"pid":20658,"hostname":"vm","msg":"  ARB>WETH@UniswapV3/500 WETH>ARB@SushiV3/500 in=19.71 ARB gap=63.6bps profit=$0.011 net=$-0.000"}
{"level":30,"time":1790807248218,"pid":20658,"hostname":"vm","msg":"  ARB>USDC.e@PancakeV3/100 USDC.e>ARB@PancakeV3/500 in=20.47 ARB gap=37bps profit=$0.006 net=$-0.005"}
{"level":30,"time":1790807248218,"pid":20658,"hostname":"vm","msg":"  ARB>USDC.e@PancakeV3/100 USDC.e>ARB@UniswapV3/500 in=21.11 ARB gap=27.5bps profit=$0.005 net=$-0.006"}
{"level":30,"time":1790807248218,"pid":20658,"hostname":"vm","msg":"  ARB>WETH@UniswapV3/500 WETH>ARB@PancakeV3/100 in=10.51 ARB gap=47.9bps profit=$0.004 net=$-0.007"}
{"level":30,"time":1790807248845,"pid":20658,"hostname":"vm","block":510477609,"gross":210,"net":3,"sumNetUsd":0.009,"gasPriceGwei":0.020078,"txCostUsd":0.0135,"syncMs":148,"searchMs":176,"msg":"block scanned"}
{"level":30,"time":1790807248845,"pid":20658,"hostname":"vm","msg":"  ARB>USDC.e@PancakeV3/100 USDC.e>ARB@UniswapV3/3000 in=19.54 ARB gap=91.4bps profit=$0.012 net=$0.001"}
{"level":30,"time":1790807248845,"pid":20658,"hostname":"vm","msg":"  ARB>WETH@UniswapV3/500 WETH>ARB@SushiV3/500 in=19.71 ARB gap=63.6bps profit=$0.011 net=$-0.000"}
{"level":30,"time":1790807248845,"pid":20658,"hostname":"vm","msg":"  ARB>USDC.e@PancakeV3/100 USDC.e>ARB@PancakeV3/500 in=20.47 ARB gap=37bps profit=$0.006 net=$-0.005"}
{"level":30,"time":1790807248845,"pid":20658,"hostname":"vm","msg":"  ARB>USDC.e@PancakeV3/100 USDC.e>ARB@UniswapV3/500 in=21.11 ARB gap=27.5bps profit=$0.005 net=$-0.007"}
{"level":30,"time":1790807248845,"pid":20658,"hostname":"vm","msg":"  ARB>WETH@UniswapV3/500 WETH>ARB@PancakeV3/100 in=10.51 ARB gap=47.9bps profit=$0.004 net=$-0.007"}
{"level":30,"time":1790807249457,"pid":20658,"hostname":"vm","block":510477611,"gross":210,"net":3,"sumNetUsd":0.009,"gasPriceGwei":0.020106,"txCostUsd":0.0135,"syncMs":144,"searchMs":155,"msg":"block scanned"}
{"level":30,"time":1790807249457,"pid":20658,"hostname":"vm","msg":"  ARB>USDC.e@PancakeV3/100 USDC.e>ARB@UniswapV3/3000 in=19.54 ARB gap=91.4bps profit=$0.012 net=$0.001"}
{"level":30,"time":1790807249457,"pid":20658,"hostname":"vm","msg":"  ARB>WETH@UniswapV3/500 WETH>ARB@SushiV3/500 in=19.71 ARB gap=63.6bps profit=$0.011 net=$-0.000"}
{"level":30,"time":1790807249457,"pid":20658,"hostname":"vm","msg":"  ARB>USDC.e@PancakeV3/100 USDC.e>ARB@PancakeV3/500 in=20.47 ARB gap=37bps profit=$0.006 net=$-0.005"}
{"level":30,"time":1790807249457,"pid":20658,"hostname":"vm","msg":"  ARB>USDC.e@PancakeV3/100 USDC.e>ARB@UniswapV3/500 in=21.11 ARB gap=27.5bps profit=$0.005 net=$-0.007"}
{"level":30,"time":1790807249457,"pid":20658,"hostname":"vm","msg":"  ARB>WETH@UniswapV3/500 WETH>ARB@PancakeV3/100 in=10.51 ARB gap=47.9bps profit=$0.004 net=$-0.007"}
{"level":30,"time":1790807250101,"pid":20658,"hostname":"vm","block":510477613,"gross":210,"net":3,"sumNetUsd":0.009,"gasPriceGwei":0.020026,"txCostUsd":0.0134,"syncMs":153,"searchMs":185,"msg":"block scanned"}
{"level":30,"time":1790807250101,"pid":20658,"hostname":"vm","msg":"  ARB>USDC.e@PancakeV3/100 USDC.e>ARB@UniswapV3/3000 in=19.54 ARB gap=91.4bps profit=$0.012 net=$0.001"}
{"level":30,"time":1790807250101,"pid":20658,"hostname":"vm","msg":"  ARB>WETH@UniswapV3/500 WETH>ARB@SushiV3/500 in=19.71 ARB gap=63.6bps profit=$0.011 net=$-0.000"}
{"level":30,"time":1790807250101,"pid":20658,"hostname":"vm","msg":"  ARB>USDC.e@PancakeV3/100 USDC.e>ARB@PancakeV3/500 in=20.47 ARB gap=37bps profit=$0.006 net=$-0.005"}
{"level":30,"time":1790807250101,"pid":20658,"hostname":"vm","msg":"  ARB>USDC.e@PancakeV3/100 USDC.e>ARB@UniswapV3/500 in=21.11 ARB gap=27.5bps profit=$0.005 net=$-0.006"}
{"level":30,"time":1790807250101,"pid":20658,"hostname":"vm","msg":"  ARB>WETH@UniswapV3/500 WETH>ARB@PancakeV3/100 in=10.51 ARB gap=47.9bps profit=$0.004 net=$-0.007"}
{"level":30,"time":1790807250723,"pid":20658,"hostname":"vm","block":510477615,"gross":210,"net":3,"sumNetUsd":0.009,"gasPriceGwei":0.02,"txCostUsd":0.0134,"syncMs":130,"searchMs":189,"msg":"block scanned"}
{"level":30,"time":1790807250723,"pid":20658,"hostname":"vm","msg":"  ARB>USDC.e@PancakeV3/100 USDC.e>ARB@UniswapV3/3000 in=19.54 ARB gap=91.4bps profit=$0.012 net=$0.001"}
{"level":30,"time":1790807250723,"pid":20658,"hostname":"vm","msg":"  ARB>WETH@UniswapV3/500 WETH>ARB@SushiV3/500 in=19.71 ARB gap=63.6bps profit=$0.011 net=$-0.000"}
{"level":30,"time":1790807250723,"pid":20658,"hostname":"vm","msg":"  ARB>USDC.e@PancakeV3/100 USDC.e>ARB@PancakeV3/500 in=20.47 ARB gap=37bps profit=$0.006 net=$-0.005"}
{"level":30,"time":1790807250723,"pid":20658,"hostname":"vm","msg":"  ARB>USDC.e@PancakeV3/100 USDC.e>ARB@UniswapV3/500 in=21.11 ARB gap=27.5bps profit=$0.005 net=$-0.006"}
{"level":30,"time":1790807250723,"pid":20658,"hostname":"vm","msg":"  ARB>WETH@UniswapV3/500 WETH>ARB@PancakeV3/100 in=10.51 ARB gap=47.9bps profit=$0.004 net=$-0.007"}
{"level":30,"time":1790807251350,"pid":20658,"hostname":"vm","block":510477618,"gross":210,"net":3,"sumNetUsd":0.009,"gasPriceGwei":0.02029,"txCostUsd":0.0136,"syncMs":134,"searchMs":185,"msg":"block scanned"}
{"level":30,"time":1790807251350,"pid":20658,"hostname":"vm","msg":"  ARB>USDC.e@PancakeV3/100 USDC.e>ARB@UniswapV3/3000 in=19.54 ARB gap=91.4bps profit=$0.012 net=$0.001"}
{"level":30,"time":1790807251350,"pid":20658,"hostname":"vm","msg":"  ARB>WETH@UniswapV3/500 WETH>ARB@SushiV3/500 in=19.71 ARB gap=63.6bps profit=$0.011 net=$-0.001"}
{"level":30,"time":1790807251350,"pid":20658,"hostname":"vm","msg":"  ARB>USDC.e@PancakeV3/100 USDC.e>ARB@PancakeV3/500 in=20.47 ARB gap=37bps profit=$0.006 net=$-0.005"}
{"level":30,"time":1790807251350,"pid":20658,"hostname":"vm","msg":"  ARB>USDC.e@PancakeV3/100 USDC.e>ARB@UniswapV3/500 in=21.11 ARB gap=27.5bps profit=$0.005 net=$-0.007"}
{"level":30,"time":1790807251350,"pid":20658,"hostname":"vm","msg":"  ARB>WETH@UniswapV3/500 WETH>ARB@PancakeV3/100 in=10.51 ARB gap=47.9bps profit=$0.004 net=$-0.007"}
{"level":30,"time":1790807251949,"pid":20658,"hostname":"vm","block":510477620,"gross":210,"net":3,"sumNetUsd":0.009,"gasPriceGwei":0.020002,"txCostUsd":0.0134,"syncMs":147,"searchMs":154,"msg":"block scanned"}
{"level":30,"time":1790807251949,"pid":20658,"hostname":"vm","msg":"  ARB>USDC.e@PancakeV3/100 USDC.e>ARB@UniswapV3/3000 in=19.54 ARB gap=91.4bps profit=$0.012 net=$0.001"}
{"level":30,"time":1790807251949,"pid":20658,"hostname":"vm","msg":"  ARB>WETH@UniswapV3/500 WETH>ARB@SushiV3/500 in=19.71 ARB gap=63.6bps profit=$0.011 net=$-0.000"}
{"level":30,"time":1790807251949,"pid":20658,"hostname":"vm","msg":"  ARB>USDC.e@PancakeV3/100 USDC.e>ARB@PancakeV3/500 in=20.47 ARB gap=37bps profit=$0.006 net=$-0.005"}
{"level":30,"time":1790807251949,"pid":20658,"hostname":"vm","msg":"  ARB>USDC.e@PancakeV3/100 USDC.e>ARB@UniswapV3/500 in=21.11 ARB gap=27.5bps profit=$0.005 net=$-0.006"}
{"level":30,"time":1790807251949,"pid":20658,"hostname":"vm","msg":"  ARB>WETH@UniswapV3/500 WETH>ARB@PancakeV3/100 in=10.51 ARB gap=47.9bps profit=$0.004 net=$-0.007"}
{"level":30,"time":1790807252572,"pid":20658,"hostname":"vm","block":510477622,"gross":210,"net":3,"sumNetUsd":0.009,"gasPriceGwei":0.020046,"txCostUsd":0.0135,"syncMs":152,"searchMs":160,"msg":"block scanned"}
{"level":30,"time":1790807252572,"pid":20658,"hostname":"vm","msg":"  ARB>USDC.e@PancakeV3/100 USDC.e>ARB@UniswapV3/3000 in=19.54 ARB gap=91.4bps profit=$0.012 net=$0.001"}
{"level":30,"time":1790807252572,"pid":20658,"hostname":"vm","msg":"  ARB>WETH@UniswapV3/500 WETH>ARB@SushiV3/500 in=19.71 ARB gap=63.6bps profit=$0.011 net=$-0.000"}
{"level":30,"time":1790807252572,"pid":20658,"hostname":"vm","msg":"  ARB>USDC.e@PancakeV3/100 USDC.e>ARB@PancakeV3/500 in=20.47 ARB gap=37bps profit=$0.006 net=$-0.005"}
{"level":30,"time":1790807252572,"pid":20658,"hostname":"vm","msg":"  ARB>USDC.e@PancakeV3/100 USDC.e>ARB@UniswapV3/500 in=21.11 ARB gap=27.5bps profit=$0.005 net=$-0.006"}
{"level":30,"time":1790807252572,"pid":20658,"hostname":"vm","msg":"  ARB>WETH@UniswapV3/500 WETH>ARB@PancakeV3/100 in=10.51 ARB gap=47.9bps profit=$0.004 net=$-0.007"}
{"level":30,"time":1790807253172,"pid":20658,"hostname":"vm","block":510477624,"gross":210,"net":3,"sumNetUsd":0.009,"gasPriceGwei":0.020026,"txCostUsd":0.0134,"syncMs":134,"searchMs":163,"msg":"block scanned"}
{"level":30,"time":1790807253172,"pid":20658,"hostname":"vm","msg":"  ARB>USDC.e@PancakeV3/100 USDC.e>ARB@UniswapV3/3000 in=19.54 ARB gap=91.4bps profit=$0.012 net=$0.001"}
{"level":30,"time":1790807253172,"pid":20658,"hostname":"vm","msg":"  ARB>WETH@UniswapV3/500 WETH>ARB@SushiV3/500 in=19.71 ARB gap=63.6bps profit=$0.011 net=$-0.000"}
{"level":30,"time":1790807253172,"pid":20658,"hostname":"vm","msg":"  ARB>USDC.e@PancakeV3/100 USDC.e>ARB@PancakeV3/500 in=20.47 ARB gap=37bps profit=$0.006 net=$-0.005"}
{"level":30,"time":1790807253172,"pid":20658,"hostname":"vm","msg":"  ARB>USDC.e@PancakeV3/100 USDC.e>ARB@UniswapV3/500 in=21.11 ARB gap=27.5bps profit=$0.005 net=$-0.006"}
{"level":30,"time":1790807253172,"pid":20658,"hostname":"vm","msg":"  ARB>WETH@UniswapV3/500 WETH>ARB@PancakeV3/100 in=10.51 ARB gap=47.9bps profit=$0.004 net=$-0.007"}
{"level":30,"time":1790807253783,"pid":20658,"hostname":"vm","block":510477626,"gross":210,"net":3,"sumNetUsd":0.009,"gasPriceGwei":0.02,"txCostUsd":0.0134,"syncMs":146,"searchMs":156,"msg":"block scanned"}
{"level":30,"time":1790807253783,"pid":20658,"hostname":"vm","msg":"  ARB>USDC.e@PancakeV3/100 USDC.e>ARB@UniswapV3/3000 in=19.54 ARB gap=91.4bps profit=$0.012 net=$0.001"}
{"level":30,"time":1790807253783,"pid":20658,"hostname":"vm","msg":"  ARB>WETH@UniswapV3/500 WETH>ARB@SushiV3/500 in=19.71 ARB gap=63.6bps profit=$0.011 net=$-0.000"}
{"level":30,"time":1790807253783,"pid":20658,"hostname":"vm","msg":"  ARB>USDC.e@PancakeV3/100 USDC.e>ARB@PancakeV3/500 in=20.47 ARB gap=37bps profit=$0.006 net=$-0.005"}
{"level":30,"time":1790807253783,"pid":20658,"hostname":"vm","msg":"  ARB>USDC.e@PancakeV3/100 USDC.e>ARB@UniswapV3/500 in=21.11 ARB gap=27.5bps profit=$0.005 net=$-0.006"}
{"level":30,"time":1790807253783,"pid":20658,"hostname":"vm","msg":"  ARB>WETH@UniswapV3/500 WETH>ARB@PancakeV3/100 in=10.51 ARB gap=47.9bps profit=$0.004 net=$-0.007"}
{"level":30,"time":1790807254373,"pid":20658,"hostname":"vm","block":510477628,"gross":210,"net":3,"sumNetUsd":0.009,"gasPriceGwei":0.020064,"txCostUsd":0.0135,"syncMs":131,"searchMs":152,"msg":"block scanned"}
{"level":30,"time":1790807254373,"pid":20658,"hostname":"vm","msg":"  ARB>USDC.e@PancakeV3/100 USDC.e>ARB@UniswapV3/3000 in=19.54 ARB gap=91.4bps profit=$0.012 net=$0.001"}
{"level":30,"time":1790807254373,"pid":20658,"hostname":"vm","msg":"  ARB>WETH@UniswapV3/500 WETH>ARB@SushiV3/500 in=19.71 ARB gap=63.6bps profit=$0.011 net=$-0.000"}
{"level":30,"time":1790807254373,"pid":20658,"hostname":"vm","msg":"  ARB>USDC.e@PancakeV3/100 USDC.e>ARB@PancakeV3/500 in=20.47 ARB gap=37bps profit=$0.006 net=$-0.005"}
{"level":30,"time":1790807254373,"pid":20658,"hostname":"vm","msg":"  ARB>USDC.e@PancakeV3/100 USDC.e>ARB@UniswapV3/500 in=21.11 ARB gap=27.5bps profit=$0.005 net=$-0.006"}
{"level":30,"time":1790807254373,"pid":20658,"hostname":"vm","msg":"  ARB>WETH@UniswapV3/500 WETH>ARB@PancakeV3/100 in=10.51 ARB gap=47.9bps profit=$0.004 net=$-0.007"}
{"level":30,"time":1790807254949,"pid":20658,"hostname":"vm","block":510477630,"gross":210,"net":3,"sumNetUsd":0.009,"gasPriceGwei":0.02001,"txCostUsd":0.0134,"syncMs":129,"searchMs":149,"msg":"block scanned"}
{"level":30,"time":1790807254950,"pid":20658,"hostname":"vm","msg":"  ARB>USDC.e@PancakeV3/100 USDC.e>ARB@UniswapV3/3000 in=19.54 ARB gap=91.4bps profit=$0.012 net=$0.001"}
{"level":30,"time":1790807254950,"pid":20658,"hostname":"vm","msg":"  ARB>WETH@UniswapV3/500 WETH>ARB@SushiV3/500 in=19.71 ARB gap=63.6bps profit=$0.011 net=$-0.000"}
{"level":30,"time":1790807254950,"pid":20658,"hostname":"vm","msg":"  ARB>USDC.e@PancakeV3/100 USDC.e>ARB@PancakeV3/500 in=20.47 ARB gap=37bps profit=$0.006 net=$-0.005"}
{"level":30,"time":1790807254950,"pid":20658,"hostname":"vm","msg":"  ARB>USDC.e@PancakeV3/100 USDC.e>ARB@UniswapV3/500 in=21.11 ARB gap=27.5bps profit=$0.005 net=$-0.006"}
{"level":30,"time":1790807254950,"pid":20658,"hostname":"vm","msg":"  ARB>WETH@UniswapV3/500 WETH>ARB@PancakeV3/100 in=10.51 ARB gap=47.9bps profit=$0.004 net=$-0.007"}
{"level":30,"time":1790807255579,"pid":20658,"hostname":"vm","block":510477632,"gross":210,"net":3,"sumNetUsd":0.009,"gasPriceGwei":0.02,"txCostUsd":0.0134,"syncMs":157,"searchMs":159,"msg":"block scanned"}
{"level":30,"time":1790807255579,"pid":20658,"hostname":"vm","msg":"  ARB>USDC.e@PancakeV3/100 USDC.e>ARB@UniswapV3/3000 in=19.54 ARB gap=91.4bps profit=$0.012 net=$0.001"}
{"level":30,"time":1790807255579,"pid":20658,"hostname":"vm","msg":"  ARB>WETH@UniswapV3/500 WETH>ARB@SushiV3/500 in=19.71 ARB gap=63.6bps profit=$0.011 net=$-0.000"}
{"level":30,"time":1790807255579,"pid":20658,"hostname":"vm","msg":"  ARB>USDC.e@PancakeV3/100 USDC.e>ARB@PancakeV3/500 in=20.47 ARB gap=37bps profit=$0.006 net=$-0.005"}
{"level":30,"time":1790807255579,"pid":20658,"hostname":"vm","msg":"  ARB>USDC.e@PancakeV3/100 USDC.e>ARB@UniswapV3/500 in=21.11 ARB gap=27.5bps profit=$0.005 net=$-0.006"}
{"level":30,"time":1790807255579,"pid":20658,"hostname":"vm","msg":"  ARB>WETH@UniswapV3/500 WETH>ARB@PancakeV3/100 in=10.51 ARB gap=47.9bps profit=$0.004 net=$-0.007"}
{"level":30,"time":1790807256162,"pid":20658,"hostname":"vm","block":510477635,"gross":210,"net":3,"sumNetUsd":0.009,"gasPriceGwei":0.020042,"txCostUsd":0.0135,"syncMs":109,"searchMs":158,"msg":"block scanned"}
{"level":30,"time":1790807256162,"pid":20658,"hostname":"vm","msg":"  ARB>USDC.e@PancakeV3/100 USDC.e>ARB@UniswapV3/3000 in=19.54 ARB gap=91.4bps profit=$0.012 net=$0.001"}
{"level":30,"time":1790807256162,"pid":20658,"hostname":"vm","msg":"  ARB>WETH@UniswapV3/500 WETH>ARB@SushiV3/500 in=19.71 ARB gap=63.6bps profit=$0.011 net=$-0.000"}
{"level":30,"time":1790807256162,"pid":20658,"hostname":"vm","msg":"  ARB>USDC.e@PancakeV3/100 USDC.e>ARB@PancakeV3/500 in=20.47 ARB gap=37bps profit=$0.006 net=$-0.005"}
{"level":30,"time":1790807256162,"pid":20658,"hostname":"vm","msg":"  ARB>USDC.e@PancakeV3/100 USDC.e>ARB@UniswapV3/500 in=21.11 ARB gap=27.5bps profit=$0.005 net=$-0.006"}
{"level":30,"time":1790807256162,"pid":20658,"hostname":"vm","msg":"  ARB>WETH@UniswapV3/500 WETH>ARB@PancakeV3/100 in=10.51 ARB gap=47.9bps profit=$0.004 net=$-0.007"}
{"level":30,"time":1790807300450,"pid":20658,"hostname":"vm","block":510477637,"gross":210,"net":3,"sumNetUsd":0.009,"gasPriceGwei":0.020022,"txCostUsd":0.0134,"syncMs":43803,"searchMs":186,"msg":"block scanned"}
{"level":30,"time":1790807300450,"pid":20658,"hostname":"vm","msg":"  ARB>USDC.e@PancakeV3/100 USDC.e>ARB@UniswapV3/3000 in=19.54 ARB gap=91.4bps profit=$0.012 net=$0.001"}
{"level":30,"time":1790807300450,"pid":20658,"hostname":"vm","msg":"  ARB>WETH@UniswapV3/500 WETH>ARB@SushiV3/500 in=19.71 ARB gap=63.6bps profit=$0.011 net=$-0.000"}
{"level":30,"time":1790807300450,"pid":20658,"hostname":"vm","msg":"  ARB>USDC.e@PancakeV3/100 USDC.e>ARB@PancakeV3/500 in=20.47 ARB gap=37bps profit=$0.006 net=$-0.005"}
{"level":30,"time":1790807300450,"pid":20658,"hostname":"vm","msg":"  ARB>USDC.e@PancakeV3/100 USDC.e>ARB@UniswapV3/500 in=21.11 ARB gap=27.5bps profit=$0.005 net=$-0.006"}
{"level":30,"time":1790807300450,"pid":20658,"hostname":"vm","msg":"  ARB>WETH@UniswapV3/500 WETH>ARB@PancakeV3/100 in=10.51 ARB gap=47.9bps profit=$0.004 net=$-0.007"}
{"level":30,"time":1790807300893,"pid":20658,"hostname":"vm","block":510477797,"gross":237,"net":0,"sumNetUsd":0,"gasPriceGwei":0.02,"txCostUsd":0.0134,"syncMs":152,"searchMs":168,"msg":"block scanned"}
{"level":30,"time":1790807300894,"pid":20658,"hostname":"vm","msg":"  ARB>WETH@UniswapV3/500 WETH>ARB@PancakeV3/100 in=10.51 ARB gap=47.9bps profit=$0.004 net=$-0.007"}
{"level":30,"time":1790807300894,"pid":20658,"hostname":"vm","msg":"  ARB>USDC.e@UniswapV3/500 USDC.e>ARB@UniswapV3/3000 in=13.71 ARB gap=63.8bps profit=$0.004 net=$-0.007"}
{"level":30,"time":1790807300894,"pid":20658,"hostname":"vm","msg":"  ARB>USDC.e@PancakeV3/100 USDC.e>ARB@UniswapV3/3000 in=9.811 ARB gap=61.3bps profit=$0.003 net=$-0.008"}
{"level":30,"time":1790807300894,"pid":20658,"hostname":"vm","msg":"  ARB>USDC@UniswapV3/500 USDC>ARB@UniswapV3/100 in=9.234 ARB gap=25.4bps profit=$0.002 net=$-0.009"}
{"level":30,"time":1790807300894,"pid":20658,"hostname":"vm","msg":"  ARB>USDC@PancakeV3/500 USDC>ARB@UniswapV3/100 in=9.299 ARB gap=24.8bps profit=$0.002 net=$-0.009"}
{"level":30,"time":1790807301503,"pid":20658,"hostname":"vm","block":510477800,"gross":237,"net":0,"sumNetUsd":0,"gasPriceGwei":0.02,"txCostUsd":0.0134,"syncMs":147,"searchMs":165,"msg":"block scanned"}
{"level":30,"time":1790807301503,"pid":20658,"hostname":"vm","msg":"  ARB>WETH@UniswapV3/500 WETH>ARB@PancakeV3/100 in=10.51 ARB gap=47.9bps profit=$0.004 net=$-0.007"}
{"level":30,"time":1790807301503,"pid":20658,"hostname":"vm","msg":"  ARB>USDC.e@UniswapV3/500 USDC.e>ARB@UniswapV3/3000 in=13.71 ARB gap=63.8bps profit=$0.004 net=$-0.007"}
{"level":30,"time":1790807301503,"pid":20658,"hostname":"vm","msg":"  ARB>USDC.e@PancakeV3/100 USDC.e>ARB@UniswapV3/3000 in=9.811 ARB gap=61.3bps profit=$0.003 net=$-0.008"}
{"level":30,"time":1790807301503,"pid":20658,"hostname":"vm","msg":"  ARB>USDC@UniswapV3/500 USDC>ARB@UniswapV3/100 in=9.234 ARB gap=25.4bps profit=$0.002 net=$-0.009"}
{"level":30,"time":1790807301503,"pid":20658,"hostname":"vm","msg":"  ARB>USDC@PancakeV3/500 USDC>ARB@UniswapV3/100 in=9.299 ARB gap=24.8bps profit=$0.002 net=$-0.009"}
{"level":30,"time":1790807302132,"pid":20658,"hostname":"vm","block":510477803,"gross":237,"net":0,"sumNetUsd":0,"gasPriceGwei":0.020278,"txCostUsd":0.0136,"syncMs":143,"searchMs":168,"msg":"block scanned"}
{"level":30,"time":1790807302133,"pid":20658,"hostname":"vm","msg":"  ARB>WETH@UniswapV3/500 WETH>ARB@PancakeV3/100 in=10.51 ARB gap=47.9bps profit=$0.004 net=$-0.007"}
{"level":30,"time":1790807302133,"pid":20658,"hostname":"vm","msg":"  ARB>USDC.e@UniswapV3/500 USDC.e>ARB@UniswapV3/3000 in=13.71 ARB gap=63.8bps profit=$0.004 net=$-0.007"}
{"level":30,"time":1790807302133,"pid":20658,"hostname":"vm","msg":"  ARB>USDC.e@PancakeV3/100 USDC.e>ARB@UniswapV3/3000 in=9.811 ARB gap=61.3bps profit=$0.003 net=$-0.008"}
{"level":30,"time":1790807302133,"pid":20658,"hostname":"vm","msg":"  ARB>USDC@UniswapV3/500 USDC>ARB@UniswapV3/100 in=9.234 ARB gap=25.4bps profit=$0.002 net=$-0.009"}
{"level":30,"time":1790807302133,"pid":20658,"hostname":"vm","msg":"  ARB>USDC@PancakeV3/500 USDC>ARB@UniswapV3/100 in=9.299 ARB gap=24.8bps profit=$0.002 net=$-0.009"}
{"level":30,"time":1790807302757,"pid":20658,"hostname":"vm","block":510477805,"gross":237,"net":0,"sumNetUsd":0,"gasPriceGwei":0.020144,"txCostUsd":0.0135,"syncMs":151,"searchMs":167,"msg":"block scanned"}
{"level":30,"time":1790807302757,"pid":20658,"hostname":"vm","msg":"  ARB>WETH@UniswapV3/500 WETH>ARB@PancakeV3/100 in=10.51 ARB gap=47.9bps profit=$0.004 net=$-0.007"}
{"level":30,"time":1790807302757,"pid":20658,"hostname":"vm","msg":"  ARB>USDC.e@UniswapV3/500 USDC.e>ARB@UniswapV3/3000 in=13.71 ARB gap=63.8bps profit=$0.004 net=$-0.007"}
{"level":30,"time":1790807302757,"pid":20658,"hostname":"vm","msg":"  ARB>USDC.e@PancakeV3/100 USDC.e>ARB@UniswapV3/3000 in=9.811 ARB gap=61.3bps profit=$0.003 net=$-0.008"}
{"level":30,"time":1790807302757,"pid":20658,"hostname":"vm","msg":"  ARB>USDC@UniswapV3/500 USDC>ARB@UniswapV3/100 in=9.234 ARB gap=25.4bps profit=$0.002 net=$-0.009"}
{"level":30,"time":1790807302757,"pid":20658,"hostname":"vm","msg":"  ARB>USDC@PancakeV3/500 USDC>ARB@UniswapV3/100 in=9.299 ARB gap=24.8bps profit=$0.002 net=$-0.009"}
{"level":30,"time":1790807303357,"pid":20658,"hostname":"vm","block":510477808,"gross":237,"net":0,"sumNetUsd":0,"gasPriceGwei":0.020186,"txCostUsd":0.0136,"syncMs":121,"searchMs":170,"msg":"block scanned"}
{"level":30,"time":1790807303357,"pid":20658,"hostname":"vm","msg":"  ARB>WETH@UniswapV3/500 WETH>ARB@PancakeV3/100 in=10.51 ARB gap=47.9bps profit=$0.004 net=$-0.007"}
{"level":30,"time":1790807303357,"pid":20658,"hostname":"vm","msg":"  ARB>USDC.e@UniswapV3/500 USDC.e>ARB@UniswapV3/3000 in=13.71 ARB gap=63.8bps profit=$0.004 net=$-0.007"}
{"level":30,"time":1790807303357,"pid":20658,"hostname":"vm","msg":"  ARB>USDC.e@PancakeV3/100 USDC.e>ARB@UniswapV3/3000 in=9.811 ARB gap=61.3bps profit=$0.003 net=$-0.008"}
{"level":30,"time":1790807303357,"pid":20658,"hostname":"vm","msg":"  ARB>USDC@UniswapV3/500 USDC>ARB@UniswapV3/100 in=9.234 ARB gap=25.4bps profit=$0.002 net=$-0.009"}
{"level":30,"time":1790807303357,"pid":20658,"hostname":"vm","msg":"  ARB>USDC@PancakeV3/500 USDC>ARB@UniswapV3/100 in=9.299 ARB gap=24.8bps profit=$0.002 net=$-0.009"}
{"level":30,"time":1790807303980,"pid":20658,"hostname":"vm","block":510477810,"gross":237,"net":0,"sumNetUsd":0,"gasPriceGwei":0.02,"txCostUsd":0.0134,"syncMs":146,"searchMs":171,"msg":"block scanned"}
{"level":30,"time":1790807303980,"pid":20658,"hostname":"vm","msg":"  ARB>WETH@UniswapV3/500 WETH>ARB@PancakeV3/100 in=10.51 ARB gap=47.9bps profit=$0.004 net=$-0.007"}
{"level":30,"time":1790807303980,"pid":20658,"hostname":"vm","msg":"  ARB>USDC.e@UniswapV3/500 USDC.e>ARB@UniswapV3/3000 in=13.71 ARB gap=63.8bps profit=$0.004 net=$-0.007"}
{"level":30,"time":1790807303980,"pid":20658,"hostname":"vm","msg":"  ARB>USDC.e@PancakeV3/100 USDC.e>ARB@UniswapV3/3000 in=9.811 ARB gap=61.3bps profit=$0.003 net=$-0.008"}
{"level":30,"time":1790807303980,"pid":20658,"hostname":"vm","msg":"  ARB>USDC@UniswapV3/500 USDC>ARB@UniswapV3/100 in=9.234 ARB gap=25.4bps profit=$0.002 net=$-0.009"}
{"level":30,"time":1790807303980,"pid":20658,"hostname":"vm","msg":"  ARB>USDC@PancakeV3/500 USDC>ARB@UniswapV3/100 in=9.299 ARB gap=24.8bps profit=$0.002 net=$-0.009"}
{"level":30,"time":1790807304602,"pid":20658,"hostname":"vm","block":510477811,"gross":237,"net":0,"sumNetUsd":0,"gasPriceGwei":0.02,"txCostUsd":0.0134,"syncMs":146,"searchMs":168,"msg":"block scanned"}
{"level":30,"time":1790807304603,"pid":20658,"hostname":"vm","msg":"  ARB>WETH@UniswapV3/500 WETH>ARB@PancakeV3/100 in=10.51 ARB gap=47.9bps profit=$0.004 net=$-0.007"}
{"level":30,"time":1790807304603,"pid":20658,"hostname":"vm","msg":"  ARB>USDC.e@UniswapV3/500 USDC.e>ARB@UniswapV3/3000 in=13.71 ARB gap=63.8bps profit=$0.004 net=$-0.007"}
{"level":30,"time":1790807304603,"pid":20658,"hostname":"vm","msg":"  ARB>USDC.e@PancakeV3/100 USDC.e>ARB@UniswapV3/3000 in=9.811 ARB gap=61.3bps profit=$0.003 net=$-0.008"}
{"level":30,"time":1790807304603,"pid":20658,"hostname":"vm","msg":"  ARB>USDC@UniswapV3/500 USDC>ARB@UniswapV3/100 in=9.234 ARB gap=25.4bps profit=$0.002 net=$-0.009"}
{"level":30,"time":1790807304603,"pid":20658,"hostname":"vm","msg":"  ARB>USDC@PancakeV3/500 USDC>ARB@UniswapV3/100 in=9.299 ARB gap=24.8bps profit=$0.002 net=$-0.009"}
{"level":30,"time":1790807305218,"pid":20658,"hostname":"vm","block":510477814,"gross":237,"net":0,"sumNetUsd":0,"gasPriceGwei":0.02047,"txCostUsd":0.0137,"syncMs":138,"searchMs":168,"msg":"block scanned"}
{"level":30,"time":1790807305218,"pid":20658,"hostname":"vm","msg":"  ARB>WETH@UniswapV3/500 WETH>ARB@PancakeV3/100 in=10.51 ARB gap=47.9bps profit=$0.004 net=$-0.007"}
{"level":30,"time":1790807305218,"pid":20658,"hostname":"vm","msg":"  ARB>USDC.e@UniswapV3/500 USDC.e>ARB@UniswapV3/3000 in=13.71 ARB gap=63.8bps profit=$0.004 net=$-0.007"}
{"level":30,"time":1790807305218,"pid":20658,"hostname":"vm","msg":"  ARB>USDC.e@PancakeV3/100 USDC.e>ARB@UniswapV3/3000 in=9.811 ARB gap=61.3bps profit=$0.003 net=$-0.008"}
{"level":30,"time":1790807305218,"pid":20658,"hostname":"vm","msg":"  ARB>USDC@UniswapV3/500 USDC>ARB@UniswapV3/100 in=9.234 ARB gap=25.4bps profit=$0.002 net=$-0.010"}
{"level":30,"time":1790807305218,"pid":20658,"hostname":"vm","msg":"  ARB>USDC@PancakeV3/500 USDC>ARB@UniswapV3/100 in=9.299 ARB gap=24.8bps profit=$0.002 net=$-0.010"}
{"level":30,"time":1790807305852,"pid":20658,"hostname":"vm","block":510477816,"gross":237,"net":0,"sumNetUsd":0,"gasPriceGwei":0.02004,"txCostUsd":0.0135,"syncMs":147,"searchMs":180,"msg":"block scanned"}
{"level":30,"time":1790807305852,"pid":20658,"hostname":"vm","msg":"  ARB>WETH@UniswapV3/500 WETH>ARB@PancakeV3/100 in=10.51 ARB gap=47.9bps profit=$0.004 net=$-0.007"}
{"level":30,"time":1790807305852,"pid":20658,"hostname":"vm","msg":"  ARB>USDC.e@UniswapV3/500 USDC.e>ARB@UniswapV3/3000 in=13.71 ARB gap=63.8bps profit=$0.004 net=$-0.007"}
{"level":30,"time":1790807305852,"pid":20658,"hostname":"vm","msg":"  ARB>USDC.e@PancakeV3/100 USDC.e>ARB@UniswapV3/3000 in=9.811 ARB gap=61.3bps profit=$0.003 net=$-0.008"}
{"level":30,"time":1790807305852,"pid":20658,"hostname":"vm","msg":"  ARB>USDC@UniswapV3/500 USDC>ARB@UniswapV3/100 in=9.234 ARB gap=25.4bps profit=$0.002 net=$-0.009"}
{"level":30,"time":1790807305852,"pid":20658,"hostname":"vm","msg":"  ARB>USDC@PancakeV3/500 USDC>ARB@UniswapV3/100 in=9.299 ARB gap=24.8bps profit=$0.002 net=$-0.009"}
{"level":30,"time":1790807306486,"pid":20658,"hostname":"vm","block":510477818,"gross":237,"net":0,"sumNetUsd":0,"gasPriceGwei":0.02,"txCostUsd":0.0134,"syncMs":152,"searchMs":176,"msg":"block scanned"}
{"level":30,"time":1790807306486,"pid":20658,"hostname":"vm","msg":"  ARB>WETH@UniswapV3/500 WETH>ARB@PancakeV3/100 in=10.51 ARB gap=47.9bps profit=$0.004 net=$-0.007"}
{"level":30,"time":1790807306486,"pid":20658,"hostname":"vm","msg":"  ARB>USDC.e@UniswapV3/500 USDC.e>ARB@UniswapV3/3000 in=13.71 ARB gap=63.8bps profit=$0.004 net=$-0.007"}
{"level":30,"time":1790807306486,"pid":20658,"hostname":"vm","msg":"  ARB>USDC.e@PancakeV3/100 USDC.e>ARB@UniswapV3/3000 in=9.811 ARB gap=61.3bps profit=$0.003 net=$-0.008"}
{"level":30,"time":1790807306486,"pid":20658,"hostname":"vm","msg":"  ARB>USDC@UniswapV3/500 USDC>ARB@UniswapV3/100 in=9.234 ARB gap=25.4bps profit=$0.002 net=$-0.009"}
{"level":30,"time":1790807306486,"pid":20658,"hostname":"vm","msg":"  ARB>USDC@PancakeV3/500 USDC>ARB@UniswapV3/100 in=9.299 ARB gap=24.8bps profit=$0.002 net=$-0.009"}
{"level":30,"time":1790807307102,"pid":20658,"hostname":"vm","block":510477821,"gross":237,"net":0,"sumNetUsd":0,"gasPriceGwei":0.020244,"txCostUsd":0.0136,"syncMs":148,"searchMs":166,"msg":"block scanned"}
{"level":30,"time":1790807307102,"pid":20658,"hostname":"vm","msg":"  ARB>WETH@UniswapV3/500 WETH>ARB@PancakeV3/100 in=10.51 ARB gap=47.9bps profit=$0.004 net=$-0.007"}
{"level":30,"time":1790807307103,"pid":20658,"hostname":"vm","msg":"  ARB>USDC.e@UniswapV3/500 USDC.e>ARB@UniswapV3/3000 in=13.71 ARB gap=63.8bps profit=$0.004 net=$-0.007"}
{"level":30,"time":1790807307103,"pid":20658,"hostname":"vm","msg":"  ARB>USDC.e@PancakeV3/100 USDC.e>ARB@UniswapV3/3000 in=9.811 ARB gap=61.3bps profit=$0.003 net=$-0.008"}
{"level":30,"time":1790807307103,"pid":20658,"hostname":"vm","msg":"  ARB>USDC@UniswapV3/500 USDC>ARB@UniswapV3/100 in=9.234 ARB gap=25.4bps profit=$0.002 net=$-0.009"}
{"level":30,"time":1790807307103,"pid":20658,"hostname":"vm","msg":"  ARB>USDC@PancakeV3/500 USDC>ARB@UniswapV3/100 in=9.299 ARB gap=24.8bps profit=$0.002 net=$-0.009"}
{"level":30,"time":1790807307738,"pid":20658,"hostname":"vm","block":510477823,"gross":237,"net":0,"sumNetUsd":0,"gasPriceGwei":0.020014,"txCostUsd":0.0134,"syncMs":153,"searchMs":175,"msg":"block scanned"}
{"level":30,"time":1790807307738,"pid":20658,"hostname":"vm","msg":"  ARB>WETH@UniswapV3/500 WETH>ARB@PancakeV3/100 in=10.51 ARB gap=47.9bps profit=$0.004 net=$-0.007"}
{"level":30,"time":1790807307738,"pid":20658,"hostname":"vm","msg":"  ARB>USDC.e@UniswapV3/500 USDC.e>ARB@UniswapV3/3000 in=13.71 ARB gap=63.8bps profit=$0.004 net=$-0.007"}
{"level":30,"time":1790807307738,"pid":20658,"hostname":"vm","msg":"  ARB>USDC.e@PancakeV3/100 USDC.e>ARB@UniswapV3/3000 in=9.811 ARB gap=61.3bps profit=$0.003 net=$-0.008"}
{"level":30,"time":1790807307738,"pid":20658,"hostname":"vm","msg":"  ARB>USDC@UniswapV3/500 USDC>ARB@UniswapV3/100 in=9.234 ARB gap=25.4bps profit=$0.002 net=$-0.009"}
{"level":30,"time":1790807307738,"pid":20658,"hostname":"vm","msg":"  ARB>USDC@PancakeV3/500 USDC>ARB@UniswapV3/100 in=9.299 ARB gap=24.8bps profit=$0.002 net=$-0.009"}
{"level":30,"time":1790807308359,"pid":20658,"hostname":"vm","block":510477826,"gross":237,"net":0,"sumNetUsd":0,"gasPriceGwei":0.020026,"txCostUsd":0.0135,"syncMs":135,"searchMs":173,"msg":"block scanned"}
{"level":30,"time":1790807308359,"pid":20658,"hostname":"vm","msg":"  ARB>WETH@UniswapV3/500 WETH>ARB@PancakeV3/100 in=10.51 ARB gap=47.9bps profit=$0.004 net=$-0.007"}
{"level":30,"time":1790807308359,"pid":20658,"hostname":"vm","msg":"  ARB>USDC.e@UniswapV3/500 USDC.e>ARB@UniswapV3/3000 in=13.71 ARB gap=63.8bps profit=$0.004 net=$-0.007"}
{"level":30,"time":1790807308359,"pid":20658,"hostname":"vm","msg":"  ARB>USDC.e@PancakeV3/100 USDC.e>ARB@UniswapV3/3000 in=9.811 ARB gap=61.3bps profit=$0.003 net=$-0.008"}
{"level":30,"time":1790807308359,"pid":20658,"hostname":"vm","msg":"  ARB>USDC@UniswapV3/500 USDC>ARB@UniswapV3/100 in=9.234 ARB gap=25.4bps profit=$0.002 net=$-0.009"}
{"level":30,"time":1790807308359,"pid":20658,"hostname":"vm","msg":"  ARB>USDC@PancakeV3/500 USDC>ARB@UniswapV3/100 in=9.299 ARB gap=24.8bps profit=$0.002 net=$-0.009"}
{"level":30,"time":1790807309002,"pid":20658,"hostname":"vm","block":510477827,"gross":237,"net":0,"sumNetUsd":0,"gasPriceGwei":0.02,"txCostUsd":0.0134,"syncMs":151,"searchMs":174,"msg":"block scanned"}
{"level":30,"time":1790807309002,"pid":20658,"hostname":"vm","msg":"  ARB>WETH@UniswapV3/500 WETH>ARB@PancakeV3/100 in=10.51 ARB gap=47.9bps profit=$0.004 net=$-0.007"}
{"level":30,"time":1790807309002,"pid":20658,"hostname":"vm","msg":"  ARB>USDC.e@UniswapV3/500 USDC.e>ARB@UniswapV3/3000 in=13.71 ARB gap=63.8bps profit=$0.004 net=$-0.007"}
{"level":30,"time":1790807309002,"pid":20658,"hostname":"vm","msg":"  ARB>USDC.e@PancakeV3/100 USDC.e>ARB@UniswapV3/3000 in=9.811 ARB gap=61.3bps profit=$0.003 net=$-0.008"}
{"level":30,"time":1790807309002,"pid":20658,"hostname":"vm","msg":"  ARB>USDC@UniswapV3/500 USDC>ARB@UniswapV3/100 in=9.234 ARB gap=25.4bps profit=$0.002 net=$-0.009"}
{"level":30,"time":1790807309002,"pid":20658,"hostname":"vm","msg":"  ARB>USDC@PancakeV3/500 USDC>ARB@UniswapV3/100 in=9.299 ARB gap=24.8bps profit=$0.002 net=$-0.009"}
{"level":30,"time":1790807337718,"pid":20658,"hostname":"vm","block":510477829,"gross":237,"net":0,"sumNetUsd":0,"gasPriceGwei":0.02,"txCostUsd":0.0134,"syncMs":28240,"searchMs":169,"msg":"block scanned"}
{"level":30,"time":1790807337718,"pid":20658,"hostname":"vm","msg":"  ARB>WETH@UniswapV3/500 WETH>ARB@PancakeV3/100 in=10.51 ARB gap=47.9bps profit=$0.004 net=$-0.007"}
{"level":30,"time":1790807337718,"pid":20658,"hostname":"vm","msg":"  ARB>USDC.e@UniswapV3/500 USDC.e>ARB@UniswapV3/3000 in=13.71 ARB gap=63.8bps profit=$0.004 net=$-0.007"}
{"level":30,"time":1790807337718,"pid":20658,"hostname":"vm","msg":"  ARB>USDC.e@PancakeV3/100 USDC.e>ARB@UniswapV3/3000 in=9.811 ARB gap=61.3bps profit=$0.003 net=$-0.008"}
{"level":30,"time":1790807337718,"pid":20658,"hostname":"vm","msg":"  ARB>USDC@UniswapV3/500 USDC>ARB@UniswapV3/100 in=9.234 ARB gap=25.4bps profit=$0.002 net=$-0.009"}
{"level":30,"time":1790807337718,"pid":20658,"hostname":"vm","msg":"  ARB>USDC@PancakeV3/500 USDC>ARB@UniswapV3/100 in=9.299 ARB gap=24.8bps profit=$0.002 net=$-0.009"}
{"level":30,"time":1790807338113,"pid":20658,"hostname":"vm","block":510477929,"gross":214,"net":0,"sumNetUsd":0,"gasPriceGwei":0.020026,"txCostUsd":0.0135,"syncMs":129,"searchMs":160,"msg":"block scanned"}
{"level":30,"time":1790807338113,"pid":20658,"hostname":"vm","msg":"  ARB>WETH@UniswapV3/500 WETH>ARB@PancakeV3/100 in=10.99 ARB gap=49.8bps profit=$0.005 net=$-0.006"}
{"level":30,"time":1790807338113,"pid":20658,"hostname":"vm","msg":"  ARB>USDC@PancakeV3/500 USDC>ARB@UniswapV3/100 in=12.88 ARB gap=32.1bps profit=$0.003 net=$-0.008"}
{"level":30,"time":1790807338113,"pid":20658,"hostname":"vm","msg":"  ARB>WETH@UniswapV3/500 WETH>ARB@PancakeV3/500 in=24.50 ARB gap=20.4bps profit=$0.003 net=$-0.008"}
{"level":30,"time":1790807338113,"pid":20658,"hostname":"vm","msg":"  ARB>USDC@UniswapV3/500 USDC>ARB@UniswapV3/100 in=9.234 ARB gap=25.4bps profit=$0.002 net=$-0.009"}
{"level":30,"time":1790807338113,"pid":20658,"hostname":"vm","msg":"  ARB>WETH@SushiV3/500 WETH>ARB@PancakeV3/100 in=4.882 ARB gap=38.7bps profit=$0.002 net=$-0.009"}
{"level":30,"time":1790807338692,"pid":20658,"hostname":"vm","block":510477931,"gross":214,"net":0,"sumNetUsd":0,"gasPriceGwei":0.02,"txCostUsd":0.0134,"syncMs":118,"searchMs":159,"msg":"block scanned"}
{"level":30,"time":1790807338692,"pid":20658,"hostname":"vm","msg":"  ARB>WETH@UniswapV3/500 WETH>ARB@PancakeV3/100 in=10.99 ARB gap=49.8bps profit=$0.005 net=$-0.006"}
{"level":30,"time":1790807338692,"pid":20658,"hostname":"vm","msg":"  ARB>USDC@PancakeV3/500 USDC>ARB@UniswapV3/100 in=12.88 ARB gap=32.1bps profit=$0.003 net=$-0.008"}
{"level":30,"time":1790807338692,"pid":20658,"hostname":"vm","msg":"  ARB>WETH@UniswapV3/500 WETH>ARB@PancakeV3/500 in=24.50 ARB gap=20.4bps profit=$0.003 net=$-0.008"}
{"level":30,"time":1790807338692,"pid":20658,"hostname":"vm","msg":"  ARB>USDC@UniswapV3/500 USDC>ARB@UniswapV3/100 in=9.234 ARB gap=25.4bps profit=$0.002 net=$-0.009"}
{"level":30,"time":1790807338692,"pid":20658,"hostname":"vm","msg":"  ARB>WETH@SushiV3/500 WETH>ARB@PancakeV3/100 in=4.882 ARB gap=38.7bps profit=$0.002 net=$-0.009"}
{"level":30,"time":1790807339440,"pid":20658,"hostname":"vm","block":510477933,"gross":214,"net":0,"sumNetUsd":0,"gasPriceGwei":0.020104,"txCostUsd":0.0135,"syncMs":142,"searchMs":196,"msg":"block scanned"}
{"level":30,"time":1790807339440,"pid":20658,"hostname":"vm","msg":"  ARB>WETH@UniswapV3/500 WETH>ARB@PancakeV3/100 in=10.99 ARB gap=49.8bps profit=$0.005 net=$-0.006"}
{"level":30,"time":1790807339440,"pid":20658,"hostname":"vm","msg":"  ARB>USDC@PancakeV3/500 USDC>ARB@UniswapV3/100 in=12.88 ARB gap=32.1bps profit=$0.003 net=$-0.008"}
{"level":30,"time":1790807339440,"pid":20658,"hostname":"vm","msg":"  ARB>WETH@UniswapV3/500 WETH>ARB@PancakeV3/500 in=24.50 ARB gap=20.4bps profit=$0.003 net=$-0.009"}
{"level":30,"time":1790807339440,"pid":20658,"hostname":"vm","msg":"  ARB>USDC@UniswapV3/500 USDC>ARB@UniswapV3/100 in=9.234 ARB gap=25.4bps profit=$0.002 net=$-0.009"}
{"level":30,"time":1790807339440,"pid":20658,"hostname":"vm","msg":"  ARB>WETH@SushiV3/500 WETH>ARB@PancakeV3/100 in=4.882 ARB gap=38.7bps profit=$0.002 net=$-0.010"}
{"level":30,"time":1790807339919,"pid":20658,"hostname":"vm","block":510477936,"gross":214,"net":0,"sumNetUsd":0,"gasPriceGwei":0.020004,"txCostUsd":0.0134,"syncMs":122,"searchMs":159,"msg":"block scanned"}
{"level":30,"time":1790807339919,"pid":20658,"hostname":"vm","msg":"  ARB>WETH@UniswapV3/500 WETH>ARB@PancakeV3/100 in=10.99 ARB gap=49.8bps profit=$0.005 net=$-0.006"}
{"level":30,"time":1790807339919,"pid":20658,"hostname":"vm","msg":"  ARB>USDC@PancakeV3/500 USDC>ARB@UniswapV3/100 in=12.88 ARB gap=32.1bps profit=$0.003 net=$-0.008"}
{"level":30,"time":1790807339919,"pid":20658,"hostname":"vm","msg":"  ARB>WETH@UniswapV3/500 WETH>ARB@PancakeV3/500 in=24.50 ARB gap=20.4bps profit=$0.003 net=$-0.008"}
{"level":30,"time":1790807339919,"pid":20658,"hostname":"vm","msg":"  ARB>USDC@UniswapV3/500 USDC>ARB@UniswapV3/100 in=9.234 ARB gap=25.4bps profit=$0.002 net=$-0.009"}
{"level":30,"time":1790807339919,"pid":20658,"hostname":"vm","msg":"  ARB>WETH@SushiV3/500 WETH>ARB@PancakeV3/100 in=4.882 ARB gap=38.7bps profit=$0.002 net=$-0.009"}
{"level":30,"time":1790807340536,"pid":20658,"hostname":"vm","block":510477937,"gross":214,"net":0,"sumNetUsd":0,"gasPriceGwei":0.02,"txCostUsd":0.0134,"syncMs":114,"searchMs":200,"msg":"block scanned"}
{"level":30,"time":1790807340536,"pid":20658,"hostname":"vm","msg":"  ARB>WETH@UniswapV3/500 WETH>ARB@PancakeV3/100 in=10.99 ARB gap=49.8bps profit=$0.005 net=$-0.006"}
{"level":30,"time":1790807340536,"pid":20658,"hostname":"vm","msg":"  ARB>USDC@PancakeV3/500 USDC>ARB@UniswapV3/100 in=12.88 ARB gap=32.1bps profit=$0.003 net=$-0.008"}
{"level":30,"time":1790807340536,"pid":20658,"hostname":"vm","msg":"  ARB>WETH@UniswapV3/500 WETH>ARB@PancakeV3/500 in=24.50 ARB gap=20.4bps profit=$0.003 net=$-0.008"}
{"level":30,"time":1790807340536,"pid":20658,"hostname":"vm","msg":"  ARB>USDC@UniswapV3/500 USDC>ARB@UniswapV3/100 in=9.234 ARB gap=25.4bps profit=$0.002 net=$-0.009"}
{"level":30,"time":1790807340536,"pid":20658,"hostname":"vm","msg":"  ARB>WETH@SushiV3/500 WETH>ARB@PancakeV3/100 in=4.882 ARB gap=38.7bps profit=$0.002 net=$-0.009"}
{"level":30,"time":1790807341161,"pid":20658,"hostname":"vm","block":510477940,"gross":213,"net":0,"sumNetUsd":0,"gasPriceGwei":0.020038,"txCostUsd":0.0135,"syncMs":139,"searchMs":176,"msg":"block scanned"}
{"level":30,"time":1790807341161,"pid":20658,"hostname":"vm","msg":"  ARB>WETH@UniswapV3/500 WETH>ARB@PancakeV3/100 in=10.99 ARB gap=49.8bps profit=$0.005 net=$-0.006"}
{"level":30,"time":1790807341161,"pid":20658,"hostname":"vm","msg":"  ARB>USDC@PancakeV3/500 USDC>ARB@UniswapV3/100 in=12.88 ARB gap=32.1bps profit=$0.003 net=$-0.008"}
{"level":30,"time":1790807341161,"pid":20658,"hostname":"vm","msg":"  ARB>WETH@UniswapV3/500 WETH>ARB@PancakeV3/500 in=24.50 ARB gap=20.4bps profit=$0.003 net=$-0.008"}
{"level":30,"time":1790807341161,"pid":20658,"hostname":"vm","msg":"  ARB>USDC@UniswapV3/500 USDC>ARB@UniswapV3/100 in=9.234 ARB gap=25.4bps profit=$0.002 net=$-0.009"}
{"level":30,"time":1790807341161,"pid":20658,"hostname":"vm","msg":"  ARB>WETH@SushiV3/500 WETH>ARB@PancakeV3/100 in=4.882 ARB gap=38.7bps profit=$0.002 net=$-0.009"}
{"level":30,"time":1790807341777,"pid":20658,"hostname":"vm","block":510477942,"gross":213,"net":0,"sumNetUsd":0,"gasPriceGwei":0.020034,"txCostUsd":0.0135,"syncMs":143,"searchMs":164,"msg":"block scanned"}
{"level":30,"time":1790807341777,"pid":20658,"hostname":"vm","msg":"  ARB>WETH@UniswapV3/500 WETH>ARB@PancakeV3/100 in=10.99 ARB gap=49.8bps profit=$0.005 net=$-0.006"}
{"level":30,"time":1790807341777,"pid":20658,"hostname":"vm","msg":"  ARB>USDC@PancakeV3/500 USDC>ARB@UniswapV3/100 in=12.88 ARB gap=32.1bps profit=$0.003 net=$-0.008"}
{"level":30,"time":1790807341777,"pid":20658,"hostname":"vm","msg":"  ARB>WETH@UniswapV3/500 WETH>ARB@PancakeV3/500 in=24.50 ARB gap=20.4bps profit=$0.003 net=$-0.008"}
{"level":30,"time":1790807341777,"pid":20658,"hostname":"vm","msg":"  ARB>USDC@UniswapV3/500 USDC>ARB@UniswapV3/100 in=9.234 ARB gap=25.4bps profit=$0.002 net=$-0.009"}
{"level":30,"time":1790807341777,"pid":20658,"hostname":"vm","msg":"  ARB>WETH@SushiV3/500 WETH>ARB@PancakeV3/100 in=4.882 ARB gap=38.7bps profit=$0.002 net=$-0.009"}
{"level":30,"time":1790807342458,"pid":20658,"hostname":"vm","block":510477944,"gross":213,"net":0,"sumNetUsd":0,"gasPriceGwei":0.020054,"txCostUsd":0.0135,"syncMs":127,"searchMs":162,"msg":"block scanned"}
{"level":30,"time":1790807342458,"pid":20658,"hostname":"vm","msg":"  ARB>WETH@UniswapV3/500 WETH>ARB@PancakeV3/100 in=10.99 ARB gap=49.8bps profit=$0.005 net=$-0.006"}
{"level":30,"time":1790807342458,"pid":20658,"hostname":"vm","msg":"  ARB>USDC@PancakeV3/500 USDC>ARB@UniswapV3/100 in=12.88 ARB gap=32.1bps profit=$0.003 net=$-0.008"}
{"level":30,"time":1790807342458,"pid":20658,"hostname":"vm","msg":"  ARB>WETH@UniswapV3/500 WETH>ARB@PancakeV3/500 in=24.50 ARB gap=20.4bps profit=$0.003 net=$-0.009"}
{"level":30,"time":1790807342458,"pid":20658,"hostname":"vm","msg":"  ARB>USDC@UniswapV3/500 USDC>ARB@UniswapV3/100 in=9.234 ARB gap=25.4bps profit=$0.002 net=$-0.009"}
{"level":30,"time":1790807342458,"pid":20658,"hostname":"vm","msg":"  ARB>WETH@SushiV3/500 WETH>ARB@PancakeV3/100 in=4.882 ARB gap=38.7bps profit=$0.002 net=$-0.009"}
{"level":30,"time":1790807342957,"pid":20658,"hostname":"vm","block":510477947,"gross":213,"net":0,"sumNetUsd":0,"gasPriceGwei":0.020052,"txCostUsd":0.0135,"syncMs":132,"searchMs":164,"msg":"block scanned"}
{"level":30,"time":1790807342958,"pid":20658,"hostname":"vm","msg":"  ARB>WETH@UniswapV3/500 WETH>ARB@PancakeV3/100 in=10.99 ARB gap=49.8bps profit=$0.005 net=$-0.006"}
{"level":30,"time":1790807342958,"pid":20658,"hostname":"vm","msg":"  ARB>USDC@PancakeV3/500 USDC>ARB@UniswapV3/100 in=12.88 ARB gap=32.1bps profit=$0.003 net=$-0.008"}
{"level":30,"time":1790807342958,"pid":20658,"hostname":"vm","msg":"  ARB>WETH@UniswapV3/500 WETH>ARB@PancakeV3/500 in=24.50 ARB gap=20.4bps profit=$0.003 net=$-0.009"}
{"level":30,"time":1790807342958,"pid":20658,"hostname":"vm","msg":"  ARB>USDC@UniswapV3/500 USDC>ARB@UniswapV3/100 in=9.234 ARB gap=25.4bps profit=$0.002 net=$-0.009"}
{"level":30,"time":1790807342958,"pid":20658,"hostname":"vm","msg":"  ARB>WETH@SushiV3/500 WETH>ARB@PancakeV3/100 in=4.882 ARB gap=38.7bps profit=$0.002 net=$-0.009"}
{"level":30,"time":1790807343754,"pid":20658,"hostname":"vm","block":510477950,"gross":213,"net":0,"sumNetUsd":0,"gasPriceGwei":0.02,"txCostUsd":0.0134,"syncMs":149,"searchMs":173,"msg":"block scanned"}
{"level":30,"time":1790807343754,"pid":20658,"hostname":"vm","msg":"  ARB>WETH@UniswapV3/500 WETH>ARB@PancakeV3/100 in=10.99 ARB gap=49.8bps profit=$0.005 net=$-0.006"}
{"level":30,"time":1790807343754,"pid":20658,"hostname":"vm","msg":"  ARB>USDC@PancakeV3/500 USDC>ARB@UniswapV3/100 in=12.88 ARB gap=32.1bps profit=$0.003 net=$-0.008"}
{"level":30,"time":1790807343754,"pid":20658,"hostname":"vm","msg":"  ARB>WETH@UniswapV3/500 WETH>ARB@PancakeV3/500 in=24.50 ARB gap=20.4bps profit=$0.003 net=$-0.008"}
{"level":30,"time":1790807343754,"pid":20658,"hostname":"vm","msg":"  ARB>USDC@UniswapV3/500 USDC>ARB@UniswapV3/100 in=9.234 ARB gap=25.4bps profit=$0.002 net=$-0.009"}
{"level":30,"time":1790807343754,"pid":20658,"hostname":"vm","msg":"  ARB>WETH@SushiV3/500 WETH>ARB@PancakeV3/100 in=4.882 ARB gap=38.7bps profit=$0.002 net=$-0.009"}
{"level":30,"time":1790807344378,"pid":20658,"hostname":"vm","block":510477952,"gross":213,"net":0,"sumNetUsd":0,"gasPriceGwei":0.020026,"txCostUsd":0.0135,"syncMs":155,"searchMs":163,"msg":"block scanned"}
{"level":30,"time":1790807344378,"pid":20658,"hostname":"vm","msg":"  ARB>WETH@UniswapV3/500 WETH>ARB@PancakeV3/100 in=10.99 ARB gap=49.8bps profit=$0.005 net=$-0.006"}
{"level":30,"time":1790807344378,"pid":20658,"hostname":"vm","msg":"  ARB>USDC@PancakeV3/500 USDC>ARB@UniswapV3/100 in=12.88 ARB gap=32.1bps profit=$0.003 net=$-0.008"}
{"level":30,"time":1790807344378,"pid":20658,"hostname":"vm","msg":"  ARB>WETH@UniswapV3/500 WETH>ARB@PancakeV3/500 in=24.50 ARB gap=20.4bps profit=$0.003 net=$-0.008"}
{"level":30,"time":1790807344378,"pid":20658,"hostname":"vm","msg":"  ARB>USDC@UniswapV3/500 USDC>ARB@UniswapV3/100 in=9.234 ARB gap=25.4bps profit=$0.002 net=$-0.009"}
{"level":30,"time":1790807344378,"pid":20658,"hostname":"vm","msg":"  ARB>WETH@SushiV3/500 WETH>ARB@PancakeV3/100 in=4.882 ARB gap=38.7bps profit=$0.002 net=$-0.009"}
{"level":30,"time":1790807344995,"pid":20658,"hostname":"vm","block":510477955,"gross":220,"net":0,"sumNetUsd":0,"gasPriceGwei":0.020056,"txCostUsd":0.0135,"syncMs":138,"searchMs":173,"msg":"block scanned"}
{"level":30,"time":1790807344995,"pid":20658,"hostname":"vm","msg":"  ARB>WETH@UniswapV3/500 WETH>ARB@PancakeV3/100 in=10.99 ARB gap=49.8bps profit=$0.005 net=$-0.006"}
{"level":30,"time":1790807344995,"pid":20658,"hostname":"vm","msg":"  ARB>USDC@PancakeV3/500 USDC>ARB@UniswapV3/100 in=12.88 ARB gap=32.1bps profit=$0.003 net=$-0.008"}
{"level":30,"time":1790807344995,"pid":20658,"hostname":"vm","msg":"  ARB>WETH@UniswapV3/500 WETH>ARB@PancakeV3/500 in=24.50 ARB gap=20.4bps profit=$0.003 net=$-0.009"}
{"level":30,"time":1790807344995,"pid":20658,"hostname":"vm","msg":"  ARB>USDC@UniswapV3/500 USDC>ARB@UniswapV3/100 in=9.234 ARB gap=25.4bps profit=$0.002 net=$-0.009"}
{"level":30,"time":1790807344995,"pid":20658,"hostname":"vm","msg":"  ARB>WETH@SushiV3/500 WETH>ARB@PancakeV3/100 in=4.882 ARB gap=38.7bps profit=$0.002 net=$-0.009"}
{"level":30,"time":1790807345607,"pid":20658,"hostname":"vm","block":510477957,"gross":218,"net":0,"sumNetUsd":0,"gasPriceGwei":0.02,"txCostUsd":0.0134,"syncMs":144,"searchMs":157,"msg":"block scanned"}
{"level":30,"time":1790807345607,"pid":20658,"hostname":"vm","msg":"  ARB>WETH@UniswapV3/500 WETH>ARB@PancakeV3/100 in=10.99 ARB gap=49.8bps profit=$0.005 net=$-0.006"}
{"level":30,"time":1790807345607,"pid":20658,"hostname":"vm","msg":"  ARB>USDC@PancakeV3/500 USDC>ARB@UniswapV3/100 in=12.88 ARB gap=32.1bps profit=$0.003 net=$-0.008"}
{"level":30,"time":1790807345607,"pid":20658,"hostname":"vm","msg":"  ARB>WETH@UniswapV3/500 WETH>ARB@PancakeV3/500 in=24.50 ARB gap=20.4bps profit=$0.003 net=$-0.008"}
{"level":30,"time":1790807345607,"pid":20658,"hostname":"vm","msg":"  ARB>USDC@UniswapV3/500 USDC>ARB@UniswapV3/100 in=9.234 ARB gap=25.4bps profit=$0.002 net=$-0.009"}
{"level":30,"time":1790807345607,"pid":20658,"hostname":"vm","msg":"  ARB>WETH@SushiV3/500 WETH>ARB@PancakeV3/100 in=4.882 ARB gap=38.7bps profit=$0.002 net=$-0.009"}
{"level":30,"time":1790807346236,"pid":20658,"hostname":"vm","block":510477960,"gross":217,"net":0,"sumNetUsd":0,"gasPriceGwei":0.020016,"txCostUsd":0.0134,"syncMs":147,"searchMs":176,"msg":"block scanned"}
{"level":30,"time":1790807346236,"pid":20658,"hostname":"vm","msg":"  ARB>WETH@UniswapV3/500 WETH>ARB@PancakeV3/100 in=10.99 ARB gap=49.8bps profit=$0.005 net=$-0.006"}
{"level":30,"time":1790807346236,"pid":20658,"hostname":"vm","msg":"  ARB>USDC@PancakeV3/500 USDC>ARB@UniswapV3/100 in=12.88 ARB gap=32.1bps profit=$0.003 net=$-0.008"}
{"level":30,"time":1790807346236,"pid":20658,"hostname":"vm","msg":"  ARB>WETH@UniswapV3/500 WETH>ARB@PancakeV3/500 in=24.50 ARB gap=20.4bps profit=$0.003 net=$-0.008"}
{"level":30,"time":1790807346236,"pid":20658,"hostname":"vm","msg":"  ARB>USDC@UniswapV3/500 USDC>ARB@UniswapV3/100 in=9.234 ARB gap=25.4bps profit=$0.002 net=$-0.009"}
{"level":30,"time":1790807346236,"pid":20658,"hostname":"vm","msg":"  ARB>WETH@SushiV3/500 WETH>ARB@PancakeV3/100 in=4.882 ARB gap=38.7bps profit=$0.002 net=$-0.009"}
{"level":30,"time":1790807384680,"pid":20658,"hostname":"vm","block":510477962,"gross":217,"net":0,"sumNetUsd":0,"gasPriceGwei":0.020086,"txCostUsd":0.0135,"syncMs":37977,"searchMs":162,"msg":"block scanned"}
{"level":30,"time":1790807384680,"pid":20658,"hostname":"vm","msg":"  ARB>WETH@UniswapV3/500 WETH>ARB@PancakeV3/100 in=10.99 ARB gap=49.8bps profit=$0.005 net=$-0.006"}
{"level":30,"time":1790807384680,"pid":20658,"hostname":"vm","msg":"  ARB>USDC@PancakeV3/500 USDC>ARB@UniswapV3/100 in=12.88 ARB gap=32.1bps profit=$0.003 net=$-0.008"}
{"level":30,"time":1790807384680,"pid":20658,"hostname":"vm","msg":"  ARB>WETH@UniswapV3/500 WETH>ARB@PancakeV3/500 in=24.50 ARB gap=20.4bps profit=$0.003 net=$-0.009"}
{"level":30,"time":1790807384680,"pid":20658,"hostname":"vm","msg":"  ARB>USDC@UniswapV3/500 USDC>ARB@UniswapV3/100 in=9.234 ARB gap=25.4bps profit=$0.002 net=$-0.009"}
{"level":30,"time":1790807384680,"pid":20658,"hostname":"vm","msg":"  ARB>WETH@SushiV3/500 WETH>ARB@PancakeV3/100 in=4.882 ARB gap=38.7bps profit=$0.002 net=$-0.009"}
{"level":30,"time":1790807385130,"pid":20658,"hostname":"vm","block":510478097,"gross":233,"net":0,"sumNetUsd":0,"gasPriceGwei":0.02,"txCostUsd":0.0134,"syncMs":153,"searchMs":186,"msg":"block scanned"}
{"level":30,"time":1790807385130,"pid":20658,"hostname":"vm","msg":"  ARB>WETH@UniswapV3/500 WETH>ARB@PancakeV3/100 in=11.71 ARB gap=52.8bps profit=$0.006 net=$-0.006"}
{"level":30,"time":1790807385130,"pid":20658,"hostname":"vm","msg":"  ARB>WETH@PancakeV3/500 WETH>ARB@PancakeV3/100 in=9.553 ARB gap=48.2bps profit=$0.004 net=$-0.007"}
{"level":30,"time":1790807385130,"pid":20658,"hostname":"vm","msg":"  ARB>USDC@PancakeV3/500 USDC>ARB@UniswapV3/100 in=12.88 ARB gap=32.1bps profit=$0.003 net=$-0.008"}
{"level":30,"time":1790807385130,"pid":20658,"hostname":"vm","msg":"  ARB>USDC@UniswapV3/500 USDC>ARB@UniswapV3/100 in=9.234 ARB gap=25.4bps profit=$0.002 net=$-0.009"}
{"level":30,"time":1790807385130,"pid":20658,"hostname":"vm","msg":"  ARB>WETH@SushiV3/500 WETH>ARB@PancakeV3/100 in=4.882 ARB gap=38.7bps profit=$0.002 net=$-0.009"}
{"level":30,"time":1790807385762,"pid":20658,"hostname":"vm","block":510478099,"gross":238,"net":0,"sumNetUsd":0,"gasPriceGwei":0.020002,"txCostUsd":0.0134,"syncMs":131,"searchMs":181,"msg":"block scanned"}
{"level":30,"time":1790807385762,"pid":20658,"hostname":"vm","msg":"  ARB>WETH@UniswapV3/500 WETH>ARB@PancakeV3/100 in=11.71 ARB gap=52.8bps profit=$0.006 net=$-0.006"}
{"level":30,"time":1790807385762,"pid":20658,"hostname":"vm","msg":"  ARB>WETH@PancakeV3/500 WETH>ARB@PancakeV3/100 in=9.553 ARB gap=48.2bps profit=$0.004 net=$-0.007"}
{"level":30,"time":1790807385762,"pid":20658,"hostname":"vm","msg":"  ARB>USDC@PancakeV3/500 USDC>ARB@UniswapV3/100 in=12.88 ARB gap=32.1bps profit=$0.003 net=$-0.008"}
{"level":30,"time":1790807385762,"pid":20658,"hostname":"vm","msg":"  ARB>USDC@UniswapV3/500 USDC>ARB@UniswapV3/100 in=9.234 ARB gap=25.4bps profit=$0.002 net=$-0.009"}
{"level":30,"time":1790807385762,"pid":20658,"hostname":"vm","msg":"  ARB>WETH@SushiV3/500 WETH>ARB@PancakeV3/100 in=4.882 ARB gap=38.7bps profit=$0.002 net=$-0.009"}
{"level":30,"time":1790807386410,"pid":20658,"hostname":"vm","block":510478102,"gross":238,"net":0,"sumNetUsd":0,"gasPriceGwei":0.020032,"txCostUsd":0.0135,"syncMs":156,"searchMs":180,"msg":"block scanned"}
{"level":30,"time":1790807386410,"pid":20658,"hostname":"vm","msg":"  ARB>WETH@UniswapV3/500 WETH>ARB@PancakeV3/100 in=11.71 ARB gap=52.8bps profit=$0.006 net=$-0.006"}
{"level":30,"time":1790807386410,"pid":20658,"hostname":"vm","msg":"  ARB>WETH@PancakeV3/500 WETH>ARB@PancakeV3/100 in=9.553 ARB gap=48.2bps profit=$0.004 net=$-0.007"}
{"level":30,"time":1790807386410,"pid":20658,"hostname":"vm","msg":"  ARB>USDC@PancakeV3/500 USDC>ARB@UniswapV3/100 in=12.88 ARB gap=32.1bps profit=$0.003 net=$-0.008"}
{"level":30,"time":1790807386410,"pid":20658,"hostname":"vm","msg":"  ARB>USDC@UniswapV3/500 USDC>ARB@UniswapV3/100 in=9.234 ARB gap=25.4bps profit=$0.002 net=$-0.009"}
{"level":30,"time":1790807386410,"pid":20658,"hostname":"vm","msg":"  ARB>WETH@SushiV3/500 WETH>ARB@PancakeV3/100 in=4.882 ARB gap=38.7bps profit=$0.002 net=$-0.009"}
{"level":30,"time":1790807387067,"pid":20658,"hostname":"vm","block":510478104,"gross":238,"net":0,"sumNetUsd":0,"gasPriceGwei":0.02,"txCostUsd":0.0134,"syncMs":173,"searchMs":181,"msg":"block scanned"}
{"level":30,"time":1790807387067,"pid":20658,"hostname":"vm","msg":"  ARB>WETH@UniswapV3/500 WETH>ARB@PancakeV3/100 in=11.71 ARB gap=52.8bps profit=$0.006 net=$-0.006"}
{"level":30,"time":1790807387067,"pid":20658,"hostname":"vm","msg":"  ARB>WETH@PancakeV3/500 WETH>ARB@PancakeV3/100 in=9.553 ARB gap=48.2bps profit=$0.004 net=$-0.007"}
{"level":30,"time":1790807387067,"pid":20658,"hostname":"vm","msg":"  ARB>USDC@PancakeV3/500 USDC>ARB@UniswapV3/100 in=12.88 ARB gap=32.1bps profit=$0.003 net=$-0.008"}
{"level":30,"time":1790807387067,"pid":20658,"hostname":"vm","msg":"  ARB>USDC@UniswapV3/500 USDC>ARB@UniswapV3/100 in=9.234 ARB gap=25.4bps profit=$0.002 net=$-0.009"}
{"level":30,"time":1790807387067,"pid":20658,"hostname":"vm","msg":"  ARB>WETH@SushiV3/500 WETH>ARB@PancakeV3/100 in=4.882 ARB gap=38.7bps profit=$0.002 net=$-0.009"}
{"level":30,"time":1790807387641,"pid":20658,"hostname":"vm","block":510478106,"gross":244,"net":0,"sumNetUsd":0,"gasPriceGwei":0.02,"txCostUsd":0.0134,"syncMs":152,"searchMs":186,"msg":"block scanned"}
{"level":30,"time":1790807387641,"pid":20658,"hostname":"vm","msg":"  ARB>WETH@UniswapV3/500 WETH>ARB@PancakeV3/100 in=11.94 ARB gap=53.6bps profit=$0.006 net=$-0.005"}
{"level":30,"time":1790807387641,"pid":20658,"hostname":"vm","msg":"  ARB>WETH@PancakeV3/500 WETH>ARB@PancakeV3/100 in=9.553 ARB gap=48.2bps profit=$0.004 net=$-0.007"}
{"level":30,"time":1790807387641,"pid":20658,"hostname":"vm","msg":"  ARB>USDC@UniswapV3/500 USDC>ARB@UniswapV3/100 in=13.33 ARB gap=34.1bps profit=$0.004 net=$-0.007"}
{"level":30,"time":1790807387641,"pid":20658,"hostname":"vm","msg":"  ARB>USDC@PancakeV3/500 USDC>ARB@UniswapV3/100 in=12.88 ARB gap=32.1bps profit=$0.003 net=$-0.008"}
{"level":30,"time":1790807387641,"pid":20658,"hostname":"vm","msg":"  ARB>WETH@SushiV3/500 WETH>ARB@PancakeV3/100 in=4.882 ARB gap=38.7bps profit=$0.002 net=$-0.009"}
{"level":30,"time":1790807388197,"pid":20658,"hostname":"vm","block":510478108,"gross":244,"net":0,"sumNetUsd":0,"gasPriceGwei":0.02004,"txCostUsd":0.0135,"syncMs":147,"searchMs":189,"msg":"block scanned"}
{"level":30,"time":1790807388197,"pid":20658,"hostname":"vm","msg":"  ARB>WETH@UniswapV3/500 WETH>ARB@PancakeV3/100 in=11.94 ARB gap=53.6bps profit=$0.006 net=$-0.005"}
{"level":30,"time":1790807388197,"pid":20658,"hostname":"vm","msg":"  ARB>WETH@PancakeV3/500 WETH>ARB@PancakeV3/100 in=9.553 ARB gap=48.2bps profit=$0.004 net=$-0.007"}
{"level":30,"time":1790807388197,"pid":20658,"hostname":"vm","msg":"  ARB>USDC@UniswapV3/500 USDC>ARB@UniswapV3/100 in=13.33 ARB gap=34.1bps profit=$0.004 net=$-0.007"}
{"level":30,"time":1790807388197,"pid":20658,"hostname":"vm","msg":"  ARB>USDC@PancakeV3/500 USDC>ARB@UniswapV3/100 in=12.88 ARB gap=32.1bps profit=$0.003 net=$-0.008"}
{"level":30,"time":1790807388197,"pid":20658,"hostname":"vm","msg":"  ARB>WETH@SushiV3/500 WETH>ARB@PancakeV3/100 in=4.882 ARB gap=38.7bps profit=$0.002 net=$-0.009"}
{"level":30,"time":1790807388847,"pid":20658,"hostname":"vm","block":510478110,"gross":244,"net":0,"sumNetUsd":0,"gasPriceGwei":0.020036,"txCostUsd":0.0135,"syncMs":150,"searchMs":180,"msg":"block scanned"}
{"level":30,"time":1790807388848,"pid":20658,"hostname":"vm","msg":"  ARB>WETH@UniswapV3/500 WETH>ARB@PancakeV3/100 in=11.94 ARB gap=53.6bps profit=$0.006 net=$-0.005"}
{"level":30,"time":1790807388848,"pid":20658,"hostname":"vm","msg":"  ARB>WETH@PancakeV3/500 WETH>ARB@PancakeV3/100 in=9.553 ARB gap=48.2bps profit=$0.004 net=$-0.007"}
{"level":30,"time":1790807388848,"pid":20658,"hostname":"vm","msg":"  ARB>USDC@UniswapV3/500 USDC>ARB@UniswapV3/100 in=13.33 ARB gap=34.1bps profit=$0.004 net=$-0.007"}
{"level":30,"time":1790807388848,"pid":20658,"hostname":"vm","msg":"  ARB>USDC@PancakeV3/500 USDC>ARB@UniswapV3/100 in=12.88 ARB gap=32.1bps profit=$0.003 net=$-0.008"}
{"level":30,"time":1790807388848,"pid":20658,"hostname":"vm","msg":"  ARB>WETH@SushiV3/500 WETH>ARB@PancakeV3/100 in=4.882 ARB gap=38.7bps profit=$0.002 net=$-0.009"}
{"level":30,"time":1790807389513,"pid":20658,"hostname":"vm","block":510478113,"gross":244,"net":0,"sumNetUsd":0,"gasPriceGwei":0.020062,"txCostUsd":0.0135,"syncMs":153,"searchMs":199,"msg":"block scanned"}
{"level":30,"time":1790807389513,"pid":20658,"hostname":"vm","msg":"  ARB>WETH@UniswapV3/500 WETH>ARB@PancakeV3/100 in=11.94 ARB gap=53.6bps profit=$0.006 net=$-0.005"}
{"level":30,"time":1790807389513,"pid":20658,"hostname":"vm","msg":"  ARB>WETH@PancakeV3/500 WETH>ARB@PancakeV3/100 in=9.553 ARB gap=48.2bps profit=$0.004 net=$-0.007"}
{"level":30,"time":1790807389513,"pid":20658,"hostname":"vm","msg":"  ARB>USDC@UniswapV3/500 USDC>ARB@UniswapV3/100 in=13.33 ARB gap=34.1bps profit=$0.004 net=$-0.007"}
{"level":30,"time":1790807389513,"pid":20658,"hostname":"vm","msg":"  ARB>USDC@PancakeV3/500 USDC>ARB@UniswapV3/100 in=12.88 ARB gap=32.1bps profit=$0.003 net=$-0.008"}
{"level":30,"time":1790807389513,"pid":20658,"hostname":"vm","msg":"  ARB>WETH@SushiV3/500 WETH>ARB@PancakeV3/100 in=4.882 ARB gap=38.7bps profit=$0.002 net=$-0.009"}
{"level":30,"time":1790807390062,"pid":20658,"hostname":"vm","block":510478115,"gross":244,"net":0,"sumNetUsd":0,"gasPriceGwei":0.0201,"txCostUsd":0.0135,"syncMs":160,"searchMs":185,"msg":"block scanned"}
{"level":30,"time":1790807390062,"pid":20658,"hostname":"vm","msg":"  ARB>WETH@UniswapV3/500 WETH>ARB@PancakeV3/100 in=11.94 ARB gap=53.6bps profit=$0.006 net=$-0.005"}
{"level":30,"time":1790807390062,"pid":20658,"hostname":"vm","msg":"  ARB>WETH@PancakeV3/500 WETH>ARB@PancakeV3/100 in=9.553 ARB gap=48.2bps profit=$0.004 net=$-0.007"}
{"level":30,"time":1790807390062,"pid":20658,"hostname":"vm","msg":"  ARB>USDC@UniswapV3/500 USDC>ARB@UniswapV3/100 in=13.33 ARB gap=34.1bps profit=$0.004 net=$-0.007"}
{"level":30,"time":1790807390062,"pid":20658,"hostname":"vm","msg":"  ARB>USDC@PancakeV3/500 USDC>ARB@UniswapV3/100 in=12.88 ARB gap=32.1bps profit=$0.003 net=$-0.008"}
{"level":30,"time":1790807390062,"pid":20658,"hostname":"vm","msg":"  ARB>WETH@SushiV3/500 WETH>ARB@PancakeV3/100 in=4.882 ARB gap=38.7bps profit=$0.002 net=$-0.010"}
{"level":30,"time":1790807390707,"pid":20658,"hostname":"vm","block":510478117,"gross":248,"net":0,"sumNetUsd":0,"gasPriceGwei":0.02,"txCostUsd":0.0134,"syncMs":149,"searchMs":191,"msg":"block scanned"}
{"level":30,"time":1790807390707,"pid":20658,"hostname":"vm","msg":"  ARB>WETH@UniswapV3/500 WETH>ARB@PancakeV3/100 in=11.94 ARB gap=53.6bps profit=$0.006 net=$-0.005"}
{"level":30,"time":1790807390707,"pid":20658,"hostname":"vm","msg":"  ARB>WETH@PancakeV3/500 WETH>ARB@PancakeV3/100 in=9.553 ARB gap=48.2bps profit=$0.004 net=$-0.007"}
{"level":30,"time":1790807390707,"pid":20658,"hostname":"vm","msg":"  ARB>USDC@UniswapV3/500 USDC>ARB@UniswapV3/100 in=13.33 ARB gap=34.1bps profit=$0.004 net=$-0.007"}
{"level":30,"time":1790807390707,"pid":20658,"hostname":"vm","msg":"  ARB>USDC@PancakeV3/500 USDC>ARB@UniswapV3/100 in=12.88 ARB gap=32.1bps profit=$0.003 net=$-0.008"}
{"level":30,"time":1790807390707,"pid":20658,"hostname":"vm","msg":"  ARB>WETH@SushiV3/500 WETH>ARB@PancakeV3/100 in=4.882 ARB gap=38.7bps profit=$0.002 net=$-0.009"}
{"level":30,"time":1790807391362,"pid":20658,"hostname":"vm","block":510478119,"gross":252,"net":0,"sumNetUsd":0,"gasPriceGwei":0.020232,"txCostUsd":0.0136,"syncMs":146,"searchMs":188,"msg":"block scanned"}
{"level":30,"time":1790807391362,"pid":20658,"hostname":"vm","msg":"  ARB>WETH@UniswapV3/500 WETH>ARB@PancakeV3/100 in=11.94 ARB gap=53.6bps profit=$0.006 net=$-0.005"}
{"level":30,"time":1790807391362,"pid":20658,"hostname":"vm","msg":"  ARB>WETH@PancakeV3/500 WETH>ARB@PancakeV3/100 in=9.553 ARB gap=48.2bps profit=$0.004 net=$-0.007"}
{"level":30,"time":1790807391362,"pid":20658,"hostname":"vm","msg":"  ARB>USDC@UniswapV3/500 USDC>ARB@UniswapV3/100 in=13.33 ARB gap=34.1bps profit=$0.004 net=$-0.007"}
{"level":30,"time":1790807391362,"pid":20658,"hostname":"vm","msg":"  ARB>USDC@PancakeV3/500 USDC>ARB@UniswapV3/100 in=12.88 ARB gap=32.1bps profit=$0.003 net=$-0.008"}
{"level":30,"time":1790807391362,"pid":20658,"hostname":"vm","msg":"  ARB>WETH@SushiV3/500 WETH>ARB@PancakeV3/100 in=4.882 ARB gap=38.7bps profit=$0.002 net=$-0.010"}
{"level":30,"time":1790807391898,"pid":20658,"hostname":"vm","block":510478122,"gross":258,"net":0,"sumNetUsd":0,"gasPriceGwei":0.02,"txCostUsd":0.0134,"syncMs":137,"searchMs":187,"msg":"block scanned"}
{"level":30,"time":1790807391898,"pid":20658,"hostname":"vm","msg":"  ARB>WETH@UniswapV3/500 WETH>ARB@PancakeV3/100 in=11.94 ARB gap=53.6bps profit=$0.006 net=$-0.005"}
{"level":30,"time":1790807391898,"pid":20658,"hostname":"vm","msg":"  ARB>WETH@PancakeV3/500 WETH>ARB@PancakeV3/100 in=9.553 ARB gap=48.2bps profit=$0.004 net=$-0.007"}
{"level":30,"time":1790807391898,"pid":20658,"hostname":"vm","msg":"  ARB>USDC@UniswapV3/500 USDC>ARB@UniswapV3/100 in=13.33 ARB gap=34.1bps profit=$0.004 net=$-0.007"}
{"level":30,"time":1790807391898,"pid":20658,"hostname":"vm","msg":"  ARB>USDC@PancakeV3/500 USDC>ARB@UniswapV3/100 in=12.88 ARB gap=32.1bps profit=$0.003 net=$-0.008"}
{"level":30,"time":1790807391898,"pid":20658,"hostname":"vm","msg":"  ARB>WETH@SushiV3/500 WETH>ARB@PancakeV3/100 in=4.882 ARB gap=38.7bps profit=$0.002 net=$-0.009"}
{"level":30,"time":1790807392579,"pid":20658,"hostname":"vm","block":510478124,"gross":258,"net":0,"sumNetUsd":0,"gasPriceGwei":0.02,"txCostUsd":0.0134,"syncMs":148,"searchMs":202,"msg":"block scanned"}
{"level":30,"time":1790807392579,"pid":20658,"hostname":"vm","msg":"  ARB>WETH@UniswapV3/500 WETH>ARB@PancakeV3/100 in=11.94 ARB gap=53.6bps profit=$0.006 net=$-0.005"}
{"level":30,"time":1790807392579,"pid":20658,"hostname":"vm","msg":"  ARB>WETH@PancakeV3/500 WETH>ARB@PancakeV3/100 in=9.553 ARB gap=48.2bps profit=$0.004 net=$-0.007"}
{"level":30,"time":1790807392579,"pid":20658,"hostname":"vm","msg":"  ARB>USDC@UniswapV3/500 USDC>ARB@UniswapV3/100 in=13.33 ARB gap=34.1bps profit=$0.004 net=$-0.007"}
{"level":30,"time":1790807392579,"pid":20658,"hostname":"vm","msg":"  ARB>USDC@PancakeV3/500 USDC>ARB@UniswapV3/100 in=12.88 ARB gap=32.1bps profit=$0.003 net=$-0.008"}
{"level":30,"time":1790807392579,"pid":20658,"hostname":"vm","msg":"  ARB>WETH@SushiV3/500 WETH>ARB@PancakeV3/100 in=4.882 ARB gap=38.7bps profit=$0.002 net=$-0.009"}
{"level":30,"time":1790807393139,"pid":20658,"hostname":"vm","block":510478126,"gross":258,"net":0,"sumNetUsd":0,"gasPriceGwei":0.020012,"txCostUsd":0.0134,"syncMs":145,"searchMs":194,"msg":"block scanned"}
{"level":30,"time":1790807393139,"pid":20658,"hostname":"vm","msg":"  ARB>WETH@UniswapV3/500 WETH>ARB@PancakeV3/100 in=11.94 ARB gap=53.6bps profit=$0.006 net=$-0.005"}
{"level":30,"time":1790807393139,"pid":20658,"hostname":"vm","msg":"  ARB>WETH@PancakeV3/500 WETH>ARB@PancakeV3/100 in=9.553 ARB gap=48.2bps profit=$0.004 net=$-0.007"}
{"level":30,"time":1790807393139,"pid":20658,"hostname":"vm","msg":"  ARB>USDC@UniswapV3/500 USDC>ARB@UniswapV3/100 in=13.33 ARB gap=34.1bps profit=$0.004 net=$-0.007"}
{"level":30,"time":1790807393139,"pid":20658,"hostname":"vm","msg":"  ARB>USDC@PancakeV3/500 USDC>ARB@UniswapV3/100 in=12.88 ARB gap=32.1bps profit=$0.003 net=$-0.008"}
{"level":30,"time":1790807393139,"pid":20658,"hostname":"vm","msg":"  ARB>WETH@SushiV3/500 WETH>ARB@PancakeV3/100 in=4.882 ARB gap=38.7bps profit=$0.002 net=$-0.009"}
{"level":30,"time":1790807435873,"pid":20658,"hostname":"vm","block":510478128,"gross":258,"net":0,"sumNetUsd":0,"gasPriceGwei":0.02,"txCostUsd":0.0134,"syncMs":42312,"searchMs":186,"msg":"block scanned"}
{"level":30,"time":1790807435873,"pid":20658,"hostname":"vm","msg":"  ARB>WETH@UniswapV3/500 WETH>ARB@PancakeV3/100 in=11.94 ARB gap=53.6bps profit=$0.006 net=$-0.005"}
{"level":30,"time":1790807435873,"pid":20658,"hostname":"vm","msg":"  ARB>WETH@PancakeV3/500 WETH>ARB@PancakeV3/100 in=9.553 ARB gap=48.2bps profit=$0.004 net=$-0.007"}
{"level":30,"time":1790807435873,"pid":20658,"hostname":"vm","msg":"  ARB>USDC@UniswapV3/500 USDC>ARB@UniswapV3/100 in=13.33 ARB gap=34.1bps profit=$0.004 net=$-0.007"}
{"level":30,"time":1790807435873,"pid":20658,"hostname":"vm","msg":"  ARB>USDC@PancakeV3/500 USDC>ARB@UniswapV3/100 in=12.88 ARB gap=32.1bps profit=$0.003 net=$-0.008"}
{"level":30,"time":1790807435873,"pid":20658,"hostname":"vm","msg":"  ARB>WETH@SushiV3/500 WETH>ARB@PancakeV3/100 in=4.882 ARB gap=38.7bps profit=$0.002 net=$-0.009"}
{"level":30,"time":1790807436317,"pid":20658,"hostname":"vm","block":510478287,"gross":270,"net":0,"sumNetUsd":0,"gasPriceGwei":0.020064,"txCostUsd":0.0135,"syncMs":138,"searchMs":199,"msg":"block scanned"}
{"level":30,"time":1790807436317,"pid":20658,"hostname":"vm","msg":"  ARB>WETH@UniswapV3/500 WETH>ARB@PancakeV3/100 in=13.13 ARB gap=58.4bps profit=$0.007 net=$-0.004"}
{"level":30,"time":1790807436317,"pid":20658,"hostname":"vm","msg":"  ARB>USDC@PancakeV3/500 USDC>ARB@UniswapV3/100 in=15.81 ARB gap=38bps profit=$0.005 net=$-0.006"}
{"level":30,"time":1790807436317,"pid":20658,"hostname":"vm","msg":"  ARB>USDC.e@UniswapV3/500 USDC.e>ARB@PancakeV3/500 in=30.13 ARB gap=25.9bps profit=$0.005 net=$-0.006"}
{"level":30,"time":1790807436317,"pid":20658,"hostname":"vm","msg":"  ARB>WETH@PancakeV3/500 WETH>ARB@PancakeV3/100 in=9.553 ARB gap=48.2bps profit=$0.004 net=$-0.007"}
{"level":30,"time":1790807436317,"pid":20658,"hostname":"vm","msg":"  ARB>USDC@UniswapV3/500 USDC>ARB@UniswapV3/100 in=13.33 ARB gap=34.1bps profit=$0.004 net=$-0.007"}
{"level":30,"time":1790807436992,"pid":20658,"hostname":"vm","block":510478289,"gross":270,"net":0,"sumNetUsd":0,"gasPriceGwei":0.020066,"txCostUsd":0.0135,"syncMs":150,"searchMs":211,"msg":"block scanned"}
{"level":30,"time":1790807436992,"pid":20658,"hostname":"vm","msg":"  ARB>WETH@UniswapV3/500 WETH>ARB@PancakeV3/100 in=13.13 ARB gap=58.4bps profit=$0.007 net=$-0.004"}
{"level":30,"time":1790807436992,"pid":20658,"hostname":"vm","msg":"  ARB>USDC@PancakeV3/500 USDC>ARB@UniswapV3/100 in=15.81 ARB gap=38bps profit=$0.005 net=$-0.006"}
{"level":30,"time":1790807436992,"pid":20658,"hostname":"vm","msg":"  ARB>USDC.e@UniswapV3/500 USDC.e>ARB@PancakeV3/500 in=30.13 ARB gap=25.9bps profit=$0.005 net=$-0.006"}
{"level":30,"time":1790807436992,"pid":20658,"hostname":"vm","msg":"  ARB>WETH@PancakeV3/500 WETH>ARB@PancakeV3/100 in=9.553 ARB gap=48.2bps profit=$0.004 net=$-0.007"}
{"level":30,"time":1790807436992,"pid":20658,"hostname":"vm","msg":"  ARB>USDC@UniswapV3/500 USDC>ARB@UniswapV3/100 in=13.33 ARB gap=34.1bps profit=$0.004 net=$-0.007"}
{"level":30,"time":1790807437531,"pid":20658,"hostname":"vm","block":510478291,"gross":270,"net":0,"sumNetUsd":0,"gasPriceGwei":0.020068,"txCostUsd":0.0135,"syncMs":123,"searchMs":201,"msg":"block scanned"}
{"level":30,"time":1790807437531,"pid":20658,"hostname":"vm","msg":"  ARB>WETH@UniswapV3/500 WETH>ARB@PancakeV3/100 in=13.13 ARB gap=58.4bps profit=$0.007 net=$-0.004"}
{"level":30,"time":1790807437531,"pid":20658,"hostname":"vm","msg":"  ARB>USDC@PancakeV3/500 USDC>ARB@UniswapV3/100 in=15.81 ARB gap=38bps profit=$0.005 net=$-0.006"}
{"level":30,"time":1790807437531,"pid":20658,"hostname":"vm","msg":"  ARB>USDC.e@UniswapV3/500 USDC.e>ARB@PancakeV3/500 in=30.13 ARB gap=25.9bps profit=$0.005 net=$-0.006"}
{"level":30,"time":1790807437531,"pid":20658,"hostname":"vm","msg":"  ARB>WETH@PancakeV3/500 WETH>ARB@PancakeV3/100 in=9.553 ARB gap=48.2bps profit=$0.004 net=$-0.007"}
{"level":30,"time":1790807437531,"pid":20658,"hostname":"vm","msg":"  ARB>USDC@UniswapV3/500 USDC>ARB@UniswapV3/100 in=13.33 ARB gap=34.1bps profit=$0.004 net=$-0.007"}
{"level":30,"time":1790807438178,"pid":20658,"hostname":"vm","block":510478293,"gross":270,"net":0,"sumNetUsd":0,"gasPriceGwei":0.020002,"txCostUsd":0.0134,"syncMs":135,"searchMs":200,"msg":"block scanned"}
{"level":30,"time":1790807438178,"pid":20658,"hostname":"vm","msg":"  ARB>WETH@UniswapV3/500 WETH>ARB@PancakeV3/100 in=13.13 ARB gap=58.4bps profit=$0.007 net=$-0.004"}
{"level":30,"time":1790807438178,"pid":20658,"hostname":"vm","msg":"  ARB>USDC@PancakeV3/500 USDC>ARB@UniswapV3/100 in=15.81 ARB gap=38bps profit=$0.005 net=$-0.006"}
{"level":30,"time":1790807438178,"pid":20658,"hostname":"vm","msg":"  ARB>USDC.e@UniswapV3/500 USDC.e>ARB@PancakeV3/500 in=30.13 ARB gap=25.9bps profit=$0.005 net=$-0.006"}
{"level":30,"time":1790807438178,"pid":20658,"hostname":"vm","msg":"  ARB>WETH@PancakeV3/500 WETH>ARB@PancakeV3/100 in=9.553 ARB gap=48.2bps profit=$0.004 net=$-0.007"}
{"level":30,"time":1790807438178,"pid":20658,"hostname":"vm","msg":"  ARB>USDC@UniswapV3/500 USDC>ARB@UniswapV3/100 in=13.33 ARB gap=34.1bps profit=$0.004 net=$-0.007"}
{"level":30,"time":1790807438868,"pid":20658,"hostname":"vm","block":510478295,"gross":270,"net":0,"sumNetUsd":0,"gasPriceGwei":0.02,"txCostUsd":0.0134,"syncMs":155,"searchMs":224,"msg":"block scanned"}
{"level":30,"time":1790807438868,"pid":20658,"hostname":"vm","msg":"  ARB>WETH@UniswapV3/500 WETH>ARB@PancakeV3/100 in=13.13 ARB gap=58.4bps profit=$0.007 net=$-0.004"}
{"level":30,"time":1790807438868,"pid":20658,"hostname":"vm","msg":"  ARB>USDC@PancakeV3/500 USDC>ARB@UniswapV3/100 in=15.81 ARB gap=38bps profit=$0.005 net=$-0.006"}
{"level":30,"time":1790807438868,"pid":20658,"hostname":"vm","msg":"  ARB>USDC.e@UniswapV3/500 USDC.e>ARB@PancakeV3/500 in=30.13 ARB gap=25.9bps profit=$0.005 net=$-0.006"}
{"level":30,"time":1790807438868,"pid":20658,"hostname":"vm","msg":"  ARB>WETH@PancakeV3/500 WETH>ARB@PancakeV3/100 in=9.553 ARB gap=48.2bps profit=$0.004 net=$-0.007"}
{"level":30,"time":1790807438868,"pid":20658,"hostname":"vm","msg":"  ARB>USDC@UniswapV3/500 USDC>ARB@UniswapV3/100 in=13.33 ARB gap=34.1bps profit=$0.004 net=$-0.007"}
{"level":30,"time":1790807439426,"pid":20658,"hostname":"vm","block":510478297,"gross":270,"net":0,"sumNetUsd":0,"gasPriceGwei":0.020082,"txCostUsd":0.0135,"syncMs":143,"searchMs":201,"msg":"block scanned"}
{"level":30,"time":1790807439426,"pid":20658,"hostname":"vm","msg":"  ARB>WETH@UniswapV3/500 WETH>ARB@PancakeV3/100 in=13.13 ARB gap=58.4bps profit=$0.007 net=$-0.004"}
{"level":30,"time":1790807439426,"pid":20658,"hostname":"vm","msg":"  ARB>USDC@PancakeV3/500 USDC>ARB@UniswapV3/100 in=15.81 ARB gap=38bps profit=$0.005 net=$-0.006"}
{"level":30,"time":1790807439426,"pid":20658,"hostname":"vm","msg":"  ARB>USDC.e@UniswapV3/500 USDC.e>ARB@PancakeV3/500 in=30.13 ARB gap=25.9bps profit=$0.005 net=$-0.006"}
{"level":30,"time":1790807439426,"pid":20658,"hostname":"vm","msg":"  ARB>WETH@PancakeV3/500 WETH>ARB@PancakeV3/100 in=9.553 ARB gap=48.2bps profit=$0.004 net=$-0.007"}
{"level":30,"time":1790807439426,"pid":20658,"hostname":"vm","msg":"  ARB>USDC@UniswapV3/500 USDC>ARB@UniswapV3/100 in=13.33 ARB gap=34.1bps profit=$0.004 net=$-0.007"}
{"level":30,"time":1790807439971,"pid":20658,"hostname":"vm","block":510478299,"gross":270,"net":0,"sumNetUsd":0,"gasPriceGwei":0.020012,"txCostUsd":0.0134,"syncMs":136,"searchMs":196,"msg":"block scanned"}
{"level":30,"time":1790807439971,"pid":20658,"hostname":"vm","msg":"  ARB>WETH@UniswapV3/500 WETH>ARB@PancakeV3/100 in=13.13 ARB gap=58.4bps profit=$0.007 net=$-0.004"}
{"level":30,"time":1790807439971,"pid":20658,"hostname":"vm","msg":"  ARB>USDC@PancakeV3/500 USDC>ARB@UniswapV3/100 in=15.81 ARB gap=38bps profit=$0.005 net=$-0.006"}
{"level":30,"time":1790807439971,"pid":20658,"hostname":"vm","msg":"  ARB>USDC.e@UniswapV3/500 USDC.e>ARB@PancakeV3/500 in=30.13 ARB gap=25.9bps profit=$0.005 net=$-0.006"}
{"level":30,"time":1790807439971,"pid":20658,"hostname":"vm","msg":"  ARB>WETH@PancakeV3/500 WETH>ARB@PancakeV3/100 in=9.553 ARB gap=48.2bps profit=$0.004 net=$-0.007"}
{"level":30,"time":1790807439971,"pid":20658,"hostname":"vm","msg":"  ARB>USDC@UniswapV3/500 USDC>ARB@UniswapV3/100 in=13.33 ARB gap=34.1bps profit=$0.004 net=$-0.007"}
{"level":30,"time":1790807440633,"pid":20658,"hostname":"vm","block":510478301,"gross":270,"net":0,"sumNetUsd":0,"gasPriceGwei":0.020068,"txCostUsd":0.0135,"syncMs":149,"searchMs":192,"msg":"block scanned"}
{"level":30,"time":1790807440633,"pid":20658,"hostname":"vm","msg":"  ARB>WETH@UniswapV3/500 WETH>ARB@PancakeV3/100 in=13.13 ARB gap=58.4bps profit=$0.007 net=$-0.004"}
{"level":30,"time":1790807440633,"pid":20658,"hostname":"vm","msg":"  ARB>USDC@PancakeV3/500 USDC>ARB@UniswapV3/100 in=15.81 ARB gap=38bps profit=$0.005 net=$-0.006"}
{"level":30,"time":1790807440633,"pid":20658,"hostname":"vm","msg":"  ARB>USDC.e@UniswapV3/500 USDC.e>ARB@PancakeV3/500 in=30.13 ARB gap=25.9bps profit=$0.005 net=$-0.006"}
{"level":30,"time":1790807440633,"pid":20658,"hostname":"vm","msg":"  ARB>WETH@PancakeV3/500 WETH>ARB@PancakeV3/100 in=9.553 ARB gap=48.2bps profit=$0.004 net=$-0.007"}
{"level":30,"time":1790807440633,"pid":20658,"hostname":"vm","msg":"  ARB>USDC@UniswapV3/500 USDC>ARB@UniswapV3/100 in=13.33 ARB gap=34.1bps profit=$0.004 net=$-0.007"}
{"level":30,"time":1790807441190,"pid":20658,"hostname":"vm","block":510478303,"gross":270,"net":0,"sumNetUsd":0,"gasPriceGwei":0.020054,"txCostUsd":0.0135,"syncMs":135,"searchMs":211,"msg":"block scanned"}
{"level":30,"time":1790807441190,"pid":20658,"hostname":"vm","msg":"  ARB>WETH@UniswapV3/500 WETH>ARB@PancakeV3/100 in=13.13 ARB gap=58.4bps profit=$0.007 net=$-0.004"}
{"level":30,"time":1790807441190,"pid":20658,"hostname":"vm","msg":"  ARB>USDC@PancakeV3/500 USDC>ARB@UniswapV3/100 in=15.81 ARB gap=38bps profit=$0.005 net=$-0.006"}
{"level":30,"time":1790807441190,"pid":20658,"hostname":"vm","msg":"  ARB>USDC.e@UniswapV3/500 USDC.e>ARB@PancakeV3/500 in=30.13 ARB gap=25.9bps profit=$0.005 net=$-0.006"}
{"level":30,"time":1790807441190,"pid":20658,"hostname":"vm","msg":"  ARB>WETH@PancakeV3/500 WETH>ARB@PancakeV3/100 in=9.553 ARB gap=48.2bps profit=$0.004 net=$-0.007"}
{"level":30,"time":1790807441190,"pid":20658,"hostname":"vm","msg":"  ARB>USDC@UniswapV3/500 USDC>ARB@UniswapV3/100 in=13.33 ARB gap=34.1bps profit=$0.004 net=$-0.007"}
{"level":30,"time":1790807441740,"pid":20658,"hostname":"vm","block":510478305,"gross":270,"net":0,"sumNetUsd":0,"gasPriceGwei":0.02,"txCostUsd":0.0134,"syncMs":128,"searchMs":209,"msg":"block scanned"}
{"level":30,"time":1790807441740,"pid":20658,"hostname":"vm","msg":"  ARB>WETH@UniswapV3/500 WETH>ARB@PancakeV3/100 in=13.13 ARB gap=58.4bps profit=$0.007 net=$-0.004"}
{"level":30,"time":1790807441740,"pid":20658,"hostname":"vm","msg":"  ARB>USDC@PancakeV3/500 USDC>ARB@UniswapV3/100 in=15.81 ARB gap=38bps profit=$0.005 net=$-0.006"}
{"level":30,"time":1790807441740,"pid":20658,"hostname":"vm","msg":"  ARB>USDC.e@UniswapV3/500 USDC.e>ARB@PancakeV3/500 in=30.13 ARB gap=25.9bps profit=$0.005 net=$-0.006"}
{"level":30,"time":1790807441740,"pid":20658,"hostname":"vm","msg":"  ARB>WETH@PancakeV3/500 WETH>ARB@PancakeV3/100 in=9.553 ARB gap=48.2bps profit=$0.004 net=$-0.007"}
{"level":30,"time":1790807441740,"pid":20658,"hostname":"vm","msg":"  ARB>USDC@UniswapV3/500 USDC>ARB@UniswapV3/100 in=13.33 ARB gap=34.1bps profit=$0.004 net=$-0.007"}
{"level":30,"time":1790807442421,"pid":20658,"hostname":"vm","block":510478308,"gross":276,"net":0,"sumNetUsd":0,"gasPriceGwei":0.020106,"txCostUsd":0.0135,"syncMs":148,"searchMs":218,"msg":"block scanned"}
{"level":30,"time":1790807442421,"pid":20658,"hostname":"vm","msg":"  ARB>WETH@UniswapV3/500 WETH>ARB@PancakeV3/100 in=13.12 ARB gap=58.4bps profit=$0.007 net=$-0.004"}
{"level":30,"time":1790807442421,"pid":20658,"hostname":"vm","msg":"  ARB>USDC@PancakeV3/500 USDC>ARB@UniswapV3/100 in=15.81 ARB gap=38bps profit=$0.005 net=$-0.006"}
{"level":30,"time":1790807442421,"pid":20658,"hostname":"vm","msg":"  ARB>USDC.e@UniswapV3/500 USDC.e>ARB@PancakeV3/500 in=30.13 ARB gap=25.9bps profit=$0.005 net=$-0.006"}
{"level":30,"time":1790807442421,"pid":20658,"hostname":"vm","msg":"  ARB>WETH@PancakeV3/500 WETH>ARB@PancakeV3/100 in=9.553 ARB gap=48.2bps profit=$0.004 net=$-0.007"}
{"level":30,"time":1790807442421,"pid":20658,"hostname":"vm","msg":"  ARB>USDC@UniswapV3/500 USDC>ARB@UniswapV3/100 in=13.33 ARB gap=34.1bps profit=$0.004 net=$-0.007"}
{"level":30,"time":1790807442970,"pid":20658,"hostname":"vm","block":510478310,"gross":276,"net":0,"sumNetUsd":0,"gasPriceGwei":0.020002,"txCostUsd":0.0134,"syncMs":140,"searchMs":196,"msg":"block scanned"}
{"level":30,"time":1790807442970,"pid":20658,"hostname":"vm","msg":"  ARB>WETH@UniswapV3/500 WETH>ARB@PancakeV3/100 in=13.12 ARB gap=58.4bps profit=$0.007 net=$-0.004"}
{"level":30,"time":1790807442970,"pid":20658,"hostname":"vm","msg":"  ARB>USDC@PancakeV3/500 USDC>ARB@UniswapV3/100 in=15.81 ARB gap=38bps profit=$0.005 net=$-0.006"}
{"level":30,"time":1790807442971,"pid":20658,"hostname":"vm","msg":"  ARB>USDC.e@UniswapV3/500 USDC.e>ARB@PancakeV3/500 in=30.13 ARB gap=25.9bps profit=$0.005 net=$-0.006"}
{"level":30,"time":1790807442971,"pid":20658,"hostname":"vm","msg":"  ARB>WETH@PancakeV3/500 WETH>ARB@PancakeV3/100 in=9.553 ARB gap=48.2bps profit=$0.004 net=$-0.007"}
{"level":30,"time":1790807442971,"pid":20658,"hostname":"vm","msg":"  ARB>USDC@UniswapV3/500 USDC>ARB@UniswapV3/100 in=13.33 ARB gap=34.1bps profit=$0.004 net=$-0.007"}
{"level":30,"time":1790807443625,"pid":20658,"hostname":"vm","block":510478312,"gross":276,"net":0,"sumNetUsd":0,"gasPriceGwei":0.02,"txCostUsd":0.0134,"syncMs":139,"searchMs":203,"msg":"block scanned"}
{"level":30,"time":1790807443625,"pid":20658,"hostname":"vm","msg":"  ARB>WETH@UniswapV3/500 WETH>ARB@PancakeV3/100 in=13.12 ARB gap=58.4bps profit=$0.007 net=$-0.004"}
{"level":30,"time":1790807443625,"pid":20658,"hostname":"vm","msg":"  ARB>USDC@PancakeV3/500 USDC>ARB@UniswapV3/100 in=15.81 ARB gap=38bps profit=$0.005 net=$-0.006"}
{"level":30,"time":1790807443625,"pid":20658,"hostname":"vm","msg":"  ARB>USDC.e@UniswapV3/500 USDC.e>ARB@PancakeV3/500 in=30.13 ARB gap=25.9bps profit=$0.005 net=$-0.006"}
{"level":30,"time":1790807443625,"pid":20658,"hostname":"vm","msg":"  ARB>WETH@PancakeV3/500 WETH>ARB@PancakeV3/100 in=9.553 ARB gap=48.2bps profit=$0.004 net=$-0.007"}
{"level":30,"time":1790807443625,"pid":20658,"hostname":"vm","msg":"  ARB>USDC@UniswapV3/500 USDC>ARB@UniswapV3/100 in=13.33 ARB gap=34.1bps profit=$0.004 net=$-0.007"}
{"level":30,"time":1790807444292,"pid":20658,"hostname":"vm","block":510478314,"gross":276,"net":0,"sumNetUsd":0,"gasPriceGwei":0.020024,"txCostUsd":0.0135,"syncMs":146,"searchMs":210,"msg":"block scanned"}
{"level":30,"time":1790807444292,"pid":20658,"hostname":"vm","msg":"  ARB>WETH@UniswapV3/500 WETH>ARB@PancakeV3/100 in=13.12 ARB gap=58.4bps profit=$0.007 net=$-0.004"}
{"level":30,"time":1790807444292,"pid":20658,"hostname":"vm","msg":"  ARB>USDC@PancakeV3/500 USDC>ARB@UniswapV3/100 in=15.81 ARB gap=38bps profit=$0.005 net=$-0.006"}
{"level":30,"time":1790807444292,"pid":20658,"hostname":"vm","msg":"  ARB>USDC.e@UniswapV3/500 USDC.e>ARB@PancakeV3/500 in=30.13 ARB gap=25.9bps profit=$0.005 net=$-0.006"}
{"level":30,"time":1790807444292,"pid":20658,"hostname":"vm","msg":"  ARB>WETH@PancakeV3/500 WETH>ARB@PancakeV3/100 in=9.553 ARB gap=48.2bps profit=$0.004 net=$-0.007"}
{"level":30,"time":1790807444292,"pid":20658,"hostname":"vm","msg":"  ARB>USDC@UniswapV3/500 USDC>ARB@UniswapV3/100 in=13.33 ARB gap=34.1bps profit=$0.004 net=$-0.007"}
{"level":30,"time":1790807470429,"pid":20658,"hostname":"vm","block":510478316,"gross":276,"net":0,"sumNetUsd":0,"gasPriceGwei":0.020022,"txCostUsd":0.0134,"syncMs":25716,"searchMs":208,"msg":"block scanned"}
{"level":30,"time":1790807470429,"pid":20658,"hostname":"vm","msg":"  ARB>WETH@UniswapV3/500 WETH>ARB@PancakeV3/100 in=13.12 ARB gap=58.4bps profit=$0.007 net=$-0.004"}
{"level":30,"time":1790807470429,"pid":20658,"hostname":"vm","msg":"  ARB>USDC@PancakeV3/500 USDC>ARB@UniswapV3/100 in=15.81 ARB gap=38bps profit=$0.005 net=$-0.006"}
{"level":30,"time":1790807470429,"pid":20658,"hostname":"vm","msg":"  ARB>USDC.e@UniswapV3/500 USDC.e>ARB@PancakeV3/500 in=30.13 ARB gap=25.9bps profit=$0.005 net=$-0.006"}
{"level":30,"time":1790807470429,"pid":20658,"hostname":"vm","msg":"  ARB>WETH@PancakeV3/500 WETH>ARB@PancakeV3/100 in=9.553 ARB gap=48.2bps profit=$0.004 net=$-0.007"}
{"level":30,"time":1790807470429,"pid":20658,"hostname":"vm","msg":"  ARB>USDC@UniswapV3/500 USDC>ARB@UniswapV3/100 in=13.33 ARB gap=34.1bps profit=$0.004 net=$-0.007"}
{"level":30,"time":1790807470866,"pid":20658,"hostname":"vm","block":510478407,"gross":278,"net":4,"sumNetUsd":0.007,"gasPriceGwei":0.020068,"txCostUsd":0.0135,"syncMs":108,"searchMs":216,"msg":"block scanned"}
{"level":30,"time":1790807470866,"pid":20658,"hostname":"vm","msg":"  ARB>USDC.e@UniswapV3/500 USDC.e>ARB@PancakeV3/500 in=49.34 ARB gap=36.1bps profit=$0.013 net=$0.002"}
{"level":30,"time":1790807470866,"pid":20658,"hostname":"vm","msg":"  ARB>WETH@UniswapV3/500 WETH>ARB@PancakeV3/100 in=15.40 ARB gap=67.6bps profit=$0.010 net=$-0.001"}
{"level":30,"time":1790807470866,"pid":20658,"hostname":"vm","msg":"  ARB>USDC@PancakeV3/500 USDC>ARB@UniswapV3/100 in=21.03 ARB gap=48.7bps profit=$0.009 net=$-0.002"}
{"level":30,"time":1790807470866,"pid":20658,"hostname":"vm","msg":"  ARB>USDC@UniswapV3/500 USDC>ARB@UniswapV3/100 in=17.53 ARB gap=42.9bps profit=$0.007 net=$-0.005"}
{"level":30,"time":1790807470866,"pid":20658,"hostname":"vm","msg":"  ARB>USDC.e@UniswapV3/500 USDC.e>ARB@PancakeV3/100 in=22.63 ARB gap=29bps profit=$0.005 net=$-0.006"}
{"level":30,"time":1790807471524,"pid":20658,"hostname":"vm","block":510478409,"gross":278,"net":4,"sumNetUsd":0.007,"gasPriceGwei":0.020132,"txCostUsd":0.0135,"syncMs":134,"searchMs":210,"msg":"block scanned"}
{"level":30,"time":1790807471524,"pid":20658,"hostname":"vm","msg":"  ARB>USDC.e@UniswapV3/500 USDC.e>ARB@PancakeV3/500 in=49.34 ARB gap=36.1bps profit=$0.013 net=$0.002"}
{"level":30,"time":1790807471524,"pid":20658,"hostname":"vm","msg":"  ARB>WETH@UniswapV3/500 WETH>ARB@PancakeV3/100 in=15.40 ARB gap=67.6bps profit=$0.010 net=$-0.002"}
{"level":30,"time":1790807471524,"pid":20658,"hostname":"vm","msg":"  ARB>USDC@PancakeV3/500 USDC>ARB@UniswapV3/100 in=21.03 ARB gap=48.7bps profit=$0.009 net=$-0.002"}
{"level":30,"time":1790807471524,"pid":20658,"hostname":"vm","msg":"  ARB>USDC@UniswapV3/500 USDC>ARB@UniswapV3/100 in=17.53 ARB gap=42.9bps profit=$0.007 net=$-0.005"}
{"level":30,"time":1790807471524,"pid":20658,"hostname":"vm","msg":"  ARB>USDC.e@UniswapV3/500 USDC.e>ARB@PancakeV3/100 in=22.63 ARB gap=29bps profit=$0.005 net=$-0.006"}
{"level":30,"time":1790807472152,"pid":20658,"hostname":"vm","block":510478411,"gross":278,"net":4,"sumNetUsd":0.007,"gasPriceGwei":0.020042,"txCostUsd":0.0135,"syncMs":118,"searchMs":208,"msg":"block scanned"}
{"level":30,"time":1790807472152,"pid":20658,"hostname":"vm","msg":"  ARB>USDC.e@UniswapV3/500 USDC.e>ARB@PancakeV3/500 in=49.34 ARB gap=36.1bps profit=$0.013 net=$0.002"}
{"level":30,"time":1790807472152,"pid":20658,"hostname":"vm","msg":"  ARB>WETH@UniswapV3/500 WETH>ARB@PancakeV3/100 in=15.40 ARB gap=67.6bps profit=$0.010 net=$-0.001"}
{"level":30,"time":1790807472152,"pid":20658,"hostname":"vm","msg":"  ARB>USDC@PancakeV3/500 USDC>ARB@UniswapV3/100 in=21.03 ARB gap=48.7bps profit=$0.009 net=$-0.002"}
{"level":30,"time":1790807472152,"pid":20658,"hostname":"vm","msg":"  ARB>USDC@UniswapV3/500 USDC>ARB@UniswapV3/100 in=17.53 ARB gap=42.9bps profit=$0.007 net=$-0.005"}
{"level":30,"time":1790807472152,"pid":20658,"hostname":"vm","msg":"  ARB>USDC.e@UniswapV3/500 USDC.e>ARB@PancakeV3/100 in=22.63 ARB gap=29bps profit=$0.005 net=$-0.006"}
{"level":30,"time":1790807472837,"pid":20658,"hostname":"vm","block":510478414,"gross":276,"net":4,"sumNetUsd":0.007,"gasPriceGwei":0.020062,"txCostUsd":0.0135,"syncMs":151,"searchMs":208,"msg":"block scanned"}
{"level":30,"time":1790807472837,"pid":20658,"hostname":"vm","msg":"  ARB>USDC.e@UniswapV3/500 USDC.e>ARB@PancakeV3/500 in=49.34 ARB gap=36.1bps profit=$0.013 net=$0.002"}
{"level":30,"time":1790807472837,"pid":20658,"hostname":"vm","msg":"  ARB>WETH@UniswapV3/500 WETH>ARB@PancakeV3/100 in=15.40 ARB gap=67.6bps profit=$0.010 net=$-0.001"}
{"level":30,"time":1790807472837,"pid":20658,"hostname":"vm","msg":"  ARB>USDC@PancakeV3/500 USDC>ARB@UniswapV3/100 in=21.03 ARB gap=48.7bps profit=$0.009 net=$-0.002"}
{"level":30,"time":1790807472837,"pid":20658,"hostname":"vm","msg":"  ARB>USDC@UniswapV3/500 USDC>ARB@UniswapV3/100 in=17.53 ARB gap=42.9bps profit=$0.007 net=$-0.005"}
{"level":30,"time":1790807472837,"pid":20658,"hostname":"vm","msg":"  ARB>USDC.e@UniswapV3/500 USDC.e>ARB@PancakeV3/100 in=22.63 ARB gap=29bps profit=$0.005 net=$-0.006"}
{"level":30,"time":1790807473403,"pid":20658,"hostname":"vm","block":510478416,"gross":274,"net":4,"sumNetUsd":0.007,"gasPriceGwei":0.020132,"txCostUsd":0.0135,"syncMs":152,"searchMs":202,"msg":"block scanned"}
{"level":30,"time":1790807473403,"pid":20658,"hostname":"vm","msg":"  ARB>USDC.e@UniswapV3/500 USDC.e>ARB@PancakeV3/500 in=49.34 ARB gap=36.1bps profit=$0.013 net=$0.002"}
{"level":30,"time":1790807473403,"pid":20658,"hostname":"vm","msg":"  ARB>WETH@UniswapV3/500 WETH>ARB@PancakeV3/100 in=15.40 ARB gap=67.6bps profit=$0.010 net=$-0.002"}
{"level":30,"time":1790807473403,"pid":20658,"hostname":"vm","msg":"  ARB>USDC@PancakeV3/500 USDC>ARB@UniswapV3/100 in=21.03 ARB gap=48.7bps profit=$0.009 net=$-0.002"}
{"level":30,"time":1790807473403,"pid":20658,"hostname":"vm","msg":"  ARB>USDC@UniswapV3/500 USDC>ARB@UniswapV3/100 in=17.53 ARB gap=42.9bps profit=$0.007 net=$-0.005"}
{"level":30,"time":1790807473403,"pid":20658,"hostname":"vm","msg":"  ARB>USDC.e@UniswapV3/500 USDC.e>ARB@PancakeV3/100 in=22.63 ARB gap=29bps profit=$0.005 net=$-0.006"}
{"level":30,"time":1790807473935,"pid":20658,"hostname":"vm","block":510478418,"gross":274,"net":4,"sumNetUsd":0.007,"gasPriceGwei":0.020062,"txCostUsd":0.0135,"syncMs":111,"searchMs":204,"msg":"block scanned"}
{"level":30,"time":1790807473935,"pid":20658,"hostname":"vm","msg":"  ARB>USDC.e@UniswapV3/500 USDC.e>ARB@PancakeV3/500 in=49.34 ARB gap=36.1bps profit=$0.013 net=$0.002"}
{"level":30,"time":1790807473935,"pid":20658,"hostname":"vm","msg":"  ARB>WETH@UniswapV3/500 WETH>ARB@PancakeV3/100 in=15.40 ARB gap=67.6bps profit=$0.010 net=$-0.001"}
{"level":30,"time":1790807473935,"pid":20658,"hostname":"vm","msg":"  ARB>USDC@PancakeV3/500 USDC>ARB@UniswapV3/100 in=21.03 ARB gap=48.7bps profit=$0.009 net=$-0.002"}
{"level":30,"time":1790807473935,"pid":20658,"hostname":"vm","msg":"  ARB>USDC@UniswapV3/500 USDC>ARB@UniswapV3/100 in=17.53 ARB gap=42.9bps profit=$0.007 net=$-0.005"}
{"level":30,"time":1790807473935,"pid":20658,"hostname":"vm","msg":"  ARB>USDC.e@UniswapV3/500 USDC.e>ARB@PancakeV3/100 in=22.63 ARB gap=29bps profit=$0.005 net=$-0.006"}
{"level":30,"time":1790807474626,"pid":20658,"hostname":"vm","block":510478420,"gross":274,"net":4,"sumNetUsd":0.007,"gasPriceGwei":0.020082,"txCostUsd":0.0135,"syncMs":171,"searchMs":205,"msg":"block scanned"}
{"level":30,"time":1790807474626,"pid":20658,"hostname":"vm","msg":"  ARB>USDC.e@UniswapV3/500 USDC.e>ARB@PancakeV3/500 in=49.34 ARB gap=36.1bps profit=$0.013 net=$0.002"}
{"level":30,"time":1790807474626,"pid":20658,"hostname":"vm","msg":"  ARB>WETH@UniswapV3/500 WETH>ARB@PancakeV3/100 in=15.40 ARB gap=67.6bps profit=$0.010 net=$-0.001"}
{"level":30,"time":1790807474626,"pid":20658,"hostname":"vm","msg":"  ARB>USDC@PancakeV3/500 USDC>ARB@UniswapV3/100 in=21.03 ARB gap=48.7bps profit=$0.009 net=$-0.002"}
{"level":30,"time":1790807474626,"pid":20658,"hostname":"vm","msg":"  ARB>USDC@UniswapV3/500 USDC>ARB@UniswapV3/100 in=17.53 ARB gap=42.9bps profit=$0.007 net=$-0.005"}
{"level":30,"time":1790807474626,"pid":20658,"hostname":"vm","msg":"  ARB>USDC.e@UniswapV3/500 USDC.e>ARB@PancakeV3/100 in=22.63 ARB gap=29bps profit=$0.005 net=$-0.006"}
{"level":30,"time":1790807475223,"pid":20658,"hostname":"vm","block":510478423,"gross":274,"net":4,"sumNetUsd":0.007,"gasPriceGwei":0.020046,"txCostUsd":0.0135,"syncMs":113,"searchMs":272,"msg":"block scanned"}
{"level":30,"time":1790807475223,"pid":20658,"hostname":"vm","msg":"  ARB>USDC.e@UniswapV3/500 USDC.e>ARB@PancakeV3/500 in=49.34 ARB gap=36.1bps profit=$0.013 net=$0.002"}
{"level":30,"time":1790807475223,"pid":20658,"hostname":"vm","msg":"  ARB>WETH@UniswapV3/500 WETH>ARB@PancakeV3/100 in=15.40 ARB gap=67.6bps profit=$0.010 net=$-0.001"}
{"level":30,"time":1790807475223,"pid":20658,"hostname":"vm","msg":"  ARB>USDC@PancakeV3/500 USDC>ARB@UniswapV3/100 in=21.03 ARB gap=48.7bps profit=$0.009 net=$-0.002"}
{"level":30,"time":1790807475223,"pid":20658,"hostname":"vm","msg":"  ARB>USDC@UniswapV3/500 USDC>ARB@UniswapV3/100 in=17.53 ARB gap=42.9bps profit=$0.007 net=$-0.005"}
{"level":30,"time":1790807475223,"pid":20658,"hostname":"vm","msg":"  ARB>USDC.e@UniswapV3/500 USDC.e>ARB@PancakeV3/100 in=22.63 ARB gap=29bps profit=$0.005 net=$-0.006"}
{"level":30,"time":1790807475764,"pid":20658,"hostname":"vm","block":510478425,"gross":276,"net":4,"sumNetUsd":0.007,"gasPriceGwei":0.020056,"txCostUsd":0.0135,"syncMs":115,"searchMs":209,"msg":"block scanned"}
{"level":30,"time":1790807475764,"pid":20658,"hostname":"vm","msg":"  ARB>USDC.e@UniswapV3/500 USDC.e>ARB@PancakeV3/500 in=49.34 ARB gap=36.1bps profit=$0.013 net=$0.002"}
{"level":30,"time":1790807475764,"pid":20658,"hostname":"vm","msg":"  ARB>WETH@UniswapV3/500 WETH>ARB@PancakeV3/100 in=15.40 ARB gap=67.6bps profit=$0.010 net=$-0.001"}
{"level":30,"time":1790807475764,"pid":20658,"hostname":"vm","msg":"  ARB>USDC@PancakeV3/500 USDC>ARB@UniswapV3/100 in=21.03 ARB gap=48.7bps profit=$0.009 net=$-0.002"}
{"level":30,"time":1790807475764,"pid":20658,"hostname":"vm","msg":"  ARB>USDC@UniswapV3/500 USDC>ARB@UniswapV3/100 in=17.53 ARB gap=42.9bps profit=$0.007 net=$-0.005"}
{"level":30,"time":1790807475764,"pid":20658,"hostname":"vm","msg":"  ARB>USDC.e@UniswapV3/500 USDC.e>ARB@PancakeV3/100 in=22.63 ARB gap=29bps profit=$0.005 net=$-0.006"}
{"level":30,"time":1790807476399,"pid":20658,"hostname":"vm","block":510478428,"gross":276,"net":4,"sumNetUsd":0.007,"gasPriceGwei":0.020088,"txCostUsd":0.0135,"syncMs":122,"searchMs":202,"msg":"block scanned"}
{"level":30,"time":1790807476399,"pid":20658,"hostname":"vm","msg":"  ARB>USDC.e@UniswapV3/500 USDC.e>ARB@PancakeV3/500 in=49.34 ARB gap=36.1bps profit=$0.013 net=$0.002"}
{"level":30,"time":1790807476399,"pid":20658,"hostname":"vm","msg":"  ARB>WETH@UniswapV3/500 WETH>ARB@PancakeV3/100 in=15.40 ARB gap=67.6bps profit=$0.010 net=$-0.001"}
{"level":30,"time":1790807476399,"pid":20658,"hostname":"vm","msg":"  ARB>USDC@PancakeV3/500 USDC>ARB@UniswapV3/100 in=21.03 ARB gap=48.7bps profit=$0.009 net=$-0.002"}
{"level":30,"time":1790807476399,"pid":20658,"hostname":"vm","msg":"  ARB>USDC@UniswapV3/500 USDC>ARB@UniswapV3/100 in=17.53 ARB gap=42.9bps profit=$0.007 net=$-0.005"}
{"level":30,"time":1790807476399,"pid":20658,"hostname":"vm","msg":"  ARB>USDC.e@UniswapV3/500 USDC.e>ARB@PancakeV3/100 in=22.63 ARB gap=29bps profit=$0.005 net=$-0.006"}
{"level":30,"time":1790807477070,"pid":20658,"hostname":"vm","block":510478430,"gross":275,"net":4,"sumNetUsd":0.007,"gasPriceGwei":0.020016,"txCostUsd":0.0134,"syncMs":126,"searchMs":202,"msg":"block scanned"}
{"level":30,"time":1790807477070,"pid":20658,"hostname":"vm","msg":"  ARB>USDC.e@UniswapV3/500 USDC.e>ARB@PancakeV3/500 in=49.34 ARB gap=36.1bps profit=$0.013 net=$0.002"}
{"level":30,"time":1790807477070,"pid":20658,"hostname":"vm","msg":"  ARB>WETH@UniswapV3/500 WETH>ARB@PancakeV3/100 in=15.40 ARB gap=67.6bps profit=$0.010 net=$-0.001"}
{"level":30,"time":1790807477070,"pid":20658,"hostname":"vm","msg":"  ARB>USDC@PancakeV3/500 USDC>ARB@UniswapV3/100 in=21.03 ARB gap=48.7bps profit=$0.009 net=$-0.002"}
{"level":30,"time":1790807477070,"pid":20658,"hostname":"vm","msg":"  ARB>USDC@UniswapV3/500 USDC>ARB@UniswapV3/100 in=17.53 ARB gap=42.9bps profit=$0.007 net=$-0.004"}
{"level":30,"time":1790807477070,"pid":20658,"hostname":"vm","msg":"  ARB>USDC.e@UniswapV3/500 USDC.e>ARB@PancakeV3/100 in=22.63 ARB gap=29bps profit=$0.005 net=$-0.006"}
{"level":30,"time":1790807477602,"pid":20658,"hostname":"vm","block":510478432,"gross":275,"net":4,"sumNetUsd":0.007,"gasPriceGwei":0.02,"txCostUsd":0.0134,"syncMs":111,"searchMs":206,"msg":"block scanned"}
{"level":30,"time":1790807477602,"pid":20658,"hostname":"vm","msg":"  ARB>USDC.e@UniswapV3/500 USDC.e>ARB@PancakeV3/500 in=49.34 ARB gap=36.1bps profit=$0.013 net=$0.002"}
{"level":30,"time":1790807477602,"pid":20658,"hostname":"vm","msg":"  ARB>WETH@UniswapV3/500 WETH>ARB@PancakeV3/100 in=15.40 ARB gap=67.6bps profit=$0.010 net=$-0.001"}
{"level":30,"time":1790807477602,"pid":20658,"hostname":"vm","msg":"  ARB>USDC@PancakeV3/500 USDC>ARB@UniswapV3/100 in=21.03 ARB gap=48.7bps profit=$0.009 net=$-0.002"}
{"level":30,"time":1790807477602,"pid":20658,"hostname":"vm","msg":"  ARB>USDC@UniswapV3/500 USDC>ARB@UniswapV3/100 in=17.53 ARB gap=42.9bps profit=$0.007 net=$-0.004"}
{"level":30,"time":1790807477602,"pid":20658,"hostname":"vm","msg":"  ARB>USDC.e@UniswapV3/500 USDC.e>ARB@PancakeV3/100 in=22.63 ARB gap=29bps profit=$0.005 net=$-0.006"}
{"level":30,"time":1790807478263,"pid":20658,"hostname":"vm","block":510478434,"gross":275,"net":4,"sumNetUsd":0.007,"gasPriceGwei":0.020138,"txCostUsd":0.0135,"syncMs":146,"searchMs":206,"msg":"block scanned"}
{"level":30,"time":1790807478263,"pid":20658,"hostname":"vm","msg":"  ARB>USDC.e@UniswapV3/500 USDC.e>ARB@PancakeV3/500 in=49.34 ARB gap=36.1bps profit=$0.013 net=$0.002"}
{"level":30,"time":1790807478264,"pid":20658,"hostname":"vm","msg":"  ARB>WETH@UniswapV3/500 WETH>ARB@PancakeV3/100 in=15.40 ARB gap=67.6bps profit=$0.010 net=$-0.002"}
{"level":30,"time":1790807478264,"pid":20658,"hostname":"vm","msg":"  ARB>USDC@PancakeV3/500 USDC>ARB@UniswapV3/100 in=21.03 ARB gap=48.7bps profit=$0.009 net=$-0.002"}
{"level":30,"time":1790807478264,"pid":20658,"hostname":"vm","msg":"  ARB>USDC@UniswapV3/500 USDC>ARB@UniswapV3/100 in=17.53 ARB gap=42.9bps profit=$0.007 net=$-0.005"}
{"level":30,"time":1790807478264,"pid":20658,"hostname":"vm","msg":"  ARB>USDC.e@UniswapV3/500 USDC.e>ARB@PancakeV3/100 in=22.63 ARB gap=29bps profit=$0.005 net=$-0.006"}
{"level":30,"time":1790807478787,"pid":20658,"hostname":"vm","block":510478436,"gross":275,"net":4,"sumNetUsd":0.007,"gasPriceGwei":0.020016,"txCostUsd":0.0134,"syncMs":103,"searchMs":208,"msg":"block scanned"}
{"level":30,"time":1790807478787,"pid":20658,"hostname":"vm","msg":"  ARB>USDC.e@UniswapV3/500 USDC.e>ARB@PancakeV3/500 in=49.34 ARB gap=36.1bps profit=$0.013 net=$0.002"}
{"level":30,"time":1790807478787,"pid":20658,"hostname":"vm","msg":"  ARB>WETH@UniswapV3/500 WETH>ARB@PancakeV3/100 in=15.40 ARB gap=67.6bps profit=$0.010 net=$-0.001"}
{"level":30,"time":1790807478787,"pid":20658,"hostname":"vm","msg":"  ARB>USDC@PancakeV3/500 USDC>ARB@UniswapV3/100 in=21.03 ARB gap=48.7bps profit=$0.009 net=$-0.002"}
{"level":30,"time":1790807478787,"pid":20658,"hostname":"vm","msg":"  ARB>USDC@UniswapV3/500 USDC>ARB@UniswapV3/100 in=17.53 ARB gap=42.9bps profit=$0.007 net=$-0.004"}
{"level":30,"time":1790807478787,"pid":20658,"hostname":"vm","msg":"  ARB>USDC.e@UniswapV3/500 USDC.e>ARB@PancakeV3/100 in=22.63 ARB gap=29bps profit=$0.005 net=$-0.006"}
{"level":30,"time":1790807514954,"pid":20658,"hostname":"vm","block":510478438,"gross":276,"net":4,"sumNetUsd":0.007,"gasPriceGwei":0.020012,"txCostUsd":0.0134,"syncMs":35656,"searchMs":201,"msg":"block scanned"}
{"level":30,"time":1790807514954,"pid":20658,"hostname":"vm","msg":"  ARB>USDC.e@UniswapV3/500 USDC.e>ARB@PancakeV3/500 in=49.34 ARB gap=36.1bps profit=$0.013 net=$0.002"}
{"level":30,"time":1790807514954,"pid":20658,"hostname":"vm","msg":"  ARB>WETH@UniswapV3/500 WETH>ARB@PancakeV3/100 in=15.40 ARB gap=67.6bps profit=$0.010 net=$-0.001"}
{"level":30,"time":1790807514954,"pid":20658,"hostname":"vm","msg":"  ARB>USDC@PancakeV3/500 USDC>ARB@UniswapV3/100 in=21.03 ARB gap=48.7bps profit=$0.009 net=$-0.002"}
{"level":30,"time":1790807514954,"pid":20658,"hostname":"vm","msg":"  ARB>USDC@UniswapV3/500 USDC>ARB@UniswapV3/100 in=17.53 ARB gap=42.9bps profit=$0.007 net=$-0.004"}
{"level":30,"time":1790807514954,"pid":20658,"hostname":"vm","msg":"  ARB>USDC.e@UniswapV3/500 USDC.e>ARB@PancakeV3/100 in=22.63 ARB gap=29bps profit=$0.005 net=$-0.006"}
{"level":30,"time":1790807515398,"pid":20658,"hostname":"vm","block":510478563,"gross":264,"net":4,"sumNetUsd":0.007,"gasPriceGwei":0.020048,"txCostUsd":0.0135,"syncMs":132,"searchMs":194,"msg":"block scanned"}
{"level":30,"time":1790807515398,"pid":20658,"hostname":"vm","msg":"  ARB>USDC.e@UniswapV3/500 USDC.e>ARB@PancakeV3/500 in=49.34 ARB gap=36.1bps profit=$0.013 net=$0.002"}
{"level":30,"time":1790807515398,"pid":20658,"hostname":"vm","msg":"  ARB>USDC@PancakeV3/500 USDC>ARB@UniswapV3/100 in=21.03 ARB gap=48.7bps profit=$0.009 net=$-0.002"}
{"level":30,"time":1790807515398,"pid":20658,"hostname":"vm","msg":"  ARB>USDC@UniswapV3/500 USDC>ARB@UniswapV3/100 in=17.53 ARB gap=42.9bps profit=$0.007 net=$-0.005"}
{"level":30,"time":1790807515398,"pid":20658,"hostname":"vm","msg":"  ARB>USDC.e@UniswapV3/500 USDC.e>ARB@PancakeV3/100 in=22.63 ARB gap=29bps profit=$0.005 net=$-0.006"}
{"level":30,"time":1790807515398,"pid":20658,"hostname":"vm","msg":"  ARB>USDC.e@UniswapV3/500 USDC.e>ARB@SushiV2 in=6.813 ARB gap=72.7bps profit=$0.003 net=$-0.006"}
{"level":30,"time":1790807516059,"pid":20658,"hostname":"vm","block":510478566,"gross":264,"net":4,"sumNetUsd":0.007,"gasPriceGwei":0.020004,"txCostUsd":0.0134,"syncMs":155,"searchMs":194,"msg":"block scanned"}
{"level":30,"time":1790807516059,"pid":20658,"hostname":"vm","msg":"  ARB>USDC.e@UniswapV3/500 USDC.e>ARB@PancakeV3/500 in=49.34 ARB gap=36.1bps profit=$0.013 net=$0.002"}
{"level":30,"time":1790807516059,"pid":20658,"hostname":"vm","msg":"  ARB>USDC@PancakeV3/500 USDC>ARB@UniswapV3/100 in=21.03 ARB gap=48.7bps profit=$0.009 net=$-0.002"}
{"level":30,"time":1790807516059,"pid":20658,"hostname":"vm","msg":"  ARB>USDC@UniswapV3/500 USDC>ARB@UniswapV3/100 in=17.53 ARB gap=42.9bps profit=$0.007 net=$-0.004"}
{"level":30,"time":1790807516059,"pid":20658,"hostname":"vm","msg":"  ARB>USDC.e@UniswapV3/500 USDC.e>ARB@PancakeV3/100 in=22.63 ARB gap=29bps profit=$0.005 net=$-0.006"}
{"level":30,"time":1790807516059,"pid":20658,"hostname":"vm","msg":"  ARB>USDC.e@UniswapV3/500 USDC.e>ARB@SushiV2 in=6.813 ARB gap=72.7bps profit=$0.003 net=$-0.006"}
{"level":30,"time":1790807516576,"pid":20658,"hostname":"vm","block":510478567,"gross":264,"net":4,"sumNetUsd":0.007,"gasPriceGwei":0.020066,"txCostUsd":0.0135,"syncMs":108,"searchMs":196,"msg":"block scanned"}
{"level":30,"time":1790807516576,"pid":20658,"hostname":"vm","msg":"  ARB>USDC.e@UniswapV3/500 USDC.e>ARB@PancakeV3/500 in=49.34 ARB gap=36.1bps profit=$0.013 net=$0.002"}
{"level":30,"time":1790807516576,"pid":20658,"hostname":"vm","msg":"  ARB>USDC@PancakeV3/500 USDC>ARB@UniswapV3/100 in=21.03 ARB gap=48.7bps profit=$0.009 net=$-0.002"}
{"level":30,"time":1790807516576,"pid":20658,"hostname":"vm","msg":"  ARB>USDC@UniswapV3/500 USDC>ARB@UniswapV3/100 in=17.53 ARB gap=42.9bps profit=$0.007 net=$-0.005"}
{"level":30,"time":1790807516576,"pid":20658,"hostname":"vm","msg":"  ARB>USDC.e@UniswapV3/500 USDC.e>ARB@PancakeV3/100 in=22.63 ARB gap=29bps profit=$0.005 net=$-0.006"}
{"level":30,"time":1790807516576,"pid":20658,"hostname":"vm","msg":"  ARB>USDC.e@UniswapV3/500 USDC.e>ARB@SushiV2 in=6.813 ARB gap=72.7bps profit=$0.003 net=$-0.006"}
{"level":30,"time":1790807517237,"pid":20658,"hostname":"vm","block":510478569,"gross":264,"net":4,"sumNetUsd":0.007,"gasPriceGwei":0.020148,"txCostUsd":0.0135,"syncMs":146,"searchMs":197,"msg":"block scanned"}
{"level":30,"time":1790807517237,"pid":20658,"hostname":"vm","msg":"  ARB>USDC.e@UniswapV3/500 USDC.e>ARB@PancakeV3/500 in=49.34 ARB gap=36.1bps profit=$0.013 net=$0.002"}
{"level":30,"time":1790807517237,"pid":20658,"hostname":"vm","msg":"  ARB>USDC@PancakeV3/500 USDC>ARB@UniswapV3/100 in=21.03 ARB gap=48.7bps profit=$0.009 net=$-0.002"}
{"level":30,"time":1790807517237,"pid":20658,"hostname":"vm","msg":"  ARB>USDC@UniswapV3/500 USDC>ARB@UniswapV3/100 in=17.53 ARB gap=42.9bps profit=$0.007 net=$-0.005"}
{"level":30,"time":1790807517237,"pid":20658,"hostname":"vm","msg":"  ARB>USDC.e@UniswapV3/500 USDC.e>ARB@PancakeV3/100 in=22.63 ARB gap=29bps profit=$0.005 net=$-0.006"}
{"level":30,"time":1790807517237,"pid":20658,"hostname":"vm","msg":"  ARB>USDC.e@UniswapV3/500 USDC.e>ARB@SushiV2 in=6.813 ARB gap=72.7bps profit=$0.003 net=$-0.006"}
{"level":30,"time":1790807517771,"pid":20658,"hostname":"vm","block":510478571,"gross":264,"net":4,"sumNetUsd":0.007,"gasPriceGwei":0.02,"txCostUsd":0.0134,"syncMs":111,"searchMs":209,"msg":"block scanned"}
{"level":30,"time":1790807517771,"pid":20658,"hostname":"vm","msg":"  ARB>USDC.e@UniswapV3/500 USDC.e>ARB@PancakeV3/500 in=49.34 ARB gap=36.1bps profit=$0.013 net=$0.002"}
{"level":30,"time":1790807517771,"pid":20658,"hostname":"vm","msg":"  ARB>USDC@PancakeV3/500 USDC>ARB@UniswapV3/100 in=21.03 ARB gap=48.7bps profit=$0.009 net=$-0.002"}
{"level":30,"time":1790807517771,"pid":20658,"hostname":"vm","msg":"  ARB>USDC@UniswapV3/500 USDC>ARB@UniswapV3/100 in=17.53 ARB gap=42.9bps profit=$0.007 net=$-0.004"}
{"level":30,"time":1790807517771,"pid":20658,"hostname":"vm","msg":"  ARB>USDC.e@UniswapV3/500 USDC.e>ARB@PancakeV3/100 in=22.63 ARB gap=29bps profit=$0.005 net=$-0.006"}
{"level":30,"time":1790807517771,"pid":20658,"hostname":"vm","msg":"  ARB>USDC.e@UniswapV3/500 USDC.e>ARB@SushiV2 in=6.813 ARB gap=72.7bps profit=$0.003 net=$-0.006"}
{"level":30,"time":1790807518521,"pid":20658,"hostname":"vm","block":510478573,"gross":264,"net":4,"sumNetUsd":0.007,"gasPriceGwei":0.020032,"txCostUsd":0.0135,"syncMs":237,"searchMs":200,"msg":"block scanned"}
{"level":30,"time":1790807518521,"pid":20658,"hostname":"vm","msg":"  ARB>USDC.e@UniswapV3/500 USDC.e>ARB@PancakeV3/500 in=49.34 ARB gap=36.1bps profit=$0.013 net=$0.002"}
{"level":30,"time":1790807518521,"pid":20658,"hostname":"vm","msg":"  ARB>USDC@PancakeV3/500 USDC>ARB@UniswapV3/100 in=21.03 ARB gap=48.7bps profit=$0.009 net=$-0.002"}
{"level":30,"time":1790807518521,"pid":20658,"hostname":"vm","msg":"  ARB>USDC@UniswapV3/500 USDC>ARB@UniswapV3/100 in=17.53 ARB gap=42.9bps profit=$0.007 net=$-0.005"}
{"level":30,"time":1790807518521,"pid":20658,"hostname":"vm","msg":"  ARB>USDC.e@UniswapV3/500 USDC.e>ARB@PancakeV3/100 in=22.63 ARB gap=29bps profit=$0.005 net=$-0.006"}
{"level":30,"time":1790807518521,"pid":20658,"hostname":"vm","msg":"  ARB>USDC.e@UniswapV3/500 USDC.e>ARB@SushiV2 in=6.813 ARB gap=72.7bps profit=$0.003 net=$-0.006"}
{"level":30,"time":1790807519072,"pid":20658,"hostname":"vm","block":510478576,"gross":263,"net":4,"sumNetUsd":0.007,"gasPriceGwei":0.02,"txCostUsd":0.0134,"syncMs":143,"searchMs":199,"msg":"block scanned"}
{"level":30,"time":1790807519073,"pid":20658,"hostname":"vm","msg":"  ARB>USDC.e@UniswapV3/500 USDC.e>ARB@PancakeV3/500 in=49.34 ARB gap=36.1bps profit=$0.013 net=$0.002"}
{"level":30,"time":1790807519073,"pid":20658,"hostname":"vm","msg":"  ARB>USDC@PancakeV3/500 USDC>ARB@UniswapV3/100 in=21.03 ARB gap=48.7bps profit=$0.009 net=$-0.002"}
{"level":30,"time":1790807519073,"pid":20658,"hostname":"vm","msg":"  ARB>USDC@UniswapV3/500 USDC>ARB@UniswapV3/100 in=17.53 ARB gap=42.9bps profit=$0.007 net=$-0.004"}
{"level":30,"time":1790807519073,"pid":20658,"hostname":"vm","msg":"  ARB>USDC.e@UniswapV3/500 USDC.e>ARB@PancakeV3/100 in=22.63 ARB gap=29bps profit=$0.005 net=$-0.006"}
{"level":30,"time":1790807519073,"pid":20658,"hostname":"vm","msg":"  ARB>USDC.e@UniswapV3/500 USDC.e>ARB@SushiV2 in=6.813 ARB gap=72.7bps profit=$0.003 net=$-0.006"}
{"level":30,"time":1790807519734,"pid":20658,"hostname":"vm","block":510478577,"gross":263,"net":4,"sumNetUsd":0.007,"gasPriceGwei":0.02,"txCostUsd":0.0134,"syncMs":145,"searchMs":201,"msg":"block scanned"}
{"level":30,"time":1790807519734,"pid":20658,"hostname":"vm","msg":"  ARB>USDC.e@UniswapV3/500 USDC.e>ARB@PancakeV3/500 in=49.34 ARB gap=36.1bps profit=$0.013 net=$0.002"}
{"level":30,"time":1790807519734,"pid":20658,"hostname":"vm","msg":"  ARB>USDC@PancakeV3/500 USDC>ARB@UniswapV3/100 in=21.03 ARB gap=48.7bps profit=$0.009 net=$-0.002"}
{"level":30,"time":1790807519734,"pid":20658,"hostname":"vm","msg":"  ARB>USDC@UniswapV3/500 USDC>ARB@UniswapV3/100 in=17.53 ARB gap=42.9bps profit=$0.007 net=$-0.004"}
{"level":30,"time":1790807519734,"pid":20658,"hostname":"vm","msg":"  ARB>USDC.e@UniswapV3/500 USDC.e>ARB@PancakeV3/100 in=22.63 ARB gap=29bps profit=$0.005 net=$-0.006"}
{"level":30,"time":1790807519734,"pid":20658,"hostname":"vm","msg":"  ARB>USDC.e@UniswapV3/500 USDC.e>ARB@SushiV2 in=6.813 ARB gap=72.7bps profit=$0.003 net=$-0.006"}
{"level":30,"time":1790807520294,"pid":20658,"hostname":"vm","block":510478579,"gross":263,"net":4,"sumNetUsd":0.007,"gasPriceGwei":0.020068,"txCostUsd":0.0135,"syncMs":141,"searchMs":208,"msg":"block scanned"}
{"level":30,"time":1790807520294,"pid":20658,"hostname":"vm","msg":"  ARB>USDC.e@UniswapV3/500 USDC.e>ARB@PancakeV3/500 in=49.34 ARB gap=36.1bps profit=$0.013 net=$0.002"}
{"level":30,"time":1790807520294,"pid":20658,"hostname":"vm","msg":"  ARB>USDC@PancakeV3/500 USDC>ARB@UniswapV3/100 in=21.03 ARB gap=48.7bps profit=$0.009 net=$-0.002"}
{"level":30,"time":1790807520294,"pid":20658,"hostname":"vm","msg":"  ARB>USDC@UniswapV3/500 USDC>ARB@UniswapV3/100 in=17.53 ARB gap=42.9bps profit=$0.007 net=$-0.005"}
{"level":30,"time":1790807520294,"pid":20658,"hostname":"vm","msg":"  ARB>USDC.e@UniswapV3/500 USDC.e>ARB@PancakeV3/100 in=22.63 ARB gap=29bps profit=$0.005 net=$-0.006"}
{"level":30,"time":1790807520294,"pid":20658,"hostname":"vm","msg":"  ARB>USDC.e@UniswapV3/500 USDC.e>ARB@SushiV2 in=6.813 ARB gap=72.7bps profit=$0.003 net=$-0.006"}
{"level":30,"time":1790807520810,"pid":20658,"hostname":"vm","block":510478581,"gross":263,"net":4,"sumNetUsd":0.007,"gasPriceGwei":0.02,"txCostUsd":0.0134,"syncMs":110,"searchMs":197,"msg":"block scanned"}
{"level":30,"time":1790807520811,"pid":20658,"hostname":"vm","msg":"  ARB>USDC.e@UniswapV3/500 USDC.e>ARB@PancakeV3/500 in=49.34 ARB gap=36.1bps profit=$0.013 net=$0.002"}
{"level":30,"time":1790807520811,"pid":20658,"hostname":"vm","msg":"  ARB>USDC@PancakeV3/500 USDC>ARB@UniswapV3/100 in=21.03 ARB gap=48.7bps profit=$0.009 net=$-0.002"}
{"level":30,"time":1790807520811,"pid":20658,"hostname":"vm","msg":"  ARB>USDC@UniswapV3/500 USDC>ARB@UniswapV3/100 in=17.53 ARB gap=42.9bps profit=$0.007 net=$-0.004"}
{"level":30,"time":1790807520811,"pid":20658,"hostname":"vm","msg":"  ARB>USDC.e@UniswapV3/500 USDC.e>ARB@PancakeV3/100 in=22.63 ARB gap=29bps profit=$0.005 net=$-0.006"}
{"level":30,"time":1790807520811,"pid":20658,"hostname":"vm","msg":"  ARB>USDC.e@UniswapV3/500 USDC.e>ARB@SushiV2 in=6.813 ARB gap=72.7bps profit=$0.003 net=$-0.006"}
{"level":30,"time":1790807521492,"pid":20658,"hostname":"vm","block":510478583,"gross":263,"net":4,"sumNetUsd":0.007,"gasPriceGwei":0.02,"txCostUsd":0.0134,"syncMs":150,"searchMs":214,"msg":"block scanned"}
{"level":30,"time":1790807521492,"pid":20658,"hostname":"vm","msg":"  ARB>USDC.e@UniswapV3/500 USDC.e>ARB@PancakeV3/500 in=49.34 ARB gap=36.1bps profit=$0.013 net=$0.002"}
{"level":30,"time":1790807521492,"pid":20658,"hostname":"vm","msg":"  ARB>USDC@PancakeV3/500 USDC>ARB@UniswapV3/100 in=21.03 ARB gap=48.7bps profit=$0.009 net=$-0.002"}
{"level":30,"time":1790807521492,"pid":20658,"hostname":"vm","msg":"  ARB>USDC@UniswapV3/500 USDC>ARB@UniswapV3/100 in=17.53 ARB gap=42.9bps profit=$0.007 net=$-0.004"}
{"level":30,"time":1790807521492,"pid":20658,"hostname":"vm","msg":"  ARB>USDC.e@UniswapV3/500 USDC.e>ARB@PancakeV3/100 in=22.63 ARB gap=29bps profit=$0.005 net=$-0.006"}
{"level":30,"time":1790807521492,"pid":20658,"hostname":"vm","msg":"  ARB>USDC.e@UniswapV3/500 USDC.e>ARB@SushiV2 in=6.813 ARB gap=72.7bps profit=$0.003 net=$-0.006"}
{"level":30,"time":1790807522097,"pid":20658,"hostname":"vm","block":510478585,"gross":263,"net":4,"sumNetUsd":0.007,"gasPriceGwei":0.02002,"txCostUsd":0.0134,"syncMs":142,"searchMs":243,"msg":"block scanned"}
{"level":30,"time":1790807522097,"pid":20658,"hostname":"vm","msg":"  ARB>USDC.e@UniswapV3/500 USDC.e>ARB@PancakeV3/500 in=49.34 ARB gap=36.1bps profit=$0.013 net=$0.002"}
{"level":30,"time":1790807522097,"pid":20658,"hostname":"vm","msg":"  ARB>USDC@PancakeV3/500 USDC>ARB@UniswapV3/100 in=21.03 ARB gap=48.7bps profit=$0.009 net=$-0.002"}
{"level":30,"time":1790807522097,"pid":20658,"hostname":"vm","msg":"  ARB>USDC@UniswapV3/500 USDC>ARB@UniswapV3/100 in=17.53 ARB gap=42.9bps profit=$0.007 net=$-0.004"}
{"level":30,"time":1790807522097,"pid":20658,"hostname":"vm","msg":"  ARB>USDC.e@UniswapV3/500 USDC.e>ARB@PancakeV3/100 in=22.63 ARB gap=29bps profit=$0.005 net=$-0.006"}
{"level":30,"time":1790807522097,"pid":20658,"hostname":"vm","msg":"  ARB>USDC.e@UniswapV3/500 USDC.e>ARB@SushiV2 in=6.813 ARB gap=72.7bps profit=$0.003 net=$-0.006"}
{"level":30,"time":1790807522670,"pid":20658,"hostname":"vm","block":510478588,"gross":263,"net":4,"sumNetUsd":0.007,"gasPriceGwei":0.02,"txCostUsd":0.0134,"syncMs":146,"searchMs":209,"msg":"block scanned"}
{"level":30,"time":1790807522670,"pid":20658,"hostname":"vm","msg":"  ARB>USDC.e@UniswapV3/500 USDC.e>ARB@PancakeV3/500 in=49.34 ARB gap=36.1bps profit=$0.013 net=$0.002"}
{"level":30,"time":1790807522670,"pid":20658,"hostname":"vm","msg":"  ARB>USDC@PancakeV3/500 USDC>ARB@UniswapV3/100 in=21.03 ARB gap=48.7bps profit=$0.009 net=$-0.002"}
{"level":30,"time":1790807522670,"pid":20658,"hostname":"vm","msg":"  ARB>USDC@UniswapV3/500 USDC>ARB@UniswapV3/100 in=17.53 ARB gap=42.9bps profit=$0.007 net=$-0.004"}
{"level":30,"time":1790807522670,"pid":20658,"hostname":"vm","msg":"  ARB>USDC.e@UniswapV3/500 USDC.e>ARB@PancakeV3/100 in=22.63 ARB gap=29bps profit=$0.005 net=$-0.006"}
{"level":30,"time":1790807522670,"pid":20658,"hostname":"vm","msg":"  ARB>USDC.e@UniswapV3/500 USDC.e>ARB@SushiV2 in=6.813 ARB gap=72.7bps profit=$0.003 net=$-0.006"}
{"level":30,"time":1790807523238,"pid":20658,"hostname":"vm","block":510478590,"gross":263,"net":4,"sumNetUsd":0.007,"gasPriceGwei":0.020028,"txCostUsd":0.0135,"syncMs":126,"searchMs":226,"msg":"block scanned"}
{"level":30,"time":1790807523238,"pid":20658,"hostname":"vm","msg":"  ARB>USDC.e@UniswapV3/500 USDC.e>ARB@PancakeV3/500 in=49.34 ARB gap=36.1bps profit=$0.013 net=$0.002"}
{"level":30,"time":1790807523238,"pid":20658,"hostname":"vm","msg":"  ARB>USDC@PancakeV3/500 USDC>ARB@UniswapV3/100 in=21.03 ARB gap=48.7bps profit=$0.009 net=$-0.002"}
{"level":30,"time":1790807523238,"pid":20658,"hostname":"vm","msg":"  ARB>USDC@UniswapV3/500 USDC>ARB@UniswapV3/100 in=17.53 ARB gap=42.9bps profit=$0.007 net=$-0.004"}
{"level":30,"time":1790807523238,"pid":20658,"hostname":"vm","msg":"  ARB>USDC.e@UniswapV3/500 USDC.e>ARB@PancakeV3/100 in=22.63 ARB gap=29bps profit=$0.005 net=$-0.006"}
{"level":30,"time":1790807523238,"pid":20658,"hostname":"vm","msg":"  ARB>USDC.e@UniswapV3/500 USDC.e>ARB@SushiV2 in=6.813 ARB gap=72.7bps profit=$0.003 net=$-0.006"}
{"level":30,"time":1790807565872,"pid":20658,"hostname":"vm","block":510478592,"gross":263,"net":4,"sumNetUsd":0.007,"gasPriceGwei":0.02,"txCostUsd":0.0134,"syncMs":42010,"searchMs":202,"msg":"block scanned"}
{"level":30,"time":1790807565872,"pid":20658,"hostname":"vm","msg":"  ARB>USDC.e@UniswapV3/500 USDC.e>ARB@PancakeV3/500 in=49.34 ARB gap=36.1bps profit=$0.013 net=$0.002"}
{"level":30,"time":1790807565872,"pid":20658,"hostname":"vm","msg":"  ARB>USDC@PancakeV3/500 USDC>ARB@UniswapV3/100 in=21.03 ARB gap=48.7bps profit=$0.009 net=$-0.002"}
{"level":30,"time":1790807565872,"pid":20658,"hostname":"vm","msg":"  ARB>USDC@UniswapV3/500 USDC>ARB@UniswapV3/100 in=17.53 ARB gap=42.9bps profit=$0.007 net=$-0.004"}
{"level":30,"time":1790807565872,"pid":20658,"hostname":"vm","msg":"  ARB>USDC.e@UniswapV3/500 USDC.e>ARB@PancakeV3/100 in=22.63 ARB gap=29bps profit=$0.005 net=$-0.006"}
{"level":30,"time":1790807565872,"pid":20658,"hostname":"vm","msg":"  ARB>USDC.e@UniswapV3/500 USDC.e>ARB@SushiV2 in=6.813 ARB gap=72.7bps profit=$0.003 net=$-0.006"}
{"level":30,"time":1790807566327,"pid":20658,"hostname":"vm","block":510478741,"gross":272,"net":2,"sumNetUsd":0.004,"gasPriceGwei":0.020016,"txCostUsd":0.0134,"syncMs":155,"searchMs":196,"msg":"block scanned"}
{"level":30,"time":1790807566327,"pid":20658,"hostname":"vm","msg":"  ARB>USDC.e@UniswapV3/500 USDC.e>ARB@PancakeV3/500 in=49.34 ARB gap=36.1bps profit=$0.013 net=$0.002"}
{"level":30,"time":1790807566327,"pid":20658,"hostname":"vm","msg":"  ARB>USDC@PancakeV3/500 USDC>ARB@UniswapV3/100 in=19.39 ARB gap=45.3bps profit=$0.008 net=$-0.003"}
{"level":30,"time":1790807566327,"pid":20658,"hostname":"vm","msg":"  ARB>USDC@UniswapV3/500 USDC>ARB@UniswapV3/100 in=17.53 ARB gap=42.9bps profit=$0.007 net=$-0.004"}
{"level":30,"time":1790807566327,"pid":20658,"hostname":"vm","msg":"  ARB>USDC.e@UniswapV3/500 USDC.e>ARB@PancakeV3/100 in=22.63 ARB gap=29bps profit=$0.005 net=$-0.006"}
{"level":30,"time":1790807566327,"pid":20658,"hostname":"vm","msg":"  ARB>USDC.e@UniswapV3/500 USDC.e>ARB@SushiV2 in=6.813 ARB gap=72.7bps profit=$0.003 net=$-0.006"}
{"level":30,"time":1790807566900,"pid":20658,"hostname":"vm","block":510478743,"gross":272,"net":2,"sumNetUsd":0.004,"gasPriceGwei":0.02001,"txCostUsd":0.0134,"syncMs":140,"searchMs":232,"msg":"block scanned"}
{"level":30,"time":1790807566900,"pid":20658,"hostname":"vm","msg":"  ARB>USDC.e@UniswapV3/500 USDC.e>ARB@PancakeV3/500 in=49.34 ARB gap=36.1bps profit=$0.013 net=$0.002"}
{"level":30,"time":1790807566900,"pid":20658,"hostname":"vm","msg":"  ARB>USDC@PancakeV3/500 USDC>ARB@UniswapV3/100 in=19.39 ARB gap=45.3bps profit=$0.008 net=$-0.003"}
{"level":30,"time":1790807566900,"pid":20658,"hostname":"vm","msg":"  ARB>USDC@UniswapV3/500 USDC>ARB@UniswapV3/100 in=17.53 ARB gap=42.9bps profit=$0.007 net=$-0.004"}
{"level":30,"time":1790807566900,"pid":20658,"hostname":"vm","msg":"  ARB>USDC.e@UniswapV3/500 USDC.e>ARB@PancakeV3/100 in=22.63 ARB gap=29bps profit=$0.005 net=$-0.006"}
{"level":30,"time":1790807566900,"pid":20658,"hostname":"vm","msg":"  ARB>USDC.e@UniswapV3/500 USDC.e>ARB@SushiV2 in=6.813 ARB gap=72.7bps profit=$0.003 net=$-0.006"}
{"level":30,"time":1790807567467,"pid":20658,"hostname":"vm","block":510478745,"gross":264,"net":2,"sumNetUsd":0.004,"gasPriceGwei":0.02016,"txCostUsd":0.0135,"syncMs":137,"searchMs":205,"msg":"block scanned"}
{"level":30,"time":1790807567467,"pid":20658,"hostname":"vm","msg":"  ARB>USDC.e@UniswapV3/500 USDC.e>ARB@PancakeV3/500 in=49.34 ARB gap=36.1bps profit=$0.013 net=$0.002"}
{"level":30,"time":1790807567467,"pid":20658,"hostname":"vm","msg":"  ARB>USDC@PancakeV3/500 USDC>ARB@UniswapV3/100 in=19.39 ARB gap=45.3bps profit=$0.008 net=$-0.003"}
{"level":30,"time":1790807567467,"pid":20658,"hostname":"vm","msg":"  ARB>USDC@UniswapV3/500 USDC>ARB@UniswapV3/100 in=17.53 ARB gap=42.9bps profit=$0.007 net=$-0.005"}
{"level":30,"time":1790807567467,"pid":20658,"hostname":"vm","msg":"  ARB>USDC.e@UniswapV3/500 USDC.e>ARB@PancakeV3/100 in=22.63 ARB gap=29bps profit=$0.005 net=$-0.006"}
{"level":30,"time":1790807567467,"pid":20658,"hostname":"vm","msg":"  ARB>USDC.e@UniswapV3/500 USDC.e>ARB@SushiV2 in=6.813 ARB gap=72.7bps profit=$0.003 net=$-0.006"}
{"level":30,"time":1790807568001,"pid":20658,"hostname":"vm","block":510478747,"gross":264,"net":2,"sumNetUsd":0.004,"gasPriceGwei":0.02,"txCostUsd":0.0134,"syncMs":123,"searchMs":206,"msg":"block scanned"}
{"level":30,"time":1790807568001,"pid":20658,"hostname":"vm","msg":"  ARB>USDC.e@UniswapV3/500 USDC.e>ARB@PancakeV3/500 in=49.34 ARB gap=36.1bps profit=$0.013 net=$0.002"}
{"level":30,"time":1790807568001,"pid":20658,"hostname":"vm","msg":"  ARB>USDC@PancakeV3/500 USDC>ARB@UniswapV3/100 in=19.39 ARB gap=45.3bps profit=$0.008 net=$-0.003"}
{"level":30,"time":1790807568001,"pid":20658,"hostname":"vm","msg":"  ARB>USDC@UniswapV3/500 USDC>ARB@UniswapV3/100 in=17.53 ARB gap=42.9bps profit=$0.007 net=$-0.004"}
{"level":30,"time":1790807568001,"pid":20658,"hostname":"vm","msg":"  ARB>USDC.e@UniswapV3/500 USDC.e>ARB@PancakeV3/100 in=22.63 ARB gap=29bps profit=$0.005 net=$-0.006"}
{"level":30,"time":1790807568001,"pid":20658,"hostname":"vm","msg":"  ARB>USDC.e@UniswapV3/500 USDC.e>ARB@SushiV2 in=6.813 ARB gap=72.7bps profit=$0.003 net=$-0.006"}
{"level":30,"time":1790807568663,"pid":20658,"hostname":"vm","block":510478749,"gross":264,"net":2,"sumNetUsd":0.004,"gasPriceGwei":0.02,"txCostUsd":0.0134,"syncMs":163,"searchMs":190,"msg":"block scanned"}
{"level":30,"time":1790807568663,"pid":20658,"hostname":"vm","msg":"  ARB>USDC.e@UniswapV3/500 USDC.e>ARB@PancakeV3/500 in=49.34 ARB gap=36.1bps profit=$0.013 net=$0.002"}
{"level":30,"time":1790807568663,"pid":20658,"hostname":"vm","msg":"  ARB>USDC@PancakeV3/500 USDC>ARB@UniswapV3/100 in=19.39 ARB gap=45.3bps profit=$0.008 net=$-0.003"}
{"level":30,"time":1790807568663,"pid":20658,"hostname":"vm","msg":"  ARB>USDC@UniswapV3/500 USDC>ARB@UniswapV3/100 in=17.53 ARB gap=42.9bps profit=$0.007 net=$-0.004"}
{"level":30,"time":1790807568663,"pid":20658,"hostname":"vm","msg":"  ARB>USDC.e@UniswapV3/500 USDC.e>ARB@PancakeV3/100 in=22.63 ARB gap=29bps profit=$0.005 net=$-0.006"}
{"level":30,"time":1790807568663,"pid":20658,"hostname":"vm","msg":"  ARB>USDC.e@UniswapV3/500 USDC.e>ARB@SushiV2 in=6.813 ARB gap=72.7bps profit=$0.003 net=$-0.006"}
{"level":30,"time":1790807569472,"pid":20658,"hostname":"vm","block":510478751,"gross":264,"net":2,"sumNetUsd":0.004,"gasPriceGwei":0.020028,"txCostUsd":0.0135,"syncMs":140,"searchMs":189,"msg":"block scanned"}
{"level":30,"time":1790807569472,"pid":20658,"hostname":"vm","msg":"  ARB>USDC.e@UniswapV3/500 USDC.e>ARB@PancakeV3/500 in=49.34 ARB gap=36.1bps profit=$0.013 net=$0.002"}
{"level":30,"time":1790807569472,"pid":20658,"hostname":"vm","msg":"  ARB>USDC@PancakeV3/500 USDC>ARB@UniswapV3/100 in=19.39 ARB gap=45.3bps profit=$0.008 net=$-0.003"}
{"level":30,"time":1790807569472,"pid":20658,"hostname":"vm","msg":"  ARB>USDC@UniswapV3/500 USDC>ARB@UniswapV3/100 in=17.53 ARB gap=42.9bps profit=$0.007 net=$-0.005"}
{"level":30,"time":1790807569472,"pid":20658,"hostname":"vm","msg":"  ARB>USDC.e@UniswapV3/500 USDC.e>ARB@PancakeV3/100 in=22.63 ARB gap=29bps profit=$0.005 net=$-0.006"}
{"level":30,"time":1790807569472,"pid":20658,"hostname":"vm","msg":"  ARB>USDC.e@UniswapV3/500 USDC.e>ARB@SushiV2 in=6.813 ARB gap=72.7bps profit=$0.003 net=$-0.006"}
{"level":30,"time":1790807569966,"pid":20658,"hostname":"vm","block":510478754,"gross":264,"net":2,"sumNetUsd":0.004,"gasPriceGwei":0.020004,"txCostUsd":0.0134,"syncMs":158,"searchMs":196,"msg":"block scanned"}
{"level":30,"time":1790807569966,"pid":20658,"hostname":"vm","msg":"  ARB>USDC.e@UniswapV3/500 USDC.e>ARB@PancakeV3/500 in=49.34 ARB gap=36.1bps profit=$0.013 net=$0.002"}
{"level":30,"time":1790807569966,"pid":20658,"hostname":"vm","msg":"  ARB>USDC@PancakeV3/500 USDC>ARB@UniswapV3/100 in=19.39 ARB gap=45.3bps profit=$0.008 net=$-0.003"}
{"level":30,"time":1790807569966,"pid":20658,"hostname":"vm","msg":"  ARB>USDC@UniswapV3/500 USDC>ARB@UniswapV3/100 in=17.53 ARB gap=42.9bps profit=$0.007 net=$-0.004"}
{"level":30,"time":1790807569966,"pid":20658,"hostname":"vm","msg":"  ARB>USDC.e@UniswapV3/500 USDC.e>ARB@PancakeV3/100 in=22.63 ARB gap=29bps profit=$0.005 net=$-0.006"}
{"level":30,"time":1790807569966,"pid":20658,"hostname":"vm","msg":"  ARB>USDC.e@UniswapV3/500 USDC.e>ARB@SushiV2 in=6.813 ARB gap=72.7bps profit=$0.003 net=$-0.006"}
{"level":30,"time":1790807570528,"pid":20658,"hostname":"vm","block":510478756,"gross":264,"net":2,"sumNetUsd":0.004,"gasPriceGwei":0.02,"txCostUsd":0.0134,"syncMs":145,"searchMs":201,"msg":"block scanned"}
{"level":30,"time":1790807570528,"pid":20658,"hostname":"vm","msg":"  ARB>USDC.e@UniswapV3/500 USDC.e>ARB@PancakeV3/500 in=49.34 ARB gap=36.1bps profit=$0.013 net=$0.002"}
{"level":30,"time":1790807570528,"pid":20658,"hostname":"vm","msg":"  ARB>USDC@PancakeV3/500 USDC>ARB@UniswapV3/100 in=19.39 ARB gap=45.3bps profit=$0.008 net=$-0.003"}
{"level":30,"time":1790807570528,"pid":20658,"hostname":"vm","msg":"  ARB>USDC@UniswapV3/500 USDC>ARB@UniswapV3/100 in=17.53 ARB gap=42.9bps profit=$0.007 net=$-0.004"}
{"level":30,"time":1790807570528,"pid":20658,"hostname":"vm","msg":"  ARB>USDC.e@UniswapV3/500 USDC.e>ARB@PancakeV3/100 in=22.63 ARB gap=29bps profit=$0.005 net=$-0.006"}
{"level":30,"time":1790807570528,"pid":20658,"hostname":"vm","msg":"  ARB>USDC.e@UniswapV3/500 USDC.e>ARB@SushiV2 in=6.813 ARB gap=72.7bps profit=$0.003 net=$-0.006"}
{"level":30,"time":1790807571064,"pid":20658,"hostname":"vm","block":510478758,"gross":264,"net":2,"sumNetUsd":0.004,"gasPriceGwei":0.020026,"txCostUsd":0.0135,"syncMs":129,"searchMs":194,"msg":"block scanned"}
{"level":30,"time":1790807571064,"pid":20658,"hostname":"vm","msg":"  ARB>USDC.e@UniswapV3/500 USDC.e>ARB@PancakeV3/500 in=49.34 ARB gap=36.1bps profit=$0.013 net=$0.002"}
{"level":30,"time":1790807571064,"pid":20658,"hostname":"vm","msg":"  ARB>USDC@PancakeV3/500 USDC>ARB@UniswapV3/100 in=19.39 ARB gap=45.3bps profit=$0.008 net=$-0.003"}
{"level":30,"time":1790807571064,"pid":20658,"hostname":"vm","msg":"  ARB>USDC@UniswapV3/500 USDC>ARB@UniswapV3/100 in=17.53 ARB gap=42.9bps profit=$0.007 net=$-0.005"}
{"level":30,"time":1790807571064,"pid":20658,"hostname":"vm","msg":"  ARB>USDC.e@UniswapV3/500 USDC.e>ARB@PancakeV3/100 in=22.63 ARB gap=29bps profit=$0.005 net=$-0.006"}
{"level":30,"time":1790807571064,"pid":20658,"hostname":"vm","msg":"  ARB>USDC.e@UniswapV3/500 USDC.e>ARB@SushiV2 in=6.813 ARB gap=72.7bps profit=$0.003 net=$-0.006"}
{"level":30,"time":1790807571708,"pid":20658,"hostname":"vm","block":510478761,"gross":264,"net":2,"sumNetUsd":0.004,"gasPriceGwei":0.02,"txCostUsd":0.0134,"syncMs":144,"searchMs":194,"msg":"block scanned"}
{"level":30,"time":1790807571708,"pid":20658,"hostname":"vm","msg":"  ARB>USDC.e@UniswapV3/500 USDC.e>ARB@PancakeV3/500 in=49.34 ARB gap=36.1bps profit=$0.013 net=$0.002"}
{"level":30,"time":1790807571708,"pid":20658,"hostname":"vm","msg":"  ARB>USDC@PancakeV3/500 USDC>ARB@UniswapV3/100 in=19.39 ARB gap=45.3bps profit=$0.008 net=$-0.003"}
{"level":30,"time":1790807571708,"pid":20658,"hostname":"vm","msg":"  ARB>USDC@UniswapV3/500 USDC>ARB@UniswapV3/100 in=17.53 ARB gap=42.9bps profit=$0.007 net=$-0.004"}
{"level":30,"time":1790807571708,"pid":20658,"hostname":"vm","msg":"  ARB>USDC.e@UniswapV3/500 USDC.e>ARB@PancakeV3/100 in=22.63 ARB gap=29bps profit=$0.005 net=$-0.006"}
{"level":30,"time":1790807571708,"pid":20658,"hostname":"vm","msg":"  ARB>USDC.e@UniswapV3/500 USDC.e>ARB@SushiV2 in=6.813 ARB gap=72.7bps profit=$0.003 net=$-0.006"}
{"level":30,"time":1790807572371,"pid":20658,"hostname":"vm","block":510478763,"gross":264,"net":2,"sumNetUsd":0.004,"gasPriceGwei":0.020016,"txCostUsd":0.0134,"syncMs":153,"searchMs":210,"msg":"block scanned"}
{"level":30,"time":1790807572371,"pid":20658,"hostname":"vm","msg":"  ARB>USDC.e@UniswapV3/500 USDC.e>ARB@PancakeV3/500 in=49.34 ARB gap=36.1bps profit=$0.013 net=$0.002"}
{"level":30,"time":1790807572371,"pid":20658,"hostname":"vm","msg":"  ARB>USDC@PancakeV3/500 USDC>ARB@UniswapV3/100 in=19.39 ARB gap=45.3bps profit=$0.008 net=$-0.003"}
{"level":30,"time":1790807572371,"pid":20658,"hostname":"vm","msg":"  ARB>USDC@UniswapV3/500 USDC>ARB@UniswapV3/100 in=17.53 ARB gap=42.9bps profit=$0.007 net=$-0.004"}
{"level":30,"time":1790807572371,"pid":20658,"hostname":"vm","msg":"  ARB>USDC.e@UniswapV3/500 USDC.e>ARB@PancakeV3/100 in=22.63 ARB gap=29bps profit=$0.005 net=$-0.006"}
{"level":30,"time":1790807572371,"pid":20658,"hostname":"vm","msg":"  ARB>USDC.e@UniswapV3/500 USDC.e>ARB@SushiV2 in=6.813 ARB gap=72.7bps profit=$0.003 net=$-0.006"}
{"level":30,"time":1790807572902,"pid":20658,"hostname":"vm","block":510478765,"gross":264,"net":2,"sumNetUsd":0.004,"gasPriceGwei":0.020002,"txCostUsd":0.0134,"syncMs":123,"searchMs":199,"msg":"block scanned"}
{"level":30,"time":1790807572902,"pid":20658,"hostname":"vm","msg":"  ARB>USDC.e@UniswapV3/500 USDC.e>ARB@PancakeV3/500 in=49.34 ARB gap=36.1bps profit=$0.013 net=$0.002"}
{"level":30,"time":1790807572902,"pid":20658,"hostname":"vm","msg":"  ARB>USDC@PancakeV3/500 USDC>ARB@UniswapV3/100 in=19.39 ARB gap=45.3bps profit=$0.008 net=$-0.003"}
{"level":30,"time":1790807572902,"pid":20658,"hostname":"vm","msg":"  ARB>USDC@UniswapV3/500 USDC>ARB@UniswapV3/100 in=17.53 ARB gap=42.9bps profit=$0.007 net=$-0.004"}
{"level":30,"time":1790807572902,"pid":20658,"hostname":"vm","msg":"  ARB>USDC.e@UniswapV3/500 USDC.e>ARB@PancakeV3/100 in=22.63 ARB gap=29bps profit=$0.005 net=$-0.006"}
{"level":30,"time":1790807572902,"pid":20658,"hostname":"vm","msg":"  ARB>USDC.e@UniswapV3/500 USDC.e>ARB@SushiV2 in=6.813 ARB gap=72.7bps profit=$0.003 net=$-0.006"}
{"level":30,"time":1790807573528,"pid":20658,"hostname":"vm","block":510478768,"gross":264,"net":2,"sumNetUsd":0.004,"gasPriceGwei":0.020022,"txCostUsd":0.0135,"syncMs":135,"searchMs":187,"msg":"block scanned"}
{"level":30,"time":1790807573528,"pid":20658,"hostname":"vm","msg":"  ARB>USDC.e@UniswapV3/500 USDC.e>ARB@PancakeV3/500 in=49.34 ARB gap=36.1bps profit=$0.013 net=$0.002"}
{"level":30,"time":1790807573528,"pid":20658,"hostname":"vm","msg":"  ARB>USDC@PancakeV3/500 USDC>ARB@UniswapV3/100 in=19.39 ARB gap=45.3bps profit=$0.008 net=$-0.003"}
{"level":30,"time":1790807573528,"pid":20658,"hostname":"vm","msg":"  ARB>USDC@UniswapV3/500 USDC>ARB@UniswapV3/100 in=17.53 ARB gap=42.9bps profit=$0.007 net=$-0.004"}
{"level":30,"time":1790807573528,"pid":20658,"hostname":"vm","msg":"  ARB>USDC.e@UniswapV3/500 USDC.e>ARB@PancakeV3/100 in=22.63 ARB gap=29bps profit=$0.005 net=$-0.006"}
{"level":30,"time":1790807573528,"pid":20658,"hostname":"vm","msg":"  ARB>USDC.e@UniswapV3/500 USDC.e>ARB@SushiV2 in=6.813 ARB gap=72.7bps profit=$0.003 net=$-0.006"}
{"level":30,"time":1790807574131,"pid":20658,"hostname":"vm","block":510478770,"gross":264,"net":2,"sumNetUsd":0.004,"gasPriceGwei":0.02002,"txCostUsd":0.0134,"syncMs":112,"searchMs":190,"msg":"block scanned"}
{"level":30,"time":1790807574131,"pid":20658,"hostname":"vm","msg":"  ARB>USDC.e@UniswapV3/500 USDC.e>ARB@PancakeV3/500 in=49.34 ARB gap=36.1bps profit=$0.013 net=$0.002"}
{"level":30,"time":1790807574131,"pid":20658,"hostname":"vm","msg":"  ARB>USDC@PancakeV3/500 USDC>ARB@UniswapV3/100 in=19.39 ARB gap=45.3bps profit=$0.008 net=$-0.003"}
{"level":30,"time":1790807574131,"pid":20658,"hostname":"vm","msg":"  ARB>USDC@UniswapV3/500 USDC>ARB@UniswapV3/100 in=17.53 ARB gap=42.9bps profit=$0.007 net=$-0.004"}
{"level":30,"time":1790807574131,"pid":20658,"hostname":"vm","msg":"  ARB>USDC.e@UniswapV3/500 USDC.e>ARB@PancakeV3/100 in=22.63 ARB gap=29bps profit=$0.005 net=$-0.006"}
{"level":30,"time":1790807574131,"pid":20658,"hostname":"vm","msg":"  ARB>USDC.e@UniswapV3/500 USDC.e>ARB@SushiV2 in=6.813 ARB gap=72.7bps profit=$0.003 net=$-0.006"}
{"level":30,"time":1790807602003,"pid":20658,"hostname":"vm","block":510478772,"gross":264,"net":2,"sumNetUsd":0.004,"gasPriceGwei":0.02,"txCostUsd":0.0134,"syncMs":27380,"searchMs":184,"msg":"block scanned"}
{"level":30,"time":1790807602003,"pid":20658,"hostname":"vm","msg":"  ARB>USDC.e@UniswapV3/500 USDC.e>ARB@PancakeV3/500 in=49.34 ARB gap=36.1bps profit=$0.013 net=$0.002"}
{"level":30,"time":1790807602003,"pid":20658,"hostname":"vm","msg":"  ARB>USDC@PancakeV3/500 USDC>ARB@UniswapV3/100 in=19.39 ARB gap=45.3bps profit=$0.008 net=$-0.003"}
{"level":30,"time":1790807602003,"pid":20658,"hostname":"vm","msg":"  ARB>USDC@UniswapV3/500 USDC>ARB@UniswapV3/100 in=17.53 ARB gap=42.9bps profit=$0.007 net=$-0.004"}
{"level":30,"time":1790807602003,"pid":20658,"hostname":"vm","msg":"  ARB>USDC.e@UniswapV3/500 USDC.e>ARB@PancakeV3/100 in=22.63 ARB gap=29bps profit=$0.005 net=$-0.006"}
{"level":30,"time":1790807602003,"pid":20658,"hostname":"vm","msg":"  ARB>USDC.e@UniswapV3/500 USDC.e>ARB@SushiV2 in=6.813 ARB gap=72.7bps profit=$0.003 net=$-0.006"}
{"level":30,"time":1790807602413,"pid":20658,"hostname":"vm","block":510478869,"gross":264,"net":4,"sumNetUsd":0.006,"gasPriceGwei":0.020166,"txCostUsd":0.0135,"syncMs":115,"searchMs":189,"msg":"block scanned"}
{"level":30,"time":1790807602413,"pid":20658,"hostname":"vm","msg":"  ARB>USDC.e@UniswapV3/500 USDC.e>ARB@PancakeV3/500 in=49.34 ARB gap=36.1bps profit=$0.013 net=$0.002"}
{"level":30,"time":1790807602413,"pid":20658,"hostname":"vm","msg":"  ARB>USDC@PancakeV3/500 USDC>ARB@UniswapV3/100 in=20.84 ARB gap=48.3bps profit=$0.009 net=$-0.002"}
{"level":30,"time":1790807602413,"pid":20658,"hostname":"vm","msg":"  ARB>USDC@UniswapV3/500 USDC>ARB@UniswapV3/100 in=17.53 ARB gap=42.9bps profit=$0.007 net=$-0.005"}
{"level":30,"time":1790807602413,"pid":20658,"hostname":"vm","msg":"  ARB>USDC.e@UniswapV3/500 USDC.e>ARB@PancakeV3/100 in=22.63 ARB gap=29bps profit=$0.005 net=$-0.006"}
{"level":30,"time":1790807602413,"pid":20658,"hostname":"vm","msg":"  ARB>WETH@UniswapV3/500 WETH>ARB@SushiV3/3000 in=19.63 ARB gap=49bps profit=$0.003 net=$-0.008"}
{"level":30,"time":1790807603080,"pid":20658,"hostname":"vm","block":510478871,"gross":264,"net":4,"sumNetUsd":0.007,"gasPriceGwei":0.020056,"txCostUsd":0.0135,"syncMs":145,"searchMs":211,"msg":"block scanned"}
{"level":30,"time":1790807603080,"pid":20658,"hostname":"vm","msg":"  ARB>USDC.e@UniswapV3/500 USDC.e>ARB@PancakeV3/500 in=49.34 ARB gap=36.1bps profit=$0.013 net=$0.002"}
{"level":30,"time":1790807603080,"pid":20658,"hostname":"vm","msg":"  ARB>USDC@PancakeV3/500 USDC>ARB@UniswapV3/100 in=20.84 ARB gap=48.3bps profit=$0.009 net=$-0.002"}
{"level":30,"time":1790807603080,"pid":20658,"hostname":"vm","msg":"  ARB>USDC@UniswapV3/500 USDC>ARB@UniswapV3/100 in=17.53 ARB gap=42.9bps profit=$0.007 net=$-0.005"}
{"level":30,"time":1790807603080,"pid":20658,"hostname":"vm","msg":"  ARB>USDC.e@UniswapV3/500 USDC.e>ARB@PancakeV3/100 in=22.63 ARB gap=29bps profit=$0.005 net=$-0.006"}
{"level":30,"time":1790807603080,"pid":20658,"hostname":"vm","msg":"  ARB>WETH@UniswapV3/500 WETH>ARB@SushiV3/3000 in=19.63 ARB gap=49bps profit=$0.003 net=$-0.008"}
{"level":30,"time":1790807603600,"pid":20658,"hostname":"vm","block":510478873,"gross":255,"net":2,"sumNetUsd":0.004,"gasPriceGwei":0.02,"txCostUsd":0.0134,"syncMs":118,"searchMs":180,"msg":"block scanned"}
{"level":30,"time":1790807603600,"pid":20658,"hostname":"vm","msg":"  ARB>USDC.e@UniswapV3/500 USDC.e>ARB@PancakeV3/500 in=49.34 ARB gap=36.1bps profit=$0.013 net=$0.002"}
{"level":30,"time":1790807603600,"pid":20658,"hostname":"vm","msg":"  ARB>USDC@PancakeV3/500 USDC>ARB@UniswapV3/100 in=22.37 ARB gap=51.4bps profit=$0.010 net=$-0.001"}
{"level":30,"time":1790807603600,"pid":20658,"hostname":"vm","msg":"  ARB>USDC@UniswapV3/500 USDC>ARB@UniswapV3/100 in=21.18 ARB gap=50.7bps profit=$0.010 net=$-0.001"}
{"level":30,"time":1790807603600,"pid":20658,"hostname":"vm","msg":"  ARB>USDC.e@UniswapV3/500 USDC.e>ARB@PancakeV3/100 in=22.63 ARB gap=29bps profit=$0.005 net=$-0.006"}
{"level":30,"time":1790807603600,"pid":20658,"hostname":"vm","msg":"  ARB>USDC@PancakeV3/500 USDC>ARB@PancakeV3/100 in=9.217 ARB gap=38.5bps profit=$0.003 net=$-0.008"}
{"level":30,"time":1790807604214,"pid":20658,"hostname":"vm","block":510478876,"gross":256,"net":2,"sumNetUsd":0.004,"gasPriceGwei":0.020042,"txCostUsd":0.0135,"syncMs":132,"searchMs":177,"msg":"block scanned"}
{"level":30,"time":1790807604214,"pid":20658,"hostname":"vm","msg":"  ARB>USDC.e@UniswapV3/500 USDC.e>ARB@PancakeV3/500 in=49.34 ARB gap=36.1bps profit=$0.013 net=$0.002"}
{"level":30,"time":1790807604214,"pid":20658,"hostname":"vm","msg":"  ARB>USDC@PancakeV3/500 USDC>ARB@UniswapV3/100 in=22.37 ARB gap=51.4bps profit=$0.010 net=$-0.001"}
{"level":30,"time":1790807604214,"pid":20658,"hostname":"vm","msg":"  ARB>USDC@UniswapV3/500 USDC>ARB@UniswapV3/100 in=21.18 ARB gap=50.7bps profit=$0.010 net=$-0.001"}
{"level":30,"time":1790807604214,"pid":20658,"hostname":"vm","msg":"  ARB>USDC.e@UniswapV3/500 USDC.e>ARB@PancakeV3/100 in=22.63 ARB gap=29bps profit=$0.005 net=$-0.006"}
{"level":30,"time":1790807604214,"pid":20658,"hostname":"vm","msg":"  ARB>USDC@PancakeV3/500 USDC>ARB@PancakeV3/100 in=9.217 ARB gap=38.5bps profit=$0.003 net=$-0.008"}
{"level":30,"time":1790807604849,"pid":20658,"hostname":"vm","block":510478878,"gross":256,"net":2,"sumNetUsd":0.004,"gasPriceGwei":0.02,"txCostUsd":0.0134,"syncMs":152,"searchMs":179,"msg":"block scanned"}
{"level":30,"time":1790807604849,"pid":20658,"hostname":"vm","msg":"  ARB>USDC.e@UniswapV3/500 USDC.e>ARB@PancakeV3/500 in=49.34 ARB gap=36.1bps profit=$0.013 net=$0.002"}
{"level":30,"time":1790807604849,"pid":20658,"hostname":"vm","msg":"  ARB>USDC@PancakeV3/500 USDC>ARB@UniswapV3/100 in=22.37 ARB gap=51.4bps profit=$0.010 net=$-0.001"}
{"level":30,"time":1790807604849,"pid":20658,"hostname":"vm","msg":"  ARB>USDC@UniswapV3/500 USDC>ARB@UniswapV3/100 in=21.18 ARB gap=50.7bps profit=$0.010 net=$-0.001"}
{"level":30,"time":1790807604849,"pid":20658,"hostname":"vm","msg":"  ARB>USDC.e@UniswapV3/500 USDC.e>ARB@PancakeV3/100 in=22.63 ARB gap=29bps profit=$0.005 net=$-0.006"}
{"level":30,"time":1790807604849,"pid":20658,"hostname":"vm","msg":"  ARB>USDC@PancakeV3/500 USDC>ARB@PancakeV3/100 in=9.217 ARB gap=38.5bps profit=$0.003 net=$-0.008"}
{"level":30,"time":1790807605481,"pid":20658,"hostname":"vm","block":510478880,"gross":256,"net":2,"sumNetUsd":0.003,"gasPriceGwei":0.02053,"txCostUsd":0.0138,"syncMs":142,"searchMs":178,"msg":"block scanned"}
{"level":30,"time":1790807605482,"pid":20658,"hostname":"vm","msg":"  ARB>USDC.e@UniswapV3/500 USDC.e>ARB@PancakeV3/500 in=49.34 ARB gap=36.1bps profit=$0.013 net=$0.002"}
{"level":30,"time":1790807605482,"pid":20658,"hostname":"vm","msg":"  ARB>USDC@PancakeV3/500 USDC>ARB@UniswapV3/100 in=22.37 ARB gap=51.4bps profit=$0.010 net=$-0.001"}
{"level":30,"time":1790807605482,"pid":20658,"hostname":"vm","msg":"  ARB>USDC@UniswapV3/500 USDC>ARB@UniswapV3/100 in=21.18 ARB gap=50.7bps profit=$0.010 net=$-0.002"}
{"level":30,"time":1790807605482,"pid":20658,"hostname":"vm","msg":"  ARB>USDC.e@UniswapV3/500 USDC.e>ARB@PancakeV3/100 in=22.63 ARB gap=29bps profit=$0.005 net=$-0.006"}
{"level":30,"time":1790807605482,"pid":20658,"hostname":"vm","msg":"  ARB>USDC@PancakeV3/500 USDC>ARB@PancakeV3/100 in=9.217 ARB gap=38.5bps profit=$0.003 net=$-0.008"}
{"level":30,"time":1790807606104,"pid":20658,"hostname":"vm","block":510478882,"gross":256,"net":2,"sumNetUsd":0.004,"gasPriceGwei":0.020026,"txCostUsd":0.0135,"syncMs":135,"searchMs":182,"msg":"block scanned"}
{"level":30,"time":1790807606105,"pid":20658,"hostname":"vm","msg":"  ARB>USDC.e@UniswapV3/500 USDC.e>ARB@PancakeV3/500 in=49.34 ARB gap=36.1bps profit=$0.013 net=$0.002"}
{"level":30,"time":1790807606105,"pid":20658,"hostname":"vm","msg":"  ARB>USDC@PancakeV3/500 USDC>ARB@UniswapV3/100 in=22.37 ARB gap=51.4bps profit=$0.010 net=$-0.001"}
{"level":30,"time":1790807606105,"pid":20658,"hostname":"vm","msg":"  ARB>USDC@UniswapV3/500 USDC>ARB@UniswapV3/100 in=21.18 ARB gap=50.7bps profit=$0.010 net=$-0.001"}
{"level":30,"time":1790807606105,"pid":20658,"hostname":"vm","msg":"  ARB>USDC.e@UniswapV3/500 USDC.e>ARB@PancakeV3/100 in=22.63 ARB gap=29bps profit=$0.005 net=$-0.006"}
{"level":30,"time":1790807606105,"pid":20658,"hostname":"vm","msg":"  ARB>USDC@PancakeV3/500 USDC>ARB@PancakeV3/100 in=9.217 ARB gap=38.5bps profit=$0.003 net=$-0.008"}
{"level":30,"time":1790807606748,"pid":20658,"hostname":"vm","block":510478884,"gross":256,"net":2,"sumNetUsd":0.004,"gasPriceGwei":0.02,"txCostUsd":0.0134,"syncMs":157,"searchMs":180,"msg":"block scanned"}
{"level":30,"time":1790807606748,"pid":20658,"hostname":"vm","msg":"  ARB>USDC.e@UniswapV3/500 USDC.e>ARB@PancakeV3/500 in=49.34 ARB gap=36.1bps profit=$0.013 net=$0.002"}
{"level":30,"time":1790807606748,"pid":20658,"hostname":"vm","msg":"  ARB>USDC@PancakeV3/500 USDC>ARB@UniswapV3/100 in=22.37 ARB gap=51.4bps profit=$0.010 net=$-0.001"}
{"level":30,"time":1790807606748,"pid":20658,"hostname":"vm","msg":"  ARB>USDC@UniswapV3/500 USDC>ARB@UniswapV3/100 in=21.18 ARB gap=50.7bps profit=$0.010 net=$-0.001"}
{"level":30,"time":1790807606748,"pid":20658,"hostname":"vm","msg":"  ARB>USDC.e@UniswapV3/500 USDC.e>ARB@PancakeV3/100 in=22.63 ARB gap=29bps profit=$0.005 net=$-0.006"}
{"level":30,"time":1790807606748,"pid":20658,"hostname":"vm","msg":"  ARB>USDC@PancakeV3/500 USDC>ARB@PancakeV3/100 in=9.217 ARB gap=38.5bps profit=$0.003 net=$-0.008"}
{"level":30,"time":1790807607373,"pid":20658,"hostname":"vm","block":510478887,"gross":256,"net":2,"sumNetUsd":0.004,"gasPriceGwei":0.020054,"txCostUsd":0.0135,"syncMs":142,"searchMs":180,"msg":"block scanned"}
{"level":30,"time":1790807607373,"pid":20658,"hostname":"vm","msg":"  ARB>USDC.e@UniswapV3/500 USDC.e>ARB@PancakeV3/500 in=49.34 ARB gap=36.1bps profit=$0.013 net=$0.002"}
{"level":30,"time":1790807607373,"pid":20658,"hostname":"vm","msg":"  ARB>USDC@PancakeV3/500 USDC>ARB@UniswapV3/100 in=22.37 ARB gap=51.4bps profit=$0.010 net=$-0.001"}
{"level":30,"time":1790807607373,"pid":20658,"hostname":"vm","msg":"  ARB>USDC@UniswapV3/500 USDC>ARB@UniswapV3/100 in=21.18 ARB gap=50.7bps profit=$0.010 net=$-0.001"}
{"level":30,"time":1790807607373,"pid":20658,"hostname":"vm","msg":"  ARB>USDC.e@UniswapV3/500 USDC.e>ARB@PancakeV3/100 in=22.63 ARB gap=29bps profit=$0.005 net=$-0.006"}
{"level":30,"time":1790807607373,"pid":20658,"hostname":"vm","msg":"  ARB>WETH@UniswapV3/500 WETH>ARB@SushiV2 in=34.15 ARB gap=44.5bps profit=$0.003 net=$-0.005"}
{"level":30,"time":1790807608004,"pid":20658,"hostname":"vm","block":510478889,"gross":256,"net":2,"sumNetUsd":0.004,"gasPriceGwei":0.020004,"txCostUsd":0.0134,"syncMs":144,"searchMs":180,"msg":"block scanned"}
{"level":30,"time":1790807608004,"pid":20658,"hostname":"vm","msg":"  ARB>USDC.e@UniswapV3/500 USDC.e>ARB@PancakeV3/500 in=49.34 ARB gap=36.1bps profit=$0.013 net=$0.002"}
{"level":30,"time":1790807608004,"pid":20658,"hostname":"vm","msg":"  ARB>USDC@PancakeV3/500 USDC>ARB@UniswapV3/100 in=22.37 ARB gap=51.4bps profit=$0.010 net=$-0.001"}
{"level":30,"time":1790807608004,"pid":20658,"hostname":"vm","msg":"  ARB>USDC@UniswapV3/500 USDC>ARB@UniswapV3/100 in=21.18 ARB gap=50.7bps profit=$0.010 net=$-0.001"}
{"level":30,"time":1790807608004,"pid":20658,"hostname":"vm","msg":"  ARB>USDC.e@UniswapV3/500 USDC.e>ARB@PancakeV3/100 in=22.63 ARB gap=29bps profit=$0.005 net=$-0.006"}
{"level":30,"time":1790807608004,"pid":20658,"hostname":"vm","msg":"  ARB>WETH@UniswapV3/500 WETH>ARB@SushiV2 in=34.15 ARB gap=44.5bps profit=$0.003 net=$-0.005"}
{"level":30,"time":1790807608617,"pid":20658,"hostname":"vm","block":510478891,"gross":252,"net":2,"sumNetUsd":0.004,"gasPriceGwei":0.02,"txCostUsd":0.0134,"syncMs":133,"searchMs":171,"msg":"block scanned"}
{"level":30,"time":1790807608617,"pid":20658,"hostname":"vm","msg":"  ARB>USDC.e@UniswapV3/500 USDC.e>ARB@PancakeV3/500 in=49.34 ARB gap=36.1bps profit=$0.013 net=$0.002"}
{"level":30,"time":1790807608617,"pid":20658,"hostname":"vm","msg":"  ARB>USDC@PancakeV3/500 USDC>ARB@UniswapV3/100 in=22.37 ARB gap=51.4bps profit=$0.010 net=$-0.001"}
{"level":30,"time":1790807608617,"pid":20658,"hostname":"vm","msg":"  ARB>USDC@UniswapV3/500 USDC>ARB@UniswapV3/100 in=21.18 ARB gap=50.7bps profit=$0.010 net=$-0.001"}
{"level":30,"time":1790807608617,"pid":20658,"hostname":"vm","msg":"  ARB>USDC.e@UniswapV3/500 USDC.e>ARB@PancakeV3/100 in=22.63 ARB gap=29bps profit=$0.005 net=$-0.006"}
{"level":30,"time":1790807608617,"pid":20658,"hostname":"vm","msg":"  ARB>WETH@UniswapV3/500 WETH>ARB@SushiV2 in=34.15 ARB gap=44.5bps profit=$0.003 net=$-0.005"}
{"level":30,"time":1790807609319,"pid":20658,"hostname":"vm","block":510478894,"gross":256,"net":2,"sumNetUsd":0.004,"gasPriceGwei":0.02004,"txCostUsd":0.0135,"syncMs":152,"searchMs":245,"msg":"block scanned"}
{"level":30,"time":1790807609319,"pid":20658,"hostname":"vm","msg":"  ARB>USDC.e@UniswapV3/500 USDC.e>ARB@PancakeV3/500 in=49.34 ARB gap=36.1bps profit=$0.013 net=$0.002"}
{"level":30,"time":1790807609319,"pid":20658,"hostname":"vm","msg":"  ARB>USDC@PancakeV3/500 USDC>ARB@UniswapV3/100 in=22.37 ARB gap=51.4bps profit=$0.010 net=$-0.001"}
{"level":30,"time":1790807609319,"pid":20658,"hostname":"vm","msg":"  ARB>USDC@UniswapV3/500 USDC>ARB@UniswapV3/100 in=21.18 ARB gap=50.7bps profit=$0.010 net=$-0.001"}
{"level":30,"time":1790807609319,"pid":20658,"hostname":"vm","msg":"  ARB>USDC.e@UniswapV3/500 USDC.e>ARB@PancakeV3/100 in=22.63 ARB gap=29bps profit=$0.005 net=$-0.006"}
{"level":30,"time":1790807609319,"pid":20658,"hostname":"vm","msg":"  ARB>WETH@UniswapV3/500 WETH>ARB@SushiV2 in=34.15 ARB gap=44.5bps profit=$0.003 net=$-0.005"}
{"level":30,"time":1790807609827,"pid":20658,"hostname":"vm","block":510478896,"gross":256,"net":2,"sumNetUsd":0.004,"gasPriceGwei":0.020006,"txCostUsd":0.0134,"syncMs":125,"searchMs":178,"msg":"block scanned"}
{"level":30,"time":1790807609827,"pid":20658,"hostname":"vm","msg":"  ARB>USDC.e@UniswapV3/500 USDC.e>ARB@PancakeV3/500 in=49.34 ARB gap=36.1bps profit=$0.013 net=$0.002"}
{"level":30,"time":1790807609827,"pid":20658,"hostname":"vm","msg":"  ARB>USDC@PancakeV3/500 USDC>ARB@UniswapV3/100 in=22.37 ARB gap=51.4bps profit=$0.010 net=$-0.001"}
{"level":30,"time":1790807609827,"pid":20658,"hostname":"vm","msg":"  ARB>USDC@UniswapV3/500 USDC>ARB@UniswapV3/100 in=21.18 ARB gap=50.7bps profit=$0.010 net=$-0.001"}
{"level":30,"time":1790807609827,"pid":20658,"hostname":"vm","msg":"  ARB>USDC.e@UniswapV3/500 USDC.e>ARB@PancakeV3/100 in=22.63 ARB gap=29bps profit=$0.005 net=$-0.006"}
{"level":30,"time":1790807609827,"pid":20658,"hostname":"vm","msg":"  ARB>WETH@UniswapV3/500 WETH>ARB@SushiV2 in=34.15 ARB gap=44.5bps profit=$0.003 net=$-0.005"}
{"level":30,"time":1790807610443,"pid":20658,"hostname":"vm","block":510478898,"gross":256,"net":2,"sumNetUsd":0.004,"gasPriceGwei":0.020064,"txCostUsd":0.0135,"syncMs":132,"searchMs":178,"msg":"block scanned"}
{"level":30,"time":1790807610443,"pid":20658,"hostname":"vm","msg":"  ARB>USDC.e@UniswapV3/500 USDC.e>ARB@PancakeV3/500 in=49.34 ARB gap=36.1bps profit=$0.013 net=$0.002"}
{"level":30,"time":1790807610443,"pid":20658,"hostname":"vm","msg":"  ARB>USDC@PancakeV3/500 USDC>ARB@UniswapV3/100 in=22.37 ARB gap=51.4bps profit=$0.010 net=$-0.001"}
{"level":30,"time":1790807610443,"pid":20658,"hostname":"vm","msg":"  ARB>USDC@UniswapV3/500 USDC>ARB@UniswapV3/100 in=21.18 ARB gap=50.7bps profit=$0.010 net=$-0.001"}
{"level":30,"time":1790807610443,"pid":20658,"hostname":"vm","msg":"  ARB>USDC.e@UniswapV3/500 USDC.e>ARB@PancakeV3/100 in=22.63 ARB gap=29bps profit=$0.005 net=$-0.006"}
{"level":30,"time":1790807610443,"pid":20658,"hostname":"vm","msg":"  ARB>WETH@UniswapV3/500 WETH>ARB@SushiV2 in=34.15 ARB gap=44.5bps profit=$0.003 net=$-0.005"}
{"level":30,"time":1790807651961,"pid":20658,"hostname":"vm","block":510478901,"gross":256,"net":2,"sumNetUsd":0.004,"gasPriceGwei":0.02,"txCostUsd":0.0134,"syncMs":41033,"searchMs":178,"msg":"block scanned"}
{"level":30,"time":1790807651961,"pid":20658,"hostname":"vm","msg":"  ARB>USDC.e@UniswapV3/500 USDC.e>ARB@PancakeV3/500 in=49.34 ARB gap=36.1bps profit=$0.013 net=$0.002"}
{"level":30,"time":1790807651961,"pid":20658,"hostname":"vm","msg":"  ARB>USDC@PancakeV3/500 USDC>ARB@UniswapV3/100 in=22.37 ARB gap=51.4bps profit=$0.010 net=$-0.001"}
{"level":30,"time":1790807651961,"pid":20658,"hostname":"vm","msg":"  ARB>USDC@UniswapV3/500 USDC>ARB@UniswapV3/100 in=21.18 ARB gap=50.7bps profit=$0.010 net=$-0.001"}
{"level":30,"time":1790807651961,"pid":20658,"hostname":"vm","msg":"  ARB>USDC.e@UniswapV3/500 USDC.e>ARB@PancakeV3/100 in=22.63 ARB gap=29bps profit=$0.005 net=$-0.006"}
{"level":30,"time":1790807651961,"pid":20658,"hostname":"vm","msg":"  ARB>WETH@UniswapV3/500 WETH>ARB@SushiV2 in=34.15 ARB gap=44.5bps profit=$0.003 net=$-0.005"}
{"level":30,"time":1790807652367,"pid":20658,"hostname":"vm","block":510479045,"gross":232,"net":2,"sumNetUsd":0.001,"gasPriceGwei":0.020036,"txCostUsd":0.0135,"syncMs":146,"searchMs":156,"msg":"block scanned"}
{"level":30,"time":1790807652367,"pid":20658,"hostname":"vm","msg":"  ARB>USDC@PancakeV3/500 USDC>ARB@UniswapV3/100 in=23.81 ARB gap=54.4bps profit=$0.012 net=$0.001"}
{"level":30,"time":1790807652367,"pid":20658,"hostname":"vm","msg":"  ARB>USDC@UniswapV3/500 USDC>ARB@UniswapV3/100 in=21.18 ARB gap=50.7bps profit=$0.010 net=$-0.001"}
{"level":30,"time":1790807652367,"pid":20658,"hostname":"vm","msg":"  ARB>USDC.e@UniswapV3/500 USDC.e>ARB@PancakeV3/100 in=25.51 ARB gap=32bps profit=$0.007 net=$-0.004"}
{"level":30,"time":1790807652367,"pid":20658,"hostname":"vm","msg":"  ARB>USDC@PancakeV3/500 USDC>ARB@PancakeV3/100 in=10.05 ARB gap=41.5bps profit=$0.004 net=$-0.007"}
{"level":30,"time":1790807652367,"pid":20658,"hostname":"vm","msg":"  ARB>WETH@UniswapV3/500 WETH>ARB@SushiV2 in=34.15 ARB gap=44.5bps profit=$0.003 net=$-0.005"}
{"level":30,"time":1790807652945,"pid":20658,"hostname":"vm","block":510479047,"gross":232,"net":2,"sumNetUsd":0.001,"gasPriceGwei":0.020036,"txCostUsd":0.0135,"syncMs":118,"searchMs":154,"msg":"block scanned"}
{"level":30,"time":1790807652945,"pid":20658,"hostname":"vm","msg":"  ARB>USDC@PancakeV3/500 USDC>ARB@UniswapV3/100 in=23.81 ARB gap=54.4bps profit=$0.012 net=$0.001"}
{"level":30,"time":1790807652945,"pid":20658,"hostname":"vm","msg":"  ARB>USDC@UniswapV3/500 USDC>ARB@UniswapV3/100 in=21.18 ARB gap=50.7bps profit=$0.010 net=$-0.001"}
{"level":30,"time":1790807652945,"pid":20658,"hostname":"vm","msg":"  ARB>USDC.e@UniswapV3/500 USDC.e>ARB@PancakeV3/100 in=25.51 ARB gap=32bps profit=$0.007 net=$-0.004"}
{"level":30,"time":1790807652945,"pid":20658,"hostname":"vm","msg":"  ARB>USDC@PancakeV3/500 USDC>ARB@PancakeV3/100 in=10.05 ARB gap=41.5bps profit=$0.004 net=$-0.007"}
{"level":30,"time":1790807652945,"pid":20658,"hostname":"vm","msg":"  ARB>WETH@UniswapV3/500 WETH>ARB@SushiV2 in=34.15 ARB gap=44.5bps profit=$0.003 net=$-0.005"}
{"level":30,"time":1790807653650,"pid":20658,"hostname":"vm","block":510479048,"gross":232,"net":2,"sumNetUsd":0.001,"gasPriceGwei":0.02,"txCostUsd":0.0134,"syncMs":158,"searchMs":162,"msg":"block scanned"}
{"level":30,"time":1790807653650,"pid":20658,"hostname":"vm","msg":"  ARB>USDC@PancakeV3/500 USDC>ARB@UniswapV3/100 in=23.81 ARB gap=54.4bps profit=$0.012 net=$0.001"}
{"level":30,"time":1790807653650,"pid":20658,"hostname":"vm","msg":"  ARB>USDC@UniswapV3/500 USDC>ARB@UniswapV3/100 in=21.18 ARB gap=50.7bps profit=$0.010 net=$-0.001"}
{"level":30,"time":1790807653650,"pid":20658,"hostname":"vm","msg":"  ARB>USDC.e@UniswapV3/500 USDC.e>ARB@PancakeV3/100 in=25.51 ARB gap=32bps profit=$0.007 net=$-0.004"}
{"level":30,"time":1790807653650,"pid":20658,"hostname":"vm","msg":"  ARB>USDC@PancakeV3/500 USDC>ARB@PancakeV3/100 in=10.05 ARB gap=41.5bps profit=$0.004 net=$-0.007"}
{"level":30,"time":1790807653650,"pid":20658,"hostname":"vm","msg":"  ARB>WETH@UniswapV3/500 WETH>ARB@SushiV2 in=34.15 ARB gap=44.5bps profit=$0.003 net=$-0.005"}
{"level":30,"time":1790807654252,"pid":20658,"hostname":"vm","block":510479050,"gross":232,"net":2,"sumNetUsd":0.001,"gasPriceGwei":0.020024,"txCostUsd":0.0135,"syncMs":140,"searchMs":158,"msg":"block scanned"}
{"level":30,"time":1790807654252,"pid":20658,"hostname":"vm","msg":"  ARB>USDC@PancakeV3/500 USDC>ARB@UniswapV3/100 in=23.81 ARB gap=54.4bps profit=$0.012 net=$0.001"}
{"level":30,"time":1790807654252,"pid":20658,"hostname":"vm","msg":"  ARB>USDC@UniswapV3/500 USDC>ARB@UniswapV3/100 in=21.18 ARB gap=50.7bps profit=$0.010 net=$-0.001"}
{"level":30,"time":1790807654252,"pid":20658,"hostname":"vm","msg":"  ARB>USDC.e@UniswapV3/500 USDC.e>ARB@PancakeV3/100 in=25.51 ARB gap=32bps profit=$0.007 net=$-0.004"}
{"level":30,"time":1790807654252,"pid":20658,"hostname":"vm","msg":"  ARB>USDC@PancakeV3/500 USDC>ARB@PancakeV3/100 in=10.05 ARB gap=41.5bps profit=$0.004 net=$-0.007"}
{"level":30,"time":1790807654252,"pid":20658,"hostname":"vm","msg":"  ARB>WETH@UniswapV3/500 WETH>ARB@SushiV2 in=34.15 ARB gap=44.5bps profit=$0.003 net=$-0.005"}
{"level":30,"time":1790807654876,"pid":20658,"hostname":"vm","block":510479052,"gross":232,"net":2,"sumNetUsd":0.001,"gasPriceGwei":0.02,"txCostUsd":0.0134,"syncMs":158,"searchMs":156,"msg":"block scanned"}
{"level":30,"time":1790807654876,"pid":20658,"hostname":"vm","msg":"  ARB>USDC@PancakeV3/500 USDC>ARB@UniswapV3/100 in=23.81 ARB gap=54.4bps profit=$0.012 net=$0.001"}
{"level":30,"time":1790807654876,"pid":20658,"hostname":"vm","msg":"  ARB>USDC@UniswapV3/500 USDC>ARB@UniswapV3/100 in=21.18 ARB gap=50.7bps profit=$0.010 net=$-0.001"}
{"level":30,"time":1790807654876,"pid":20658,"hostname":"vm","msg":"  ARB>USDC.e@UniswapV3/500 USDC.e>ARB@PancakeV3/100 in=25.51 ARB gap=32bps profit=$0.007 net=$-0.004"}
{"level":30,"time":1790807654876,"pid":20658,"hostname":"vm","msg":"  ARB>USDC@PancakeV3/500 USDC>ARB@PancakeV3/100 in=10.05 ARB gap=41.5bps profit=$0.004 net=$-0.007"}
{"level":30,"time":1790807654876,"pid":20658,"hostname":"vm","msg":"  ARB>WETH@UniswapV3/500 WETH>ARB@SushiV2 in=34.15 ARB gap=44.5bps profit=$0.003 net=$-0.005"}
{"level":30,"time":1790807655517,"pid":20658,"hostname":"vm","block":510479053,"gross":232,"net":2,"sumNetUsd":0.001,"gasPriceGwei":0.02,"txCostUsd":0.0134,"syncMs":157,"searchMs":170,"msg":"block scanned"}
{"level":30,"time":1790807655517,"pid":20658,"hostname":"vm","msg":"  ARB>USDC@PancakeV3/500 USDC>ARB@UniswapV3/100 in=23.81 ARB gap=54.4bps profit=$0.012 net=$0.001"}
{"level":30,"time":1790807655517,"pid":20658,"hostname":"vm","msg":"  ARB>USDC@UniswapV3/500 USDC>ARB@UniswapV3/100 in=21.18 ARB gap=50.7bps profit=$0.010 net=$-0.001"}
{"level":30,"time":1790807655517,"pid":20658,"hostname":"vm","msg":"  ARB>USDC.e@UniswapV3/500 USDC.e>ARB@PancakeV3/100 in=25.51 ARB gap=32bps profit=$0.007 net=$-0.004"}
{"level":30,"time":1790807655517,"pid":20658,"hostname":"vm","msg":"  ARB>USDC@PancakeV3/500 USDC>ARB@PancakeV3/100 in=10.05 ARB gap=41.5bps profit=$0.004 net=$-0.007"}
{"level":30,"time":1790807655517,"pid":20658,"hostname":"vm","msg":"  ARB>WETH@UniswapV3/500 WETH>ARB@SushiV2 in=34.15 ARB gap=44.5bps profit=$0.003 net=$-0.005"}
{"level":30,"time":1790807656123,"pid":20658,"hostname":"vm","block":510479056,"gross":232,"net":2,"sumNetUsd":0.001,"gasPriceGwei":0.020292,"txCostUsd":0.0136,"syncMs":144,"searchMs":159,"msg":"block scanned"}
{"level":30,"time":1790807656123,"pid":20658,"hostname":"vm","msg":"  ARB>USDC@PancakeV3/500 USDC>ARB@UniswapV3/100 in=23.81 ARB gap=54.4bps profit=$0.012 net=$0.000"}
{"level":30,"time":1790807656123,"pid":20658,"hostname":"vm","msg":"  ARB>USDC@UniswapV3/500 USDC>ARB@UniswapV3/100 in=21.18 ARB gap=50.7bps profit=$0.010 net=$-0.002"}
{"level":30,"time":1790807656123,"pid":20658,"hostname":"vm","msg":"  ARB>USDC.e@UniswapV3/500 USDC.e>ARB@PancakeV3/100 in=25.51 ARB gap=32bps profit=$0.007 net=$-0.004"}
{"level":30,"time":1790807656123,"pid":20658,"hostname":"vm","msg":"  ARB>USDC@PancakeV3/500 USDC>ARB@PancakeV3/100 in=10.05 ARB gap=41.5bps profit=$0.004 net=$-0.008"}
{"level":30,"time":1790807656123,"pid":20658,"hostname":"vm","msg":"  ARB>WETH@UniswapV3/500 WETH>ARB@SushiV2 in=34.15 ARB gap=44.5bps profit=$0.003 net=$-0.005"}
{"level":30,"time":1790807656933,"pid":20658,"hostname":"vm","block":510479057,"gross":232,"net":2,"sumNetUsd":0.001,"gasPriceGwei":0.020298,"txCostUsd":0.0136,"syncMs":317,"searchMs":184,"msg":"block scanned"}
{"level":30,"time":1790807656933,"pid":20658,"hostname":"vm","msg":"  ARB>USDC@PancakeV3/500 USDC>ARB@UniswapV3/100 in=23.81 ARB gap=54.4bps profit=$0.012 net=$0.000"}
{"level":30,"time":1790807656933,"pid":20658,"hostname":"vm","msg":"  ARB>USDC@UniswapV3/500 USDC>ARB@UniswapV3/100 in=21.18 ARB gap=50.7bps profit=$0.010 net=$-0.002"}
{"level":30,"time":1790807656933,"pid":20658,"hostname":"vm","msg":"  ARB>USDC.e@UniswapV3/500 USDC.e>ARB@PancakeV3/100 in=25.51 ARB gap=32bps profit=$0.007 net=$-0.004"}
{"level":30,"time":1790807656933,"pid":20658,"hostname":"vm","msg":"  ARB>USDC@PancakeV3/500 USDC>ARB@PancakeV3/100 in=10.05 ARB gap=41.5bps profit=$0.004 net=$-0.008"}
{"level":30,"time":1790807656933,"pid":20658,"hostname":"vm","msg":"  ARB>WETH@UniswapV3/500 WETH>ARB@SushiV2 in=34.15 ARB gap=44.5bps profit=$0.003 net=$-0.005"}
{"level":30,"time":1790807657344,"pid":20658,"hostname":"vm","block":510479058,"gross":232,"net":2,"sumNetUsd":0.001,"gasPriceGwei":0.02004,"txCostUsd":0.0135,"syncMs":153,"searchMs":161,"msg":"block scanned"}
{"level":30,"time":1790807657344,"pid":20658,"hostname":"vm","msg":"  ARB>USDC@PancakeV3/500 USDC>ARB@UniswapV3/100 in=23.81 ARB gap=54.4bps profit=$0.012 net=$0.001"}
{"level":30,"time":1790807657344,"pid":20658,"hostname":"vm","msg":"  ARB>USDC@UniswapV3/500 USDC>ARB@UniswapV3/100 in=21.18 ARB gap=50.7bps profit=$0.010 net=$-0.001"}
{"level":30,"time":1790807657344,"pid":20658,"hostname":"vm","msg":"  ARB>USDC.e@UniswapV3/500 USDC.e>ARB@PancakeV3/100 in=25.51 ARB gap=32bps profit=$0.007 net=$-0.004"}
{"level":30,"time":1790807657344,"pid":20658,"hostname":"vm","msg":"  ARB>USDC@PancakeV3/500 USDC>ARB@PancakeV3/100 in=10.05 ARB gap=41.5bps profit=$0.004 net=$-0.007"}
{"level":30,"time":1790807657344,"pid":20658,"hostname":"vm","msg":"  ARB>WETH@UniswapV3/500 WETH>ARB@SushiV2 in=34.15 ARB gap=44.5bps profit=$0.003 net=$-0.005"}
{"level":30,"time":1790807657959,"pid":20658,"hostname":"vm","block":510479060,"gross":232,"net":2,"sumNetUsd":0.001,"gasPriceGwei":0.020004,"txCostUsd":0.0134,"syncMs":141,"searchMs":166,"msg":"block scanned"}
{"level":30,"time":1790807657959,"pid":20658,"hostname":"vm","msg":"  ARB>USDC@PancakeV3/500 USDC>ARB@UniswapV3/100 in=23.81 ARB gap=54.4bps profit=$0.012 net=$0.001"}
{"level":30,"time":1790807657959,"pid":20658,"hostname":"vm","msg":"  ARB>USDC@UniswapV3/500 USDC>ARB@UniswapV3/100 in=21.18 ARB gap=50.7bps profit=$0.010 net=$-0.001"}
{"level":30,"time":1790807657959,"pid":20658,"hostname":"vm","msg":"  ARB>USDC.e@UniswapV3/500 USDC.e>ARB@PancakeV3/100 in=25.51 ARB gap=32bps profit=$0.007 net=$-0.004"}
{"level":30,"time":1790807657959,"pid":20658,"hostname":"vm","msg":"  ARB>USDC@PancakeV3/500 USDC>ARB@PancakeV3/100 in=10.05 ARB gap=41.5bps profit=$0.004 net=$-0.007"}
{"level":30,"time":1790807657959,"pid":20658,"hostname":"vm","msg":"  ARB>WETH@UniswapV3/500 WETH>ARB@SushiV2 in=34.15 ARB gap=44.5bps profit=$0.003 net=$-0.005"}
{"level":30,"time":1790807658558,"pid":20658,"hostname":"vm","block":510479063,"gross":232,"net":2,"sumNetUsd":0.001,"gasPriceGwei":0.020024,"txCostUsd":0.0135,"syncMs":129,"searchMs":167,"msg":"block scanned"}
{"level":30,"time":1790807658558,"pid":20658,"hostname":"vm","msg":"  ARB>USDC@PancakeV3/500 USDC>ARB@UniswapV3/100 in=23.81 ARB gap=54.4bps profit=$0.012 net=$0.001"}
{"level":30,"time":1790807658558,"pid":20658,"hostname":"vm","msg":"  ARB>USDC@UniswapV3/500 USDC>ARB@UniswapV3/100 in=21.18 ARB gap=50.7bps profit=$0.010 net=$-0.001"}
{"level":30,"time":1790807658558,"pid":20658,"hostname":"vm","msg":"  ARB>USDC.e@UniswapV3/500 USDC.e>ARB@PancakeV3/100 in=25.51 ARB gap=32bps profit=$0.007 net=$-0.004"}
{"level":30,"time":1790807658558,"pid":20658,"hostname":"vm","msg":"  ARB>USDC@PancakeV3/500 USDC>ARB@PancakeV3/100 in=10.05 ARB gap=41.5bps profit=$0.004 net=$-0.007"}
{"level":30,"time":1790807658558,"pid":20658,"hostname":"vm","msg":"  ARB>WETH@UniswapV3/500 WETH>ARB@SushiV2 in=34.15 ARB gap=44.5bps profit=$0.003 net=$-0.005"}
{"level":30,"time":1790807659151,"pid":20658,"hostname":"vm","block":510479065,"gross":232,"net":2,"sumNetUsd":0.001,"gasPriceGwei":0.020052,"txCostUsd":0.0135,"syncMs":132,"searchMs":158,"msg":"block scanned"}
{"level":30,"time":1790807659151,"pid":20658,"hostname":"vm","msg":"  ARB>USDC@PancakeV3/500 USDC>ARB@UniswapV3/100 in=23.81 ARB gap=54.4bps profit=$0.012 net=$0.001"}
{"level":30,"time":1790807659151,"pid":20658,"hostname":"vm","msg":"  ARB>USDC@UniswapV3/500 USDC>ARB@UniswapV3/100 in=21.18 ARB gap=50.7bps profit=$0.010 net=$-0.001"}
{"level":30,"time":1790807659151,"pid":20658,"hostname":"vm","msg":"  ARB>USDC.e@UniswapV3/500 USDC.e>ARB@PancakeV3/100 in=25.51 ARB gap=32bps profit=$0.007 net=$-0.004"}
{"level":30,"time":1790807659151,"pid":20658,"hostname":"vm","msg":"  ARB>USDC@PancakeV3/500 USDC>ARB@PancakeV3/100 in=10.05 ARB gap=41.5bps profit=$0.004 net=$-0.007"}
{"level":30,"time":1790807659151,"pid":20658,"hostname":"vm","msg":"  ARB>WETH@UniswapV3/500 WETH>ARB@SushiV2 in=34.15 ARB gap=44.5bps profit=$0.003 net=$-0.005"}
{"level":30,"time":1790807659752,"pid":20658,"hostname":"vm","block":510479067,"gross":232,"net":2,"sumNetUsd":0.001,"gasPriceGwei":0.020004,"txCostUsd":0.0134,"syncMs":136,"searchMs":162,"msg":"block scanned"}
{"level":30,"time":1790807659752,"pid":20658,"hostname":"vm","msg":"  ARB>USDC@PancakeV3/500 USDC>ARB@UniswapV3/100 in=23.81 ARB gap=54.4bps profit=$0.012 net=$0.001"}
{"level":30,"time":1790807659752,"pid":20658,"hostname":"vm","msg":"  ARB>USDC@UniswapV3/500 USDC>ARB@UniswapV3/100 in=21.18 ARB gap=50.7bps profit=$0.010 net=$-0.001"}
{"level":30,"time":1790807659752,"pid":20658,"hostname":"vm","msg":"  ARB>USDC.e@UniswapV3/500 USDC.e>ARB@PancakeV3/100 in=25.51 ARB gap=32bps profit=$0.007 net=$-0.004"}
{"level":30,"time":1790807659752,"pid":20658,"hostname":"vm","msg":"  ARB>USDC@PancakeV3/500 USDC>ARB@PancakeV3/100 in=10.05 ARB gap=41.5bps profit=$0.004 net=$-0.007"}
{"level":30,"time":1790807659752,"pid":20658,"hostname":"vm","msg":"  ARB>WETH@UniswapV3/500 WETH>ARB@SushiV2 in=34.15 ARB gap=44.5bps profit=$0.003 net=$-0.005"}
{"level":30,"time":1790807660394,"pid":20658,"hostname":"vm","block":510479070,"gross":232,"net":2,"sumNetUsd":0.001,"gasPriceGwei":0.020012,"txCostUsd":0.0134,"syncMs":154,"searchMs":175,"msg":"block scanned"}
{"level":30,"time":1790807660394,"pid":20658,"hostname":"vm","msg":"  ARB>USDC@PancakeV3/500 USDC>ARB@UniswapV3/100 in=23.81 ARB gap=54.4bps profit=$0.012 net=$0.001"}
{"level":30,"time":1790807660394,"pid":20658,"hostname":"vm","msg":"  ARB>USDC@UniswapV3/500 USDC>ARB@UniswapV3/100 in=21.18 ARB gap=50.7bps profit=$0.010 net=$-0.001"}
{"level":30,"time":1790807660394,"pid":20658,"hostname":"vm","msg":"  ARB>USDC.e@UniswapV3/500 USDC.e>ARB@PancakeV3/100 in=25.51 ARB gap=32bps profit=$0.007 net=$-0.004"}
{"level":30,"time":1790807660394,"pid":20658,"hostname":"vm","msg":"  ARB>USDC@PancakeV3/500 USDC>ARB@PancakeV3/100 in=10.05 ARB gap=41.5bps profit=$0.004 net=$-0.007"}
{"level":30,"time":1790807660394,"pid":20658,"hostname":"vm","msg":"  ARB>WETH@UniswapV3/500 WETH>ARB@SushiV2 in=34.15 ARB gap=44.5bps profit=$0.003 net=$-0.005"}
{"level":30,"time":1790807693191,"pid":20658,"hostname":"vm","block":510479071,"gross":232,"net":2,"sumNetUsd":0.001,"gasPriceGwei":0.020016,"txCostUsd":0.0134,"syncMs":32329,"searchMs":161,"msg":"block scanned"}
{"level":30,"time":1790807693191,"pid":20658,"hostname":"vm","msg":"  ARB>USDC@PancakeV3/500 USDC>ARB@UniswapV3/100 in=23.81 ARB gap=54.4bps profit=$0.012 net=$0.001"}
{"level":30,"time":1790807693191,"pid":20658,"hostname":"vm","msg":"  ARB>USDC@UniswapV3/500 USDC>ARB@UniswapV3/100 in=21.18 ARB gap=50.7bps profit=$0.010 net=$-0.001"}
{"level":30,"time":1790807693191,"pid":20658,"hostname":"vm","msg":"  ARB>USDC.e@UniswapV3/500 USDC.e>ARB@PancakeV3/100 in=25.51 ARB gap=32bps profit=$0.007 net=$-0.004"}
{"level":30,"time":1790807693191,"pid":20658,"hostname":"vm","msg":"  ARB>USDC@PancakeV3/500 USDC>ARB@PancakeV3/100 in=10.05 ARB gap=41.5bps profit=$0.004 net=$-0.007"}
{"level":30,"time":1790807693191,"pid":20658,"hostname":"vm","msg":"  ARB>WETH@UniswapV3/500 WETH>ARB@SushiV2 in=34.15 ARB gap=44.5bps profit=$0.003 net=$-0.005"}
{"level":30,"time":1790807693577,"pid":20658,"hostname":"vm","block":510479192,"gross":221,"net":0,"sumNetUsd":0,"gasPriceGwei":0.02003,"txCostUsd":0.0135,"syncMs":131,"searchMs":149,"msg":"block scanned"}
{"level":30,"time":1790807693577,"pid":20658,"hostname":"vm","msg":"  ARB>USDC@PancakeV3/500 USDC>ARB@PancakeV3/100 in=12.94 ARB gap=51.7bps profit=$0.006 net=$-0.005"}
{"level":30,"time":1790807693577,"pid":20658,"hostname":"vm","msg":"  ARB>USDC@UniswapV3/500 USDC>ARB@PancakeV3/100 in=12.41 ARB gap=50.8bps profit=$0.006 net=$-0.005"}
{"level":30,"time":1790807693577,"pid":20658,"hostname":"vm","msg":"  ARB>USDC.e@UniswapV3/500 USDC.e>ARB@SushiV2 in=9.656 ARB gap=88.5bps profit=$0.005 net=$-0.003"}
{"level":30,"time":1790807693577,"pid":20658,"hostname":"vm","msg":"  ARB>USDC.e@PancakeV3/100 USDC.e>ARB@SushiV2 in=7.936 ARB gap=82.8bps profit=$0.004 net=$-0.004"}
{"level":30,"time":1790807693577,"pid":20658,"hostname":"vm","msg":"  ARB>WETH@UniswapV3/500 WETH>ARB@SushiV3/500 in=12.15 ARB gap=43.1bps profit=$0.004 net=$-0.007"}
{"level":30,"time":1790807694175,"pid":20658,"hostname":"vm","block":510479194,"gross":219,"net":0,"sumNetUsd":0,"gasPriceGwei":0.020014,"txCostUsd":0.0134,"syncMs":139,"searchMs":154,"msg":"block scanned"}
{"level":30,"time":1790807694175,"pid":20658,"hostname":"vm","msg":"  ARB>USDC@PancakeV3/500 USDC>ARB@PancakeV3/100 in=12.94 ARB gap=51.7bps profit=$0.006 net=$-0.005"}
{"level":30,"time":1790807694175,"pid":20658,"hostname":"vm","msg":"  ARB>USDC@UniswapV3/500 USDC>ARB@PancakeV3/100 in=12.41 ARB gap=50.8bps profit=$0.006 net=$-0.005"}
{"level":30,"time":1790807694175,"pid":20658,"hostname":"vm","msg":"  ARB>USDC.e@UniswapV3/500 USDC.e>ARB@SushiV2 in=9.656 ARB gap=88.5bps profit=$0.005 net=$-0.003"}
{"level":30,"time":1790807694175,"pid":20658,"hostname":"vm","msg":"  ARB>USDC.e@PancakeV3/100 USDC.e>ARB@SushiV2 in=7.936 ARB gap=82.8bps profit=$0.004 net=$-0.004"}
{"level":30,"time":1790807694175,"pid":20658,"hostname":"vm","msg":"  ARB>WETH@UniswapV3/500 WETH>ARB@SushiV3/500 in=12.15 ARB gap=43.1bps profit=$0.004 net=$-0.007"}
{"level":30,"time":1790807694767,"pid":20658,"hostname":"vm","block":510479196,"gross":219,"net":0,"sumNetUsd":0,"gasPriceGwei":0.02,"txCostUsd":0.0134,"syncMs":129,"searchMs":152,"msg":"block scanned"}
{"level":30,"time":1790807694767,"pid":20658,"hostname":"vm","msg":"  ARB>USDC@PancakeV3/500 USDC>ARB@PancakeV3/100 in=12.94 ARB gap=51.7bps profit=$0.006 net=$-0.005"}
{"level":30,"time":1790807694767,"pid":20658,"hostname":"vm","msg":"  ARB>USDC@UniswapV3/500 USDC>ARB@PancakeV3/100 in=12.41 ARB gap=50.8bps profit=$0.006 net=$-0.005"}
{"level":30,"time":1790807694767,"pid":20658,"hostname":"vm","msg":"  ARB>USDC.e@UniswapV3/500 USDC.e>ARB@SushiV2 in=9.656 ARB gap=88.5bps profit=$0.005 net=$-0.003"}
{"level":30,"time":1790807694767,"pid":20658,"hostname":"vm","msg":"  ARB>USDC.e@PancakeV3/100 USDC.e>ARB@SushiV2 in=7.936 ARB gap=82.8bps profit=$0.004 net=$-0.004"}
{"level":30,"time":1790807694767,"pid":20658,"hostname":"vm","msg":"  ARB>WETH@UniswapV3/500 WETH>ARB@SushiV3/500 in=12.15 ARB gap=43.1bps profit=$0.004 net=$-0.007"}
{"level":30,"time":1790807695338,"pid":20658,"hostname":"vm","block":510479198,"gross":219,"net":0,"sumNetUsd":0,"gasPriceGwei":0.02001,"txCostUsd":0.0134,"syncMs":105,"searchMs":158,"msg":"block scanned"}
{"level":30,"time":1790807695338,"pid":20658,"hostname":"vm","msg":"  ARB>USDC@PancakeV3/500 USDC>ARB@PancakeV3/100 in=12.94 ARB gap=51.7bps profit=$0.006 net=$-0.005"}
{"level":30,"time":1790807695338,"pid":20658,"hostname":"vm","msg":"  ARB>USDC@UniswapV3/500 USDC>ARB@PancakeV3/100 in=12.41 ARB gap=50.8bps profit=$0.006 net=$-0.005"}
{"level":30,"time":1790807695338,"pid":20658,"hostname":"vm","msg":"  ARB>USDC.e@UniswapV3/500 USDC.e>ARB@SushiV2 in=9.656 ARB gap=88.5bps profit=$0.005 net=$-0.003"}
{"level":30,"time":1790807695338,"pid":20658,"hostname":"vm","msg":"  ARB>USDC.e@PancakeV3/100 USDC.e>ARB@SushiV2 in=7.936 ARB gap=82.8bps profit=$0.004 net=$-0.004"}
{"level":30,"time":1790807695338,"pid":20658,"hostname":"vm","msg":"  ARB>WETH@UniswapV3/500 WETH>ARB@SushiV3/500 in=12.15 ARB gap=43.1bps profit=$0.004 net=$-0.007"}
{"level":30,"time":1790807695925,"pid":20658,"hostname":"vm","block":510479199,"gross":219,"net":0,"sumNetUsd":0,"gasPriceGwei":0.02001,"txCostUsd":0.0134,"syncMs":133,"searchMs":150,"msg":"block scanned"}
{"level":30,"time":1790807695925,"pid":20658,"hostname":"vm","msg":"  ARB>USDC@PancakeV3/500 USDC>ARB@PancakeV3/100 in=12.94 ARB gap=51.7bps profit=$0.006 net=$-0.005"}
{"level":30,"time":1790807695925,"pid":20658,"hostname":"vm","msg":"  ARB>USDC@UniswapV3/500 USDC>ARB@PancakeV3/100 in=12.41 ARB gap=50.8bps profit=$0.006 net=$-0.005"}
{"level":30,"time":1790807695925,"pid":20658,"hostname":"vm","msg":"  ARB>USDC.e@UniswapV3/500 USDC.e>ARB@SushiV2 in=9.656 ARB gap=88.5bps profit=$0.005 net=$-0.003"}
{"level":30,"time":1790807695925,"pid":20658,"hostname":"vm","msg":"  ARB>USDC.e@PancakeV3/100 USDC.e>ARB@SushiV2 in=7.936 ARB gap=82.8bps profit=$0.004 net=$-0.004"}
{"level":30,"time":1790807695925,"pid":20658,"hostname":"vm","msg":"  ARB>WETH@UniswapV3/500 WETH>ARB@SushiV3/500 in=12.15 ARB gap=43.1bps profit=$0.004 net=$-0.007"}
{"level":30,"time":1790807696531,"pid":20658,"hostname":"vm","block":510479200,"gross":219,"net":0,"sumNetUsd":0,"gasPriceGwei":0.020006,"txCostUsd":0.0134,"syncMs":151,"searchMs":151,"msg":"block scanned"}
{"level":30,"time":1790807696531,"pid":20658,"hostname":"vm","msg":"  ARB>USDC@PancakeV3/500 USDC>ARB@PancakeV3/100 in=12.94 ARB gap=51.7bps profit=$0.006 net=$-0.005"}
{"level":30,"time":1790807696531,"pid":20658,"hostname":"vm","msg":"  ARB>USDC@UniswapV3/500 USDC>ARB@PancakeV3/100 in=12.41 ARB gap=50.8bps profit=$0.006 net=$-0.005"}
{"level":30,"time":1790807696531,"pid":20658,"hostname":"vm","msg":"  ARB>USDC.e@UniswapV3/500 USDC.e>ARB@SushiV2 in=9.656 ARB gap=88.5bps profit=$0.005 net=$-0.003"}
{"level":30,"time":1790807696531,"pid":20658,"hostname":"vm","msg":"  ARB>USDC.e@PancakeV3/100 USDC.e>ARB@SushiV2 in=7.936 ARB gap=82.8bps profit=$0.004 net=$-0.004"}
{"level":30,"time":1790807696531,"pid":20658,"hostname":"vm","msg":"  ARB>WETH@UniswapV3/500 WETH>ARB@SushiV3/500 in=12.15 ARB gap=43.1bps profit=$0.004 net=$-0.007"}
{"level":30,"time":1790807697134,"pid":20658,"hostname":"vm","block":510479202,"gross":219,"net":0,"sumNetUsd":0,"gasPriceGwei":0.020016,"txCostUsd":0.0134,"syncMs":132,"searchMs":159,"msg":"block scanned"}
{"level":30,"time":1790807697134,"pid":20658,"hostname":"vm","msg":"  ARB>USDC@PancakeV3/500 USDC>ARB@PancakeV3/100 in=12.94 ARB gap=51.7bps profit=$0.006 net=$-0.005"}
{"level":30,"time":1790807697134,"pid":20658,"hostname":"vm","msg":"  ARB>USDC@UniswapV3/500 USDC>ARB@PancakeV3/100 in=12.41 ARB gap=50.8bps profit=$0.006 net=$-0.005"}
{"level":30,"time":1790807697134,"pid":20658,"hostname":"vm","msg":"  ARB>USDC.e@UniswapV3/500 USDC.e>ARB@SushiV2 in=9.656 ARB gap=88.5bps profit=$0.005 net=$-0.003"}
{"level":30,"time":1790807697134,"pid":20658,"hostname":"vm","msg":"  ARB>USDC.e@PancakeV3/100 USDC.e>ARB@SushiV2 in=7.936 ARB gap=82.8bps profit=$0.004 net=$-0.004"}
{"level":30,"time":1790807697134,"pid":20658,"hostname":"vm","msg":"  ARB>WETH@UniswapV3/500 WETH>ARB@SushiV3/500 in=12.15 ARB gap=43.1bps profit=$0.004 net=$-0.007"}
{"level":30,"time":1790807697767,"pid":20658,"hostname":"vm","block":510479203,"gross":219,"net":0,"sumNetUsd":0,"gasPriceGwei":0.02,"txCostUsd":0.0134,"syncMs":148,"searchMs":180,"msg":"block scanned"}
{"level":30,"time":1790807697767,"pid":20658,"hostname":"vm","msg":"  ARB>USDC@PancakeV3/500 USDC>ARB@PancakeV3/100 in=12.94 ARB gap=51.7bps profit=$0.006 net=$-0.005"}
{"level":30,"time":1790807697767,"pid":20658,"hostname":"vm","msg":"  ARB>USDC@UniswapV3/500 USDC>ARB@PancakeV3/100 in=12.41 ARB gap=50.8bps profit=$0.006 net=$-0.005"}
{"level":30,"time":1790807697767,"pid":20658,"hostname":"vm","msg":"  ARB>USDC.e@UniswapV3/500 USDC.e>ARB@SushiV2 in=9.656 ARB gap=88.5bps profit=$0.005 net=$-0.003"}
{"level":30,"time":1790807697767,"pid":20658,"hostname":"vm","msg":"  ARB>USDC.e@PancakeV3/100 USDC.e>ARB@SushiV2 in=7.936 ARB gap=82.8bps profit=$0.004 net=$-0.004"}
{"level":30,"time":1790807697767,"pid":20658,"hostname":"vm","msg":"  ARB>WETH@UniswapV3/500 WETH>ARB@SushiV3/500 in=12.15 ARB gap=43.1bps profit=$0.004 net=$-0.007"}
{"level":30,"time":1790807698366,"pid":20658,"hostname":"vm","block":510479206,"gross":219,"net":0,"sumNetUsd":0,"gasPriceGwei":0.020066,"txCostUsd":0.0135,"syncMs":132,"searchMs":156,"msg":"block scanned"}
{"level":30,"time":1790807698366,"pid":20658,"hostname":"vm","msg":"  ARB>USDC@PancakeV3/500 USDC>ARB@PancakeV3/100 in=12.94 ARB gap=51.7bps profit=$0.006 net=$-0.005"}
{"level":30,"time":1790807698366,"pid":20658,"hostname":"vm","msg":"  ARB>USDC@UniswapV3/500 USDC>ARB@PancakeV3/100 in=12.41 ARB gap=50.8bps profit=$0.006 net=$-0.005"}
{"level":30,"time":1790807698366,"pid":20658,"hostname":"vm","msg":"  ARB>USDC.e@UniswapV3/500 USDC.e>ARB@SushiV2 in=9.656 ARB gap=88.5bps profit=$0.005 net=$-0.003"}
{"level":30,"time":1790807698366,"pid":20658,"hostname":"vm","msg":"  ARB>USDC.e@PancakeV3/100 USDC.e>ARB@SushiV2 in=7.936 ARB gap=82.8bps profit=$0.004 net=$-0.004"}
{"level":30,"time":1790807698366,"pid":20658,"hostname":"vm","msg":"  ARB>WETH@UniswapV3/500 WETH>ARB@SushiV3/500 in=12.15 ARB gap=43.1bps profit=$0.004 net=$-0.007"}
{"level":30,"time":1790807698976,"pid":20658,"hostname":"vm","block":510479208,"gross":219,"net":0,"sumNetUsd":0,"gasPriceGwei":0.02,"txCostUsd":0.0134,"syncMs":153,"searchMs":151,"msg":"block scanned"}
{"level":30,"time":1790807698976,"pid":20658,"hostname":"vm","msg":"  ARB>USDC@PancakeV3/500 USDC>ARB@PancakeV3/100 in=12.94 ARB gap=51.7bps profit=$0.006 net=$-0.005"}
{"level":30,"time":1790807698976,"pid":20658,"hostname":"vm","msg":"  ARB>USDC@UniswapV3/500 USDC>ARB@PancakeV3/100 in=12.41 ARB gap=50.8bps profit=$0.006 net=$-0.005"}
{"level":30,"time":1790807698976,"pid":20658,"hostname":"vm","msg":"  ARB>USDC.e@UniswapV3/500 USDC.e>ARB@SushiV2 in=9.656 ARB gap=88.5bps profit=$0.005 net=$-0.003"}
{"level":30,"time":1790807698976,"pid":20658,"hostname":"vm","msg":"  ARB>USDC.e@PancakeV3/100 USDC.e>ARB@SushiV2 in=7.936 ARB gap=82.8bps profit=$0.004 net=$-0.004"}
{"level":30,"time":1790807698976,"pid":20658,"hostname":"vm","msg":"  ARB>WETH@UniswapV3/500 WETH>ARB@SushiV3/500 in=12.15 ARB gap=43.1bps profit=$0.004 net=$-0.007"}
{"level":30,"time":1790807699581,"pid":20658,"hostname":"vm","block":510479209,"gross":219,"net":0,"sumNetUsd":0,"gasPriceGwei":0.02,"txCostUsd":0.0134,"syncMs":135,"searchMs":168,"msg":"block scanned"}
{"level":30,"time":1790807699581,"pid":20658,"hostname":"vm","msg":"  ARB>USDC@PancakeV3/500 USDC>ARB@PancakeV3/100 in=12.94 ARB gap=51.7bps profit=$0.006 net=$-0.005"}
{"level":30,"time":1790807699581,"pid":20658,"hostname":"vm","msg":"  ARB>USDC@UniswapV3/500 USDC>ARB@PancakeV3/100 in=12.41 ARB gap=50.8bps profit=$0.006 net=$-0.005"}
{"level":30,"time":1790807699581,"pid":20658,"hostname":"vm","msg":"  ARB>USDC.e@UniswapV3/500 USDC.e>ARB@SushiV2 in=9.656 ARB gap=88.5bps profit=$0.005 net=$-0.003"}
{"level":30,"time":1790807699581,"pid":20658,"hostname":"vm","msg":"  ARB>USDC.e@PancakeV3/100 USDC.e>ARB@SushiV2 in=7.936 ARB gap=82.8bps profit=$0.004 net=$-0.004"}
{"level":30,"time":1790807699581,"pid":20658,"hostname":"vm","msg":"  ARB>WETH@UniswapV3/500 WETH>ARB@SushiV3/500 in=12.15 ARB gap=43.1bps profit=$0.004 net=$-0.007"}
{"level":30,"time":1790807700185,"pid":20658,"hostname":"vm","block":510479212,"gross":219,"net":0,"sumNetUsd":0,"gasPriceGwei":0.02005,"txCostUsd":0.0135,"syncMs":131,"searchMs":162,"msg":"block scanned"}
{"level":30,"time":1790807700185,"pid":20658,"hostname":"vm","msg":"  ARB>USDC@PancakeV3/500 USDC>ARB@PancakeV3/100 in=12.94 ARB gap=51.7bps profit=$0.006 net=$-0.005"}
{"level":30,"time":1790807700185,"pid":20658,"hostname":"vm","msg":"  ARB>USDC@UniswapV3/500 USDC>ARB@PancakeV3/100 in=12.41 ARB gap=50.8bps profit=$0.006 net=$-0.005"}
{"level":30,"time":1790807700185,"pid":20658,"hostname":"vm","msg":"  ARB>USDC.e@UniswapV3/500 USDC.e>ARB@SushiV2 in=9.656 ARB gap=88.5bps profit=$0.005 net=$-0.003"}
{"level":30,"time":1790807700185,"pid":20658,"hostname":"vm","msg":"  ARB>USDC.e@PancakeV3/100 USDC.e>ARB@SushiV2 in=7.936 ARB gap=82.8bps profit=$0.004 net=$-0.004"}
{"level":30,"time":1790807700185,"pid":20658,"hostname":"vm","msg":"  ARB>WETH@UniswapV3/500 WETH>ARB@SushiV3/500 in=12.15 ARB gap=43.1bps profit=$0.004 net=$-0.007"}
{"level":30,"time":1790807700798,"pid":20658,"hostname":"vm","block":510479214,"gross":218,"net":0,"sumNetUsd":0,"gasPriceGwei":0.02,"txCostUsd":0.0134,"syncMs":127,"searchMs":173,"msg":"block scanned"}
{"level":30,"time":1790807700799,"pid":20658,"hostname":"vm","msg":"  ARB>USDC@PancakeV3/500 USDC>ARB@PancakeV3/100 in=12.94 ARB gap=51.7bps profit=$0.006 net=$-0.005"}
{"level":30,"time":1790807700799,"pid":20658,"hostname":"vm","msg":"  ARB>USDC@UniswapV3/500 USDC>ARB@PancakeV3/100 in=12.41 ARB gap=50.8bps profit=$0.006 net=$-0.005"}
{"level":30,"time":1790807700799,"pid":20658,"hostname":"vm","msg":"  ARB>USDC.e@UniswapV3/500 USDC.e>ARB@SushiV2 in=9.656 ARB gap=88.5bps profit=$0.005 net=$-0.003"}
{"level":30,"time":1790807700799,"pid":20658,"hostname":"vm","msg":"  ARB>USDC.e@PancakeV3/100 USDC.e>ARB@SushiV2 in=7.936 ARB gap=82.8bps profit=$0.004 net=$-0.004"}
{"level":30,"time":1790807700799,"pid":20658,"hostname":"vm","msg":"  ARB>WETH@UniswapV3/500 WETH>ARB@SushiV3/500 in=12.15 ARB gap=43.1bps profit=$0.004 net=$-0.007"}
{"level":30,"time":1790807701445,"pid":20658,"hostname":"vm","block":510479216,"gross":218,"net":0,"sumNetUsd":0,"gasPriceGwei":0.020134,"txCostUsd":0.0135,"syncMs":163,"searchMs":169,"msg":"block scanned"}
{"level":30,"time":1790807701445,"pid":20658,"hostname":"vm","msg":"  ARB>USDC@PancakeV3/500 USDC>ARB@PancakeV3/100 in=12.94 ARB gap=51.7bps profit=$0.006 net=$-0.005"}
{"level":30,"time":1790807701445,"pid":20658,"hostname":"vm","msg":"  ARB>USDC@UniswapV3/500 USDC>ARB@PancakeV3/100 in=12.41 ARB gap=50.8bps profit=$0.006 net=$-0.005"}
{"level":30,"time":1790807701445,"pid":20658,"hostname":"vm","msg":"  ARB>USDC.e@UniswapV3/500 USDC.e>ARB@SushiV2 in=9.656 ARB gap=88.5bps profit=$0.005 net=$-0.003"}
{"level":30,"time":1790807701445,"pid":20658,"hostname":"vm","msg":"  ARB>WETH@UniswapV3/500 WETH>ARB@SushiV3/500 in=12.33 ARB gap=43.5bps profit=$0.004 net=$-0.007"}
{"level":30,"time":1790807701445,"pid":20658,"hostname":"vm","msg":"  ARB>USDC.e@PancakeV3/100 USDC.e>ARB@SushiV2 in=7.936 ARB gap=82.8bps profit=$0.004 net=$-0.004"}
{"level":30,"time":1790807738102,"pid":20658,"hostname":"vm","block":510479219,"gross":218,"net":0,"sumNetUsd":0,"gasPriceGwei":0.020252,"txCostUsd":0.0136,"syncMs":36195,"searchMs":158,"msg":"block scanned"}
{"level":30,"time":1790807738102,"pid":20658,"hostname":"vm","msg":"  ARB>USDC@PancakeV3/500 USDC>ARB@PancakeV3/100 in=12.94 ARB gap=51.7bps profit=$0.006 net=$-0.005"}
{"level":30,"time":1790807738102,"pid":20658,"hostname":"vm","msg":"  ARB>USDC@UniswapV3/500 USDC>ARB@PancakeV3/100 in=12.41 ARB gap=50.8bps profit=$0.006 net=$-0.006"}
{"level":30,"time":1790807738102,"pid":20658,"hostname":"vm","msg":"  ARB>USDC.e@UniswapV3/500 USDC.e>ARB@SushiV2 in=9.656 ARB gap=88.5bps profit=$0.005 net=$-0.003"}
{"level":30,"time":1790807738102,"pid":20658,"hostname":"vm","msg":"  ARB>WETH@UniswapV3/500 WETH>ARB@SushiV3/500 in=12.38 ARB gap=43.7bps profit=$0.004 net=$-0.007"}
{"level":30,"time":1790807738102,"pid":20658,"hostname":"vm","msg":"  ARB>USDC.e@PancakeV3/100 USDC.e>ARB@SushiV2 in=7.936 ARB gap=82.8bps profit=$0.004 net=$-0.005"}
{"level":30,"time":1790807738535,"pid":20658,"hostname":"vm","block":510479347,"gross":228,"net":0,"sumNetUsd":0,"gasPriceGwei":0.020376,"txCostUsd":0.0137,"syncMs":141,"searchMs":182,"msg":"block scanned"}
{"level":30,"time":1790807738535,"pid":20658,"hostname":"vm","msg":"  ARB>USDC@PancakeV3/500 USDC>ARB@PancakeV3/100 in=13.81 ARB gap=54.8bps profit=$0.007 net=$-0.004"}
{"level":30,"time":1790807738535,"pid":20658,"hostname":"vm","msg":"  ARB>USDC.e@UniswapV3/500 USDC.e>ARB@SushiV2 in=10.51 ARB gap=93.3bps profit=$0.006 net=$-0.003"}
{"level":30,"time":1790807738535,"pid":20658,"hostname":"vm","msg":"  ARB>USDC@UniswapV3/500 USDC>ARB@PancakeV3/100 in=12.41 ARB gap=50.8bps profit=$0.006 net=$-0.006"}
{"level":30,"time":1790807738535,"pid":20658,"hostname":"vm","msg":"  ARB>WETH@UniswapV3/500 WETH>ARB@SushiV3/500 in=13.68 ARB gap=47.2bps profit=$0.005 net=$-0.006"}
{"level":30,"time":1790807738535,"pid":20658,"hostname":"vm","msg":"  ARB>USDC.e@UniswapV3/500 USDC.e>ARB@PancakeV3/500 in=30.61 ARB gap=26.2bps profit=$0.005 net=$-0.006"}
{"level":30,"time":1790807739143,"pid":20658,"hostname":"vm","block":510479349,"gross":228,"net":0,"sumNetUsd":0,"gasPriceGwei":0.020006,"txCostUsd":0.0134,"syncMs":155,"searchMs":152,"msg":"block scanned"}
{"level":30,"time":1790807739143,"pid":20658,"hostname":"vm","msg":"  ARB>USDC@PancakeV3/500 USDC>ARB@PancakeV3/100 in=13.81 ARB gap=54.8bps profit=$0.007 net=$-0.004"}
{"level":30,"time":1790807739143,"pid":20658,"hostname":"vm","msg":"  ARB>USDC.e@UniswapV3/500 USDC.e>ARB@SushiV2 in=10.51 ARB gap=93.3bps profit=$0.006 net=$-0.002"}
{"level":30,"time":1790807739143,"pid":20658,"hostname":"vm","msg":"  ARB>USDC@UniswapV3/500 USDC>ARB@PancakeV3/100 in=12.41 ARB gap=50.8bps profit=$0.006 net=$-0.005"}
{"level":30,"time":1790807739143,"pid":20658,"hostname":"vm","msg":"  ARB>WETH@UniswapV3/500 WETH>ARB@SushiV3/500 in=13.68 ARB gap=47.2bps profit=$0.005 net=$-0.006"}
{"level":30,"time":1790807739143,"pid":20658,"hostname":"vm","msg":"  ARB>USDC.e@UniswapV3/500 USDC.e>ARB@PancakeV3/500 in=30.61 ARB gap=26.2bps profit=$0.005 net=$-0.006"}
{"level":30,"time":1790807739758,"pid":20658,"hostname":"vm","block":510479351,"gross":228,"net":0,"sumNetUsd":0,"gasPriceGwei":0.020092,"txCostUsd":0.0135,"syncMs":152,"searchMs":154,"msg":"block scanned"}
{"level":30,"time":1790807739758,"pid":20658,"hostname":"vm","msg":"  ARB>USDC@PancakeV3/500 USDC>ARB@PancakeV3/100 in=13.81 ARB gap=54.8bps profit=$0.007 net=$-0.004"}
{"level":30,"time":1790807739759,"pid":20658,"hostname":"vm","msg":"  ARB>USDC.e@UniswapV3/500 USDC.e>ARB@SushiV2 in=10.51 ARB gap=93.3bps profit=$0.006 net=$-0.002"}
{"level":30,"time":1790807739759,"pid":20658,"hostname":"vm","msg":"  ARB>USDC@UniswapV3/500 USDC>ARB@PancakeV3/100 in=12.41 ARB gap=50.8bps profit=$0.006 net=$-0.005"}
{"level":30,"time":1790807739759,"pid":20658,"hostname":"vm","msg":"  ARB>WETH@UniswapV3/500 WETH>ARB@SushiV3/500 in=13.68 ARB gap=47.2bps profit=$0.005 net=$-0.006"}
{"level":30,"time":1790807739759,"pid":20658,"hostname":"vm","msg":"  ARB>USDC.e@UniswapV3/500 USDC.e>ARB@PancakeV3/500 in=30.61 ARB gap=26.2bps profit=$0.005 net=$-0.006"}
{"level":30,"time":1790807740480,"pid":20658,"hostname":"vm","block":510479353,"gross":228,"net":0,"sumNetUsd":0,"gasPriceGwei":0.020132,"txCostUsd":0.0135,"syncMs":173,"searchMs":227,"msg":"block scanned"}
{"level":30,"time":1790807740480,"pid":20658,"hostname":"vm","msg":"  ARB>USDC@PancakeV3/500 USDC>ARB@PancakeV3/100 in=13.81 ARB gap=54.8bps profit=$0.007 net=$-0.004"}
{"level":30,"time":1790807740480,"pid":20658,"hostname":"vm","msg":"  ARB>USDC.e@UniswapV3/500 USDC.e>ARB@SushiV2 in=10.51 ARB gap=93.3bps profit=$0.006 net=$-0.002"}
{"level":30,"time":1790807740480,"pid":20658,"hostname":"vm","msg":"  ARB>USDC@UniswapV3/500 USDC>ARB@PancakeV3/100 in=12.41 ARB gap=50.8bps profit=$0.006 net=$-0.005"}
{"level":30,"time":1790807740480,"pid":20658,"hostname":"vm","msg":"  ARB>WETH@UniswapV3/500 WETH>ARB@SushiV3/500 in=13.68 ARB gap=47.2bps profit=$0.005 net=$-0.006"}
{"level":30,"time":1790807740480,"pid":20658,"hostname":"vm","msg":"  ARB>USDC.e@UniswapV3/500 USDC.e>ARB@PancakeV3/500 in=30.61 ARB gap=26.2bps profit=$0.005 net=$-0.006"}
{"level":30,"time":1790807740984,"pid":20658,"hostname":"vm","block":510479356,"gross":228,"net":0,"sumNetUsd":0,"gasPriceGwei":0.020094,"txCostUsd":0.0135,"syncMs":143,"searchMs":154,"msg":"block scanned"}
{"level":30,"time":1790807740984,"pid":20658,"hostname":"vm","msg":"  ARB>USDC@PancakeV3/500 USDC>ARB@PancakeV3/100 in=13.81 ARB gap=54.8bps profit=$0.007 net=$-0.004"}
{"level":30,"time":1790807740984,"pid":20658,"hostname":"vm","msg":"  ARB>USDC.e@UniswapV3/500 USDC.e>ARB@SushiV2 in=10.51 ARB gap=93.3bps profit=$0.006 net=$-0.002"}
{"level":30,"time":1790807740984,"pid":20658,"hostname":"vm","msg":"  ARB>USDC@UniswapV3/500 USDC>ARB@PancakeV3/100 in=12.41 ARB gap=50.8bps profit=$0.006 net=$-0.005"}
{"level":30,"time":1790807740984,"pid":20658,"hostname":"vm","msg":"  ARB>WETH@UniswapV3/500 WETH>ARB@SushiV3/500 in=13.68 ARB gap=47.2bps profit=$0.005 net=$-0.006"}
{"level":30,"time":1790807740984,"pid":20658,"hostname":"vm","msg":"  ARB>USDC.e@UniswapV3/500 USDC.e>ARB@PancakeV3/500 in=30.61 ARB gap=26.2bps profit=$0.005 net=$-0.006"}
{"level":30,"time":1790807741594,"pid":20658,"hostname":"vm","block":510479358,"gross":228,"net":0,"sumNetUsd":0,"gasPriceGwei":0.02,"txCostUsd":0.0134,"syncMs":148,"searchMs":151,"msg":"block scanned"}
{"level":30,"time":1790807741594,"pid":20658,"hostname":"vm","msg":"  ARB>USDC@PancakeV3/500 USDC>ARB@PancakeV3/100 in=13.81 ARB gap=54.8bps profit=$0.007 net=$-0.004"}
{"level":30,"time":1790807741594,"pid":20658,"hostname":"vm","msg":"  ARB>USDC.e@UniswapV3/500 USDC.e>ARB@SushiV2 in=10.51 ARB gap=93.3bps profit=$0.006 net=$-0.002"}
{"level":30,"time":1790807741594,"pid":20658,"hostname":"vm","msg":"  ARB>USDC@UniswapV3/500 USDC>ARB@PancakeV3/100 in=12.41 ARB gap=50.8bps profit=$0.006 net=$-0.005"}
{"level":30,"time":1790807741594,"pid":20658,"hostname":"vm","msg":"  ARB>WETH@UniswapV3/500 WETH>ARB@SushiV3/500 in=13.68 ARB gap=47.2bps profit=$0.005 net=$-0.006"}
{"level":30,"time":1790807741594,"pid":20658,"hostname":"vm","msg":"  ARB>USDC.e@UniswapV3/500 USDC.e>ARB@PancakeV3/500 in=30.61 ARB gap=26.2bps profit=$0.005 net=$-0.006"}
{"level":30,"time":1790807742212,"pid":20658,"hostname":"vm","block":510479360,"gross":228,"net":0,"sumNetUsd":0,"gasPriceGwei":0.02002,"txCostUsd":0.0135,"syncMs":139,"searchMs":172,"msg":"block scanned"}
{"level":30,"time":1790807742212,"pid":20658,"hostname":"vm","msg":"  ARB>USDC@PancakeV3/500 USDC>ARB@PancakeV3/100 in=13.81 ARB gap=54.8bps profit=$0.007 net=$-0.004"}
{"level":30,"time":1790807742212,"pid":20658,"hostname":"vm","msg":"  ARB>USDC.e@UniswapV3/500 USDC.e>ARB@SushiV2 in=10.51 ARB gap=93.3bps profit=$0.006 net=$-0.002"}
{"level":30,"time":1790807742212,"pid":20658,"hostname":"vm","msg":"  ARB>USDC@UniswapV3/500 USDC>ARB@PancakeV3/100 in=12.41 ARB gap=50.8bps profit=$0.006 net=$-0.005"}
{"level":30,"time":1790807742212,"pid":20658,"hostname":"vm","msg":"  ARB>WETH@UniswapV3/500 WETH>ARB@SushiV3/500 in=13.68 ARB gap=47.2bps profit=$0.005 net=$-0.006"}
{"level":30,"time":1790807742212,"pid":20658,"hostname":"vm","msg":"  ARB>USDC.e@UniswapV3/500 USDC.e>ARB@PancakeV3/500 in=30.61 ARB gap=26.2bps profit=$0.005 net=$-0.006"}
{"level":30,"time":1790807742824,"pid":20658,"hostname":"vm","block":510479363,"gross":228,"net":0,"sumNetUsd":0,"gasPriceGwei":0.020014,"txCostUsd":0.0135,"syncMs":144,"searchMs":160,"msg":"block scanned"}
{"level":30,"time":1790807742824,"pid":20658,"hostname":"vm","msg":"  ARB>USDC@PancakeV3/500 USDC>ARB@PancakeV3/100 in=13.81 ARB gap=54.8bps profit=$0.007 net=$-0.004"}
{"level":30,"time":1790807742824,"pid":20658,"hostname":"vm","msg":"  ARB>USDC.e@UniswapV3/500 USDC.e>ARB@SushiV2 in=10.51 ARB gap=93.3bps profit=$0.006 net=$-0.002"}
{"level":30,"time":1790807742824,"pid":20658,"hostname":"vm","msg":"  ARB>USDC@UniswapV3/500 USDC>ARB@PancakeV3/100 in=12.41 ARB gap=50.8bps profit=$0.006 net=$-0.005"}
{"level":30,"time":1790807742824,"pid":20658,"hostname":"vm","msg":"  ARB>WETH@UniswapV3/500 WETH>ARB@SushiV3/500 in=13.68 ARB gap=47.2bps profit=$0.005 net=$-0.006"}
{"level":30,"time":1790807742824,"pid":20658,"hostname":"vm","msg":"  ARB>USDC.e@UniswapV3/500 USDC.e>ARB@PancakeV3/500 in=30.61 ARB gap=26.2bps profit=$0.005 net=$-0.006"}
{"level":30,"time":1790807743476,"pid":20658,"hostname":"vm","block":510479365,"gross":228,"net":0,"sumNetUsd":0,"gasPriceGwei":0.020138,"txCostUsd":0.0135,"syncMs":159,"searchMs":188,"msg":"block scanned"}
{"level":30,"time":1790807743476,"pid":20658,"hostname":"vm","msg":"  ARB>USDC@PancakeV3/500 USDC>ARB@PancakeV3/100 in=13.81 ARB gap=54.8bps profit=$0.007 net=$-0.004"}
{"level":30,"time":1790807743476,"pid":20658,"hostname":"vm","msg":"  ARB>USDC.e@UniswapV3/500 USDC.e>ARB@SushiV2 in=10.51 ARB gap=93.3bps profit=$0.006 net=$-0.002"}
{"level":30,"time":1790807743476,"pid":20658,"hostname":"vm","msg":"  ARB>USDC@UniswapV3/500 USDC>ARB@PancakeV3/100 in=12.41 ARB gap=50.8bps profit=$0.006 net=$-0.005"}
{"level":30,"time":1790807743476,"pid":20658,"hostname":"vm","msg":"  ARB>WETH@UniswapV3/500 WETH>ARB@SushiV3/500 in=13.68 ARB gap=47.2bps profit=$0.005 net=$-0.006"}
{"level":30,"time":1790807743476,"pid":20658,"hostname":"vm","msg":"  ARB>USDC.e@UniswapV3/500 USDC.e>ARB@PancakeV3/500 in=30.61 ARB gap=26.2bps profit=$0.005 net=$-0.006"}
{"level":30,"time":1790807743963,"pid":20658,"hostname":"vm","block":510479367,"gross":228,"net":0,"sumNetUsd":0,"gasPriceGwei":0.020004,"txCostUsd":0.0134,"syncMs":134,"searchMs":151,"msg":"block scanned"}
{"level":30,"time":1790807743963,"pid":20658,"hostname":"vm","msg":"  ARB>USDC@PancakeV3/500 USDC>ARB@PancakeV3/100 in=13.81 ARB gap=54.8bps profit=$0.007 net=$-0.004"}
{"level":30,"time":1790807743963,"pid":20658,"hostname":"vm","msg":"  ARB>USDC.e@UniswapV3/500 USDC.e>ARB@SushiV2 in=10.51 ARB gap=93.3bps profit=$0.006 net=$-0.002"}
{"level":30,"time":1790807743963,"pid":20658,"hostname":"vm","msg":"  ARB>USDC@UniswapV3/500 USDC>ARB@PancakeV3/100 in=12.41 ARB gap=50.8bps profit=$0.006 net=$-0.005"}
{"level":30,"time":1790807743963,"pid":20658,"hostname":"vm","msg":"  ARB>WETH@UniswapV3/500 WETH>ARB@SushiV3/500 in=13.68 ARB gap=47.2bps profit=$0.005 net=$-0.006"}
{"level":30,"time":1790807743963,"pid":20658,"hostname":"vm","msg":"  ARB>USDC.e@UniswapV3/500 USDC.e>ARB@PancakeV3/500 in=30.61 ARB gap=26.2bps profit=$0.005 net=$-0.006"}
{"level":30,"time":1790807744569,"pid":20658,"hostname":"vm","block":510479369,"gross":228,"net":0,"sumNetUsd":0,"gasPriceGwei":0.02003,"txCostUsd":0.0135,"syncMs":131,"searchMs":168,"msg":"block scanned"}
{"level":30,"time":1790807744569,"pid":20658,"hostname":"vm","msg":"  ARB>USDC@PancakeV3/500 USDC>ARB@PancakeV3/100 in=13.81 ARB gap=54.8bps profit=$0.007 net=$-0.004"}
{"level":30,"time":1790807744569,"pid":20658,"hostname":"vm","msg":"  ARB>USDC.e@UniswapV3/500 USDC.e>ARB@SushiV2 in=10.51 ARB gap=93.3bps profit=$0.006 net=$-0.002"}
{"level":30,"time":1790807744569,"pid":20658,"hostname":"vm","msg":"  ARB>USDC@UniswapV3/500 USDC>ARB@PancakeV3/100 in=12.41 ARB gap=50.8bps profit=$0.006 net=$-0.005"}
{"level":30,"time":1790807744569,"pid":20658,"hostname":"vm","msg":"  ARB>WETH@UniswapV3/500 WETH>ARB@SushiV3/500 in=13.68 ARB gap=47.2bps profit=$0.005 net=$-0.006"}
{"level":30,"time":1790807744569,"pid":20658,"hostname":"vm","msg":"  ARB>USDC.e@UniswapV3/500 USDC.e>ARB@PancakeV3/500 in=30.61 ARB gap=26.2bps profit=$0.005 net=$-0.006"}
{"level":30,"time":1790807745162,"pid":20658,"hostname":"vm","block":510479371,"gross":228,"net":0,"sumNetUsd":0,"gasPriceGwei":0.02,"txCostUsd":0.0134,"syncMs":108,"searchMs":169,"msg":"block scanned"}
{"level":30,"time":1790807745162,"pid":20658,"hostname":"vm","msg":"  ARB>USDC@PancakeV3/500 USDC>ARB@PancakeV3/100 in=13.81 ARB gap=54.8bps profit=$0.007 net=$-0.004"}
{"level":30,"time":1790807745162,"pid":20658,"hostname":"vm","msg":"  ARB>USDC.e@UniswapV3/500 USDC.e>ARB@SushiV2 in=10.51 ARB gap=93.3bps profit=$0.006 net=$-0.002"}
{"level":30,"time":1790807745162,"pid":20658,"hostname":"vm","msg":"  ARB>USDC@UniswapV3/500 USDC>ARB@PancakeV3/100 in=12.41 ARB gap=50.8bps profit=$0.006 net=$-0.005"}
{"level":30,"time":1790807745162,"pid":20658,"hostname":"vm","msg":"  ARB>WETH@UniswapV3/500 WETH>ARB@SushiV3/500 in=13.68 ARB gap=47.2bps profit=$0.005 net=$-0.006"}
{"level":30,"time":1790807745162,"pid":20658,"hostname":"vm","msg":"  ARB>USDC.e@UniswapV3/500 USDC.e>ARB@PancakeV3/500 in=30.61 ARB gap=26.2bps profit=$0.005 net=$-0.006"}
{"level":30,"time":1790807745734,"pid":20658,"hostname":"vm","block":510479372,"gross":228,"net":0,"sumNetUsd":0,"gasPriceGwei":0.02,"txCostUsd":0.0134,"syncMs":111,"searchMs":155,"msg":"block scanned"}
{"level":30,"time":1790807745734,"pid":20658,"hostname":"vm","msg":"  ARB>USDC@PancakeV3/500 USDC>ARB@PancakeV3/100 in=13.81 ARB gap=54.8bps profit=$0.007 net=$-0.004"}
{"level":30,"time":1790807745734,"pid":20658,"hostname":"vm","msg":"  ARB>USDC.e@UniswapV3/500 USDC.e>ARB@SushiV2 in=10.51 ARB gap=93.3bps profit=$0.006 net=$-0.002"}
{"level":30,"time":1790807745734,"pid":20658,"hostname":"vm","msg":"  ARB>USDC@UniswapV3/500 USDC>ARB@PancakeV3/100 in=12.41 ARB gap=50.8bps profit=$0.006 net=$-0.005"}
{"level":30,"time":1790807745734,"pid":20658,"hostname":"vm","msg":"  ARB>WETH@UniswapV3/500 WETH>ARB@SushiV3/500 in=13.68 ARB gap=47.2bps profit=$0.005 net=$-0.006"}
{"level":30,"time":1790807745734,"pid":20658,"hostname":"vm","msg":"  ARB>USDC.e@UniswapV3/500 USDC.e>ARB@PancakeV3/500 in=30.61 ARB gap=26.2bps profit=$0.005 net=$-0.006"}
{"level":30,"time":1790807746318,"pid":20658,"hostname":"vm","block":510479374,"gross":228,"net":0,"sumNetUsd":0,"gasPriceGwei":0.020232,"txCostUsd":0.0136,"syncMs":113,"searchMs":163,"msg":"block scanned"}
{"level":30,"time":1790807746318,"pid":20658,"hostname":"vm","msg":"  ARB>USDC@PancakeV3/500 USDC>ARB@PancakeV3/100 in=13.81 ARB gap=54.8bps profit=$0.007 net=$-0.004"}
{"level":30,"time":1790807746318,"pid":20658,"hostname":"vm","msg":"  ARB>USDC.e@UniswapV3/500 USDC.e>ARB@SushiV2 in=10.51 ARB gap=93.3bps profit=$0.006 net=$-0.002"}
{"level":30,"time":1790807746318,"pid":20658,"hostname":"vm","msg":"  ARB>USDC@UniswapV3/500 USDC>ARB@PancakeV3/100 in=12.41 ARB gap=50.8bps profit=$0.006 net=$-0.006"}
{"level":30,"time":1790807746318,"pid":20658,"hostname":"vm","msg":"  ARB>WETH@UniswapV3/500 WETH>ARB@SushiV3/500 in=13.68 ARB gap=47.2bps profit=$0.005 net=$-0.006"}
{"level":30,"time":1790807746318,"pid":20658,"hostname":"vm","msg":"  ARB>USDC.e@UniswapV3/500 USDC.e>ARB@PancakeV3/500 in=30.61 ARB gap=26.2bps profit=$0.005 net=$-0.006"}
{"level":30,"time":1790807782620,"pid":20658,"hostname":"vm","block":510479376,"gross":228,"net":0,"sumNetUsd":0,"gasPriceGwei":0.02,"txCostUsd":0.0134,"syncMs":35845,"searchMs":152,"msg":"block scanned"}
{"level":30,"time":1790807782620,"pid":20658,"hostname":"vm","msg":"  ARB>USDC@PancakeV3/500 USDC>ARB@PancakeV3/100 in=13.81 ARB gap=54.8bps profit=$0.007 net=$-0.004"}
{"level":30,"time":1790807782620,"pid":20658,"hostname":"vm","msg":"  ARB>USDC.e@UniswapV3/500 USDC.e>ARB@SushiV2 in=10.51 ARB gap=93.3bps profit=$0.006 net=$-0.002"}
{"level":30,"time":1790807782620,"pid":20658,"hostname":"vm","msg":"  ARB>USDC@UniswapV3/500 USDC>ARB@PancakeV3/100 in=12.41 ARB gap=50.8bps profit=$0.006 net=$-0.005"}
{"level":30,"time":1790807782620,"pid":20658,"hostname":"vm","msg":"  ARB>WETH@UniswapV3/500 WETH>ARB@SushiV3/500 in=13.68 ARB gap=47.2bps profit=$0.005 net=$-0.006"}
{"level":30,"time":1790807782620,"pid":20658,"hostname":"vm","msg":"  ARB>USDC.e@UniswapV3/500 USDC.e>ARB@PancakeV3/500 in=30.61 ARB gap=26.2bps profit=$0.005 net=$-0.006"}
{"level":30,"time":1790807783043,"pid":20658,"hostname":"vm","block":510479505,"gross":229,"net":0,"sumNetUsd":0,"gasPriceGwei":0.020032,"txCostUsd":0.0135,"syncMs":139,"searchMs":178,"msg":"block scanned"}
{"level":30,"time":1790807783043,"pid":20658,"hostname":"vm","msg":"  ARB>USDC@PancakeV3/500 USDC>ARB@PancakeV3/100 in=12.93 ARB gap=51.7bps profit=$0.006 net=$-0.005"}
{"level":30,"time":1790807783043,"pid":20658,"hostname":"vm","msg":"  ARB>USDC@UniswapV3/500 USDC>ARB@PancakeV3/100 in=12.41 ARB gap=50.8bps profit=$0.006 net=$-0.005"}
{"level":30,"time":1790807783043,"pid":20658,"hostname":"vm","msg":"  ARB>USDC.e@UniswapV3/500 USDC.e>ARB@SushiV2 in=9.743 ARB gap=89bps profit=$0.005 net=$-0.003"}
{"level":30,"time":1790807783043,"pid":20658,"hostname":"vm","msg":"  ARB>USDC.e@PancakeV3/100 USDC.e>ARB@SushiV2 in=7.936 ARB gap=82.8bps profit=$0.004 net=$-0.004"}
{"level":30,"time":1790807783043,"pid":20658,"hostname":"vm","msg":"  ARB>WETH@UniswapV3/500 WETH>ARB@SushiV3/500 in=10.77 ARB gap=39.3bps profit=$0.003 net=$-0.008"}
{"level":30,"time":1790807783656,"pid":20658,"hostname":"vm","block":510479507,"gross":229,"net":0,"sumNetUsd":0,"gasPriceGwei":0.02,"txCostUsd":0.0134,"syncMs":135,"searchMs":166,"msg":"block scanned"}
{"level":30,"time":1790807783656,"pid":20658,"hostname":"vm","msg":"  ARB>USDC@PancakeV3/500 USDC>ARB@PancakeV3/100 in=12.93 ARB gap=51.7bps profit=$0.006 net=$-0.005"}
{"level":30,"time":1790807783656,"pid":20658,"hostname":"vm","msg":"  ARB>USDC@UniswapV3/500 USDC>ARB@PancakeV3/100 in=12.41 ARB gap=50.8bps profit=$0.006 net=$-0.005"}
{"level":30,"time":1790807783656,"pid":20658,"hostname":"vm","msg":"  ARB>USDC.e@UniswapV3/500 USDC.e>ARB@SushiV2 in=9.743 ARB gap=89bps profit=$0.005 net=$-0.003"}
{"level":30,"time":1790807783656,"pid":20658,"hostname":"vm","msg":"  ARB>USDC.e@PancakeV3/100 USDC.e>ARB@SushiV2 in=7.936 ARB gap=82.8bps profit=$0.004 net=$-0.004"}
{"level":30,"time":1790807783656,"pid":20658,"hostname":"vm","msg":"  ARB>WETH@UniswapV3/500 WETH>ARB@SushiV3/500 in=10.77 ARB gap=39.3bps profit=$0.003 net=$-0.008"}
{"level":30,"time":1790807784263,"pid":20658,"hostname":"vm","block":510479509,"gross":229,"net":0,"sumNetUsd":0,"gasPriceGwei":0.020198,"txCostUsd":0.0136,"syncMs":120,"searchMs":178,"msg":"block scanned"}
{"level":30,"time":1790807784263,"pid":20658,"hostname":"vm","msg":"  ARB>USDC@PancakeV3/500 USDC>ARB@PancakeV3/100 in=12.93 ARB gap=51.7bps profit=$0.006 net=$-0.005"}
{"level":30,"time":1790807784263,"pid":20658,"hostname":"vm","msg":"  ARB>USDC@UniswapV3/500 USDC>ARB@PancakeV3/100 in=12.41 ARB gap=50.8bps profit=$0.006 net=$-0.006"}
{"level":30,"time":1790807784263,"pid":20658,"hostname":"vm","msg":"  ARB>USDC.e@UniswapV3/500 USDC.e>ARB@SushiV2 in=9.743 ARB gap=89bps profit=$0.005 net=$-0.003"}
{"level":30,"time":1790807784263,"pid":20658,"hostname":"vm","msg":"  ARB>USDC.e@PancakeV3/100 USDC.e>ARB@SushiV2 in=7.936 ARB gap=82.8bps profit=$0.004 net=$-0.005"}
{"level":30,"time":1790807784263,"pid":20658,"hostname":"vm","msg":"  ARB>WETH@UniswapV3/500 WETH>ARB@SushiV3/500 in=10.77 ARB gap=39.3bps profit=$0.003 net=$-0.008"}
{"level":30,"time":1790807784906,"pid":20658,"hostname":"vm","block":510479512,"gross":220,"net":0,"sumNetUsd":0,"gasPriceGwei":0.020016,"txCostUsd":0.0135,"syncMs":148,"searchMs":185,"msg":"block scanned"}
{"level":30,"time":1790807784906,"pid":20658,"hostname":"vm","msg":"  ARB>USDC.e@PancakeV3/100 USDC.e>ARB@SushiV2 in=7.936 ARB gap=82.8bps profit=$0.004 net=$-0.004"}
{"level":30,"time":1790807784906,"pid":20658,"hostname":"vm","msg":"  ARB>USDC@UniswapV3/500 USDC>ARB@PancakeV3/100 in=9.619 ARB gap=40.7bps profit=$0.003 net=$-0.008"}
{"level":30,"time":1790807784906,"pid":20658,"hostname":"vm","msg":"  ARB>USDC@PancakeV3/500 USDC>ARB@PancakeV3/100 in=9.369 ARB gap=38.4bps profit=$0.003 net=$-0.008"}
{"level":30,"time":1790807784906,"pid":20658,"hostname":"vm","msg":"  ARB>USDC.e@UniswapV3/500 USDC.e>ARB@SushiV2 in=7.319 ARB gap=75.5bps profit=$0.003 net=$-0.006"}
{"level":30,"time":1790807784906,"pid":20658,"hostname":"vm","msg":"  ARB>USDC@UniswapV3/100 USDC>ARB@PancakeV3/100 in=5.398 ARB gap=32.5bps profit=$0.002 net=$-0.009"}
{"level":30,"time":1790807785518,"pid":20658,"hostname":"vm","block":510479515,"gross":220,"net":0,"sumNetUsd":0,"gasPriceGwei":0.02014,"txCostUsd":0.0135,"syncMs":151,"searchMs":159,"msg":"block scanned"}
{"level":30,"time":1790807785518,"pid":20658,"hostname":"vm","msg":"  ARB>USDC.e@PancakeV3/100 USDC.e>ARB@SushiV2 in=7.936 ARB gap=82.8bps profit=$0.004 net=$-0.005"}
{"level":30,"time":1790807785518,"pid":20658,"hostname":"vm","msg":"  ARB>USDC@UniswapV3/500 USDC>ARB@PancakeV3/100 in=9.619 ARB gap=40.7bps profit=$0.003 net=$-0.008"}
{"level":30,"time":1790807785518,"pid":20658,"hostname":"vm","msg":"  ARB>USDC@PancakeV3/500 USDC>ARB@PancakeV3/100 in=9.369 ARB gap=38.4bps profit=$0.003 net=$-0.008"}
{"level":30,"time":1790807785518,"pid":20658,"hostname":"vm","msg":"  ARB>USDC.e@UniswapV3/500 USDC.e>ARB@SushiV2 in=7.319 ARB gap=75.5bps profit=$0.003 net=$-0.006"}
{"level":30,"time":1790807785518,"pid":20658,"hostname":"vm","msg":"  ARB>USDC@UniswapV3/100 USDC>ARB@PancakeV3/100 in=5.398 ARB gap=32.5bps profit=$0.002 net=$-0.009"}
{"level":30,"time":1790807786120,"pid":20658,"hostname":"vm","block":510479517,"gross":220,"net":0,"sumNetUsd":0,"gasPriceGwei":0.020036,"txCostUsd":0.0135,"syncMs":138,"searchMs":157,"msg":"block scanned"}
{"level":30,"time":1790807786120,"pid":20658,"hostname":"vm","msg":"  ARB>USDC.e@PancakeV3/100 USDC.e>ARB@SushiV2 in=7.936 ARB gap=82.8bps profit=$0.004 net=$-0.004"}
{"level":30,"time":1790807786120,"pid":20658,"hostname":"vm","msg":"  ARB>USDC@UniswapV3/500 USDC>ARB@PancakeV3/100 in=9.619 ARB gap=40.7bps profit=$0.003 net=$-0.008"}
{"level":30,"time":1790807786120,"pid":20658,"hostname":"vm","msg":"  ARB>USDC@PancakeV3/500 USDC>ARB@PancakeV3/100 in=9.369 ARB gap=38.4bps profit=$0.003 net=$-0.008"}
{"level":30,"time":1790807786120,"pid":20658,"hostname":"vm","msg":"  ARB>USDC.e@UniswapV3/500 USDC.e>ARB@SushiV2 in=7.319 ARB gap=75.5bps profit=$0.003 net=$-0.006"}
{"level":30,"time":1790807786120,"pid":20658,"hostname":"vm","msg":"  ARB>USDC@UniswapV3/100 USDC>ARB@PancakeV3/100 in=5.398 ARB gap=32.5bps profit=$0.002 net=$-0.009"}
{"level":30,"time":1790807786737,"pid":20658,"hostname":"vm","block":510479520,"gross":220,"net":0,"sumNetUsd":0,"gasPriceGwei":0.02,"txCostUsd":0.0134,"syncMs":159,"searchMs":155,"msg":"block scanned"}
{"level":30,"time":1790807786737,"pid":20658,"hostname":"vm","msg":"  ARB>USDC.e@PancakeV3/100 USDC.e>ARB@SushiV2 in=7.936 ARB gap=82.8bps profit=$0.004 net=$-0.004"}
{"level":30,"time":1790807786737,"pid":20658,"hostname":"vm","msg":"  ARB>USDC@UniswapV3/500 USDC>ARB@PancakeV3/100 in=9.619 ARB gap=40.7bps profit=$0.003 net=$-0.008"}
{"level":30,"time":1790807786737,"pid":20658,"hostname":"vm","msg":"  ARB>USDC@PancakeV3/500 USDC>ARB@PancakeV3/100 in=9.369 ARB gap=38.4bps profit=$0.003 net=$-0.008"}
{"level":30,"time":1790807786737,"pid":20658,"hostname":"vm","msg":"  ARB>USDC.e@UniswapV3/500 USDC.e>ARB@SushiV2 in=7.319 ARB gap=75.5bps profit=$0.003 net=$-0.006"}
{"level":30,"time":1790807786737,"pid":20658,"hostname":"vm","msg":"  ARB>USDC@UniswapV3/100 USDC>ARB@PancakeV3/100 in=5.398 ARB gap=32.5bps profit=$0.002 net=$-0.009"}
{"level":30,"time":1790807787354,"pid":20658,"hostname":"vm","block":510479522,"gross":220,"net":0,"sumNetUsd":0,"gasPriceGwei":0.020002,"txCostUsd":0.0134,"syncMs":148,"searchMs":161,"msg":"block scanned"}
{"level":30,"time":1790807787354,"pid":20658,"hostname":"vm","msg":"  ARB>USDC.e@PancakeV3/100 USDC.e>ARB@SushiV2 in=7.936 ARB gap=82.8bps profit=$0.004 net=$-0.004"}
{"level":30,"time":1790807787354,"pid":20658,"hostname":"vm","msg":"  ARB>USDC@UniswapV3/500 USDC>ARB@PancakeV3/100 in=9.619 ARB gap=40.7bps profit=$0.003 net=$-0.008"}
{"level":30,"time":1790807787354,"pid":20658,"hostname":"vm","msg":"  ARB>USDC@PancakeV3/500 USDC>ARB@PancakeV3/100 in=9.369 ARB gap=38.4bps profit=$0.003 net=$-0.008"}
{"level":30,"time":1790807787354,"pid":20658,"hostname":"vm","msg":"  ARB>USDC.e@UniswapV3/500 USDC.e>ARB@SushiV2 in=7.319 ARB gap=75.5bps profit=$0.003 net=$-0.006"}
{"level":30,"time":1790807787354,"pid":20658,"hostname":"vm","msg":"  ARB>USDC@UniswapV3/100 USDC>ARB@PancakeV3/100 in=5.398 ARB gap=32.5bps profit=$0.002 net=$-0.009"}
{"level":30,"time":1790807787959,"pid":20658,"hostname":"vm","block":510479524,"gross":220,"net":0,"sumNetUsd":0,"gasPriceGwei":0.020012,"txCostUsd":0.0135,"syncMs":137,"searchMs":155,"msg":"block scanned"}
{"level":30,"time":1790807787959,"pid":20658,"hostname":"vm","msg":"  ARB>USDC.e@PancakeV3/100 USDC.e>ARB@SushiV2 in=7.936 ARB gap=82.8bps profit=$0.004 net=$-0.004"}
{"level":30,"time":1790807787959,"pid":20658,"hostname":"vm","msg":"  ARB>USDC@UniswapV3/500 USDC>ARB@PancakeV3/100 in=9.619 ARB gap=40.7bps profit=$0.003 net=$-0.008"}
{"level":30,"time":1790807787959,"pid":20658,"hostname":"vm","msg":"  ARB>USDC@PancakeV3/500 USDC>ARB@PancakeV3/100 in=9.369 ARB gap=38.4bps profit=$0.003 net=$-0.008"}
{"level":30,"time":1790807787959,"pid":20658,"hostname":"vm","msg":"  ARB>USDC.e@UniswapV3/500 USDC.e>ARB@SushiV2 in=7.319 ARB gap=75.5bps profit=$0.003 net=$-0.006"}
{"level":30,"time":1790807787959,"pid":20658,"hostname":"vm","msg":"  ARB>USDC@UniswapV3/100 USDC>ARB@PancakeV3/100 in=5.398 ARB gap=32.5bps profit=$0.002 net=$-0.009"}
{"level":30,"time":1790807788573,"pid":20658,"hostname":"vm","block":510479527,"gross":220,"net":0,"sumNetUsd":0,"gasPriceGwei":0.02,"txCostUsd":0.0134,"syncMs":151,"searchMs":161,"msg":"block scanned"}
{"level":30,"time":1790807788573,"pid":20658,"hostname":"vm","msg":"  ARB>USDC.e@PancakeV3/100 USDC.e>ARB@SushiV2 in=7.936 ARB gap=82.8bps profit=$0.004 net=$-0.004"}
{"level":30,"time":1790807788573,"pid":20658,"hostname":"vm","msg":"  ARB>USDC@UniswapV3/500 USDC>ARB@PancakeV3/100 in=9.619 ARB gap=40.7bps profit=$0.003 net=$-0.008"}
{"level":30,"time":1790807788573,"pid":20658,"hostname":"vm","msg":"  ARB>USDC.e@UniswapV3/500 USDC.e>ARB@SushiV2 in=7.319 ARB gap=75.5bps profit=$0.003 net=$-0.006"}
{"level":30,"time":1790807788573,"pid":20658,"hostname":"vm","msg":"  ARB>USDC@PancakeV3/500 USDC>ARB@PancakeV3/100 in=8.336 ARB gap=35.4bps profit=$0.002 net=$-0.009"}
{"level":30,"time":1790807788573,"pid":20658,"hostname":"vm","msg":"  ARB>USDC@UniswapV3/100 USDC>ARB@PancakeV3/100 in=5.398 ARB gap=32.5bps profit=$0.002 net=$-0.009"}
{"level":30,"time":1790807789187,"pid":20658,"hostname":"vm","block":510479529,"gross":220,"net":0,"sumNetUsd":0,"gasPriceGwei":0.0201,"txCostUsd":0.0135,"syncMs":144,"searchMs":155,"msg":"block scanned"}
{"level":30,"time":1790807789187,"pid":20658,"hostname":"vm","msg":"  ARB>USDC.e@PancakeV3/100 USDC.e>ARB@SushiV2 in=7.936 ARB gap=82.8bps profit=$0.004 net=$-0.004"}
{"level":30,"time":1790807789187,"pid":20658,"hostname":"vm","msg":"  ARB>USDC@UniswapV3/500 USDC>ARB@PancakeV3/100 in=9.619 ARB gap=40.7bps profit=$0.003 net=$-0.008"}
{"level":30,"time":1790807789187,"pid":20658,"hostname":"vm","msg":"  ARB>USDC.e@UniswapV3/500 USDC.e>ARB@SushiV2 in=7.319 ARB gap=75.5bps profit=$0.003 net=$-0.006"}
{"level":30,"time":1790807789187,"pid":20658,"hostname":"vm","msg":"  ARB>USDC@PancakeV3/500 USDC>ARB@PancakeV3/100 in=8.336 ARB gap=35.4bps profit=$0.002 net=$-0.009"}
{"level":30,"time":1790807789187,"pid":20658,"hostname":"vm","msg":"  ARB>USDC@UniswapV3/100 USDC>ARB@PancakeV3/100 in=5.398 ARB gap=32.5bps profit=$0.002 net=$-0.009"}
{"level":30,"time":1790807789790,"pid":20658,"hostname":"vm","block":510479532,"gross":220,"net":0,"sumNetUsd":0,"gasPriceGwei":0.020016,"txCostUsd":0.0135,"syncMs":133,"searchMs":158,"msg":"block scanned"}
{"level":30,"time":1790807789790,"pid":20658,"hostname":"vm","msg":"  ARB>USDC.e@PancakeV3/100 USDC.e>ARB@SushiV2 in=7.936 ARB gap=82.8bps profit=$0.004 net=$-0.004"}
{"level":30,"time":1790807789790,"pid":20658,"hostname":"vm","msg":"  ARB>USDC@UniswapV3/500 USDC>ARB@PancakeV3/100 in=9.619 ARB gap=40.7bps profit=$0.003 net=$-0.008"}
{"level":30,"time":1790807789790,"pid":20658,"hostname":"vm","msg":"  ARB>USDC.e@UniswapV3/500 USDC.e>ARB@SushiV2 in=7.319 ARB gap=75.5bps profit=$0.003 net=$-0.006"}
{"level":30,"time":1790807789790,"pid":20658,"hostname":"vm","msg":"  ARB>USDC@PancakeV3/500 USDC>ARB@PancakeV3/100 in=8.336 ARB gap=35.4bps profit=$0.002 net=$-0.009"}
{"level":30,"time":1790807789790,"pid":20658,"hostname":"vm","msg":"  ARB>USDC@UniswapV3/100 USDC>ARB@PancakeV3/100 in=5.398 ARB gap=32.5bps profit=$0.002 net=$-0.009"}
{"level":30,"time":1790807790401,"pid":20658,"hostname":"vm","block":510479534,"gross":220,"net":0,"sumNetUsd":0,"gasPriceGwei":0.02014,"txCostUsd":0.0135,"syncMs":151,"searchMs":155,"msg":"block scanned"}
{"level":30,"time":1790807790401,"pid":20658,"hostname":"vm","msg":"  ARB>USDC.e@PancakeV3/100 USDC.e>ARB@SushiV2 in=7.936 ARB gap=82.8bps profit=$0.004 net=$-0.005"}
{"level":30,"time":1790807790401,"pid":20658,"hostname":"vm","msg":"  ARB>USDC@UniswapV3/500 USDC>ARB@PancakeV3/100 in=9.619 ARB gap=40.7bps profit=$0.003 net=$-0.008"}
{"level":30,"time":1790807790401,"pid":20658,"hostname":"vm","msg":"  ARB>USDC.e@UniswapV3/500 USDC.e>ARB@SushiV2 in=7.319 ARB gap=75.5bps profit=$0.003 net=$-0.006"}
{"level":30,"time":1790807790401,"pid":20658,"hostname":"vm","msg":"  ARB>USDC@PancakeV3/500 USDC>ARB@PancakeV3/100 in=8.336 ARB gap=35.4bps profit=$0.002 net=$-0.009"}
{"level":30,"time":1790807790401,"pid":20658,"hostname":"vm","msg":"  ARB>USDC@UniswapV3/100 USDC>ARB@PancakeV3/100 in=5.398 ARB gap=32.5bps profit=$0.002 net=$-0.009"}
{"level":30,"time":1790807791005,"pid":20658,"hostname":"vm","block":510479536,"gross":220,"net":0,"sumNetUsd":0,"gasPriceGwei":0.020054,"txCostUsd":0.0135,"syncMs":150,"searchMs":153,"msg":"block scanned"}
{"level":30,"time":1790807791005,"pid":20658,"hostname":"vm","msg":"  ARB>USDC.e@PancakeV3/100 USDC.e>ARB@SushiV2 in=7.936 ARB gap=82.8bps profit=$0.004 net=$-0.004"}
{"level":30,"time":1790807791005,"pid":20658,"hostname":"vm","msg":"  ARB>USDC@UniswapV3/500 USDC>ARB@PancakeV3/100 in=9.619 ARB gap=40.7bps profit=$0.003 net=$-0.008"}
{"level":30,"time":1790807791005,"pid":20658,"hostname":"vm","msg":"  ARB>USDC.e@UniswapV3/500 USDC.e>ARB@SushiV2 in=7.319 ARB gap=75.5bps profit=$0.003 net=$-0.006"}
{"level":30,"time":1790807791005,"pid":20658,"hostname":"vm","msg":"  ARB>USDC@PancakeV3/500 USDC>ARB@PancakeV3/100 in=8.336 ARB gap=35.4bps profit=$0.002 net=$-0.009"}
{"level":30,"time":1790807791005,"pid":20658,"hostname":"vm","msg":"  ARB>USDC@UniswapV3/100 USDC>ARB@PancakeV3/100 in=5.398 ARB gap=32.5bps profit=$0.002 net=$-0.009"}
{"level":30,"time":1790807826601,"pid":20658,"hostname":"vm","block":510479538,"gross":220,"net":0,"sumNetUsd":0,"gasPriceGwei":0.02,"txCostUsd":0.0134,"syncMs":35135,"searchMs":156,"msg":"block scanned"}
{"level":30,"time":1790807826601,"pid":20658,"hostname":"vm","msg":"  ARB>USDC.e@PancakeV3/100 USDC.e>ARB@SushiV2 in=7.936 ARB gap=82.8bps profit=$0.004 net=$-0.004"}
{"level":30,"time":1790807826601,"pid":20658,"hostname":"vm","msg":"  ARB>USDC@UniswapV3/500 USDC>ARB@PancakeV3/100 in=9.619 ARB gap=40.7bps profit=$0.003 net=$-0.008"}
{"level":30,"time":1790807826601,"pid":20658,"hostname":"vm","msg":"  ARB>USDC.e@UniswapV3/500 USDC.e>ARB@SushiV2 in=7.319 ARB gap=75.5bps profit=$0.003 net=$-0.006"}
{"level":30,"time":1790807826601,"pid":20658,"hostname":"vm","msg":"  ARB>USDC@PancakeV3/500 USDC>ARB@PancakeV3/100 in=8.336 ARB gap=35.4bps profit=$0.002 net=$-0.009"}
{"level":30,"time":1790807826601,"pid":20658,"hostname":"vm","msg":"  ARB>USDC@UniswapV3/100 USDC>ARB@PancakeV3/100 in=5.398 ARB gap=32.5bps profit=$0.002 net=$-0.009"}
{"level":30,"time":1790807826993,"pid":20658,"hostname":"vm","block":510479666,"gross":216,"net":0,"sumNetUsd":0,"gasPriceGwei":0.020002,"txCostUsd":0.0134,"syncMs":134,"searchMs":153,"msg":"block scanned"}
{"level":30,"time":1790807826993,"pid":20658,"hostname":"vm","msg":"  ARB>USDC.e@PancakeV3/100 USDC.e>ARB@SushiV2 in=7.936 ARB gap=82.8bps profit=$0.004 net=$-0.004"}
{"level":30,"time":1790807826993,"pid":20658,"hostname":"vm","msg":"  ARB>USDC@PancakeV3/500 USDC>ARB@PancakeV3/100 in=7.511 ARB gap=32.5bps profit=$0.002 net=$-0.009"}
{"level":30,"time":1790807826993,"pid":20658,"hostname":"vm","msg":"  ARB>USDC.e@UniswapV3/500 USDC.e>ARB@SushiV2 in=5.848 ARB gap=67.3bps profit=$0.002 net=$-0.007"}
{"level":30,"time":1790807826993,"pid":20658,"hostname":"vm","msg":"  ARB>USDC@UniswapV3/500 USDC>ARB@PancakeV3/100 in=7.045 ARB gap=31.4bps profit=$0.002 net=$-0.009"}
{"level":30,"time":1790807826993,"pid":20658,"hostname":"vm","msg":"  ARB>USDC@UniswapV3/100 USDC>ARB@PancakeV3/100 in=5.398 ARB gap=32.5bps profit=$0.002 net=$-0.009"}
{"level":30,"time":1790807827581,"pid":20658,"hostname":"vm","block":510479668,"gross":216,"net":0,"sumNetUsd":0,"gasPriceGwei":0.02,"txCostUsd":0.0134,"syncMs":128,"searchMs":151,"msg":"block scanned"}
{"level":30,"time":1790807827581,"pid":20658,"hostname":"vm","msg":"  ARB>USDC.e@PancakeV3/100 USDC.e>ARB@SushiV2 in=7.936 ARB gap=82.8bps profit=$0.004 net=$-0.004"}
{"level":30,"time":1790807827581,"pid":20658,"hostname":"vm","msg":"  ARB>USDC@PancakeV3/500 USDC>ARB@PancakeV3/100 in=7.511 ARB gap=32.5bps profit=$0.002 net=$-0.009"}
{"level":30,"time":1790807827581,"pid":20658,"hostname":"vm","msg":"  ARB>USDC.e@UniswapV3/500 USDC.e>ARB@SushiV2 in=5.848 ARB gap=67.3bps profit=$0.002 net=$-0.007"}
{"level":30,"time":1790807827581,"pid":20658,"hostname":"vm","msg":"  ARB>USDC@UniswapV3/500 USDC>ARB@PancakeV3/100 in=7.045 ARB gap=31.4bps profit=$0.002 net=$-0.009"}
{"level":30,"time":1790807827581,"pid":20658,"hostname":"vm","msg":"  ARB>USDC@UniswapV3/100 USDC>ARB@PancakeV3/100 in=5.398 ARB gap=32.5bps profit=$0.002 net=$-0.009"}
{"level":30,"time":1790807828225,"pid":20658,"hostname":"vm","block":510479670,"gross":216,"net":0,"sumNetUsd":0,"gasPriceGwei":0.020006,"txCostUsd":0.0134,"syncMs":176,"searchMs":160,"msg":"block scanned"}
{"level":30,"time":1790807828225,"pid":20658,"hostname":"vm","msg":"  ARB>USDC.e@PancakeV3/100 USDC.e>ARB@SushiV2 in=7.936 ARB gap=82.8bps profit=$0.004 net=$-0.004"}
{"level":30,"time":1790807828225,"pid":20658,"hostname":"vm","msg":"  ARB>USDC@PancakeV3/500 USDC>ARB@PancakeV3/100 in=7.511 ARB gap=32.5bps profit=$0.002 net=$-0.009"}
{"level":30,"time":1790807828225,"pid":20658,"hostname":"vm","msg":"  ARB>USDC.e@UniswapV3/500 USDC.e>ARB@SushiV2 in=5.848 ARB gap=67.3bps profit=$0.002 net=$-0.007"}
{"level":30,"time":1790807828225,"pid":20658,"hostname":"vm","msg":"  ARB>USDC@UniswapV3/500 USDC>ARB@PancakeV3/100 in=7.045 ARB gap=31.4bps profit=$0.002 net=$-0.009"}
{"level":30,"time":1790807828225,"pid":20658,"hostname":"vm","msg":"  ARB>USDC@UniswapV3/100 USDC>ARB@PancakeV3/100 in=5.398 ARB gap=32.5bps profit=$0.002 net=$-0.009"}
{"level":30,"time":1790807828824,"pid":20658,"hostname":"vm","block":510479672,"gross":216,"net":0,"sumNetUsd":0,"gasPriceGwei":0.02,"txCostUsd":0.0134,"syncMs":134,"searchMs":161,"msg":"block scanned"}
{"level":30,"time":1790807828824,"pid":20658,"hostname":"vm","msg":"  ARB>USDC.e@PancakeV3/100 USDC.e>ARB@SushiV2 in=7.936 ARB gap=82.8bps profit=$0.004 net=$-0.004"}
{"level":30,"time":1790807828824,"pid":20658,"hostname":"vm","msg":"  ARB>USDC@PancakeV3/500 USDC>ARB@PancakeV3/100 in=7.511 ARB gap=32.5bps profit=$0.002 net=$-0.009"}
{"level":30,"time":1790807828824,"pid":20658,"hostname":"vm","msg":"  ARB>USDC.e@UniswapV3/500 USDC.e>ARB@SushiV2 in=5.848 ARB gap=67.3bps profit=$0.002 net=$-0.007"}
{"level":30,"time":1790807828824,"pid":20658,"hostname":"vm","msg":"  ARB>USDC@UniswapV3/500 USDC>ARB@PancakeV3/100 in=7.045 ARB gap=31.4bps profit=$0.002 net=$-0.009"}
{"level":30,"time":1790807828824,"pid":20658,"hostname":"vm","msg":"  ARB>USDC@UniswapV3/100 USDC>ARB@PancakeV3/100 in=5.398 ARB gap=32.5bps profit=$0.002 net=$-0.009"}
{"level":30,"time":1790807829446,"pid":20658,"hostname":"vm","block":510479674,"gross":216,"net":0,"sumNetUsd":0,"gasPriceGwei":0.02,"txCostUsd":0.0134,"syncMs":151,"searchMs":162,"msg":"block scanned"}
{"level":30,"time":1790807829446,"pid":20658,"hostname":"vm","msg":"  ARB>USDC.e@PancakeV3/100 USDC.e>ARB@SushiV2 in=7.936 ARB gap=82.8bps profit=$0.004 net=$-0.004"}
{"level":30,"time":1790807829446,"pid":20658,"hostname":"vm","msg":"  ARB>USDC@PancakeV3/500 USDC>ARB@PancakeV3/100 in=7.511 ARB gap=32.5bps profit=$0.002 net=$-0.009"}
{"level":30,"time":1790807829446,"pid":20658,"hostname":"vm","msg":"  ARB>USDC.e@UniswapV3/500 USDC.e>ARB@SushiV2 in=5.848 ARB gap=67.3bps profit=$0.002 net=$-0.007"}
{"level":30,"time":1790807829446,"pid":20658,"hostname":"vm","msg":"  ARB>USDC@UniswapV3/500 USDC>ARB@PancakeV3/100 in=7.045 ARB gap=31.4bps profit=$0.002 net=$-0.009"}
{"level":30,"time":1790807829446,"pid":20658,"hostname":"vm","msg":"  ARB>USDC@UniswapV3/100 USDC>ARB@PancakeV3/100 in=5.398 ARB gap=32.5bps profit=$0.002 net=$-0.009"}
{"level":30,"time":1790807830054,"pid":20658,"hostname":"vm","block":510479676,"gross":216,"net":0,"sumNetUsd":0,"gasPriceGwei":0.020032,"txCostUsd":0.0135,"syncMs":149,"searchMs":153,"msg":"block scanned"}
{"level":30,"time":1790807830054,"pid":20658,"hostname":"vm","msg":"  ARB>USDC.e@PancakeV3/100 USDC.e>ARB@SushiV2 in=7.936 ARB gap=82.8bps profit=$0.004 net=$-0.004"}
{"level":30,"time":1790807830054,"pid":20658,"hostname":"vm","msg":"  ARB>USDC@PancakeV3/500 USDC>ARB@PancakeV3/100 in=7.511 ARB gap=32.5bps profit=$0.002 net=$-0.009"}
{"level":30,"time":1790807830054,"pid":20658,"hostname":"vm","msg":"  ARB>USDC.e@UniswapV3/500 USDC.e>ARB@SushiV2 in=5.848 ARB gap=67.3bps profit=$0.002 net=$-0.007"}
{"level":30,"time":1790807830054,"pid":20658,"hostname":"vm","msg":"  ARB>USDC@UniswapV3/500 USDC>ARB@PancakeV3/100 in=7.045 ARB gap=31.4bps profit=$0.002 net=$-0.009"}
{"level":30,"time":1790807830054,"pid":20658,"hostname":"vm","msg":"  ARB>USDC@UniswapV3/100 USDC>ARB@PancakeV3/100 in=5.398 ARB gap=32.5bps profit=$0.002 net=$-0.009"}
{"level":30,"time":1790807830657,"pid":20658,"hostname":"vm","block":510479677,"gross":216,"net":0,"sumNetUsd":0,"gasPriceGwei":0.02,"txCostUsd":0.0134,"syncMs":144,"searchMs":151,"msg":"block scanned"}
{"level":30,"time":1790807830657,"pid":20658,"hostname":"vm","msg":"  ARB>USDC.e@PancakeV3/100 USDC.e>ARB@SushiV2 in=7.936 ARB gap=82.8bps profit=$0.004 net=$-0.004"}
{"level":30,"time":1790807830657,"pid":20658,"hostname":"vm","msg":"  ARB>USDC@PancakeV3/500 USDC>ARB@PancakeV3/100 in=7.511 ARB gap=32.5bps profit=$0.002 net=$-0.009"}
{"level":30,"time":1790807830657,"pid":20658,"hostname":"vm","msg":"  ARB>USDC.e@UniswapV3/500 USDC.e>ARB@SushiV2 in=5.848 ARB gap=67.3bps profit=$0.002 net=$-0.007"}
{"level":30,"time":1790807830657,"pid":20658,"hostname":"vm","msg":"  ARB>USDC@UniswapV3/500 USDC>ARB@PancakeV3/100 in=7.045 ARB gap=31.4bps profit=$0.002 net=$-0.009"}
{"level":30,"time":1790807830657,"pid":20658,"hostname":"vm","msg":"  ARB>USDC@UniswapV3/100 USDC>ARB@PancakeV3/100 in=5.398 ARB gap=32.5bps profit=$0.002 net=$-0.009"}
{"level":30,"time":1790807831270,"pid":20658,"hostname":"vm","block":510479680,"gross":216,"net":0,"sumNetUsd":0,"gasPriceGwei":0.020004,"txCostUsd":0.0134,"syncMs":151,"searchMs":151,"msg":"block scanned"}
{"level":30,"time":1790807831270,"pid":20658,"hostname":"vm","msg":"  ARB>USDC.e@PancakeV3/100 USDC.e>ARB@SushiV2 in=7.936 ARB gap=82.8bps profit=$0.004 net=$-0.004"}
{"level":30,"time":1790807831270,"pid":20658,"hostname":"vm","msg":"  ARB>USDC@PancakeV3/500 USDC>ARB@PancakeV3/100 in=7.511 ARB gap=32.5bps profit=$0.002 net=$-0.009"}
{"level":30,"time":1790807831270,"pid":20658,"hostname":"vm","msg":"  ARB>USDC.e@UniswapV3/500 USDC.e>ARB@SushiV2 in=5.848 ARB gap=67.3bps profit=$0.002 net=$-0.007"}
{"level":30,"time":1790807831270,"pid":20658,"hostname":"vm","msg":"  ARB>USDC@UniswapV3/500 USDC>ARB@PancakeV3/100 in=7.045 ARB gap=31.4bps profit=$0.002 net=$-0.009"}
{"level":30,"time":1790807831270,"pid":20658,"hostname":"vm","msg":"  ARB>USDC@UniswapV3/100 USDC>ARB@PancakeV3/100 in=5.398 ARB gap=32.5bps profit=$0.002 net=$-0.009"}
{"level":30,"time":1790807831953,"pid":20658,"hostname":"vm","block":510479682,"gross":216,"net":0,"sumNetUsd":0,"gasPriceGwei":0.02,"txCostUsd":0.0134,"syncMs":162,"searchMs":217,"msg":"block scanned"}
{"level":30,"time":1790807831953,"pid":20658,"hostname":"vm","msg":"  ARB>USDC.e@PancakeV3/100 USDC.e>ARB@SushiV2 in=7.936 ARB gap=82.8bps profit=$0.004 net=$-0.004"}
{"level":30,"time":1790807831953,"pid":20658,"hostname":"vm","msg":"  ARB>USDC@PancakeV3/500 USDC>ARB@PancakeV3/100 in=7.511 ARB gap=32.5bps profit=$0.002 net=$-0.009"}
{"level":30,"time":1790807831953,"pid":20658,"hostname":"vm","msg":"  ARB>USDC.e@UniswapV3/500 USDC.e>ARB@SushiV2 in=5.848 ARB gap=67.3bps profit=$0.002 net=$-0.007"}
{"level":30,"time":1790807831953,"pid":20658,"hostname":"vm","msg":"  ARB>USDC@UniswapV3/500 USDC>ARB@PancakeV3/100 in=7.045 ARB gap=31.4bps profit=$0.002 net=$-0.009"}
{"level":30,"time":1790807831953,"pid":20658,"hostname":"vm","msg":"  ARB>USDC@UniswapV3/100 USDC>ARB@PancakeV3/100 in=5.398 ARB gap=32.5bps profit=$0.002 net=$-0.009"}
{"level":30,"time":1790807832436,"pid":20658,"hostname":"vm","block":510479684,"gross":216,"net":0,"sumNetUsd":0,"gasPriceGwei":0.020046,"txCostUsd":0.0135,"syncMs":123,"searchMs":156,"msg":"block scanned"}
{"level":30,"time":1790807832436,"pid":20658,"hostname":"vm","msg":"  ARB>USDC.e@PancakeV3/100 USDC.e>ARB@SushiV2 in=7.936 ARB gap=82.8bps profit=$0.004 net=$-0.004"}
{"level":30,"time":1790807832436,"pid":20658,"hostname":"vm","msg":"  ARB>USDC@PancakeV3/500 USDC>ARB@PancakeV3/100 in=7.511 ARB gap=32.5bps profit=$0.002 net=$-0.009"}
{"level":30,"time":1790807832436,"pid":20658,"hostname":"vm","msg":"  ARB>USDC.e@UniswapV3/500 USDC.e>ARB@SushiV2 in=5.848 ARB gap=67.3bps profit=$0.002 net=$-0.007"}
{"level":30,"time":1790807832436,"pid":20658,"hostname":"vm","msg":"  ARB>USDC@UniswapV3/500 USDC>ARB@PancakeV3/100 in=7.045 ARB gap=31.4bps profit=$0.002 net=$-0.009"}
{"level":30,"time":1790807832436,"pid":20658,"hostname":"vm","msg":"  ARB>USDC@UniswapV3/100 USDC>ARB@PancakeV3/100 in=5.398 ARB gap=32.5bps profit=$0.002 net=$-0.009"}
{"level":30,"time":1790807833053,"pid":20658,"hostname":"vm","block":510479686,"gross":216,"net":0,"sumNetUsd":0,"gasPriceGwei":0.020034,"txCostUsd":0.0135,"syncMs":153,"searchMs":156,"msg":"block scanned"}
{"level":30,"time":1790807833053,"pid":20658,"hostname":"vm","msg":"  ARB>USDC.e@PancakeV3/100 USDC.e>ARB@SushiV2 in=7.936 ARB gap=82.8bps profit=$0.004 net=$-0.004"}
{"level":30,"time":1790807833053,"pid":20658,"hostname":"vm","msg":"  ARB>USDC@PancakeV3/500 USDC>ARB@PancakeV3/100 in=7.511 ARB gap=32.5bps profit=$0.002 net=$-0.009"}
{"level":30,"time":1790807833053,"pid":20658,"hostname":"vm","msg":"  ARB>USDC.e@UniswapV3/500 USDC.e>ARB@SushiV2 in=5.848 ARB gap=67.3bps profit=$0.002 net=$-0.007"}
{"level":30,"time":1790807833053,"pid":20658,"hostname":"vm","msg":"  ARB>USDC@UniswapV3/500 USDC>ARB@PancakeV3/100 in=7.045 ARB gap=31.4bps profit=$0.002 net=$-0.009"}
{"level":30,"time":1790807833053,"pid":20658,"hostname":"vm","msg":"  ARB>USDC@UniswapV3/100 USDC>ARB@PancakeV3/100 in=5.398 ARB gap=32.5bps profit=$0.002 net=$-0.009"}
{"level":30,"time":1790807833657,"pid":20658,"hostname":"vm","block":510479688,"gross":215,"net":0,"sumNetUsd":0,"gasPriceGwei":0.020154,"txCostUsd":0.0135,"syncMs":143,"searchMs":160,"msg":"block scanned"}
{"level":30,"time":1790807833657,"pid":20658,"hostname":"vm","msg":"  ARB>USDC.e@PancakeV3/100 USDC.e>ARB@SushiV2 in=7.936 ARB gap=82.8bps profit=$0.004 net=$-0.005"}
{"level":30,"time":1790807833657,"pid":20658,"hostname":"vm","msg":"  ARB>USDC.e@UniswapV3/500 USDC.e>ARB@SushiV2 in=5.848 ARB gap=67.3bps profit=$0.002 net=$-0.007"}
{"level":30,"time":1790807833657,"pid":20658,"hostname":"vm","msg":"  ARB>USDC@UniswapV3/500 USDC>ARB@PancakeV3/100 in=7.045 ARB gap=31.4bps profit=$0.002 net=$-0.009"}
{"level":30,"time":1790807833657,"pid":20658,"hostname":"vm","msg":"  ARB>USDC@UniswapV3/100 USDC>ARB@PancakeV3/100 in=5.398 ARB gap=32.5bps profit=$0.002 net=$-0.009"}
{"level":30,"time":1790807833657,"pid":20658,"hostname":"vm","msg":"  ARB>USDC.e@PancakeV3/500 USDC.e>ARB@SushiV2 in=5.286 ARB gap=66.9bps profit=$0.002 net=$-0.007"}
{"level":30,"time":1790807834284,"pid":20658,"hostname":"vm","block":510479690,"gross":215,"net":0,"sumNetUsd":0,"gasPriceGwei":0.020022,"txCostUsd":0.0135,"syncMs":159,"searchMs":159,"msg":"block scanned"}
{"level":30,"time":1790807834284,"pid":20658,"hostname":"vm","msg":"  ARB>USDC.e@PancakeV3/100 USDC.e>ARB@SushiV2 in=7.936 ARB gap=82.8bps profit=$0.004 net=$-0.004"}
{"level":30,"time":1790807834284,"pid":20658,"hostname":"vm","msg":"  ARB>USDC.e@UniswapV3/500 USDC.e>ARB@SushiV2 in=5.848 ARB gap=67.3bps profit=$0.002 net=$-0.007"}
{"level":30,"time":1790807834284,"pid":20658,"hostname":"vm","msg":"  ARB>USDC@UniswapV3/500 USDC>ARB@PancakeV3/100 in=7.045 ARB gap=31.4bps profit=$0.002 net=$-0.009"}
{"level":30,"time":1790807834284,"pid":20658,"hostname":"vm","msg":"  ARB>USDC@UniswapV3/100 USDC>ARB@PancakeV3/100 in=5.398 ARB gap=32.5bps profit=$0.002 net=$-0.009"}
{"level":30,"time":1790807834284,"pid":20658,"hostname":"vm","msg":"  ARB>USDC.e@PancakeV3/500 USDC.e>ARB@SushiV2 in=5.286 ARB gap=66.9bps profit=$0.002 net=$-0.007"}
{"level":30,"time":1790807834898,"pid":20658,"hostname":"vm","block":510479692,"gross":215,"net":0,"sumNetUsd":0,"gasPriceGwei":0.020004,"txCostUsd":0.0134,"syncMs":160,"searchMs":151,"msg":"block scanned"}
{"level":30,"time":1790807834898,"pid":20658,"hostname":"vm","msg":"  ARB>USDC.e@PancakeV3/100 USDC.e>ARB@SushiV2 in=7.936 ARB gap=82.8bps profit=$0.004 net=$-0.004"}
{"level":30,"time":1790807834898,"pid":20658,"hostname":"vm","msg":"  ARB>USDC.e@UniswapV3/500 USDC.e>ARB@SushiV2 in=5.848 ARB gap=67.3bps profit=$0.002 net=$-0.007"}
{"level":30,"time":1790807834898,"pid":20658,"hostname":"vm","msg":"  ARB>USDC@UniswapV3/500 USDC>ARB@PancakeV3/100 in=7.045 ARB gap=31.4bps profit=$0.002 net=$-0.009"}
{"level":30,"time":1790807834898,"pid":20658,"hostname":"vm","msg":"  ARB>USDC@UniswapV3/100 USDC>ARB@PancakeV3/100 in=5.398 ARB gap=32.5bps profit=$0.002 net=$-0.009"}
{"level":30,"time":1790807834898,"pid":20658,"hostname":"vm","msg":"  ARB>USDC.e@PancakeV3/500 USDC.e>ARB@SushiV2 in=5.286 ARB gap=66.9bps profit=$0.002 net=$-0.007"}
{"level":30,"time":1790807871678,"pid":20658,"hostname":"vm","block":510479694,"gross":215,"net":0,"sumNetUsd":0,"gasPriceGwei":0.02,"txCostUsd":0.0134,"syncMs":36307,"searchMs":158,"msg":"block scanned"}
{"level":30,"time":1790807871678,"pid":20658,"hostname":"vm","msg":"  ARB>USDC.e@PancakeV3/100 USDC.e>ARB@SushiV2 in=7.936 ARB gap=82.8bps profit=$0.004 net=$-0.004"}
{"level":30,"time":1790807871678,"pid":20658,"hostname":"vm","msg":"  ARB>USDC.e@UniswapV3/500 USDC.e>ARB@SushiV2 in=5.848 ARB gap=67.3bps profit=$0.002 net=$-0.007"}
{"level":30,"time":1790807871678,"pid":20658,"hostname":"vm","msg":"  ARB>USDC@UniswapV3/500 USDC>ARB@PancakeV3/100 in=7.045 ARB gap=31.4bps profit=$0.002 net=$-0.009"}
{"level":30,"time":1790807871678,"pid":20658,"hostname":"vm","msg":"  ARB>USDC@UniswapV3/100 USDC>ARB@PancakeV3/100 in=5.398 ARB gap=32.5bps profit=$0.002 net=$-0.009"}
{"level":30,"time":1790807871678,"pid":20658,"hostname":"vm","msg":"  ARB>USDC.e@PancakeV3/500 USDC.e>ARB@SushiV2 in=5.286 ARB gap=66.9bps profit=$0.002 net=$-0.007"}
{"level":30,"time":1790807872074,"pid":20658,"hostname":"vm","block":510479820,"gross":211,"net":0,"sumNetUsd":0,"gasPriceGwei":0.020014,"txCostUsd":0.0135,"syncMs":143,"searchMs":150,"msg":"block scanned"}
{"level":30,"time":1790807872074,"pid":20658,"hostname":"vm","msg":"  ARB>USDC.e@PancakeV3/100 USDC.e>ARB@SushiV2 in=7.936 ARB gap=82.8bps profit=$0.004 net=$-0.004"}
{"level":30,"time":1790807872074,"pid":20658,"hostname":"vm","msg":"  ARB>USDC.e@PancakeV3/100 USDC.e>ARB@UniswapV3/500 in=16.32 ARB gap=22.6bps profit=$0.003 net=$-0.008"}
{"level":30,"time":1790807872074,"pid":20658,"hostname":"vm","msg":"  ARB>USDC@UniswapV3/100 USDC>ARB@PancakeV3/100 in=5.398 ARB gap=32.5bps profit=$0.002 net=$-0.009"}
{"level":30,"time":1790807872074,"pid":20658,"hostname":"vm","msg":"  ARB>USDC.e@PancakeV3/500 USDC.e>ARB@SushiV2 in=5.286 ARB gap=66.9bps profit=$0.002 net=$-0.007"}
{"level":30,"time":1790807872074,"pid":20658,"hostname":"vm","msg":"  ARB>USDC.e@PancakeV3/100 USDC.e>ARB@UniswapV3/3000 in=7.370 ARB gap=53.8bps profit=$0.002 net=$-0.009"}
{"level":30,"time":1790807872679,"pid":20658,"hostname":"vm","block":510479823,"gross":211,"net":0,"sumNetUsd":0,"gasPriceGwei":0.02,"txCostUsd":0.0134,"syncMs":147,"searchMs":150,"msg":"block scanned"}
{"level":30,"time":1790807872679,"pid":20658,"hostname":"vm","msg":"  ARB>USDC.e@PancakeV3/100 USDC.e>ARB@SushiV2 in=7.936 ARB gap=82.8bps profit=$0.004 net=$-0.004"}
{"level":30,"time":1790807872679,"pid":20658,"hostname":"vm","msg":"  ARB>USDC.e@PancakeV3/100 USDC.e>ARB@UniswapV3/500 in=16.32 ARB gap=22.6bps profit=$0.003 net=$-0.008"}
{"level":30,"time":1790807872679,"pid":20658,"hostname":"vm","msg":"  ARB>USDC@UniswapV3/100 USDC>ARB@PancakeV3/100 in=5.398 ARB gap=32.5bps profit=$0.002 net=$-0.009"}
{"level":30,"time":1790807872679,"pid":20658,"hostname":"vm","msg":"  ARB>USDC.e@PancakeV3/500 USDC.e>ARB@SushiV2 in=5.286 ARB gap=66.9bps profit=$0.002 net=$-0.007"}
{"level":30,"time":1790807872679,"pid":20658,"hostname":"vm","msg":"  ARB>USDC.e@PancakeV3/100 USDC.e>ARB@UniswapV3/3000 in=7.370 ARB gap=53.8bps profit=$0.002 net=$-0.009"}
{"level":30,"time":1790807873299,"pid":20658,"hostname":"vm","block":510479825,"gross":211,"net":0,"sumNetUsd":0,"gasPriceGwei":0.020044,"txCostUsd":0.0135,"syncMs":141,"searchMs":164,"msg":"block scanned"}
{"level":30,"time":1790807873299,"pid":20658,"hostname":"vm","msg":"  ARB>USDC.e@PancakeV3/100 USDC.e>ARB@SushiV2 in=7.936 ARB gap=82.8bps profit=$0.004 net=$-0.004"}
{"level":30,"time":1790807873299,"pid":20658,"hostname":"vm","msg":"  ARB>USDC.e@PancakeV3/100 USDC.e>ARB@UniswapV3/500 in=16.32 ARB gap=22.6bps profit=$0.003 net=$-0.008"}
{"level":30,"time":1790807873299,"pid":20658,"hostname":"vm","msg":"  ARB>USDC@UniswapV3/100 USDC>ARB@PancakeV3/100 in=5.398 ARB gap=32.5bps profit=$0.002 net=$-0.009"}
{"level":30,"time":1790807873299,"pid":20658,"hostname":"vm","msg":"  ARB>USDC.e@PancakeV3/500 USDC.e>ARB@SushiV2 in=5.286 ARB gap=66.9bps profit=$0.002 net=$-0.007"}
{"level":30,"time":1790807873299,"pid":20658,"hostname":"vm","msg":"  ARB>USDC.e@PancakeV3/100 USDC.e>ARB@UniswapV3/3000 in=7.370 ARB gap=53.8bps profit=$0.002 net=$-0.009"}
{"level":30,"time":1790807873898,"pid":20658,"hostname":"vm","block":510479827,"gross":211,"net":0,"sumNetUsd":0,"gasPriceGwei":0.020064,"txCostUsd":0.0135,"syncMs":139,"searchMs":149,"msg":"block scanned"}
{"level":30,"time":1790807873898,"pid":20658,"hostname":"vm","msg":"  ARB>USDC.e@PancakeV3/100 USDC.e>ARB@SushiV2 in=7.936 ARB gap=82.8bps profit=$0.004 net=$-0.004"}
{"level":30,"time":1790807873898,"pid":20658,"hostname":"vm","msg":"  ARB>USDC.e@PancakeV3/100 USDC.e>ARB@UniswapV3/500 in=16.32 ARB gap=22.6bps profit=$0.003 net=$-0.008"}
{"level":30,"time":1790807873898,"pid":20658,"hostname":"vm","msg":"  ARB>USDC@UniswapV3/100 USDC>ARB@PancakeV3/100 in=5.398 ARB gap=32.5bps profit=$0.002 net=$-0.009"}
{"level":30,"time":1790807873898,"pid":20658,"hostname":"vm","msg":"  ARB>USDC.e@PancakeV3/500 USDC.e>ARB@SushiV2 in=5.286 ARB gap=66.9bps profit=$0.002 net=$-0.007"}
{"level":30,"time":1790807873898,"pid":20658,"hostname":"vm","msg":"  ARB>USDC.e@PancakeV3/100 USDC.e>ARB@UniswapV3/3000 in=7.370 ARB gap=53.8bps profit=$0.002 net=$-0.009"}
{"level":30,"time":1790807874501,"pid":20658,"hostname":"vm","block":510479828,"gross":211,"net":0,"sumNetUsd":0,"gasPriceGwei":0.020336,"txCostUsd":0.0137,"syncMs":138,"searchMs":157,"msg":"block scanned"}
{"level":30,"time":1790807874501,"pid":20658,"hostname":"vm","msg":"  ARB>USDC.e@PancakeV3/100 USDC.e>ARB@SushiV2 in=7.936 ARB gap=82.8bps profit=$0.004 net=$-0.005"}
{"level":30,"time":1790807874501,"pid":20658,"hostname":"vm","msg":"  ARB>USDC.e@PancakeV3/100 USDC.e>ARB@UniswapV3/500 in=16.32 ARB gap=22.6bps profit=$0.003 net=$-0.009"}
{"level":30,"time":1790807874501,"pid":20658,"hostname":"vm","msg":"  ARB>USDC@UniswapV3/100 USDC>ARB@PancakeV3/100 in=5.398 ARB gap=32.5bps profit=$0.002 net=$-0.010"}
{"level":30,"time":1790807874501,"pid":20658,"hostname":"vm","msg":"  ARB>USDC.e@PancakeV3/500 USDC.e>ARB@SushiV2 in=5.286 ARB gap=66.9bps profit=$0.002 net=$-0.007"}
{"level":30,"time":1790807874501,"pid":20658,"hostname":"vm","msg":"  ARB>USDC.e@PancakeV3/100 USDC.e>ARB@UniswapV3/3000 in=7.370 ARB gap=53.8bps profit=$0.002 net=$-0.010"}
{"level":30,"time":1790807875133,"pid":20658,"hostname":"vm","block":510479831,"gross":211,"net":0,"sumNetUsd":0,"gasPriceGwei":0.020006,"txCostUsd":0.0134,"syncMs":154,"searchMs":176,"msg":"block scanned"}
{"level":30,"time":1790807875133,"pid":20658,"hostname":"vm","msg":"  ARB>USDC.e@PancakeV3/100 USDC.e>ARB@SushiV2 in=7.936 ARB gap=82.8bps profit=$0.004 net=$-0.004"}
{"level":30,"time":1790807875133,"pid":20658,"hostname":"vm","msg":"  ARB>USDC.e@PancakeV3/100 USDC.e>ARB@UniswapV3/500 in=16.32 ARB gap=22.6bps profit=$0.003 net=$-0.008"}
{"level":30,"time":1790807875133,"pid":20658,"hostname":"vm","msg":"  ARB>USDC@UniswapV3/100 USDC>ARB@PancakeV3/100 in=5.398 ARB gap=32.5bps profit=$0.002 net=$-0.009"}
{"level":30,"time":1790807875133,"pid":20658,"hostname":"vm","msg":"  ARB>USDC.e@PancakeV3/500 USDC.e>ARB@SushiV2 in=5.286 ARB gap=66.9bps profit=$0.002 net=$-0.007"}
{"level":30,"time":1790807875133,"pid":20658,"hostname":"vm","msg":"  ARB>USDC.e@PancakeV3/100 USDC.e>ARB@UniswapV3/3000 in=7.370 ARB gap=53.8bps profit=$0.002 net=$-0.009"}
{"level":30,"time":1790807875722,"pid":20658,"hostname":"vm","block":510479833,"gross":211,"net":0,"sumNetUsd":0,"gasPriceGwei":0.020002,"txCostUsd":0.0134,"syncMs":134,"searchMs":150,"msg":"block scanned"}
{"level":30,"time":1790807875722,"pid":20658,"hostname":"vm","msg":"  ARB>USDC.e@PancakeV3/100 USDC.e>ARB@SushiV2 in=7.936 ARB gap=82.8bps profit=$0.004 net=$-0.004"}
{"level":30,"time":1790807875722,"pid":20658,"hostname":"vm","msg":"  ARB>USDC.e@PancakeV3/100 USDC.e>ARB@UniswapV3/500 in=16.32 ARB gap=22.6bps profit=$0.003 net=$-0.008"}
{"level":30,"time":1790807875722,"pid":20658,"hostname":"vm","msg":"  ARB>USDC@UniswapV3/100 USDC>ARB@PancakeV3/100 in=5.398 ARB gap=32.5bps profit=$0.002 net=$-0.009"}
{"level":30,"time":1790807875722,"pid":20658,"hostname":"vm","msg":"  ARB>USDC.e@PancakeV3/500 USDC.e>ARB@SushiV2 in=5.286 ARB gap=66.9bps profit=$0.002 net=$-0.007"}
{"level":30,"time":1790807875722,"pid":20658,"hostname":"vm","msg":"  ARB>USDC.e@PancakeV3/100 USDC.e>ARB@UniswapV3/3000 in=7.370 ARB gap=53.8bps profit=$0.002 net=$-0.009"}
{"level":30,"time":1790807876380,"pid":20658,"hostname":"vm","block":510479836,"gross":211,"net":0,"sumNetUsd":0,"gasPriceGwei":0.020012,"txCostUsd":0.0135,"syncMs":153,"searchMs":162,"msg":"block scanned"}
{"level":30,"time":1790807876380,"pid":20658,"hostname":"vm","msg":"  ARB>USDC.e@PancakeV3/100 USDC.e>ARB@SushiV2 in=7.936 ARB gap=82.8bps profit=$0.004 net=$-0.004"}
{"level":30,"time":1790807876380,"pid":20658,"hostname":"vm","msg":"  ARB>USDC.e@PancakeV3/100 USDC.e>ARB@UniswapV3/500 in=16.32 ARB gap=22.6bps profit=$0.003 net=$-0.008"}
{"level":30,"time":1790807876380,"pid":20658,"hostname":"vm","msg":"  ARB>USDC@UniswapV3/100 USDC>ARB@PancakeV3/100 in=5.398 ARB gap=32.5bps profit=$0.002 net=$-0.009"}
{"level":30,"time":1790807876380,"pid":20658,"hostname":"vm","msg":"  ARB>USDC.e@PancakeV3/500 USDC.e>ARB@SushiV2 in=5.286 ARB gap=66.9bps profit=$0.002 net=$-0.007"}
{"level":30,"time":1790807876380,"pid":20658,"hostname":"vm","msg":"  ARB>USDC.e@PancakeV3/100 USDC.e>ARB@UniswapV3/3000 in=7.370 ARB gap=53.8bps profit=$0.002 net=$-0.009"}
{"level":30,"time":1790807877561,"pid":20658,"hostname":"vm","block":510479839,"gross":211,"net":0,"sumNetUsd":0,"gasPriceGwei":0.02,"txCostUsd":0.0134,"syncMs":162,"searchMs":160,"msg":"block scanned"}
{"level":30,"time":1790807877561,"pid":20658,"hostname":"vm","msg":"  ARB>USDC.e@PancakeV3/100 USDC.e>ARB@SushiV2 in=7.936 ARB gap=82.8bps profit=$0.004 net=$-0.004"}
{"level":30,"time":1790807877561,"pid":20658,"hostname":"vm","msg":"  ARB>USDC.e@PancakeV3/100 USDC.e>ARB@UniswapV3/500 in=16.32 ARB gap=22.6bps profit=$0.003 net=$-0.008"}
{"level":30,"time":1790807877561,"pid":20658,"hostname":"vm","msg":"  ARB>USDC@UniswapV3/100 USDC>ARB@PancakeV3/100 in=5.398 ARB gap=32.5bps profit=$0.002 net=$-0.009"}
{"level":30,"time":1790807877561,"pid":20658,"hostname":"vm","msg":"  ARB>USDC.e@PancakeV3/500 USDC.e>ARB@SushiV2 in=5.286 ARB gap=66.9bps profit=$0.002 net=$-0.007"}
{"level":30,"time":1790807877561,"pid":20658,"hostname":"vm","msg":"  ARB>USDC.e@PancakeV3/100 USDC.e>ARB@UniswapV3/3000 in=7.370 ARB gap=53.8bps profit=$0.002 net=$-0.009"}
{"level":30,"time":1790807878150,"pid":20658,"hostname":"vm","block":510479841,"gross":211,"net":0,"sumNetUsd":0,"gasPriceGwei":0.020246,"txCostUsd":0.0136,"syncMs":128,"searchMs":155,"msg":"block scanned"}
{"level":30,"time":1790807878150,"pid":20658,"hostname":"vm","msg":"  ARB>USDC.e@PancakeV3/100 USDC.e>ARB@SushiV2 in=7.936 ARB gap=82.8bps profit=$0.004 net=$-0.005"}
{"level":30,"time":1790807878150,"pid":20658,"hostname":"vm","msg":"  ARB>USDC.e@PancakeV3/100 USDC.e>ARB@UniswapV3/500 in=16.32 ARB gap=22.6bps profit=$0.003 net=$-0.008"}
{"level":30,"time":1790807878150,"pid":20658,"hostname":"vm","msg":"  ARB>USDC@UniswapV3/100 USDC>ARB@PancakeV3/100 in=5.398 ARB gap=32.5bps profit=$0.002 net=$-0.010"}
{"level":30,"time":1790807878150,"pid":20658,"hostname":"vm","msg":"  ARB>USDC.e@PancakeV3/500 USDC.e>ARB@SushiV2 in=5.286 ARB gap=66.9bps profit=$0.002 net=$-0.007"}
{"level":30,"time":1790807878150,"pid":20658,"hostname":"vm","msg":"  ARB>USDC.e@PancakeV3/100 USDC.e>ARB@UniswapV3/3000 in=7.370 ARB gap=53.8bps profit=$0.002 net=$-0.010"}
{"level":30,"time":1790807878745,"pid":20658,"hostname":"vm","block":510479843,"gross":211,"net":0,"sumNetUsd":0,"gasPriceGwei":0.02,"txCostUsd":0.0134,"syncMs":134,"searchMs":147,"msg":"block scanned"}
{"level":30,"time":1790807878745,"pid":20658,"hostname":"vm","msg":"  ARB>USDC.e@PancakeV3/100 USDC.e>ARB@SushiV2 in=7.936 ARB gap=82.8bps profit=$0.004 net=$-0.004"}
{"level":30,"time":1790807878745,"pid":20658,"hostname":"vm","msg":"  ARB>USDC.e@PancakeV3/100 USDC.e>ARB@UniswapV3/500 in=16.32 ARB gap=22.6bps profit=$0.003 net=$-0.008"}
{"level":30,"time":1790807878745,"pid":20658,"hostname":"vm","msg":"  ARB>USDC@UniswapV3/100 USDC>ARB@PancakeV3/100 in=5.398 ARB gap=32.5bps profit=$0.002 net=$-0.009"}
{"level":30,"time":1790807878745,"pid":20658,"hostname":"vm","msg":"  ARB>USDC.e@PancakeV3/500 USDC.e>ARB@SushiV2 in=5.286 ARB gap=66.9bps profit=$0.002 net=$-0.007"}
{"level":30,"time":1790807878745,"pid":20658,"hostname":"vm","msg":"  ARB>USDC.e@PancakeV3/100 USDC.e>ARB@UniswapV3/3000 in=7.370 ARB gap=53.8bps profit=$0.002 net=$-0.009"}
{"level":30,"time":1790807879344,"pid":20658,"hostname":"vm","block":510479845,"gross":211,"net":0,"sumNetUsd":0,"gasPriceGwei":0.020054,"txCostUsd":0.0135,"syncMs":147,"searchMs":150,"msg":"block scanned"}
{"level":30,"time":1790807879344,"pid":20658,"hostname":"vm","msg":"  ARB>USDC.e@PancakeV3/100 USDC.e>ARB@SushiV2 in=7.936 ARB gap=82.8bps profit=$0.004 net=$-0.004"}
{"level":30,"time":1790807879344,"pid":20658,"hostname":"vm","msg":"  ARB>USDC.e@PancakeV3/100 USDC.e>ARB@UniswapV3/500 in=16.32 ARB gap=22.6bps profit=$0.003 net=$-0.008"}
{"level":30,"time":1790807879344,"pid":20658,"hostname":"vm","msg":"  ARB>USDC@UniswapV3/100 USDC>ARB@PancakeV3/100 in=5.398 ARB gap=32.5bps profit=$0.002 net=$-0.009"}
{"level":30,"time":1790807879344,"pid":20658,"hostname":"vm","msg":"  ARB>USDC.e@PancakeV3/500 USDC.e>ARB@SushiV2 in=5.286 ARB gap=66.9bps profit=$0.002 net=$-0.007"}
{"level":30,"time":1790807879344,"pid":20658,"hostname":"vm","msg":"  ARB>USDC.e@PancakeV3/100 USDC.e>ARB@UniswapV3/3000 in=7.370 ARB gap=53.8bps profit=$0.002 net=$-0.009"}
{"level":30,"time":1790807879937,"pid":20658,"hostname":"vm","block":510479847,"gross":211,"net":0,"sumNetUsd":0,"gasPriceGwei":0.020064,"txCostUsd":0.0135,"syncMs":136,"searchMs":149,"msg":"block scanned"}
{"level":30,"time":1790807879937,"pid":20658,"hostname":"vm","msg":"  ARB>USDC.e@PancakeV3/100 USDC.e>ARB@SushiV2 in=7.936 ARB gap=82.8bps profit=$0.004 net=$-0.004"}
{"level":30,"time":1790807879937,"pid":20658,"hostname":"vm","msg":"  ARB>USDC.e@PancakeV3/100 USDC.e>ARB@UniswapV3/500 in=16.32 ARB gap=22.6bps profit=$0.003 net=$-0.008"}
{"level":30,"time":1790807879937,"pid":20658,"hostname":"vm","msg":"  ARB>USDC@UniswapV3/100 USDC>ARB@PancakeV3/100 in=5.398 ARB gap=32.5bps profit=$0.002 net=$-0.009"}
{"level":30,"time":1790807879937,"pid":20658,"hostname":"vm","msg":"  ARB>USDC.e@PancakeV3/500 USDC.e>ARB@SushiV2 in=5.286 ARB gap=66.9bps profit=$0.002 net=$-0.007"}
{"level":30,"time":1790807879937,"pid":20658,"hostname":"vm","msg":"  ARB>USDC.e@PancakeV3/100 USDC.e>ARB@UniswapV3/3000 in=7.370 ARB gap=53.8bps profit=$0.002 net=$-0.009"}
{"level":30,"time":1790807880540,"pid":20658,"hostname":"vm","block":510479849,"gross":211,"net":0,"sumNetUsd":0,"gasPriceGwei":0.02,"txCostUsd":0.0134,"syncMs":147,"searchMs":149,"msg":"block scanned"}
{"level":30,"time":1790807880540,"pid":20658,"hostname":"vm","msg":"  ARB>USDC.e@PancakeV3/100 USDC.e>ARB@SushiV2 in=7.936 ARB gap=82.8bps profit=$0.004 net=$-0.004"}
{"level":30,"time":1790807880540,"pid":20658,"hostname":"vm","msg":"  ARB>USDC.e@PancakeV3/100 USDC.e>ARB@UniswapV3/500 in=16.32 ARB gap=22.6bps profit=$0.003 net=$-0.008"}
{"level":30,"time":1790807880540,"pid":20658,"hostname":"vm","msg":"  ARB>USDC@UniswapV3/100 USDC>ARB@PancakeV3/100 in=5.398 ARB gap=32.5bps profit=$0.002 net=$-0.009"}
{"level":30,"time":1790807880540,"pid":20658,"hostname":"vm","msg":"  ARB>USDC.e@PancakeV3/500 USDC.e>ARB@SushiV2 in=5.286 ARB gap=66.9bps profit=$0.002 net=$-0.007"}
{"level":30,"time":1790807880540,"pid":20658,"hostname":"vm","msg":"  ARB>USDC.e@PancakeV3/100 USDC.e>ARB@UniswapV3/3000 in=7.370 ARB gap=53.8bps profit=$0.002 net=$-0.009"}
{"level":30,"time":1790807915336,"pid":20658,"hostname":"vm","block":510479852,"gross":211,"net":0,"sumNetUsd":0,"gasPriceGwei":0.020032,"txCostUsd":0.0135,"syncMs":34290,"searchMs":167,"msg":"block scanned"}
{"level":30,"time":1790807915336,"pid":20658,"hostname":"vm","msg":"  ARB>USDC.e@PancakeV3/100 USDC.e>ARB@SushiV2 in=7.936 ARB gap=82.8bps profit=$0.004 net=$-0.004"}
{"level":30,"time":1790807915336,"pid":20658,"hostname":"vm","msg":"  ARB>USDC.e@PancakeV3/100 USDC.e>ARB@UniswapV3/500 in=16.32 ARB gap=22.6bps profit=$0.003 net=$-0.008"}
{"level":30,"time":1790807915336,"pid":20658,"hostname":"vm","msg":"  ARB>USDC@UniswapV3/100 USDC>ARB@PancakeV3/100 in=5.398 ARB gap=32.5bps profit=$0.002 net=$-0.009"}
{"level":30,"time":1790807915336,"pid":20658,"hostname":"vm","msg":"  ARB>USDC.e@PancakeV3/500 USDC.e>ARB@SushiV2 in=5.286 ARB gap=66.9bps profit=$0.002 net=$-0.007"}
{"level":30,"time":1790807915336,"pid":20658,"hostname":"vm","msg":"  ARB>USDC.e@PancakeV3/100 USDC.e>ARB@UniswapV3/3000 in=7.370 ARB gap=53.8bps profit=$0.002 net=$-0.009"}
{"level":30,"time":1790807915726,"pid":20658,"hostname":"vm","block":510479975,"gross":214,"net":0,"sumNetUsd":0,"gasPriceGwei":0.02,"txCostUsd":0.0134,"syncMs":136,"searchMs":150,"msg":"block scanned"}
{"level":30,"time":1790807915726,"pid":20658,"hostname":"vm","msg":"  ARB>USDC.e@PancakeV3/100 USDC.e>ARB@SushiV2 in=7.936 ARB gap=82.8bps profit=$0.004 net=$-0.004"}
{"level":30,"time":1790807915726,"pid":20658,"hostname":"vm","msg":"  ARB>USDC.e@PancakeV3/100 USDC.e>ARB@UniswapV3/500 in=16.32 ARB gap=22.6bps profit=$0.003 net=$-0.008"}
{"level":30,"time":1790807915726,"pid":20658,"hostname":"vm","msg":"  ARB>USDC@UniswapV3/100 USDC>ARB@PancakeV3/100 in=5.398 ARB gap=32.5bps profit=$0.002 net=$-0.009"}
{"level":30,"time":1790807915726,"pid":20658,"hostname":"vm","msg":"  ARB>USDC.e@PancakeV3/500 USDC.e>ARB@SushiV2 in=5.286 ARB gap=66.9bps profit=$0.002 net=$-0.007"}
{"level":30,"time":1790807915726,"pid":20658,"hostname":"vm","msg":"  ARB>USDC.e@PancakeV3/100 USDC.e>ARB@UniswapV3/3000 in=7.370 ARB gap=53.8bps profit=$0.002 net=$-0.009"}
{"level":30,"time":1790807916325,"pid":20658,"hostname":"vm","block":510479977,"gross":214,"net":0,"sumNetUsd":0,"gasPriceGwei":0.020006,"txCostUsd":0.0134,"syncMs":144,"searchMs":149,"msg":"block scanned"}
{"level":30,"time":1790807916325,"pid":20658,"hostname":"vm","msg":"  ARB>USDC.e@PancakeV3/100 USDC.e>ARB@SushiV2 in=7.936 ARB gap=82.8bps profit=$0.004 net=$-0.004"}
{"level":30,"time":1790807916326,"pid":20658,"hostname":"vm","msg":"  ARB>USDC.e@PancakeV3/100 USDC.e>ARB@UniswapV3/500 in=16.32 ARB gap=22.6bps profit=$0.003 net=$-0.008"}
{"level":30,"time":1790807916326,"pid":20658,"hostname":"vm","msg":"  ARB>USDC@UniswapV3/100 USDC>ARB@PancakeV3/100 in=5.398 ARB gap=32.5bps profit=$0.002 net=$-0.009"}
{"level":30,"time":1790807916326,"pid":20658,"hostname":"vm","msg":"  ARB>USDC.e@PancakeV3/500 USDC.e>ARB@SushiV2 in=5.286 ARB gap=66.9bps profit=$0.002 net=$-0.007"}
{"level":30,"time":1790807916326,"pid":20658,"hostname":"vm","msg":"  ARB>USDC.e@PancakeV3/100 USDC.e>ARB@UniswapV3/3000 in=7.370 ARB gap=53.8bps profit=$0.002 net=$-0.009"}
{"level":30,"time":1790807916980,"pid":20658,"hostname":"vm","block":510479979,"gross":214,"net":0,"sumNetUsd":0,"gasPriceGwei":0.02,"txCostUsd":0.0134,"syncMs":171,"searchMs":151,"msg":"block scanned"}
{"level":30,"time":1790807916980,"pid":20658,"hostname":"vm","msg":"  ARB>USDC.e@PancakeV3/100 USDC.e>ARB@SushiV2 in=7.936 ARB gap=82.8bps profit=$0.004 net=$-0.004"}
{"level":30,"time":1790807916980,"pid":20658,"hostname":"vm","msg":"  ARB>USDC.e@PancakeV3/100 USDC.e>ARB@UniswapV3/500 in=16.32 ARB gap=22.6bps profit=$0.003 net=$-0.008"}
{"level":30,"time":1790807916980,"pid":20658,"hostname":"vm","msg":"  ARB>USDC@UniswapV3/100 USDC>ARB@PancakeV3/100 in=5.398 ARB gap=32.5bps profit=$0.002 net=$-0.009"}
{"level":30,"time":1790807916980,"pid":20658,"hostname":"vm","msg":"  ARB>USDC.e@PancakeV3/500 USDC.e>ARB@SushiV2 in=5.286 ARB gap=66.9bps profit=$0.002 net=$-0.007"}
{"level":30,"time":1790807916980,"pid":20658,"hostname":"vm","msg":"  ARB>USDC.e@PancakeV3/100 USDC.e>ARB@UniswapV3/3000 in=7.370 ARB gap=53.8bps profit=$0.002 net=$-0.009"}
{"level":30,"time":1790807917602,"pid":20658,"hostname":"vm","block":510479981,"gross":214,"net":0,"sumNetUsd":0,"gasPriceGwei":0.020042,"txCostUsd":0.0135,"syncMs":152,"searchMs":152,"msg":"block scanned"}
{"level":30,"time":1790807917602,"pid":20658,"hostname":"vm","msg":"  ARB>USDC.e@PancakeV3/100 USDC.e>ARB@SushiV2 in=7.936 ARB gap=82.8bps profit=$0.004 net=$-0.004"}
{"level":30,"time":1790807917602,"pid":20658,"hostname":"vm","msg":"  ARB>USDC.e@PancakeV3/100 USDC.e>ARB@UniswapV3/500 in=16.32 ARB gap=22.6bps profit=$0.003 net=$-0.008"}
{"level":30,"time":1790807917602,"pid":20658,"hostname":"vm","msg":"  ARB>USDC@UniswapV3/100 USDC>ARB@PancakeV3/100 in=5.398 ARB gap=32.5bps profit=$0.002 net=$-0.009"}
{"level":30,"time":1790807917602,"pid":20658,"hostname":"vm","msg":"  ARB>USDC.e@PancakeV3/500 USDC.e>ARB@SushiV2 in=5.286 ARB gap=66.9bps profit=$0.002 net=$-0.007"}
{"level":30,"time":1790807917602,"pid":20658,"hostname":"vm","msg":"  ARB>USDC.e@PancakeV3/100 USDC.e>ARB@UniswapV3/3000 in=7.370 ARB gap=53.8bps profit=$0.002 net=$-0.009"}
{"level":30,"time":1790807918198,"pid":20658,"hostname":"vm","block":510479983,"gross":214,"net":0,"sumNetUsd":0,"gasPriceGwei":0.02,"txCostUsd":0.0134,"syncMs":137,"searchMs":152,"msg":"block scanned"}
{"level":30,"time":1790807918198,"pid":20658,"hostname":"vm","msg":"  ARB>USDC.e@PancakeV3/100 USDC.e>ARB@SushiV2 in=7.936 ARB gap=82.8bps profit=$0.004 net=$-0.004"}
{"level":30,"time":1790807918198,"pid":20658,"hostname":"vm","msg":"  ARB>USDC.e@PancakeV3/100 USDC.e>ARB@UniswapV3/500 in=16.32 ARB gap=22.6bps profit=$0.003 net=$-0.008"}
{"level":30,"time":1790807918198,"pid":20658,"hostname":"vm","msg":"  ARB>USDC@UniswapV3/100 USDC>ARB@PancakeV3/100 in=5.398 ARB gap=32.5bps profit=$0.002 net=$-0.009"}
{"level":30,"time":1790807918198,"pid":20658,"hostname":"vm","msg":"  ARB>USDC.e@PancakeV3/500 USDC.e>ARB@SushiV2 in=5.286 ARB gap=66.9bps profit=$0.002 net=$-0.007"}
{"level":30,"time":1790807918198,"pid":20658,"hostname":"vm","msg":"  ARB>USDC.e@PancakeV3/100 USDC.e>ARB@UniswapV3/3000 in=7.370 ARB gap=53.8bps profit=$0.002 net=$-0.009"}
{"level":30,"time":1790807918807,"pid":20658,"hostname":"vm","block":510479985,"gross":214,"net":0,"sumNetUsd":0,"gasPriceGwei":0.02,"txCostUsd":0.0134,"syncMs":143,"searchMs":152,"msg":"block scanned"}
{"level":30,"time":1790807918807,"pid":20658,"hostname":"vm","msg":"  ARB>USDC.e@PancakeV3/100 USDC.e>ARB@SushiV2 in=7.936 ARB gap=82.8bps profit=$0.004 net=$-0.004"}
{"level":30,"time":1790807918807,"pid":20658,"hostname":"vm","msg":"  ARB>USDC.e@PancakeV3/100 USDC.e>ARB@UniswapV3/500 in=16.32 ARB gap=22.6bps profit=$0.003 net=$-0.008"}
{"level":30,"time":1790807918807,"pid":20658,"hostname":"vm","msg":"  ARB>USDC@UniswapV3/100 USDC>ARB@PancakeV3/100 in=5.398 ARB gap=32.5bps profit=$0.002 net=$-0.009"}
{"level":30,"time":1790807918807,"pid":20658,"hostname":"vm","msg":"  ARB>USDC.e@PancakeV3/500 USDC.e>ARB@SushiV2 in=5.286 ARB gap=66.9bps profit=$0.002 net=$-0.007"}
{"level":30,"time":1790807918807,"pid":20658,"hostname":"vm","msg":"  ARB>USDC.e@PancakeV3/100 USDC.e>ARB@UniswapV3/3000 in=7.370 ARB gap=53.8bps profit=$0.002 net=$-0.009"}
{"level":30,"time":1790807919436,"pid":20658,"hostname":"vm","block":510479987,"gross":214,"net":0,"sumNetUsd":0,"gasPriceGwei":0.020046,"txCostUsd":0.0135,"syncMs":148,"searchMs":164,"msg":"block scanned"}
{"level":30,"time":1790807919437,"pid":20658,"hostname":"vm","msg":"  ARB>USDC.e@PancakeV3/100 USDC.e>ARB@SushiV2 in=7.936 ARB gap=82.8bps profit=$0.004 net=$-0.004"}
{"level":30,"time":1790807919437,"pid":20658,"hostname":"vm","msg":"  ARB>USDC.e@PancakeV3/100 USDC.e>ARB@UniswapV3/500 in=16.32 ARB gap=22.6bps profit=$0.003 net=$-0.008"}
{"level":30,"time":1790807919437,"pid":20658,"hostname":"vm","msg":"  ARB>USDC@UniswapV3/100 USDC>ARB@PancakeV3/100 in=5.398 ARB gap=32.5bps profit=$0.002 net=$-0.009"}
{"level":30,"time":1790807919437,"pid":20658,"hostname":"vm","msg":"  ARB>USDC.e@PancakeV3/500 USDC.e>ARB@SushiV2 in=5.286 ARB gap=66.9bps profit=$0.002 net=$-0.007"}
{"level":30,"time":1790807919437,"pid":20658,"hostname":"vm","msg":"  ARB>USDC.e@PancakeV3/100 USDC.e>ARB@UniswapV3/3000 in=7.370 ARB gap=53.8bps profit=$0.002 net=$-0.009"}
{"level":30,"time":1790807920037,"pid":20658,"hostname":"vm","block":510479989,"gross":214,"net":0,"sumNetUsd":0,"gasPriceGwei":0.02,"txCostUsd":0.0134,"syncMs":148,"searchMs":148,"msg":"block scanned"}
{"level":30,"time":1790807920037,"pid":20658,"hostname":"vm","msg":"  ARB>USDC.e@PancakeV3/100 USDC.e>ARB@SushiV2 in=7.936 ARB gap=82.8bps profit=$0.004 net=$-0.004"}
{"level":30,"time":1790807920037,"pid":20658,"hostname":"vm","msg":"  ARB>USDC.e@PancakeV3/100 USDC.e>ARB@UniswapV3/500 in=16.32 ARB gap=22.6bps profit=$0.003 net=$-0.008"}
{"level":30,"time":1790807920037,"pid":20658,"hostname":"vm","msg":"  ARB>USDC@UniswapV3/100 USDC>ARB@PancakeV3/100 in=5.398 ARB gap=32.5bps profit=$0.002 net=$-0.009"}
{"level":30,"time":1790807920037,"pid":20658,"hostname":"vm","msg":"  ARB>USDC.e@PancakeV3/500 USDC.e>ARB@SushiV2 in=5.286 ARB gap=66.9bps profit=$0.002 net=$-0.007"}
{"level":30,"time":1790807920037,"pid":20658,"hostname":"vm","msg":"  ARB>USDC.e@PancakeV3/100 USDC.e>ARB@UniswapV3/3000 in=7.370 ARB gap=53.8bps profit=$0.002 net=$-0.009"}
{"level":30,"time":1790807920677,"pid":20658,"hostname":"vm","block":510479991,"gross":214,"net":0,"sumNetUsd":0,"gasPriceGwei":0.02,"txCostUsd":0.0134,"syncMs":184,"searchMs":154,"msg":"block scanned"}
{"level":30,"time":1790807920677,"pid":20658,"hostname":"vm","msg":"  ARB>USDC.e@PancakeV3/100 USDC.e>ARB@SushiV2 in=7.936 ARB gap=82.8bps profit=$0.004 net=$-0.004"}
{"level":30,"time":1790807920677,"pid":20658,"hostname":"vm","msg":"  ARB>USDC.e@PancakeV3/100 USDC.e>ARB@UniswapV3/500 in=16.32 ARB gap=22.6bps profit=$0.003 net=$-0.008"}
{"level":30,"time":1790807920677,"pid":20658,"hostname":"vm","msg":"  ARB>USDC@UniswapV3/100 USDC>ARB@PancakeV3/100 in=5.398 ARB gap=32.5bps profit=$0.002 net=$-0.009"}
{"level":30,"time":1790807920677,"pid":20658,"hostname":"vm","msg":"  ARB>USDC.e@PancakeV3/500 USDC.e>ARB@SushiV2 in=5.286 ARB gap=66.9bps profit=$0.002 net=$-0.007"}
{"level":30,"time":1790807920677,"pid":20658,"hostname":"vm","msg":"  ARB>USDC.e@PancakeV3/100 USDC.e>ARB@UniswapV3/3000 in=7.370 ARB gap=53.8bps profit=$0.002 net=$-0.009"}
{"level":30,"time":1790807921273,"pid":20658,"hostname":"vm","block":510479993,"gross":214,"net":0,"sumNetUsd":0,"gasPriceGwei":0.020006,"txCostUsd":0.0134,"syncMs":131,"searchMs":156,"msg":"block scanned"}
{"level":30,"time":1790807921273,"pid":20658,"hostname":"vm","msg":"  ARB>USDC.e@PancakeV3/100 USDC.e>ARB@SushiV2 in=7.936 ARB gap=82.8bps profit=$0.004 net=$-0.004"}
{"level":30,"time":1790807921273,"pid":20658,"hostname":"vm","msg":"  ARB>USDC.e@PancakeV3/100 USDC.e>ARB@UniswapV3/500 in=16.32 ARB gap=22.6bps profit=$0.003 net=$-0.008"}
{"level":30,"time":1790807921273,"pid":20658,"hostname":"vm","msg":"  ARB>USDC@UniswapV3/100 USDC>ARB@PancakeV3/100 in=5.398 ARB gap=32.5bps profit=$0.002 net=$-0.009"}
{"level":30,"time":1790807921273,"pid":20658,"hostname":"vm","msg":"  ARB>USDC.e@PancakeV3/500 USDC.e>ARB@SushiV2 in=5.286 ARB gap=66.9bps profit=$0.002 net=$-0.007"}
{"level":30,"time":1790807921273,"pid":20658,"hostname":"vm","msg":"  ARB>USDC.e@PancakeV3/100 USDC.e>ARB@UniswapV3/3000 in=7.370 ARB gap=53.8bps profit=$0.002 net=$-0.009"}
{"level":30,"time":1790807921863,"pid":20658,"hostname":"vm","block":510479996,"gross":214,"net":0,"sumNetUsd":0,"gasPriceGwei":0.02002,"txCostUsd":0.0135,"syncMs":130,"searchMs":153,"msg":"block scanned"}
{"level":30,"time":1790807921863,"pid":20658,"hostname":"vm","msg":"  ARB>USDC.e@PancakeV3/100 USDC.e>ARB@SushiV2 in=7.936 ARB gap=82.8bps profit=$0.004 net=$-0.004"}
{"level":30,"time":1790807921863,"pid":20658,"hostname":"vm","msg":"  ARB>USDC.e@PancakeV3/100 USDC.e>ARB@UniswapV3/500 in=16.32 ARB gap=22.6bps profit=$0.003 net=$-0.008"}
{"level":30,"time":1790807921863,"pid":20658,"hostname":"vm","msg":"  ARB>USDC@UniswapV3/100 USDC>ARB@PancakeV3/100 in=5.398 ARB gap=32.5bps profit=$0.002 net=$-0.009"}
{"level":30,"time":1790807921863,"pid":20658,"hostname":"vm","msg":"  ARB>USDC.e@PancakeV3/500 USDC.e>ARB@SushiV2 in=5.286 ARB gap=66.9bps profit=$0.002 net=$-0.007"}
{"level":30,"time":1790807921863,"pid":20658,"hostname":"vm","msg":"  ARB>USDC.e@PancakeV3/100 USDC.e>ARB@UniswapV3/3000 in=7.370 ARB gap=53.8bps profit=$0.002 net=$-0.009"}
{"level":30,"time":1790807922445,"pid":20658,"hostname":"vm","block":510479998,"gross":214,"net":0,"sumNetUsd":0,"gasPriceGwei":0.020048,"txCostUsd":0.0135,"syncMs":117,"searchMs":149,"msg":"block scanned"}
{"level":30,"time":1790807922445,"pid":20658,"hostname":"vm","msg":"  ARB>USDC.e@PancakeV3/100 USDC.e>ARB@SushiV2 in=7.936 ARB gap=82.8bps profit=$0.004 net=$-0.004"}
{"level":30,"time":1790807922445,"pid":20658,"hostname":"vm","msg":"  ARB>USDC.e@PancakeV3/100 USDC.e>ARB@UniswapV3/500 in=16.32 ARB gap=22.6bps profit=$0.003 net=$-0.008"}
{"level":30,"time":1790807922445,"pid":20658,"hostname":"vm","msg":"  ARB>USDC@UniswapV3/100 USDC>ARB@PancakeV3/100 in=5.398 ARB gap=32.5bps profit=$0.002 net=$-0.009"}
{"level":30,"time":1790807922445,"pid":20658,"hostname":"vm","msg":"  ARB>USDC.e@PancakeV3/500 USDC.e>ARB@SushiV2 in=5.286 ARB gap=66.9bps profit=$0.002 net=$-0.007"}
{"level":30,"time":1790807922445,"pid":20658,"hostname":"vm","msg":"  ARB>USDC.e@PancakeV3/100 USDC.e>ARB@UniswapV3/3000 in=7.370 ARB gap=53.8bps profit=$0.002 net=$-0.009"}
{"level":30,"time":1790807923052,"pid":20658,"hostname":"vm","block":510480000,"gross":214,"net":0,"sumNetUsd":0,"gasPriceGwei":0.020042,"txCostUsd":0.0135,"syncMs":148,"searchMs":148,"msg":"block scanned"}
{"level":30,"time":1790807923052,"pid":20658,"hostname":"vm","msg":"  ARB>USDC.e@PancakeV3/100 USDC.e>ARB@SushiV2 in=7.936 ARB gap=82.8bps profit=$0.004 net=$-0.004"}
{"level":30,"time":1790807923052,"pid":20658,"hostname":"vm","msg":"  ARB>USDC.e@PancakeV3/100 USDC.e>ARB@UniswapV3/500 in=16.32 ARB gap=22.6bps profit=$0.003 net=$-0.008"}
{"level":30,"time":1790807923052,"pid":20658,"hostname":"vm","msg":"  ARB>USDC@UniswapV3/100 USDC>ARB@PancakeV3/100 in=5.398 ARB gap=32.5bps profit=$0.002 net=$-0.009"}
{"level":30,"time":1790807923052,"pid":20658,"hostname":"vm","msg":"  ARB>USDC.e@PancakeV3/500 USDC.e>ARB@SushiV2 in=5.286 ARB gap=66.9bps profit=$0.002 net=$-0.007"}
{"level":30,"time":1790807923052,"pid":20658,"hostname":"vm","msg":"  ARB>USDC.e@PancakeV3/100 USDC.e>ARB@UniswapV3/3000 in=7.370 ARB gap=53.8bps profit=$0.002 net=$-0.009"}
{"level":30,"time":1790807923647,"pid":20658,"hostname":"vm","block":510480002,"gross":214,"net":0,"sumNetUsd":0,"gasPriceGwei":0.02,"txCostUsd":0.0134,"syncMs":144,"searchMs":150,"msg":"block scanned"}
{"level":30,"time":1790807923647,"pid":20658,"hostname":"vm","msg":"  ARB>USDC.e@PancakeV3/100 USDC.e>ARB@SushiV2 in=7.936 ARB gap=82.8bps profit=$0.004 net=$-0.004"}
{"level":30,"time":1790807923647,"pid":20658,"hostname":"vm","msg":"  ARB>USDC.e@PancakeV3/100 USDC.e>ARB@UniswapV3/500 in=16.32 ARB gap=22.6bps profit=$0.003 net=$-0.008"}
{"level":30,"time":1790807923647,"pid":20658,"hostname":"vm","msg":"  ARB>USDC@UniswapV3/100 USDC>ARB@PancakeV3/100 in=5.398 ARB gap=32.5bps profit=$0.002 net=$-0.009"}
{"level":30,"time":1790807923647,"pid":20658,"hostname":"vm","msg":"  ARB>USDC.e@PancakeV3/500 USDC.e>ARB@SushiV2 in=5.286 ARB gap=66.9bps profit=$0.002 net=$-0.007"}
{"level":30,"time":1790807923647,"pid":20658,"hostname":"vm","msg":"  ARB>USDC.e@PancakeV3/100 USDC.e>ARB@UniswapV3/3000 in=7.370 ARB gap=53.8bps profit=$0.002 net=$-0.009"}
{"level":30,"time":1790807958824,"pid":20658,"hostname":"vm","block":510480005,"gross":214,"net":0,"sumNetUsd":0,"gasPriceGwei":0.020004,"txCostUsd":0.0134,"syncMs":34713,"searchMs":162,"msg":"block scanned"}
{"level":30,"time":1790807958824,"pid":20658,"hostname":"vm","msg":"  ARB>USDC.e@PancakeV3/100 USDC.e>ARB@SushiV2 in=7.936 ARB gap=82.8bps profit=$0.004 net=$-0.004"}
{"level":30,"time":1790807958824,"pid":20658,"hostname":"vm","msg":"  ARB>USDC.e@PancakeV3/100 USDC.e>ARB@UniswapV3/500 in=16.32 ARB gap=22.6bps profit=$0.003 net=$-0.008"}
{"level":30,"time":1790807958824,"pid":20658,"hostname":"vm","msg":"  ARB>USDC@UniswapV3/100 USDC>ARB@PancakeV3/100 in=5.398 ARB gap=32.5bps profit=$0.002 net=$-0.009"}
{"level":30,"time":1790807958824,"pid":20658,"hostname":"vm","msg":"  ARB>USDC.e@PancakeV3/500 USDC.e>ARB@SushiV2 in=5.286 ARB gap=66.9bps profit=$0.002 net=$-0.007"}
{"level":30,"time":1790807958824,"pid":20658,"hostname":"vm","msg":"  ARB>USDC.e@PancakeV3/100 USDC.e>ARB@UniswapV3/3000 in=7.370 ARB gap=53.8bps profit=$0.002 net=$-0.009"}
{"level":30,"time":1790807959205,"pid":20658,"hostname":"vm","block":510480128,"gross":215,"net":0,"sumNetUsd":0,"gasPriceGwei":0.020064,"txCostUsd":0.0135,"syncMs":125,"searchMs":146,"msg":"block scanned"}
{"level":30,"time":1790807959206,"pid":20658,"hostname":"vm","msg":"  ARB>USDC.e@PancakeV3/100 USDC.e>ARB@SushiV2 in=7.936 ARB gap=82.8bps profit=$0.004 net=$-0.004"}
{"level":30,"time":1790807959206,"pid":20658,"hostname":"vm","msg":"  ARB>USDC.e@PancakeV3/100 USDC.e>ARB@UniswapV3/500 in=16.32 ARB gap=22.6bps profit=$0.003 net=$-0.008"}
{"level":30,"time":1790807959206,"pid":20658,"hostname":"vm","msg":"  ARB>USDC@UniswapV3/100 USDC>ARB@PancakeV3/100 in=5.398 ARB gap=32.5bps profit=$0.002 net=$-0.009"}
{"level":30,"time":1790807959206,"pid":20658,"hostname":"vm","msg":"  ARB>USDC.e@PancakeV3/500 USDC.e>ARB@SushiV2 in=5.286 ARB gap=66.9bps profit=$0.002 net=$-0.007"}
{"level":30,"time":1790807959206,"pid":20658,"hostname":"vm","msg":"  ARB>USDC.e@PancakeV3/100 USDC.e>ARB@UniswapV3/3000 in=7.370 ARB gap=53.8bps profit=$0.002 net=$-0.009"}
{"level":30,"time":1790807959788,"pid":20658,"hostname":"vm","block":510480130,"gross":218,"net":0,"sumNetUsd":0,"gasPriceGwei":0.02003,"txCostUsd":0.0135,"syncMs":127,"searchMs":152,"msg":"block scanned"}
{"level":30,"time":1790807959788,"pid":20658,"hostname":"vm","msg":"  ARB>USDC.e@PancakeV3/100 USDC.e>ARB@SushiV2 in=7.936 ARB gap=82.8bps profit=$0.004 net=$-0.004"}
{"level":30,"time":1790807959788,"pid":20658,"hostname":"vm","msg":"  ARB>USDC.e@PancakeV3/100 USDC.e>ARB@UniswapV3/500 in=16.32 ARB gap=22.6bps profit=$0.003 net=$-0.008"}
{"level":30,"time":1790807959788,"pid":20658,"hostname":"vm","msg":"  ARB>USDC@UniswapV3/100 USDC>ARB@PancakeV3/100 in=5.398 ARB gap=32.5bps profit=$0.002 net=$-0.009"}
{"level":30,"time":1790807959788,"pid":20658,"hostname":"vm","msg":"  ARB>USDC.e@PancakeV3/500 USDC.e>ARB@SushiV2 in=5.286 ARB gap=66.9bps profit=$0.002 net=$-0.007"}
{"level":30,"time":1790807959788,"pid":20658,"hostname":"vm","msg":"  ARB>USDC.e@PancakeV3/100 USDC.e>ARB@UniswapV3/3000 in=7.370 ARB gap=53.8bps profit=$0.002 net=$-0.009"}
{"level":30,"time":1790807960392,"pid":20658,"hostname":"vm","block":510480133,"gross":216,"net":0,"sumNetUsd":0,"gasPriceGwei":0.020066,"txCostUsd":0.0135,"syncMs":148,"searchMs":152,"msg":"block scanned"}
{"level":30,"time":1790807960392,"pid":20658,"hostname":"vm","msg":"  ARB>USDC.e@PancakeV3/100 USDC.e>ARB@SushiV2 in=7.936 ARB gap=82.8bps profit=$0.004 net=$-0.004"}
{"level":30,"time":1790807960392,"pid":20658,"hostname":"vm","msg":"  ARB>USDC.e@PancakeV3/100 USDC.e>ARB@UniswapV3/500 in=16.32 ARB gap=22.6bps profit=$0.003 net=$-0.008"}
{"level":30,"time":1790807960392,"pid":20658,"hostname":"vm","msg":"  ARB>USDC@UniswapV3/100 USDC>ARB@PancakeV3/100 in=5.398 ARB gap=32.5bps profit=$0.002 net=$-0.009"}
{"level":30,"time":1790807960392,"pid":20658,"hostname":"vm","msg":"  ARB>USDC.e@PancakeV3/500 USDC.e>ARB@SushiV2 in=5.286 ARB gap=66.9bps profit=$0.002 net=$-0.007"}
{"level":30,"time":1790807960392,"pid":20658,"hostname":"vm","msg":"  ARB>USDC.e@PancakeV3/100 USDC.e>ARB@UniswapV3/3000 in=7.370 ARB gap=53.8bps profit=$0.002 net=$-0.009"}
{"level":30,"time":1790807960997,"pid":20658,"hostname":"vm","block":510480134,"gross":216,"net":0,"sumNetUsd":0,"gasPriceGwei":0.020014,"txCostUsd":0.0135,"syncMs":157,"searchMs":145,"msg":"block scanned"}
{"level":30,"time":1790807960998,"pid":20658,"hostname":"vm","msg":"  ARB>USDC.e@PancakeV3/100 USDC.e>ARB@SushiV2 in=7.936 ARB gap=82.8bps profit=$0.004 net=$-0.004"}
{"level":30,"time":1790807960998,"pid":20658,"hostname":"vm","msg":"  ARB>USDC.e@PancakeV3/100 USDC.e>ARB@UniswapV3/500 in=16.32 ARB gap=22.6bps profit=$0.003 net=$-0.008"}
{"level":30,"time":1790807960998,"pid":20658,"hostname":"vm","msg":"  ARB>USDC@UniswapV3/100 USDC>ARB@PancakeV3/100 in=5.398 ARB gap=32.5bps profit=$0.002 net=$-0.009"}
{"level":30,"time":1790807960998,"pid":20658,"hostname":"vm","msg":"  ARB>USDC.e@PancakeV3/500 USDC.e>ARB@SushiV2 in=5.286 ARB gap=66.9bps profit=$0.002 net=$-0.007"}
{"level":30,"time":1790807960998,"pid":20658,"hostname":"vm","msg":"  ARB>USDC.e@PancakeV3/100 USDC.e>ARB@UniswapV3/3000 in=7.370 ARB gap=53.8bps profit=$0.002 net=$-0.009"}
{"level":30,"time":1790807961760,"pid":20658,"hostname":"vm","block":510480137,"gross":216,"net":0,"sumNetUsd":0,"gasPriceGwei":0.020022,"txCostUsd":0.0135,"syncMs":168,"searchMs":146,"msg":"block scanned"}
{"level":30,"time":1790807961760,"pid":20658,"hostname":"vm","msg":"  ARB>USDC.e@PancakeV3/100 USDC.e>ARB@SushiV2 in=7.936 ARB gap=82.8bps profit=$0.004 net=$-0.004"}
{"level":30,"time":1790807961760,"pid":20658,"hostname":"vm","msg":"  ARB>USDC.e@PancakeV3/100 USDC.e>ARB@UniswapV3/500 in=16.32 ARB gap=22.6bps profit=$0.003 net=$-0.008"}
{"level":30,"time":1790807961760,"pid":20658,"hostname":"vm","msg":"  ARB>USDC@UniswapV3/100 USDC>ARB@PancakeV3/100 in=5.398 ARB gap=32.5bps profit=$0.002 net=$-0.009"}
{"level":30,"time":1790807961760,"pid":20658,"hostname":"vm","msg":"  ARB>USDC.e@PancakeV3/500 USDC.e>ARB@SushiV2 in=5.286 ARB gap=66.9bps profit=$0.002 net=$-0.007"}
{"level":30,"time":1790807961760,"pid":20658,"hostname":"vm","msg":"  ARB>USDC.e@PancakeV3/100 USDC.e>ARB@UniswapV3/3000 in=7.370 ARB gap=53.8bps profit=$0.002 net=$-0.009"}
{"level":30,"time":1790807962149,"pid":20658,"hostname":"vm","block":510480139,"gross":214,"net":0,"sumNetUsd":0,"gasPriceGwei":0.020046,"txCostUsd":0.0135,"syncMs":132,"searchMs":151,"msg":"block scanned"}
{"level":30,"time":1790807962149,"pid":20658,"hostname":"vm","msg":"  ARB>USDC.e@PancakeV3/100 USDC.e>ARB@SushiV2 in=7.936 ARB gap=82.8bps profit=$0.004 net=$-0.004"}
{"level":30,"time":1790807962149,"pid":20658,"hostname":"vm","msg":"  ARB>USDC.e@PancakeV3/100 USDC.e>ARB@UniswapV3/500 in=16.32 ARB gap=22.6bps profit=$0.003 net=$-0.008"}
{"level":30,"time":1790807962149,"pid":20658,"hostname":"vm","msg":"  ARB>USDC@UniswapV3/100 USDC>ARB@PancakeV3/100 in=5.398 ARB gap=32.5bps profit=$0.002 net=$-0.009"}
{"level":30,"time":1790807962149,"pid":20658,"hostname":"vm","msg":"  ARB>USDC.e@PancakeV3/500 USDC.e>ARB@SushiV2 in=5.286 ARB gap=66.9bps profit=$0.002 net=$-0.007"}
{"level":30,"time":1790807962149,"pid":20658,"hostname":"vm","msg":"  ARB>USDC.e@PancakeV3/100 USDC.e>ARB@UniswapV3/3000 in=7.370 ARB gap=53.8bps profit=$0.002 net=$-0.009"}
{"level":30,"time":1790807962752,"pid":20658,"hostname":"vm","block":510480141,"gross":214,"net":0,"sumNetUsd":0,"gasPriceGwei":0.020012,"txCostUsd":0.0135,"syncMs":129,"searchMs":163,"msg":"block scanned"}
{"level":30,"time":1790807962752,"pid":20658,"hostname":"vm","msg":"  ARB>USDC.e@PancakeV3/100 USDC.e>ARB@SushiV2 in=7.936 ARB gap=82.8bps profit=$0.004 net=$-0.004"}
{"level":30,"time":1790807962752,"pid":20658,"hostname":"vm","msg":"  ARB>USDC.e@PancakeV3/100 USDC.e>ARB@UniswapV3/500 in=16.32 ARB gap=22.6bps profit=$0.003 net=$-0.008"}
{"level":30,"time":1790807962752,"pid":20658,"hostname":"vm","msg":"  ARB>USDC@UniswapV3/100 USDC>ARB@PancakeV3/100 in=5.398 ARB gap=32.5bps profit=$0.002 net=$-0.009"}
{"level":30,"time":1790807962752,"pid":20658,"hostname":"vm","msg":"  ARB>USDC.e@PancakeV3/500 USDC.e>ARB@SushiV2 in=5.286 ARB gap=66.9bps profit=$0.002 net=$-0.007"}
{"level":30,"time":1790807962752,"pid":20658,"hostname":"vm","msg":"  ARB>USDC.e@PancakeV3/100 USDC.e>ARB@UniswapV3/3000 in=7.370 ARB gap=53.8bps profit=$0.002 net=$-0.009"}
{"level":30,"time":1790807963350,"pid":20658,"hostname":"vm","block":510480143,"gross":214,"net":0,"sumNetUsd":0,"gasPriceGwei":0.020066,"txCostUsd":0.0135,"syncMs":142,"searchMs":147,"msg":"block scanned"}
{"level":30,"time":1790807963350,"pid":20658,"hostname":"vm","msg":"  ARB>USDC.e@PancakeV3/100 USDC.e>ARB@SushiV2 in=7.936 ARB gap=82.8bps profit=$0.004 net=$-0.004"}
{"level":30,"time":1790807963350,"pid":20658,"hostname":"vm","msg":"  ARB>USDC.e@PancakeV3/100 USDC.e>ARB@UniswapV3/500 in=16.32 ARB gap=22.6bps profit=$0.003 net=$-0.008"}
{"level":30,"time":1790807963350,"pid":20658,"hostname":"vm","msg":"  ARB>USDC@UniswapV3/100 USDC>ARB@PancakeV3/100 in=5.398 ARB gap=32.5bps profit=$0.002 net=$-0.009"}
{"level":30,"time":1790807963350,"pid":20658,"hostname":"vm","msg":"  ARB>USDC.e@PancakeV3/500 USDC.e>ARB@SushiV2 in=5.286 ARB gap=66.9bps profit=$0.002 net=$-0.007"}
{"level":30,"time":1790807963350,"pid":20658,"hostname":"vm","msg":"  ARB>USDC.e@PancakeV3/100 USDC.e>ARB@UniswapV3/3000 in=7.370 ARB gap=53.8bps profit=$0.002 net=$-0.009"}
{"level":30,"time":1790807963925,"pid":20658,"hostname":"vm","block":510480144,"gross":214,"net":0,"sumNetUsd":0,"gasPriceGwei":0.02007,"txCostUsd":0.0135,"syncMs":121,"searchMs":148,"msg":"block scanned"}
{"level":30,"time":1790807963925,"pid":20658,"hostname":"vm","msg":"  ARB>USDC.e@PancakeV3/100 USDC.e>ARB@SushiV2 in=7.936 ARB gap=82.8bps profit=$0.004 net=$-0.004"}
{"level":30,"time":1790807963925,"pid":20658,"hostname":"vm","msg":"  ARB>USDC.e@PancakeV3/100 USDC.e>ARB@UniswapV3/500 in=16.32 ARB gap=22.6bps profit=$0.003 net=$-0.008"}
{"level":30,"time":1790807963925,"pid":20658,"hostname":"vm","msg":"  ARB>USDC@UniswapV3/100 USDC>ARB@PancakeV3/100 in=5.398 ARB gap=32.5bps profit=$0.002 net=$-0.009"}
{"level":30,"time":1790807963925,"pid":20658,"hostname":"vm","msg":"  ARB>USDC.e@PancakeV3/500 USDC.e>ARB@SushiV2 in=5.286 ARB gap=66.9bps profit=$0.002 net=$-0.007"}
{"level":30,"time":1790807963925,"pid":20658,"hostname":"vm","msg":"  ARB>USDC.e@PancakeV3/100 USDC.e>ARB@UniswapV3/3000 in=7.370 ARB gap=53.8bps profit=$0.002 net=$-0.009"}
{"level":30,"time":1790807964514,"pid":20658,"hostname":"vm","block":510480146,"gross":214,"net":0,"sumNetUsd":0,"gasPriceGwei":0.02,"txCostUsd":0.0134,"syncMs":130,"searchMs":152,"msg":"block scanned"}
{"level":30,"time":1790807964514,"pid":20658,"hostname":"vm","msg":"  ARB>USDC.e@PancakeV3/100 USDC.e>ARB@SushiV2 in=7.936 ARB gap=82.8bps profit=$0.004 net=$-0.004"}
{"level":30,"time":1790807964514,"pid":20658,"hostname":"vm","msg":"  ARB>USDC.e@PancakeV3/100 USDC.e>ARB@UniswapV3/500 in=16.32 ARB gap=22.6bps profit=$0.003 net=$-0.008"}
{"level":30,"time":1790807964514,"pid":20658,"hostname":"vm","msg":"  ARB>USDC@UniswapV3/100 USDC>ARB@PancakeV3/100 in=5.398 ARB gap=32.5bps profit=$0.002 net=$-0.009"}
{"level":30,"time":1790807964514,"pid":20658,"hostname":"vm","msg":"  ARB>USDC.e@PancakeV3/500 USDC.e>ARB@SushiV2 in=5.286 ARB gap=66.9bps profit=$0.002 net=$-0.007"}
{"level":30,"time":1790807964514,"pid":20658,"hostname":"vm","msg":"  ARB>USDC.e@PancakeV3/100 USDC.e>ARB@UniswapV3/3000 in=7.370 ARB gap=53.8bps profit=$0.002 net=$-0.009"}
{"level":30,"time":1790807965137,"pid":20658,"hostname":"vm","block":510480148,"gross":214,"net":0,"sumNetUsd":0,"gasPriceGwei":0.020488,"txCostUsd":0.0138,"syncMs":159,"searchMs":160,"msg":"block scanned"}
{"level":30,"time":1790807965137,"pid":20658,"hostname":"vm","msg":"  ARB>USDC.e@PancakeV3/100 USDC.e>ARB@SushiV2 in=7.936 ARB gap=82.8bps profit=$0.004 net=$-0.005"}
{"level":30,"time":1790807965137,"pid":20658,"hostname":"vm","msg":"  ARB>USDC.e@PancakeV3/100 USDC.e>ARB@UniswapV3/500 in=16.32 ARB gap=22.6bps profit=$0.003 net=$-0.009"}
{"level":30,"time":1790807965137,"pid":20658,"hostname":"vm","msg":"  ARB>USDC@UniswapV3/100 USDC>ARB@PancakeV3/100 in=5.398 ARB gap=32.5bps profit=$0.002 net=$-0.010"}
{"level":30,"time":1790807965137,"pid":20658,"hostname":"vm","msg":"  ARB>USDC.e@PancakeV3/500 USDC.e>ARB@SushiV2 in=5.286 ARB gap=66.9bps profit=$0.002 net=$-0.007"}
{"level":30,"time":1790807965137,"pid":20658,"hostname":"vm","msg":"  ARB>USDC.e@PancakeV3/100 USDC.e>ARB@UniswapV3/3000 in=7.370 ARB gap=53.8bps profit=$0.002 net=$-0.010"}
{"level":30,"time":1790807965757,"pid":20658,"hostname":"vm","block":510480150,"gross":214,"net":0,"sumNetUsd":0,"gasPriceGwei":0.020508,"txCostUsd":0.0138,"syncMs":140,"searchMs":163,"msg":"block scanned"}
{"level":30,"time":1790807965757,"pid":20658,"hostname":"vm","msg":"  ARB>USDC.e@PancakeV3/100 USDC.e>ARB@SushiV2 in=7.936 ARB gap=82.8bps profit=$0.004 net=$-0.005"}
{"level":30,"time":1790807965757,"pid":20658,"hostname":"vm","msg":"  ARB>USDC.e@PancakeV3/100 USDC.e>ARB@UniswapV3/500 in=16.32 ARB gap=22.6bps profit=$0.003 net=$-0.009"}
{"level":30,"time":1790807965757,"pid":20658,"hostname":"vm","msg":"  ARB>USDC@UniswapV3/100 USDC>ARB@PancakeV3/100 in=5.398 ARB gap=32.5bps profit=$0.002 net=$-0.010"}
{"level":30,"time":1790807965757,"pid":20658,"hostname":"vm","msg":"  ARB>USDC.e@PancakeV3/500 USDC.e>ARB@SushiV2 in=5.286 ARB gap=66.9bps profit=$0.002 net=$-0.007"}
{"level":30,"time":1790807965757,"pid":20658,"hostname":"vm","msg":"  ARB>USDC.e@PancakeV3/100 USDC.e>ARB@UniswapV3/3000 in=7.370 ARB gap=53.8bps profit=$0.002 net=$-0.010"}
{"level":30,"time":1790807966410,"pid":20658,"hostname":"vm","block":510480152,"gross":214,"net":0,"sumNetUsd":0,"gasPriceGwei":0.02,"txCostUsd":0.0134,"syncMs":151,"searchMs":150,"msg":"block scanned"}
{"level":30,"time":1790807966410,"pid":20658,"hostname":"vm","msg":"  ARB>USDC.e@PancakeV3/100 USDC.e>ARB@SushiV2 in=7.936 ARB gap=82.8bps profit=$0.004 net=$-0.004"}
{"level":30,"time":1790807966410,"pid":20658,"hostname":"vm","msg":"  ARB>USDC.e@PancakeV3/100 USDC.e>ARB@UniswapV3/500 in=16.32 ARB gap=22.6bps profit=$0.003 net=$-0.008"}
{"level":30,"time":1790807966410,"pid":20658,"hostname":"vm","msg":"  ARB>USDC@UniswapV3/100 USDC>ARB@PancakeV3/100 in=5.398 ARB gap=32.5bps profit=$0.002 net=$-0.009"}
{"level":30,"time":1790807966410,"pid":20658,"hostname":"vm","msg":"  ARB>USDC.e@PancakeV3/500 USDC.e>ARB@SushiV2 in=5.286 ARB gap=66.9bps profit=$0.002 net=$-0.007"}
{"level":30,"time":1790807966410,"pid":20658,"hostname":"vm","msg":"  ARB>USDC.e@PancakeV3/100 USDC.e>ARB@UniswapV3/3000 in=7.370 ARB gap=53.8bps profit=$0.002 net=$-0.009"}
{"level":30,"time":1790807966968,"pid":20658,"hostname":"vm","block":510480154,"gross":214,"net":0,"sumNetUsd":0,"gasPriceGwei":0.020164,"txCostUsd":0.0136,"syncMs":138,"searchMs":214,"msg":"block scanned"}
{"level":30,"time":1790807966968,"pid":20658,"hostname":"vm","msg":"  ARB>USDC.e@PancakeV3/100 USDC.e>ARB@SushiV2 in=7.936 ARB gap=82.8bps profit=$0.004 net=$-0.005"}
{"level":30,"time":1790807966968,"pid":20658,"hostname":"vm","msg":"  ARB>USDC.e@PancakeV3/100 USDC.e>ARB@UniswapV3/500 in=16.32 ARB gap=22.6bps profit=$0.003 net=$-0.008"}
{"level":30,"time":1790807966968,"pid":20658,"hostname":"vm","msg":"  ARB>USDC@UniswapV3/100 USDC>ARB@PancakeV3/100 in=5.398 ARB gap=32.5bps profit=$0.002 net=$-0.009"}
{"level":30,"time":1790807966968,"pid":20658,"hostname":"vm","msg":"  ARB>USDC.e@PancakeV3/500 USDC.e>ARB@SushiV2 in=5.286 ARB gap=66.9bps profit=$0.002 net=$-0.007"}
{"level":30,"time":1790807966968,"pid":20658,"hostname":"vm","msg":"  ARB>USDC.e@PancakeV3/100 USDC.e>ARB@UniswapV3/3000 in=7.370 ARB gap=53.8bps profit=$0.002 net=$-0.009"}
{"level":30,"time":1790808001588,"pid":20658,"hostname":"vm","block":510480156,"gross":214,"net":0,"sumNetUsd":0,"gasPriceGwei":0.02,"txCostUsd":0.0134,"syncMs":34202,"searchMs":205,"msg":"block scanned"}
{"level":30,"time":1790808001588,"pid":20658,"hostname":"vm","msg":"  ARB>USDC.e@PancakeV3/100 USDC.e>ARB@SushiV2 in=7.936 ARB gap=82.8bps profit=$0.004 net=$-0.004"}
{"level":30,"time":1790808001588,"pid":20658,"hostname":"vm","msg":"  ARB>USDC.e@PancakeV3/100 USDC.e>ARB@UniswapV3/500 in=16.32 ARB gap=22.6bps profit=$0.003 net=$-0.008"}
{"level":30,"time":1790808001588,"pid":20658,"hostname":"vm","msg":"  ARB>USDC@UniswapV3/100 USDC>ARB@PancakeV3/100 in=5.398 ARB gap=32.5bps profit=$0.002 net=$-0.009"}
{"level":30,"time":1790808001588,"pid":20658,"hostname":"vm","msg":"  ARB>USDC.e@PancakeV3/500 USDC.e>ARB@SushiV2 in=5.286 ARB gap=66.9bps profit=$0.002 net=$-0.007"}
{"level":30,"time":1790808001588,"pid":20658,"hostname":"vm","msg":"  ARB>USDC.e@PancakeV3/100 USDC.e>ARB@UniswapV3/3000 in=7.370 ARB gap=53.8bps profit=$0.002 net=$-0.009"}
{"level":30,"time":1790808001992,"pid":20658,"hostname":"vm","block":510480268,"gross":214,"net":0,"sumNetUsd":0,"gasPriceGwei":0.020032,"txCostUsd":0.0135,"syncMs":145,"searchMs":147,"msg":"block scanned"}
{"level":30,"time":1790808001992,"pid":20658,"hostname":"vm","msg":"  ARB>USDC.e@PancakeV3/100 USDC.e>ARB@SushiV2 in=7.936 ARB gap=82.8bps profit=$0.004 net=$-0.004"}
{"level":30,"time":1790808001992,"pid":20658,"hostname":"vm","msg":"  ARB>USDC.e@PancakeV3/100 USDC.e>ARB@UniswapV3/500 in=16.32 ARB gap=22.6bps profit=$0.003 net=$-0.008"}
{"level":30,"time":1790808001992,"pid":20658,"hostname":"vm","msg":"  ARB>USDC@UniswapV3/100 USDC>ARB@PancakeV3/100 in=5.398 ARB gap=32.5bps profit=$0.002 net=$-0.009"}
{"level":30,"time":1790808001992,"pid":20658,"hostname":"vm","msg":"  ARB>USDC.e@PancakeV3/500 USDC.e>ARB@SushiV2 in=5.286 ARB gap=66.9bps profit=$0.002 net=$-0.007"}
{"level":30,"time":1790808001992,"pid":20658,"hostname":"vm","msg":"  ARB>USDC.e@PancakeV3/100 USDC.e>ARB@UniswapV3/3000 in=7.370 ARB gap=53.8bps profit=$0.002 net=$-0.009"}
{"level":30,"time":1790808002590,"pid":20658,"hostname":"vm","block":510480271,"gross":214,"net":0,"sumNetUsd":0,"gasPriceGwei":0.02,"txCostUsd":0.0134,"syncMs":135,"searchMs":159,"msg":"block scanned"}
{"level":30,"time":1790808002590,"pid":20658,"hostname":"vm","msg":"  ARB>USDC.e@PancakeV3/100 USDC.e>ARB@SushiV2 in=7.936 ARB gap=82.8bps profit=$0.004 net=$-0.004"}
{"level":30,"time":1790808002590,"pid":20658,"hostname":"vm","msg":"  ARB>USDC.e@PancakeV3/100 USDC.e>ARB@UniswapV3/500 in=16.32 ARB gap=22.6bps profit=$0.003 net=$-0.008"}
{"level":30,"time":1790808002590,"pid":20658,"hostname":"vm","msg":"  ARB>USDC@UniswapV3/100 USDC>ARB@PancakeV3/100 in=5.398 ARB gap=32.5bps profit=$0.002 net=$-0.009"}
{"level":30,"time":1790808002590,"pid":20658,"hostname":"vm","msg":"  ARB>USDC.e@PancakeV3/500 USDC.e>ARB@SushiV2 in=5.286 ARB gap=66.9bps profit=$0.002 net=$-0.007"}
{"level":30,"time":1790808002590,"pid":20658,"hostname":"vm","msg":"  ARB>USDC.e@PancakeV3/100 USDC.e>ARB@UniswapV3/3000 in=7.370 ARB gap=53.8bps profit=$0.002 net=$-0.009"}
{"level":30,"time":1790808003215,"pid":20658,"hostname":"vm","block":510480273,"gross":214,"net":0,"sumNetUsd":0,"gasPriceGwei":0.020486,"txCostUsd":0.0138,"syncMs":159,"searchMs":161,"msg":"block scanned"}
{"level":30,"time":1790808003215,"pid":20658,"hostname":"vm","msg":"  ARB>USDC.e@PancakeV3/100 USDC.e>ARB@SushiV2 in=7.936 ARB gap=82.8bps profit=$0.004 net=$-0.005"}
{"level":30,"time":1790808003215,"pid":20658,"hostname":"vm","msg":"  ARB>USDC.e@PancakeV3/100 USDC.e>ARB@UniswapV3/500 in=16.32 ARB gap=22.6bps profit=$0.003 net=$-0.009"}
{"level":30,"time":1790808003215,"pid":20658,"hostname":"vm","msg":"  ARB>USDC@UniswapV3/100 USDC>ARB@PancakeV3/100 in=5.398 ARB gap=32.5bps profit=$0.002 net=$-0.010"}
{"level":30,"time":1790808003215,"pid":20658,"hostname":"vm","msg":"  ARB>USDC.e@PancakeV3/500 USDC.e>ARB@SushiV2 in=5.286 ARB gap=66.9bps profit=$0.002 net=$-0.007"}
{"level":30,"time":1790808003215,"pid":20658,"hostname":"vm","msg":"  ARB>USDC.e@PancakeV3/100 USDC.e>ARB@UniswapV3/3000 in=7.370 ARB gap=53.8bps profit=$0.002 net=$-0.010"}
{"level":30,"time":1790808003824,"pid":20658,"hostname":"vm","block":510480275,"gross":214,"net":0,"sumNetUsd":0,"gasPriceGwei":0.02,"txCostUsd":0.0134,"syncMs":150,"searchMs":147,"msg":"block scanned"}
{"level":30,"time":1790808003824,"pid":20658,"hostname":"vm","msg":"  ARB>USDC.e@PancakeV3/100 USDC.e>ARB@SushiV2 in=7.936 ARB gap=82.8bps profit=$0.004 net=$-0.004"}
{"level":30,"time":1790808003824,"pid":20658,"hostname":"vm","msg":"  ARB>USDC.e@PancakeV3/100 USDC.e>ARB@UniswapV3/500 in=16.32 ARB gap=22.6bps profit=$0.003 net=$-0.008"}
{"level":30,"time":1790808003824,"pid":20658,"hostname":"vm","msg":"  ARB>USDC@UniswapV3/100 USDC>ARB@PancakeV3/100 in=5.398 ARB gap=32.5bps profit=$0.002 net=$-0.009"}
{"level":30,"time":1790808003824,"pid":20658,"hostname":"vm","msg":"  ARB>USDC.e@PancakeV3/500 USDC.e>ARB@SushiV2 in=5.286 ARB gap=66.9bps profit=$0.002 net=$-0.007"}
{"level":30,"time":1790808003824,"pid":20658,"hostname":"vm","msg":"  ARB>USDC.e@PancakeV3/100 USDC.e>ARB@UniswapV3/3000 in=7.370 ARB gap=53.8bps profit=$0.002 net=$-0.009"}
{"level":30,"time":1790808004425,"pid":20658,"hostname":"vm","block":510480277,"gross":214,"net":0,"sumNetUsd":0,"gasPriceGwei":0.020906,"txCostUsd":0.0141,"syncMs":135,"searchMs":162,"msg":"block scanned"}
{"level":30,"time":1790808004425,"pid":20658,"hostname":"vm","msg":"  ARB>USDC.e@PancakeV3/100 USDC.e>ARB@SushiV2 in=7.936 ARB gap=82.8bps profit=$0.004 net=$-0.005"}
{"level":30,"time":1790808004425,"pid":20658,"hostname":"vm","msg":"  ARB>USDC.e@PancakeV3/100 USDC.e>ARB@UniswapV3/500 in=16.32 ARB gap=22.6bps profit=$0.003 net=$-0.009"}
{"level":30,"time":1790808004425,"pid":20658,"hostname":"vm","msg":"  ARB>USDC@UniswapV3/100 USDC>ARB@PancakeV3/100 in=5.398 ARB gap=32.5bps profit=$0.002 net=$-0.010"}
{"level":30,"time":1790808004425,"pid":20658,"hostname":"vm","msg":"  ARB>USDC.e@PancakeV3/500 USDC.e>ARB@SushiV2 in=5.286 ARB gap=66.9bps profit=$0.002 net=$-0.007"}
{"level":30,"time":1790808004425,"pid":20658,"hostname":"vm","msg":"  ARB>USDC.e@PancakeV3/100 USDC.e>ARB@UniswapV3/3000 in=7.370 ARB gap=53.8bps profit=$0.002 net=$-0.010"}
{"level":30,"time":1790808005051,"pid":20658,"hostname":"vm","block":510480279,"gross":214,"net":0,"sumNetUsd":0,"gasPriceGwei":0.020036,"txCostUsd":0.0135,"syncMs":147,"searchMs":151,"msg":"block scanned"}
{"level":30,"time":1790808005051,"pid":20658,"hostname":"vm","msg":"  ARB>USDC.e@PancakeV3/100 USDC.e>ARB@SushiV2 in=7.936 ARB gap=82.8bps profit=$0.004 net=$-0.004"}
{"level":30,"time":1790808005051,"pid":20658,"hostname":"vm","msg":"  ARB>USDC.e@PancakeV3/100 USDC.e>ARB@UniswapV3/500 in=16.32 ARB gap=22.6bps profit=$0.003 net=$-0.008"}
{"level":30,"time":1790808005051,"pid":20658,"hostname":"vm","msg":"  ARB>USDC@UniswapV3/100 USDC>ARB@PancakeV3/100 in=5.398 ARB gap=32.5bps profit=$0.002 net=$-0.009"}
{"level":30,"time":1790808005051,"pid":20658,"hostname":"vm","msg":"  ARB>USDC.e@PancakeV3/500 USDC.e>ARB@SushiV2 in=5.286 ARB gap=66.9bps profit=$0.002 net=$-0.007"}
{"level":30,"time":1790808005051,"pid":20658,"hostname":"vm","msg":"  ARB>USDC.e@PancakeV3/100 USDC.e>ARB@UniswapV3/3000 in=7.370 ARB gap=53.8bps profit=$0.002 net=$-0.009"}
{"level":30,"time":1790808005666,"pid":20658,"hostname":"vm","block":510480281,"gross":214,"net":0,"sumNetUsd":0,"gasPriceGwei":0.02,"txCostUsd":0.0134,"syncMs":161,"searchMs":146,"msg":"block scanned"}
{"level":30,"time":1790808005666,"pid":20658,"hostname":"vm","msg":"  ARB>USDC.e@PancakeV3/100 USDC.e>ARB@SushiV2 in=7.936 ARB gap=82.8bps profit=$0.004 net=$-0.004"}
{"level":30,"time":1790808005666,"pid":20658,"hostname":"vm","msg":"  ARB>USDC.e@PancakeV3/100 USDC.e>ARB@UniswapV3/500 in=16.32 ARB gap=22.6bps profit=$0.003 net=$-0.008"}
{"level":30,"time":1790808005666,"pid":20658,"hostname":"vm","msg":"  ARB>USDC@UniswapV3/100 USDC>ARB@PancakeV3/100 in=5.398 ARB gap=32.5bps profit=$0.002 net=$-0.009"}
{"level":30,"time":1790808005666,"pid":20658,"hostname":"vm","msg":"  ARB>USDC.e@PancakeV3/500 USDC.e>ARB@SushiV2 in=5.286 ARB gap=66.9bps profit=$0.002 net=$-0.007"}
{"level":30,"time":1790808005666,"pid":20658,"hostname":"vm","msg":"  ARB>USDC.e@PancakeV3/100 USDC.e>ARB@UniswapV3/3000 in=7.370 ARB gap=53.8bps profit=$0.002 net=$-0.009"}
{"level":30,"time":1790808006250,"pid":20658,"hostname":"vm","block":510480283,"gross":214,"net":0,"sumNetUsd":0,"gasPriceGwei":0.020012,"txCostUsd":0.0135,"syncMs":130,"searchMs":147,"msg":"block scanned"}
{"level":30,"time":1790808006250,"pid":20658,"hostname":"vm","msg":"  ARB>USDC.e@PancakeV3/100 USDC.e>ARB@SushiV2 in=7.936 ARB gap=82.8bps profit=$0.004 net=$-0.004"}
{"level":30,"time":1790808006250,"pid":20658,"hostname":"vm","msg":"  ARB>USDC.e@PancakeV3/100 USDC.e>ARB@UniswapV3/500 in=16.32 ARB gap=22.6bps profit=$0.003 net=$-0.008"}
{"level":30,"time":1790808006250,"pid":20658,"hostname":"vm","msg":"  ARB>USDC@UniswapV3/100 USDC>ARB@PancakeV3/100 in=5.398 ARB gap=32.5bps profit=$0.002 net=$-0.009"}
{"level":30,"time":1790808006250,"pid":20658,"hostname":"vm","msg":"  ARB>USDC.e@PancakeV3/500 USDC.e>ARB@SushiV2 in=5.286 ARB gap=66.9bps profit=$0.002 net=$-0.007"}
{"level":30,"time":1790808006250,"pid":20658,"hostname":"vm","msg":"  ARB>USDC.e@PancakeV3/100 USDC.e>ARB@UniswapV3/3000 in=7.370 ARB gap=53.8bps profit=$0.002 net=$-0.009"}
{"level":30,"time":1790808006839,"pid":20658,"hostname":"vm","block":510480285,"gross":214,"net":0,"sumNetUsd":0,"gasPriceGwei":0.02,"txCostUsd":0.0134,"syncMs":132,"searchMs":151,"msg":"block scanned"}
{"level":30,"time":1790808006839,"pid":20658,"hostname":"vm","msg":"  ARB>USDC.e@PancakeV3/100 USDC.e>ARB@SushiV2 in=7.936 ARB gap=82.8bps profit=$0.004 net=$-0.004"}
{"level":30,"time":1790808006839,"pid":20658,"hostname":"vm","msg":"  ARB>USDC.e@PancakeV3/100 USDC.e>ARB@UniswapV3/500 in=16.32 ARB gap=22.6bps profit=$0.003 net=$-0.008"}
{"level":30,"time":1790808006839,"pid":20658,"hostname":"vm","msg":"  ARB>USDC@UniswapV3/100 USDC>ARB@PancakeV3/100 in=5.398 ARB gap=32.5bps profit=$0.002 net=$-0.009"}
{"level":30,"time":1790808006839,"pid":20658,"hostname":"vm","msg":"  ARB>USDC.e@PancakeV3/500 USDC.e>ARB@SushiV2 in=5.286 ARB gap=66.9bps profit=$0.002 net=$-0.007"}
{"level":30,"time":1790808006839,"pid":20658,"hostname":"vm","msg":"  ARB>USDC.e@PancakeV3/100 USDC.e>ARB@UniswapV3/3000 in=7.370 ARB gap=53.8bps profit=$0.002 net=$-0.009"}
{"level":30,"time":1790808007452,"pid":20658,"hostname":"vm","block":510480287,"gross":214,"net":0,"sumNetUsd":0,"gasPriceGwei":0.020048,"txCostUsd":0.0135,"syncMs":152,"searchMs":155,"msg":"block scanned"}
{"level":30,"time":1790808007452,"pid":20658,"hostname":"vm","msg":"  ARB>USDC.e@PancakeV3/100 USDC.e>ARB@SushiV2 in=7.936 ARB gap=82.8bps profit=$0.004 net=$-0.004"}
{"level":30,"time":1790808007452,"pid":20658,"hostname":"vm","msg":"  ARB>USDC.e@PancakeV3/100 USDC.e>ARB@UniswapV3/500 in=16.32 ARB gap=22.6bps profit=$0.003 net=$-0.008"}
{"level":30,"time":1790808007452,"pid":20658,"hostname":"vm","msg":"  ARB>USDC@UniswapV3/100 USDC>ARB@PancakeV3/100 in=5.398 ARB gap=32.5bps profit=$0.002 net=$-0.009"}
{"level":30,"time":1790808007452,"pid":20658,"hostname":"vm","msg":"  ARB>USDC.e@PancakeV3/500 USDC.e>ARB@SushiV2 in=5.286 ARB gap=66.9bps profit=$0.002 net=$-0.007"}
{"level":30,"time":1790808007452,"pid":20658,"hostname":"vm","msg":"  ARB>USDC.e@PancakeV3/100 USDC.e>ARB@UniswapV3/3000 in=7.370 ARB gap=53.8bps profit=$0.002 net=$-0.009"}
{"level":30,"time":1790808008049,"pid":20658,"hostname":"vm","block":510480289,"gross":214,"net":0,"sumNetUsd":0,"gasPriceGwei":0.020006,"txCostUsd":0.0134,"syncMs":148,"searchMs":145,"msg":"block scanned"}
{"level":30,"time":1790808008049,"pid":20658,"hostname":"vm","msg":"  ARB>USDC.e@PancakeV3/100 USDC.e>ARB@SushiV2 in=7.936 ARB gap=82.8bps profit=$0.004 net=$-0.004"}
{"level":30,"time":1790808008049,"pid":20658,"hostname":"vm","msg":"  ARB>USDC.e@PancakeV3/100 USDC.e>ARB@UniswapV3/500 in=16.32 ARB gap=22.6bps profit=$0.003 net=$-0.008"}
{"level":30,"time":1790808008049,"pid":20658,"hostname":"vm","msg":"  ARB>USDC@UniswapV3/100 USDC>ARB@PancakeV3/100 in=5.398 ARB gap=32.5bps profit=$0.002 net=$-0.009"}
{"level":30,"time":1790808008049,"pid":20658,"hostname":"vm","msg":"  ARB>USDC.e@PancakeV3/500 USDC.e>ARB@SushiV2 in=5.286 ARB gap=66.9bps profit=$0.002 net=$-0.007"}
{"level":30,"time":1790808008049,"pid":20658,"hostname":"vm","msg":"  ARB>USDC.e@PancakeV3/100 USDC.e>ARB@UniswapV3/3000 in=7.370 ARB gap=53.8bps profit=$0.002 net=$-0.009"}
{"level":30,"time":1790808008629,"pid":20658,"hostname":"vm","block":510480291,"gross":214,"net":0,"sumNetUsd":0,"gasPriceGwei":0.020026,"txCostUsd":0.0135,"syncMs":129,"searchMs":146,"msg":"block scanned"}
{"level":30,"time":1790808008629,"pid":20658,"hostname":"vm","msg":"  ARB>USDC.e@PancakeV3/100 USDC.e>ARB@SushiV2 in=7.936 ARB gap=82.8bps profit=$0.004 net=$-0.004"}
{"level":30,"time":1790808008629,"pid":20658,"hostname":"vm","msg":"  ARB>USDC.e@PancakeV3/100 USDC.e>ARB@UniswapV3/500 in=16.32 ARB gap=22.6bps profit=$0.003 net=$-0.008"}
{"level":30,"time":1790808008629,"pid":20658,"hostname":"vm","msg":"  ARB>USDC@UniswapV3/100 USDC>ARB@PancakeV3/100 in=5.398 ARB gap=32.5bps profit=$0.002 net=$-0.009"}
{"level":30,"time":1790808008629,"pid":20658,"hostname":"vm","msg":"  ARB>USDC.e@PancakeV3/500 USDC.e>ARB@SushiV2 in=5.286 ARB gap=66.9bps profit=$0.002 net=$-0.007"}
{"level":30,"time":1790808008629,"pid":20658,"hostname":"vm","msg":"  ARB>USDC.e@PancakeV3/100 USDC.e>ARB@UniswapV3/3000 in=7.370 ARB gap=53.8bps profit=$0.002 net=$-0.009"}
{"level":30,"time":1790808009231,"pid":20658,"hostname":"vm","block":510480292,"gross":214,"net":0,"sumNetUsd":0,"gasPriceGwei":0.02,"txCostUsd":0.0134,"syncMs":145,"searchMs":151,"msg":"block scanned"}
{"level":30,"time":1790808009231,"pid":20658,"hostname":"vm","msg":"  ARB>USDC.e@PancakeV3/100 USDC.e>ARB@SushiV2 in=7.936 ARB gap=82.8bps profit=$0.004 net=$-0.004"}
{"level":30,"time":1790808009231,"pid":20658,"hostname":"vm","msg":"  ARB>USDC.e@PancakeV3/100 USDC.e>ARB@UniswapV3/500 in=16.32 ARB gap=22.6bps profit=$0.003 net=$-0.008"}
{"level":30,"time":1790808009231,"pid":20658,"hostname":"vm","msg":"  ARB>USDC@UniswapV3/100 USDC>ARB@PancakeV3/100 in=5.398 ARB gap=32.5bps profit=$0.002 net=$-0.009"}
{"level":30,"time":1790808009231,"pid":20658,"hostname":"vm","msg":"  ARB>USDC.e@PancakeV3/500 USDC.e>ARB@SushiV2 in=5.286 ARB gap=66.9bps profit=$0.002 net=$-0.007"}
{"level":30,"time":1790808009231,"pid":20658,"hostname":"vm","msg":"  ARB>USDC.e@PancakeV3/100 USDC.e>ARB@UniswapV3/3000 in=7.370 ARB gap=53.8bps profit=$0.002 net=$-0.009"}
{"level":30,"time":1790808009820,"pid":20658,"hostname":"vm","block":510480294,"gross":214,"net":0,"sumNetUsd":0,"gasPriceGwei":0.020012,"txCostUsd":0.0135,"syncMs":139,"searchMs":148,"msg":"block scanned"}
{"level":30,"time":1790808009820,"pid":20658,"hostname":"vm","msg":"  ARB>USDC.e@PancakeV3/100 USDC.e>ARB@SushiV2 in=7.936 ARB gap=82.8bps profit=$0.004 net=$-0.004"}
{"level":30,"time":1790808009820,"pid":20658,"hostname":"vm","msg":"  ARB>USDC.e@PancakeV3/100 USDC.e>ARB@UniswapV3/500 in=16.32 ARB gap=22.6bps profit=$0.003 net=$-0.008"}
{"level":30,"time":1790808009820,"pid":20658,"hostname":"vm","msg":"  ARB>USDC@UniswapV3/100 USDC>ARB@PancakeV3/100 in=5.398 ARB gap=32.5bps profit=$0.002 net=$-0.009"}
{"level":30,"time":1790808009820,"pid":20658,"hostname":"vm","msg":"  ARB>USDC.e@PancakeV3/500 USDC.e>ARB@SushiV2 in=5.286 ARB gap=66.9bps profit=$0.002 net=$-0.007"}
{"level":30,"time":1790808009820,"pid":20658,"hostname":"vm","msg":"  ARB>USDC.e@PancakeV3/100 USDC.e>ARB@UniswapV3/3000 in=7.370 ARB gap=53.8bps profit=$0.002 net=$-0.009"}
{"level":30,"time":1790808047979,"pid":20658,"hostname":"vm","block":510480297,"gross":214,"net":0,"sumNetUsd":0,"gasPriceGwei":0.02,"txCostUsd":0.0134,"syncMs":37700,"searchMs":146,"msg":"block scanned"}
{"level":30,"time":1790808047979,"pid":20658,"hostname":"vm","msg":"  ARB>USDC.e@PancakeV3/100 USDC.e>ARB@SushiV2 in=7.936 ARB gap=82.8bps profit=$0.004 net=$-0.004"}
{"level":30,"time":1790808047979,"pid":20658,"hostname":"vm","msg":"  ARB>USDC.e@PancakeV3/100 USDC.e>ARB@UniswapV3/500 in=16.32 ARB gap=22.6bps profit=$0.003 net=$-0.008"}
{"level":30,"time":1790808047979,"pid":20658,"hostname":"vm","msg":"  ARB>USDC@UniswapV3/100 USDC>ARB@PancakeV3/100 in=5.398 ARB gap=32.5bps profit=$0.002 net=$-0.009"}
{"level":30,"time":1790808047979,"pid":20658,"hostname":"vm","msg":"  ARB>USDC.e@PancakeV3/500 USDC.e>ARB@SushiV2 in=5.286 ARB gap=66.9bps profit=$0.002 net=$-0.007"}
{"level":30,"time":1790808047979,"pid":20658,"hostname":"vm","msg":"  ARB>USDC.e@PancakeV3/100 USDC.e>ARB@UniswapV3/3000 in=7.370 ARB gap=53.8bps profit=$0.002 net=$-0.009"}
{"level":30,"time":1790808048377,"pid":20658,"hostname":"vm","block":510480432,"gross":231,"net":0,"sumNetUsd":0,"gasPriceGwei":0.020002,"txCostUsd":0.0134,"syncMs":138,"searchMs":159,"msg":"block scanned"}
{"level":30,"time":1790808048377,"pid":20658,"hostname":"vm","msg":"  ARB>USDC.e@PancakeV3/100 USDC.e>ARB@SushiV2 in=7.936 ARB gap=82.8bps profit=$0.004 net=$-0.004"}
{"level":30,"time":1790808048377,"pid":20658,"hostname":"vm","msg":"  ARB>USDC@UniswapV3/500 USDC>ARB@PancakeV3/100 in=7.737 ARB gap=33.9bps profit=$0.002 net=$-0.009"}
{"level":30,"time":1790808048377,"pid":20658,"hostname":"vm","msg":"  ARB>USDC.e@UniswapV3/500 USDC.e>ARB@SushiV2 in=6.128 ARB gap=68.9bps profit=$0.002 net=$-0.007"}
{"level":30,"time":1790808048377,"pid":20658,"hostname":"vm","msg":"  ARB>USDC@PancakeV3/500 USDC>ARB@PancakeV3/100 in=7.411 ARB gap=32.1bps profit=$0.002 net=$-0.009"}
{"level":30,"time":1790808048377,"pid":20658,"hostname":"vm","msg":"  ARB>USDC@UniswapV3/100 USDC>ARB@PancakeV3/100 in=5.398 ARB gap=32.5bps profit=$0.002 net=$-0.009"}
{"level":30,"time":1790808048994,"pid":20658,"hostname":"vm","block":510480433,"gross":231,"net":0,"sumNetUsd":0,"gasPriceGwei":0.02,"txCostUsd":0.0134,"syncMs":147,"searchMs":162,"msg":"block scanned"}
{"level":30,"time":1790808048994,"pid":20658,"hostname":"vm","msg":"  ARB>USDC.e@PancakeV3/100 USDC.e>ARB@SushiV2 in=7.936 ARB gap=82.8bps profit=$0.004 net=$-0.004"}
{"level":30,"time":1790808048994,"pid":20658,"hostname":"vm","msg":"  ARB>USDC@UniswapV3/500 USDC>ARB@PancakeV3/100 in=7.737 ARB gap=33.9bps profit=$0.002 net=$-0.009"}
{"level":30,"time":1790808048994,"pid":20658,"hostname":"vm","msg":"  ARB>USDC.e@UniswapV3/500 USDC.e>ARB@SushiV2 in=6.128 ARB gap=68.9bps profit=$0.002 net=$-0.007"}
{"level":30,"time":1790808048994,"pid":20658,"hostname":"vm","msg":"  ARB>USDC@PancakeV3/500 USDC>ARB@PancakeV3/100 in=7.411 ARB gap=32.1bps profit=$0.002 net=$-0.009"}
{"level":30,"time":1790808048994,"pid":20658,"hostname":"vm","msg":"  ARB>USDC@UniswapV3/100 USDC>ARB@PancakeV3/100 in=5.398 ARB gap=32.5bps profit=$0.002 net=$-0.009"}
{"level":30,"time":1790808049629,"pid":20658,"hostname":"vm","block":510480436,"gross":231,"net":0,"sumNetUsd":0,"gasPriceGwei":0.02,"txCostUsd":0.0134,"syncMs":162,"searchMs":161,"msg":"block scanned"}
{"level":30,"time":1790808049629,"pid":20658,"hostname":"vm","msg":"  ARB>USDC.e@PancakeV3/100 USDC.e>ARB@SushiV2 in=7.936 ARB gap=82.8bps profit=$0.004 net=$-0.004"}
{"level":30,"time":1790808049629,"pid":20658,"hostname":"vm","msg":"  ARB>USDC@UniswapV3/500 USDC>ARB@PancakeV3/100 in=7.737 ARB gap=33.9bps profit=$0.002 net=$-0.009"}
{"level":30,"time":1790808049629,"pid":20658,"hostname":"vm","msg":"  ARB>USDC.e@UniswapV3/500 USDC.e>ARB@SushiV2 in=6.128 ARB gap=68.9bps profit=$0.002 net=$-0.007"}
{"level":30,"time":1790808049629,"pid":20658,"hostname":"vm","msg":"  ARB>USDC@PancakeV3/500 USDC>ARB@PancakeV3/100 in=7.411 ARB gap=32.1bps profit=$0.002 net=$-0.009"}
{"level":30,"time":1790808049629,"pid":20658,"hostname":"vm","msg":"  ARB>USDC@UniswapV3/100 USDC>ARB@PancakeV3/100 in=5.398 ARB gap=32.5bps profit=$0.002 net=$-0.009"}
{"level":30,"time":1790808050230,"pid":20658,"hostname":"vm","block":510480438,"gross":231,"net":0,"sumNetUsd":0,"gasPriceGwei":0.020114,"txCostUsd":0.0135,"syncMs":134,"searchMs":160,"msg":"block scanned"}
{"level":30,"time":1790808050230,"pid":20658,"hostname":"vm","msg":"  ARB>USDC.e@PancakeV3/100 USDC.e>ARB@SushiV2 in=7.936 ARB gap=82.8bps profit=$0.004 net=$-0.004"}
{"level":30,"time":1790808050230,"pid":20658,"hostname":"vm","msg":"  ARB>USDC@UniswapV3/500 USDC>ARB@PancakeV3/100 in=7.737 ARB gap=33.9bps profit=$0.002 net=$-0.009"}
{"level":30,"time":1790808050230,"pid":20658,"hostname":"vm","msg":"  ARB>USDC.e@UniswapV3/500 USDC.e>ARB@SushiV2 in=6.128 ARB gap=68.9bps profit=$0.002 net=$-0.007"}
{"level":30,"time":1790808050230,"pid":20658,"hostname":"vm","msg":"  ARB>USDC@PancakeV3/500 USDC>ARB@PancakeV3/100 in=7.411 ARB gap=32.1bps profit=$0.002 net=$-0.009"}
{"level":30,"time":1790808050230,"pid":20658,"hostname":"vm","msg":"  ARB>USDC@UniswapV3/100 USDC>ARB@PancakeV3/100 in=5.398 ARB gap=32.5bps profit=$0.002 net=$-0.009"}
{"level":30,"time":1790808050851,"pid":20658,"hostname":"vm","block":510480441,"gross":231,"net":0,"sumNetUsd":0,"gasPriceGwei":0.020004,"txCostUsd":0.0135,"syncMs":148,"searchMs":165,"msg":"block scanned"}
{"level":30,"time":1790808050852,"pid":20658,"hostname":"vm","msg":"  ARB>USDC.e@PancakeV3/100 USDC.e>ARB@SushiV2 in=7.936 ARB gap=82.8bps profit=$0.004 net=$-0.004"}
{"level":30,"time":1790808050852,"pid":20658,"hostname":"vm","msg":"  ARB>USDC@UniswapV3/500 USDC>ARB@PancakeV3/100 in=7.737 ARB gap=33.9bps profit=$0.002 net=$-0.009"}
{"level":30,"time":1790808050852,"pid":20658,"hostname":"vm","msg":"  ARB>USDC.e@UniswapV3/500 USDC.e>ARB@SushiV2 in=6.128 ARB gap=68.9bps profit=$0.002 net=$-0.007"}
{"level":30,"time":1790808050852,"pid":20658,"hostname":"vm","msg":"  ARB>USDC@PancakeV3/500 USDC>ARB@PancakeV3/100 in=7.411 ARB gap=32.1bps profit=$0.002 net=$-0.009"}
{"level":30,"time":1790808050852,"pid":20658,"hostname":"vm","msg":"  ARB>USDC@UniswapV3/100 USDC>ARB@PancakeV3/100 in=5.398 ARB gap=32.5bps profit=$0.002 net=$-0.009"}
{"level":30,"time":1790808051468,"pid":20658,"hostname":"vm","block":510480442,"gross":231,"net":0,"sumNetUsd":0,"gasPriceGwei":0.020024,"txCostUsd":0.0135,"syncMs":136,"searchMs":158,"msg":"block scanned"}
{"level":30,"time":1790808051468,"pid":20658,"hostname":"vm","msg":"  ARB>USDC.e@PancakeV3/100 USDC.e>ARB@SushiV2 in=7.936 ARB gap=82.8bps profit=$0.004 net=$-0.004"}
{"level":30,"time":1790808051468,"pid":20658,"hostname":"vm","msg":"  ARB>USDC@UniswapV3/500 USDC>ARB@PancakeV3/100 in=7.737 ARB gap=33.9bps profit=$0.002 net=$-0.009"}
{"level":30,"time":1790808051468,"pid":20658,"hostname":"vm","msg":"  ARB>USDC.e@UniswapV3/500 USDC.e>ARB@SushiV2 in=6.128 ARB gap=68.9bps profit=$0.002 net=$-0.007"}
{"level":30,"time":1790808051468,"pid":20658,"hostname":"vm","msg":"  ARB>USDC@PancakeV3/500 USDC>ARB@PancakeV3/100 in=7.411 ARB gap=32.1bps profit=$0.002 net=$-0.009"}
{"level":30,"time":1790808051468,"pid":20658,"hostname":"vm","msg":"  ARB>USDC@UniswapV3/100 USDC>ARB@PancakeV3/100 in=5.398 ARB gap=32.5bps profit=$0.002 net=$-0.009"}
{"level":30,"time":1790808052090,"pid":20658,"hostname":"vm","block":510480445,"gross":230,"net":0,"sumNetUsd":0,"gasPriceGwei":0.020002,"txCostUsd":0.0134,"syncMs":159,"searchMs":158,"msg":"block scanned"}
{"level":30,"time":1790808052090,"pid":20658,"hostname":"vm","msg":"  ARB>USDC.e@PancakeV3/100 USDC.e>ARB@SushiV2 in=7.936 ARB gap=82.8bps profit=$0.004 net=$-0.004"}
{"level":30,"time":1790808052090,"pid":20658,"hostname":"vm","msg":"  ARB>USDC@UniswapV3/500 USDC>ARB@PancakeV3/100 in=7.737 ARB gap=33.9bps profit=$0.002 net=$-0.009"}
{"level":30,"time":1790808052090,"pid":20658,"hostname":"vm","msg":"  ARB>USDC.e@UniswapV3/500 USDC.e>ARB@SushiV2 in=6.128 ARB gap=68.9bps profit=$0.002 net=$-0.007"}
{"level":30,"time":1790808052090,"pid":20658,"hostname":"vm","msg":"  ARB>USDC@PancakeV3/500 USDC>ARB@PancakeV3/100 in=7.411 ARB gap=32.1bps profit=$0.002 net=$-0.009"}
{"level":30,"time":1790808052090,"pid":20658,"hostname":"vm","msg":"  ARB>USDC@UniswapV3/100 USDC>ARB@PancakeV3/100 in=5.398 ARB gap=32.5bps profit=$0.002 net=$-0.009"}
{"level":30,"time":1790808052710,"pid":20658,"hostname":"vm","block":510480447,"gross":230,"net":0,"sumNetUsd":0,"gasPriceGwei":0.020054,"txCostUsd":0.0135,"syncMs":147,"searchMs":164,"msg":"block scanned"}
{"level":30,"time":1790808052710,"pid":20658,"hostname":"vm","msg":"  ARB>USDC.e@PancakeV3/100 USDC.e>ARB@SushiV2 in=7.936 ARB gap=82.8bps profit=$0.004 net=$-0.004"}
{"level":30,"time":1790808052710,"pid":20658,"hostname":"vm","msg":"  ARB>USDC@UniswapV3/500 USDC>ARB@PancakeV3/100 in=7.737 ARB gap=33.9bps profit=$0.002 net=$-0.009"}
{"level":30,"time":1790808052710,"pid":20658,"hostname":"vm","msg":"  ARB>USDC.e@UniswapV3/500 USDC.e>ARB@SushiV2 in=6.128 ARB gap=68.9bps profit=$0.002 net=$-0.007"}
{"level":30,"time":1790808052710,"pid":20658,"hostname":"vm","msg":"  ARB>USDC@PancakeV3/500 USDC>ARB@PancakeV3/100 in=7.411 ARB gap=32.1bps profit=$0.002 net=$-0.009"}
{"level":30,"time":1790808052710,"pid":20658,"hostname":"vm","msg":"  ARB>USDC@UniswapV3/100 USDC>ARB@PancakeV3/100 in=5.398 ARB gap=32.5bps profit=$0.002 net=$-0.009"}
{"level":30,"time":1790808053305,"pid":20658,"hostname":"vm","block":510480449,"gross":230,"net":0,"sumNetUsd":0,"gasPriceGwei":0.020024,"txCostUsd":0.0135,"syncMs":128,"searchMs":156,"msg":"block scanned"}
{"level":30,"time":1790808053305,"pid":20658,"hostname":"vm","msg":"  ARB>USDC.e@PancakeV3/100 USDC.e>ARB@SushiV2 in=7.936 ARB gap=82.8bps profit=$0.004 net=$-0.004"}
{"level":30,"time":1790808053305,"pid":20658,"hostname":"vm","msg":"  ARB>USDC@UniswapV3/500 USDC>ARB@PancakeV3/100 in=7.737 ARB gap=33.9bps profit=$0.002 net=$-0.009"}
{"level":30,"time":1790808053305,"pid":20658,"hostname":"vm","msg":"  ARB>USDC.e@UniswapV3/500 USDC.e>ARB@SushiV2 in=6.128 ARB gap=68.9bps profit=$0.002 net=$-0.007"}
{"level":30,"time":1790808053305,"pid":20658,"hostname":"vm","msg":"  ARB>USDC@PancakeV3/500 USDC>ARB@PancakeV3/100 in=7.411 ARB gap=32.1bps profit=$0.002 net=$-0.009"}
{"level":30,"time":1790808053305,"pid":20658,"hostname":"vm","msg":"  ARB>USDC@UniswapV3/100 USDC>ARB@PancakeV3/100 in=5.398 ARB gap=32.5bps profit=$0.002 net=$-0.009"}
{"level":30,"time":1790808053922,"pid":20658,"hostname":"vm","block":510480451,"gross":230,"net":0,"sumNetUsd":0,"gasPriceGwei":0.02,"txCostUsd":0.0134,"syncMs":147,"searchMs":167,"msg":"block scanned"}
{"level":30,"time":1790808053922,"pid":20658,"hostname":"vm","msg":"  ARB>USDC.e@PancakeV3/100 USDC.e>ARB@SushiV2 in=7.936 ARB gap=82.8bps profit=$0.004 net=$-0.004"}
{"level":30,"time":1790808053922,"pid":20658,"hostname":"vm","msg":"  ARB>USDC@UniswapV3/500 USDC>ARB@PancakeV3/100 in=7.737 ARB gap=33.9bps profit=$0.002 net=$-0.009"}
{"level":30,"time":1790808053922,"pid":20658,"hostname":"vm","msg":"  ARB>USDC.e@UniswapV3/500 USDC.e>ARB@SushiV2 in=6.128 ARB gap=68.9bps profit=$0.002 net=$-0.007"}
{"level":30,"time":1790808053922,"pid":20658,"hostname":"vm","msg":"  ARB>USDC@PancakeV3/500 USDC>ARB@PancakeV3/100 in=7.411 ARB gap=32.1bps profit=$0.002 net=$-0.009"}
{"level":30,"time":1790808053922,"pid":20658,"hostname":"vm","msg":"  ARB>USDC@UniswapV3/100 USDC>ARB@PancakeV3/100 in=5.398 ARB gap=32.5bps profit=$0.002 net=$-0.009"}
{"level":30,"time":1790808054536,"pid":20658,"hostname":"vm","block":510480453,"gross":230,"net":0,"sumNetUsd":0,"gasPriceGwei":0.020022,"txCostUsd":0.0135,"syncMs":148,"searchMs":162,"msg":"block scanned"}
{"level":30,"time":1790808054536,"pid":20658,"hostname":"vm","msg":"  ARB>USDC.e@PancakeV3/100 USDC.e>ARB@SushiV2 in=7.936 ARB gap=82.8bps profit=$0.004 net=$-0.004"}
{"level":30,"time":1790808054536,"pid":20658,"hostname":"vm","msg":"  ARB>USDC@UniswapV3/500 USDC>ARB@PancakeV3/100 in=7.737 ARB gap=33.9bps profit=$0.002 net=$-0.009"}
{"level":30,"time":1790808054536,"pid":20658,"hostname":"vm","msg":"  ARB>USDC.e@UniswapV3/500 USDC.e>ARB@SushiV2 in=6.128 ARB gap=68.9bps profit=$0.002 net=$-0.007"}
{"level":30,"time":1790808054536,"pid":20658,"hostname":"vm","msg":"  ARB>USDC@PancakeV3/500 USDC>ARB@PancakeV3/100 in=7.411 ARB gap=32.1bps profit=$0.002 net=$-0.009"}
{"level":30,"time":1790808054536,"pid":20658,"hostname":"vm","msg":"  ARB>USDC@UniswapV3/100 USDC>ARB@PancakeV3/100 in=5.398 ARB gap=32.5bps profit=$0.002 net=$-0.009"}
{"level":30,"time":1790808055136,"pid":20658,"hostname":"vm","block":510480455,"gross":230,"net":0,"sumNetUsd":0,"gasPriceGwei":0.02001,"txCostUsd":0.0135,"syncMs":136,"searchMs":158,"msg":"block scanned"}
{"level":30,"time":1790808055136,"pid":20658,"hostname":"vm","msg":"  ARB>USDC.e@PancakeV3/100 USDC.e>ARB@SushiV2 in=7.936 ARB gap=82.8bps profit=$0.004 net=$-0.004"}
{"level":30,"time":1790808055136,"pid":20658,"hostname":"vm","msg":"  ARB>USDC@UniswapV3/500 USDC>ARB@PancakeV3/100 in=7.737 ARB gap=33.9bps profit=$0.002 net=$-0.009"}
{"level":30,"time":1790808055136,"pid":20658,"hostname":"vm","msg":"  ARB>USDC.e@UniswapV3/500 USDC.e>ARB@SushiV2 in=6.128 ARB gap=68.9bps profit=$0.002 net=$-0.007"}
{"level":30,"time":1790808055136,"pid":20658,"hostname":"vm","msg":"  ARB>USDC@PancakeV3/500 USDC>ARB@PancakeV3/100 in=7.411 ARB gap=32.1bps profit=$0.002 net=$-0.009"}
{"level":30,"time":1790808055136,"pid":20658,"hostname":"vm","msg":"  ARB>USDC@UniswapV3/100 USDC>ARB@PancakeV3/100 in=5.398 ARB gap=32.5bps profit=$0.002 net=$-0.009"}
{"level":30,"time":1790808055753,"pid":20658,"hostname":"vm","block":510480457,"gross":230,"net":0,"sumNetUsd":0,"gasPriceGwei":0.02,"txCostUsd":0.0134,"syncMs":150,"searchMs":162,"msg":"block scanned"}
{"level":30,"time":1790808055753,"pid":20658,"hostname":"vm","msg":"  ARB>USDC.e@PancakeV3/100 USDC.e>ARB@SushiV2 in=7.936 ARB gap=82.8bps profit=$0.004 net=$-0.004"}
{"level":30,"time":1790808055753,"pid":20658,"hostname":"vm","msg":"  ARB>USDC@UniswapV3/500 USDC>ARB@PancakeV3/100 in=7.737 ARB gap=33.9bps profit=$0.002 net=$-0.009"}
{"level":30,"time":1790808055753,"pid":20658,"hostname":"vm","msg":"  ARB>USDC.e@UniswapV3/500 USDC.e>ARB@SushiV2 in=6.128 ARB gap=68.9bps profit=$0.002 net=$-0.007"}
{"level":30,"time":1790808055753,"pid":20658,"hostname":"vm","msg":"  ARB>USDC@PancakeV3/500 USDC>ARB@PancakeV3/100 in=7.411 ARB gap=32.1bps profit=$0.002 net=$-0.009"}
{"level":30,"time":1790808055753,"pid":20658,"hostname":"vm","msg":"  ARB>USDC@UniswapV3/100 USDC>ARB@PancakeV3/100 in=5.398 ARB gap=32.5bps profit=$0.002 net=$-0.009"}
{"level":30,"time":1790808056486,"pid":20658,"hostname":"vm","block":510480459,"gross":230,"net":0,"sumNetUsd":0,"gasPriceGwei":0.020078,"txCostUsd":0.0135,"syncMs":130,"searchMs":210,"msg":"block scanned"}
{"level":30,"time":1790808056486,"pid":20658,"hostname":"vm","msg":"  ARB>USDC.e@PancakeV3/100 USDC.e>ARB@SushiV2 in=7.936 ARB gap=82.8bps profit=$0.004 net=$-0.004"}
{"level":30,"time":1790808056486,"pid":20658,"hostname":"vm","msg":"  ARB>USDC@UniswapV3/500 USDC>ARB@PancakeV3/100 in=7.737 ARB gap=33.9bps profit=$0.002 net=$-0.009"}
{"level":30,"time":1790808056486,"pid":20658,"hostname":"vm","msg":"  ARB>USDC.e@UniswapV3/500 USDC.e>ARB@SushiV2 in=6.128 ARB gap=68.9bps profit=$0.002 net=$-0.007"}
{"level":30,"time":1790808056486,"pid":20658,"hostname":"vm","msg":"  ARB>USDC@PancakeV3/500 USDC>ARB@PancakeV3/100 in=7.411 ARB gap=32.1bps profit=$0.002 net=$-0.009"}
{"level":30,"time":1790808056486,"pid":20658,"hostname":"vm","msg":"  ARB>USDC@UniswapV3/100 USDC>ARB@PancakeV3/100 in=5.398 ARB gap=32.5bps profit=$0.002 net=$-0.009"}
{"level":30,"time":1790808090876,"pid":20658,"hostname":"vm","block":510480462,"gross":230,"net":0,"sumNetUsd":0,"gasPriceGwei":0.020006,"txCostUsd":0.0135,"syncMs":34014,"searchMs":166,"msg":"block scanned"}
{"level":30,"time":1790808090876,"pid":20658,"hostname":"vm","msg":"  ARB>USDC.e@PancakeV3/100 USDC.e>ARB@SushiV2 in=7.936 ARB gap=82.8bps profit=$0.004 net=$-0.004"}
{"level":30,"time":1790808090876,"pid":20658,"hostname":"vm","msg":"  ARB>USDC@UniswapV3/500 USDC>ARB@PancakeV3/100 in=7.737 ARB gap=33.9bps profit=$0.002 net=$-0.009"}
{"level":30,"time":1790808090876,"pid":20658,"hostname":"vm","msg":"  ARB>USDC.e@UniswapV3/500 USDC.e>ARB@SushiV2 in=6.128 ARB gap=68.9bps profit=$0.002 net=$-0.007"}
{"level":30,"time":1790808090876,"pid":20658,"hostname":"vm","msg":"  ARB>USDC@PancakeV3/500 USDC>ARB@PancakeV3/100 in=7.411 ARB gap=32.1bps profit=$0.002 net=$-0.009"}
{"level":30,"time":1790808090876,"pid":20658,"hostname":"vm","msg":"  ARB>USDC@UniswapV3/100 USDC>ARB@PancakeV3/100 in=5.398 ARB gap=32.5bps profit=$0.002 net=$-0.009"}
{"level":30,"time":1790808091283,"pid":20658,"hostname":"vm","block":510480585,"gross":236,"net":0,"sumNetUsd":0,"gasPriceGwei":0.02002,"txCostUsd":0.0135,"syncMs":140,"searchMs":166,"msg":"block scanned"}
{"level":30,"time":1790808091283,"pid":20658,"hostname":"vm","msg":"  ARB>USDC.e@PancakeV3/100 USDC.e>ARB@SushiV2 in=7.936 ARB gap=82.8bps profit=$0.004 net=$-0.004"}
{"level":30,"time":1790808091283,"pid":20658,"hostname":"vm","msg":"  ARB>USDC@UniswapV3/500 USDC>ARB@PancakeV3/100 in=7.737 ARB gap=33.9bps profit=$0.002 net=$-0.009"}
{"level":30,"time":1790808091283,"pid":20658,"hostname":"vm","msg":"  ARB>USDC.e@UniswapV3/500 USDC.e>ARB@SushiV2 in=6.128 ARB gap=68.9bps profit=$0.002 net=$-0.007"}
{"level":30,"time":1790808091283,"pid":20658,"hostname":"vm","msg":"  ARB>USDC@PancakeV3/500 USDC>ARB@PancakeV3/100 in=7.411 ARB gap=32.1bps profit=$0.002 net=$-0.009"}
{"level":30,"time":1790808091283,"pid":20658,"hostname":"vm","msg":"  ARB>USDC@UniswapV3/100 USDC>ARB@PancakeV3/100 in=5.398 ARB gap=32.5bps profit=$0.002 net=$-0.009"}
{"level":30,"time":1790808091900,"pid":20658,"hostname":"vm","block":510480587,"gross":236,"net":0,"sumNetUsd":0,"gasPriceGwei":0.020004,"txCostUsd":0.0135,"syncMs":140,"searchMs":173,"msg":"block scanned"}
{"level":30,"time":1790808091900,"pid":20658,"hostname":"vm","msg":"  ARB>USDC.e@PancakeV3/100 USDC.e>ARB@SushiV2 in=7.936 ARB gap=82.8bps profit=$0.004 net=$-0.004"}
{"level":30,"time":1790808091900,"pid":20658,"hostname":"vm","msg":"  ARB>USDC@UniswapV3/500 USDC>ARB@PancakeV3/100 in=7.737 ARB gap=33.9bps profit=$0.002 net=$-0.009"}
{"level":30,"time":1790808091900,"pid":20658,"hostname":"vm","msg":"  ARB>USDC.e@UniswapV3/500 USDC.e>ARB@SushiV2 in=6.128 ARB gap=68.9bps profit=$0.002 net=$-0.007"}
{"level":30,"time":1790808091900,"pid":20658,"hostname":"vm","msg":"  ARB>USDC@PancakeV3/500 USDC>ARB@PancakeV3/100 in=7.411 ARB gap=32.1bps profit=$0.002 net=$-0.009"}
{"level":30,"time":1790808091900,"pid":20658,"hostname":"vm","msg":"  ARB>USDC@UniswapV3/100 USDC>ARB@PancakeV3/100 in=5.398 ARB gap=32.5bps profit=$0.002 net=$-0.009"}
{"level":30,"time":1790808092533,"pid":20658,"hostname":"vm","block":510480590,"gross":236,"net":0,"sumNetUsd":0,"gasPriceGwei":0.020012,"txCostUsd":0.0135,"syncMs":151,"searchMs":170,"msg":"block scanned"}
{"level":30,"time":1790808092533,"pid":20658,"hostname":"vm","msg":"  ARB>USDC.e@PancakeV3/100 USDC.e>ARB@SushiV2 in=7.936 ARB gap=82.8bps profit=$0.004 net=$-0.004"}
{"level":30,"time":1790808092533,"pid":20658,"hostname":"vm","msg":"  ARB>USDC@UniswapV3/500 USDC>ARB@PancakeV3/100 in=7.737 ARB gap=33.9bps profit=$0.002 net=$-0.009"}
{"level":30,"time":1790808092533,"pid":20658,"hostname":"vm","msg":"  ARB>USDC.e@UniswapV3/500 USDC.e>ARB@SushiV2 in=6.128 ARB gap=68.9bps profit=$0.002 net=$-0.007"}
{"level":30,"time":1790808092533,"pid":20658,"hostname":"vm","msg":"  ARB>USDC@PancakeV3/500 USDC>ARB@PancakeV3/100 in=7.411 ARB gap=32.1bps profit=$0.002 net=$-0.009"}
{"level":30,"time":1790808092533,"pid":20658,"hostname":"vm","msg":"  ARB>USDC@UniswapV3/100 USDC>ARB@PancakeV3/100 in=5.398 ARB gap=32.5bps profit=$0.002 net=$-0.009"}
{"level":30,"time":1790808093192,"pid":20658,"hostname":"vm","block":510480592,"gross":236,"net":0,"sumNetUsd":0,"gasPriceGwei":0.020168,"txCostUsd":0.0136,"syncMs":150,"searchMs":206,"msg":"block scanned"}
{"level":30,"time":1790808093192,"pid":20658,"hostname":"vm","msg":"  ARB>USDC.e@PancakeV3/100 USDC.e>ARB@SushiV2 in=7.936 ARB gap=82.8bps profit=$0.004 net=$-0.005"}
{"level":30,"time":1790808093192,"pid":20658,"hostname":"vm","msg":"  ARB>USDC@UniswapV3/500 USDC>ARB@PancakeV3/100 in=7.737 ARB gap=33.9bps profit=$0.002 net=$-0.009"}
{"level":30,"time":1790808093192,"pid":20658,"hostname":"vm","msg":"  ARB>USDC.e@UniswapV3/500 USDC.e>ARB@SushiV2 in=6.128 ARB gap=68.9bps profit=$0.002 net=$-0.007"}
{"level":30,"time":1790808093192,"pid":20658,"hostname":"vm","msg":"  ARB>USDC@PancakeV3/500 USDC>ARB@PancakeV3/100 in=7.411 ARB gap=32.1bps profit=$0.002 net=$-0.009"}
{"level":30,"time":1790808093192,"pid":20658,"hostname":"vm","msg":"  ARB>USDC@UniswapV3/100 USDC>ARB@PancakeV3/100 in=5.398 ARB gap=32.5bps profit=$0.002 net=$-0.009"}
{"level":30,"time":1790808093679,"pid":20658,"hostname":"vm","block":510480594,"gross":236,"net":0,"sumNetUsd":0,"gasPriceGwei":0.02,"txCostUsd":0.0134,"syncMs":120,"searchMs":165,"msg":"block scanned"}
{"level":30,"time":1790808093679,"pid":20658,"hostname":"vm","msg":"  ARB>USDC.e@PancakeV3/100 USDC.e>ARB@SushiV2 in=7.936 ARB gap=82.8bps profit=$0.004 net=$-0.004"}
{"level":30,"time":1790808093679,"pid":20658,"hostname":"vm","msg":"  ARB>USDC@UniswapV3/500 USDC>ARB@PancakeV3/100 in=7.737 ARB gap=33.9bps profit=$0.002 net=$-0.009"}
{"level":30,"time":1790808093679,"pid":20658,"hostname":"vm","msg":"  ARB>USDC.e@UniswapV3/500 USDC.e>ARB@SushiV2 in=6.128 ARB gap=68.9bps profit=$0.002 net=$-0.007"}
{"level":30,"time":1790808093679,"pid":20658,"hostname":"vm","msg":"  ARB>USDC@PancakeV3/500 USDC>ARB@PancakeV3/100 in=7.411 ARB gap=32.1bps profit=$0.002 net=$-0.009"}
{"level":30,"time":1790808093679,"pid":20658,"hostname":"vm","msg":"  ARB>USDC@UniswapV3/100 USDC>ARB@PancakeV3/100 in=5.398 ARB gap=32.5bps profit=$0.002 net=$-0.009"}
{"level":30,"time":1790808094325,"pid":20658,"hostname":"vm","block":510480596,"gross":236,"net":0,"sumNetUsd":0,"gasPriceGwei":0.020126,"txCostUsd":0.0135,"syncMs":146,"searchMs":196,"msg":"block scanned"}
{"level":30,"time":1790808094325,"pid":20658,"hostname":"vm","msg":"  ARB>USDC.e@PancakeV3/100 USDC.e>ARB@SushiV2 in=7.936 ARB gap=82.8bps profit=$0.004 net=$-0.004"}
{"level":30,"time":1790808094325,"pid":20658,"hostname":"vm","msg":"  ARB>USDC@UniswapV3/500 USDC>ARB@PancakeV3/100 in=7.737 ARB gap=33.9bps profit=$0.002 net=$-0.009"}
{"level":30,"time":1790808094325,"pid":20658,"hostname":"vm","msg":"  ARB>USDC.e@UniswapV3/500 USDC.e>ARB@SushiV2 in=6.128 ARB gap=68.9bps profit=$0.002 net=$-0.007"}
{"level":30,"time":1790808094325,"pid":20658,"hostname":"vm","msg":"  ARB>USDC@PancakeV3/500 USDC>ARB@PancakeV3/100 in=7.411 ARB gap=32.1bps profit=$0.002 net=$-0.009"}
{"level":30,"time":1790808094325,"pid":20658,"hostname":"vm","msg":"  ARB>USDC@UniswapV3/100 USDC>ARB@PancakeV3/100 in=5.398 ARB gap=32.5bps profit=$0.002 net=$-0.009"}
{"level":30,"time":1790808094934,"pid":20658,"hostname":"vm","block":510480598,"gross":236,"net":0,"sumNetUsd":0,"gasPriceGwei":0.020012,"txCostUsd":0.0135,"syncMs":132,"searchMs":168,"msg":"block scanned"}
{"level":30,"time":1790808094934,"pid":20658,"hostname":"vm","msg":"  ARB>USDC.e@PancakeV3/100 USDC.e>ARB@SushiV2 in=7.936 ARB gap=82.8bps profit=$0.004 net=$-0.004"}
{"level":30,"time":1790808094934,"pid":20658,"hostname":"vm","msg":"  ARB>USDC@UniswapV3/500 USDC>ARB@PancakeV3/100 in=7.737 ARB gap=33.9bps profit=$0.002 net=$-0.009"}
{"level":30,"time":1790808094934,"pid":20658,"hostname":"vm","msg":"  ARB>USDC.e@UniswapV3/500 USDC.e>ARB@SushiV2 in=6.128 ARB gap=68.9bps profit=$0.002 net=$-0.007"}
{"level":30,"time":1790808094934,"pid":20658,"hostname":"vm","msg":"  ARB>USDC@PancakeV3/500 USDC>ARB@PancakeV3/100 in=7.411 ARB gap=32.1bps profit=$0.002 net=$-0.009"}
{"level":30,"time":1790808094934,"pid":20658,"hostname":"vm","msg":"  ARB>USDC@UniswapV3/100 USDC>ARB@PancakeV3/100 in=5.398 ARB gap=32.5bps profit=$0.002 net=$-0.009"}
{"level":30,"time":1790808095560,"pid":20658,"hostname":"vm","block":510480601,"gross":236,"net":0,"sumNetUsd":0,"gasPriceGwei":0.020034,"txCostUsd":0.0135,"syncMs":152,"searchMs":169,"msg":"block scanned"}
{"level":30,"time":1790808095560,"pid":20658,"hostname":"vm","msg":"  ARB>USDC.e@PancakeV3/100 USDC.e>ARB@SushiV2 in=7.936 ARB gap=82.8bps profit=$0.004 net=$-0.004"}
{"level":30,"time":1790808095560,"pid":20658,"hostname":"vm","msg":"  ARB>USDC@UniswapV3/500 USDC>ARB@PancakeV3/100 in=7.737 ARB gap=33.9bps profit=$0.002 net=$-0.009"}
{"level":30,"time":1790808095560,"pid":20658,"hostname":"vm","msg":"  ARB>USDC.e@UniswapV3/500 USDC.e>ARB@SushiV2 in=6.128 ARB gap=68.9bps profit=$0.002 net=$-0.007"}
{"level":30,"time":1790808095560,"pid":20658,"hostname":"vm","msg":"  ARB>USDC@PancakeV3/500 USDC>ARB@PancakeV3/100 in=7.411 ARB gap=32.1bps profit=$0.002 net=$-0.009"}
{"level":30,"time":1790808095560,"pid":20658,"hostname":"vm","msg":"  ARB>USDC@UniswapV3/100 USDC>ARB@PancakeV3/100 in=5.398 ARB gap=32.5bps profit=$0.002 net=$-0.009"}
{"level":30,"time":1790808096211,"pid":20658,"hostname":"vm","block":510480603,"gross":236,"net":0,"sumNetUsd":0,"gasPriceGwei":0.020006,"txCostUsd":0.0135,"syncMs":139,"searchMs":201,"msg":"block scanned"}
{"level":30,"time":1790808096211,"pid":20658,"hostname":"vm","msg":"  ARB>USDC.e@PancakeV3/100 USDC.e>ARB@SushiV2 in=7.936 ARB gap=82.8bps profit=$0.004 net=$-0.004"}
{"level":30,"time":1790808096211,"pid":20658,"hostname":"vm","msg":"  ARB>USDC@UniswapV3/500 USDC>ARB@PancakeV3/100 in=7.737 ARB gap=33.9bps profit=$0.002 net=$-0.009"}
{"level":30,"time":1790808096211,"pid":20658,"hostname":"vm","msg":"  ARB>USDC.e@UniswapV3/500 USDC.e>ARB@SushiV2 in=6.128 ARB gap=68.9bps profit=$0.002 net=$-0.007"}
{"level":30,"time":1790808096211,"pid":20658,"hostname":"vm","msg":"  ARB>USDC@PancakeV3/500 USDC>ARB@PancakeV3/100 in=7.411 ARB gap=32.1bps profit=$0.002 net=$-0.009"}
{"level":30,"time":1790808096211,"pid":20658,"hostname":"vm","msg":"  ARB>USDC@UniswapV3/100 USDC>ARB@PancakeV3/100 in=5.398 ARB gap=32.5bps profit=$0.002 net=$-0.009"}
{"level":30,"time":1790808096833,"pid":20658,"hostname":"vm","block":510480606,"gross":236,"net":0,"sumNetUsd":0,"gasPriceGwei":0.02,"txCostUsd":0.0134,"syncMs":147,"searchMs":172,"msg":"block scanned"}
{"level":30,"time":1790808096833,"pid":20658,"hostname":"vm","msg":"  ARB>USDC.e@PancakeV3/100 USDC.e>ARB@SushiV2 in=7.936 ARB gap=82.8bps profit=$0.004 net=$-0.004"}
{"level":30,"time":1790808096833,"pid":20658,"hostname":"vm","msg":"  ARB>USDC@UniswapV3/500 USDC>ARB@PancakeV3/100 in=7.737 ARB gap=33.9bps profit=$0.002 net=$-0.009"}
{"level":30,"time":1790808096833,"pid":20658,"hostname":"vm","msg":"  ARB>USDC.e@UniswapV3/500 USDC.e>ARB@SushiV2 in=6.128 ARB gap=68.9bps profit=$0.002 net=$-0.007"}
{"level":30,"time":1790808096833,"pid":20658,"hostname":"vm","msg":"  ARB>USDC@PancakeV3/500 USDC>ARB@PancakeV3/100 in=7.411 ARB gap=32.1bps profit=$0.002 net=$-0.009"}
{"level":30,"time":1790808096833,"pid":20658,"hostname":"vm","msg":"  ARB>USDC@UniswapV3/100 USDC>ARB@PancakeV3/100 in=5.398 ARB gap=32.5bps profit=$0.002 net=$-0.009"}
{"level":30,"time":1790808097471,"pid":20658,"hostname":"vm","block":510480608,"gross":236,"net":0,"sumNetUsd":0,"gasPriceGwei":0.020096,"txCostUsd":0.0135,"syncMs":161,"searchMs":167,"msg":"block scanned"}
{"level":30,"time":1790808097471,"pid":20658,"hostname":"vm","msg":"  ARB>USDC.e@PancakeV3/100 USDC.e>ARB@SushiV2 in=7.936 ARB gap=82.8bps profit=$0.004 net=$-0.004"}
{"level":30,"time":1790808097471,"pid":20658,"hostname":"vm","msg":"  ARB>USDC@UniswapV3/500 USDC>ARB@PancakeV3/100 in=7.737 ARB gap=33.9bps profit=$0.002 net=$-0.009"}
{"level":30,"time":1790808097471,"pid":20658,"hostname":"vm","msg":"  ARB>USDC.e@UniswapV3/500 USDC.e>ARB@SushiV2 in=6.128 ARB gap=68.9bps profit=$0.002 net=$-0.007"}
{"level":30,"time":1790808097471,"pid":20658,"hostname":"vm","msg":"  ARB>USDC@PancakeV3/500 USDC>ARB@PancakeV3/100 in=7.411 ARB gap=32.1bps profit=$0.002 net=$-0.009"}
{"level":30,"time":1790808097471,"pid":20658,"hostname":"vm","msg":"  ARB>USDC@UniswapV3/100 USDC>ARB@PancakeV3/100 in=5.398 ARB gap=32.5bps profit=$0.002 net=$-0.009"}
{"level":30,"time":1790808098092,"pid":20658,"hostname":"vm","block":510480609,"gross":236,"net":0,"sumNetUsd":0,"gasPriceGwei":0.020024,"txCostUsd":0.0135,"syncMs":141,"searchMs":168,"msg":"block scanned"}
{"level":30,"time":1790808098092,"pid":20658,"hostname":"vm","msg":"  ARB>USDC.e@PancakeV3/100 USDC.e>ARB@SushiV2 in=7.936 ARB gap=82.8bps profit=$0.004 net=$-0.004"}
{"level":30,"time":1790808098092,"pid":20658,"hostname":"vm","msg":"  ARB>USDC@UniswapV3/500 USDC>ARB@PancakeV3/100 in=7.737 ARB gap=33.9bps profit=$0.002 net=$-0.009"}
{"level":30,"time":1790808098092,"pid":20658,"hostname":"vm","msg":"  ARB>USDC.e@UniswapV3/500 USDC.e>ARB@SushiV2 in=6.128 ARB gap=68.9bps profit=$0.002 net=$-0.007"}
{"level":30,"time":1790808098092,"pid":20658,"hostname":"vm","msg":"  ARB>USDC@PancakeV3/500 USDC>ARB@PancakeV3/100 in=7.411 ARB gap=32.1bps profit=$0.002 net=$-0.009"}
{"level":30,"time":1790808098092,"pid":20658,"hostname":"vm","msg":"  ARB>USDC@UniswapV3/100 USDC>ARB@PancakeV3/100 in=5.398 ARB gap=32.5bps profit=$0.002 net=$-0.009"}
{"level":30,"time":1790808098697,"pid":20658,"hostname":"vm","block":510480611,"gross":236,"net":0,"sumNetUsd":0,"gasPriceGwei":0.02,"txCostUsd":0.0134,"syncMs":132,"searchMs":168,"msg":"block scanned"}
{"level":30,"time":1790808098697,"pid":20658,"hostname":"vm","msg":"  ARB>USDC.e@PancakeV3/100 USDC.e>ARB@SushiV2 in=7.936 ARB gap=82.8bps profit=$0.004 net=$-0.004"}
{"level":30,"time":1790808098697,"pid":20658,"hostname":"vm","msg":"  ARB>USDC@UniswapV3/500 USDC>ARB@PancakeV3/100 in=7.737 ARB gap=33.9bps profit=$0.002 net=$-0.009"}
{"level":30,"time":1790808098697,"pid":20658,"hostname":"vm","msg":"  ARB>USDC.e@UniswapV3/500 USDC.e>ARB@SushiV2 in=6.128 ARB gap=68.9bps profit=$0.002 net=$-0.007"}
{"level":30,"time":1790808098697,"pid":20658,"hostname":"vm","msg":"  ARB>USDC@PancakeV3/500 USDC>ARB@PancakeV3/100 in=7.411 ARB gap=32.1bps profit=$0.002 net=$-0.009"}
{"level":30,"time":1790808098697,"pid":20658,"hostname":"vm","msg":"  ARB>USDC@UniswapV3/100 USDC>ARB@PancakeV3/100 in=5.398 ARB gap=32.5bps profit=$0.002 net=$-0.009"}
{"level":30,"time":1790808099355,"pid":20658,"hostname":"vm","block":510480614,"gross":236,"net":0,"sumNetUsd":0,"gasPriceGwei":0.02001,"txCostUsd":0.0135,"syncMs":147,"searchMs":206,"msg":"block scanned"}
{"level":30,"time":1790808099355,"pid":20658,"hostname":"vm","msg":"  ARB>USDC.e@PancakeV3/100 USDC.e>ARB@SushiV2 in=7.936 ARB gap=82.8bps profit=$0.004 net=$-0.004"}
{"level":30,"time":1790808099355,"pid":20658,"hostname":"vm","msg":"  ARB>USDC@UniswapV3/500 USDC>ARB@PancakeV3/100 in=7.737 ARB gap=33.9bps profit=$0.002 net=$-0.009"}
{"level":30,"time":1790808099355,"pid":20658,"hostname":"vm","msg":"  ARB>USDC.e@UniswapV3/500 USDC.e>ARB@SushiV2 in=6.128 ARB gap=68.9bps profit=$0.002 net=$-0.007"}
{"level":30,"time":1790808099355,"pid":20658,"hostname":"vm","msg":"  ARB>USDC@PancakeV3/500 USDC>ARB@PancakeV3/100 in=7.411 ARB gap=32.1bps profit=$0.002 net=$-0.009"}
{"level":30,"time":1790808099356,"pid":20658,"hostname":"vm","msg":"  ARB>USDC@UniswapV3/100 USDC>ARB@PancakeV3/100 in=5.398 ARB gap=32.5bps profit=$0.002 net=$-0.009"}
{"level":30,"time":1790808135971,"pid":20658,"hostname":"vm","block":510480616,"gross":236,"net":0,"sumNetUsd":0,"gasPriceGwei":0.02,"txCostUsd":0.0134,"syncMs":36227,"searchMs":174,"msg":"block scanned"}
{"level":30,"time":1790808135971,"pid":20658,"hostname":"vm","msg":"  ARB>USDC.e@PancakeV3/100 USDC.e>ARB@SushiV2 in=7.936 ARB gap=82.8bps profit=$0.004 net=$-0.004"}
{"level":30,"time":1790808135971,"pid":20658,"hostname":"vm","msg":"  ARB>USDC@UniswapV3/500 USDC>ARB@PancakeV3/100 in=7.737 ARB gap=33.9bps profit=$0.002 net=$-0.009"}
{"level":30,"time":1790808135971,"pid":20658,"hostname":"vm","msg":"  ARB>USDC.e@UniswapV3/500 USDC.e>ARB@SushiV2 in=6.128 ARB gap=68.9bps profit=$0.002 net=$-0.007"}
{"level":30,"time":1790808135971,"pid":20658,"hostname":"vm","msg":"  ARB>USDC@PancakeV3/500 USDC>ARB@PancakeV3/100 in=7.411 ARB gap=32.1bps profit=$0.002 net=$-0.009"}
{"level":30,"time":1790808135971,"pid":20658,"hostname":"vm","msg":"  ARB>USDC@UniswapV3/100 USDC>ARB@PancakeV3/100 in=5.398 ARB gap=32.5bps profit=$0.002 net=$-0.009"}
{"level":30,"time":1790808136379,"pid":20658,"hostname":"vm","block":510480742,"gross":237,"net":0,"sumNetUsd":0,"gasPriceGwei":0.02,"txCostUsd":0.0134,"syncMs":139,"searchMs":161,"msg":"block scanned"}
{"level":30,"time":1790808136379,"pid":20658,"hostname":"vm","msg":"  ARB>USDC.e@PancakeV3/100 USDC.e>ARB@SushiV2 in=7.936 ARB gap=82.8bps profit=$0.004 net=$-0.004"}
{"level":30,"time":1790808136379,"pid":20658,"hostname":"vm","msg":"  ARB>USDC@UniswapV3/500 USDC>ARB@PancakeV3/100 in=7.737 ARB gap=33.9bps profit=$0.002 net=$-0.009"}
{"level":30,"time":1790808136379,"pid":20658,"hostname":"vm","msg":"  ARB>USDC.e@UniswapV3/500 USDC.e>ARB@SushiV2 in=6.128 ARB gap=68.9bps profit=$0.002 net=$-0.007"}
{"level":30,"time":1790808136379,"pid":20658,"hostname":"vm","msg":"  ARB>USDC@PancakeV3/500 USDC>ARB@PancakeV3/100 in=7.411 ARB gap=32.1bps profit=$0.002 net=$-0.009"}
{"level":30,"time":1790808136379,"pid":20658,"hostname":"vm","msg":"  ARB>USDC@UniswapV3/100 USDC>ARB@PancakeV3/100 in=5.398 ARB gap=32.5bps profit=$0.002 net=$-0.009"}
{"level":30,"time":1790808136991,"pid":20658,"hostname":"vm","block":510480743,"gross":237,"net":0,"sumNetUsd":0,"gasPriceGwei":0.020002,"txCostUsd":0.0134,"syncMs":136,"searchMs":171,"msg":"block scanned"}
{"level":30,"time":1790808136992,"pid":20658,"hostname":"vm","msg":"  ARB>USDC.e@PancakeV3/100 USDC.e>ARB@SushiV2 in=7.936 ARB gap=82.8bps profit=$0.004 net=$-0.004"}
{"level":30,"time":1790808136992,"pid":20658,"hostname":"vm","msg":"  ARB>USDC@UniswapV3/500 USDC>ARB@PancakeV3/100 in=7.737 ARB gap=33.9bps profit=$0.002 net=$-0.009"}
{"level":30,"time":1790808136992,"pid":20658,"hostname":"vm","msg":"  ARB>USDC.e@UniswapV3/500 USDC.e>ARB@SushiV2 in=6.128 ARB gap=68.9bps profit=$0.002 net=$-0.007"}
{"level":30,"time":1790808136992,"pid":20658,"hostname":"vm","msg":"  ARB>USDC@PancakeV3/500 USDC>ARB@PancakeV3/100 in=7.411 ARB gap=32.1bps profit=$0.002 net=$-0.009"}
{"level":30,"time":1790808136992,"pid":20658,"hostname":"vm","msg":"  ARB>USDC@UniswapV3/100 USDC>ARB@PancakeV3/100 in=5.398 ARB gap=32.5bps profit=$0.002 net=$-0.009"}
{"level":30,"time":1790808137604,"pid":20658,"hostname":"vm","block":510480746,"gross":237,"net":0,"sumNetUsd":0,"gasPriceGwei":0.020016,"txCostUsd":0.0135,"syncMs":143,"searchMs":165,"msg":"block scanned"}
{"level":30,"time":1790808137604,"pid":20658,"hostname":"vm","msg":"  ARB>USDC.e@PancakeV3/100 USDC.e>ARB@SushiV2 in=7.936 ARB gap=82.8bps profit=$0.004 net=$-0.004"}
{"level":30,"time":1790808137604,"pid":20658,"hostname":"vm","msg":"  ARB>USDC@UniswapV3/500 USDC>ARB@PancakeV3/100 in=7.737 ARB gap=33.9bps profit=$0.002 net=$-0.009"}
{"level":30,"time":1790808137604,"pid":20658,"hostname":"vm","msg":"  ARB>USDC.e@UniswapV3/500 USDC.e>ARB@SushiV2 in=6.128 ARB gap=68.9bps profit=$0.002 net=$-0.007"}
{"level":30,"time":1790808137604,"pid":20658,"hostname":"vm","msg":"  ARB>USDC@PancakeV3/500 USDC>ARB@PancakeV3/100 in=7.411 ARB gap=32.1bps profit=$0.002 net=$-0.009"}
{"level":30,"time":1790808137604,"pid":20658,"hostname":"vm","msg":"  ARB>USDC@UniswapV3/100 USDC>ARB@PancakeV3/100 in=5.398 ARB gap=32.5bps profit=$0.002 net=$-0.009"}
{"level":30,"time":1790808138205,"pid":20658,"hostname":"vm","block":510480747,"gross":237,"net":0,"sumNetUsd":0,"gasPriceGwei":0.020016,"txCostUsd":0.0135,"syncMs":129,"searchMs":166,"msg":"block scanned"}
{"level":30,"time":1790808138205,"pid":20658,"hostname":"vm","msg":"  ARB>USDC.e@PancakeV3/100 USDC.e>ARB@SushiV2 in=7.936 ARB gap=82.8bps profit=$0.004 net=$-0.004"}
{"level":30,"time":1790808138205,"pid":20658,"hostname":"vm","msg":"  ARB>USDC@UniswapV3/500 USDC>ARB@PancakeV3/100 in=7.737 ARB gap=33.9bps profit=$0.002 net=$-0.009"}
{"level":30,"time":1790808138205,"pid":20658,"hostname":"vm","msg":"  ARB>USDC.e@UniswapV3/500 USDC.e>ARB@SushiV2 in=6.128 ARB gap=68.9bps profit=$0.002 net=$-0.007"}
{"level":30,"time":1790808138205,"pid":20658,"hostname":"vm","msg":"  ARB>USDC@PancakeV3/500 USDC>ARB@PancakeV3/100 in=7.411 ARB gap=32.1bps profit=$0.002 net=$-0.009"}
{"level":30,"time":1790808138205,"pid":20658,"hostname":"vm","msg":"  ARB>USDC@UniswapV3/100 USDC>ARB@PancakeV3/100 in=5.398 ARB gap=32.5bps profit=$0.002 net=$-0.009"}
{"level":30,"time":1790808138865,"pid":20658,"hostname":"vm","block":510480749,"gross":237,"net":0,"sumNetUsd":0,"gasPriceGwei":0.02,"txCostUsd":0.0134,"syncMs":157,"searchMs":200,"msg":"block scanned"}
{"level":30,"time":1790808138865,"pid":20658,"hostname":"vm","msg":"  ARB>USDC.e@PancakeV3/100 USDC.e>ARB@SushiV2 in=7.936 ARB gap=82.8bps profit=$0.004 net=$-0.004"}
{"level":30,"time":1790808138865,"pid":20658,"hostname":"vm","msg":"  ARB>USDC@UniswapV3/500 USDC>ARB@PancakeV3/100 in=7.737 ARB gap=33.9bps profit=$0.002 net=$-0.009"}
{"level":30,"time":1790808138865,"pid":20658,"hostname":"vm","msg":"  ARB>USDC.e@UniswapV3/500 USDC.e>ARB@SushiV2 in=6.128 ARB gap=68.9bps profit=$0.002 net=$-0.007"}
{"level":30,"time":1790808138865,"pid":20658,"hostname":"vm","msg":"  ARB>USDC@PancakeV3/500 USDC>ARB@PancakeV3/100 in=7.411 ARB gap=32.1bps profit=$0.002 net=$-0.009"}
{"level":30,"time":1790808138865,"pid":20658,"hostname":"vm","msg":"  ARB>USDC@UniswapV3/100 USDC>ARB@PancakeV3/100 in=5.398 ARB gap=32.5bps profit=$0.002 net=$-0.009"}
{"level":30,"time":1790808139380,"pid":20658,"hostname":"vm","block":510480751,"gross":237,"net":0,"sumNetUsd":0,"gasPriceGwei":0.020238,"txCostUsd":0.0136,"syncMs":146,"searchMs":166,"msg":"block scanned"}
{"level":30,"time":1790808139380,"pid":20658,"hostname":"vm","msg":"  ARB>USDC.e@PancakeV3/100 USDC.e>ARB@SushiV2 in=7.936 ARB gap=82.8bps profit=$0.004 net=$-0.005"}
{"level":30,"time":1790808139380,"pid":20658,"hostname":"vm","msg":"  ARB>USDC@UniswapV3/500 USDC>ARB@PancakeV3/100 in=7.737 ARB gap=33.9bps profit=$0.002 net=$-0.009"}
{"level":30,"time":1790808139380,"pid":20658,"hostname":"vm","msg":"  ARB>USDC.e@UniswapV3/500 USDC.e>ARB@SushiV2 in=6.128 ARB gap=68.9bps profit=$0.002 net=$-0.007"}
{"level":30,"time":1790808139380,"pid":20658,"hostname":"vm","msg":"  ARB>USDC@PancakeV3/500 USDC>ARB@PancakeV3/100 in=7.411 ARB gap=32.1bps profit=$0.002 net=$-0.009"}
{"level":30,"time":1790808139380,"pid":20658,"hostname":"vm","msg":"  ARB>USDC@UniswapV3/100 USDC>ARB@PancakeV3/100 in=5.398 ARB gap=32.5bps profit=$0.002 net=$-0.010"}
{"level":30,"time":1790808139981,"pid":20658,"hostname":"vm","block":510480753,"gross":237,"net":0,"sumNetUsd":0,"gasPriceGwei":0.02001,"txCostUsd":0.0135,"syncMs":132,"searchMs":166,"msg":"block scanned"}
{"level":30,"time":1790808139981,"pid":20658,"hostname":"vm","msg":"  ARB>USDC.e@PancakeV3/100 USDC.e>ARB@SushiV2 in=7.936 ARB gap=82.8bps profit=$0.004 net=$-0.004"}
{"level":30,"time":1790808139981,"pid":20658,"hostname":"vm","msg":"  ARB>USDC@UniswapV3/500 USDC>ARB@PancakeV3/100 in=7.737 ARB gap=33.9bps profit=$0.002 net=$-0.009"}
{"level":30,"time":1790808139981,"pid":20658,"hostname":"vm","msg":"  ARB>USDC.e@UniswapV3/500 USDC.e>ARB@SushiV2 in=6.128 ARB gap=68.9bps profit=$0.002 net=$-0.007"}
{"level":30,"time":1790808139981,"pid":20658,"hostname":"vm","msg":"  ARB>USDC@PancakeV3/500 USDC>ARB@PancakeV3/100 in=7.411 ARB gap=32.1bps profit=$0.002 net=$-0.009"}
{"level":30,"time":1790808139981,"pid":20658,"hostname":"vm","msg":"  ARB>USDC@UniswapV3/100 USDC>ARB@PancakeV3/100 in=5.398 ARB gap=32.5bps profit=$0.002 net=$-0.009"}
{"level":30,"time":1790808140593,"pid":20658,"hostname":"vm","block":510480756,"gross":237,"net":0,"sumNetUsd":0,"gasPriceGwei":0.020072,"txCostUsd":0.0135,"syncMs":147,"searchMs":163,"msg":"block scanned"}
{"level":30,"time":1790808140593,"pid":20658,"hostname":"vm","msg":"  ARB>USDC.e@PancakeV3/100 USDC.e>ARB@SushiV2 in=7.936 ARB gap=82.8bps profit=$0.004 net=$-0.004"}
{"level":30,"time":1790808140593,"pid":20658,"hostname":"vm","msg":"  ARB>USDC@UniswapV3/500 USDC>ARB@PancakeV3/100 in=7.737 ARB gap=33.9bps profit=$0.002 net=$-0.009"}
{"level":30,"time":1790808140593,"pid":20658,"hostname":"vm","msg":"  ARB>USDC.e@UniswapV3/500 USDC.e>ARB@SushiV2 in=6.128 ARB gap=68.9bps profit=$0.002 net=$-0.007"}
{"level":30,"time":1790808140593,"pid":20658,"hostname":"vm","msg":"  ARB>USDC@PancakeV3/500 USDC>ARB@PancakeV3/100 in=7.411 ARB gap=32.1bps profit=$0.002 net=$-0.009"}
{"level":30,"time":1790808140593,"pid":20658,"hostname":"vm","msg":"  ARB>USDC@UniswapV3/100 USDC>ARB@PancakeV3/100 in=5.398 ARB gap=32.5bps profit=$0.002 net=$-0.009"}
{"level":30,"time":1790808141207,"pid":20658,"hostname":"vm","block":510480758,"gross":237,"net":0,"sumNetUsd":0,"gasPriceGwei":0.020004,"txCostUsd":0.0135,"syncMs":141,"searchMs":165,"msg":"block scanned"}
{"level":30,"time":1790808141207,"pid":20658,"hostname":"vm","msg":"  ARB>USDC.e@PancakeV3/100 USDC.e>ARB@SushiV2 in=7.936 ARB gap=82.8bps profit=$0.004 net=$-0.004"}
{"level":30,"time":1790808141207,"pid":20658,"hostname":"vm","msg":"  ARB>USDC@UniswapV3/500 USDC>ARB@PancakeV3/100 in=7.737 ARB gap=33.9bps profit=$0.002 net=$-0.009"}
{"level":30,"time":1790808141207,"pid":20658,"hostname":"vm","msg":"  ARB>USDC.e@UniswapV3/500 USDC.e>ARB@SushiV2 in=6.128 ARB gap=68.9bps profit=$0.002 net=$-0.007"}
{"level":30,"time":1790808141207,"pid":20658,"hostname":"vm","msg":"  ARB>USDC@PancakeV3/500 USDC>ARB@PancakeV3/100 in=7.411 ARB gap=32.1bps profit=$0.002 net=$-0.009"}
{"level":30,"time":1790808141207,"pid":20658,"hostname":"vm","msg":"  ARB>USDC@UniswapV3/100 USDC>ARB@PancakeV3/100 in=5.398 ARB gap=32.5bps profit=$0.002 net=$-0.009"}
{"level":30,"time":1790808141833,"pid":20658,"hostname":"vm","block":510480760,"gross":237,"net":0,"sumNetUsd":0,"gasPriceGwei":0.02,"txCostUsd":0.0134,"syncMs":154,"searchMs":169,"msg":"block scanned"}
{"level":30,"time":1790808141833,"pid":20658,"hostname":"vm","msg":"  ARB>USDC.e@PancakeV3/100 USDC.e>ARB@SushiV2 in=7.936 ARB gap=82.8bps profit=$0.004 net=$-0.004"}
{"level":30,"time":1790808141833,"pid":20658,"hostname":"vm","msg":"  ARB>USDC@UniswapV3/500 USDC>ARB@PancakeV3/100 in=7.737 ARB gap=33.9bps profit=$0.002 net=$-0.009"}
{"level":30,"time":1790808141833,"pid":20658,"hostname":"vm","msg":"  ARB>USDC.e@UniswapV3/500 USDC.e>ARB@SushiV2 in=6.128 ARB gap=68.9bps profit=$0.002 net=$-0.007"}
{"level":30,"time":1790808141833,"pid":20658,"hostname":"vm","msg":"  ARB>USDC@PancakeV3/500 USDC>ARB@PancakeV3/100 in=7.411 ARB gap=32.1bps profit=$0.002 net=$-0.009"}
{"level":30,"time":1790808141833,"pid":20658,"hostname":"vm","msg":"  ARB>USDC@UniswapV3/100 USDC>ARB@PancakeV3/100 in=5.398 ARB gap=32.5bps profit=$0.002 net=$-0.009"}
{"level":30,"time":1790808142460,"pid":20658,"hostname":"vm","block":510480761,"gross":237,"net":0,"sumNetUsd":0,"gasPriceGwei":0.020014,"txCostUsd":0.0135,"syncMs":147,"searchMs":170,"msg":"block scanned"}
{"level":30,"time":1790808142460,"pid":20658,"hostname":"vm","msg":"  ARB>USDC.e@PancakeV3/100 USDC.e>ARB@SushiV2 in=7.936 ARB gap=82.8bps profit=$0.004 net=$-0.004"}
{"level":30,"time":1790808142460,"pid":20658,"hostname":"vm","msg":"  ARB>USDC@UniswapV3/500 USDC>ARB@PancakeV3/100 in=7.737 ARB gap=33.9bps profit=$0.002 net=$-0.009"}
{"level":30,"time":1790808142460,"pid":20658,"hostname":"vm","msg":"  ARB>USDC.e@UniswapV3/500 USDC.e>ARB@SushiV2 in=6.128 ARB gap=68.9bps profit=$0.002 net=$-0.007"}
{"level":30,"time":1790808142460,"pid":20658,"hostname":"vm","msg":"  ARB>USDC@PancakeV3/500 USDC>ARB@PancakeV3/100 in=7.411 ARB gap=32.1bps profit=$0.002 net=$-0.009"}
{"level":30,"time":1790808142460,"pid":20658,"hostname":"vm","msg":"  ARB>USDC@UniswapV3/100 USDC>ARB@PancakeV3/100 in=5.398 ARB gap=32.5bps profit=$0.002 net=$-0.009"}
{"level":30,"time":1790808143083,"pid":20658,"hostname":"vm","block":510480763,"gross":237,"net":0,"sumNetUsd":0,"gasPriceGwei":0.02,"txCostUsd":0.0134,"syncMs":146,"searchMs":163,"msg":"block scanned"}
{"level":30,"time":1790808143083,"pid":20658,"hostname":"vm","msg":"  ARB>USDC.e@PancakeV3/100 USDC.e>ARB@SushiV2 in=7.936 ARB gap=82.8bps profit=$0.004 net=$-0.004"}
{"level":30,"time":1790808143083,"pid":20658,"hostname":"vm","msg":"  ARB>USDC@UniswapV3/500 USDC>ARB@PancakeV3/100 in=7.737 ARB gap=33.9bps profit=$0.002 net=$-0.009"}
{"level":30,"time":1790808143083,"pid":20658,"hostname":"vm","msg":"  ARB>USDC.e@UniswapV3/500 USDC.e>ARB@SushiV2 in=6.128 ARB gap=68.9bps profit=$0.002 net=$-0.007"}
{"level":30,"time":1790808143083,"pid":20658,"hostname":"vm","msg":"  ARB>USDC@PancakeV3/500 USDC>ARB@PancakeV3/100 in=7.411 ARB gap=32.1bps profit=$0.002 net=$-0.009"}
{"level":30,"time":1790808143083,"pid":20658,"hostname":"vm","msg":"  ARB>USDC@UniswapV3/100 USDC>ARB@PancakeV3/100 in=5.398 ARB gap=32.5bps profit=$0.002 net=$-0.009"}
{"level":30,"time":1790808143681,"pid":20658,"hostname":"vm","block":510480765,"gross":237,"net":0,"sumNetUsd":0,"gasPriceGwei":0.02,"txCostUsd":0.0134,"syncMs":126,"searchMs":165,"msg":"block scanned"}
{"level":30,"time":1790808143681,"pid":20658,"hostname":"vm","msg":"  ARB>USDC.e@PancakeV3/100 USDC.e>ARB@SushiV2 in=7.936 ARB gap=82.8bps profit=$0.004 net=$-0.004"}
{"level":30,"time":1790808143681,"pid":20658,"hostname":"vm","msg":"  ARB>USDC@UniswapV3/500 USDC>ARB@PancakeV3/100 in=7.737 ARB gap=33.9bps profit=$0.002 net=$-0.009"}
{"level":30,"time":1790808143681,"pid":20658,"hostname":"vm","msg":"  ARB>USDC.e@UniswapV3/500 USDC.e>ARB@SushiV2 in=6.128 ARB gap=68.9bps profit=$0.002 net=$-0.007"}
{"level":30,"time":1790808143681,"pid":20658,"hostname":"vm","msg":"  ARB>USDC@PancakeV3/500 USDC>ARB@PancakeV3/100 in=7.411 ARB gap=32.1bps profit=$0.002 net=$-0.009"}
{"level":30,"time":1790808143681,"pid":20658,"hostname":"vm","msg":"  ARB>USDC@UniswapV3/100 USDC>ARB@PancakeV3/100 in=5.398 ARB gap=32.5bps profit=$0.002 net=$-0.009"}
{"level":30,"time":1790808144346,"pid":20658,"hostname":"vm","block":510480768,"gross":237,"net":0,"sumNetUsd":0,"gasPriceGwei":0.020474,"txCostUsd":0.0138,"syncMs":143,"searchMs":213,"msg":"block scanned"}
{"level":30,"time":1790808144346,"pid":20658,"hostname":"vm","msg":"  ARB>USDC.e@PancakeV3/100 USDC.e>ARB@SushiV2 in=7.936 ARB gap=82.8bps profit=$0.004 net=$-0.005"}
{"level":30,"time":1790808144346,"pid":20658,"hostname":"vm","msg":"  ARB>USDC@UniswapV3/500 USDC>ARB@PancakeV3/100 in=7.737 ARB gap=33.9bps profit=$0.002 net=$-0.009"}
{"level":30,"time":1790808144346,"pid":20658,"hostname":"vm","msg":"  ARB>USDC.e@UniswapV3/500 USDC.e>ARB@SushiV2 in=6.128 ARB gap=68.9bps profit=$0.002 net=$-0.007"}
{"level":30,"time":1790808144346,"pid":20658,"hostname":"vm","msg":"  ARB>USDC@PancakeV3/500 USDC>ARB@PancakeV3/100 in=7.411 ARB gap=32.1bps profit=$0.002 net=$-0.009"}
{"level":30,"time":1790808144346,"pid":20658,"hostname":"vm","msg":"  ARB>USDC@UniswapV3/100 USDC>ARB@PancakeV3/100 in=5.398 ARB gap=32.5bps profit=$0.002 net=$-0.010"}
{"level":30,"time":1790808179537,"pid":20658,"hostname":"vm","block":510480769,"gross":237,"net":0,"sumNetUsd":0,"gasPriceGwei":0.020052,"txCostUsd":0.0135,"syncMs":34823,"searchMs":162,"msg":"block scanned"}
{"level":30,"time":1790808179537,"pid":20658,"hostname":"vm","msg":"  ARB>USDC.e@PancakeV3/100 USDC.e>ARB@SushiV2 in=7.936 ARB gap=82.8bps profit=$0.004 net=$-0.004"}
{"level":30,"time":1790808179537,"pid":20658,"hostname":"vm","msg":"  ARB>USDC@UniswapV3/500 USDC>ARB@PancakeV3/100 in=7.737 ARB gap=33.9bps profit=$0.002 net=$-0.009"}
{"level":30,"time":1790808179537,"pid":20658,"hostname":"vm","msg":"  ARB>USDC.e@UniswapV3/500 USDC.e>ARB@SushiV2 in=6.128 ARB gap=68.9bps profit=$0.002 net=$-0.007"}
{"level":30,"time":1790808179537,"pid":20658,"hostname":"vm","msg":"  ARB>USDC@PancakeV3/500 USDC>ARB@PancakeV3/100 in=7.411 ARB gap=32.1bps profit=$0.002 net=$-0.009"}
{"level":30,"time":1790808179537,"pid":20658,"hostname":"vm","msg":"  ARB>USDC@UniswapV3/100 USDC>ARB@PancakeV3/100 in=5.398 ARB gap=32.5bps profit=$0.002 net=$-0.009"}
{"level":30,"time":1790808179937,"pid":20658,"hostname":"vm","block":510480885,"gross":237,"net":0,"sumNetUsd":0,"gasPriceGwei":0.02,"txCostUsd":0.0134,"syncMs":123,"searchMs":165,"msg":"block scanned"}
{"level":30,"time":1790808179937,"pid":20658,"hostname":"vm","msg":"  ARB>USDC.e@PancakeV3/100 USDC.e>ARB@SushiV2 in=7.936 ARB gap=82.8bps profit=$0.004 net=$-0.004"}
{"level":30,"time":1790808179937,"pid":20658,"hostname":"vm","msg":"  ARB>USDC@PancakeV3/500 USDC>ARB@PancakeV3/100 in=8.316 ARB gap=35.3bps profit=$0.002 net=$-0.009"}
{"level":30,"time":1790808179937,"pid":20658,"hostname":"vm","msg":"  ARB>USDC@UniswapV3/500 USDC>ARB@PancakeV3/100 in=7.737 ARB gap=33.9bps profit=$0.002 net=$-0.009"}
{"level":30,"time":1790808179937,"pid":20658,"hostname":"vm","msg":"  ARB>USDC.e@UniswapV3/500 USDC.e>ARB@SushiV2 in=6.128 ARB gap=68.9bps profit=$0.002 net=$-0.007"}
{"level":30,"time":1790808179937,"pid":20658,"hostname":"vm","msg":"  ARB>USDC@UniswapV3/100 USDC>ARB@PancakeV3/100 in=5.398 ARB gap=32.5bps profit=$0.002 net=$-0.009"}
{"level":30,"time":1790808180551,"pid":20658,"hostname":"vm","block":510480887,"gross":237,"net":0,"sumNetUsd":0,"gasPriceGwei":0.020036,"txCostUsd":0.0135,"syncMs":145,"searchMs":165,"msg":"block scanned"}
{"level":30,"time":1790808180551,"pid":20658,"hostname":"vm","msg":"  ARB>USDC.e@PancakeV3/100 USDC.e>ARB@SushiV2 in=7.936 ARB gap=82.8bps profit=$0.004 net=$-0.004"}
{"level":30,"time":1790808180551,"pid":20658,"hostname":"vm","msg":"  ARB>USDC@PancakeV3/500 USDC>ARB@PancakeV3/100 in=8.316 ARB gap=35.3bps profit=$0.002 net=$-0.009"}
{"level":30,"time":1790808180551,"pid":20658,"hostname":"vm","msg":"  ARB>USDC@UniswapV3/500 USDC>ARB@PancakeV3/100 in=7.737 ARB gap=33.9bps profit=$0.002 net=$-0.009"}
{"level":30,"time":1790808180551,"pid":20658,"hostname":"vm","msg":"  ARB>USDC.e@UniswapV3/500 USDC.e>ARB@SushiV2 in=6.128 ARB gap=68.9bps profit=$0.002 net=$-0.007"}
{"level":30,"time":1790808180551,"pid":20658,"hostname":"vm","msg":"  ARB>USDC@UniswapV3/100 USDC>ARB@PancakeV3/100 in=5.398 ARB gap=32.5bps profit=$0.002 net=$-0.009"}
{"level":30,"time":1790808181201,"pid":20658,"hostname":"vm","block":510480888,"gross":237,"net":0,"sumNetUsd":0,"gasPriceGwei":0.020004,"txCostUsd":0.0135,"syncMs":147,"searchMs":198,"msg":"block scanned"}
{"level":30,"time":1790808181201,"pid":20658,"hostname":"vm","msg":"  ARB>USDC.e@PancakeV3/100 USDC.e>ARB@SushiV2 in=7.936 ARB gap=82.8bps profit=$0.004 net=$-0.004"}
{"level":30,"time":1790808181201,"pid":20658,"hostname":"vm","msg":"  ARB>USDC@PancakeV3/500 USDC>ARB@PancakeV3/100 in=8.316 ARB gap=35.3bps profit=$0.002 net=$-0.009"}
{"level":30,"time":1790808181201,"pid":20658,"hostname":"vm","msg":"  ARB>USDC@UniswapV3/500 USDC>ARB@PancakeV3/100 in=7.737 ARB gap=33.9bps profit=$0.002 net=$-0.009"}
{"level":30,"time":1790808181201,"pid":20658,"hostname":"vm","msg":"  ARB>USDC.e@UniswapV3/500 USDC.e>ARB@SushiV2 in=6.128 ARB gap=68.9bps profit=$0.002 net=$-0.007"}
{"level":30,"time":1790808181201,"pid":20658,"hostname":"vm","msg":"  ARB>USDC@UniswapV3/100 USDC>ARB@PancakeV3/100 in=5.398 ARB gap=32.5bps profit=$0.002 net=$-0.009"}
{"level":30,"time":1790808181836,"pid":20658,"hostname":"vm","block":510480891,"gross":237,"net":0,"sumNetUsd":0,"gasPriceGwei":0.020004,"txCostUsd":0.0135,"syncMs":149,"searchMs":182,"msg":"block scanned"}
{"level":30,"time":1790808181836,"pid":20658,"hostname":"vm","msg":"  ARB>USDC.e@PancakeV3/100 USDC.e>ARB@SushiV2 in=7.936 ARB gap=82.8bps profit=$0.004 net=$-0.004"}
{"level":30,"time":1790808181836,"pid":20658,"hostname":"vm","msg":"  ARB>USDC@PancakeV3/500 USDC>ARB@PancakeV3/100 in=8.316 ARB gap=35.3bps profit=$0.002 net=$-0.009"}
{"level":30,"time":1790808181836,"pid":20658,"hostname":"vm","msg":"  ARB>USDC@UniswapV3/500 USDC>ARB@PancakeV3/100 in=7.737 ARB gap=33.9bps profit=$0.002 net=$-0.009"}
{"level":30,"time":1790808181836,"pid":20658,"hostname":"vm","msg":"  ARB>USDC.e@UniswapV3/500 USDC.e>ARB@SushiV2 in=6.128 ARB gap=68.9bps profit=$0.002 net=$-0.007"}
{"level":30,"time":1790808181836,"pid":20658,"hostname":"vm","msg":"  ARB>USDC@UniswapV3/100 USDC>ARB@PancakeV3/100 in=5.398 ARB gap=32.5bps profit=$0.002 net=$-0.009"}
{"level":30,"time":1790808182473,"pid":20658,"hostname":"vm","block":510480894,"gross":237,"net":0,"sumNetUsd":0,"gasPriceGwei":0.020126,"txCostUsd":0.0135,"syncMs":140,"searchMs":189,"msg":"block scanned"}
{"level":30,"time":1790808182473,"pid":20658,"hostname":"vm","msg":"  ARB>USDC.e@PancakeV3/100 USDC.e>ARB@SushiV2 in=7.936 ARB gap=82.8bps profit=$0.004 net=$-0.004"}
{"level":30,"time":1790808182473,"pid":20658,"hostname":"vm","msg":"  ARB>USDC@PancakeV3/500 USDC>ARB@PancakeV3/100 in=8.316 ARB gap=35.3bps profit=$0.002 net=$-0.009"}
{"level":30,"time":1790808182473,"pid":20658,"hostname":"vm","msg":"  ARB>USDC@UniswapV3/500 USDC>ARB@PancakeV3/100 in=7.737 ARB gap=33.9bps profit=$0.002 net=$-0.009"}
{"level":30,"time":1790808182473,"pid":20658,"hostname":"vm","msg":"  ARB>USDC.e@UniswapV3/500 USDC.e>ARB@SushiV2 in=6.128 ARB gap=68.9bps profit=$0.002 net=$-0.007"}
{"level":30,"time":1790808182473,"pid":20658,"hostname":"vm","msg":"  ARB>USDC@UniswapV3/100 USDC>ARB@PancakeV3/100 in=5.398 ARB gap=32.5bps profit=$0.002 net=$-0.009"}
{"level":30,"time":1790808183129,"pid":20658,"hostname":"vm","block":510480896,"gross":237,"net":0,"sumNetUsd":0,"gasPriceGwei":0.020002,"txCostUsd":0.0134,"syncMs":154,"searchMs":185,"msg":"block scanned"}
{"level":30,"time":1790808183129,"pid":20658,"hostname":"vm","msg":"  ARB>USDC.e@PancakeV3/100 USDC.e>ARB@SushiV2 in=7.936 ARB gap=82.8bps profit=$0.004 net=$-0.004"}
{"level":30,"time":1790808183129,"pid":20658,"hostname":"vm","msg":"  ARB>USDC@PancakeV3/500 USDC>ARB@PancakeV3/100 in=8.316 ARB gap=35.3bps profit=$0.002 net=$-0.009"}
{"level":30,"time":1790808183129,"pid":20658,"hostname":"vm","msg":"  ARB>USDC@UniswapV3/500 USDC>ARB@PancakeV3/100 in=7.737 ARB gap=33.9bps profit=$0.002 net=$-0.009"}
{"level":30,"time":1790808183129,"pid":20658,"hostname":"vm","msg":"  ARB>USDC.e@UniswapV3/500 USDC.e>ARB@SushiV2 in=6.128 ARB gap=68.9bps profit=$0.002 net=$-0.007"}
{"level":30,"time":1790808183129,"pid":20658,"hostname":"vm","msg":"  ARB>USDC@UniswapV3/100 USDC>ARB@PancakeV3/100 in=5.398 ARB gap=32.5bps profit=$0.002 net=$-0.009"}
{"level":30,"time":1790808183662,"pid":20658,"hostname":"vm","block":510480898,"gross":237,"net":0,"sumNetUsd":0,"gasPriceGwei":0.02,"txCostUsd":0.0134,"syncMs":150,"searchMs":173,"msg":"block scanned"}
{"level":30,"time":1790808183662,"pid":20658,"hostname":"vm","msg":"  ARB>USDC.e@PancakeV3/100 USDC.e>ARB@SushiV2 in=7.936 ARB gap=82.8bps profit=$0.004 net=$-0.004"}
{"level":30,"time":1790808183662,"pid":20658,"hostname":"vm","msg":"  ARB>USDC@PancakeV3/500 USDC>ARB@PancakeV3/100 in=8.316 ARB gap=35.3bps profit=$0.002 net=$-0.009"}
{"level":30,"time":1790808183662,"pid":20658,"hostname":"vm","msg":"  ARB>USDC@UniswapV3/500 USDC>ARB@PancakeV3/100 in=7.737 ARB gap=33.9bps profit=$0.002 net=$-0.009"}
{"level":30,"time":1790808183662,"pid":20658,"hostname":"vm","msg":"  ARB>USDC.e@UniswapV3/500 USDC.e>ARB@SushiV2 in=6.128 ARB gap=68.9bps profit=$0.002 net=$-0.007"}
{"level":30,"time":1790808183662,"pid":20658,"hostname":"vm","msg":"  ARB>USDC@UniswapV3/100 USDC>ARB@PancakeV3/100 in=5.398 ARB gap=32.5bps profit=$0.002 net=$-0.009"}
{"level":30,"time":1790808184301,"pid":20658,"hostname":"vm","block":510480900,"gross":237,"net":0,"sumNetUsd":0,"gasPriceGwei":0.020064,"txCostUsd":0.0135,"syncMs":153,"searchMs":172,"msg":"block scanned"}
{"level":30,"time":1790808184301,"pid":20658,"hostname":"vm","msg":"  ARB>USDC.e@PancakeV3/100 USDC.e>ARB@SushiV2 in=7.936 ARB gap=82.8bps profit=$0.004 net=$-0.004"}
{"level":30,"time":1790808184301,"pid":20658,"hostname":"vm","msg":"  ARB>USDC@PancakeV3/500 USDC>ARB@PancakeV3/100 in=8.316 ARB gap=35.3bps profit=$0.002 net=$-0.009"}
{"level":30,"time":1790808184301,"pid":20658,"hostname":"vm","msg":"  ARB>USDC@UniswapV3/500 USDC>ARB@PancakeV3/100 in=7.737 ARB gap=33.9bps profit=$0.002 net=$-0.009"}
{"level":30,"time":1790808184301,"pid":20658,"hostname":"vm","msg":"  ARB>USDC.e@UniswapV3/500 USDC.e>ARB@SushiV2 in=6.128 ARB gap=68.9bps profit=$0.002 net=$-0.007"}
{"level":30,"time":1790808184301,"pid":20658,"hostname":"vm","msg":"  ARB>USDC@UniswapV3/100 USDC>ARB@PancakeV3/100 in=5.398 ARB gap=32.5bps profit=$0.002 net=$-0.009"}
{"level":30,"time":1790808184936,"pid":20658,"hostname":"vm","block":510480903,"gross":237,"net":0,"sumNetUsd":0,"gasPriceGwei":0.020004,"txCostUsd":0.0135,"syncMs":158,"searchMs":166,"msg":"block scanned"}
{"level":30,"time":1790808184936,"pid":20658,"hostname":"vm","msg":"  ARB>USDC.e@PancakeV3/100 USDC.e>ARB@SushiV2 in=7.936 ARB gap=82.8bps profit=$0.004 net=$-0.004"}
{"level":30,"time":1790808184936,"pid":20658,"hostname":"vm","msg":"  ARB>USDC@PancakeV3/500 USDC>ARB@PancakeV3/100 in=8.316 ARB gap=35.3bps profit=$0.002 net=$-0.009"}
{"level":30,"time":1790808184936,"pid":20658,"hostname":"vm","msg":"  ARB>USDC@UniswapV3/500 USDC>ARB@PancakeV3/100 in=7.737 ARB gap=33.9bps profit=$0.002 net=$-0.009"}
{"level":30,"time":1790808184936,"pid":20658,"hostname":"vm","msg":"  ARB>USDC.e@UniswapV3/500 USDC.e>ARB@SushiV2 in=6.128 ARB gap=68.9bps profit=$0.002 net=$-0.007"}
{"level":30,"time":1790808184936,"pid":20658,"hostname":"vm","msg":"  ARB>USDC@UniswapV3/100 USDC>ARB@PancakeV3/100 in=5.398 ARB gap=32.5bps profit=$0.002 net=$-0.009"}
{"level":30,"time":1790808185579,"pid":20658,"hostname":"vm","block":510480905,"gross":237,"net":0,"sumNetUsd":0,"gasPriceGwei":0.02,"txCostUsd":0.0134,"syncMs":147,"searchMs":187,"msg":"block scanned"}
{"level":30,"time":1790808185579,"pid":20658,"hostname":"vm","msg":"  ARB>USDC.e@PancakeV3/100 USDC.e>ARB@SushiV2 in=7.936 ARB gap=82.8bps profit=$0.004 net=$-0.004"}
{"level":30,"time":1790808185579,"pid":20658,"hostname":"vm","msg":"  ARB>USDC@PancakeV3/500 USDC>ARB@PancakeV3/100 in=8.316 ARB gap=35.3bps profit=$0.002 net=$-0.009"}
{"level":30,"time":1790808185579,"pid":20658,"hostname":"vm","msg":"  ARB>USDC@UniswapV3/500 USDC>ARB@PancakeV3/100 in=7.737 ARB gap=33.9bps profit=$0.002 net=$-0.009"}
{"level":30,"time":1790808185579,"pid":20658,"hostname":"vm","msg":"  ARB>USDC.e@UniswapV3/500 USDC.e>ARB@SushiV2 in=6.128 ARB gap=68.9bps profit=$0.002 net=$-0.007"}
{"level":30,"time":1790808185579,"pid":20658,"hostname":"vm","msg":"  ARB>USDC@UniswapV3/100 USDC>ARB@PancakeV3/100 in=5.398 ARB gap=32.5bps profit=$0.002 net=$-0.009"}
{"level":30,"time":1790808186208,"pid":20658,"hostname":"vm","block":510480907,"gross":237,"net":0,"sumNetUsd":0,"gasPriceGwei":0.020042,"txCostUsd":0.0135,"syncMs":150,"searchMs":182,"msg":"block scanned"}
{"level":30,"time":1790808186208,"pid":20658,"hostname":"vm","msg":"  ARB>USDC.e@PancakeV3/100 USDC.e>ARB@SushiV2 in=7.936 ARB gap=82.8bps profit=$0.004 net=$-0.004"}
{"level":30,"time":1790808186208,"pid":20658,"hostname":"vm","msg":"  ARB>USDC@PancakeV3/500 USDC>ARB@PancakeV3/100 in=8.316 ARB gap=35.3bps profit=$0.002 net=$-0.009"}
{"level":30,"time":1790808186208,"pid":20658,"hostname":"vm","msg":"  ARB>USDC@UniswapV3/500 USDC>ARB@PancakeV3/100 in=7.737 ARB gap=33.9bps profit=$0.002 net=$-0.009"}
{"level":30,"time":1790808186208,"pid":20658,"hostname":"vm","msg":"  ARB>USDC.e@UniswapV3/500 USDC.e>ARB@SushiV2 in=6.128 ARB gap=68.9bps profit=$0.002 net=$-0.007"}
{"level":30,"time":1790808186208,"pid":20658,"hostname":"vm","msg":"  ARB>USDC@UniswapV3/100 USDC>ARB@PancakeV3/100 in=5.398 ARB gap=32.5bps profit=$0.002 net=$-0.009"}
{"level":30,"time":1790808186867,"pid":20658,"hostname":"vm","block":510480910,"gross":237,"net":0,"sumNetUsd":0,"gasPriceGwei":0.020004,"txCostUsd":0.0135,"syncMs":158,"searchMs":177,"msg":"block scanned"}
{"level":30,"time":1790808186867,"pid":20658,"hostname":"vm","msg":"  ARB>USDC.e@PancakeV3/100 USDC.e>ARB@SushiV2 in=7.936 ARB gap=82.8bps profit=$0.004 net=$-0.004"}
{"level":30,"time":1790808186867,"pid":20658,"hostname":"vm","msg":"  ARB>USDC@PancakeV3/500 USDC>ARB@PancakeV3/100 in=8.316 ARB gap=35.3bps profit=$0.002 net=$-0.009"}
{"level":30,"time":1790808186867,"pid":20658,"hostname":"vm","msg":"  ARB>USDC@UniswapV3/500 USDC>ARB@PancakeV3/100 in=7.737 ARB gap=33.9bps profit=$0.002 net=$-0.009"}
{"level":30,"time":1790808186867,"pid":20658,"hostname":"vm","msg":"  ARB>USDC.e@UniswapV3/500 USDC.e>ARB@SushiV2 in=6.128 ARB gap=68.9bps profit=$0.002 net=$-0.007"}
{"level":30,"time":1790808186867,"pid":20658,"hostname":"vm","msg":"  ARB>USDC@UniswapV3/100 USDC>ARB@PancakeV3/100 in=5.398 ARB gap=32.5bps profit=$0.002 net=$-0.009"}
{"level":30,"time":1790808187502,"pid":20658,"hostname":"vm","block":510480913,"gross":237,"net":0,"sumNetUsd":0,"gasPriceGwei":0.020014,"txCostUsd":0.0135,"syncMs":166,"searchMs":165,"msg":"block scanned"}
{"level":30,"time":1790808187502,"pid":20658,"hostname":"vm","msg":"  ARB>USDC.e@PancakeV3/100 USDC.e>ARB@SushiV2 in=7.936 ARB gap=82.8bps profit=$0.004 net=$-0.004"}
{"level":30,"time":1790808187502,"pid":20658,"hostname":"vm","msg":"  ARB>USDC@PancakeV3/500 USDC>ARB@PancakeV3/100 in=8.316 ARB gap=35.3bps profit=$0.002 net=$-0.009"}
{"level":30,"time":1790808187502,"pid":20658,"hostname":"vm","msg":"  ARB>USDC@UniswapV3/500 USDC>ARB@PancakeV3/100 in=7.737 ARB gap=33.9bps profit=$0.002 net=$-0.009"}
{"level":30,"time":1790808187502,"pid":20658,"hostname":"vm","msg":"  ARB>USDC.e@UniswapV3/500 USDC.e>ARB@SushiV2 in=6.128 ARB gap=68.9bps profit=$0.002 net=$-0.007"}
{"level":30,"time":1790808187502,"pid":20658,"hostname":"vm","msg":"  ARB>USDC@UniswapV3/100 USDC>ARB@PancakeV3/100 in=5.398 ARB gap=32.5bps profit=$0.002 net=$-0.009"}
{"level":30,"time":1790808188143,"pid":20658,"hostname":"vm","block":510480914,"gross":237,"net":0,"sumNetUsd":0,"gasPriceGwei":0.02,"txCostUsd":0.0134,"syncMs":143,"searchMs":191,"msg":"block scanned"}
{"level":30,"time":1790808188143,"pid":20658,"hostname":"vm","msg":"  ARB>USDC.e@PancakeV3/100 USDC.e>ARB@SushiV2 in=7.936 ARB gap=82.8bps profit=$0.004 net=$-0.004"}
{"level":30,"time":1790808188143,"pid":20658,"hostname":"vm","msg":"  ARB>USDC@PancakeV3/500 USDC>ARB@PancakeV3/100 in=8.316 ARB gap=35.3bps profit=$0.002 net=$-0.009"}
{"level":30,"time":1790808188143,"pid":20658,"hostname":"vm","msg":"  ARB>USDC@UniswapV3/500 USDC>ARB@PancakeV3/100 in=7.737 ARB gap=33.9bps profit=$0.002 net=$-0.009"}
{"level":30,"time":1790808188143,"pid":20658,"hostname":"vm","msg":"  ARB>USDC.e@UniswapV3/500 USDC.e>ARB@SushiV2 in=6.128 ARB gap=68.9bps profit=$0.002 net=$-0.007"}
{"level":30,"time":1790808188143,"pid":20658,"hostname":"vm","msg":"  ARB>USDC@UniswapV3/100 USDC>ARB@PancakeV3/100 in=5.398 ARB gap=32.5bps profit=$0.002 net=$-0.009"}
{"level":30,"time":1790808220557,"pid":20658,"hostname":"vm","block":510480916,"gross":237,"net":0,"sumNetUsd":0,"gasPriceGwei":0.020022,"txCostUsd":0.0135,"syncMs":31944,"searchMs":165,"msg":"block scanned"}
{"level":30,"time":1790808220557,"pid":20658,"hostname":"vm","msg":"  ARB>USDC.e@PancakeV3/100 USDC.e>ARB@SushiV2 in=7.936 ARB gap=82.8bps profit=$0.004 net=$-0.004"}
{"level":30,"time":1790808220557,"pid":20658,"hostname":"vm","msg":"  ARB>USDC@PancakeV3/500 USDC>ARB@PancakeV3/100 in=8.316 ARB gap=35.3bps profit=$0.002 net=$-0.009"}
{"level":30,"time":1790808220557,"pid":20658,"hostname":"vm","msg":"  ARB>USDC@UniswapV3/500 USDC>ARB@PancakeV3/100 in=7.737 ARB gap=33.9bps profit=$0.002 net=$-0.009"}
{"level":30,"time":1790808220557,"pid":20658,"hostname":"vm","msg":"  ARB>USDC.e@UniswapV3/500 USDC.e>ARB@SushiV2 in=6.128 ARB gap=68.9bps profit=$0.002 net=$-0.007"}
{"level":30,"time":1790808220557,"pid":20658,"hostname":"vm","msg":"  ARB>USDC@UniswapV3/100 USDC>ARB@PancakeV3/100 in=5.398 ARB gap=32.5bps profit=$0.002 net=$-0.009"}
{"level":30,"time":1790808220910,"pid":20658,"hostname":"vm","block":510481015,"gross":219,"net":0,"sumNetUsd":0,"gasPriceGwei":0.02003,"txCostUsd":0.0135,"syncMs":98,"searchMs":146,"msg":"block scanned"}
{"level":30,"time":1790808220910,"pid":20658,"hostname":"vm","msg":"  ARB>USDC.e@PancakeV3/100 USDC.e>ARB@SushiV2 in=7.936 ARB gap=82.8bps profit=$0.004 net=$-0.004"}
{"level":30,"time":1790808220910,"pid":20658,"hostname":"vm","msg":"  ARB>USDC@PancakeV3/500 USDC>ARB@PancakeV3/100 in=8.316 ARB gap=35.3bps profit=$0.002 net=$-0.009"}
{"level":30,"time":1790808220910,"pid":20658,"hostname":"vm","msg":"  ARB>USDC@UniswapV3/500 USDC>ARB@PancakeV3/100 in=7.737 ARB gap=33.9bps profit=$0.002 net=$-0.009"}
{"level":30,"time":1790808220910,"pid":20658,"hostname":"vm","msg":"  ARB>USDC.e@UniswapV3/500 USDC.e>ARB@SushiV2 in=6.128 ARB gap=68.9bps profit=$0.002 net=$-0.007"}
{"level":30,"time":1790808220910,"pid":20658,"hostname":"vm","msg":"  ARB>USDC@UniswapV3/100 USDC>ARB@PancakeV3/100 in=5.398 ARB gap=32.5bps profit=$0.002 net=$-0.009"}
{"level":30,"time":1790808221556,"pid":20658,"hostname":"vm","block":510481017,"gross":219,"net":0,"sumNetUsd":0,"gasPriceGwei":0.02001,"txCostUsd":0.0135,"syncMs":166,"searchMs":154,"msg":"block scanned"}
{"level":30,"time":1790808221556,"pid":20658,"hostname":"vm","msg":"  ARB>USDC.e@PancakeV3/100 USDC.e>ARB@SushiV2 in=7.936 ARB gap=82.8bps profit=$0.004 net=$-0.004"}
{"level":30,"time":1790808221556,"pid":20658,"hostname":"vm","msg":"  ARB>USDC@PancakeV3/500 USDC>ARB@PancakeV3/100 in=8.316 ARB gap=35.3bps profit=$0.002 net=$-0.009"}
{"level":30,"time":1790808221556,"pid":20658,"hostname":"vm","msg":"  ARB>USDC@UniswapV3/500 USDC>ARB@PancakeV3/100 in=7.737 ARB gap=33.9bps profit=$0.002 net=$-0.009"}
{"level":30,"time":1790808221556,"pid":20658,"hostname":"vm","msg":"  ARB>USDC.e@UniswapV3/500 USDC.e>ARB@SushiV2 in=6.128 ARB gap=68.9bps profit=$0.002 net=$-0.007"}
{"level":30,"time":1790808221556,"pid":20658,"hostname":"vm","msg":"  ARB>USDC@UniswapV3/100 USDC>ARB@PancakeV3/100 in=5.398 ARB gap=32.5bps profit=$0.002 net=$-0.009"}
{"level":30,"time":1790808222169,"pid":20658,"hostname":"vm","block":510481019,"gross":219,"net":0,"sumNetUsd":0,"gasPriceGwei":0.020004,"txCostUsd":0.0135,"syncMs":149,"searchMs":161,"msg":"block scanned"}
{"level":30,"time":1790808222169,"pid":20658,"hostname":"vm","msg":"  ARB>USDC.e@PancakeV3/100 USDC.e>ARB@SushiV2 in=7.936 ARB gap=82.8bps profit=$0.004 net=$-0.004"}
{"level":30,"time":1790808222169,"pid":20658,"hostname":"vm","msg":"  ARB>USDC@PancakeV3/500 USDC>ARB@PancakeV3/100 in=8.316 ARB gap=35.3bps profit=$0.002 net=$-0.009"}
{"level":30,"time":1790808222169,"pid":20658,"hostname":"vm","msg":"  ARB>USDC@UniswapV3/500 USDC>ARB@PancakeV3/100 in=7.737 ARB gap=33.9bps profit=$0.002 net=$-0.009"}
{"level":30,"time":1790808222169,"pid":20658,"hostname":"vm","msg":"  ARB>USDC.e@UniswapV3/500 USDC.e>ARB@SushiV2 in=6.128 ARB gap=68.9bps profit=$0.002 net=$-0.007"}
{"level":30,"time":1790808222169,"pid":20658,"hostname":"vm","msg":"  ARB>USDC@UniswapV3/100 USDC>ARB@PancakeV3/100 in=5.398 ARB gap=32.5bps profit=$0.002 net=$-0.009"}
{"level":30,"time":1790808222762,"pid":20658,"hostname":"vm","block":510481021,"gross":219,"net":0,"sumNetUsd":0,"gasPriceGwei":0.02001,"txCostUsd":0.0135,"syncMs":134,"searchMs":148,"msg":"block scanned"}
{"level":30,"time":1790808222763,"pid":20658,"hostname":"vm","msg":"  ARB>USDC.e@PancakeV3/100 USDC.e>ARB@SushiV2 in=7.936 ARB gap=82.8bps profit=$0.004 net=$-0.004"}
{"level":30,"time":1790808222763,"pid":20658,"hostname":"vm","msg":"  ARB>USDC@PancakeV3/500 USDC>ARB@PancakeV3/100 in=8.316 ARB gap=35.3bps profit=$0.002 net=$-0.009"}
{"level":30,"time":1790808222763,"pid":20658,"hostname":"vm","msg":"  ARB>USDC@UniswapV3/500 USDC>ARB@PancakeV3/100 in=7.737 ARB gap=33.9bps profit=$0.002 net=$-0.009"}
{"level":30,"time":1790808222763,"pid":20658,"hostname":"vm","msg":"  ARB>USDC.e@UniswapV3/500 USDC.e>ARB@SushiV2 in=6.128 ARB gap=68.9bps profit=$0.002 net=$-0.007"}
{"level":30,"time":1790808222763,"pid":20658,"hostname":"vm","msg":"  ARB>USDC@UniswapV3/100 USDC>ARB@PancakeV3/100 in=5.398 ARB gap=32.5bps profit=$0.002 net=$-0.009"}
{"level":30,"time":1790808223345,"pid":20658,"hostname":"vm","block":510481022,"gross":219,"net":0,"sumNetUsd":0,"gasPriceGwei":0.02,"txCostUsd":0.0134,"syncMs":119,"searchMs":155,"msg":"block scanned"}
{"level":30,"time":1790808223345,"pid":20658,"hostname":"vm","msg":"  ARB>USDC.e@PancakeV3/100 USDC.e>ARB@SushiV2 in=7.936 ARB gap=82.8bps profit=$0.004 net=$-0.004"}
{"level":30,"time":1790808223345,"pid":20658,"hostname":"vm","msg":"  ARB>USDC@PancakeV3/500 USDC>ARB@PancakeV3/100 in=8.316 ARB gap=35.3bps profit=$0.002 net=$-0.009"}
{"level":30,"time":1790808223345,"pid":20658,"hostname":"vm","msg":"  ARB>USDC@UniswapV3/500 USDC>ARB@PancakeV3/100 in=7.737 ARB gap=33.9bps profit=$0.002 net=$-0.009"}
{"level":30,"time":1790808223345,"pid":20658,"hostname":"vm","msg":"  ARB>USDC.e@UniswapV3/500 USDC.e>ARB@SushiV2 in=6.128 ARB gap=68.9bps profit=$0.002 net=$-0.007"}
{"level":30,"time":1790808223345,"pid":20658,"hostname":"vm","msg":"  ARB>USDC@UniswapV3/100 USDC>ARB@PancakeV3/100 in=5.398 ARB gap=32.5bps profit=$0.002 net=$-0.009"}
{"level":30,"time":1790808223954,"pid":20658,"hostname":"vm","block":510481025,"gross":219,"net":0,"sumNetUsd":0,"gasPriceGwei":0.02,"txCostUsd":0.0134,"syncMs":145,"searchMs":159,"msg":"block scanned"}
{"level":30,"time":1790808223954,"pid":20658,"hostname":"vm","msg":"  ARB>USDC.e@PancakeV3/100 USDC.e>ARB@SushiV2 in=7.936 ARB gap=82.8bps profit=$0.004 net=$-0.004"}
{"level":30,"time":1790808223954,"pid":20658,"hostname":"vm","msg":"  ARB>USDC@PancakeV3/500 USDC>ARB@PancakeV3/100 in=8.316 ARB gap=35.3bps profit=$0.002 net=$-0.009"}
{"level":30,"time":1790808223954,"pid":20658,"hostname":"vm","msg":"  ARB>USDC@UniswapV3/500 USDC>ARB@PancakeV3/100 in=7.737 ARB gap=33.9bps profit=$0.002 net=$-0.009"}
{"level":30,"time":1790808223954,"pid":20658,"hostname":"vm","msg":"  ARB>USDC.e@UniswapV3/500 USDC.e>ARB@SushiV2 in=6.128 ARB gap=68.9bps profit=$0.002 net=$-0.007"}
{"level":30,"time":1790808223954,"pid":20658,"hostname":"vm","msg":"  ARB>USDC@UniswapV3/100 USDC>ARB@PancakeV3/100 in=5.398 ARB gap=32.5bps profit=$0.002 net=$-0.009"}
{"level":30,"time":1790808224588,"pid":20658,"hostname":"vm","block":510481026,"gross":219,"net":0,"sumNetUsd":0,"gasPriceGwei":0.020112,"txCostUsd":0.0135,"syncMs":146,"searchMs":165,"msg":"block scanned"}
{"level":30,"time":1790808224588,"pid":20658,"hostname":"vm","msg":"  ARB>USDC.e@PancakeV3/100 USDC.e>ARB@SushiV2 in=7.936 ARB gap=82.8bps profit=$0.004 net=$-0.004"}
{"level":30,"time":1790808224588,"pid":20658,"hostname":"vm","msg":"  ARB>USDC@PancakeV3/500 USDC>ARB@PancakeV3/100 in=8.316 ARB gap=35.3bps profit=$0.002 net=$-0.009"}
{"level":30,"time":1790808224588,"pid":20658,"hostname":"vm","msg":"  ARB>USDC@UniswapV3/500 USDC>ARB@PancakeV3/100 in=7.737 ARB gap=33.9bps profit=$0.002 net=$-0.009"}
{"level":30,"time":1790808224588,"pid":20658,"hostname":"vm","msg":"  ARB>USDC.e@UniswapV3/500 USDC.e>ARB@SushiV2 in=6.128 ARB gap=68.9bps profit=$0.002 net=$-0.007"}
{"level":30,"time":1790808224588,"pid":20658,"hostname":"vm","msg":"  ARB>USDC@UniswapV3/100 USDC>ARB@PancakeV3/100 in=5.398 ARB gap=32.5bps profit=$0.002 net=$-0.009"}
{"level":30,"time":1790808225191,"pid":20658,"hostname":"vm","block":510481028,"gross":219,"net":0,"sumNetUsd":0,"gasPriceGwei":0.02,"txCostUsd":0.0134,"syncMs":149,"searchMs":151,"msg":"block scanned"}
{"level":30,"time":1790808225191,"pid":20658,"hostname":"vm","msg":"  ARB>USDC.e@PancakeV3/100 USDC.e>ARB@SushiV2 in=7.936 ARB gap=82.8bps profit=$0.004 net=$-0.004"}
{"level":30,"time":1790808225191,"pid":20658,"hostname":"vm","msg":"  ARB>USDC@PancakeV3/500 USDC>ARB@PancakeV3/100 in=8.316 ARB gap=35.3bps profit=$0.002 net=$-0.009"}
{"level":30,"time":1790808225191,"pid":20658,"hostname":"vm","msg":"  ARB>USDC@UniswapV3/500 USDC>ARB@PancakeV3/100 in=7.737 ARB gap=33.9bps profit=$0.002 net=$-0.009"}
{"level":30,"time":1790808225191,"pid":20658,"hostname":"vm","msg":"  ARB>USDC.e@UniswapV3/500 USDC.e>ARB@SushiV2 in=6.128 ARB gap=68.9bps profit=$0.002 net=$-0.007"}
{"level":30,"time":1790808225191,"pid":20658,"hostname":"vm","msg":"  ARB>USDC@UniswapV3/100 USDC>ARB@PancakeV3/100 in=5.398 ARB gap=32.5bps profit=$0.002 net=$-0.009"}
{"level":30,"time":1790808225796,"pid":20658,"hostname":"vm","block":510481029,"gross":219,"net":0,"sumNetUsd":0,"gasPriceGwei":0.02,"txCostUsd":0.0134,"syncMs":135,"searchMs":162,"msg":"block scanned"}
{"level":30,"time":1790808225796,"pid":20658,"hostname":"vm","msg":"  ARB>USDC.e@PancakeV3/100 USDC.e>ARB@SushiV2 in=7.936 ARB gap=82.8bps profit=$0.004 net=$-0.004"}
{"level":30,"time":1790808225796,"pid":20658,"hostname":"vm","msg":"  ARB>USDC@PancakeV3/500 USDC>ARB@PancakeV3/100 in=8.316 ARB gap=35.3bps profit=$0.002 net=$-0.009"}
{"level":30,"time":1790808225796,"pid":20658,"hostname":"vm","msg":"  ARB>USDC@UniswapV3/500 USDC>ARB@PancakeV3/100 in=7.737 ARB gap=33.9bps profit=$0.002 net=$-0.009"}
{"level":30,"time":1790808225796,"pid":20658,"hostname":"vm","msg":"  ARB>USDC.e@UniswapV3/500 USDC.e>ARB@SushiV2 in=6.128 ARB gap=68.9bps profit=$0.002 net=$-0.007"}
{"level":30,"time":1790808225796,"pid":20658,"hostname":"vm","msg":"  ARB>USDC@UniswapV3/100 USDC>ARB@PancakeV3/100 in=5.398 ARB gap=32.5bps profit=$0.002 net=$-0.009"}
{"level":30,"time":1790808226399,"pid":20658,"hostname":"vm","block":510481031,"gross":219,"net":0,"sumNetUsd":0,"gasPriceGwei":0.020056,"txCostUsd":0.0135,"syncMs":148,"searchMs":151,"msg":"block scanned"}
{"level":30,"time":1790808226399,"pid":20658,"hostname":"vm","msg":"  ARB>USDC.e@PancakeV3/100 USDC.e>ARB@SushiV2 in=7.936 ARB gap=82.8bps profit=$0.004 net=$-0.004"}
{"level":30,"time":1790808226399,"pid":20658,"hostname":"vm","msg":"  ARB>USDC@PancakeV3/500 USDC>ARB@PancakeV3/100 in=8.316 ARB gap=35.3bps profit=$0.002 net=$-0.009"}
{"level":30,"time":1790808226399,"pid":20658,"hostname":"vm","msg":"  ARB>USDC@UniswapV3/500 USDC>ARB@PancakeV3/100 in=7.737 ARB gap=33.9bps profit=$0.002 net=$-0.009"}
{"level":30,"time":1790808226399,"pid":20658,"hostname":"vm","msg":"  ARB>USDC.e@UniswapV3/500 USDC.e>ARB@SushiV2 in=6.128 ARB gap=68.9bps profit=$0.002 net=$-0.007"}
{"level":30,"time":1790808226399,"pid":20658,"hostname":"vm","msg":"  ARB>USDC@UniswapV3/100 USDC>ARB@PancakeV3/100 in=5.398 ARB gap=32.5bps profit=$0.002 net=$-0.009"}
{"level":30,"time":1790808226992,"pid":20658,"hostname":"vm","block":510481033,"gross":219,"net":0,"sumNetUsd":0,"gasPriceGwei":0.020022,"txCostUsd":0.0135,"syncMs":143,"searchMs":149,"msg":"block scanned"}
{"level":30,"time":1790808226992,"pid":20658,"hostname":"vm","msg":"  ARB>USDC.e@PancakeV3/100 USDC.e>ARB@SushiV2 in=7.936 ARB gap=82.8bps profit=$0.004 net=$-0.004"}
{"level":30,"time":1790808226992,"pid":20658,"hostname":"vm","msg":"  ARB>USDC@PancakeV3/500 USDC>ARB@PancakeV3/100 in=8.316 ARB gap=35.3bps profit=$0.002 net=$-0.009"}
{"level":30,"time":1790808226992,"pid":20658,"hostname":"vm","msg":"  ARB>USDC@UniswapV3/500 USDC>ARB@PancakeV3/100 in=7.737 ARB gap=33.9bps profit=$0.002 net=$-0.009"}
{"level":30,"time":1790808226992,"pid":20658,"hostname":"vm","msg":"  ARB>USDC.e@UniswapV3/500 USDC.e>ARB@SushiV2 in=6.128 ARB gap=68.9bps profit=$0.002 net=$-0.007"}
{"level":30,"time":1790808226992,"pid":20658,"hostname":"vm","msg":"  ARB>USDC@UniswapV3/100 USDC>ARB@PancakeV3/100 in=5.398 ARB gap=32.5bps profit=$0.002 net=$-0.009"}
{"level":30,"time":1790808227583,"pid":20658,"hostname":"vm","block":510481035,"gross":219,"net":0,"sumNetUsd":0,"gasPriceGwei":0.020198,"txCostUsd":0.0136,"syncMs":135,"searchMs":149,"msg":"block scanned"}
{"level":30,"time":1790808227583,"pid":20658,"hostname":"vm","msg":"  ARB>USDC.e@PancakeV3/100 USDC.e>ARB@SushiV2 in=7.936 ARB gap=82.8bps profit=$0.004 net=$-0.005"}
{"level":30,"time":1790808227583,"pid":20658,"hostname":"vm","msg":"  ARB>USDC@PancakeV3/500 USDC>ARB@PancakeV3/100 in=8.316 ARB gap=35.3bps profit=$0.002 net=$-0.009"}
{"level":30,"time":1790808227583,"pid":20658,"hostname":"vm","msg":"  ARB>USDC@UniswapV3/500 USDC>ARB@PancakeV3/100 in=7.737 ARB gap=33.9bps profit=$0.002 net=$-0.009"}
{"level":30,"time":1790808227583,"pid":20658,"hostname":"vm","msg":"  ARB>USDC.e@UniswapV3/500 USDC.e>ARB@SushiV2 in=6.128 ARB gap=68.9bps profit=$0.002 net=$-0.007"}
{"level":30,"time":1790808227583,"pid":20658,"hostname":"vm","msg":"  ARB>USDC@UniswapV3/100 USDC>ARB@PancakeV3/100 in=5.398 ARB gap=32.5bps profit=$0.002 net=$-0.009"}
{"level":30,"time":1790808228192,"pid":20658,"hostname":"vm","block":510481037,"gross":219,"net":0,"sumNetUsd":0,"gasPriceGwei":0.020006,"txCostUsd":0.0135,"syncMs":145,"searchMs":155,"msg":"block scanned"}
{"level":30,"time":1790808228192,"pid":20658,"hostname":"vm","msg":"  ARB>USDC.e@PancakeV3/100 USDC.e>ARB@SushiV2 in=7.936 ARB gap=82.8bps profit=$0.004 net=$-0.004"}
{"level":30,"time":1790808228192,"pid":20658,"hostname":"vm","msg":"  ARB>USDC@PancakeV3/500 USDC>ARB@PancakeV3/100 in=8.316 ARB gap=35.3bps profit=$0.002 net=$-0.009"}
{"level":30,"time":1790808228192,"pid":20658,"hostname":"vm","msg":"  ARB>USDC@UniswapV3/500 USDC>ARB@PancakeV3/100 in=7.737 ARB gap=33.9bps profit=$0.002 net=$-0.009"}
{"level":30,"time":1790808228192,"pid":20658,"hostname":"vm","msg":"  ARB>USDC.e@UniswapV3/500 USDC.e>ARB@SushiV2 in=6.128 ARB gap=68.9bps profit=$0.002 net=$-0.007"}
{"level":30,"time":1790808228192,"pid":20658,"hostname":"vm","msg":"  ARB>USDC@UniswapV3/100 USDC>ARB@PancakeV3/100 in=5.398 ARB gap=32.5bps profit=$0.002 net=$-0.009"}
{"level":30,"time":1790808228798,"pid":20658,"hostname":"vm","block":510481039,"gross":219,"net":0,"sumNetUsd":0,"gasPriceGwei":0.02,"txCostUsd":0.0134,"syncMs":154,"searchMs":153,"msg":"block scanned"}
{"level":30,"time":1790808228798,"pid":20658,"hostname":"vm","msg":"  ARB>USDC.e@PancakeV3/100 USDC.e>ARB@SushiV2 in=7.936 ARB gap=82.8bps profit=$0.004 net=$-0.004"}
{"level":30,"time":1790808228798,"pid":20658,"hostname":"vm","msg":"  ARB>USDC@PancakeV3/500 USDC>ARB@PancakeV3/100 in=8.316 ARB gap=35.3bps profit=$0.002 net=$-0.009"}
{"level":30,"time":1790808228798,"pid":20658,"hostname":"vm","msg":"  ARB>USDC@UniswapV3/500 USDC>ARB@PancakeV3/100 in=7.737 ARB gap=33.9bps profit=$0.002 net=$-0.009"}
{"level":30,"time":1790808228798,"pid":20658,"hostname":"vm","msg":"  ARB>USDC.e@UniswapV3/500 USDC.e>ARB@SushiV2 in=6.128 ARB gap=68.9bps profit=$0.002 net=$-0.007"}
{"level":30,"time":1790808228798,"pid":20658,"hostname":"vm","msg":"  ARB>USDC@UniswapV3/100 USDC>ARB@PancakeV3/100 in=5.398 ARB gap=32.5bps profit=$0.002 net=$-0.009"}
{"level":30,"time":1790808264277,"pid":20658,"hostname":"vm","block":510481041,"gross":219,"net":0,"sumNetUsd":0,"gasPriceGwei":0.020138,"txCostUsd":0.0135,"syncMs":35021,"searchMs":146,"msg":"block scanned"}
{"level":30,"time":1790808264277,"pid":20658,"hostname":"vm","msg":"  ARB>USDC.e@PancakeV3/100 USDC.e>ARB@SushiV2 in=7.936 ARB gap=82.8bps profit=$0.004 net=$-0.005"}
{"level":30,"time":1790808264277,"pid":20658,"hostname":"vm","msg":"  ARB>USDC@PancakeV3/500 USDC>ARB@PancakeV3/100 in=8.316 ARB gap=35.3bps profit=$0.002 net=$-0.009"}
{"level":30,"time":1790808264277,"pid":20658,"hostname":"vm","msg":"  ARB>USDC@UniswapV3/500 USDC>ARB@PancakeV3/100 in=7.737 ARB gap=33.9bps profit=$0.002 net=$-0.009"}
{"level":30,"time":1790808264277,"pid":20658,"hostname":"vm","msg":"  ARB>USDC.e@UniswapV3/500 USDC.e>ARB@SushiV2 in=6.128 ARB gap=68.9bps profit=$0.002 net=$-0.007"}
{"level":30,"time":1790808264277,"pid":20658,"hostname":"vm","msg":"  ARB>USDC@UniswapV3/100 USDC>ARB@PancakeV3/100 in=5.398 ARB gap=32.5bps profit=$0.002 net=$-0.009"}
{"level":30,"time":1790808264690,"pid":20658,"hostname":"vm","block":510481154,"gross":219,"net":0,"sumNetUsd":0,"gasPriceGwei":0.02,"txCostUsd":0.0134,"syncMs":149,"searchMs":155,"msg":"block scanned"}
{"level":30,"time":1790808264690,"pid":20658,"hostname":"vm","msg":"  ARB>USDC.e@PancakeV3/100 USDC.e>ARB@SushiV2 in=7.936 ARB gap=82.8bps profit=$0.004 net=$-0.004"}
{"level":30,"time":1790808264690,"pid":20658,"hostname":"vm","msg":"  ARB>USDC@PancakeV3/500 USDC>ARB@PancakeV3/100 in=8.316 ARB gap=35.3bps profit=$0.002 net=$-0.009"}
{"level":30,"time":1790808264690,"pid":20658,"hostname":"vm","msg":"  ARB>USDC@UniswapV3/500 USDC>ARB@PancakeV3/100 in=7.737 ARB gap=33.9bps profit=$0.002 net=$-0.009"}
{"level":30,"time":1790808264690,"pid":20658,"hostname":"vm","msg":"  ARB>USDC.e@UniswapV3/500 USDC.e>ARB@SushiV2 in=6.128 ARB gap=68.9bps profit=$0.002 net=$-0.007"}
{"level":30,"time":1790808264690,"pid":20658,"hostname":"vm","msg":"  ARB>USDC@UniswapV3/100 USDC>ARB@PancakeV3/100 in=5.398 ARB gap=32.5bps profit=$0.002 net=$-0.009"}
{"level":30,"time":1790808265308,"pid":20658,"hostname":"vm","block":510481157,"gross":219,"net":0,"sumNetUsd":0,"gasPriceGwei":0.020004,"txCostUsd":0.0135,"syncMs":133,"searchMs":178,"msg":"block scanned"}
{"level":30,"time":1790808265308,"pid":20658,"hostname":"vm","msg":"  ARB>USDC.e@PancakeV3/100 USDC.e>ARB@SushiV2 in=7.936 ARB gap=82.8bps profit=$0.004 net=$-0.004"}
{"level":30,"time":1790808265308,"pid":20658,"hostname":"vm","msg":"  ARB>USDC@PancakeV3/500 USDC>ARB@PancakeV3/100 in=8.316 ARB gap=35.3bps profit=$0.002 net=$-0.009"}
{"level":30,"time":1790808265308,"pid":20658,"hostname":"vm","msg":"  ARB>USDC@UniswapV3/500 USDC>ARB@PancakeV3/100 in=7.737 ARB gap=33.9bps profit=$0.002 net=$-0.009"}
{"level":30,"time":1790808265308,"pid":20658,"hostname":"vm","msg":"  ARB>USDC.e@UniswapV3/500 USDC.e>ARB@SushiV2 in=6.128 ARB gap=68.9bps profit=$0.002 net=$-0.007"}
{"level":30,"time":1790808265308,"pid":20658,"hostname":"vm","msg":"  ARB>USDC@UniswapV3/100 USDC>ARB@PancakeV3/100 in=5.398 ARB gap=32.5bps profit=$0.002 net=$-0.009"}
{"level":30,"time":1790808266467,"pid":20658,"hostname":"vm","block":510481159,"gross":219,"net":0,"sumNetUsd":0,"gasPriceGwei":0.020014,"txCostUsd":0.0135,"syncMs":152,"searchMs":148,"msg":"block scanned"}
{"level":30,"time":1790808266467,"pid":20658,"hostname":"vm","msg":"  ARB>USDC.e@PancakeV3/100 USDC.e>ARB@SushiV2 in=7.936 ARB gap=82.8bps profit=$0.004 net=$-0.004"}
{"level":30,"time":1790808266467,"pid":20658,"hostname":"vm","msg":"  ARB>USDC@PancakeV3/500 USDC>ARB@PancakeV3/100 in=8.316 ARB gap=35.3bps profit=$0.002 net=$-0.009"}
{"level":30,"time":1790808266467,"pid":20658,"hostname":"vm","msg":"  ARB>USDC@UniswapV3/500 USDC>ARB@PancakeV3/100 in=7.737 ARB gap=33.9bps profit=$0.002 net=$-0.009"}
{"level":30,"time":1790808266467,"pid":20658,"hostname":"vm","msg":"  ARB>USDC.e@UniswapV3/500 USDC.e>ARB@SushiV2 in=6.128 ARB gap=68.9bps profit=$0.002 net=$-0.007"}
{"level":30,"time":1790808266467,"pid":20658,"hostname":"vm","msg":"  ARB>USDC@UniswapV3/100 USDC>ARB@PancakeV3/100 in=5.398 ARB gap=32.5bps profit=$0.002 net=$-0.009"}
{"level":30,"time":1790808267130,"pid":20658,"hostname":"vm","block":510481162,"gross":219,"net":0,"sumNetUsd":0,"gasPriceGwei":0.020026,"txCostUsd":0.0135,"syncMs":163,"searchMs":185,"msg":"block scanned"}
{"level":30,"time":1790808267130,"pid":20658,"hostname":"vm","msg":"  ARB>USDC.e@PancakeV3/100 USDC.e>ARB@SushiV2 in=7.936 ARB gap=82.8bps profit=$0.004 net=$-0.004"}
{"level":30,"time":1790808267130,"pid":20658,"hostname":"vm","msg":"  ARB>USDC@PancakeV3/500 USDC>ARB@PancakeV3/100 in=8.316 ARB gap=35.3bps profit=$0.002 net=$-0.009"}
{"level":30,"time":1790808267130,"pid":20658,"hostname":"vm","msg":"  ARB>USDC@UniswapV3/500 USDC>ARB@PancakeV3/100 in=7.737 ARB gap=33.9bps profit=$0.002 net=$-0.009"}
{"level":30,"time":1790808267130,"pid":20658,"hostname":"vm","msg":"  ARB>USDC.e@UniswapV3/500 USDC.e>ARB@SushiV2 in=6.128 ARB gap=68.9bps profit=$0.002 net=$-0.007"}
{"level":30,"time":1790808267130,"pid":20658,"hostname":"vm","msg":"  ARB>USDC@UniswapV3/100 USDC>ARB@PancakeV3/100 in=5.398 ARB gap=32.5bps profit=$0.002 net=$-0.009"}
{"level":30,"time":1790808267634,"pid":20658,"hostname":"vm","block":510481163,"gross":219,"net":0,"sumNetUsd":0,"gasPriceGwei":0.02004,"txCostUsd":0.0135,"syncMs":138,"searchMs":162,"msg":"block scanned"}
{"level":30,"time":1790808267634,"pid":20658,"hostname":"vm","msg":"  ARB>USDC.e@PancakeV3/100 USDC.e>ARB@SushiV2 in=7.936 ARB gap=82.8bps profit=$0.004 net=$-0.004"}
{"level":30,"time":1790808267634,"pid":20658,"hostname":"vm","msg":"  ARB>USDC@PancakeV3/500 USDC>ARB@PancakeV3/100 in=8.316 ARB gap=35.3bps profit=$0.002 net=$-0.009"}
{"level":30,"time":1790808267634,"pid":20658,"hostname":"vm","msg":"  ARB>USDC@UniswapV3/500 USDC>ARB@PancakeV3/100 in=7.737 ARB gap=33.9bps profit=$0.002 net=$-0.009"}
{"level":30,"time":1790808267634,"pid":20658,"hostname":"vm","msg":"  ARB>USDC.e@UniswapV3/500 USDC.e>ARB@SushiV2 in=6.128 ARB gap=68.9bps profit=$0.002 net=$-0.007"}
{"level":30,"time":1790808267634,"pid":20658,"hostname":"vm","msg":"  ARB>USDC@UniswapV3/100 USDC>ARB@PancakeV3/100 in=5.398 ARB gap=32.5bps profit=$0.002 net=$-0.009"}
{"level":30,"time":1790808268239,"pid":20658,"hostname":"vm","block":510481165,"gross":219,"net":0,"sumNetUsd":0,"gasPriceGwei":0.020002,"txCostUsd":0.0134,"syncMs":144,"searchMs":156,"msg":"block scanned"}
{"level":30,"time":1790808268239,"pid":20658,"hostname":"vm","msg":"  ARB>USDC.e@PancakeV3/100 USDC.e>ARB@SushiV2 in=7.936 ARB gap=82.8bps profit=$0.004 net=$-0.004"}
{"level":30,"time":1790808268239,"pid":20658,"hostname":"vm","msg":"  ARB>USDC@PancakeV3/500 USDC>ARB@PancakeV3/100 in=8.316 ARB gap=35.3bps profit=$0.002 net=$-0.009"}
{"level":30,"time":1790808268239,"pid":20658,"hostname":"vm","msg":"  ARB>USDC@UniswapV3/500 USDC>ARB@PancakeV3/100 in=7.737 ARB gap=33.9bps profit=$0.002 net=$-0.009"}
{"level":30,"time":1790808268239,"pid":20658,"hostname":"vm","msg":"  ARB>USDC.e@UniswapV3/500 USDC.e>ARB@SushiV2 in=6.128 ARB gap=68.9bps profit=$0.002 net=$-0.007"}
{"level":30,"time":1790808268239,"pid":20658,"hostname":"vm","msg":"  ARB>USDC@UniswapV3/100 USDC>ARB@PancakeV3/100 in=5.398 ARB gap=32.5bps profit=$0.002 net=$-0.009"}
{"level":30,"time":1790808268832,"pid":20658,"hostname":"vm","block":510481167,"gross":219,"net":0,"sumNetUsd":0,"gasPriceGwei":0.02,"txCostUsd":0.0134,"syncMs":134,"searchMs":152,"msg":"block scanned"}
{"level":30,"time":1790808268832,"pid":20658,"hostname":"vm","msg":"  ARB>USDC.e@PancakeV3/100 USDC.e>ARB@SushiV2 in=7.936 ARB gap=82.8bps profit=$0.004 net=$-0.004"}
{"level":30,"time":1790808268832,"pid":20658,"hostname":"vm","msg":"  ARB>USDC@PancakeV3/500 USDC>ARB@PancakeV3/100 in=8.316 ARB gap=35.3bps profit=$0.002 net=$-0.009"}
{"level":30,"time":1790808268832,"pid":20658,"hostname":"vm","msg":"  ARB>USDC@UniswapV3/500 USDC>ARB@PancakeV3/100 in=7.737 ARB gap=33.9bps profit=$0.002 net=$-0.009"}
{"level":30,"time":1790808268832,"pid":20658,"hostname":"vm","msg":"  ARB>USDC.e@UniswapV3/500 USDC.e>ARB@SushiV2 in=6.128 ARB gap=68.9bps profit=$0.002 net=$-0.007"}
{"level":30,"time":1790808268832,"pid":20658,"hostname":"vm","msg":"  ARB>USDC@UniswapV3/100 USDC>ARB@PancakeV3/100 in=5.398 ARB gap=32.5bps profit=$0.002 net=$-0.009"}
{"level":30,"time":1790808269432,"pid":20658,"hostname":"vm","block":510481169,"gross":219,"net":0,"sumNetUsd":0,"gasPriceGwei":0.020094,"txCostUsd":0.0135,"syncMs":144,"searchMs":149,"msg":"block scanned"}
{"level":30,"time":1790808269432,"pid":20658,"hostname":"vm","msg":"  ARB>USDC.e@PancakeV3/100 USDC.e>ARB@SushiV2 in=7.936 ARB gap=82.8bps profit=$0.004 net=$-0.004"}
{"level":30,"time":1790808269432,"pid":20658,"hostname":"vm","msg":"  ARB>USDC@PancakeV3/500 USDC>ARB@PancakeV3/100 in=8.316 ARB gap=35.3bps profit=$0.002 net=$-0.009"}
{"level":30,"time":1790808269432,"pid":20658,"hostname":"vm","msg":"  ARB>USDC@UniswapV3/500 USDC>ARB@PancakeV3/100 in=7.737 ARB gap=33.9bps profit=$0.002 net=$-0.009"}
{"level":30,"time":1790808269432,"pid":20658,"hostname":"vm","msg":"  ARB>USDC.e@UniswapV3/500 USDC.e>ARB@SushiV2 in=6.128 ARB gap=68.9bps profit=$0.002 net=$-0.007"}
{"level":30,"time":1790808269432,"pid":20658,"hostname":"vm","msg":"  ARB>USDC@UniswapV3/100 USDC>ARB@PancakeV3/100 in=5.398 ARB gap=32.5bps profit=$0.002 net=$-0.009"}
{"level":30,"time":1790808270041,"pid":20658,"hostname":"vm","block":510481171,"gross":219,"net":0,"sumNetUsd":0,"gasPriceGwei":0.02,"txCostUsd":0.0134,"syncMs":151,"searchMs":150,"msg":"block scanned"}
{"level":30,"time":1790808270041,"pid":20658,"hostname":"vm","msg":"  ARB>USDC.e@PancakeV3/100 USDC.e>ARB@SushiV2 in=7.936 ARB gap=82.8bps profit=$0.004 net=$-0.004"}
{"level":30,"time":1790808270041,"pid":20658,"hostname":"vm","msg":"  ARB>USDC@PancakeV3/500 USDC>ARB@PancakeV3/100 in=8.316 ARB gap=35.3bps profit=$0.002 net=$-0.009"}
{"level":30,"time":1790808270041,"pid":20658,"hostname":"vm","msg":"  ARB>USDC@UniswapV3/500 USDC>ARB@PancakeV3/100 in=7.737 ARB gap=33.9bps profit=$0.002 net=$-0.009"}
{"level":30,"time":1790808270041,"pid":20658,"hostname":"vm","msg":"  ARB>USDC.e@UniswapV3/500 USDC.e>ARB@SushiV2 in=6.128 ARB gap=68.9bps profit=$0.002 net=$-0.007"}
{"level":30,"time":1790808270041,"pid":20658,"hostname":"vm","msg":"  ARB>USDC@UniswapV3/100 USDC>ARB@PancakeV3/100 in=5.398 ARB gap=32.5bps profit=$0.002 net=$-0.009"}
{"level":30,"time":1790808270617,"pid":20658,"hostname":"vm","block":510481173,"gross":219,"net":0,"sumNetUsd":0,"gasPriceGwei":0.020004,"txCostUsd":0.0135,"syncMs":121,"searchMs":148,"msg":"block scanned"}
{"level":30,"time":1790808270618,"pid":20658,"hostname":"vm","msg":"  ARB>USDC.e@PancakeV3/100 USDC.e>ARB@SushiV2 in=7.936 ARB gap=82.8bps profit=$0.004 net=$-0.004"}
{"level":30,"time":1790808270618,"pid":20658,"hostname":"vm","msg":"  ARB>USDC@PancakeV3/500 USDC>ARB@PancakeV3/100 in=8.316 ARB gap=35.3bps profit=$0.002 net=$-0.009"}
{"level":30,"time":1790808270618,"pid":20658,"hostname":"vm","msg":"  ARB>USDC@UniswapV3/500 USDC>ARB@PancakeV3/100 in=7.737 ARB gap=33.9bps profit=$0.002 net=$-0.009"}
{"level":30,"time":1790808270618,"pid":20658,"hostname":"vm","msg":"  ARB>USDC.e@UniswapV3/500 USDC.e>ARB@SushiV2 in=6.128 ARB gap=68.9bps profit=$0.002 net=$-0.007"}
{"level":30,"time":1790808270618,"pid":20658,"hostname":"vm","msg":"  ARB>USDC@UniswapV3/100 USDC>ARB@PancakeV3/100 in=5.398 ARB gap=32.5bps profit=$0.002 net=$-0.009"}
{"level":30,"time":1790808271254,"pid":20658,"hostname":"vm","block":510481175,"gross":219,"net":0,"sumNetUsd":0,"gasPriceGwei":0.020006,"txCostUsd":0.0135,"syncMs":154,"searchMs":161,"msg":"block scanned"}
{"level":30,"time":1790808271254,"pid":20658,"hostname":"vm","msg":"  ARB>USDC.e@PancakeV3/100 USDC.e>ARB@SushiV2 in=7.936 ARB gap=82.8bps profit=$0.004 net=$-0.004"}
{"level":30,"time":1790808271254,"pid":20658,"hostname":"vm","msg":"  ARB>USDC@PancakeV3/500 USDC>ARB@PancakeV3/100 in=8.316 ARB gap=35.3bps profit=$0.002 net=$-0.009"}
{"level":30,"time":1790808271254,"pid":20658,"hostname":"vm","msg":"  ARB>USDC@UniswapV3/500 USDC>ARB@PancakeV3/100 in=7.737 ARB gap=33.9bps profit=$0.002 net=$-0.009"}
{"level":30,"time":1790808271254,"pid":20658,"hostname":"vm","msg":"  ARB>USDC.e@UniswapV3/500 USDC.e>ARB@SushiV2 in=6.128 ARB gap=68.9bps profit=$0.002 net=$-0.007"}
{"level":30,"time":1790808271254,"pid":20658,"hostname":"vm","msg":"  ARB>USDC@UniswapV3/100 USDC>ARB@PancakeV3/100 in=5.398 ARB gap=32.5bps profit=$0.002 net=$-0.009"}
{"level":30,"time":1790808271856,"pid":20658,"hostname":"vm","block":510481177,"gross":219,"net":0,"sumNetUsd":0,"gasPriceGwei":0.02,"txCostUsd":0.0134,"syncMs":150,"searchMs":152,"msg":"block scanned"}
{"level":30,"time":1790808271856,"pid":20658,"hostname":"vm","msg":"  ARB>USDC.e@PancakeV3/100 USDC.e>ARB@SushiV2 in=7.936 ARB gap=82.8bps profit=$0.004 net=$-0.004"}
{"level":30,"time":1790808271856,"pid":20658,"hostname":"vm","msg":"  ARB>USDC@PancakeV3/500 USDC>ARB@PancakeV3/100 in=8.316 ARB gap=35.3bps profit=$0.002 net=$-0.009"}
{"level":30,"time":1790808271856,"pid":20658,"hostname":"vm","msg":"  ARB>USDC@UniswapV3/500 USDC>ARB@PancakeV3/100 in=7.737 ARB gap=33.9bps profit=$0.002 net=$-0.009"}
{"level":30,"time":1790808271856,"pid":20658,"hostname":"vm","msg":"  ARB>USDC.e@UniswapV3/500 USDC.e>ARB@SushiV2 in=6.128 ARB gap=68.9bps profit=$0.002 net=$-0.007"}
{"level":30,"time":1790808271856,"pid":20658,"hostname":"vm","msg":"  ARB>USDC@UniswapV3/100 USDC>ARB@PancakeV3/100 in=5.398 ARB gap=32.5bps profit=$0.002 net=$-0.009"}
{"level":30,"time":1790808272621,"pid":20658,"hostname":"vm","block":510481180,"gross":219,"net":0,"sumNetUsd":0,"gasPriceGwei":0.02,"txCostUsd":0.0134,"syncMs":152,"searchMs":153,"msg":"block scanned"}
{"level":30,"time":1790808272622,"pid":20658,"hostname":"vm","msg":"  ARB>USDC.e@PancakeV3/100 USDC.e>ARB@SushiV2 in=7.936 ARB gap=82.8bps profit=$0.004 net=$-0.004"}
{"level":30,"time":1790808272622,"pid":20658,"hostname":"vm","msg":"  ARB>USDC@PancakeV3/500 USDC>ARB@PancakeV3/100 in=8.316 ARB gap=35.3bps profit=$0.002 net=$-0.009"}
{"level":30,"time":1790808272622,"pid":20658,"hostname":"vm","msg":"  ARB>USDC@UniswapV3/500 USDC>ARB@PancakeV3/100 in=7.737 ARB gap=33.9bps profit=$0.002 net=$-0.009"}
{"level":30,"time":1790808272622,"pid":20658,"hostname":"vm","msg":"  ARB>USDC.e@UniswapV3/500 USDC.e>ARB@SushiV2 in=6.128 ARB gap=68.9bps profit=$0.002 net=$-0.007"}
{"level":30,"time":1790808272622,"pid":20658,"hostname":"vm","msg":"  ARB>USDC@UniswapV3/100 USDC>ARB@PancakeV3/100 in=5.398 ARB gap=32.5bps profit=$0.002 net=$-0.009"}
{"level":30,"time":1790808273220,"pid":20658,"hostname":"vm","block":510481182,"gross":219,"net":0,"sumNetUsd":0,"gasPriceGwei":0.020026,"txCostUsd":0.0135,"syncMs":129,"searchMs":168,"msg":"block scanned"}
{"level":30,"time":1790808273220,"pid":20658,"hostname":"vm","msg":"  ARB>USDC.e@PancakeV3/100 USDC.e>ARB@SushiV2 in=7.936 ARB gap=82.8bps profit=$0.004 net=$-0.004"}
{"level":30,"time":1790808273220,"pid":20658,"hostname":"vm","msg":"  ARB>USDC@PancakeV3/500 USDC>ARB@PancakeV3/100 in=8.316 ARB gap=35.3bps profit=$0.002 net=$-0.009"}
{"level":30,"time":1790808273220,"pid":20658,"hostname":"vm","msg":"  ARB>USDC@UniswapV3/500 USDC>ARB@PancakeV3/100 in=7.737 ARB gap=33.9bps profit=$0.002 net=$-0.009"}
{"level":30,"time":1790808273220,"pid":20658,"hostname":"vm","msg":"  ARB>USDC.e@UniswapV3/500 USDC.e>ARB@SushiV2 in=6.128 ARB gap=68.9bps profit=$0.002 net=$-0.007"}
{"level":30,"time":1790808273220,"pid":20658,"hostname":"vm","msg":"  ARB>USDC@UniswapV3/100 USDC>ARB@PancakeV3/100 in=5.398 ARB gap=32.5bps profit=$0.002 net=$-0.009"}
{"level":30,"time":1790808308331,"pid":20658,"hostname":"vm","block":510481184,"gross":221,"net":0,"sumNetUsd":0,"gasPriceGwei":0.020138,"txCostUsd":0.0135,"syncMs":34639,"searchMs":166,"msg":"block scanned"}
{"level":30,"time":1790808308331,"pid":20658,"hostname":"vm","msg":"  ARB>USDC.e@PancakeV3/100 USDC.e>ARB@SushiV2 in=7.936 ARB gap=82.8bps profit=$0.004 net=$-0.005"}
{"level":30,"time":1790808308331,"pid":20658,"hostname":"vm","msg":"  ARB>USDC.e@UniswapV3/500 USDC.e>ARB@SushiV2 in=7.099 ARB gap=74.3bps profit=$0.003 net=$-0.006"}
{"level":30,"time":1790808308331,"pid":20658,"hostname":"vm","msg":"  ARB>USDC@PancakeV3/500 USDC>ARB@PancakeV3/100 in=8.316 ARB gap=35.3bps profit=$0.002 net=$-0.009"}
{"level":30,"time":1790808308331,"pid":20658,"hostname":"vm","msg":"  ARB>USDC@UniswapV3/500 USDC>ARB@PancakeV3/100 in=7.737 ARB gap=33.9bps profit=$0.002 net=$-0.009"}
{"level":30,"time":1790808308331,"pid":20658,"hostname":"vm","msg":"  ARB>USDC@UniswapV3/100 USDC>ARB@PancakeV3/100 in=5.398 ARB gap=32.5bps profit=$0.002 net=$-0.009"}
{"level":30,"time":1790808308769,"pid":20658,"hostname":"vm","block":510481305,"gross":250,"net":0,"sumNetUsd":0,"gasPriceGwei":0.020012,"txCostUsd":0.0135,"syncMs":141,"searchMs":191,"msg":"block scanned"}
{"level":30,"time":1790808308769,"pid":20658,"hostname":"vm","msg":"  ARB>USDC.e@PancakeV3/100 USDC.e>ARB@SushiV2 in=7.936 ARB gap=82.8bps profit=$0.004 net=$-0.004"}
{"level":30,"time":1790808308769,"pid":20658,"hostname":"vm","msg":"  ARB>USDC@PancakeV3/500 USDC>ARB@PancakeV3/100 in=10.61 ARB gap=43.4bps profit=$0.004 net=$-0.007"}
{"level":30,"time":1790808308769,"pid":20658,"hostname":"vm","msg":"  ARB>USDC@UniswapV3/500 USDC>ARB@PancakeV3/100 in=10.19 ARB gap=42.7bps profit=$0.004 net=$-0.007"}
{"level":30,"time":1790808308769,"pid":20658,"hostname":"vm","msg":"  ARB>USDC.e@UniswapV3/500 USDC.e>ARB@SushiV2 in=7.805 ARB gap=78.2bps profit=$0.003 net=$-0.005"}
{"level":30,"time":1790808308769,"pid":20658,"hostname":"vm","msg":"  ARB>USDC@UniswapV3/100 USDC>ARB@PancakeV3/100 in=5.398 ARB gap=32.5bps profit=$0.002 net=$-0.009"}
{"level":30,"time":1790808309425,"pid":20658,"hostname":"vm","block":510481307,"gross":250,"net":0,"sumNetUsd":0,"gasPriceGwei":0.02003,"txCostUsd":0.0135,"syncMs":172,"searchMs":181,"msg":"block scanned"}
{"level":30,"time":1790808309425,"pid":20658,"hostname":"vm","msg":"  ARB>USDC.e@PancakeV3/100 USDC.e>ARB@SushiV2 in=7.936 ARB gap=82.8bps profit=$0.004 net=$-0.004"}
{"level":30,"time":1790808309425,"pid":20658,"hostname":"vm","msg":"  ARB>USDC@PancakeV3/500 USDC>ARB@PancakeV3/100 in=10.61 ARB gap=43.4bps profit=$0.004 net=$-0.007"}
{"level":30,"time":1790808309425,"pid":20658,"hostname":"vm","msg":"  ARB>USDC@UniswapV3/500 USDC>ARB@PancakeV3/100 in=10.19 ARB gap=42.7bps profit=$0.004 net=$-0.007"}
{"level":30,"time":1790808309425,"pid":20658,"hostname":"vm","msg":"  ARB>USDC.e@UniswapV3/500 USDC.e>ARB@SushiV2 in=7.805 ARB gap=78.2bps profit=$0.003 net=$-0.005"}
{"level":30,"time":1790808309425,"pid":20658,"hostname":"vm","msg":"  ARB>USDC@UniswapV3/100 USDC>ARB@PancakeV3/100 in=5.398 ARB gap=32.5bps profit=$0.002 net=$-0.009"}
{"level":30,"time":1790808309945,"pid":20658,"hostname":"vm","block":510481308,"gross":250,"net":0,"sumNetUsd":0,"gasPriceGwei":0.020002,"txCostUsd":0.0134,"syncMs":139,"searchMs":178,"msg":"block scanned"}
{"level":30,"time":1790808309945,"pid":20658,"hostname":"vm","msg":"  ARB>USDC.e@PancakeV3/100 USDC.e>ARB@SushiV2 in=7.936 ARB gap=82.8bps profit=$0.004 net=$-0.004"}
{"level":30,"time":1790808309945,"pid":20658,"hostname":"vm","msg":"  ARB>USDC@PancakeV3/500 USDC>ARB@PancakeV3/100 in=10.61 ARB gap=43.4bps profit=$0.004 net=$-0.007"}
{"level":30,"time":1790808309945,"pid":20658,"hostname":"vm","msg":"  ARB>USDC@UniswapV3/500 USDC>ARB@PancakeV3/100 in=10.19 ARB gap=42.7bps profit=$0.004 net=$-0.007"}
{"level":30,"time":1790808309945,"pid":20658,"hostname":"vm","msg":"  ARB>USDC.e@UniswapV3/500 USDC.e>ARB@SushiV2 in=7.805 ARB gap=78.2bps profit=$0.003 net=$-0.005"}
{"level":30,"time":1790808309945,"pid":20658,"hostname":"vm","msg":"  ARB>USDC@UniswapV3/100 USDC>ARB@PancakeV3/100 in=5.398 ARB gap=32.5bps profit=$0.002 net=$-0.009"}
{"level":30,"time":1790808310589,"pid":20658,"hostname":"vm","block":510481310,"gross":250,"net":0,"sumNetUsd":0,"gasPriceGwei":0.020016,"txCostUsd":0.0135,"syncMs":143,"searchMs":190,"msg":"block scanned"}
{"level":30,"time":1790808310589,"pid":20658,"hostname":"vm","msg":"  ARB>USDC.e@PancakeV3/100 USDC.e>ARB@SushiV2 in=7.936 ARB gap=82.8bps profit=$0.004 net=$-0.004"}
{"level":30,"time":1790808310589,"pid":20658,"hostname":"vm","msg":"  ARB>USDC@PancakeV3/500 USDC>ARB@PancakeV3/100 in=10.61 ARB gap=43.4bps profit=$0.004 net=$-0.007"}
{"level":30,"time":1790808310589,"pid":20658,"hostname":"vm","msg":"  ARB>USDC@UniswapV3/500 USDC>ARB@PancakeV3/100 in=10.19 ARB gap=42.7bps profit=$0.004 net=$-0.007"}
{"level":30,"time":1790808310589,"pid":20658,"hostname":"vm","msg":"  ARB>USDC.e@UniswapV3/500 USDC.e>ARB@SushiV2 in=7.805 ARB gap=78.2bps profit=$0.003 net=$-0.005"}
{"level":30,"time":1790808310589,"pid":20658,"hostname":"vm","msg":"  ARB>USDC@UniswapV3/100 USDC>ARB@PancakeV3/100 in=5.398 ARB gap=32.5bps profit=$0.002 net=$-0.009"}
{"level":30,"time":1790808311277,"pid":20658,"hostname":"vm","block":510481312,"gross":255,"net":0,"sumNetUsd":0,"gasPriceGwei":0.020164,"txCostUsd":0.0136,"syncMs":176,"searchMs":200,"msg":"block scanned"}
{"level":30,"time":1790808311277,"pid":20658,"hostname":"vm","msg":"  ARB>USDC.e@PancakeV3/100 USDC.e>ARB@SushiV2 in=7.936 ARB gap=82.8bps profit=$0.004 net=$-0.005"}
{"level":30,"time":1790808311277,"pid":20658,"hostname":"vm","msg":"  ARB>USDC@PancakeV3/500 USDC>ARB@PancakeV3/100 in=10.61 ARB gap=43.4bps profit=$0.004 net=$-0.007"}
{"level":30,"time":1790808311277,"pid":20658,"hostname":"vm","msg":"  ARB>USDC@UniswapV3/500 USDC>ARB@PancakeV3/100 in=10.19 ARB gap=42.7bps profit=$0.004 net=$-0.007"}
{"level":30,"time":1790808311277,"pid":20658,"hostname":"vm","msg":"  ARB>USDC.e@UniswapV3/500 USDC.e>ARB@SushiV2 in=7.805 ARB gap=78.2bps profit=$0.003 net=$-0.005"}
{"level":30,"time":1790808311277,"pid":20658,"hostname":"vm","msg":"  ARB>USDC@UniswapV3/100 USDC>ARB@PancakeV3/100 in=5.398 ARB gap=32.5bps profit=$0.002 net=$-0.009"}
{"level":30,"time":1790808311798,"pid":20658,"hostname":"vm","block":510481314,"gross":255,"net":0,"sumNetUsd":0,"gasPriceGwei":0.02001,"txCostUsd":0.0135,"syncMs":130,"searchMs":183,"msg":"block scanned"}
{"level":30,"time":1790808311798,"pid":20658,"hostname":"vm","msg":"  ARB>USDC.e@PancakeV3/100 USDC.e>ARB@SushiV2 in=7.936 ARB gap=82.8bps profit=$0.004 net=$-0.004"}
{"level":30,"time":1790808311798,"pid":20658,"hostname":"vm","msg":"  ARB>USDC@PancakeV3/500 USDC>ARB@PancakeV3/100 in=10.61 ARB gap=43.4bps profit=$0.004 net=$-0.007"}
{"level":30,"time":1790808311798,"pid":20658,"hostname":"vm","msg":"  ARB>USDC@UniswapV3/500 USDC>ARB@PancakeV3/100 in=10.19 ARB gap=42.7bps profit=$0.004 net=$-0.007"}
{"level":30,"time":1790808311798,"pid":20658,"hostname":"vm","msg":"  ARB>USDC.e@UniswapV3/500 USDC.e>ARB@SushiV2 in=7.805 ARB gap=78.2bps profit=$0.003 net=$-0.005"}
{"level":30,"time":1790808311798,"pid":20658,"hostname":"vm","msg":"  ARB>USDC@UniswapV3/100 USDC>ARB@PancakeV3/100 in=5.398 ARB gap=32.5bps profit=$0.002 net=$-0.009"}
{"level":30,"time":1790808312460,"pid":20658,"hostname":"vm","block":510481317,"gross":255,"net":0,"sumNetUsd":0,"gasPriceGwei":0.020046,"txCostUsd":0.0135,"syncMs":150,"searchMs":209,"msg":"block scanned"}
{"level":30,"time":1790808312460,"pid":20658,"hostname":"vm","msg":"  ARB>USDC.e@PancakeV3/100 USDC.e>ARB@SushiV2 in=7.936 ARB gap=82.8bps profit=$0.004 net=$-0.004"}
{"level":30,"time":1790808312460,"pid":20658,"hostname":"vm","msg":"  ARB>USDC@PancakeV3/500 USDC>ARB@PancakeV3/100 in=10.61 ARB gap=43.4bps profit=$0.004 net=$-0.007"}
{"level":30,"time":1790808312460,"pid":20658,"hostname":"vm","msg":"  ARB>USDC@UniswapV3/500 USDC>ARB@PancakeV3/100 in=10.19 ARB gap=42.7bps profit=$0.004 net=$-0.007"}
{"level":30,"time":1790808312460,"pid":20658,"hostname":"vm","msg":"  ARB>USDC.e@UniswapV3/500 USDC.e>ARB@SushiV2 in=7.805 ARB gap=78.2bps profit=$0.003 net=$-0.005"}
{"level":30,"time":1790808312460,"pid":20658,"hostname":"vm","msg":"  ARB>USDC@UniswapV3/100 USDC>ARB@PancakeV3/100 in=5.398 ARB gap=32.5bps profit=$0.002 net=$-0.009"}
{"level":30,"time":1790808312991,"pid":20658,"hostname":"vm","block":510481319,"gross":255,"net":0,"sumNetUsd":0,"gasPriceGwei":0.020016,"txCostUsd":0.0135,"syncMs":130,"searchMs":194,"msg":"block scanned"}
{"level":30,"time":1790808312991,"pid":20658,"hostname":"vm","msg":"  ARB>USDC.e@PancakeV3/100 USDC.e>ARB@SushiV2 in=7.936 ARB gap=82.8bps profit=$0.004 net=$-0.004"}
{"level":30,"time":1790808312991,"pid":20658,"hostname":"vm","msg":"  ARB>USDC@PancakeV3/500 USDC>ARB@PancakeV3/100 in=10.61 ARB gap=43.4bps profit=$0.004 net=$-0.007"}
{"level":30,"time":1790808312991,"pid":20658,"hostname":"vm","msg":"  ARB>USDC@UniswapV3/500 USDC>ARB@PancakeV3/100 in=10.19 ARB gap=42.7bps profit=$0.004 net=$-0.007"}
{"level":30,"time":1790808312991,"pid":20658,"hostname":"vm","msg":"  ARB>USDC.e@UniswapV3/500 USDC.e>ARB@SushiV2 in=7.805 ARB gap=78.2bps profit=$0.003 net=$-0.005"}
{"level":30,"time":1790808312991,"pid":20658,"hostname":"vm","msg":"  ARB>USDC@UniswapV3/100 USDC>ARB@PancakeV3/100 in=5.398 ARB gap=32.5bps profit=$0.002 net=$-0.009"}
{"level":30,"time":1790808313606,"pid":20658,"hostname":"vm","block":510481321,"gross":255,"net":0,"sumNetUsd":0,"gasPriceGwei":0.02,"txCostUsd":0.0134,"syncMs":120,"searchMs":186,"msg":"block scanned"}
{"level":30,"time":1790808313606,"pid":20658,"hostname":"vm","msg":"  ARB>USDC.e@PancakeV3/100 USDC.e>ARB@SushiV2 in=7.936 ARB gap=82.8bps profit=$0.004 net=$-0.004"}
{"level":30,"time":1790808313606,"pid":20658,"hostname":"vm","msg":"  ARB>USDC@PancakeV3/500 USDC>ARB@PancakeV3/100 in=10.61 ARB gap=43.4bps profit=$0.004 net=$-0.007"}
{"level":30,"time":1790808313606,"pid":20658,"hostname":"vm","msg":"  ARB>USDC@UniswapV3/500 USDC>ARB@PancakeV3/100 in=10.19 ARB gap=42.7bps profit=$0.004 net=$-0.007"}
{"level":30,"time":1790808313606,"pid":20658,"hostname":"vm","msg":"  ARB>USDC.e@UniswapV3/500 USDC.e>ARB@SushiV2 in=7.805 ARB gap=78.2bps profit=$0.003 net=$-0.005"}
{"level":30,"time":1790808313606,"pid":20658,"hostname":"vm","msg":"  ARB>USDC@UniswapV3/100 USDC>ARB@PancakeV3/100 in=5.398 ARB gap=32.5bps profit=$0.002 net=$-0.009"}
{"level":30,"time":1790808314214,"pid":20658,"hostname":"vm","block":510481324,"gross":255,"net":0,"sumNetUsd":0,"gasPriceGwei":0.02001,"txCostUsd":0.0135,"syncMs":120,"searchMs":185,"msg":"block scanned"}
{"level":30,"time":1790808314214,"pid":20658,"hostname":"vm","msg":"  ARB>USDC.e@PancakeV3/100 USDC.e>ARB@SushiV2 in=7.936 ARB gap=82.8bps profit=$0.004 net=$-0.004"}
{"level":30,"time":1790808314214,"pid":20658,"hostname":"vm","msg":"  ARB>USDC@PancakeV3/500 USDC>ARB@PancakeV3/100 in=10.61 ARB gap=43.4bps profit=$0.004 net=$-0.007"}
{"level":30,"time":1790808314214,"pid":20658,"hostname":"vm","msg":"  ARB>USDC@UniswapV3/500 USDC>ARB@PancakeV3/100 in=10.19 ARB gap=42.7bps profit=$0.004 net=$-0.007"}
{"level":30,"time":1790808314214,"pid":20658,"hostname":"vm","msg":"  ARB>USDC.e@UniswapV3/500 USDC.e>ARB@SushiV2 in=7.805 ARB gap=78.2bps profit=$0.003 net=$-0.005"}
{"level":30,"time":1790808314214,"pid":20658,"hostname":"vm","msg":"  ARB>USDC@UniswapV3/100 USDC>ARB@PancakeV3/100 in=5.398 ARB gap=32.5bps profit=$0.002 net=$-0.009"}
{"level":30,"time":1790808314832,"pid":20658,"hostname":"vm","block":510481326,"gross":255,"net":0,"sumNetUsd":0,"gasPriceGwei":0.02,"txCostUsd":0.0134,"syncMs":126,"searchMs":187,"msg":"block scanned"}
{"level":30,"time":1790808314832,"pid":20658,"hostname":"vm","msg":"  ARB>USDC.e@PancakeV3/100 USDC.e>ARB@SushiV2 in=7.936 ARB gap=82.8bps profit=$0.004 net=$-0.004"}
{"level":30,"time":1790808314832,"pid":20658,"hostname":"vm","msg":"  ARB>USDC@PancakeV3/500 USDC>ARB@PancakeV3/100 in=10.61 ARB gap=43.4bps profit=$0.004 net=$-0.007"}
{"level":30,"time":1790808314832,"pid":20658,"hostname":"vm","msg":"  ARB>USDC@UniswapV3/500 USDC>ARB@PancakeV3/100 in=10.19 ARB gap=42.7bps profit=$0.004 net=$-0.007"}
{"level":30,"time":1790808314832,"pid":20658,"hostname":"vm","msg":"  ARB>USDC.e@UniswapV3/500 USDC.e>ARB@SushiV2 in=7.805 ARB gap=78.2bps profit=$0.003 net=$-0.005"}
{"level":30,"time":1790808314832,"pid":20658,"hostname":"vm","msg":"  ARB>USDC@UniswapV3/100 USDC>ARB@PancakeV3/100 in=5.398 ARB gap=32.5bps profit=$0.002 net=$-0.009"}
{"level":30,"time":1790808315479,"pid":20658,"hostname":"vm","block":510481327,"gross":255,"net":0,"sumNetUsd":0,"gasPriceGwei":0.020014,"txCostUsd":0.0135,"syncMs":151,"searchMs":184,"msg":"block scanned"}
{"level":30,"time":1790808315480,"pid":20658,"hostname":"vm","msg":"  ARB>USDC.e@PancakeV3/100 USDC.e>ARB@SushiV2 in=7.936 ARB gap=82.8bps profit=$0.004 net=$-0.004"}
{"level":30,"time":1790808315480,"pid":20658,"hostname":"vm","msg":"  ARB>USDC@PancakeV3/500 USDC>ARB@PancakeV3/100 in=10.61 ARB gap=43.4bps profit=$0.004 net=$-0.007"}
{"level":30,"time":1790808315480,"pid":20658,"hostname":"vm","msg":"  ARB>USDC@UniswapV3/500 USDC>ARB@PancakeV3/100 in=10.19 ARB gap=42.7bps profit=$0.004 net=$-0.007"}
{"level":30,"time":1790808315480,"pid":20658,"hostname":"vm","msg":"  ARB>USDC.e@UniswapV3/500 USDC.e>ARB@SushiV2 in=7.805 ARB gap=78.2bps profit=$0.003 net=$-0.005"}
{"level":30,"time":1790808315480,"pid":20658,"hostname":"vm","msg":"  ARB>USDC@UniswapV3/100 USDC>ARB@PancakeV3/100 in=5.398 ARB gap=32.5bps profit=$0.002 net=$-0.009"}
{"level":30,"time":1790808316142,"pid":20658,"hostname":"vm","block":510481329,"gross":255,"net":0,"sumNetUsd":0,"gasPriceGwei":0.02,"txCostUsd":0.0134,"syncMs":156,"searchMs":191,"msg":"block scanned"}
{"level":30,"time":1790808316142,"pid":20658,"hostname":"vm","msg":"  ARB>USDC.e@PancakeV3/100 USDC.e>ARB@SushiV2 in=7.936 ARB gap=82.8bps profit=$0.004 net=$-0.004"}
{"level":30,"time":1790808316142,"pid":20658,"hostname":"vm","msg":"  ARB>USDC@PancakeV3/500 USDC>ARB@PancakeV3/100 in=10.61 ARB gap=43.4bps profit=$0.004 net=$-0.007"}
{"level":30,"time":1790808316142,"pid":20658,"hostname":"vm","msg":"  ARB>USDC@UniswapV3/500 USDC>ARB@PancakeV3/100 in=10.19 ARB gap=42.7bps profit=$0.004 net=$-0.007"}
{"level":30,"time":1790808316142,"pid":20658,"hostname":"vm","msg":"  ARB>USDC.e@UniswapV3/500 USDC.e>ARB@SushiV2 in=7.805 ARB gap=78.2bps profit=$0.003 net=$-0.005"}
{"level":30,"time":1790808316142,"pid":20658,"hostname":"vm","msg":"  ARB>USDC@UniswapV3/100 USDC>ARB@PancakeV3/100 in=5.398 ARB gap=32.5bps profit=$0.002 net=$-0.009"}
{"level":30,"time":1790808316686,"pid":20658,"hostname":"vm","block":510481330,"gross":255,"net":0,"sumNetUsd":0,"gasPriceGwei":0.02,"txCostUsd":0.0134,"syncMs":150,"searchMs":185,"msg":"block scanned"}
{"level":30,"time":1790808316686,"pid":20658,"hostname":"vm","msg":"  ARB>USDC.e@PancakeV3/100 USDC.e>ARB@SushiV2 in=7.936 ARB gap=82.8bps profit=$0.004 net=$-0.004"}
{"level":30,"time":1790808316686,"pid":20658,"hostname":"vm","msg":"  ARB>USDC@PancakeV3/500 USDC>ARB@PancakeV3/100 in=10.61 ARB gap=43.4bps profit=$0.004 net=$-0.007"}
{"level":30,"time":1790808316686,"pid":20658,"hostname":"vm","msg":"  ARB>USDC@UniswapV3/500 USDC>ARB@PancakeV3/100 in=10.19 ARB gap=42.7bps profit=$0.004 net=$-0.007"}
{"level":30,"time":1790808316686,"pid":20658,"hostname":"vm","msg":"  ARB>USDC.e@UniswapV3/500 USDC.e>ARB@SushiV2 in=7.805 ARB gap=78.2bps profit=$0.003 net=$-0.005"}
{"level":30,"time":1790808316686,"pid":20658,"hostname":"vm","msg":"  ARB>USDC@UniswapV3/100 USDC>ARB@PancakeV3/100 in=5.398 ARB gap=32.5bps profit=$0.002 net=$-0.009"}
{"level":30,"time":1790808351907,"pid":20658,"hostname":"vm","block":510481333,"gross":255,"net":0,"sumNetUsd":0,"gasPriceGwei":0.02,"txCostUsd":0.0134,"syncMs":34740,"searchMs":182,"msg":"block scanned"}
{"level":30,"time":1790808351907,"pid":20658,"hostname":"vm","msg":"  ARB>USDC.e@PancakeV3/100 USDC.e>ARB@SushiV2 in=7.936 ARB gap=82.8bps profit=$0.004 net=$-0.004"}
{"level":30,"time":1790808351907,"pid":20658,"hostname":"vm","msg":"  ARB>USDC@PancakeV3/500 USDC>ARB@PancakeV3/100 in=10.61 ARB gap=43.4bps profit=$0.004 net=$-0.007"}
{"level":30,"time":1790808351907,"pid":20658,"hostname":"vm","msg":"  ARB>USDC@UniswapV3/500 USDC>ARB@PancakeV3/100 in=10.19 ARB gap=42.7bps profit=$0.004 net=$-0.007"}
{"level":30,"time":1790808351907,"pid":20658,"hostname":"vm","msg":"  ARB>USDC.e@UniswapV3/500 USDC.e>ARB@SushiV2 in=7.805 ARB gap=78.2bps profit=$0.003 net=$-0.005"}
{"level":30,"time":1790808351907,"pid":20658,"hostname":"vm","msg":"  ARB>USDC@UniswapV3/100 USDC>ARB@PancakeV3/100 in=5.398 ARB gap=32.5bps profit=$0.002 net=$-0.009"}
{"level":30,"time":1790808352336,"pid":20658,"hostname":"vm","block":510481452,"gross":244,"net":0,"sumNetUsd":0,"gasPriceGwei":0.020036,"txCostUsd":0.0135,"syncMs":138,"searchMs":184,"msg":"block scanned"}
{"level":30,"time":1790808352336,"pid":20658,"hostname":"vm","msg":"  ARB>USDC@UniswapV3/500 USDC>ARB@PancakeV3/100 in=12.73 ARB gap=52bps profit=$0.006 net=$-0.005"}
{"level":30,"time":1790808352336,"pid":20658,"hostname":"vm","msg":"  ARB>USDC@PancakeV3/500 USDC>ARB@PancakeV3/100 in=11.59 ARB gap=46.9bps profit=$0.005 net=$-0.006"}
{"level":30,"time":1790808352336,"pid":20658,"hostname":"vm","msg":"  ARB>USDC.e@UniswapV3/500 USDC.e>ARB@SushiV2 in=8.758 ARB gap=83.5bps profit=$0.004 net=$-0.004"}
{"level":30,"time":1790808352336,"pid":20658,"hostname":"vm","msg":"  ARB>USDC.e@PancakeV3/100 USDC.e>ARB@SushiV2 in=7.936 ARB gap=82.8bps profit=$0.004 net=$-0.004"}
{"level":30,"time":1790808352336,"pid":20658,"hostname":"vm","msg":"  ARB>WETH@UniswapV3/500 WETH>ARB@SushiV3/500 in=8.822 ARB gap=34bps profit=$0.002 net=$-0.009"}
{"level":30,"time":1790808352955,"pid":20658,"hostname":"vm","block":510481455,"gross":244,"net":0,"sumNetUsd":0,"gasPriceGwei":0.020086,"txCostUsd":0.0135,"syncMs":135,"searchMs":178,"msg":"block scanned"}
{"level":30,"time":1790808352955,"pid":20658,"hostname":"vm","msg":"  ARB>USDC@UniswapV3/500 USDC>ARB@PancakeV3/100 in=12.73 ARB gap=52bps profit=$0.006 net=$-0.005"}
{"level":30,"time":1790808352955,"pid":20658,"hostname":"vm","msg":"  ARB>USDC@PancakeV3/500 USDC>ARB@PancakeV3/100 in=11.59 ARB gap=46.9bps profit=$0.005 net=$-0.006"}
{"level":30,"time":1790808352955,"pid":20658,"hostname":"vm","msg":"  ARB>USDC.e@UniswapV3/500 USDC.e>ARB@SushiV2 in=8.758 ARB gap=83.5bps profit=$0.004 net=$-0.004"}
{"level":30,"time":1790808352955,"pid":20658,"hostname":"vm","msg":"  ARB>USDC.e@PancakeV3/100 USDC.e>ARB@SushiV2 in=7.936 ARB gap=82.8bps profit=$0.004 net=$-0.004"}
{"level":30,"time":1790808352955,"pid":20658,"hostname":"vm","msg":"  ARB>WETH@UniswapV3/500 WETH>ARB@SushiV3/500 in=8.822 ARB gap=34bps profit=$0.002 net=$-0.009"}
{"level":30,"time":1790808353612,"pid":20658,"hostname":"vm","block":510481457,"gross":243,"net":0,"sumNetUsd":0,"gasPriceGwei":0.020126,"txCostUsd":0.0135,"syncMs":178,"searchMs":173,"msg":"block scanned"}
{"level":30,"time":1790808353612,"pid":20658,"hostname":"vm","msg":"  ARB>USDC@UniswapV3/500 USDC>ARB@PancakeV3/100 in=12.73 ARB gap=52bps profit=$0.006 net=$-0.005"}
{"level":30,"time":1790808353612,"pid":20658,"hostname":"vm","msg":"  ARB>USDC@PancakeV3/500 USDC>ARB@PancakeV3/100 in=11.59 ARB gap=46.9bps profit=$0.005 net=$-0.006"}
{"level":30,"time":1790808353612,"pid":20658,"hostname":"vm","msg":"  ARB>USDC.e@UniswapV3/500 USDC.e>ARB@SushiV2 in=8.758 ARB gap=83.5bps profit=$0.004 net=$-0.004"}
{"level":30,"time":1790808353612,"pid":20658,"hostname":"vm","msg":"  ARB>USDC.e@PancakeV3/100 USDC.e>ARB@SushiV2 in=7.936 ARB gap=82.8bps profit=$0.004 net=$-0.004"}
{"level":30,"time":1790808353612,"pid":20658,"hostname":"vm","msg":"  ARB>WETH@UniswapV3/500 WETH>ARB@SushiV3/500 in=8.822 ARB gap=34bps profit=$0.002 net=$-0.009"}
{"level":30,"time":1790808354120,"pid":20658,"hostname":"vm","block":510481458,"gross":243,"net":0,"sumNetUsd":0,"gasPriceGwei":0.020002,"txCostUsd":0.0134,"syncMs":134,"searchMs":172,"msg":"block scanned"}
{"level":30,"time":1790808354120,"pid":20658,"hostname":"vm","msg":"  ARB>USDC@UniswapV3/500 USDC>ARB@PancakeV3/100 in=12.73 ARB gap=52bps profit=$0.006 net=$-0.005"}
{"level":30,"time":1790808354120,"pid":20658,"hostname":"vm","msg":"  ARB>USDC@PancakeV3/500 USDC>ARB@PancakeV3/100 in=11.59 ARB gap=46.9bps profit=$0.005 net=$-0.006"}
{"level":30,"time":1790808354120,"pid":20658,"hostname":"vm","msg":"  ARB>USDC.e@UniswapV3/500 USDC.e>ARB@SushiV2 in=8.758 ARB gap=83.5bps profit=$0.004 net=$-0.004"}
{"level":30,"time":1790808354120,"pid":20658,"hostname":"vm","msg":"  ARB>USDC.e@PancakeV3/100 USDC.e>ARB@SushiV2 in=7.936 ARB gap=82.8bps profit=$0.004 net=$-0.004"}
{"level":30,"time":1790808354120,"pid":20658,"hostname":"vm","msg":"  ARB>WETH@UniswapV3/500 WETH>ARB@SushiV3/500 in=8.822 ARB gap=34bps profit=$0.002 net=$-0.009"}
{"level":30,"time":1790808354757,"pid":20658,"hostname":"vm","block":510481461,"gross":243,"net":0,"sumNetUsd":0,"gasPriceGwei":0.02,"txCostUsd":0.0134,"syncMs":152,"searchMs":172,"msg":"block scanned"}
{"level":30,"time":1790808354757,"pid":20658,"hostname":"vm","msg":"  ARB>USDC@UniswapV3/500 USDC>ARB@PancakeV3/100 in=12.73 ARB gap=52bps profit=$0.006 net=$-0.005"}
{"level":30,"time":1790808354757,"pid":20658,"hostname":"vm","msg":"  ARB>USDC@PancakeV3/500 USDC>ARB@PancakeV3/100 in=11.59 ARB gap=46.9bps profit=$0.005 net=$-0.006"}
{"level":30,"time":1790808354757,"pid":20658,"hostname":"vm","msg":"  ARB>USDC.e@UniswapV3/500 USDC.e>ARB@SushiV2 in=8.758 ARB gap=83.5bps profit=$0.004 net=$-0.004"}
{"level":30,"time":1790808354757,"pid":20658,"hostname":"vm","msg":"  ARB>USDC.e@PancakeV3/100 USDC.e>ARB@SushiV2 in=7.936 ARB gap=82.8bps profit=$0.004 net=$-0.004"}
{"level":30,"time":1790808354757,"pid":20658,"hostname":"vm","msg":"  ARB>WETH@UniswapV3/500 WETH>ARB@SushiV3/500 in=8.822 ARB gap=34bps profit=$0.002 net=$-0.009"}
{"level":30,"time":1790808355387,"pid":20658,"hostname":"vm","block":510481462,"gross":243,"net":0,"sumNetUsd":0,"gasPriceGwei":0.020108,"txCostUsd":0.0135,"syncMs":144,"searchMs":178,"msg":"block scanned"}
{"level":30,"time":1790808355387,"pid":20658,"hostname":"vm","msg":"  ARB>USDC@UniswapV3/500 USDC>ARB@PancakeV3/100 in=12.73 ARB gap=52bps profit=$0.006 net=$-0.005"}
{"level":30,"time":1790808355387,"pid":20658,"hostname":"vm","msg":"  ARB>USDC@PancakeV3/500 USDC>ARB@PancakeV3/100 in=11.59 ARB gap=46.9bps profit=$0.005 net=$-0.006"}
{"level":30,"time":1790808355387,"pid":20658,"hostname":"vm","msg":"  ARB>USDC.e@UniswapV3/500 USDC.e>ARB@SushiV2 in=8.758 ARB gap=83.5bps profit=$0.004 net=$-0.004"}
{"level":30,"time":1790808355387,"pid":20658,"hostname":"vm","msg":"  ARB>USDC.e@PancakeV3/100 USDC.e>ARB@SushiV2 in=7.936 ARB gap=82.8bps profit=$0.004 net=$-0.004"}
{"level":30,"time":1790808355387,"pid":20658,"hostname":"vm","msg":"  ARB>WETH@UniswapV3/500 WETH>ARB@SushiV3/500 in=8.822 ARB gap=34bps profit=$0.002 net=$-0.009"}
{"level":30,"time":1790808356005,"pid":20658,"hostname":"vm","block":510481465,"gross":243,"net":0,"sumNetUsd":0,"gasPriceGwei":0.02001,"txCostUsd":0.0135,"syncMs":141,"searchMs":172,"msg":"block scanned"}
{"level":30,"time":1790808356005,"pid":20658,"hostname":"vm","msg":"  ARB>USDC@UniswapV3/500 USDC>ARB@PancakeV3/100 in=12.73 ARB gap=52bps profit=$0.006 net=$-0.005"}
{"level":30,"time":1790808356005,"pid":20658,"hostname":"vm","msg":"  ARB>USDC@PancakeV3/500 USDC>ARB@PancakeV3/100 in=11.59 ARB gap=46.9bps profit=$0.005 net=$-0.006"}
{"level":30,"time":1790808356005,"pid":20658,"hostname":"vm","msg":"  ARB>USDC.e@UniswapV3/500 USDC.e>ARB@SushiV2 in=8.758 ARB gap=83.5bps profit=$0.004 net=$-0.004"}
{"level":30,"time":1790808356005,"pid":20658,"hostname":"vm","msg":"  ARB>USDC.e@PancakeV3/100 USDC.e>ARB@SushiV2 in=7.936 ARB gap=82.8bps profit=$0.004 net=$-0.004"}
{"level":30,"time":1790808356005,"pid":20658,"hostname":"vm","msg":"  ARB>WETH@UniswapV3/500 WETH>ARB@SushiV3/500 in=8.822 ARB gap=34bps profit=$0.002 net=$-0.009"}
{"level":30,"time":1790808356641,"pid":20658,"hostname":"vm","block":510481467,"gross":243,"net":0,"sumNetUsd":0,"gasPriceGwei":0.02,"txCostUsd":0.0134,"syncMs":153,"searchMs":177,"msg":"block scanned"}
{"level":30,"time":1790808356641,"pid":20658,"hostname":"vm","msg":"  ARB>USDC@UniswapV3/500 USDC>ARB@PancakeV3/100 in=12.73 ARB gap=52bps profit=$0.006 net=$-0.005"}
{"level":30,"time":1790808356641,"pid":20658,"hostname":"vm","msg":"  ARB>USDC@PancakeV3/500 USDC>ARB@PancakeV3/100 in=11.59 ARB gap=46.9bps profit=$0.005 net=$-0.006"}
{"level":30,"time":1790808356641,"pid":20658,"hostname":"vm","msg":"  ARB>USDC.e@UniswapV3/500 USDC.e>ARB@SushiV2 in=8.758 ARB gap=83.5bps profit=$0.004 net=$-0.004"}
{"level":30,"time":1790808356641,"pid":20658,"hostname":"vm","msg":"  ARB>USDC.e@PancakeV3/100 USDC.e>ARB@SushiV2 in=7.936 ARB gap=82.8bps profit=$0.004 net=$-0.004"}
{"level":30,"time":1790808356641,"pid":20658,"hostname":"vm","msg":"  ARB>WETH@UniswapV3/500 WETH>ARB@SushiV3/500 in=8.822 ARB gap=34bps profit=$0.002 net=$-0.009"}
{"level":30,"time":1790808357263,"pid":20658,"hostname":"vm","block":510481469,"gross":243,"net":0,"sumNetUsd":0,"gasPriceGwei":0.02008,"txCostUsd":0.0135,"syncMs":145,"searchMs":175,"msg":"block scanned"}
{"level":30,"time":1790808357264,"pid":20658,"hostname":"vm","msg":"  ARB>USDC@UniswapV3/500 USDC>ARB@PancakeV3/100 in=12.73 ARB gap=52bps profit=$0.006 net=$-0.005"}
{"level":30,"time":1790808357264,"pid":20658,"hostname":"vm","msg":"  ARB>USDC@PancakeV3/500 USDC>ARB@PancakeV3/100 in=11.59 ARB gap=46.9bps profit=$0.005 net=$-0.006"}
{"level":30,"time":1790808357264,"pid":20658,"hostname":"vm","msg":"  ARB>USDC.e@UniswapV3/500 USDC.e>ARB@SushiV2 in=8.758 ARB gap=83.5bps profit=$0.004 net=$-0.004"}
{"level":30,"time":1790808357264,"pid":20658,"hostname":"vm","msg":"  ARB>USDC.e@PancakeV3/100 USDC.e>ARB@SushiV2 in=7.936 ARB gap=82.8bps profit=$0.004 net=$-0.004"}
{"level":30,"time":1790808357264,"pid":20658,"hostname":"vm","msg":"  ARB>WETH@UniswapV3/500 WETH>ARB@SushiV3/500 in=8.822 ARB gap=34bps profit=$0.002 net=$-0.009"}
{"level":30,"time":1790808357893,"pid":20658,"hostname":"vm","block":510481471,"gross":243,"net":0,"sumNetUsd":0,"gasPriceGwei":0.02,"txCostUsd":0.0134,"syncMs":138,"searchMs":176,"msg":"block scanned"}
{"level":30,"time":1790808357894,"pid":20658,"hostname":"vm","msg":"  ARB>USDC@UniswapV3/500 USDC>ARB@PancakeV3/100 in=12.73 ARB gap=52bps profit=$0.006 net=$-0.005"}
{"level":30,"time":1790808357894,"pid":20658,"hostname":"vm","msg":"  ARB>USDC@PancakeV3/500 USDC>ARB@PancakeV3/100 in=11.59 ARB gap=46.9bps profit=$0.005 net=$-0.006"}
{"level":30,"time":1790808357894,"pid":20658,"hostname":"vm","msg":"  ARB>USDC.e@UniswapV3/500 USDC.e>ARB@SushiV2 in=8.758 ARB gap=83.5bps profit=$0.004 net=$-0.004"}
{"level":30,"time":1790808357894,"pid":20658,"hostname":"vm","msg":"  ARB>USDC.e@PancakeV3/100 USDC.e>ARB@SushiV2 in=7.936 ARB gap=82.8bps profit=$0.004 net=$-0.004"}
{"level":30,"time":1790808357894,"pid":20658,"hostname":"vm","msg":"  ARB>WETH@UniswapV3/500 WETH>ARB@SushiV3/500 in=8.822 ARB gap=34bps profit=$0.002 net=$-0.009"}
{"level":30,"time":1790808358518,"pid":20658,"hostname":"vm","block":510481473,"gross":243,"net":0,"sumNetUsd":0,"gasPriceGwei":0.020044,"txCostUsd":0.0135,"syncMs":130,"searchMs":173,"msg":"block scanned"}
{"level":30,"time":1790808358518,"pid":20658,"hostname":"vm","msg":"  ARB>USDC@UniswapV3/500 USDC>ARB@PancakeV3/100 in=12.73 ARB gap=52bps profit=$0.006 net=$-0.005"}
{"level":30,"time":1790808358518,"pid":20658,"hostname":"vm","msg":"  ARB>USDC@PancakeV3/500 USDC>ARB@PancakeV3/100 in=11.59 ARB gap=46.9bps profit=$0.005 net=$-0.006"}
{"level":30,"time":1790808358518,"pid":20658,"hostname":"vm","msg":"  ARB>USDC.e@UniswapV3/500 USDC.e>ARB@SushiV2 in=8.758 ARB gap=83.5bps profit=$0.004 net=$-0.004"}
{"level":30,"time":1790808358518,"pid":20658,"hostname":"vm","msg":"  ARB>USDC.e@PancakeV3/100 USDC.e>ARB@SushiV2 in=7.936 ARB gap=82.8bps profit=$0.004 net=$-0.004"}
{"level":30,"time":1790808358518,"pid":20658,"hostname":"vm","msg":"  ARB>WETH@UniswapV3/500 WETH>ARB@SushiV3/500 in=8.822 ARB gap=34bps profit=$0.002 net=$-0.009"}
{"level":30,"time":1790808359130,"pid":20658,"hostname":"vm","block":510481475,"gross":243,"net":0,"sumNetUsd":0,"gasPriceGwei":0.02,"txCostUsd":0.0134,"syncMs":129,"searchMs":183,"msg":"block scanned"}
{"level":30,"time":1790808359130,"pid":20658,"hostname":"vm","msg":"  ARB>USDC@UniswapV3/500 USDC>ARB@PancakeV3/100 in=12.73 ARB gap=52bps profit=$0.006 net=$-0.005"}
{"level":30,"time":1790808359130,"pid":20658,"hostname":"vm","msg":"  ARB>USDC@PancakeV3/500 USDC>ARB@PancakeV3/100 in=11.59 ARB gap=46.9bps profit=$0.005 net=$-0.006"}
{"level":30,"time":1790808359130,"pid":20658,"hostname":"vm","msg":"  ARB>USDC.e@UniswapV3/500 USDC.e>ARB@SushiV2 in=8.758 ARB gap=83.5bps profit=$0.004 net=$-0.004"}
{"level":30,"time":1790808359130,"pid":20658,"hostname":"vm","msg":"  ARB>USDC.e@PancakeV3/100 USDC.e>ARB@SushiV2 in=7.936 ARB gap=82.8bps profit=$0.004 net=$-0.004"}
{"level":30,"time":1790808359130,"pid":20658,"hostname":"vm","msg":"  ARB>WETH@UniswapV3/500 WETH>ARB@SushiV3/500 in=8.822 ARB gap=34bps profit=$0.002 net=$-0.009"}
{"level":30,"time":1790808359750,"pid":20658,"hostname":"vm","block":510481477,"gross":239,"net":0,"sumNetUsd":0,"gasPriceGwei":0.02,"txCostUsd":0.0134,"syncMs":143,"searchMs":175,"msg":"block scanned"}
{"level":30,"time":1790808359750,"pid":20658,"hostname":"vm","msg":"  ARB>USDC@UniswapV3/500 USDC>ARB@PancakeV3/100 in=12.73 ARB gap=52bps profit=$0.006 net=$-0.005"}
{"level":30,"time":1790808359750,"pid":20658,"hostname":"vm","msg":"  ARB>USDC@PancakeV3/500 USDC>ARB@PancakeV3/100 in=11.59 ARB gap=46.9bps profit=$0.005 net=$-0.006"}
{"level":30,"time":1790808359750,"pid":20658,"hostname":"vm","msg":"  ARB>USDC.e@UniswapV3/500 USDC.e>ARB@SushiV2 in=8.758 ARB gap=83.5bps profit=$0.004 net=$-0.004"}
{"level":30,"time":1790808359750,"pid":20658,"hostname":"vm","msg":"  ARB>USDC.e@PancakeV3/100 USDC.e>ARB@SushiV2 in=7.936 ARB gap=82.8bps profit=$0.004 net=$-0.004"}
{"level":30,"time":1790808359750,"pid":20658,"hostname":"vm","msg":"  ARB>WETH@UniswapV3/500 WETH>ARB@SushiV3/500 in=8.822 ARB gap=34bps profit=$0.002 net=$-0.009"}
{"level":30,"time":1790808360364,"pid":20658,"hostname":"vm","block":510481479,"gross":239,"net":0,"sumNetUsd":0,"gasPriceGwei":0.020082,"txCostUsd":0.0135,"syncMs":140,"searchMs":168,"msg":"block scanned"}
{"level":30,"time":1790808360364,"pid":20658,"hostname":"vm","msg":"  ARB>USDC@UniswapV3/500 USDC>ARB@PancakeV3/100 in=12.73 ARB gap=52bps profit=$0.006 net=$-0.005"}
{"level":30,"time":1790808360364,"pid":20658,"hostname":"vm","msg":"  ARB>USDC@PancakeV3/500 USDC>ARB@PancakeV3/100 in=11.59 ARB gap=46.9bps profit=$0.005 net=$-0.006"}
{"level":30,"time":1790808360364,"pid":20658,"hostname":"vm","msg":"  ARB>USDC.e@UniswapV3/500 USDC.e>ARB@SushiV2 in=8.758 ARB gap=83.5bps profit=$0.004 net=$-0.004"}
{"level":30,"time":1790808360364,"pid":20658,"hostname":"vm","msg":"  ARB>USDC.e@PancakeV3/100 USDC.e>ARB@SushiV2 in=7.936 ARB gap=82.8bps profit=$0.004 net=$-0.004"}
{"level":30,"time":1790808360364,"pid":20658,"hostname":"vm","msg":"  ARB>WETH@UniswapV3/500 WETH>ARB@SushiV3/500 in=8.822 ARB gap=34bps profit=$0.002 net=$-0.009"}

[exit-flush] SIGTERM received at 2026-09-30T22:46:09.895Z; flushing for 5 s then exiting 143
exit=143 capped=1
