# 2026-09-30T22:14:28Z attempt 1 cmd: LOG_JSON=1 BASE_RPC_URL=https://base.meowrpc.com node --import tsx --import /home/user/dapparb/research-material/07-other-chains-engine/collect/exit-flush.mjs src/research/scan.ts --chain base --universe config --blocks 901 --out /home/user/dapparb/research-material/07-other-chains-engine/collect/work/scan-base-config.jsonl  (time cap 31 min after first scanned block)
{"level":30,"time":1790806470050,"pid":20666,"hostname":"vm","chain":"base","tokens":19,"dexes":11,"msg":"discovering pools"}
{"level":30,"time":1790806479047,"pid":20666,"hostname":"vm","candidates":6156,"found":847,"msg":"pool discovery complete"}
{"level":40,"time":1790806549152,"pid":20666,"hostname":"vm","status":429,"url":"https://api.geckoterminal.com/api/v2/networks/base/dexes/sushiswap-v2-base/pools?page=1&sort=h24_volume_usd_desc","msg":"geckoterminal request failed"}
{"level":30,"time":1790806568931,"pid":20666,"hostname":"vm","requests":14,"pools":222,"msg":"geckoterminal pools fetched"}
{"level":30,"time":1790806568932,"pid":20666,"hostname":"vm","listed":222,"v4":20,"dexes":["uniswap-v4-base"],"msg":"uniswap v4 candidates"}
{"level":30,"time":1790806569331,"pid":20666,"hostname":"vm","listed":20,"kept":4,"keyFailed":0,"unknownKey":0,"hooked":2,"outOfUniverse":14,"msg":"uniswap v4 pools discovered"}
{"level":30,"time":1790806637883,"pid":20666,"hostname":"vm","live":255,"byDex":{"UniswapV3":80,"AerodromeCL":38,"AerodromeCL3":16,"AerodromeCL2":9,"PancakeV3":42,"SushiV3":13,"Aerodrome":37,"UniswapV2":7,"SushiV2":3,"BaseSwap":6,"UniswapV4":4},"msg":"live pools"}
{"level":30,"time":1790806697563,"pid":20666,"hostname":"vm","block":52008645,"gross":244,"net":0,"sumNetUsd":0,"gasPriceGwei":0.006,"txCostUsd":0.004,"syncMs":57846,"searchMs":316,"msg":"block scanned"}
{"level":30,"time":1790806697563,"pid":20666,"hostname":"vm","msg":"  TOSHI>WETH@SushiV2 WETH>TOSHI@AerodromeCL/200 in=664.3 TOSHI gap=57.3bps profit=$0.000 net=$-0.003"}
{"level":30,"time":1790806697563,"pid":20666,"hostname":"vm","msg":"  AERO>WETH@PancakeV3/500 WETH>AERO@UniswapV2 in=1.073 AERO gap=58.3bps profit=$0.001 net=$-0.002"}
{"level":30,"time":1790806697563,"pid":20666,"hostname":"vm","msg":"  AERO>cbBTC@AerodromeCL/200 cbBTC>AERO@Aerodrome in=0.2596 AERO gap=43.9bps profit=$0.001 net=$-0.002"}
{"level":30,"time":1790806697563,"pid":20666,"hostname":"vm","msg":"  AERO>WETH@PancakeV3/500 WETH>AERO@PancakeV3/100 in=1.330 AERO gap=15.9bps profit=$0.001 net=$-0.003"}
{"level":30,"time":1790806697563,"pid":20666,"hostname":"vm","msg":"  AERO>WETH@AerodromeCL3/50 WETH>AERO@UniswapV2 in=0.6262 AERO gap=49.2bps profit=$0.000 net=$-0.002"}
{"level":30,"time":1790806702725,"pid":20666,"hostname":"vm","block":52008675,"gross":217,"net":0,"sumNetUsd":0,"gasPriceGwei":0.006,"txCostUsd":0.004,"syncMs":1926,"searchMs":189,"msg":"block scanned"}
{"level":30,"time":1790806702725,"pid":20666,"hostname":"vm","msg":"  TOSHI>WETH@SushiV2 WETH>TOSHI@AerodromeCL/200 in=611.8 TOSHI gap=57.1bps profit=$0.000 net=$-0.003"}
{"level":30,"time":1790806702725,"pid":20666,"hostname":"vm","msg":"  VIRTUAL>WETH@AerodromeCL/100 WETH>VIRTUAL@PancakeV3/500 in=6.970 VIRTUAL gap=12.7bps profit=$0.002 net=$-0.001"}
{"level":30,"time":1790806702726,"pid":20666,"hostname":"vm","msg":"  VIRTUAL>USDC@PancakeV3/500 USDC>VIRTUAL@UniswapV3/500 in=1.220 VIRTUAL gap=30.7bps profit=$0.001 net=$-0.002"}
{"level":30,"time":1790806702726,"pid":20666,"hostname":"vm","msg":"  AERO>WETH@PancakeV3/500 WETH>AERO@UniswapV2 in=1.069 AERO gap=58.2bps profit=$0.001 net=$-0.002"}
{"level":30,"time":1790806702726,"pid":20666,"hostname":"vm","msg":"  VIRTUAL>WETH@AerodromeCL/100 WETH>VIRTUAL@PancakeV3/100 in=2.277 VIRTUAL gap=8.1bps profit=$0.001 net=$-0.003"}
{"level":30,"time":1790806706731,"pid":20666,"hostname":"vm","block":52008678,"gross":217,"net":0,"sumNetUsd":0,"gasPriceGwei":0.006,"txCostUsd":0.004,"syncMs":1573,"searchMs":221,"msg":"block scanned"}
{"level":30,"time":1790806706733,"pid":20666,"hostname":"vm","msg":"  TOSHI>WETH@SushiV2 WETH>TOSHI@AerodromeCL/200 in=611.8 TOSHI gap=57.1bps profit=$0.000 net=$-0.003"}
{"level":30,"time":1790806706733,"pid":20666,"hostname":"vm","msg":"  VIRTUAL>WETH@AerodromeCL/100 WETH>VIRTUAL@PancakeV3/500 in=6.808 VIRTUAL gap=12.5bps profit=$0.002 net=$-0.002"}
{"level":30,"time":1790806706733,"pid":20666,"hostname":"vm","msg":"  VIRTUAL>USDC@PancakeV3/500 USDC>VIRTUAL@UniswapV3/500 in=1.260 VIRTUAL gap=31.4bps profit=$0.001 net=$-0.002"}
{"level":30,"time":1790806706733,"pid":20666,"hostname":"vm","msg":"  AERO>WETH@PancakeV3/500 WETH>AERO@UniswapV2 in=1.069 AERO gap=58.2bps profit=$0.001 net=$-0.002"}
{"level":30,"time":1790806706733,"pid":20666,"hostname":"vm","msg":"  VIRTUAL>WETH@AerodromeCL/100 WETH>VIRTUAL@PancakeV3/100 in=2.219 VIRTUAL gap=7.9bps profit=$0.001 net=$-0.003"}
{"level":30,"time":1790806710631,"pid":20666,"hostname":"vm","block":52008680,"gross":217,"net":0,"sumNetUsd":0,"gasPriceGwei":0.006,"txCostUsd":0.004,"syncMs":1595,"searchMs":196,"msg":"block scanned"}
{"level":30,"time":1790806710631,"pid":20666,"hostname":"vm","msg":"  TOSHI>WETH@SushiV2 WETH>TOSHI@AerodromeCL/200 in=611.8 TOSHI gap=57.1bps profit=$0.000 net=$-0.003"}
{"level":30,"time":1790806710631,"pid":20666,"hostname":"vm","msg":"  VIRTUAL>USDC@PancakeV3/500 USDC>VIRTUAL@UniswapV3/500 in=1.345 VIRTUAL gap=32.4bps profit=$0.001 net=$-0.002"}
{"level":30,"time":1790806710631,"pid":20666,"hostname":"vm","msg":"  AERO>WETH@PancakeV3/500 WETH>AERO@UniswapV2 in=1.068 AERO gap=58.2bps profit=$0.001 net=$-0.002"}
{"level":30,"time":1790806710631,"pid":20666,"hostname":"vm","msg":"  VIRTUAL>WETH@AerodromeCL/100 WETH>VIRTUAL@PancakeV3/100 in=2.628 VIRTUAL gap=9bps profit=$0.001 net=$-0.003"}
{"level":30,"time":1790806710631,"pid":20666,"hostname":"vm","msg":"  AERO>WETH@PancakeV3/500 WETH>AERO@PancakeV3/100 in=1.316 AERO gap=15.8bps profit=$0.001 net=$-0.003"}
{"level":30,"time":1790806715695,"pid":20666,"hostname":"vm","block":52008682,"gross":222,"net":0,"sumNetUsd":0,"gasPriceGwei":0.006,"txCostUsd":0.004,"syncMs":2020,"searchMs":186,"msg":"block scanned"}
{"level":30,"time":1790806715695,"pid":20666,"hostname":"vm","msg":"  TOSHI>WETH@SushiV2 WETH>TOSHI@AerodromeCL/200 in=611.8 TOSHI gap=57.1bps profit=$0.000 net=$-0.003"}
{"level":30,"time":1790806715695,"pid":20666,"hostname":"vm","msg":"  VIRTUAL>USDC@PancakeV3/500 USDC>VIRTUAL@UniswapV3/500 in=1.345 VIRTUAL gap=32.4bps profit=$0.001 net=$-0.002"}
{"level":30,"time":1790806715695,"pid":20666,"hostname":"vm","msg":"  AERO>WETH@PancakeV3/500 WETH>AERO@UniswapV2 in=1.068 AERO gap=58.2bps profit=$0.001 net=$-0.002"}
{"level":30,"time":1790806715695,"pid":20666,"hostname":"vm","msg":"  VIRTUAL>WETH@AerodromeCL/100 WETH>VIRTUAL@PancakeV3/100 in=2.628 VIRTUAL gap=9bps profit=$0.001 net=$-0.003"}
{"level":30,"time":1790806715695,"pid":20666,"hostname":"vm","msg":"  AERO>WETH@PancakeV3/500 WETH>AERO@PancakeV3/100 in=1.316 AERO gap=15.8bps profit=$0.001 net=$-0.003"}
{"level":30,"time":1790806719705,"pid":20666,"hostname":"vm","block":52008684,"gross":218,"net":0,"sumNetUsd":0,"gasPriceGwei":0.006,"txCostUsd":0.004,"syncMs":1508,"searchMs":212,"msg":"block scanned"}
{"level":30,"time":1790806719705,"pid":20666,"hostname":"vm","msg":"  TOSHI>WETH@SushiV2 WETH>TOSHI@AerodromeCL/200 in=611.8 TOSHI gap=57.1bps profit=$0.000 net=$-0.003"}
{"level":30,"time":1790806719705,"pid":20666,"hostname":"vm","msg":"  VIRTUAL>USDC@PancakeV3/500 USDC>VIRTUAL@UniswapV3/500 in=1.600 VIRTUAL gap=37.2bps profit=$0.002 net=$-0.002"}
{"level":30,"time":1790806719705,"pid":20666,"hostname":"vm","msg":"  AERO>WETH@PancakeV3/500 WETH>AERO@UniswapV2 in=1.068 AERO gap=58.2bps profit=$0.001 net=$-0.002"}
{"level":30,"time":1790806719705,"pid":20666,"hostname":"vm","msg":"  AERO>WETH@PancakeV3/500 WETH>AERO@PancakeV3/100 in=1.316 AERO gap=15.8bps profit=$0.001 net=$-0.003"}
{"level":30,"time":1790806719705,"pid":20666,"hostname":"vm","msg":"  AERO>WETH@AerodromeCL3/50 WETH>AERO@UniswapV2 in=0.6262 AERO gap=49.2bps profit=$0.000 net=$-0.002"}
{"level":30,"time":1790806723680,"pid":20666,"hostname":"vm","block":52008686,"gross":195,"net":35,"sumNetUsd":0.412,"gasPriceGwei":0.006,"txCostUsd":0.004,"syncMs":1766,"searchMs":208,"msg":"block scanned"}
{"level":30,"time":1790806723680,"pid":20666,"hostname":"vm","msg":"  DEGEN>WETH@PancakeV3/500 WETH>DEGEN@AerodromeCL/200 in=356.1 DEGEN gap=35.2bps profit=$0.000 net=$-0.003"}
{"level":30,"time":1790806723680,"pid":20666,"hostname":"vm","msg":"  VIRTUAL>USDC@PancakeV3/500 USDC>VIRTUAL@UniswapV3/500 in=1.600 VIRTUAL gap=37.2bps profit=$0.002 net=$-0.002"}
{"level":30,"time":1790806723680,"pid":20666,"hostname":"vm","msg":"  AERO>WETH@PancakeV3/500 WETH>AERO@UniswapV2 in=1.379 AERO gap=64.8bps profit=$0.002 net=$-0.001"}
{"level":30,"time":1790806723680,"pid":20666,"hostname":"vm","msg":"  AERO>WETH@AerodromeCL3/50 WETH>AERO@UniswapV2 in=1.095 AERO gap=58.7bps profit=$0.001 net=$-0.002"}
{"level":30,"time":1790806723680,"pid":20666,"hostname":"vm","msg":"  AERO>WETH@PancakeV3/500 WETH>AERO@PancakeV3/100 in=1.547 AERO gap=17.5bps profit=$0.001 net=$-0.003"}
{"level":30,"time":1790806727688,"pid":20666,"hostname":"vm","block":52008688,"gross":210,"net":0,"sumNetUsd":0,"gasPriceGwei":0.006,"txCostUsd":0.004,"syncMs":1623,"searchMs":256,"msg":"block scanned"}
{"level":30,"time":1790806727689,"pid":20666,"hostname":"vm","msg":"  TOSHI>WETH@SushiV2 WETH>TOSHI@AerodromeCL/200 in=422.1 TOSHI gap=56.2bps profit=$0.000 net=$-0.003"}
{"level":30,"time":1790806727689,"pid":20666,"hostname":"vm","msg":"  AERO>WETH@PancakeV3/500 WETH>AERO@UniswapV2 in=1.068 AERO gap=58.2bps profit=$0.001 net=$-0.002"}
{"level":30,"time":1790806727689,"pid":20666,"hostname":"vm","msg":"  AERO>WETH@PancakeV3/500 WETH>AERO@PancakeV3/100 in=1.316 AERO gap=15.8bps profit=$0.001 net=$-0.003"}
{"level":30,"time":1790806727689,"pid":20666,"hostname":"vm","msg":"  AERO>WETH@AerodromeCL3/50 WETH>AERO@UniswapV2 in=0.6262 AERO gap=49.2bps profit=$0.000 net=$-0.002"}
{"level":30,"time":1790806727689,"pid":20666,"hostname":"vm","msg":"  AERO>WETH@PancakeV3/100 WETH>AERO@UniswapV2 in=0.3844 AERO gap=42.2bps profit=$0.000 net=$-0.002"}
{"level":30,"time":1790806732143,"pid":20666,"hostname":"vm","block":52008690,"gross":200,"net":0,"sumNetUsd":0,"gasPriceGwei":0.006,"txCostUsd":0.004,"syncMs":1980,"searchMs":175,"msg":"block scanned"}
{"level":30,"time":1790806732143,"pid":20666,"hostname":"vm","msg":"  TOSHI>WETH@SushiV2 WETH>TOSHI@AerodromeCL/200 in=422.1 TOSHI gap=56.2bps profit=$0.000 net=$-0.003"}
{"level":30,"time":1790806732143,"pid":20666,"hostname":"vm","msg":"  AERO>WETH@PancakeV3/500 WETH>AERO@UniswapV2 in=1.068 AERO gap=58.2bps profit=$0.001 net=$-0.002"}
{"level":30,"time":1790806732143,"pid":20666,"hostname":"vm","msg":"  AERO>WETH@PancakeV3/500 WETH>AERO@PancakeV3/100 in=1.316 AERO gap=15.8bps profit=$0.001 net=$-0.003"}
{"level":30,"time":1790806732143,"pid":20666,"hostname":"vm","msg":"  AERO>WETH@AerodromeCL3/50 WETH>AERO@UniswapV2 in=0.6262 AERO gap=49.2bps profit=$0.000 net=$-0.002"}
{"level":30,"time":1790806732143,"pid":20666,"hostname":"vm","msg":"  AERO>WETH@PancakeV3/100 WETH>AERO@UniswapV2 in=0.3844 AERO gap=42.2bps profit=$0.000 net=$-0.002"}
{"level":30,"time":1790806735590,"pid":20666,"hostname":"vm","block":52008692,"gross":216,"net":0,"sumNetUsd":0,"gasPriceGwei":0.006,"txCostUsd":0.004,"syncMs":1506,"searchMs":227,"msg":"block scanned"}
{"level":30,"time":1790806735590,"pid":20666,"hostname":"vm","msg":"  TOSHI>WETH@SushiV2 WETH>TOSHI@AerodromeCL/200 in=422.1 TOSHI gap=56.2bps profit=$0.000 net=$-0.003"}
{"level":30,"time":1790806735590,"pid":20666,"hostname":"vm","msg":"  AERO>WETH@PancakeV3/500 WETH>AERO@UniswapV2 in=1.068 AERO gap=58.2bps profit=$0.001 net=$-0.002"}
{"level":30,"time":1790806735590,"pid":20666,"hostname":"vm","msg":"  AERO>WETH@PancakeV3/500 WETH>AERO@PancakeV3/100 in=1.316 AERO gap=15.8bps profit=$0.001 net=$-0.003"}
{"level":30,"time":1790806735590,"pid":20666,"hostname":"vm","msg":"  AERO>WETH@AerodromeCL3/50 WETH>AERO@UniswapV2 in=0.6262 AERO gap=49.2bps profit=$0.000 net=$-0.002"}
{"level":30,"time":1790806735590,"pid":20666,"hostname":"vm","msg":"  AERO>WETH@PancakeV3/100 WETH>AERO@UniswapV2 in=0.3844 AERO gap=42.2bps profit=$0.000 net=$-0.002"}
{"level":30,"time":1790806739630,"pid":20666,"hostname":"vm","block":52008694,"gross":208,"net":0,"sumNetUsd":0,"gasPriceGwei":0.006,"txCostUsd":0.004,"syncMs":1813,"searchMs":199,"msg":"block scanned"}
{"level":30,"time":1790806739630,"pid":20666,"hostname":"vm","msg":"  TOSHI>WETH@SushiV2 WETH>TOSHI@AerodromeCL/200 in=422.1 TOSHI gap=56.2bps profit=$0.000 net=$-0.003"}
{"level":30,"time":1790806739630,"pid":20666,"hostname":"vm","msg":"  AERO>WETH@PancakeV3/500 WETH>AERO@UniswapV2 in=1.068 AERO gap=58.2bps profit=$0.001 net=$-0.002"}
{"level":30,"time":1790806739630,"pid":20666,"hostname":"vm","msg":"  AERO>WETH@PancakeV3/500 WETH>AERO@PancakeV3/100 in=1.316 AERO gap=15.8bps profit=$0.001 net=$-0.003"}
{"level":30,"time":1790806739630,"pid":20666,"hostname":"vm","msg":"  AERO>WETH@AerodromeCL3/50 WETH>AERO@UniswapV2 in=0.6262 AERO gap=49.2bps profit=$0.000 net=$-0.002"}
{"level":30,"time":1790806739630,"pid":20666,"hostname":"vm","msg":"  AERO>WETH@PancakeV3/100 WETH>AERO@UniswapV2 in=0.3844 AERO gap=42.2bps profit=$0.000 net=$-0.002"}
{"level":30,"time":1790806743725,"pid":20666,"hostname":"vm","block":52008696,"gross":193,"net":35,"sumNetUsd":0.413,"gasPriceGwei":0.006,"txCostUsd":0.004,"syncMs":1764,"searchMs":170,"msg":"block scanned"}
{"level":30,"time":1790806743725,"pid":20666,"hostname":"vm","msg":"  DEGEN>WETH@PancakeV3/500 WETH>DEGEN@AerodromeCL/200 in=356.1 DEGEN gap=35.2bps profit=$0.000 net=$-0.003"}
{"level":30,"time":1790806743725,"pid":20666,"hostname":"vm","msg":"  AERO>WETH@PancakeV3/500 WETH>AERO@UniswapV2 in=1.379 AERO gap=64.8bps profit=$0.002 net=$-0.001"}
{"level":30,"time":1790806743725,"pid":20666,"hostname":"vm","msg":"  AERO>WETH@AerodromeCL3/50 WETH>AERO@UniswapV2 in=1.095 AERO gap=58.7bps profit=$0.001 net=$-0.002"}
{"level":30,"time":1790806743725,"pid":20666,"hostname":"vm","msg":"  AERO>WETH@PancakeV3/500 WETH>AERO@PancakeV3/100 in=1.547 AERO gap=17.5bps profit=$0.001 net=$-0.003"}
{"level":30,"time":1790806743725,"pid":20666,"hostname":"vm","msg":"  AERO>WETH@PancakeV3/100 WETH>AERO@UniswapV2 in=0.5563 AERO gap=47.2bps profit=$0.000 net=$-0.002"}
{"level":30,"time":1790806747660,"pid":20666,"hostname":"vm","block":52008698,"gross":216,"net":0,"sumNetUsd":0,"gasPriceGwei":0.006,"txCostUsd":0.004,"syncMs":2206,"searchMs":191,"msg":"block scanned"}
{"level":30,"time":1790806747660,"pid":20666,"hostname":"vm","msg":"  TOSHI>WETH@SushiV2 WETH>TOSHI@AerodromeCL/200 in=422.1 TOSHI gap=56.2bps profit=$0.000 net=$-0.003"}
{"level":30,"time":1790806747660,"pid":20666,"hostname":"vm","msg":"  AERO>WETH@PancakeV3/500 WETH>AERO@UniswapV2 in=1.146 AERO gap=59.8bps profit=$0.001 net=$-0.001"}
{"level":30,"time":1790806747660,"pid":20666,"hostname":"vm","msg":"  AERO>WETH@PancakeV3/500 WETH>AERO@PancakeV3/100 in=1.540 AERO gap=17.5bps profit=$0.001 net=$-0.003"}
{"level":30,"time":1790806747660,"pid":20666,"hostname":"vm","msg":"  AERO>WETH@AerodromeCL3/50 WETH>AERO@UniswapV2 in=0.6262 AERO gap=49.2bps profit=$0.000 net=$-0.002"}
{"level":30,"time":1790806747660,"pid":20666,"hostname":"vm","msg":"  AERO>WETH@PancakeV3/100 WETH>AERO@UniswapV2 in=0.3844 AERO gap=42.2bps profit=$0.000 net=$-0.002"}
{"level":30,"time":1790806751548,"pid":20666,"hostname":"vm","block":52008700,"gross":216,"net":0,"sumNetUsd":0,"gasPriceGwei":0.006,"txCostUsd":0.004,"syncMs":1964,"searchMs":198,"msg":"block scanned"}
{"level":30,"time":1790806751548,"pid":20666,"hostname":"vm","msg":"  TOSHI>WETH@SushiV2 WETH>TOSHI@AerodromeCL/200 in=422.1 TOSHI gap=56.2bps profit=$0.000 net=$-0.003"}
{"level":30,"time":1790806751548,"pid":20666,"hostname":"vm","msg":"  AERO>WETH@PancakeV3/500 WETH>AERO@UniswapV2 in=1.533 AERO gap=68.3bps profit=$0.002 net=$-0.001"}
{"level":30,"time":1790806751548,"pid":20666,"hostname":"vm","msg":"  AERO>WETH@PancakeV3/100 WETH>AERO@UniswapV2 in=1.246 AERO gap=67.3bps profit=$0.002 net=$-0.001"}
{"level":30,"time":1790806751548,"pid":20666,"hostname":"vm","msg":"  AERO>WETH@AerodromeCL3/50 WETH>AERO@UniswapV2 in=1.181 AERO gap=61.8bps profit=$0.001 net=$-0.001"}
{"level":30,"time":1790806751548,"pid":20666,"hostname":"vm","msg":"  AERO>USDC@UniswapV3/500 USDC>AERO@UniswapV3/3000 in=2.086 AERO gap=39.7bps profit=$0.000 net=$-0.003"}
{"level":30,"time":1790806755576,"pid":20666,"hostname":"vm","block":52008702,"gross":132,"net":0,"sumNetUsd":0,"gasPriceGwei":0.006,"txCostUsd":0.004,"syncMs":1676,"searchMs":142,"msg":"block scanned"}
{"level":30,"time":1790806755576,"pid":20666,"hostname":"vm","msg":"  DEGEN>WETH@PancakeV3/500 WETH>DEGEN@AerodromeCL/200 in=356.1 DEGEN gap=35.2bps profit=$0.000 net=$-0.003"}
{"level":30,"time":1790806755576,"pid":20666,"hostname":"vm","msg":"  AERO>WETH@PancakeV3/500 WETH>AERO@UniswapV2 in=1.379 AERO gap=64.8bps profit=$0.002 net=$-0.001"}
{"level":30,"time":1790806755576,"pid":20666,"hostname":"vm","msg":"  AERO>WETH@AerodromeCL3/50 WETH>AERO@UniswapV2 in=1.095 AERO gap=58.7bps profit=$0.001 net=$-0.002"}
{"level":30,"time":1790806755576,"pid":20666,"hostname":"vm","msg":"  AERO>WETH@PancakeV3/500 WETH>AERO@PancakeV3/100 in=1.547 AERO gap=17.5bps profit=$0.001 net=$-0.003"}
{"level":30,"time":1790806755576,"pid":20666,"hostname":"vm","msg":"  AERO>WETH@PancakeV3/100 WETH>AERO@UniswapV2 in=0.5563 AERO gap=47.2bps profit=$0.000 net=$-0.002"}
{"level":30,"time":1790806819579,"pid":20666,"hostname":"vm","block":52008704,"gross":217,"net":0,"sumNetUsd":0,"gasPriceGwei":0.006000767,"txCostUsd":0.004,"syncMs":62469,"searchMs":194,"msg":"block scanned"}
{"level":30,"time":1790806819579,"pid":20666,"hostname":"vm","msg":"  TOSHI>WETH@SushiV2 WETH>TOSHI@AerodromeCL/200 in=422.1 TOSHI gap=56.2bps profit=$0.000 net=$-0.003"}
{"level":30,"time":1790806819579,"pid":20666,"hostname":"vm","msg":"  AERO>WETH@PancakeV3/500 WETH>AERO@UniswapV2 in=1.533 AERO gap=68.3bps profit=$0.002 net=$-0.001"}
{"level":30,"time":1790806819579,"pid":20666,"hostname":"vm","msg":"  AERO>WETH@PancakeV3/100 WETH>AERO@UniswapV2 in=1.246 AERO gap=67.3bps profit=$0.002 net=$-0.001"}
{"level":30,"time":1790806819579,"pid":20666,"hostname":"vm","msg":"  AERO>WETH@AerodromeCL3/50 WETH>AERO@UniswapV2 in=1.181 AERO gap=61.8bps profit=$0.001 net=$-0.001"}
{"level":30,"time":1790806819579,"pid":20666,"hostname":"vm","msg":"  AERO>USDC@UniswapV3/500 USDC>AERO@UniswapV3/3000 in=1.790 AERO gap=39.1bps profit=$0.000 net=$-0.003"}
{"level":30,"time":1790806823639,"pid":20666,"hostname":"vm","block":52008736,"gross":225,"net":0,"sumNetUsd":0,"gasPriceGwei":0.006,"txCostUsd":0.004,"syncMs":1983,"searchMs":187,"msg":"block scanned"}
{"level":30,"time":1790806823639,"pid":20666,"hostname":"vm","msg":"  TOSHI>WETH@SushiV2 WETH>TOSHI@AerodromeCL/200 in=267.8 TOSHI gap=55.5bps profit=$0.000 net=$-0.003"}
{"level":30,"time":1790806823639,"pid":20666,"hostname":"vm","msg":"  VIRTUAL>USDC@PancakeV3/500 USDC>VIRTUAL@UniswapV3/500 in=1.002 VIRTUAL gap=27bps profit=$0.001 net=$-0.003"}
{"level":30,"time":1790806823639,"pid":20666,"hostname":"vm","msg":"  VIRTUAL>WETH@AerodromeCL/100 WETH>VIRTUAL@PancakeV3/100 in=1.016 VIRTUAL gap=8.7bps profit=$0.000 net=$-0.003"}
{"level":30,"time":1790806823639,"pid":20666,"hostname":"vm","msg":"  VIRTUAL>USDC@PancakeV3/500 USDC>VIRTUAL@PancakeV3/2500 in=0.7325 VIRTUAL gap=31.1bps profit=$0.000 net=$-0.003"}
{"level":30,"time":1790806823639,"pid":20666,"hostname":"vm","msg":"  DAI>WETH@PancakeV3/500 WETH>DAI@UniswapV3/500 in=0.06311 DAI gap=11.7bps profit=$0.000 net=$-0.003"}
{"level":30,"time":1790806827409,"pid":20666,"hostname":"vm","block":52008738,"gross":242,"net":0,"sumNetUsd":0,"gasPriceGwei":0.006,"txCostUsd":0.004,"syncMs":2326,"searchMs":194,"msg":"block scanned"}
{"level":30,"time":1790806827409,"pid":20666,"hostname":"vm","msg":"  TOSHI>WETH@SushiV2 WETH>TOSHI@AerodromeCL/200 in=267.8 TOSHI gap=55.5bps profit=$0.000 net=$-0.003"}
{"level":30,"time":1790806827409,"pid":20666,"hostname":"vm","msg":"  VIRTUAL>USDC@PancakeV3/500 USDC>VIRTUAL@UniswapV3/500 in=1.204 VIRTUAL gap=30.1bps profit=$0.001 net=$-0.002"}
{"level":30,"time":1790806827409,"pid":20666,"hostname":"vm","msg":"  VIRTUAL>WETH@AerodromeCL/100 WETH>VIRTUAL@PancakeV3/100 in=2.419 VIRTUAL gap=12.5bps profit=$0.001 net=$-0.003"}
{"level":30,"time":1790806827409,"pid":20666,"hostname":"vm","msg":"  VIRTUAL>USDC@PancakeV3/500 USDC>VIRTUAL@PancakeV3/2500 in=2.793 VIRTUAL gap=34.2bps profit=$0.000 net=$-0.003"}
{"level":30,"time":1790806827409,"pid":20666,"hostname":"vm","msg":"  VIRTUAL>WETH@AerodromeCL/100 WETH>VIRTUAL@PancakeV3/500 in=1.868 VIRTUAL gap=11.8bps profit=$0.000 net=$-0.003"}
{"level":30,"time":1790806830869,"pid":20666,"hostname":"vm","block":52008740,"gross":230,"net":0,"sumNetUsd":0,"gasPriceGwei":0.006,"txCostUsd":0.004,"syncMs":1095,"searchMs":195,"msg":"block scanned"}
{"level":30,"time":1790806830869,"pid":20666,"hostname":"vm","msg":"  TOSHI>WETH@SushiV2 WETH>TOSHI@AerodromeCL/200 in=267.8 TOSHI gap=55.5bps profit=$0.000 net=$-0.003"}
{"level":30,"time":1790806830869,"pid":20666,"hostname":"vm","msg":"  VIRTUAL>USDC@PancakeV3/500 USDC>VIRTUAL@UniswapV3/500 in=1.204 VIRTUAL gap=30.1bps profit=$0.001 net=$-0.002"}
{"level":30,"time":1790806830869,"pid":20666,"hostname":"vm","msg":"  VIRTUAL>WETH@AerodromeCL/100 WETH>VIRTUAL@PancakeV3/100 in=2.131 VIRTUAL gap=11.7bps profit=$0.000 net=$-0.003"}
{"level":30,"time":1790806830869,"pid":20666,"hostname":"vm","msg":"  VIRTUAL>USDC@PancakeV3/500 USDC>VIRTUAL@PancakeV3/2500 in=2.793 VIRTUAL gap=34.2bps profit=$0.000 net=$-0.003"}
{"level":30,"time":1790806830869,"pid":20666,"hostname":"vm","msg":"  VIRTUAL>WETH@UniswapV3/500 WETH>VIRTUAL@PancakeV3/100 in=0.9636 VIRTUAL gap=8.6bps profit=$0.000 net=$-0.003"}
{"level":30,"time":1790806834829,"pid":20666,"hostname":"vm","block":52008742,"gross":228,"net":0,"sumNetUsd":0,"gasPriceGwei":0.006,"txCostUsd":0.004,"syncMs":1312,"searchMs":224,"msg":"block scanned"}
{"level":30,"time":1790806834829,"pid":20666,"hostname":"vm","msg":"  TOSHI>WETH@SushiV2 WETH>TOSHI@AerodromeCL/200 in=267.8 TOSHI gap=55.5bps profit=$0.000 net=$-0.003"}
{"level":30,"time":1790806834829,"pid":20666,"hostname":"vm","msg":"  VIRTUAL>USDC@PancakeV3/500 USDC>VIRTUAL@UniswapV3/500 in=1.136 VIRTUAL gap=29.7bps profit=$0.001 net=$-0.002"}
{"level":30,"time":1790806834829,"pid":20666,"hostname":"vm","msg":"  VIRTUAL>WETH@AerodromeCL/100 WETH>VIRTUAL@PancakeV3/100 in=2.131 VIRTUAL gap=11.7bps profit=$0.000 net=$-0.003"}
{"level":30,"time":1790806834829,"pid":20666,"hostname":"vm","msg":"  VIRTUAL>USDC@PancakeV3/500 USDC>VIRTUAL@PancakeV3/2500 in=2.545 VIRTUAL gap=33.8bps profit=$0.000 net=$-0.003"}
{"level":30,"time":1790806834829,"pid":20666,"hostname":"vm","msg":"  VIRTUAL>WETH@UniswapV3/500 WETH>VIRTUAL@PancakeV3/100 in=0.9636 VIRTUAL gap=8.6bps profit=$0.000 net=$-0.003"}
{"level":30,"time":1790806838586,"pid":20666,"hostname":"vm","block":52008744,"gross":234,"net":0,"sumNetUsd":0,"gasPriceGwei":0.006,"txCostUsd":0.004,"syncMs":1336,"searchMs":191,"msg":"block scanned"}
{"level":30,"time":1790806838586,"pid":20666,"hostname":"vm","msg":"  TOSHI>WETH@SushiV2 WETH>TOSHI@AerodromeCL/200 in=267.8 TOSHI gap=55.5bps profit=$0.000 net=$-0.003"}
{"level":30,"time":1790806838586,"pid":20666,"hostname":"vm","msg":"  VIRTUAL>USDC@PancakeV3/500 USDC>VIRTUAL@UniswapV3/500 in=1.136 VIRTUAL gap=29.7bps profit=$0.001 net=$-0.002"}
{"level":30,"time":1790806838586,"pid":20666,"hostname":"vm","msg":"  VIRTUAL>WETH@AerodromeCL/100 WETH>VIRTUAL@PancakeV3/100 in=2.131 VIRTUAL gap=11.7bps profit=$0.000 net=$-0.003"}
{"level":30,"time":1790806838586,"pid":20666,"hostname":"vm","msg":"  VIRTUAL>USDC@PancakeV3/500 USDC>VIRTUAL@PancakeV3/2500 in=2.545 VIRTUAL gap=33.8bps profit=$0.000 net=$-0.003"}
{"level":30,"time":1790806838586,"pid":20666,"hostname":"vm","msg":"  VIRTUAL>WETH@UniswapV3/500 WETH>VIRTUAL@PancakeV3/100 in=0.9636 VIRTUAL gap=8.6bps profit=$0.000 net=$-0.003"}
{"level":30,"time":1790806842744,"pid":20666,"hostname":"vm","block":52008746,"gross":234,"net":0,"sumNetUsd":0,"gasPriceGwei":0.006,"txCostUsd":0.004,"syncMs":1519,"searchMs":197,"msg":"block scanned"}
{"level":30,"time":1790806842744,"pid":20666,"hostname":"vm","msg":"  TOSHI>WETH@SushiV2 WETH>TOSHI@AerodromeCL/200 in=267.8 TOSHI gap=55.5bps profit=$0.000 net=$-0.003"}
{"level":30,"time":1790806842744,"pid":20666,"hostname":"vm","msg":"  VIRTUAL>USDC@PancakeV3/500 USDC>VIRTUAL@UniswapV3/500 in=1.136 VIRTUAL gap=29.7bps profit=$0.001 net=$-0.002"}
{"level":30,"time":1790806842744,"pid":20666,"hostname":"vm","msg":"  VIRTUAL>WETH@AerodromeCL/100 WETH>VIRTUAL@PancakeV3/100 in=2.131 VIRTUAL gap=11.7bps profit=$0.000 net=$-0.003"}
{"level":30,"time":1790806842744,"pid":20666,"hostname":"vm","msg":"  VIRTUAL>USDC@PancakeV3/500 USDC>VIRTUAL@PancakeV3/2500 in=2.545 VIRTUAL gap=33.8bps profit=$0.000 net=$-0.003"}
{"level":30,"time":1790806842744,"pid":20666,"hostname":"vm","msg":"  VIRTUAL>WETH@UniswapV3/500 WETH>VIRTUAL@PancakeV3/100 in=0.9636 VIRTUAL gap=8.6bps profit=$0.000 net=$-0.003"}
{"level":30,"time":1790806846936,"pid":20666,"hostname":"vm","block":52008748,"gross":226,"net":0,"sumNetUsd":0,"gasPriceGwei":0.006,"txCostUsd":0.004,"syncMs":1782,"searchMs":196,"msg":"block scanned"}
{"level":30,"time":1790806846936,"pid":20666,"hostname":"vm","msg":"  TOSHI>WETH@SushiV2 WETH>TOSHI@AerodromeCL/200 in=267.8 TOSHI gap=55.5bps profit=$0.000 net=$-0.003"}
{"level":30,"time":1790806846936,"pid":20666,"hostname":"vm","msg":"  VIRTUAL>USDC@PancakeV3/500 USDC>VIRTUAL@UniswapV3/500 in=1.136 VIRTUAL gap=29.7bps profit=$0.001 net=$-0.002"}
{"level":30,"time":1790806846936,"pid":20666,"hostname":"vm","msg":"  VIRTUAL>WETH@AerodromeCL/100 WETH>VIRTUAL@PancakeV3/100 in=2.131 VIRTUAL gap=11.7bps profit=$0.000 net=$-0.003"}
{"level":30,"time":1790806846936,"pid":20666,"hostname":"vm","msg":"  VIRTUAL>USDC@PancakeV3/500 USDC>VIRTUAL@PancakeV3/2500 in=2.545 VIRTUAL gap=33.8bps profit=$0.000 net=$-0.003"}
{"level":30,"time":1790806846936,"pid":20666,"hostname":"vm","msg":"  VIRTUAL>WETH@UniswapV3/500 WETH>VIRTUAL@PancakeV3/100 in=0.9636 VIRTUAL gap=8.6bps profit=$0.000 net=$-0.003"}
{"level":30,"time":1790806850662,"pid":20666,"hostname":"vm","block":52008750,"gross":220,"net":0,"sumNetUsd":0,"gasPriceGwei":0.006,"txCostUsd":0.004,"syncMs":1913,"searchMs":222,"msg":"block scanned"}
{"level":30,"time":1790806850662,"pid":20666,"hostname":"vm","msg":"  TOSHI>WETH@SushiV2 WETH>TOSHI@AerodromeCL/200 in=267.8 TOSHI gap=55.5bps profit=$0.000 net=$-0.003"}
{"level":30,"time":1790806850662,"pid":20666,"hostname":"vm","msg":"  VIRTUAL>USDC@PancakeV3/500 USDC>VIRTUAL@UniswapV3/500 in=1.136 VIRTUAL gap=29.7bps profit=$0.001 net=$-0.002"}
{"level":30,"time":1790806850662,"pid":20666,"hostname":"vm","msg":"  VIRTUAL>WETH@AerodromeCL/100 WETH>VIRTUAL@PancakeV3/100 in=2.131 VIRTUAL gap=11.7bps profit=$0.000 net=$-0.003"}
{"level":30,"time":1790806850662,"pid":20666,"hostname":"vm","msg":"  VIRTUAL>USDC@PancakeV3/500 USDC>VIRTUAL@PancakeV3/2500 in=2.545 VIRTUAL gap=33.8bps profit=$0.000 net=$-0.003"}
{"level":30,"time":1790806850662,"pid":20666,"hostname":"vm","msg":"  VIRTUAL>WETH@UniswapV3/500 WETH>VIRTUAL@PancakeV3/100 in=0.9636 VIRTUAL gap=8.6bps profit=$0.000 net=$-0.003"}
{"level":30,"time":1790806854413,"pid":20666,"hostname":"vm","block":52008752,"gross":218,"net":0,"sumNetUsd":0,"gasPriceGwei":0.006,"txCostUsd":0.004,"syncMs":1540,"searchMs":186,"msg":"block scanned"}
{"level":30,"time":1790806854413,"pid":20666,"hostname":"vm","msg":"  TOSHI>WETH@SushiV2 WETH>TOSHI@AerodromeCL/200 in=267.8 TOSHI gap=55.5bps profit=$0.000 net=$-0.003"}
{"level":30,"time":1790806854413,"pid":20666,"hostname":"vm","msg":"  VIRTUAL>USDC@PancakeV3/500 USDC>VIRTUAL@UniswapV3/500 in=1.136 VIRTUAL gap=29.7bps profit=$0.001 net=$-0.002"}
{"level":30,"time":1790806854413,"pid":20666,"hostname":"vm","msg":"  VIRTUAL>WETH@AerodromeCL/100 WETH>VIRTUAL@PancakeV3/100 in=2.131 VIRTUAL gap=11.7bps profit=$0.000 net=$-0.003"}
{"level":30,"time":1790806854413,"pid":20666,"hostname":"vm","msg":"  VIRTUAL>USDC@PancakeV3/500 USDC>VIRTUAL@PancakeV3/2500 in=2.545 VIRTUAL gap=33.8bps profit=$0.000 net=$-0.003"}
{"level":30,"time":1790806854413,"pid":20666,"hostname":"vm","msg":"  VIRTUAL>WETH@UniswapV3/500 WETH>VIRTUAL@PancakeV3/100 in=0.9210 VIRTUAL gap=8.5bps profit=$0.000 net=$-0.003"}
{"level":30,"time":1790806857748,"pid":20666,"hostname":"vm","block":52008753,"gross":218,"net":0,"sumNetUsd":0,"gasPriceGwei":0.006,"txCostUsd":0.004,"syncMs":1804,"searchMs":183,"msg":"block scanned"}
{"level":30,"time":1790806857748,"pid":20666,"hostname":"vm","msg":"  TOSHI>WETH@SushiV2 WETH>TOSHI@AerodromeCL/200 in=267.8 TOSHI gap=55.5bps profit=$0.000 net=$-0.003"}
{"level":30,"time":1790806857748,"pid":20666,"hostname":"vm","msg":"  VIRTUAL>USDC@PancakeV3/500 USDC>VIRTUAL@UniswapV3/500 in=1.136 VIRTUAL gap=29.7bps profit=$0.001 net=$-0.002"}
{"level":30,"time":1790806857748,"pid":20666,"hostname":"vm","msg":"  VIRTUAL>WETH@AerodromeCL/100 WETH>VIRTUAL@PancakeV3/100 in=2.131 VIRTUAL gap=11.7bps profit=$0.000 net=$-0.003"}
{"level":30,"time":1790806857748,"pid":20666,"hostname":"vm","msg":"  VIRTUAL>USDC@PancakeV3/500 USDC>VIRTUAL@PancakeV3/2500 in=2.545 VIRTUAL gap=33.8bps profit=$0.000 net=$-0.003"}
{"level":30,"time":1790806857748,"pid":20666,"hostname":"vm","msg":"  VIRTUAL>WETH@UniswapV3/500 WETH>VIRTUAL@PancakeV3/100 in=0.9210 VIRTUAL gap=8.5bps profit=$0.000 net=$-0.003"}
{"level":30,"time":1790806861443,"pid":20666,"hostname":"vm","block":52008755,"gross":218,"net":0,"sumNetUsd":0,"gasPriceGwei":0.006,"txCostUsd":0.004,"syncMs":1900,"searchMs":200,"msg":"block scanned"}
{"level":30,"time":1790806861444,"pid":20666,"hostname":"vm","msg":"  TOSHI>WETH@SushiV2 WETH>TOSHI@AerodromeCL/200 in=267.8 TOSHI gap=55.5bps profit=$0.000 net=$-0.003"}
{"level":30,"time":1790806861444,"pid":20666,"hostname":"vm","msg":"  VIRTUAL>USDC@PancakeV3/500 USDC>VIRTUAL@UniswapV3/500 in=1.136 VIRTUAL gap=29.7bps profit=$0.001 net=$-0.002"}
{"level":30,"time":1790806861444,"pid":20666,"hostname":"vm","msg":"  VIRTUAL>WETH@AerodromeCL/100 WETH>VIRTUAL@PancakeV3/100 in=2.131 VIRTUAL gap=11.7bps profit=$0.000 net=$-0.003"}
{"level":30,"time":1790806861444,"pid":20666,"hostname":"vm","msg":"  VIRTUAL>USDC@PancakeV3/500 USDC>VIRTUAL@PancakeV3/2500 in=2.545 VIRTUAL gap=33.8bps profit=$0.000 net=$-0.003"}
{"level":30,"time":1790806861444,"pid":20666,"hostname":"vm","msg":"  VIRTUAL>WETH@UniswapV3/500 WETH>VIRTUAL@PancakeV3/100 in=0.9210 VIRTUAL gap=8.5bps profit=$0.000 net=$-0.003"}
{"level":30,"time":1790806864414,"pid":20666,"hostname":"vm","block":52008757,"gross":224,"net":0,"sumNetUsd":0,"gasPriceGwei":0.006,"txCostUsd":0.004,"syncMs":1007,"searchMs":194,"msg":"block scanned"}
{"level":30,"time":1790806864414,"pid":20666,"hostname":"vm","msg":"  TOSHI>WETH@SushiV2 WETH>TOSHI@AerodromeCL/200 in=267.8 TOSHI gap=55.5bps profit=$0.000 net=$-0.003"}
{"level":30,"time":1790806864414,"pid":20666,"hostname":"vm","msg":"  VIRTUAL>USDC@PancakeV3/500 USDC>VIRTUAL@UniswapV3/500 in=1.136 VIRTUAL gap=29.7bps profit=$0.001 net=$-0.002"}
{"level":30,"time":1790806864414,"pid":20666,"hostname":"vm","msg":"  VIRTUAL>WETH@AerodromeCL/100 WETH>VIRTUAL@PancakeV3/100 in=2.131 VIRTUAL gap=11.7bps profit=$0.000 net=$-0.003"}
{"level":30,"time":1790806864414,"pid":20666,"hostname":"vm","msg":"  VIRTUAL>USDC@PancakeV3/500 USDC>VIRTUAL@PancakeV3/2500 in=2.545 VIRTUAL gap=33.8bps profit=$0.000 net=$-0.003"}
{"level":30,"time":1790806864414,"pid":20666,"hostname":"vm","msg":"  VIRTUAL>WETH@UniswapV3/500 WETH>VIRTUAL@PancakeV3/100 in=0.9210 VIRTUAL gap=8.5bps profit=$0.000 net=$-0.003"}
{"level":30,"time":1790806867391,"pid":20666,"hostname":"vm","block":52008759,"gross":229,"net":0,"sumNetUsd":0,"gasPriceGwei":0.006,"txCostUsd":0.004,"syncMs":778,"searchMs":201,"msg":"block scanned"}
{"level":30,"time":1790806867392,"pid":20666,"hostname":"vm","msg":"  TOSHI>WETH@SushiV2 WETH>TOSHI@AerodromeCL/200 in=267.8 TOSHI gap=55.5bps profit=$0.000 net=$-0.003"}
{"level":30,"time":1790806867392,"pid":20666,"hostname":"vm","msg":"  VIRTUAL>USDC@PancakeV3/500 USDC>VIRTUAL@UniswapV3/500 in=1.136 VIRTUAL gap=29.7bps profit=$0.001 net=$-0.002"}
{"level":30,"time":1790806867392,"pid":20666,"hostname":"vm","msg":"  VIRTUAL>WETH@AerodromeCL/100 WETH>VIRTUAL@PancakeV3/100 in=2.131 VIRTUAL gap=11.7bps profit=$0.000 net=$-0.003"}
{"level":30,"time":1790806867392,"pid":20666,"hostname":"vm","msg":"  VIRTUAL>USDC@PancakeV3/500 USDC>VIRTUAL@PancakeV3/2500 in=2.545 VIRTUAL gap=33.8bps profit=$0.000 net=$-0.003"}
{"level":30,"time":1790806867392,"pid":20666,"hostname":"vm","msg":"  VIRTUAL>WETH@UniswapV3/500 WETH>VIRTUAL@PancakeV3/100 in=0.9210 VIRTUAL gap=8.5bps profit=$0.000 net=$-0.003"}
{"level":30,"time":1790806871618,"pid":20666,"hostname":"vm","block":52008760,"gross":229,"net":0,"sumNetUsd":0,"gasPriceGwei":0.006,"txCostUsd":0.004,"syncMs":1523,"searchMs":201,"msg":"block scanned"}
{"level":30,"time":1790806871618,"pid":20666,"hostname":"vm","msg":"  TOSHI>WETH@SushiV2 WETH>TOSHI@AerodromeCL/200 in=267.8 TOSHI gap=55.5bps profit=$0.000 net=$-0.003"}
{"level":30,"time":1790806871618,"pid":20666,"hostname":"vm","msg":"  VIRTUAL>USDC@PancakeV3/500 USDC>VIRTUAL@UniswapV3/500 in=1.136 VIRTUAL gap=29.7bps profit=$0.001 net=$-0.002"}
{"level":30,"time":1790806871618,"pid":20666,"hostname":"vm","msg":"  VIRTUAL>WETH@AerodromeCL/100 WETH>VIRTUAL@PancakeV3/100 in=2.131 VIRTUAL gap=11.7bps profit=$0.000 net=$-0.003"}
{"level":30,"time":1790806871618,"pid":20666,"hostname":"vm","msg":"  VIRTUAL>USDC@PancakeV3/500 USDC>VIRTUAL@PancakeV3/2500 in=2.545 VIRTUAL gap=33.8bps profit=$0.000 net=$-0.003"}
{"level":30,"time":1790806871618,"pid":20666,"hostname":"vm","msg":"  VIRTUAL>WETH@UniswapV3/500 WETH>VIRTUAL@PancakeV3/100 in=0.9210 VIRTUAL gap=8.5bps profit=$0.000 net=$-0.003"}
{"level":30,"time":1790806929695,"pid":20666,"hostname":"vm","block":52008762,"gross":228,"net":0,"sumNetUsd":0,"gasPriceGwei":0.006,"txCostUsd":0.004,"syncMs":55407,"searchMs":204,"msg":"block scanned"}
{"level":30,"time":1790806929695,"pid":20666,"hostname":"vm","msg":"  TOSHI>WETH@SushiV2 WETH>TOSHI@AerodromeCL/200 in=267.8 TOSHI gap=55.5bps profit=$0.000 net=$-0.003"}
{"level":30,"time":1790806929695,"pid":20666,"hostname":"vm","msg":"  VIRTUAL>USDC@PancakeV3/500 USDC>VIRTUAL@UniswapV3/500 in=1.136 VIRTUAL gap=29.7bps profit=$0.001 net=$-0.002"}
{"level":30,"time":1790806929695,"pid":20666,"hostname":"vm","msg":"  VIRTUAL>WETH@AerodromeCL/100 WETH>VIRTUAL@PancakeV3/100 in=2.131 VIRTUAL gap=11.7bps profit=$0.000 net=$-0.003"}
{"level":30,"time":1790806929695,"pid":20666,"hostname":"vm","msg":"  VIRTUAL>USDC@PancakeV3/500 USDC>VIRTUAL@PancakeV3/2500 in=2.545 VIRTUAL gap=33.8bps profit=$0.000 net=$-0.003"}
{"level":30,"time":1790806929695,"pid":20666,"hostname":"vm","msg":"  VIRTUAL>WETH@UniswapV3/500 WETH>VIRTUAL@PancakeV3/100 in=0.9210 VIRTUAL gap=8.5bps profit=$0.000 net=$-0.003"}
{"level":30,"time":1790806933821,"pid":20666,"hostname":"vm","block":52008791,"gross":189,"net":0,"sumNetUsd":0,"gasPriceGwei":0.006,"txCostUsd":0.004,"syncMs":1951,"searchMs":175,"msg":"block scanned"}
{"level":30,"time":1790806933821,"pid":20666,"hostname":"vm","msg":"  VIRTUAL>USDC@PancakeV3/500 USDC>VIRTUAL@UniswapV3/500 in=1.499 VIRTUAL gap=35bps profit=$0.001 net=$-0.002"}
{"level":30,"time":1790806933821,"pid":20666,"hostname":"vm","msg":"  TOSHI>WETH@SushiV2 WETH>TOSHI@AerodromeCL/200 in=41.89 TOSHI gap=54.5bps profit=$0.000 net=$-0.003"}
{"level":30,"time":1790806933821,"pid":20666,"hostname":"vm","msg":"  DAI>WETH@PancakeV3/500 WETH>DAI@UniswapV3/500 in=0.06311 DAI gap=11.7bps profit=$0.000 net=$-0.003"}
{"level":30,"time":1790806933821,"pid":20666,"hostname":"vm","msg":"  WETH>USDC@PancakeV3/100 USDC>MORPHO@AerodromeCL2/100 MORPHO>WETH@UniswapV3/100 in=0.0004968 WETH gap=39.6bps profit=$0.002 net=$-0.002"}
{"level":30,"time":1790806933821,"pid":20666,"hostname":"vm","msg":"  WETH>USDC@AerodromeCL/10 USDC>MORPHO@AerodromeCL2/100 MORPHO>WETH@UniswapV3/100 in=0.0003868 WETH gap=39.6bps profit=$0.002 net=$-0.003"}
{"level":30,"time":1790806937512,"pid":20666,"hostname":"vm","block":52008793,"gross":183,"net":0,"sumNetUsd":0,"gasPriceGwei":0.006,"txCostUsd":0.004,"syncMs":1874,"searchMs":176,"msg":"block scanned"}
{"level":30,"time":1790806937512,"pid":20666,"hostname":"vm","msg":"  VIRTUAL>USDC@PancakeV3/500 USDC>VIRTUAL@UniswapV3/500 in=1.499 VIRTUAL gap=35bps profit=$0.001 net=$-0.002"}
{"level":30,"time":1790806937512,"pid":20666,"hostname":"vm","msg":"  TOSHI>WETH@SushiV2 WETH>TOSHI@AerodromeCL/200 in=41.89 TOSHI gap=54.5bps profit=$0.000 net=$-0.003"}
{"level":30,"time":1790806937512,"pid":20666,"hostname":"vm","msg":"  DAI>WETH@PancakeV3/500 WETH>DAI@UniswapV3/500 in=0.06311 DAI gap=11.7bps profit=$0.000 net=$-0.003"}
{"level":30,"time":1790806937512,"pid":20666,"hostname":"vm","msg":"  WETH>USDC@AerodromeCL3/1 USDC>MORPHO@AerodromeCL2/100 MORPHO>WETH@UniswapV3/100 in=0.0005089 WETH gap=39.1bps profit=$0.003 net=$-0.002"}
{"level":30,"time":1790806937512,"pid":20666,"hostname":"vm","msg":"  WETH>USDC@AerodromeCL3/1 USDC>VIRTUAL@UniswapV3/500 VIRTUAL>WETH@AerodromeCL/100 in=0.0005221 WETH gap=30.4bps profit=$0.002 net=$-0.003"}
{"level":30,"time":1790806941402,"pid":20666,"hostname":"vm","block":52008795,"gross":191,"net":0,"sumNetUsd":0,"gasPriceGwei":0.006,"txCostUsd":0.004,"syncMs":1562,"searchMs":181,"msg":"block scanned"}
{"level":30,"time":1790806941402,"pid":20666,"hostname":"vm","msg":"  VIRTUAL>USDC@PancakeV3/500 USDC>VIRTUAL@UniswapV3/500 in=1.835 VIRTUAL gap=41.2bps profit=$0.002 net=$-0.001"}
{"level":30,"time":1790806941402,"pid":20666,"hostname":"vm","msg":"  TOSHI>WETH@SushiV2 WETH>TOSHI@AerodromeCL/200 in=41.89 TOSHI gap=54.5bps profit=$0.000 net=$-0.003"}
{"level":30,"time":1790806941402,"pid":20666,"hostname":"vm","msg":"  DAI>WETH@PancakeV3/500 WETH>DAI@UniswapV3/500 in=0.06311 DAI gap=11.7bps profit=$0.000 net=$-0.003"}
{"level":30,"time":1790806941402,"pid":20666,"hostname":"vm","msg":"  WETH>USDC@AerodromeCL3/1 USDC>MORPHO@AerodromeCL2/100 MORPHO>WETH@UniswapV3/100 in=0.0005089 WETH gap=39.1bps profit=$0.003 net=$-0.002"}
{"level":30,"time":1790806941402,"pid":20666,"hostname":"vm","msg":"  WETH>USDC@AerodromeCL3/1 USDC>VIRTUAL@UniswapV3/500 VIRTUAL>WETH@UniswapV3/500 in=0.0005304 WETH gap=30.9bps profit=$0.002 net=$-0.003"}
{"level":30,"time":1790806944750,"pid":20666,"hostname":"vm","block":52008797,"gross":193,"net":0,"sumNetUsd":0,"gasPriceGwei":0.006,"txCostUsd":0.004,"syncMs":1881,"searchMs":181,"msg":"block scanned"}
{"level":30,"time":1790806944750,"pid":20666,"hostname":"vm","msg":"  VIRTUAL>USDC@PancakeV3/500 USDC>VIRTUAL@UniswapV3/500 in=1.853 VIRTUAL gap=41.5bps profit=$0.002 net=$-0.001"}
{"level":30,"time":1790806944750,"pid":20666,"hostname":"vm","msg":"  TOSHI>WETH@SushiV2 WETH>TOSHI@AerodromeCL/200 in=41.89 TOSHI gap=54.5bps profit=$0.000 net=$-0.003"}
{"level":30,"time":1790806944750,"pid":20666,"hostname":"vm","msg":"  VIRTUAL>WETH@AerodromeCL/100 WETH>VIRTUAL@PancakeV3/100 in=1.069 VIRTUAL gap=8.9bps profit=$0.000 net=$-0.003"}
{"level":30,"time":1790806944750,"pid":20666,"hostname":"vm","msg":"  DAI>WETH@PancakeV3/500 WETH>DAI@UniswapV3/500 in=0.06311 DAI gap=11.7bps profit=$0.000 net=$-0.003"}
{"level":30,"time":1790806944750,"pid":20666,"hostname":"vm","msg":"  WETH>USDC@AerodromeCL3/1 USDC>VIRTUAL@UniswapV3/500 VIRTUAL>WETH@AerodromeCL/100 in=0.0006146 WETH gap=35.2bps profit=$0.003 net=$-0.002"}
{"level":30,"time":1790806948609,"pid":20666,"hostname":"vm","block":52008790,"gross":185,"net":0,"sumNetUsd":0,"gasPriceGwei":0.006,"txCostUsd":0.004,"syncMs":1964,"searchMs":173,"msg":"block scanned"}
{"level":30,"time":1790806948609,"pid":20666,"hostname":"vm","msg":"  VIRTUAL>USDC@PancakeV3/500 USDC>VIRTUAL@UniswapV3/500 in=1.499 VIRTUAL gap=35bps profit=$0.001 net=$-0.002"}
{"level":30,"time":1790806948609,"pid":20666,"hostname":"vm","msg":"  TOSHI>WETH@SushiV2 WETH>TOSHI@AerodromeCL/200 in=41.89 TOSHI gap=54.5bps profit=$0.000 net=$-0.003"}
{"level":30,"time":1790806948609,"pid":20666,"hostname":"vm","msg":"  DAI>WETH@PancakeV3/500 WETH>DAI@UniswapV3/500 in=0.06311 DAI gap=11.7bps profit=$0.000 net=$-0.003"}
{"level":30,"time":1790806948609,"pid":20666,"hostname":"vm","msg":"  WETH>USDC@PancakeV3/100 USDC>MORPHO@AerodromeCL2/100 MORPHO>WETH@UniswapV3/100 in=0.0004968 WETH gap=39.6bps profit=$0.002 net=$-0.002"}
{"level":30,"time":1790806948609,"pid":20666,"hostname":"vm","msg":"  WETH>USDC@AerodromeCL/10 USDC>MORPHO@AerodromeCL2/100 MORPHO>WETH@UniswapV3/100 in=0.0003868 WETH gap=39.6bps profit=$0.002 net=$-0.003"}
{"level":30,"time":1790806952512,"pid":20666,"hostname":"vm","block":52008801,"gross":191,"net":0,"sumNetUsd":0,"gasPriceGwei":0.006,"txCostUsd":0.004,"syncMs":1913,"searchMs":183,"msg":"block scanned"}
{"level":30,"time":1790806952512,"pid":20666,"hostname":"vm","msg":"  VIRTUAL>USDC@PancakeV3/500 USDC>VIRTUAL@UniswapV3/500 in=1.853 VIRTUAL gap=41.5bps profit=$0.002 net=$-0.001"}
{"level":30,"time":1790806952512,"pid":20666,"hostname":"vm","msg":"  TOSHI>WETH@SushiV2 WETH>TOSHI@AerodromeCL/200 in=41.89 TOSHI gap=54.5bps profit=$0.000 net=$-0.003"}
{"level":30,"time":1790806952512,"pid":20666,"hostname":"vm","msg":"  VIRTUAL>WETH@AerodromeCL/100 WETH>VIRTUAL@PancakeV3/100 in=1.023 VIRTUAL gap=8.7bps profit=$0.000 net=$-0.003"}
{"level":30,"time":1790806952512,"pid":20666,"hostname":"vm","msg":"  VIRTUAL>WETH@AerodromeCL3/50 WETH>VIRTUAL@PancakeV3/100 in=0.8555 VIRTUAL gap=8.3bps profit=$0.000 net=$-0.003"}
{"level":30,"time":1790806952512,"pid":20666,"hostname":"vm","msg":"  DAI>WETH@PancakeV3/500 WETH>DAI@UniswapV3/500 in=0.06311 DAI gap=11.7bps profit=$0.000 net=$-0.003"}
{"level":30,"time":1790806956792,"pid":20666,"hostname":"vm","block":52008803,"gross":189,"net":0,"sumNetUsd":0,"gasPriceGwei":0.006,"txCostUsd":0.004,"syncMs":1961,"searchMs":177,"msg":"block scanned"}
{"level":30,"time":1790806956792,"pid":20666,"hostname":"vm","msg":"  VIRTUAL>USDC@PancakeV3/500 USDC>VIRTUAL@UniswapV3/500 in=1.870 VIRTUAL gap=41.8bps profit=$0.002 net=$-0.001"}
{"level":30,"time":1790806956792,"pid":20666,"hostname":"vm","msg":"  TOSHI>WETH@SushiV2 WETH>TOSHI@AerodromeCL/200 in=41.89 TOSHI gap=54.5bps profit=$0.000 net=$-0.003"}
{"level":30,"time":1790806956792,"pid":20666,"hostname":"vm","msg":"  VIRTUAL>WETH@AerodromeCL/100 WETH>VIRTUAL@PancakeV3/100 in=1.023 VIRTUAL gap=8.7bps profit=$0.000 net=$-0.003"}
{"level":30,"time":1790806956792,"pid":20666,"hostname":"vm","msg":"  VIRTUAL>WETH@AerodromeCL3/50 WETH>VIRTUAL@PancakeV3/100 in=0.8555 VIRTUAL gap=8.3bps profit=$0.000 net=$-0.003"}
{"level":30,"time":1790806956792,"pid":20666,"hostname":"vm","msg":"  DAI>WETH@PancakeV3/500 WETH>DAI@UniswapV3/500 in=0.06311 DAI gap=11.7bps profit=$0.000 net=$-0.003"}
{"level":30,"time":1790806960715,"pid":20666,"hostname":"vm","block":52008805,"gross":190,"net":0,"sumNetUsd":0,"gasPriceGwei":0.006,"txCostUsd":0.004,"syncMs":1039,"searchMs":180,"msg":"block scanned"}
{"level":30,"time":1790806960715,"pid":20666,"hostname":"vm","msg":"  VIRTUAL>USDC@PancakeV3/500 USDC>VIRTUAL@UniswapV3/500 in=1.870 VIRTUAL gap=41.8bps profit=$0.002 net=$-0.001"}
{"level":30,"time":1790806960715,"pid":20666,"hostname":"vm","msg":"  TOSHI>WETH@SushiV2 WETH>TOSHI@AerodromeCL/200 in=41.89 TOSHI gap=54.5bps profit=$0.000 net=$-0.003"}
{"level":30,"time":1790806960715,"pid":20666,"hostname":"vm","msg":"  VIRTUAL>WETH@AerodromeCL/100 WETH>VIRTUAL@PancakeV3/100 in=1.023 VIRTUAL gap=8.7bps profit=$0.000 net=$-0.003"}
{"level":30,"time":1790806960715,"pid":20666,"hostname":"vm","msg":"  VIRTUAL>WETH@AerodromeCL3/50 WETH>VIRTUAL@PancakeV3/100 in=0.8555 VIRTUAL gap=8.3bps profit=$0.000 net=$-0.003"}
{"level":30,"time":1790806960715,"pid":20666,"hostname":"vm","msg":"  DAI>WETH@PancakeV3/500 WETH>DAI@UniswapV3/500 in=0.06311 DAI gap=11.7bps profit=$0.000 net=$-0.003"}
{"level":30,"time":1790806964681,"pid":20666,"hostname":"vm","block":52008807,"gross":192,"net":0,"sumNetUsd":0,"gasPriceGwei":0.006,"txCostUsd":0.004,"syncMs":1565,"searchMs":175,"msg":"block scanned"}
{"level":30,"time":1790806964681,"pid":20666,"hostname":"vm","msg":"  VIRTUAL>USDC@PancakeV3/500 USDC>VIRTUAL@UniswapV3/500 in=1.870 VIRTUAL gap=41.8bps profit=$0.002 net=$-0.001"}
{"level":30,"time":1790806964681,"pid":20666,"hostname":"vm","msg":"  TOSHI>WETH@SushiV2 WETH>TOSHI@AerodromeCL/200 in=41.89 TOSHI gap=54.5bps profit=$0.000 net=$-0.003"}
{"level":30,"time":1790806964681,"pid":20666,"hostname":"vm","msg":"  VIRTUAL>WETH@AerodromeCL/100 WETH>VIRTUAL@PancakeV3/100 in=1.023 VIRTUAL gap=8.7bps profit=$0.000 net=$-0.003"}
{"level":30,"time":1790806964681,"pid":20666,"hostname":"vm","msg":"  VIRTUAL>WETH@AerodromeCL3/50 WETH>VIRTUAL@PancakeV3/100 in=0.8555 VIRTUAL gap=8.3bps profit=$0.000 net=$-0.003"}
{"level":30,"time":1790806964681,"pid":20666,"hostname":"vm","msg":"  DAI>WETH@PancakeV3/500 WETH>DAI@UniswapV3/500 in=0.06311 DAI gap=11.7bps profit=$0.000 net=$-0.003"}
{"level":30,"time":1790806968569,"pid":20666,"hostname":"vm","block":52008809,"gross":192,"net":0,"sumNetUsd":0,"gasPriceGwei":0.006,"txCostUsd":0.004,"syncMs":1911,"searchMs":196,"msg":"block scanned"}
{"level":30,"time":1790806968570,"pid":20666,"hostname":"vm","msg":"  VIRTUAL>USDC@PancakeV3/500 USDC>VIRTUAL@UniswapV3/500 in=1.870 VIRTUAL gap=41.8bps profit=$0.002 net=$-0.001"}
{"level":30,"time":1790806968570,"pid":20666,"hostname":"vm","msg":"  TOSHI>WETH@SushiV2 WETH>TOSHI@AerodromeCL/200 in=41.89 TOSHI gap=54.5bps profit=$0.000 net=$-0.003"}
{"level":30,"time":1790806968570,"pid":20666,"hostname":"vm","msg":"  VIRTUAL>WETH@AerodromeCL/100 WETH>VIRTUAL@PancakeV3/100 in=1.023 VIRTUAL gap=8.7bps profit=$0.000 net=$-0.003"}
{"level":30,"time":1790806968570,"pid":20666,"hostname":"vm","msg":"  VIRTUAL>WETH@AerodromeCL3/50 WETH>VIRTUAL@PancakeV3/100 in=0.8555 VIRTUAL gap=8.3bps profit=$0.000 net=$-0.003"}
{"level":30,"time":1790806968570,"pid":20666,"hostname":"vm","msg":"  DAI>WETH@PancakeV3/500 WETH>DAI@UniswapV3/500 in=0.06311 DAI gap=11.7bps profit=$0.000 net=$-0.003"}
{"level":30,"time":1790806972793,"pid":20666,"hostname":"vm","block":52008811,"gross":191,"net":0,"sumNetUsd":0,"gasPriceGwei":0.006,"txCostUsd":0.004,"syncMs":1595,"searchMs":186,"msg":"block scanned"}
{"level":30,"time":1790806972793,"pid":20666,"hostname":"vm","msg":"  VIRTUAL>USDC@PancakeV3/500 USDC>VIRTUAL@UniswapV3/500 in=1.870 VIRTUAL gap=41.8bps profit=$0.002 net=$-0.001"}
{"level":30,"time":1790806972793,"pid":20666,"hostname":"vm","msg":"  VIRTUAL>WETH@AerodromeCL/100 WETH>VIRTUAL@PancakeV3/100 in=1.023 VIRTUAL gap=8.7bps profit=$0.000 net=$-0.003"}
{"level":30,"time":1790806972793,"pid":20666,"hostname":"vm","msg":"  VIRTUAL>WETH@AerodromeCL3/50 WETH>VIRTUAL@PancakeV3/100 in=0.8560 VIRTUAL gap=8.3bps profit=$0.000 net=$-0.003"}
{"level":30,"time":1790806972793,"pid":20666,"hostname":"vm","msg":"  DAI>WETH@PancakeV3/500 WETH>DAI@UniswapV3/500 in=0.06311 DAI gap=11.7bps profit=$0.000 net=$-0.003"}
{"level":30,"time":1790806972793,"pid":20666,"hostname":"vm","msg":"  WETH>USDC@AerodromeCL3/1 USDC>VIRTUAL@UniswapV3/500 VIRTUAL>WETH@AerodromeCL/100 in=0.0005917 WETH gap=35.1bps profit=$0.003 net=$-0.002"}
{"level":30,"time":1790806977639,"pid":20666,"hostname":"vm","block":52008805,"gross":190,"net":0,"sumNetUsd":0,"gasPriceGwei":0.006,"txCostUsd":0.004,"syncMs":2366,"searchMs":188,"msg":"block scanned"}
{"level":30,"time":1790806977639,"pid":20666,"hostname":"vm","msg":"  VIRTUAL>USDC@PancakeV3/500 USDC>VIRTUAL@UniswapV3/500 in=1.870 VIRTUAL gap=41.8bps profit=$0.002 net=$-0.001"}
{"level":30,"time":1790806977639,"pid":20666,"hostname":"vm","msg":"  TOSHI>WETH@SushiV2 WETH>TOSHI@AerodromeCL/200 in=35.32 TOSHI gap=54.5bps profit=$0.000 net=$-0.003"}
{"level":30,"time":1790806977639,"pid":20666,"hostname":"vm","msg":"  VIRTUAL>WETH@AerodromeCL/100 WETH>VIRTUAL@PancakeV3/100 in=1.023 VIRTUAL gap=8.7bps profit=$0.000 net=$-0.003"}
{"level":30,"time":1790806977639,"pid":20666,"hostname":"vm","msg":"  VIRTUAL>WETH@AerodromeCL3/50 WETH>VIRTUAL@PancakeV3/100 in=0.8555 VIRTUAL gap=8.3bps profit=$0.000 net=$-0.003"}
{"level":30,"time":1790806977639,"pid":20666,"hostname":"vm","msg":"  DAI>WETH@PancakeV3/500 WETH>DAI@UniswapV3/500 in=0.06311 DAI gap=11.7bps profit=$0.000 net=$-0.003"}
{"level":30,"time":1790806981601,"pid":20666,"hostname":"vm","block":52008815,"gross":199,"net":0,"sumNetUsd":0,"gasPriceGwei":0.006,"txCostUsd":0.004,"syncMs":1572,"searchMs":180,"msg":"block scanned"}
{"level":30,"time":1790806981601,"pid":20666,"hostname":"vm","msg":"  VIRTUAL>USDC@PancakeV3/500 USDC>VIRTUAL@UniswapV3/500 in=1.870 VIRTUAL gap=41.8bps profit=$0.002 net=$-0.001"}
{"level":30,"time":1790806981601,"pid":20666,"hostname":"vm","msg":"  VIRTUAL>WETH@AerodromeCL/100 WETH>VIRTUAL@PancakeV3/100 in=1.023 VIRTUAL gap=8.7bps profit=$0.000 net=$-0.003"}
{"level":30,"time":1790806981601,"pid":20666,"hostname":"vm","msg":"  VIRTUAL>WETH@AerodromeCL3/50 WETH>VIRTUAL@PancakeV3/100 in=0.8560 VIRTUAL gap=8.3bps profit=$0.000 net=$-0.003"}
{"level":30,"time":1790806981601,"pid":20666,"hostname":"vm","msg":"  DAI>WETH@PancakeV3/500 WETH>DAI@UniswapV3/500 in=0.06311 DAI gap=11.7bps profit=$0.000 net=$-0.003"}
{"level":30,"time":1790806981601,"pid":20666,"hostname":"vm","msg":"  WETH>USDC@PancakeV3/100 USDC>VIRTUAL@UniswapV3/500 VIRTUAL>WETH@AerodromeCL/100 in=0.0006043 WETH gap=35.1bps profit=$0.003 net=$-0.002"}
{"level":30,"time":1790806985881,"pid":20666,"hostname":"vm","block":52008817,"gross":203,"net":0,"sumNetUsd":0,"gasPriceGwei":0.006,"txCostUsd":0.004,"syncMs":1827,"searchMs":236,"msg":"block scanned"}
{"level":30,"time":1790806985881,"pid":20666,"hostname":"vm","msg":"  VIRTUAL>USDC@PancakeV3/500 USDC>VIRTUAL@UniswapV3/500 in=2.105 VIRTUAL gap=45.8bps profit=$0.003 net=$-0.000"}
{"level":30,"time":1790806985881,"pid":20666,"hostname":"vm","msg":"  VIRTUAL>WETH@AerodromeCL/100 WETH>VIRTUAL@PancakeV3/100 in=2.376 VIRTUAL gap=12.3bps profit=$0.001 net=$-0.003"}
{"level":30,"time":1790806985881,"pid":20666,"hostname":"vm","msg":"  VIRTUAL>USDC@PancakeV3/500 USDC>VIRTUAL@PancakeV3/2500 in=1.523 VIRTUAL gap=32.3bps profit=$0.000 net=$-0.003"}
{"level":30,"time":1790806985881,"pid":20666,"hostname":"vm","msg":"  VIRTUAL>WETH@AerodromeCL3/50 WETH>VIRTUAL@PancakeV3/100 in=1.037 VIRTUAL gap=8.8bps profit=$0.000 net=$-0.003"}
{"level":30,"time":1790806985881,"pid":20666,"hostname":"vm","msg":"  VIRTUAL>WETH@UniswapV3/500 WETH>VIRTUAL@PancakeV3/100 in=0.5944 VIRTUAL gap=7.6bps profit=$0.000 net=$-0.003"}
{"level":30,"time":1790807053390,"pid":20666,"hostname":"vm","block":52008819,"gross":214,"net":0,"sumNetUsd":0,"gasPriceGwei":0.006,"txCostUsd":0.004,"syncMs":65088,"searchMs":203,"msg":"block scanned"}
{"level":30,"time":1790807053390,"pid":20666,"hostname":"vm","msg":"  VIRTUAL>WETH@AerodromeCL/100 WETH>VIRTUAL@PancakeV3/100 in=2.237 VIRTUAL gap=12bps profit=$0.001 net=$-0.003"}
{"level":30,"time":1790807053390,"pid":20666,"hostname":"vm","msg":"  VIRTUAL>WETH@AerodromeCL3/50 WETH>VIRTUAL@PancakeV3/100 in=1.036 VIRTUAL gap=8.8bps profit=$0.000 net=$-0.003"}
{"level":30,"time":1790807053390,"pid":20666,"hostname":"vm","msg":"  VIRTUAL>WETH@UniswapV3/500 WETH>VIRTUAL@PancakeV3/100 in=0.9305 VIRTUAL gap=8.5bps profit=$0.000 net=$-0.003"}
{"level":30,"time":1790807053390,"pid":20666,"hostname":"vm","msg":"  VIRTUAL>WETH@AerodromeCL/200 WETH>VIRTUAL@PancakeV3/100 in=0.7562 VIRTUAL gap=9bps profit=$0.000 net=$-0.003"}
{"level":30,"time":1790807053390,"pid":20666,"hostname":"vm","msg":"  VIRTUAL>USDC@PancakeV3/500 USDC>VIRTUAL@PancakeV3/2500 in=0.8942 VIRTUAL gap=31.4bps profit=$0.000 net=$-0.003"}
{"level":30,"time":1790807056905,"pid":20666,"hostname":"vm","block":52008852,"gross":241,"net":0,"sumNetUsd":0,"gasPriceGwei":0.006,"txCostUsd":0.004,"syncMs":1906,"searchMs":230,"msg":"block scanned"}
{"level":30,"time":1790807056905,"pid":20666,"hostname":"vm","msg":"  VIRTUAL>USDC@PancakeV3/500 USDC>VIRTUAL@UniswapV3/500 in=0.6688 VIRTUAL gap=21.2bps profit=$0.000 net=$-0.003"}
{"level":30,"time":1790807056905,"pid":20666,"hostname":"vm","msg":"  VIRTUAL>USDC@PancakeV3/500 USDC>VIRTUAL@PancakeV3/2500 in=0.6630 VIRTUAL gap=31bps profit=$0.000 net=$-0.003"}
{"level":30,"time":1790807056905,"pid":20666,"hostname":"vm","msg":"  DAI>WETH@PancakeV3/500 WETH>DAI@UniswapV3/500 in=0.06311 DAI gap=11.7bps profit=$0.000 net=$-0.003"}
{"level":30,"time":1790807056905,"pid":20666,"hostname":"vm","msg":"  VIRTUAL>WETH@AerodromeCL/100 WETH>VIRTUAL@PancakeV3/100 in=0.1970 VIRTUAL gap=6.5bps profit=$0.000 net=$-0.003"}
{"level":30,"time":1790807056905,"pid":20666,"hostname":"vm","msg":"  AERO>WETH@PancakeV3/100 WETH>AERO@PancakeV3/500 in=0.06389 AERO gap=6.5bps profit=$0.000 net=$-0.003"}
{"level":30,"time":1790807060693,"pid":20666,"hostname":"vm","block":52008855,"gross":245,"net":0,"sumNetUsd":0,"gasPriceGwei":0.006,"txCostUsd":0.004,"syncMs":1081,"searchMs":194,"msg":"block scanned"}
{"level":30,"time":1790807060693,"pid":20666,"hostname":"vm","msg":"  VIRTUAL>USDC@PancakeV3/500 USDC>VIRTUAL@UniswapV3/500 in=0.6688 VIRTUAL gap=21.2bps profit=$0.000 net=$-0.003"}
{"level":30,"time":1790807060693,"pid":20666,"hostname":"vm","msg":"  VIRTUAL>USDC@PancakeV3/500 USDC>VIRTUAL@PancakeV3/2500 in=0.6630 VIRTUAL gap=31bps profit=$0.000 net=$-0.003"}
{"level":30,"time":1790807060693,"pid":20666,"hostname":"vm","msg":"  DAI>WETH@PancakeV3/500 WETH>DAI@UniswapV3/500 in=0.06311 DAI gap=11.7bps profit=$0.000 net=$-0.003"}
{"level":30,"time":1790807060693,"pid":20666,"hostname":"vm","msg":"  VIRTUAL>WETH@AerodromeCL/100 WETH>VIRTUAL@PancakeV3/100 in=0.1822 VIRTUAL gap=6.5bps profit=$0.000 net=$-0.003"}
{"level":30,"time":1790807060693,"pid":20666,"hostname":"vm","msg":"  AERO>WETH@PancakeV3/100 WETH>AERO@PancakeV3/500 in=0.06389 AERO gap=6.5bps profit=$0.000 net=$-0.003"}
{"level":30,"time":1790807064622,"pid":20666,"hostname":"vm","block":52008857,"gross":238,"net":0,"sumNetUsd":0,"gasPriceGwei":0.006,"txCostUsd":0.004,"syncMs":1560,"searchMs":203,"msg":"block scanned"}
{"level":30,"time":1790807064622,"pid":20666,"hostname":"vm","msg":"  VIRTUAL>USDC@PancakeV3/500 USDC>VIRTUAL@UniswapV3/500 in=0.6688 VIRTUAL gap=21.2bps profit=$0.000 net=$-0.003"}
{"level":30,"time":1790807064622,"pid":20666,"hostname":"vm","msg":"  VIRTUAL>USDC@PancakeV3/500 USDC>VIRTUAL@PancakeV3/2500 in=0.6630 VIRTUAL gap=31bps profit=$0.000 net=$-0.003"}
{"level":30,"time":1790807064622,"pid":20666,"hostname":"vm","msg":"  DAI>WETH@PancakeV3/500 WETH>DAI@UniswapV3/500 in=0.06311 DAI gap=11.7bps profit=$0.000 net=$-0.003"}
{"level":30,"time":1790807064622,"pid":20666,"hostname":"vm","msg":"  VIRTUAL>WETH@AerodromeCL/100 WETH>VIRTUAL@PancakeV3/100 in=0.1822 VIRTUAL gap=6.5bps profit=$0.000 net=$-0.003"}
{"level":30,"time":1790807064622,"pid":20666,"hostname":"vm","msg":"  AERO>WETH@PancakeV3/100 WETH>AERO@PancakeV3/500 in=0.06389 AERO gap=6.5bps profit=$0.000 net=$-0.003"}
{"level":30,"time":1790807068361,"pid":20666,"hostname":"vm","block":52008859,"gross":231,"net":0,"sumNetUsd":0,"gasPriceGwei":0.006,"txCostUsd":0.004,"syncMs":1552,"searchMs":190,"msg":"block scanned"}
{"level":30,"time":1790807068361,"pid":20666,"hostname":"vm","msg":"  VIRTUAL>USDC@PancakeV3/500 USDC>VIRTUAL@UniswapV3/500 in=0.6688 VIRTUAL gap=21.2bps profit=$0.000 net=$-0.003"}
{"level":30,"time":1790807068361,"pid":20666,"hostname":"vm","msg":"  VIRTUAL>USDC@PancakeV3/500 USDC>VIRTUAL@PancakeV3/2500 in=0.6630 VIRTUAL gap=31bps profit=$0.000 net=$-0.003"}
{"level":30,"time":1790807068361,"pid":20666,"hostname":"vm","msg":"  DAI>WETH@PancakeV3/500 WETH>DAI@UniswapV3/500 in=0.06311 DAI gap=11.7bps profit=$0.000 net=$-0.003"}
{"level":30,"time":1790807068361,"pid":20666,"hostname":"vm","msg":"  AERO>WETH@PancakeV3/100 WETH>AERO@PancakeV3/500 in=0.06389 AERO gap=6.5bps profit=$0.000 net=$-0.003"}
{"level":30,"time":1790807068361,"pid":20666,"hostname":"vm","msg":"  WETH>USDC@UniswapV3/100 USDC>MORPHO@AerodromeCL2/100 MORPHO>WETH@UniswapV3/100 in=0.0005459 WETH gap=41.8bps profit=$0.003 net=$-0.002"}
{"level":30,"time":1790807072777,"pid":20666,"hostname":"vm","block":52008860,"gross":237,"net":0,"sumNetUsd":0,"gasPriceGwei":0.006,"txCostUsd":0.004,"syncMs":1786,"searchMs":201,"msg":"block scanned"}
{"level":30,"time":1790807072777,"pid":20666,"hostname":"vm","msg":"  VIRTUAL>USDC@PancakeV3/500 USDC>VIRTUAL@UniswapV3/500 in=0.6688 VIRTUAL gap=21.2bps profit=$0.000 net=$-0.003"}
{"level":30,"time":1790807072777,"pid":20666,"hostname":"vm","msg":"  VIRTUAL>USDC@PancakeV3/500 USDC>VIRTUAL@PancakeV3/2500 in=0.6630 VIRTUAL gap=31bps profit=$0.000 net=$-0.003"}
{"level":30,"time":1790807072777,"pid":20666,"hostname":"vm","msg":"  DAI>WETH@PancakeV3/500 WETH>DAI@UniswapV3/500 in=0.06311 DAI gap=11.7bps profit=$0.000 net=$-0.003"}
{"level":30,"time":1790807072777,"pid":20666,"hostname":"vm","msg":"  AERO>WETH@PancakeV3/100 WETH>AERO@PancakeV3/500 in=0.06389 AERO gap=6.5bps profit=$0.000 net=$-0.003"}
{"level":30,"time":1790807072777,"pid":20666,"hostname":"vm","msg":"  WETH>USDC@PancakeV3/100 USDC>MORPHO@AerodromeCL2/100 MORPHO>WETH@UniswapV3/100 in=0.0005592 WETH gap=42.6bps profit=$0.003 net=$-0.002"}
{"level":30,"time":1790807076996,"pid":20666,"hostname":"vm","block":52008862,"gross":231,"net":0,"sumNetUsd":0,"gasPriceGwei":0.006,"txCostUsd":0.004,"syncMs":1792,"searchMs":200,"msg":"block scanned"}
{"level":30,"time":1790807076998,"pid":20666,"hostname":"vm","msg":"  VIRTUAL>USDC@PancakeV3/500 USDC>VIRTUAL@UniswapV3/500 in=0.5331 VIRTUAL gap=19.1bps profit=$0.000 net=$-0.003"}
{"level":30,"time":1790807076998,"pid":20666,"hostname":"vm","msg":"  DAI>WETH@PancakeV3/500 WETH>DAI@UniswapV3/500 in=0.06311 DAI gap=11.7bps profit=$0.000 net=$-0.003"}
{"level":30,"time":1790807076998,"pid":20666,"hostname":"vm","msg":"  AERO>WETH@PancakeV3/100 WETH>AERO@PancakeV3/500 in=0.06389 AERO gap=6.5bps profit=$0.000 net=$-0.003"}
{"level":30,"time":1790807076998,"pid":20666,"hostname":"vm","msg":"  WETH>USDC@PancakeV3/100 USDC>MORPHO@AerodromeCL2/100 MORPHO>WETH@UniswapV3/100 in=0.0005592 WETH gap=42.4bps profit=$0.003 net=$-0.002"}
{"level":30,"time":1790807076998,"pid":20666,"hostname":"vm","msg":"  WETH>USDC@UniswapV3/100 USDC>MORPHO@AerodromeCL2/100 MORPHO>WETH@UniswapV3/100 in=0.0005459 WETH gap=42.4bps profit=$0.003 net=$-0.002"}
{"level":30,"time":1790807080911,"pid":20666,"hostname":"vm","block":52008865,"gross":235,"net":0,"sumNetUsd":0,"gasPriceGwei":0.006,"txCostUsd":0.004,"syncMs":1452,"searchMs":202,"msg":"block scanned"}
{"level":30,"time":1790807080911,"pid":20666,"hostname":"vm","msg":"  VIRTUAL>USDC@PancakeV3/500 USDC>VIRTUAL@UniswapV3/500 in=0.5331 VIRTUAL gap=19.1bps profit=$0.000 net=$-0.003"}
{"level":30,"time":1790807080911,"pid":20666,"hostname":"vm","msg":"  DAI>WETH@PancakeV3/500 WETH>DAI@UniswapV3/500 in=0.06311 DAI gap=11.7bps profit=$0.000 net=$-0.003"}
{"level":30,"time":1790807080911,"pid":20666,"hostname":"vm","msg":"  AERO>WETH@PancakeV3/100 WETH>AERO@PancakeV3/500 in=0.06389 AERO gap=6.5bps profit=$0.000 net=$-0.003"}
{"level":30,"time":1790807080911,"pid":20666,"hostname":"vm","msg":"  WETH>USDC@UniswapV3/100 USDC>MORPHO@AerodromeCL2/100 MORPHO>WETH@UniswapV3/100 in=0.0005620 WETH gap=42.4bps profit=$0.003 net=$-0.002"}
{"level":30,"time":1790807080911,"pid":20666,"hostname":"vm","msg":"  WETH>USDC@PancakeV3/100 USDC>MORPHO@AerodromeCL2/100 MORPHO>WETH@UniswapV3/100 in=0.0005623 WETH gap=42.4bps profit=$0.003 net=$-0.002"}
{"level":30,"time":1790807084602,"pid":20666,"hostname":"vm","block":52008867,"gross":235,"net":0,"sumNetUsd":0,"gasPriceGwei":0.006,"txCostUsd":0.004,"syncMs":2036,"searchMs":203,"msg":"block scanned"}
{"level":30,"time":1790807084602,"pid":20666,"hostname":"vm","msg":"  VIRTUAL>USDC@PancakeV3/500 USDC>VIRTUAL@UniswapV3/500 in=0.5331 VIRTUAL gap=19.1bps profit=$0.000 net=$-0.003"}
{"level":30,"time":1790807084602,"pid":20666,"hostname":"vm","msg":"  DAI>WETH@PancakeV3/500 WETH>DAI@UniswapV3/500 in=0.06311 DAI gap=11.7bps profit=$0.000 net=$-0.003"}
{"level":30,"time":1790807084602,"pid":20666,"hostname":"vm","msg":"  AERO>WETH@PancakeV3/100 WETH>AERO@PancakeV3/500 in=0.06389 AERO gap=6.5bps profit=$0.000 net=$-0.003"}
{"level":30,"time":1790807084602,"pid":20666,"hostname":"vm","msg":"  WETH>USDC@UniswapV3/100 USDC>MORPHO@AerodromeCL2/100 MORPHO>WETH@UniswapV3/100 in=0.0005620 WETH gap=42.4bps profit=$0.003 net=$-0.002"}
{"level":30,"time":1790807084602,"pid":20666,"hostname":"vm","msg":"  WETH>USDC@PancakeV3/100 USDC>MORPHO@AerodromeCL2/100 MORPHO>WETH@UniswapV3/100 in=0.0005592 WETH gap=42.4bps profit=$0.003 net=$-0.002"}
{"level":30,"time":1790807088835,"pid":20666,"hostname":"vm","block":52008869,"gross":227,"net":0,"sumNetUsd":0,"gasPriceGwei":0.006,"txCostUsd":0.004,"syncMs":1487,"searchMs":187,"msg":"block scanned"}
{"level":30,"time":1790807088835,"pid":20666,"hostname":"vm","msg":"  VIRTUAL>USDC@PancakeV3/500 USDC>VIRTUAL@UniswapV3/500 in=0.5331 VIRTUAL gap=19.1bps profit=$0.000 net=$-0.003"}
{"level":30,"time":1790807088835,"pid":20666,"hostname":"vm","msg":"  DAI>WETH@PancakeV3/500 WETH>DAI@UniswapV3/500 in=0.06311 DAI gap=11.7bps profit=$0.000 net=$-0.003"}
{"level":30,"time":1790807088835,"pid":20666,"hostname":"vm","msg":"  AERO>WETH@PancakeV3/100 WETH>AERO@PancakeV3/500 in=0.06389 AERO gap=6.5bps profit=$0.000 net=$-0.003"}
{"level":30,"time":1790807088835,"pid":20666,"hostname":"vm","msg":"  WETH>USDC@UniswapV3/100 USDC>MORPHO@AerodromeCL2/100 MORPHO>WETH@UniswapV3/100 in=0.0005466 WETH gap=41.9bps profit=$0.003 net=$-0.002"}
{"level":30,"time":1790807088835,"pid":20666,"hostname":"vm","msg":"  WETH>USDC@PancakeV3/100 USDC>MORPHO@AerodromeCL2/100 MORPHO>WETH@UniswapV3/100 in=0.0005458 WETH gap=41.9bps profit=$0.003 net=$-0.002"}
{"level":30,"time":1790807092708,"pid":20666,"hostname":"vm","block":52008871,"gross":225,"net":0,"sumNetUsd":0,"gasPriceGwei":0.006,"txCostUsd":0.004,"syncMs":1610,"searchMs":191,"msg":"block scanned"}
{"level":30,"time":1790807092708,"pid":20666,"hostname":"vm","msg":"  VIRTUAL>USDC@PancakeV3/500 USDC>VIRTUAL@UniswapV3/500 in=0.5010 VIRTUAL gap=18.4bps profit=$0.000 net=$-0.003"}
{"level":30,"time":1790807092708,"pid":20666,"hostname":"vm","msg":"  DAI>WETH@PancakeV3/500 WETH>DAI@UniswapV3/500 in=0.06311 DAI gap=11.7bps profit=$0.000 net=$-0.003"}
{"level":30,"time":1790807092708,"pid":20666,"hostname":"vm","msg":"  AERO>WETH@PancakeV3/100 WETH>AERO@PancakeV3/500 in=0.06389 AERO gap=6.5bps profit=$0.000 net=$-0.003"}
{"level":30,"time":1790807092708,"pid":20666,"hostname":"vm","msg":"  WETH>USDC@UniswapV3/100 USDC>MORPHO@AerodromeCL2/100 MORPHO>WETH@UniswapV3/100 in=0.0005466 WETH gap=41.9bps profit=$0.003 net=$-0.002"}
{"level":30,"time":1790807092708,"pid":20666,"hostname":"vm","msg":"  WETH>USDC@PancakeV3/100 USDC>MORPHO@AerodromeCL2/100 MORPHO>WETH@UniswapV3/100 in=0.0005458 WETH gap=41.9bps profit=$0.003 net=$-0.002"}
{"level":30,"time":1790807096707,"pid":20666,"hostname":"vm","block":52008873,"gross":224,"net":0,"sumNetUsd":0,"gasPriceGwei":0.006,"txCostUsd":0.004,"syncMs":1537,"searchMs":181,"msg":"block scanned"}
{"level":30,"time":1790807096707,"pid":20666,"hostname":"vm","msg":"  VIRTUAL>USDC@PancakeV3/500 USDC>VIRTUAL@UniswapV3/500 in=0.4231 VIRTUAL gap=17.3bps profit=$0.000 net=$-0.003"}
{"level":30,"time":1790807096707,"pid":20666,"hostname":"vm","msg":"  DAI>WETH@PancakeV3/500 WETH>DAI@UniswapV3/500 in=0.06311 DAI gap=11.7bps profit=$0.000 net=$-0.003"}
{"level":30,"time":1790807096707,"pid":20666,"hostname":"vm","msg":"  AERO>WETH@PancakeV3/100 WETH>AERO@PancakeV3/500 in=0.06389 AERO gap=6.5bps profit=$0.000 net=$-0.003"}
{"level":30,"time":1790807096707,"pid":20666,"hostname":"vm","msg":"  WETH>USDC@UniswapV3/100 USDC>MORPHO@AerodromeCL2/100 MORPHO>WETH@UniswapV3/100 in=0.0005466 WETH gap=41.9bps profit=$0.003 net=$-0.002"}
{"level":30,"time":1790807096707,"pid":20666,"hostname":"vm","msg":"  WETH>USDC@AerodromeCL3/1 USDC>MORPHO@AerodromeCL2/100 MORPHO>WETH@UniswapV3/100 in=0.0005459 WETH gap=41.9bps profit=$0.003 net=$-0.002"}
{"level":30,"time":1790807101288,"pid":20666,"hostname":"vm","block":52008875,"gross":235,"net":0,"sumNetUsd":0,"gasPriceGwei":0.006,"txCostUsd":0.004,"syncMs":1945,"searchMs":280,"msg":"block scanned"}
{"level":30,"time":1790807101288,"pid":20666,"hostname":"vm","msg":"  VIRTUAL>USDC@PancakeV3/500 USDC>VIRTUAL@UniswapV3/500 in=0.4231 VIRTUAL gap=17.3bps profit=$0.000 net=$-0.003"}
{"level":30,"time":1790807101288,"pid":20666,"hostname":"vm","msg":"  AERO>WETH@AerodromeCL3/50 WETH>AERO@PancakeV3/100 in=0.4223 AERO gap=9.2bps profit=$0.000 net=$-0.003"}
{"level":30,"time":1790807101288,"pid":20666,"hostname":"vm","msg":"  DAI>WETH@PancakeV3/500 WETH>DAI@UniswapV3/500 in=0.06311 DAI gap=11.7bps profit=$0.000 net=$-0.003"}
{"level":30,"time":1790807101288,"pid":20666,"hostname":"vm","msg":"  WETH>USDC@UniswapV3/100 USDC>MORPHO@AerodromeCL2/100 MORPHO>WETH@UniswapV3/100 in=0.0005466 WETH gap=41.9bps profit=$0.003 net=$-0.002"}
{"level":30,"time":1790807101288,"pid":20666,"hostname":"vm","msg":"  WETH>USDC@AerodromeCL3/1 USDC>MORPHO@AerodromeCL2/100 MORPHO>WETH@UniswapV3/100 in=0.0005459 WETH gap=41.9bps profit=$0.003 net=$-0.002"}
{"level":30,"time":1790807104789,"pid":20666,"hostname":"vm","block":52008877,"gross":225,"net":0,"sumNetUsd":0,"gasPriceGwei":0.006,"txCostUsd":0.004,"syncMs":1957,"searchMs":193,"msg":"block scanned"}
{"level":30,"time":1790807104789,"pid":20666,"hostname":"vm","msg":"  VIRTUAL>USDC@PancakeV3/500 USDC>VIRTUAL@UniswapV3/500 in=0.4231 VIRTUAL gap=17.3bps profit=$0.000 net=$-0.003"}
{"level":30,"time":1790807104789,"pid":20666,"hostname":"vm","msg":"  AERO>WETH@AerodromeCL3/50 WETH>AERO@PancakeV3/100 in=0.4223 AERO gap=9.2bps profit=$0.000 net=$-0.003"}
{"level":30,"time":1790807104789,"pid":20666,"hostname":"vm","msg":"  DAI>WETH@PancakeV3/500 WETH>DAI@UniswapV3/500 in=0.06311 DAI gap=11.7bps profit=$0.000 net=$-0.003"}
{"level":30,"time":1790807104789,"pid":20666,"hostname":"vm","msg":"  WETH>USDC@AerodromeCL3/1 USDC>MORPHO@AerodromeCL2/100 MORPHO>WETH@UniswapV3/100 in=0.0005459 WETH gap=41.5bps profit=$0.003 net=$-0.002"}
{"level":30,"time":1790807104789,"pid":20666,"hostname":"vm","msg":"  WETH>USDC@PancakeV3/100 USDC>MORPHO@AerodromeCL2/100 MORPHO>WETH@UniswapV3/100 in=0.0005458 WETH gap=41.5bps profit=$0.003 net=$-0.002"}
{"level":30,"time":1790807108469,"pid":20666,"hostname":"vm","block":52008878,"gross":225,"net":0,"sumNetUsd":0,"gasPriceGwei":0.006,"txCostUsd":0.004,"syncMs":1526,"searchMs":199,"msg":"block scanned"}
{"level":30,"time":1790807108469,"pid":20666,"hostname":"vm","msg":"  VIRTUAL>USDC@PancakeV3/500 USDC>VIRTUAL@UniswapV3/500 in=0.4231 VIRTUAL gap=17.3bps profit=$0.000 net=$-0.003"}
{"level":30,"time":1790807108469,"pid":20666,"hostname":"vm","msg":"  AERO>WETH@AerodromeCL3/50 WETH>AERO@PancakeV3/100 in=0.4223 AERO gap=9.2bps profit=$0.000 net=$-0.003"}
{"level":30,"time":1790807108469,"pid":20666,"hostname":"vm","msg":"  DAI>WETH@PancakeV3/500 WETH>DAI@UniswapV3/500 in=0.06311 DAI gap=11.7bps profit=$0.000 net=$-0.003"}
{"level":30,"time":1790807108469,"pid":20666,"hostname":"vm","msg":"  WETH>USDC@AerodromeCL3/1 USDC>MORPHO@AerodromeCL2/100 MORPHO>WETH@UniswapV3/100 in=0.0005459 WETH gap=41.5bps profit=$0.003 net=$-0.002"}
{"level":30,"time":1790807108469,"pid":20666,"hostname":"vm","msg":"  WETH>USDC@PancakeV3/100 USDC>MORPHO@AerodromeCL2/100 MORPHO>WETH@UniswapV3/100 in=0.0005458 WETH gap=41.5bps profit=$0.003 net=$-0.002"}
{"level":30,"time":1790807173779,"pid":20666,"hostname":"vm","block":52008880,"gross":274,"net":39,"sumNetUsd":38.373,"gasPriceGwei":0.006,"txCostUsd":0.004,"syncMs":63097,"searchMs":222,"msg":"block scanned"}
{"level":30,"time":1790807173779,"pid":20666,"hostname":"vm","msg":"  WETH>USDC@UniswapV3/100 USDC>VIRTUAL@PancakeV3/500 VIRTUAL>WETH@UniswapV3/500 in=0.9467 WETH gap=87.1bps profit=$9.482 net=$9.477"}
{"level":30,"time":1790807173779,"pid":20666,"hostname":"vm","msg":"  WETH>USDC@AerodromeCL3/1 USDC>VIRTUAL@PancakeV3/500 VIRTUAL>WETH@UniswapV3/500 in=0.8554 WETH gap=87.1bps profit=$8.629 net=$8.624"}
{"level":30,"time":1790807173779,"pid":20666,"hostname":"vm","msg":"  WETH>cbBTC@AerodromeCL3/1 cbBTC>VIRTUAL@Aerodrome VIRTUAL>WETH@UniswapV3/500 in=0.1536 WETH gap=34.9bps profit=$0.683 net=$0.679"}
{"level":30,"time":1790807173779,"pid":20666,"hostname":"vm","msg":"  WETH>cbBTC@AerodromeCL/1 cbBTC>VIRTUAL@Aerodrome VIRTUAL>WETH@UniswapV3/500 in=0.1315 WETH gap=34.9bps profit=$0.582 net=$0.578"}
{"level":30,"time":1790807173779,"pid":20666,"hostname":"vm","msg":"  AERO>USDC@AerodromeCL/100 USDC>AERO@UniswapV3/3000 in=0.8038 AERO gap=36.9bps profit=$0.000 net=$-0.003"}
{"level":30,"time":1790807177792,"pid":20666,"hostname":"vm","block":52008913,"gross":286,"net":0,"sumNetUsd":0,"gasPriceGwei":0.006,"txCostUsd":0.004,"syncMs":1647,"searchMs":230,"msg":"block scanned"}
{"level":30,"time":1790807177792,"pid":20666,"hostname":"vm","msg":"  AERO>WETH@PancakeV3/500 WETH>AERO@PancakeV3/100 in=1.757 AERO gap=19.1bps profit=$0.001 net=$-0.002"}
{"level":30,"time":1790807177792,"pid":20666,"hostname":"vm","msg":"  AERO>WETH@AerodromeCL3/50 WETH>AERO@PancakeV3/100 in=1.129 AERO gap=15.2bps profit=$0.000 net=$-0.003"}
{"level":30,"time":1790807177792,"pid":20666,"hostname":"vm","msg":"  VIRTUAL>USDC@PancakeV3/500 USDC>VIRTUAL@UniswapV3/500 in=0.6873 VIRTUAL gap=21.7bps profit=$0.000 net=$-0.003"}
{"level":30,"time":1790807177792,"pid":20666,"hostname":"vm","msg":"  DAI>WETH@PancakeV3/500 WETH>DAI@UniswapV3/500 in=0.4055 DAI gap=21.3bps profit=$0.000 net=$-0.003"}
{"level":30,"time":1790807177792,"pid":20666,"hostname":"vm","msg":"  VIRTUAL>USDC@PancakeV3/500 USDC>VIRTUAL@PancakeV3/2500 in=1.024 VIRTUAL gap=31.6bps profit=$0.000 net=$-0.003"}
{"level":30,"time":1790807181723,"pid":20666,"hostname":"vm","block":52008915,"gross":296,"net":0,"sumNetUsd":0,"gasPriceGwei":0.006,"txCostUsd":0.004,"syncMs":1561,"searchMs":211,"msg":"block scanned"}
{"level":30,"time":1790807181723,"pid":20666,"hostname":"vm","msg":"  AERO>WETH@PancakeV3/500 WETH>AERO@PancakeV3/100 in=1.757 AERO gap=19.1bps profit=$0.001 net=$-0.002"}
{"level":30,"time":1790807181723,"pid":20666,"hostname":"vm","msg":"  AERO>WETH@AerodromeCL3/50 WETH>AERO@PancakeV3/100 in=1.129 AERO gap=15.2bps profit=$0.000 net=$-0.003"}
{"level":30,"time":1790807181723,"pid":20666,"hostname":"vm","msg":"  VIRTUAL>USDC@PancakeV3/500 USDC>VIRTUAL@UniswapV3/500 in=0.6873 VIRTUAL gap=21.7bps profit=$0.000 net=$-0.003"}
{"level":30,"time":1790807181723,"pid":20666,"hostname":"vm","msg":"  DAI>WETH@PancakeV3/500 WETH>DAI@UniswapV3/500 in=0.4055 DAI gap=21.3bps profit=$0.000 net=$-0.003"}
{"level":30,"time":1790807181723,"pid":20666,"hostname":"vm","msg":"  VIRTUAL>USDC@PancakeV3/500 USDC>VIRTUAL@PancakeV3/2500 in=1.024 VIRTUAL gap=31.6bps profit=$0.000 net=$-0.003"}
{"level":30,"time":1790807185660,"pid":20666,"hostname":"vm","block":52008917,"gross":296,"net":0,"sumNetUsd":0,"gasPriceGwei":0.006,"txCostUsd":0.004,"syncMs":2062,"searchMs":218,"msg":"block scanned"}
{"level":30,"time":1790807185660,"pid":20666,"hostname":"vm","msg":"  AERO>WETH@PancakeV3/500 WETH>AERO@PancakeV3/100 in=1.741 AERO gap=19bps profit=$0.001 net=$-0.002"}
{"level":30,"time":1790807185660,"pid":20666,"hostname":"vm","msg":"  AERO>WETH@AerodromeCL3/50 WETH>AERO@PancakeV3/100 in=1.129 AERO gap=15.2bps profit=$0.000 net=$-0.003"}
{"level":30,"time":1790807185660,"pid":20666,"hostname":"vm","msg":"  VIRTUAL>USDC@PancakeV3/500 USDC>VIRTUAL@UniswapV3/500 in=0.6873 VIRTUAL gap=21.7bps profit=$0.000 net=$-0.003"}
{"level":30,"time":1790807185660,"pid":20666,"hostname":"vm","msg":"  DAI>WETH@PancakeV3/500 WETH>DAI@UniswapV3/500 in=0.4055 DAI gap=21.3bps profit=$0.000 net=$-0.003"}
{"level":30,"time":1790807185660,"pid":20666,"hostname":"vm","msg":"  VIRTUAL>USDC@PancakeV3/500 USDC>VIRTUAL@PancakeV3/2500 in=1.024 VIRTUAL gap=31.6bps profit=$0.000 net=$-0.003"}
{"level":30,"time":1790807189662,"pid":20666,"hostname":"vm","block":52008919,"gross":290,"net":0,"sumNetUsd":0,"gasPriceGwei":0.006,"txCostUsd":0.004,"syncMs":1977,"searchMs":213,"msg":"block scanned"}
{"level":30,"time":1790807189662,"pid":20666,"hostname":"vm","msg":"  AERO>WETH@PancakeV3/500 WETH>AERO@PancakeV3/100 in=1.741 AERO gap=19bps profit=$0.001 net=$-0.002"}
{"level":30,"time":1790807189662,"pid":20666,"hostname":"vm","msg":"  AERO>WETH@AerodromeCL3/50 WETH>AERO@PancakeV3/100 in=1.129 AERO gap=15.2bps profit=$0.000 net=$-0.003"}
{"level":30,"time":1790807189662,"pid":20666,"hostname":"vm","msg":"  VIRTUAL>USDC@PancakeV3/500 USDC>VIRTUAL@UniswapV3/500 in=0.6873 VIRTUAL gap=21.7bps profit=$0.000 net=$-0.003"}
{"level":30,"time":1790807189662,"pid":20666,"hostname":"vm","msg":"  DAI>WETH@PancakeV3/500 WETH>DAI@UniswapV3/500 in=0.4055 DAI gap=21.3bps profit=$0.000 net=$-0.003"}
{"level":30,"time":1790807189662,"pid":20666,"hostname":"vm","msg":"  VIRTUAL>USDC@PancakeV3/500 USDC>VIRTUAL@PancakeV3/2500 in=1.024 VIRTUAL gap=31.6bps profit=$0.000 net=$-0.003"}
{"level":30,"time":1790807193593,"pid":20666,"hostname":"vm","block":52008921,"gross":290,"net":0,"sumNetUsd":0,"gasPriceGwei":0.006,"txCostUsd":0.004,"syncMs":1768,"searchMs":245,"msg":"block scanned"}
{"level":30,"time":1790807193593,"pid":20666,"hostname":"vm","msg":"  AERO>WETH@PancakeV3/500 WETH>AERO@PancakeV3/100 in=1.740 AERO gap=19bps profit=$0.001 net=$-0.002"}
{"level":30,"time":1790807193593,"pid":20666,"hostname":"vm","msg":"  AERO>WETH@AerodromeCL3/50 WETH>AERO@PancakeV3/100 in=1.129 AERO gap=15.2bps profit=$0.000 net=$-0.003"}
{"level":30,"time":1790807193593,"pid":20666,"hostname":"vm","msg":"  VIRTUAL>USDC@PancakeV3/500 USDC>VIRTUAL@UniswapV3/500 in=0.6873 VIRTUAL gap=21.7bps profit=$0.000 net=$-0.003"}
{"level":30,"time":1790807193593,"pid":20666,"hostname":"vm","msg":"  DAI>WETH@PancakeV3/500 WETH>DAI@UniswapV3/500 in=0.4055 DAI gap=21.3bps profit=$0.000 net=$-0.003"}
{"level":30,"time":1790807193593,"pid":20666,"hostname":"vm","msg":"  VIRTUAL>USDC@PancakeV3/500 USDC>VIRTUAL@PancakeV3/2500 in=1.024 VIRTUAL gap=31.6bps profit=$0.000 net=$-0.003"}
{"level":30,"time":1790807197444,"pid":20666,"hostname":"vm","block":52008923,"gross":287,"net":0,"sumNetUsd":0,"gasPriceGwei":0.006,"txCostUsd":0.004,"syncMs":1935,"searchMs":224,"msg":"block scanned"}
{"level":30,"time":1790807197444,"pid":20666,"hostname":"vm","msg":"  AERO>WETH@PancakeV3/500 WETH>AERO@PancakeV3/100 in=1.740 AERO gap=19bps profit=$0.001 net=$-0.002"}
{"level":30,"time":1790807197444,"pid":20666,"hostname":"vm","msg":"  AERO>WETH@AerodromeCL3/50 WETH>AERO@PancakeV3/100 in=1.129 AERO gap=15.2bps profit=$0.000 net=$-0.003"}
{"level":30,"time":1790807197444,"pid":20666,"hostname":"vm","msg":"  VIRTUAL>USDC@PancakeV3/500 USDC>VIRTUAL@UniswapV3/500 in=0.6635 VIRTUAL gap=21.3bps profit=$0.000 net=$-0.003"}
{"level":30,"time":1790807197444,"pid":20666,"hostname":"vm","msg":"  DAI>WETH@PancakeV3/500 WETH>DAI@UniswapV3/500 in=0.4055 DAI gap=21.3bps profit=$0.000 net=$-0.003"}
{"level":30,"time":1790807197444,"pid":20666,"hostname":"vm","msg":"  VIRTUAL>USDC@PancakeV3/500 USDC>VIRTUAL@PancakeV3/2500 in=0.7282 VIRTUAL gap=31.1bps profit=$0.000 net=$-0.003"}
{"level":30,"time":1790807200493,"pid":20666,"hostname":"vm","block":52008925,"gross":275,"net":0,"sumNetUsd":0,"gasPriceGwei":0.006,"txCostUsd":0.004,"syncMs":723,"searchMs":212,"msg":"block scanned"}
{"level":30,"time":1790807200493,"pid":20666,"hostname":"vm","msg":"  AERO>WETH@PancakeV3/500 WETH>AERO@PancakeV3/100 in=1.740 AERO gap=19bps profit=$0.001 net=$-0.002"}
{"level":30,"time":1790807200493,"pid":20666,"hostname":"vm","msg":"  AERO>WETH@AerodromeCL3/50 WETH>AERO@PancakeV3/100 in=1.129 AERO gap=15.2bps profit=$0.000 net=$-0.003"}
{"level":30,"time":1790807200493,"pid":20666,"hostname":"vm","msg":"  VIRTUAL>USDC@PancakeV3/500 USDC>VIRTUAL@UniswapV3/500 in=0.6635 VIRTUAL gap=21.3bps profit=$0.000 net=$-0.003"}
{"level":30,"time":1790807200493,"pid":20666,"hostname":"vm","msg":"  DAI>WETH@PancakeV3/500 WETH>DAI@UniswapV3/500 in=0.4055 DAI gap=21.3bps profit=$0.000 net=$-0.003"}
{"level":30,"time":1790807200493,"pid":20666,"hostname":"vm","msg":"  VIRTUAL>USDC@PancakeV3/500 USDC>VIRTUAL@PancakeV3/2500 in=0.7282 VIRTUAL gap=31.1bps profit=$0.000 net=$-0.003"}
{"level":30,"time":1790807203488,"pid":20666,"hostname":"vm","block":52008927,"gross":264,"net":0,"sumNetUsd":0,"gasPriceGwei":0.006,"txCostUsd":0.004,"syncMs":1066,"searchMs":223,"msg":"block scanned"}
{"level":30,"time":1790807203488,"pid":20666,"hostname":"vm","msg":"  AERO>WETH@PancakeV3/500 WETH>AERO@PancakeV3/100 in=1.740 AERO gap=19bps profit=$0.001 net=$-0.002"}
{"level":30,"time":1790807203488,"pid":20666,"hostname":"vm","msg":"  VIRTUAL>USDC@PancakeV3/500 USDC>VIRTUAL@UniswapV3/500 in=0.8254 VIRTUAL gap=23.8bps profit=$0.000 net=$-0.003"}
{"level":30,"time":1790807203488,"pid":20666,"hostname":"vm","msg":"  AERO>WETH@AerodromeCL3/50 WETH>AERO@PancakeV3/100 in=1.129 AERO gap=15.2bps profit=$0.000 net=$-0.003"}
{"level":30,"time":1790807203488,"pid":20666,"hostname":"vm","msg":"  DAI>WETH@PancakeV3/500 WETH>DAI@UniswapV3/500 in=0.4055 DAI gap=21.3bps profit=$0.000 net=$-0.003"}
{"level":30,"time":1790807203488,"pid":20666,"hostname":"vm","msg":"  DAI>WETH@UniswapV3/3000 WETH>DAI@UniswapV3/500 in=0.1856 DAI gap=39bps profit=$0.000 net=$-0.003"}
{"level":30,"time":1790807206664,"pid":20666,"hostname":"vm","block":52008928,"gross":257,"net":0,"sumNetUsd":0,"gasPriceGwei":0.006,"txCostUsd":0.004,"syncMs":602,"searchMs":220,"msg":"block scanned"}
{"level":30,"time":1790807206664,"pid":20666,"hostname":"vm","msg":"  AERO>WETH@PancakeV3/500 WETH>AERO@PancakeV3/100 in=1.740 AERO gap=19bps profit=$0.001 net=$-0.002"}
{"level":30,"time":1790807206664,"pid":20666,"hostname":"vm","msg":"  VIRTUAL>USDC@PancakeV3/500 USDC>VIRTUAL@UniswapV3/500 in=0.8254 VIRTUAL gap=23.8bps profit=$0.000 net=$-0.003"}
{"level":30,"time":1790807206664,"pid":20666,"hostname":"vm","msg":"  AERO>WETH@AerodromeCL3/50 WETH>AERO@PancakeV3/100 in=1.129 AERO gap=15.2bps profit=$0.000 net=$-0.003"}
{"level":30,"time":1790807206664,"pid":20666,"hostname":"vm","msg":"  DAI>WETH@PancakeV3/500 WETH>DAI@UniswapV3/500 in=0.4055 DAI gap=21.3bps profit=$0.000 net=$-0.003"}
{"level":30,"time":1790807206664,"pid":20666,"hostname":"vm","msg":"  DAI>WETH@UniswapV3/3000 WETH>DAI@UniswapV3/500 in=0.1856 DAI gap=39bps profit=$0.000 net=$-0.003"}
{"level":30,"time":1790807210814,"pid":20666,"hostname":"vm","block":52008930,"gross":258,"net":0,"sumNetUsd":0,"gasPriceGwei":0.006,"txCostUsd":0.004,"syncMs":1844,"searchMs":212,"msg":"block scanned"}
{"level":30,"time":1790807210814,"pid":20666,"hostname":"vm","msg":"  AERO>WETH@PancakeV3/500 WETH>AERO@PancakeV3/100 in=1.740 AERO gap=19bps profit=$0.001 net=$-0.002"}
{"level":30,"time":1790807210814,"pid":20666,"hostname":"vm","msg":"  VIRTUAL>USDC@PancakeV3/500 USDC>VIRTUAL@UniswapV3/500 in=0.8254 VIRTUAL gap=23.8bps profit=$0.000 net=$-0.003"}
{"level":30,"time":1790807210814,"pid":20666,"hostname":"vm","msg":"  AERO>WETH@AerodromeCL3/50 WETH>AERO@PancakeV3/100 in=1.129 AERO gap=15.2bps profit=$0.000 net=$-0.003"}
{"level":30,"time":1790807210814,"pid":20666,"hostname":"vm","msg":"  DAI>WETH@PancakeV3/500 WETH>DAI@UniswapV3/500 in=0.4055 DAI gap=21.3bps profit=$0.000 net=$-0.003"}
{"level":30,"time":1790807210814,"pid":20666,"hostname":"vm","msg":"  DAI>WETH@UniswapV3/3000 WETH>DAI@UniswapV3/500 in=0.1856 DAI gap=39bps profit=$0.000 net=$-0.003"}
{"level":30,"time":1790807215630,"pid":20666,"hostname":"vm","block":52008926,"gross":273,"net":0,"sumNetUsd":0,"gasPriceGwei":0.006,"txCostUsd":0.004,"syncMs":1744,"searchMs":223,"msg":"block scanned"}
{"level":30,"time":1790807215630,"pid":20666,"hostname":"vm","msg":"  AERO>WETH@PancakeV3/500 WETH>AERO@PancakeV3/100 in=1.740 AERO gap=19bps profit=$0.001 net=$-0.002"}
{"level":30,"time":1790807215630,"pid":20666,"hostname":"vm","msg":"  VIRTUAL>USDC@PancakeV3/500 USDC>VIRTUAL@UniswapV3/500 in=0.8254 VIRTUAL gap=23.8bps profit=$0.000 net=$-0.003"}
{"level":30,"time":1790807215630,"pid":20666,"hostname":"vm","msg":"  AERO>WETH@AerodromeCL3/50 WETH>AERO@PancakeV3/100 in=1.129 AERO gap=15.2bps profit=$0.000 net=$-0.003"}
{"level":30,"time":1790807215630,"pid":20666,"hostname":"vm","msg":"  VIRTUAL>USDC@PancakeV3/500 USDC>VIRTUAL@PancakeV3/2500 in=2.469 VIRTUAL gap=33.6bps profit=$0.000 net=$-0.003"}
{"level":30,"time":1790807215630,"pid":20666,"hostname":"vm","msg":"  DAI>WETH@PancakeV3/500 WETH>DAI@UniswapV3/500 in=0.4055 DAI gap=21.3bps profit=$0.000 net=$-0.003"}
{"level":30,"time":1790807219683,"pid":20666,"hostname":"vm","block":52008934,"gross":251,"net":0,"sumNetUsd":0,"gasPriceGwei":0.006,"txCostUsd":0.004,"syncMs":1863,"searchMs":206,"msg":"block scanned"}
{"level":30,"time":1790807219684,"pid":20666,"hostname":"vm","msg":"  VIRTUAL>USDC@PancakeV3/500 USDC>VIRTUAL@UniswapV3/500 in=0.8254 VIRTUAL gap=23.8bps profit=$0.000 net=$-0.003"}
{"level":30,"time":1790807219684,"pid":20666,"hostname":"vm","msg":"  DAI>WETH@PancakeV3/500 WETH>DAI@UniswapV3/500 in=0.4055 DAI gap=21.3bps profit=$0.000 net=$-0.003"}
{"level":30,"time":1790807219684,"pid":20666,"hostname":"vm","msg":"  DAI>WETH@UniswapV3/3000 WETH>DAI@UniswapV3/500 in=0.1856 DAI gap=39bps profit=$0.000 net=$-0.003"}
{"level":30,"time":1790807219684,"pid":20666,"hostname":"vm","msg":"  WETH>USDC@UniswapV3/100 USDC>WETH@SushiV3/3000 in=0.001903 WETH gap=38.4bps profit=$0.002 net=$-0.001"}
{"level":30,"time":1790807219684,"pid":20666,"hostname":"vm","msg":"  WETH>USDC@PancakeV3/100 USDC>WETH@SushiV3/3000 in=0.001809 WETH gap=38.3bps profit=$0.002 net=$-0.002"}
{"level":30,"time":1790807223650,"pid":20666,"hostname":"vm","block":52008936,"gross":251,"net":0,"sumNetUsd":0,"gasPriceGwei":0.006,"txCostUsd":0.004,"syncMs":1585,"searchMs":209,"msg":"block scanned"}
{"level":30,"time":1790807223650,"pid":20666,"hostname":"vm","msg":"  VIRTUAL>USDC@PancakeV3/500 USDC>VIRTUAL@UniswapV3/500 in=0.8254 VIRTUAL gap=23.8bps profit=$0.000 net=$-0.003"}
{"level":30,"time":1790807223650,"pid":20666,"hostname":"vm","msg":"  DAI>WETH@PancakeV3/500 WETH>DAI@UniswapV3/500 in=0.4055 DAI gap=21.3bps profit=$0.000 net=$-0.003"}
{"level":30,"time":1790807223650,"pid":20666,"hostname":"vm","msg":"  DAI>WETH@UniswapV3/3000 WETH>DAI@UniswapV3/500 in=0.1856 DAI gap=39bps profit=$0.000 net=$-0.003"}
{"level":30,"time":1790807223650,"pid":20666,"hostname":"vm","msg":"  WETH>USDC@UniswapV3/100 USDC>WETH@SushiV3/3000 in=0.001903 WETH gap=38.4bps profit=$0.002 net=$-0.001"}
{"level":30,"time":1790807223650,"pid":20666,"hostname":"vm","msg":"  WETH>USDC@PancakeV3/100 USDC>WETH@SushiV3/3000 in=0.001809 WETH gap=38.3bps profit=$0.002 net=$-0.002"}
{"level":30,"time":1790807227924,"pid":20666,"hostname":"vm","block":52008938,"gross":266,"net":0,"sumNetUsd":0,"gasPriceGwei":0.006,"txCostUsd":0.004,"syncMs":1799,"searchMs":206,"msg":"block scanned"}
{"level":30,"time":1790807227924,"pid":20666,"hostname":"vm","msg":"  VIRTUAL>USDC@PancakeV3/500 USDC>VIRTUAL@UniswapV3/500 in=0.8254 VIRTUAL gap=23.8bps profit=$0.000 net=$-0.003"}
{"level":30,"time":1790807227924,"pid":20666,"hostname":"vm","msg":"  DAI>WETH@PancakeV3/500 WETH>DAI@UniswapV3/500 in=0.4055 DAI gap=21.3bps profit=$0.000 net=$-0.003"}
{"level":30,"time":1790807227924,"pid":20666,"hostname":"vm","msg":"  DAI>WETH@UniswapV3/3000 WETH>DAI@UniswapV3/500 in=0.1856 DAI gap=39bps profit=$0.000 net=$-0.003"}
{"level":30,"time":1790807227924,"pid":20666,"hostname":"vm","msg":"  WETH>USDC@UniswapV3/100 USDC>WETH@SushiV3/3000 in=0.002103 WETH gap=39.3bps profit=$0.002 net=$-0.001"}
{"level":30,"time":1790807227924,"pid":20666,"hostname":"vm","msg":"  WETH>USDC@PancakeV3/100 USDC>WETH@SushiV3/3000 in=0.002043 WETH gap=39.1bps profit=$0.002 net=$-0.001"}
{"level":30,"time":1790807283688,"pid":20666,"hostname":"vm","block":52008940,"gross":275,"net":0,"sumNetUsd":0,"gasPriceGwei":0.006,"txCostUsd":0.004,"syncMs":53811,"searchMs":228,"msg":"block scanned"}
{"level":30,"time":1790807283688,"pid":20666,"hostname":"vm","msg":"  VIRTUAL>USDC@PancakeV3/500 USDC>VIRTUAL@UniswapV3/500 in=0.8254 VIRTUAL gap=23.8bps profit=$0.000 net=$-0.003"}
{"level":30,"time":1790807283688,"pid":20666,"hostname":"vm","msg":"  DAI>WETH@PancakeV3/500 WETH>DAI@UniswapV3/500 in=0.4055 DAI gap=21.3bps profit=$0.000 net=$-0.003"}
{"level":30,"time":1790807283688,"pid":20666,"hostname":"vm","msg":"  DAI>WETH@UniswapV3/3000 WETH>DAI@UniswapV3/500 in=0.1856 DAI gap=39bps profit=$0.000 net=$-0.003"}
{"level":30,"time":1790807283688,"pid":20666,"hostname":"vm","msg":"  WETH>USDC@PancakeV3/100 USDC>WETH@SushiV3/3000 in=0.002145 WETH gap=39.5bps profit=$0.002 net=$-0.001"}
{"level":30,"time":1790807283688,"pid":20666,"hostname":"vm","msg":"  WETH>USDC@UniswapV3/100 USDC>WETH@SushiV3/3000 in=0.002072 WETH gap=39.2bps profit=$0.002 net=$-0.001"}
{"level":30,"time":1790807287647,"pid":20666,"hostname":"vm","block":52008968,"gross":323,"net":0,"sumNetUsd":0,"gasPriceGwei":0.006,"txCostUsd":0.004,"syncMs":1931,"searchMs":228,"msg":"block scanned"}
{"level":30,"time":1790807287647,"pid":20666,"hostname":"vm","msg":"  VIRTUAL>USDC@PancakeV3/500 USDC>VIRTUAL@UniswapV3/500 in=1.468 VIRTUAL gap=35bps profit=$0.001 net=$-0.002"}
{"level":30,"time":1790807287647,"pid":20666,"hostname":"vm","msg":"  DAI>WETH@PancakeV3/500 WETH>DAI@UniswapV3/500 in=0.4055 DAI gap=21.3bps profit=$0.000 net=$-0.003"}
{"level":30,"time":1790807287647,"pid":20666,"hostname":"vm","msg":"  AERO>WETH@AerodromeCL3/50 WETH>AERO@PancakeV3/100 in=0.5099 AERO gap=9.8bps profit=$0.000 net=$-0.003"}
{"level":30,"time":1790807287647,"pid":20666,"hostname":"vm","msg":"  VIRTUAL>WETH@AerodromeCL/100 WETH>VIRTUAL@PancakeV3/100 in=0.6886 VIRTUAL gap=7.8bps profit=$0.000 net=$-0.003"}
{"level":30,"time":1790807287647,"pid":20666,"hostname":"vm","msg":"  VIRTUAL>WETH@AerodromeCL3/50 WETH>VIRTUAL@PancakeV3/100 in=0.5418 VIRTUAL gap=7.4bps profit=$0.000 net=$-0.003"}
{"level":30,"time":1790807291702,"pid":20666,"hostname":"vm","block":52008970,"gross":130,"net":0,"sumNetUsd":0,"gasPriceGwei":0.006,"txCostUsd":0.004,"syncMs":1655,"searchMs":131,"msg":"block scanned"}
{"level":30,"time":1790807291702,"pid":20666,"hostname":"vm","msg":"  DEGEN>WETH@PancakeV3/500 WETH>DEGEN@AerodromeCL/200 in=356.1 DEGEN gap=35.2bps profit=$0.000 net=$-0.003"}
{"level":30,"time":1790807291702,"pid":20666,"hostname":"vm","msg":"  AERO>WETH@PancakeV3/500 WETH>AERO@UniswapV2 in=1.379 AERO gap=64.8bps profit=$0.002 net=$-0.001"}
{"level":30,"time":1790807291702,"pid":20666,"hostname":"vm","msg":"  AERO>WETH@AerodromeCL3/50 WETH>AERO@UniswapV2 in=1.095 AERO gap=58.7bps profit=$0.001 net=$-0.002"}
{"level":30,"time":1790807291702,"pid":20666,"hostname":"vm","msg":"  AERO>WETH@PancakeV3/500 WETH>AERO@PancakeV3/100 in=1.547 AERO gap=17.5bps profit=$0.001 net=$-0.003"}
{"level":30,"time":1790807291702,"pid":20666,"hostname":"vm","msg":"  AERO>WETH@PancakeV3/100 WETH>AERO@UniswapV2 in=0.5563 AERO gap=47.2bps profit=$0.000 net=$-0.002"}
{"level":30,"time":1790807296213,"pid":20666,"hostname":"vm","block":52008972,"gross":318,"net":0,"sumNetUsd":0,"gasPriceGwei":0.006,"txCostUsd":0.004,"syncMs":1925,"searchMs":218,"msg":"block scanned"}
{"level":30,"time":1790807296213,"pid":20666,"hostname":"vm","msg":"  VIRTUAL>USDC@PancakeV3/500 USDC>VIRTUAL@UniswapV3/500 in=1.374 VIRTUAL gap=32.9bps profit=$0.001 net=$-0.002"}
{"level":30,"time":1790807296213,"pid":20666,"hostname":"vm","msg":"  VIRTUAL>WETH@AerodromeCL/100 WETH>VIRTUAL@PancakeV3/100 in=2.071 VIRTUAL gap=11.5bps profit=$0.000 net=$-0.003"}
{"level":30,"time":1790807296213,"pid":20666,"hostname":"vm","msg":"  DAI>WETH@PancakeV3/500 WETH>DAI@UniswapV3/500 in=0.4055 DAI gap=21.3bps profit=$0.000 net=$-0.003"}
{"level":30,"time":1790807296213,"pid":20666,"hostname":"vm","msg":"  VIRTUAL>WETH@AerodromeCL3/50 WETH>VIRTUAL@PancakeV3/100 in=0.8768 VIRTUAL gap=8.3bps profit=$0.000 net=$-0.003"}
{"level":30,"time":1790807296213,"pid":20666,"hostname":"vm","msg":"  DAI>WETH@UniswapV3/3000 WETH>DAI@UniswapV3/500 in=0.1856 DAI gap=39bps profit=$0.000 net=$-0.003"}
{"level":30,"time":1790807299665,"pid":20666,"hostname":"vm","block":52008974,"gross":336,"net":0,"sumNetUsd":0,"gasPriceGwei":0.006,"txCostUsd":0.004,"syncMs":1494,"searchMs":222,"msg":"block scanned"}
{"level":30,"time":1790807299665,"pid":20666,"hostname":"vm","msg":"  BRETT>AERO@Aerodrome(s) AERO>BRETT@Aerodrome in=153.4 BRETT gap=46.7bps profit=$0.001 net=$-0.001"}
{"level":30,"time":1790807299665,"pid":20666,"hostname":"vm","msg":"  VIRTUAL>USDC@PancakeV3/500 USDC>VIRTUAL@UniswapV3/500 in=1.374 VIRTUAL gap=32.9bps profit=$0.001 net=$-0.002"}
{"level":30,"time":1790807299665,"pid":20666,"hostname":"vm","msg":"  AERO>BRETT@Aerodrome BRETT>AERO@Aerodrome(s) in=1.102 AERO gap=46.7bps profit=$0.001 net=$-0.001"}
{"level":30,"time":1790807299665,"pid":20666,"hostname":"vm","msg":"  VIRTUAL>WETH@AerodromeCL/100 WETH>VIRTUAL@PancakeV3/100 in=2.071 VIRTUAL gap=11.5bps profit=$0.000 net=$-0.003"}
{"level":30,"time":1790807299665,"pid":20666,"hostname":"vm","msg":"  DAI>WETH@PancakeV3/500 WETH>DAI@UniswapV3/500 in=0.4055 DAI gap=21.3bps profit=$0.000 net=$-0.003"}
{"level":30,"time":1790807303775,"pid":20666,"hostname":"vm","block":52008976,"gross":360,"net":1,"sumNetUsd":0,"gasPriceGwei":0.006,"txCostUsd":0.004,"syncMs":2037,"searchMs":242,"msg":"block scanned"}
{"level":30,"time":1790807303775,"pid":20666,"hostname":"vm","msg":"  BRETT>AERO@Aerodrome(s) AERO>BRETT@Aerodrome in=153.4 BRETT gap=46.7bps profit=$0.001 net=$-0.001"}
{"level":30,"time":1790807303775,"pid":20666,"hostname":"vm","msg":"  VIRTUAL>USDC@PancakeV3/500 USDC>VIRTUAL@UniswapV3/500 in=1.572 VIRTUAL gap=36.8bps profit=$0.002 net=$-0.002"}
{"level":30,"time":1790807303775,"pid":20666,"hostname":"vm","msg":"  VIRTUAL>WETH@AerodromeCL/100 WETH>VIRTUAL@PancakeV3/100 in=3.041 VIRTUAL gap=14.1bps profit=$0.001 net=$-0.002"}
{"level":30,"time":1790807303775,"pid":20666,"hostname":"vm","msg":"  AERO>BRETT@Aerodrome BRETT>AERO@Aerodrome(s) in=1.102 AERO gap=46.7bps profit=$0.001 net=$-0.001"}
{"level":30,"time":1790807303775,"pid":20666,"hostname":"vm","msg":"  AERO>WETH@UniswapV2 WETH>AERO@PancakeV3/100 in=0.6614 AERO gap=50.2bps profit=$0.001 net=$-0.002"}
{"level":30,"time":1790807307688,"pid":20666,"hostname":"vm","block":52008978,"gross":355,"net":0,"sumNetUsd":0,"gasPriceGwei":0.006,"txCostUsd":0.004,"syncMs":1488,"searchMs":239,"msg":"block scanned"}
{"level":30,"time":1790807307688,"pid":20666,"hostname":"vm","msg":"  BRETT>AERO@Aerodrome(s) AERO>BRETT@Aerodrome in=153.4 BRETT gap=46.7bps profit=$0.001 net=$-0.001"}
{"level":30,"time":1790807307688,"pid":20666,"hostname":"vm","msg":"  VIRTUAL>USDC@PancakeV3/500 USDC>VIRTUAL@UniswapV3/500 in=1.572 VIRTUAL gap=36.8bps profit=$0.002 net=$-0.002"}
{"level":30,"time":1790807307688,"pid":20666,"hostname":"vm","msg":"  VIRTUAL>WETH@AerodromeCL/100 WETH>VIRTUAL@PancakeV3/100 in=3.733 VIRTUAL gap=16bps profit=$0.001 net=$-0.002"}
{"level":30,"time":1790807307688,"pid":20666,"hostname":"vm","msg":"  AERO>BRETT@Aerodrome BRETT>AERO@Aerodrome(s) in=1.102 AERO gap=46.7bps profit=$0.001 net=$-0.001"}
{"level":30,"time":1790807307688,"pid":20666,"hostname":"vm","msg":"  AERO>WETH@UniswapV2 WETH>AERO@PancakeV3/100 in=0.6614 AERO gap=50.2bps profit=$0.001 net=$-0.002"}
{"level":30,"time":1790807312576,"pid":20666,"hostname":"vm","block":52008980,"gross":354,"net":0,"sumNetUsd":0,"gasPriceGwei":0.006,"txCostUsd":0.004,"syncMs":1984,"searchMs":243,"msg":"block scanned"}
{"level":30,"time":1790807312576,"pid":20666,"hostname":"vm","msg":"  BRETT>AERO@Aerodrome(s) AERO>BRETT@Aerodrome in=153.4 BRETT gap=46.7bps profit=$0.001 net=$-0.001"}
{"level":30,"time":1790807312576,"pid":20666,"hostname":"vm","msg":"  VIRTUAL>USDC@PancakeV3/500 USDC>VIRTUAL@UniswapV3/500 in=1.572 VIRTUAL gap=36.8bps profit=$0.002 net=$-0.002"}
{"level":30,"time":1790807312576,"pid":20666,"hostname":"vm","msg":"  VIRTUAL>WETH@AerodromeCL/100 WETH>VIRTUAL@PancakeV3/100 in=2.764 VIRTUAL gap=13.4bps profit=$0.001 net=$-0.003"}
{"level":30,"time":1790807312576,"pid":20666,"hostname":"vm","msg":"  AERO>BRETT@Aerodrome BRETT>AERO@Aerodrome(s) in=1.102 AERO gap=46.7bps profit=$0.001 net=$-0.001"}
{"level":30,"time":1790807312576,"pid":20666,"hostname":"vm","msg":"  AERO>WETH@UniswapV2 WETH>AERO@PancakeV3/100 in=0.6614 AERO gap=50.2bps profit=$0.001 net=$-0.002"}
{"level":30,"time":1790807316799,"pid":20666,"hostname":"vm","block":52008983,"gross":351,"net":0,"sumNetUsd":0,"gasPriceGwei":0.006,"txCostUsd":0.004,"syncMs":1789,"searchMs":239,"msg":"block scanned"}
{"level":30,"time":1790807316800,"pid":20666,"hostname":"vm","msg":"  BRETT>AERO@Aerodrome(s) AERO>BRETT@Aerodrome in=153.4 BRETT gap=46.7bps profit=$0.001 net=$-0.001"}
{"level":30,"time":1790807316800,"pid":20666,"hostname":"vm","msg":"  VIRTUAL>USDC@PancakeV3/500 USDC>VIRTUAL@UniswapV3/500 in=1.572 VIRTUAL gap=36.8bps profit=$0.002 net=$-0.002"}
{"level":30,"time":1790807316800,"pid":20666,"hostname":"vm","msg":"  VIRTUAL>WETH@AerodromeCL/100 WETH>VIRTUAL@PancakeV3/100 in=2.764 VIRTUAL gap=13.4bps profit=$0.001 net=$-0.003"}
{"level":30,"time":1790807316800,"pid":20666,"hostname":"vm","msg":"  AERO>BRETT@Aerodrome BRETT>AERO@Aerodrome(s) in=1.102 AERO gap=46.7bps profit=$0.001 net=$-0.001"}
{"level":30,"time":1790807316800,"pid":20666,"hostname":"vm","msg":"  AERO>WETH@UniswapV2 WETH>AERO@PancakeV3/100 in=0.6614 AERO gap=50.2bps profit=$0.001 net=$-0.002"}
{"level":30,"time":1790807320864,"pid":20666,"hostname":"vm","block":52008985,"gross":185,"net":32,"sumNetUsd":7.28,"gasPriceGwei":0.006,"txCostUsd":0.004,"syncMs":1657,"searchMs":175,"msg":"block scanned"}
{"level":30,"time":1790807320864,"pid":20666,"hostname":"vm","msg":"  DEGEN>WETH@PancakeV3/500 WETH>DEGEN@AerodromeCL/200 in=356.1 DEGEN gap=35.2bps profit=$0.000 net=$-0.003"}
{"level":30,"time":1790807320864,"pid":20666,"hostname":"vm","msg":"  BRETT>AERO@Aerodrome(s) AERO>BRETT@Aerodrome in=153.4 BRETT gap=46.7bps profit=$0.001 net=$-0.001"}
{"level":30,"time":1790807320864,"pid":20666,"hostname":"vm","msg":"  VIRTUAL>USDC@PancakeV3/500 USDC>VIRTUAL@UniswapV3/500 in=1.572 VIRTUAL gap=36.8bps profit=$0.002 net=$-0.002"}
{"level":30,"time":1790807320864,"pid":20666,"hostname":"vm","msg":"  AERO>WETH@PancakeV3/500 WETH>AERO@UniswapV2 in=1.379 AERO gap=64.8bps profit=$0.002 net=$-0.001"}
{"level":30,"time":1790807320864,"pid":20666,"hostname":"vm","msg":"  AERO>WETH@AerodromeCL3/50 WETH>AERO@UniswapV2 in=1.095 AERO gap=58.7bps profit=$0.001 net=$-0.002"}
{"level":30,"time":1790807325372,"pid":20666,"hostname":"vm","block":52008987,"gross":185,"net":30,"sumNetUsd":7.28,"gasPriceGwei":0.006,"txCostUsd":0.004,"syncMs":1919,"searchMs":170,"msg":"block scanned"}
{"level":30,"time":1790807325372,"pid":20666,"hostname":"vm","msg":"  DEGEN>WETH@PancakeV3/500 WETH>DEGEN@AerodromeCL/200 in=356.1 DEGEN gap=35.2bps profit=$0.000 net=$-0.003"}
{"level":30,"time":1790807325372,"pid":20666,"hostname":"vm","msg":"  BRETT>AERO@Aerodrome(s) AERO>BRETT@Aerodrome in=153.4 BRETT gap=46.7bps profit=$0.001 net=$-0.001"}
{"level":30,"time":1790807325372,"pid":20666,"hostname":"vm","msg":"  VIRTUAL>USDC@PancakeV3/500 USDC>VIRTUAL@UniswapV3/500 in=1.572 VIRTUAL gap=36.8bps profit=$0.002 net=$-0.002"}
{"level":30,"time":1790807325372,"pid":20666,"hostname":"vm","msg":"  AERO>WETH@PancakeV3/500 WETH>AERO@UniswapV2 in=1.379 AERO gap=64.8bps profit=$0.002 net=$-0.001"}
{"level":30,"time":1790807325372,"pid":20666,"hostname":"vm","msg":"  AERO>WETH@AerodromeCL3/50 WETH>AERO@UniswapV2 in=1.095 AERO gap=58.7bps profit=$0.001 net=$-0.002"}
{"level":30,"time":1790807328667,"pid":20666,"hostname":"vm","block":52008989,"gross":345,"net":0,"sumNetUsd":0,"gasPriceGwei":0.006,"txCostUsd":0.004,"syncMs":1758,"searchMs":240,"msg":"block scanned"}
{"level":30,"time":1790807328667,"pid":20666,"hostname":"vm","msg":"  BRETT>AERO@Aerodrome(s) AERO>BRETT@Aerodrome in=153.4 BRETT gap=46.7bps profit=$0.001 net=$-0.001"}
{"level":30,"time":1790807328667,"pid":20666,"hostname":"vm","msg":"  VIRTUAL>USDC@PancakeV3/500 USDC>VIRTUAL@UniswapV3/500 in=1.572 VIRTUAL gap=36.8bps profit=$0.002 net=$-0.002"}
{"level":30,"time":1790807328667,"pid":20666,"hostname":"vm","msg":"  VIRTUAL>WETH@AerodromeCL/100 WETH>VIRTUAL@PancakeV3/100 in=3.190 VIRTUAL gap=14.5bps profit=$0.001 net=$-0.002"}
{"level":30,"time":1790807328667,"pid":20666,"hostname":"vm","msg":"  AERO>BRETT@Aerodrome BRETT>AERO@Aerodrome(s) in=1.102 AERO gap=46.7bps profit=$0.001 net=$-0.001"}
{"level":30,"time":1790807328667,"pid":20666,"hostname":"vm","msg":"  AERO>WETH@UniswapV2 WETH>AERO@PancakeV3/100 in=0.6614 AERO gap=50.2bps profit=$0.001 net=$-0.002"}
{"level":30,"time":1790807332769,"pid":20666,"hostname":"vm","block":52008991,"gross":342,"net":0,"sumNetUsd":0,"gasPriceGwei":0.006,"txCostUsd":0.004,"syncMs":1866,"searchMs":268,"msg":"block scanned"}
{"level":30,"time":1790807332769,"pid":20666,"hostname":"vm","msg":"  BRETT>AERO@Aerodrome(s) AERO>BRETT@Aerodrome in=153.4 BRETT gap=46.7bps profit=$0.001 net=$-0.001"}
{"level":30,"time":1790807332769,"pid":20666,"hostname":"vm","msg":"  VIRTUAL>USDC@PancakeV3/500 USDC>VIRTUAL@UniswapV3/500 in=1.572 VIRTUAL gap=36.8bps profit=$0.002 net=$-0.002"}
{"level":30,"time":1790807332769,"pid":20666,"hostname":"vm","msg":"  VIRTUAL>WETH@AerodromeCL/100 WETH>VIRTUAL@PancakeV3/100 in=3.190 VIRTUAL gap=14.5bps profit=$0.001 net=$-0.002"}
{"level":30,"time":1790807332769,"pid":20666,"hostname":"vm","msg":"  AERO>BRETT@Aerodrome BRETT>AERO@Aerodrome(s) in=1.102 AERO gap=46.7bps profit=$0.001 net=$-0.001"}
{"level":30,"time":1790807332769,"pid":20666,"hostname":"vm","msg":"  AERO>WETH@UniswapV2 WETH>AERO@PancakeV3/100 in=0.6614 AERO gap=50.2bps profit=$0.001 net=$-0.002"}
{"level":30,"time":1790807336756,"pid":20666,"hostname":"vm","block":52008993,"gross":342,"net":0,"sumNetUsd":0,"gasPriceGwei":0.006,"txCostUsd":0.004,"syncMs":1873,"searchMs":233,"msg":"block scanned"}
{"level":30,"time":1790807336756,"pid":20666,"hostname":"vm","msg":"  BRETT>AERO@Aerodrome(s) AERO>BRETT@Aerodrome in=153.4 BRETT gap=46.7bps profit=$0.001 net=$-0.001"}
{"level":30,"time":1790807336756,"pid":20666,"hostname":"vm","msg":"  VIRTUAL>USDC@PancakeV3/500 USDC>VIRTUAL@UniswapV3/500 in=1.572 VIRTUAL gap=36.8bps profit=$0.002 net=$-0.002"}
{"level":30,"time":1790807336756,"pid":20666,"hostname":"vm","msg":"  VIRTUAL>WETH@AerodromeCL/100 WETH>VIRTUAL@PancakeV3/100 in=3.190 VIRTUAL gap=14.5bps profit=$0.001 net=$-0.002"}
{"level":30,"time":1790807336756,"pid":20666,"hostname":"vm","msg":"  AERO>BRETT@Aerodrome BRETT>AERO@Aerodrome(s) in=1.102 AERO gap=46.7bps profit=$0.001 net=$-0.001"}
{"level":30,"time":1790807336756,"pid":20666,"hostname":"vm","msg":"  AERO>WETH@UniswapV2 WETH>AERO@PancakeV3/100 in=0.6614 AERO gap=50.2bps profit=$0.001 net=$-0.002"}
{"level":30,"time":1790807340653,"pid":20666,"hostname":"vm","block":52008995,"gross":334,"net":0,"sumNetUsd":0,"gasPriceGwei":0.006,"txCostUsd":0.004,"syncMs":1555,"searchMs":256,"msg":"block scanned"}
{"level":30,"time":1790807340653,"pid":20666,"hostname":"vm","msg":"  BRETT>AERO@Aerodrome(s) AERO>BRETT@Aerodrome in=153.4 BRETT gap=46.7bps profit=$0.001 net=$-0.001"}
{"level":30,"time":1790807340653,"pid":20666,"hostname":"vm","msg":"  VIRTUAL>USDC@PancakeV3/500 USDC>VIRTUAL@UniswapV3/500 in=1.570 VIRTUAL gap=36.8bps profit=$0.002 net=$-0.002"}
{"level":30,"time":1790807340653,"pid":20666,"hostname":"vm","msg":"  AERO>BRETT@Aerodrome BRETT>AERO@Aerodrome(s) in=1.102 AERO gap=46.7bps profit=$0.001 net=$-0.001"}
{"level":30,"time":1790807340653,"pid":20666,"hostname":"vm","msg":"  AERO>WETH@UniswapV2 WETH>AERO@PancakeV3/100 in=0.6614 AERO gap=50.2bps profit=$0.001 net=$-0.002"}
{"level":30,"time":1790807340653,"pid":20666,"hostname":"vm","msg":"  AERO>WETH@UniswapV2 WETH>AERO@PancakeV3/500 in=0.5335 AERO gap=46.6bps profit=$0.000 net=$-0.002"}
{"level":30,"time":1790807393688,"pid":20666,"hostname":"vm","block":52008997,"gross":332,"net":0,"sumNetUsd":0,"gasPriceGwei":0.006,"txCostUsd":0.004,"syncMs":50603,"searchMs":255,"msg":"block scanned"}
{"level":30,"time":1790807393688,"pid":20666,"hostname":"vm","msg":"  BRETT>AERO@Aerodrome(s) AERO>BRETT@Aerodrome in=153.4 BRETT gap=46.7bps profit=$0.001 net=$-0.001"}
{"level":30,"time":1790807393688,"pid":20666,"hostname":"vm","msg":"  VIRTUAL>USDC@PancakeV3/500 USDC>VIRTUAL@UniswapV3/500 in=1.570 VIRTUAL gap=36.8bps profit=$0.002 net=$-0.002"}
{"level":30,"time":1790807393688,"pid":20666,"hostname":"vm","msg":"  AERO>BRETT@Aerodrome BRETT>AERO@Aerodrome(s) in=1.102 AERO gap=46.7bps profit=$0.001 net=$-0.001"}
{"level":30,"time":1790807393688,"pid":20666,"hostname":"vm","msg":"  AERO>WETH@UniswapV2 WETH>AERO@PancakeV3/100 in=0.6614 AERO gap=50.2bps profit=$0.001 net=$-0.002"}
{"level":30,"time":1790807393688,"pid":20666,"hostname":"vm","msg":"  AERO>WETH@UniswapV2 WETH>AERO@PancakeV3/500 in=0.5335 AERO gap=46.6bps profit=$0.000 net=$-0.002"}
{"level":30,"time":1790807397913,"pid":20666,"hostname":"vm","block":52009023,"gross":320,"net":0,"sumNetUsd":0,"gasPriceGwei":0.006,"txCostUsd":0.004,"syncMs":1901,"searchMs":215,"msg":"block scanned"}
{"level":30,"time":1790807397913,"pid":20666,"hostname":"vm","msg":"  VIRTUAL>USDC@PancakeV3/500 USDC>VIRTUAL@UniswapV3/500 in=1.570 VIRTUAL gap=36.8bps profit=$0.002 net=$-0.002"}
{"level":30,"time":1790807397913,"pid":20666,"hostname":"vm","msg":"  AERO>WETH@UniswapV2 WETH>AERO@PancakeV3/100 in=0.6614 AERO gap=50.2bps profit=$0.001 net=$-0.002"}
{"level":30,"time":1790807397913,"pid":20666,"hostname":"vm","msg":"  DAI>WETH@UniswapV3/3000 WETH>DAI@PancakeV3/500 in=0.2295 DAI gap=45.6bps profit=$0.000 net=$-0.003"}
{"level":30,"time":1790807397913,"pid":20666,"hostname":"vm","msg":"  AERO>WETH@UniswapV2 WETH>AERO@AerodromeCL3/50 in=0.3307 AERO gap=42.2bps profit=$0.000 net=$-0.002"}
{"level":30,"time":1790807397913,"pid":20666,"hostname":"vm","msg":"  AERO>WETH@UniswapV2 WETH>AERO@PancakeV3/500 in=0.2727 AERO gap=41bps profit=$0.000 net=$-0.003"}
{"level":30,"time":1790807401689,"pid":20666,"hostname":"vm","block":52009025,"gross":320,"net":0,"sumNetUsd":0,"gasPriceGwei":0.006,"txCostUsd":0.004,"syncMs":2116,"searchMs":211,"msg":"block scanned"}
{"level":30,"time":1790807401689,"pid":20666,"hostname":"vm","msg":"  VIRTUAL>USDC@PancakeV3/500 USDC>VIRTUAL@UniswapV3/500 in=1.570 VIRTUAL gap=36.8bps profit=$0.002 net=$-0.002"}
{"level":30,"time":1790807401689,"pid":20666,"hostname":"vm","msg":"  AERO>WETH@UniswapV2 WETH>AERO@PancakeV3/100 in=0.6614 AERO gap=50.2bps profit=$0.001 net=$-0.002"}
{"level":30,"time":1790807401689,"pid":20666,"hostname":"vm","msg":"  DAI>WETH@UniswapV3/3000 WETH>DAI@PancakeV3/500 in=0.2295 DAI gap=45.6bps profit=$0.000 net=$-0.003"}
{"level":30,"time":1790807401689,"pid":20666,"hostname":"vm","msg":"  AERO>WETH@UniswapV2 WETH>AERO@AerodromeCL3/50 in=0.3307 AERO gap=42.2bps profit=$0.000 net=$-0.002"}
{"level":30,"time":1790807401689,"pid":20666,"hostname":"vm","msg":"  AERO>WETH@UniswapV2 WETH>AERO@PancakeV3/500 in=0.2727 AERO gap=41bps profit=$0.000 net=$-0.003"}
{"level":30,"time":1790807405812,"pid":20666,"hostname":"vm","block":52009027,"gross":322,"net":0,"sumNetUsd":0,"gasPriceGwei":0.006,"txCostUsd":0.004,"syncMs":1529,"searchMs":227,"msg":"block scanned"}
{"level":30,"time":1790807405812,"pid":20666,"hostname":"vm","msg":"  VIRTUAL>USDC@PancakeV3/500 USDC>VIRTUAL@UniswapV3/500 in=1.753 VIRTUAL gap=39.9bps profit=$0.002 net=$-0.001"}
{"level":30,"time":1790807405812,"pid":20666,"hostname":"vm","msg":"  AERO>WETH@UniswapV2 WETH>AERO@PancakeV3/100 in=0.6614 AERO gap=50.2bps profit=$0.001 net=$-0.002"}
{"level":30,"time":1790807405812,"pid":20666,"hostname":"vm","msg":"  DAI>WETH@UniswapV3/3000 WETH>DAI@PancakeV3/500 in=0.2295 DAI gap=45.6bps profit=$0.000 net=$-0.003"}
{"level":30,"time":1790807405812,"pid":20666,"hostname":"vm","msg":"  AERO>WETH@UniswapV2 WETH>AERO@AerodromeCL3/50 in=0.3307 AERO gap=42.2bps profit=$0.000 net=$-0.002"}
{"level":30,"time":1790807405812,"pid":20666,"hostname":"vm","msg":"  AERO>WETH@UniswapV2 WETH>AERO@PancakeV3/500 in=0.2759 AERO gap=41bps profit=$0.000 net=$-0.003"}
{"level":30,"time":1790807409968,"pid":20666,"hostname":"vm","block":52009029,"gross":325,"net":0,"sumNetUsd":0,"gasPriceGwei":0.006,"txCostUsd":0.004,"syncMs":1664,"searchMs":217,"msg":"block scanned"}
{"level":30,"time":1790807409968,"pid":20666,"hostname":"vm","msg":"  VIRTUAL>USDC@PancakeV3/500 USDC>VIRTUAL@UniswapV3/500 in=1.934 VIRTUAL gap=43bps profit=$0.003 net=$-0.001"}
{"level":30,"time":1790807409968,"pid":20666,"hostname":"vm","msg":"  AERO>WETH@UniswapV2 WETH>AERO@PancakeV3/100 in=0.6614 AERO gap=50.2bps profit=$0.001 net=$-0.002"}
{"level":30,"time":1790807409968,"pid":20666,"hostname":"vm","msg":"  VIRTUAL>USDC@PancakeV3/500 USDC>VIRTUAL@AerodromeCL3/2000 in=1.942 VIRTUAL gap=111.2bps profit=$0.000 net=$-0.003"}
{"level":30,"time":1790807409968,"pid":20666,"hostname":"vm","msg":"  DAI>WETH@UniswapV3/3000 WETH>DAI@PancakeV3/500 in=0.2295 DAI gap=45.6bps profit=$0.000 net=$-0.003"}
{"level":30,"time":1790807409968,"pid":20666,"hostname":"vm","msg":"  AERO>WETH@UniswapV2 WETH>AERO@AerodromeCL3/50 in=0.3307 AERO gap=42.2bps profit=$0.000 net=$-0.002"}
{"level":30,"time":1790807413825,"pid":20666,"hostname":"vm","block":52009031,"gross":323,"net":0,"sumNetUsd":0,"gasPriceGwei":0.006,"txCostUsd":0.004,"syncMs":1469,"searchMs":219,"msg":"block scanned"}
{"level":30,"time":1790807413826,"pid":20666,"hostname":"vm","msg":"  VIRTUAL>USDC@PancakeV3/500 USDC>VIRTUAL@UniswapV3/500 in=1.934 VIRTUAL gap=43bps profit=$0.003 net=$-0.001"}
{"level":30,"time":1790807413826,"pid":20666,"hostname":"vm","msg":"  AERO>WETH@UniswapV2 WETH>AERO@PancakeV3/100 in=0.6614 AERO gap=50.2bps profit=$0.001 net=$-0.002"}
{"level":30,"time":1790807413826,"pid":20666,"hostname":"vm","msg":"  VIRTUAL>USDC@PancakeV3/500 USDC>VIRTUAL@AerodromeCL3/2000 in=1.942 VIRTUAL gap=111.2bps profit=$0.000 net=$-0.003"}
{"level":30,"time":1790807413826,"pid":20666,"hostname":"vm","msg":"  DAI>WETH@UniswapV3/3000 WETH>DAI@PancakeV3/500 in=0.2295 DAI gap=45.6bps profit=$0.000 net=$-0.003"}
{"level":30,"time":1790807413826,"pid":20666,"hostname":"vm","msg":"  AERO>WETH@UniswapV2 WETH>AERO@AerodromeCL3/50 in=0.3307 AERO gap=42.2bps profit=$0.000 net=$-0.002"}
{"level":30,"time":1790807417805,"pid":20666,"hostname":"vm","block":52009033,"gross":322,"net":0,"sumNetUsd":0,"gasPriceGwei":0.006,"txCostUsd":0.004,"syncMs":1558,"searchMs":219,"msg":"block scanned"}
{"level":30,"time":1790807417805,"pid":20666,"hostname":"vm","msg":"  VIRTUAL>USDC@PancakeV3/500 USDC>VIRTUAL@UniswapV3/500 in=1.934 VIRTUAL gap=43bps profit=$0.003 net=$-0.001"}
{"level":30,"time":1790807417805,"pid":20666,"hostname":"vm","msg":"  AERO>WETH@UniswapV2 WETH>AERO@PancakeV3/100 in=0.6614 AERO gap=50.2bps profit=$0.001 net=$-0.002"}
{"level":30,"time":1790807417805,"pid":20666,"hostname":"vm","msg":"  VIRTUAL>USDC@PancakeV3/500 USDC>VIRTUAL@AerodromeCL3/2000 in=1.942 VIRTUAL gap=111.2bps profit=$0.000 net=$-0.003"}
{"level":30,"time":1790807417805,"pid":20666,"hostname":"vm","msg":"  AERO>WETH@PancakeV3/500 WETH>AERO@PancakeV3/100 in=0.9833 AERO gap=13.3bps profit=$0.000 net=$-0.003"}
{"level":30,"time":1790807417805,"pid":20666,"hostname":"vm","msg":"  DAI>WETH@UniswapV3/3000 WETH>DAI@PancakeV3/500 in=0.2295 DAI gap=45.6bps profit=$0.000 net=$-0.003"}
{"level":30,"time":1790807421749,"pid":20666,"hostname":"vm","block":52009035,"gross":308,"net":0,"sumNetUsd":0,"gasPriceGwei":0.006,"txCostUsd":0.004,"syncMs":1510,"searchMs":204,"msg":"block scanned"}
{"level":30,"time":1790807421749,"pid":20666,"hostname":"vm","msg":"  VIRTUAL>USDC@PancakeV3/500 USDC>VIRTUAL@UniswapV3/500 in=1.934 VIRTUAL gap=43bps profit=$0.003 net=$-0.001"}
{"level":30,"time":1790807421749,"pid":20666,"hostname":"vm","msg":"  AERO>WETH@UniswapV2 WETH>AERO@PancakeV3/100 in=0.6614 AERO gap=50.2bps profit=$0.001 net=$-0.002"}
{"level":30,"time":1790807421749,"pid":20666,"hostname":"vm","msg":"  VIRTUAL>USDC@PancakeV3/500 USDC>VIRTUAL@AerodromeCL3/2000 in=1.942 VIRTUAL gap=111.2bps profit=$0.000 net=$-0.003"}
{"level":30,"time":1790807421749,"pid":20666,"hostname":"vm","msg":"  AERO>WETH@PancakeV3/500 WETH>AERO@PancakeV3/100 in=0.9833 AERO gap=13.3bps profit=$0.000 net=$-0.003"}
{"level":30,"time":1790807421749,"pid":20666,"hostname":"vm","msg":"  DAI>WETH@UniswapV3/3000 WETH>DAI@PancakeV3/500 in=0.2295 DAI gap=45.6bps profit=$0.000 net=$-0.003"}
{"level":30,"time":1790807425502,"pid":20666,"hostname":"vm","block":52009037,"gross":306,"net":0,"sumNetUsd":0,"gasPriceGwei":0.006,"txCostUsd":0.004,"syncMs":1875,"searchMs":209,"msg":"block scanned"}
{"level":30,"time":1790807425502,"pid":20666,"hostname":"vm","msg":"  VIRTUAL>USDC@PancakeV3/500 USDC>VIRTUAL@UniswapV3/500 in=1.934 VIRTUAL gap=43bps profit=$0.003 net=$-0.001"}
{"level":30,"time":1790807425502,"pid":20666,"hostname":"vm","msg":"  AERO>WETH@UniswapV2 WETH>AERO@PancakeV3/100 in=0.6614 AERO gap=50.2bps profit=$0.001 net=$-0.002"}
{"level":30,"time":1790807425502,"pid":20666,"hostname":"vm","msg":"  AERO>WETH@AerodromeCL3/50 WETH>AERO@PancakeV3/100 in=1.161 AERO gap=14.7bps profit=$0.000 net=$-0.003"}
{"level":30,"time":1790807425502,"pid":20666,"hostname":"vm","msg":"  VIRTUAL>USDC@PancakeV3/500 USDC>VIRTUAL@AerodromeCL3/2000 in=1.942 VIRTUAL gap=111.2bps profit=$0.000 net=$-0.003"}
{"level":30,"time":1790807425502,"pid":20666,"hostname":"vm","msg":"  AERO>WETH@PancakeV3/500 WETH>AERO@PancakeV3/100 in=0.9833 AERO gap=13.3bps profit=$0.000 net=$-0.003"}
{"level":30,"time":1790807428955,"pid":20666,"hostname":"vm","block":52009039,"gross":286,"net":0,"sumNetUsd":0,"gasPriceGwei":0.006,"txCostUsd":0.004,"syncMs":1049,"searchMs":217,"msg":"block scanned"}
{"level":30,"time":1790807428955,"pid":20666,"hostname":"vm","msg":"  VIRTUAL>USDC@PancakeV3/500 USDC>VIRTUAL@UniswapV3/500 in=1.934 VIRTUAL gap=43bps profit=$0.003 net=$-0.001"}
{"level":30,"time":1790807428955,"pid":20666,"hostname":"vm","msg":"  VIRTUAL>USDC@PancakeV3/500 USDC>VIRTUAL@AerodromeCL3/2000 in=1.942 VIRTUAL gap=111.2bps profit=$0.000 net=$-0.003"}
{"level":30,"time":1790807428955,"pid":20666,"hostname":"vm","msg":"  DAI>WETH@UniswapV3/3000 WETH>DAI@PancakeV3/500 in=0.2295 DAI gap=45.6bps profit=$0.000 net=$-0.003"}
{"level":30,"time":1790807428955,"pid":20666,"hostname":"vm","msg":"  DAI>WETH@UniswapV3/3000 WETH>DAI@UniswapV3/500 in=0.1856 DAI gap=39bps profit=$0.000 net=$-0.003"}
{"level":30,"time":1790807428955,"pid":20666,"hostname":"vm","msg":"  DAI>WETH@BaseSwap WETH>DAI@PancakeV3/500 in=0.02725 DAI gap=31.7bps profit=$0.000 net=$-0.003"}
{"level":30,"time":1790807432943,"pid":20666,"hostname":"vm","block":52009041,"gross":192,"net":41,"sumNetUsd":8.513,"gasPriceGwei":0.006,"txCostUsd":0.004,"syncMs":1528,"searchMs":190,"msg":"block scanned"}
{"level":30,"time":1790807432943,"pid":20666,"hostname":"vm","msg":"  DEGEN>WETH@PancakeV3/500 WETH>DEGEN@AerodromeCL/200 in=356.1 DEGEN gap=35.2bps profit=$0.000 net=$-0.003"}
{"level":30,"time":1790807432943,"pid":20666,"hostname":"vm","msg":"  VIRTUAL>USDC@PancakeV3/500 USDC>VIRTUAL@UniswapV3/500 in=1.934 VIRTUAL gap=43bps profit=$0.003 net=$-0.001"}
{"level":30,"time":1790807432943,"pid":20666,"hostname":"vm","msg":"  AERO>WETH@PancakeV3/500 WETH>AERO@UniswapV2 in=1.379 AERO gap=64.8bps profit=$0.002 net=$-0.001"}
{"level":30,"time":1790807432943,"pid":20666,"hostname":"vm","msg":"  WETH>VIRTUAL@AerodromeCL/100 VIRTUAL>USDC@PancakeV3/500 USDC>WETH@AerodromeCL/1 in=0.2375 WETH gap=119.8bps profit=$3.595 net=$3.589"}
{"level":30,"time":1790807432943,"pid":20666,"hostname":"vm","msg":"  AERO>WETH@AerodromeCL3/50 WETH>AERO@UniswapV2 in=1.095 AERO gap=58.7bps profit=$0.001 net=$-0.002"}
{"level":30,"time":1790807436679,"pid":20666,"hostname":"vm","block":52009043,"gross":285,"net":0,"sumNetUsd":0,"gasPriceGwei":0.006,"txCostUsd":0.004,"syncMs":977,"searchMs":204,"msg":"block scanned"}
{"level":30,"time":1790807436679,"pid":20666,"hostname":"vm","msg":"  VIRTUAL>USDC@PancakeV3/500 USDC>VIRTUAL@UniswapV3/500 in=1.934 VIRTUAL gap=43bps profit=$0.003 net=$-0.001"}
{"level":30,"time":1790807436679,"pid":20666,"hostname":"vm","msg":"  VIRTUAL>USDC@PancakeV3/500 USDC>VIRTUAL@AerodromeCL3/2000 in=1.942 VIRTUAL gap=111.2bps profit=$0.000 net=$-0.003"}
{"level":30,"time":1790807436679,"pid":20666,"hostname":"vm","msg":"  DAI>WETH@UniswapV3/3000 WETH>DAI@PancakeV3/500 in=0.2295 DAI gap=45.6bps profit=$0.000 net=$-0.003"}
{"level":30,"time":1790807436679,"pid":20666,"hostname":"vm","msg":"  DAI>WETH@UniswapV3/3000 WETH>DAI@UniswapV3/500 in=0.1856 DAI gap=39bps profit=$0.000 net=$-0.003"}
{"level":30,"time":1790807436679,"pid":20666,"hostname":"vm","msg":"  DAI>WETH@BaseSwap WETH>DAI@PancakeV3/500 in=0.02725 DAI gap=31.7bps profit=$0.000 net=$-0.003"}
{"level":30,"time":1790807440488,"pid":20666,"hostname":"vm","block":52009045,"gross":285,"net":0,"sumNetUsd":0,"gasPriceGwei":0.006,"txCostUsd":0.004,"syncMs":2199,"searchMs":195,"msg":"block scanned"}
{"level":30,"time":1790807440488,"pid":20666,"hostname":"vm","msg":"  VIRTUAL>USDC@PancakeV3/500 USDC>VIRTUAL@UniswapV3/500 in=1.934 VIRTUAL gap=43bps profit=$0.003 net=$-0.001"}
{"level":30,"time":1790807440488,"pid":20666,"hostname":"vm","msg":"  VIRTUAL>USDC@PancakeV3/500 USDC>VIRTUAL@AerodromeCL3/2000 in=1.942 VIRTUAL gap=111.2bps profit=$0.000 net=$-0.003"}
{"level":30,"time":1790807440488,"pid":20666,"hostname":"vm","msg":"  DAI>WETH@UniswapV3/3000 WETH>DAI@PancakeV3/500 in=0.2295 DAI gap=45.6bps profit=$0.000 net=$-0.003"}
{"level":30,"time":1790807440488,"pid":20666,"hostname":"vm","msg":"  DAI>WETH@UniswapV3/3000 WETH>DAI@UniswapV3/500 in=0.1856 DAI gap=39bps profit=$0.000 net=$-0.003"}
{"level":30,"time":1790807440488,"pid":20666,"hostname":"vm","msg":"  DAI>WETH@BaseSwap WETH>DAI@PancakeV3/500 in=0.02725 DAI gap=31.7bps profit=$0.000 net=$-0.003"}
{"level":30,"time":1790807443701,"pid":20666,"hostname":"vm","block":52009047,"gross":285,"net":0,"sumNetUsd":0,"gasPriceGwei":0.006,"txCostUsd":0.004,"syncMs":1225,"searchMs":193,"msg":"block scanned"}
{"level":30,"time":1790807443702,"pid":20666,"hostname":"vm","msg":"  VIRTUAL>USDC@PancakeV3/500 USDC>VIRTUAL@UniswapV3/500 in=1.934 VIRTUAL gap=43bps profit=$0.003 net=$-0.001"}
{"level":30,"time":1790807443702,"pid":20666,"hostname":"vm","msg":"  VIRTUAL>USDC@PancakeV3/500 USDC>VIRTUAL@AerodromeCL3/2000 in=1.942 VIRTUAL gap=111.2bps profit=$0.000 net=$-0.003"}
{"level":30,"time":1790807443702,"pid":20666,"hostname":"vm","msg":"  DAI>WETH@UniswapV3/3000 WETH>DAI@PancakeV3/500 in=0.2295 DAI gap=45.6bps profit=$0.000 net=$-0.003"}
{"level":30,"time":1790807443702,"pid":20666,"hostname":"vm","msg":"  DAI>WETH@UniswapV3/3000 WETH>DAI@UniswapV3/500 in=0.1856 DAI gap=39bps profit=$0.000 net=$-0.003"}
{"level":30,"time":1790807443702,"pid":20666,"hostname":"vm","msg":"  DAI>WETH@BaseSwap WETH>DAI@PancakeV3/500 in=0.02725 DAI gap=31.7bps profit=$0.000 net=$-0.003"}
{"level":30,"time":1790807447767,"pid":20666,"hostname":"vm","block":52009048,"gross":192,"net":41,"sumNetUsd":8.514,"gasPriceGwei":0.006,"txCostUsd":0.004,"syncMs":1840,"searchMs":189,"msg":"block scanned"}
{"level":30,"time":1790807447767,"pid":20666,"hostname":"vm","msg":"  DEGEN>WETH@PancakeV3/500 WETH>DEGEN@AerodromeCL/200 in=356.1 DEGEN gap=35.2bps profit=$0.000 net=$-0.003"}
{"level":30,"time":1790807447767,"pid":20666,"hostname":"vm","msg":"  VIRTUAL>USDC@PancakeV3/500 USDC>VIRTUAL@UniswapV3/500 in=1.934 VIRTUAL gap=43bps profit=$0.003 net=$-0.001"}
{"level":30,"time":1790807447767,"pid":20666,"hostname":"vm","msg":"  AERO>WETH@PancakeV3/500 WETH>AERO@UniswapV2 in=1.379 AERO gap=64.8bps profit=$0.002 net=$-0.001"}
{"level":30,"time":1790807447767,"pid":20666,"hostname":"vm","msg":"  WETH>VIRTUAL@AerodromeCL/100 VIRTUAL>USDC@PancakeV3/500 USDC>WETH@AerodromeCL/1 in=0.2375 WETH gap=119.8bps profit=$3.595 net=$3.589"}
{"level":30,"time":1790807447767,"pid":20666,"hostname":"vm","msg":"  AERO>WETH@AerodromeCL3/50 WETH>AERO@UniswapV2 in=1.095 AERO gap=58.7bps profit=$0.001 net=$-0.002"}
{"level":30,"time":1790807501550,"pid":20666,"hostname":"vm","block":52009050,"gross":271,"net":0,"sumNetUsd":0,"gasPriceGwei":0.006,"txCostUsd":0.004,"syncMs":52370,"searchMs":143,"msg":"block scanned"}
{"level":30,"time":1790807501550,"pid":20666,"hostname":"vm","msg":"  VIRTUAL>USDC@PancakeV3/500 USDC>VIRTUAL@UniswapV3/500 in=1.934 VIRTUAL gap=43bps profit=$0.003 net=$-0.001"}
{"level":30,"time":1790807501550,"pid":20666,"hostname":"vm","msg":"  VIRTUAL>USDC@PancakeV3/500 USDC>VIRTUAL@AerodromeCL3/2000 in=1.942 VIRTUAL gap=111.2bps profit=$0.000 net=$-0.003"}
{"level":30,"time":1790807501550,"pid":20666,"hostname":"vm","msg":"  DAI>WETH@UniswapV3/3000 WETH>DAI@PancakeV3/500 in=0.2295 DAI gap=45.6bps profit=$0.000 net=$-0.003"}
{"level":30,"time":1790807501550,"pid":20666,"hostname":"vm","msg":"  DAI>WETH@UniswapV3/3000 WETH>DAI@UniswapV3/500 in=0.1856 DAI gap=39bps profit=$0.000 net=$-0.003"}
{"level":30,"time":1790807501550,"pid":20666,"hostname":"vm","msg":"  DAI>WETH@BaseSwap WETH>DAI@PancakeV3/500 in=0.02725 DAI gap=31.7bps profit=$0.000 net=$-0.003"}
{"level":30,"time":1790807505523,"pid":20666,"hostname":"vm","block":52009077,"gross":290,"net":0,"sumNetUsd":0,"gasPriceGwei":0.006,"txCostUsd":0.004,"syncMs":1538,"searchMs":167,"msg":"block scanned"}
{"level":30,"time":1790807505523,"pid":20666,"hostname":"vm","msg":"  VIRTUAL>USDC@PancakeV3/500 USDC>VIRTUAL@UniswapV3/10000 in=2.035 VIRTUAL gap=115bps profit=$0.001 net=$-0.003"}
{"level":30,"time":1790807505523,"pid":20666,"hostname":"vm","msg":"  VIRTUAL>USDC@PancakeV3/500 USDC>VIRTUAL@UniswapV3/500 in=0.6185 VIRTUAL gap=20.8bps profit=$0.000 net=$-0.003"}
{"level":30,"time":1790807505523,"pid":20666,"hostname":"vm","msg":"  VIRTUAL>WETH@PancakeV3/100 WETH>VIRTUAL@PancakeV3/500 in=0.8534 VIRTUAL gap=9bps profit=$0.000 net=$-0.003"}
{"level":30,"time":1790807505523,"pid":20666,"hostname":"vm","msg":"  DAI>WETH@UniswapV3/3000 WETH>DAI@PancakeV3/500 in=0.2295 DAI gap=45.6bps profit=$0.000 net=$-0.003"}
{"level":30,"time":1790807505523,"pid":20666,"hostname":"vm","msg":"  AERO>WETH@PancakeV3/500 WETH>AERO@PancakeV3/100 in=0.4244 AERO gap=9.2bps profit=$0.000 net=$-0.003"}
{"level":30,"time":1790807508840,"pid":20666,"hostname":"vm","block":52009079,"gross":295,"net":0,"sumNetUsd":0,"gasPriceGwei":0.006,"txCostUsd":0.004,"syncMs":970,"searchMs":154,"msg":"block scanned"}
{"level":30,"time":1790807508840,"pid":20666,"hostname":"vm","msg":"  VIRTUAL>USDC@PancakeV3/500 USDC>VIRTUAL@UniswapV3/10000 in=1.953 VIRTUAL gap=114.6bps profit=$0.001 net=$-0.003"}
{"level":30,"time":1790807508840,"pid":20666,"hostname":"vm","msg":"  DAI>WETH@UniswapV3/3000 WETH>DAI@UniswapV3/500 in=0.5855 DAI gap=47.3bps profit=$0.000 net=$-0.003"}
{"level":30,"time":1790807508840,"pid":20666,"hostname":"vm","msg":"  VIRTUAL>USDC@PancakeV3/500 USDC>VIRTUAL@UniswapV3/500 in=0.6105 VIRTUAL gap=20.4bps profit=$0.000 net=$-0.003"}
{"level":30,"time":1790807508840,"pid":20666,"hostname":"vm","msg":"  VIRTUAL>WETH@PancakeV3/100 WETH>VIRTUAL@PancakeV3/500 in=0.8534 VIRTUAL gap=9bps profit=$0.000 net=$-0.003"}
{"level":30,"time":1790807508840,"pid":20666,"hostname":"vm","msg":"  DAI>WETH@UniswapV3/3000 WETH>DAI@PancakeV3/500 in=0.2295 DAI gap=45.6bps profit=$0.000 net=$-0.003"}
{"level":30,"time":1790807512848,"pid":20666,"hostname":"vm","block":52009081,"gross":290,"net":0,"sumNetUsd":0,"gasPriceGwei":0.006,"txCostUsd":0.004,"syncMs":1531,"searchMs":156,"msg":"block scanned"}
{"level":30,"time":1790807512849,"pid":20666,"hostname":"vm","msg":"  VIRTUAL>USDC@PancakeV3/500 USDC>VIRTUAL@UniswapV3/10000 in=1.953 VIRTUAL gap=114.6bps profit=$0.001 net=$-0.003"}
{"level":30,"time":1790807512849,"pid":20666,"hostname":"vm","msg":"  DAI>WETH@UniswapV3/3000 WETH>DAI@UniswapV3/500 in=0.5855 DAI gap=47.3bps profit=$0.000 net=$-0.003"}
{"level":30,"time":1790807512849,"pid":20666,"hostname":"vm","msg":"  VIRTUAL>USDC@PancakeV3/500 USDC>VIRTUAL@UniswapV3/500 in=0.6105 VIRTUAL gap=20.4bps profit=$0.000 net=$-0.003"}
{"level":30,"time":1790807512849,"pid":20666,"hostname":"vm","msg":"  VIRTUAL>WETH@PancakeV3/100 WETH>VIRTUAL@PancakeV3/500 in=0.8534 VIRTUAL gap=9bps profit=$0.000 net=$-0.003"}
{"level":30,"time":1790807512849,"pid":20666,"hostname":"vm","msg":"  DAI>WETH@UniswapV3/3000 WETH>DAI@PancakeV3/500 in=0.2295 DAI gap=45.6bps profit=$0.000 net=$-0.003"}
{"level":30,"time":1790807517154,"pid":20666,"hostname":"vm","block":52009083,"gross":244,"net":0,"sumNetUsd":0,"gasPriceGwei":0.006,"txCostUsd":0.004,"syncMs":1101,"searchMs":136,"msg":"block scanned"}
{"level":30,"time":1790807517155,"pid":20666,"hostname":"vm","msg":"  VIRTUAL>USDC@PancakeV3/500 USDC>VIRTUAL@UniswapV3/10000 in=1.953 VIRTUAL gap=114.6bps profit=$0.001 net=$-0.003"}
{"level":30,"time":1790807517155,"pid":20666,"hostname":"vm","msg":"  DAI>WETH@UniswapV3/3000 WETH>DAI@UniswapV3/500 in=0.5855 DAI gap=47.3bps profit=$0.000 net=$-0.003"}
{"level":30,"time":1790807517155,"pid":20666,"hostname":"vm","msg":"  VIRTUAL>USDC@PancakeV3/500 USDC>VIRTUAL@UniswapV3/500 in=0.6105 VIRTUAL gap=20.4bps profit=$0.000 net=$-0.003"}
{"level":30,"time":1790807517155,"pid":20666,"hostname":"vm","msg":"  VIRTUAL>WETH@PancakeV3/100 WETH>VIRTUAL@PancakeV3/500 in=0.8534 VIRTUAL gap=9bps profit=$0.000 net=$-0.003"}
{"level":30,"time":1790807517155,"pid":20666,"hostname":"vm","msg":"  DAI>WETH@UniswapV3/3000 WETH>DAI@PancakeV3/500 in=0.2295 DAI gap=45.6bps profit=$0.000 net=$-0.003"}
{"level":30,"time":1790807520627,"pid":20666,"hostname":"vm","block":52009084,"gross":244,"net":0,"sumNetUsd":0,"gasPriceGwei":0.006,"txCostUsd":0.004,"syncMs":1479,"searchMs":144,"msg":"block scanned"}
{"level":30,"time":1790807520627,"pid":20666,"hostname":"vm","msg":"  VIRTUAL>USDC@PancakeV3/500 USDC>VIRTUAL@UniswapV3/10000 in=1.953 VIRTUAL gap=114.6bps profit=$0.001 net=$-0.003"}
{"level":30,"time":1790807520627,"pid":20666,"hostname":"vm","msg":"  DAI>WETH@UniswapV3/3000 WETH>DAI@UniswapV3/500 in=0.5855 DAI gap=47.3bps profit=$0.000 net=$-0.003"}
{"level":30,"time":1790807520627,"pid":20666,"hostname":"vm","msg":"  VIRTUAL>USDC@PancakeV3/500 USDC>VIRTUAL@UniswapV3/500 in=0.6105 VIRTUAL gap=20.4bps profit=$0.000 net=$-0.003"}
{"level":30,"time":1790807520627,"pid":20666,"hostname":"vm","msg":"  AERO>WETH@PancakeV3/500 WETH>AERO@PancakeV3/100 in=0.5951 AERO gap=10.4bps profit=$0.000 net=$-0.003"}
{"level":30,"time":1790807520627,"pid":20666,"hostname":"vm","msg":"  VIRTUAL>WETH@PancakeV3/100 WETH>VIRTUAL@PancakeV3/500 in=0.8534 VIRTUAL gap=9bps profit=$0.000 net=$-0.003"}
{"level":30,"time":1790807525554,"pid":20666,"hostname":"vm","block":52009087,"gross":234,"net":0,"sumNetUsd":0,"gasPriceGwei":0.006,"txCostUsd":0.004,"syncMs":1892,"searchMs":140,"msg":"block scanned"}
{"level":30,"time":1790807525554,"pid":20666,"hostname":"vm","msg":"  VIRTUAL>USDC@PancakeV3/500 USDC>VIRTUAL@UniswapV3/10000 in=1.953 VIRTUAL gap=114.6bps profit=$0.001 net=$-0.003"}
{"level":30,"time":1790807525554,"pid":20666,"hostname":"vm","msg":"  VIRTUAL>WETH@AerodromeCL/100 WETH>VIRTUAL@PancakeV3/500 in=4.023 VIRTUAL gap=13.7bps profit=$0.001 net=$-0.003"}
{"level":30,"time":1790807525554,"pid":20666,"hostname":"vm","msg":"  DAI>WETH@UniswapV3/3000 WETH>DAI@UniswapV3/500 in=0.5855 DAI gap=47.3bps profit=$0.000 net=$-0.003"}
{"level":30,"time":1790807525554,"pid":20666,"hostname":"vm","msg":"  VIRTUAL>USDC@PancakeV3/500 USDC>VIRTUAL@UniswapV3/500 in=0.6105 VIRTUAL gap=20.4bps profit=$0.000 net=$-0.003"}
{"level":30,"time":1790807525554,"pid":20666,"hostname":"vm","msg":"  AERO>WETH@PancakeV3/500 WETH>AERO@PancakeV3/100 in=0.5938 AERO gap=10.4bps profit=$0.000 net=$-0.003"}
{"level":30,"time":1790807528543,"pid":20666,"hostname":"vm","block":52009089,"gross":232,"net":0,"sumNetUsd":0,"gasPriceGwei":0.006,"txCostUsd":0.004,"syncMs":537,"searchMs":137,"msg":"block scanned"}
{"level":30,"time":1790807528543,"pid":20666,"hostname":"vm","msg":"  VIRTUAL>USDC@PancakeV3/500 USDC>VIRTUAL@UniswapV3/10000 in=2.639 VIRTUAL gap=117.6bps profit=$0.001 net=$-0.002"}
{"level":30,"time":1790807528543,"pid":20666,"hostname":"vm","msg":"  VIRTUAL>USDC@PancakeV3/500 USDC>VIRTUAL@UniswapV3/500 in=0.7690 VIRTUAL gap=23.4bps profit=$0.000 net=$-0.003"}
{"level":30,"time":1790807528543,"pid":20666,"hostname":"vm","msg":"  DAI>WETH@UniswapV3/3000 WETH>DAI@UniswapV3/500 in=0.5855 DAI gap=47.3bps profit=$0.000 net=$-0.003"}
{"level":30,"time":1790807528543,"pid":20666,"hostname":"vm","msg":"  AERO>WETH@PancakeV3/500 WETH>AERO@PancakeV3/100 in=0.5924 AERO gap=10.4bps profit=$0.000 net=$-0.003"}
{"level":30,"time":1790807528543,"pid":20666,"hostname":"vm","msg":"  DAI>WETH@UniswapV3/3000 WETH>DAI@PancakeV3/500 in=0.2295 DAI gap=45.6bps profit=$0.000 net=$-0.003"}
{"level":30,"time":1790807531780,"pid":20666,"hostname":"vm","block":52009091,"gross":228,"net":0,"sumNetUsd":0,"gasPriceGwei":0.006,"txCostUsd":0.004,"syncMs":1042,"searchMs":152,"msg":"block scanned"}
{"level":30,"time":1790807531780,"pid":20666,"hostname":"vm","msg":"  VIRTUAL>USDC@PancakeV3/500 USDC>VIRTUAL@UniswapV3/10000 in=2.995 VIRTUAL gap=118.9bps profit=$0.001 net=$-0.002"}
{"level":30,"time":1790807531780,"pid":20666,"hostname":"vm","msg":"  VIRTUAL>USDC@PancakeV3/500 USDC>VIRTUAL@UniswapV3/500 in=0.8431 VIRTUAL gap=24.7bps profit=$0.001 net=$-0.003"}
{"level":30,"time":1790807531780,"pid":20666,"hostname":"vm","msg":"  DAI>WETH@UniswapV3/3000 WETH>DAI@UniswapV3/500 in=0.5855 DAI gap=47.3bps profit=$0.000 net=$-0.003"}
{"level":30,"time":1790807531780,"pid":20666,"hostname":"vm","msg":"  AERO>WETH@PancakeV3/500 WETH>AERO@PancakeV3/100 in=0.5904 AERO gap=10.4bps profit=$0.000 net=$-0.003"}
{"level":30,"time":1790807531780,"pid":20666,"hostname":"vm","msg":"  DAI>WETH@UniswapV3/3000 WETH>DAI@PancakeV3/500 in=0.2295 DAI gap=45.6bps profit=$0.000 net=$-0.003"}
{"level":30,"time":1790807535587,"pid":20666,"hostname":"vm","block":52009092,"gross":227,"net":0,"sumNetUsd":0,"gasPriceGwei":0.006,"txCostUsd":0.004,"syncMs":1524,"searchMs":136,"msg":"block scanned"}
{"level":30,"time":1790807535587,"pid":20666,"hostname":"vm","msg":"  VIRTUAL>USDC@PancakeV3/500 USDC>VIRTUAL@UniswapV3/10000 in=2.995 VIRTUAL gap=118.9bps profit=$0.001 net=$-0.002"}
{"level":30,"time":1790807535587,"pid":20666,"hostname":"vm","msg":"  VIRTUAL>USDC@PancakeV3/500 USDC>VIRTUAL@UniswapV3/500 in=0.8431 VIRTUAL gap=24.7bps profit=$0.001 net=$-0.003"}
{"level":30,"time":1790807535587,"pid":20666,"hostname":"vm","msg":"  DAI>WETH@UniswapV3/3000 WETH>DAI@UniswapV3/500 in=0.5855 DAI gap=47.3bps profit=$0.000 net=$-0.003"}
{"level":30,"time":1790807535587,"pid":20666,"hostname":"vm","msg":"  AERO>WETH@PancakeV3/500 WETH>AERO@PancakeV3/100 in=0.6759 AERO gap=11bps profit=$0.000 net=$-0.003"}
{"level":30,"time":1790807535587,"pid":20666,"hostname":"vm","msg":"  AERO>WETH@AerodromeCL3/50 WETH>AERO@PancakeV3/100 in=0.6097 AERO gap=10.6bps profit=$0.000 net=$-0.003"}
{"level":30,"time":1790807539820,"pid":20666,"hostname":"vm","block":52009094,"gross":222,"net":0,"sumNetUsd":0,"gasPriceGwei":0.006,"txCostUsd":0.004,"syncMs":1843,"searchMs":131,"msg":"block scanned"}
{"level":30,"time":1790807539820,"pid":20666,"hostname":"vm","msg":"  VIRTUAL>USDC@PancakeV3/500 USDC>VIRTUAL@UniswapV3/10000 in=2.995 VIRTUAL gap=118.9bps profit=$0.001 net=$-0.002"}
{"level":30,"time":1790807539820,"pid":20666,"hostname":"vm","msg":"  VIRTUAL>USDC@PancakeV3/500 USDC>VIRTUAL@UniswapV3/500 in=0.8431 VIRTUAL gap=24.7bps profit=$0.001 net=$-0.003"}
{"level":30,"time":1790807539820,"pid":20666,"hostname":"vm","msg":"  DAI>WETH@UniswapV3/3000 WETH>DAI@UniswapV3/500 in=0.5855 DAI gap=47.3bps profit=$0.000 net=$-0.003"}
{"level":30,"time":1790807539820,"pid":20666,"hostname":"vm","msg":"  AERO>WETH@PancakeV3/500 WETH>AERO@PancakeV3/100 in=0.6749 AERO gap=11bps profit=$0.000 net=$-0.003"}
{"level":30,"time":1790807539820,"pid":20666,"hostname":"vm","msg":"  AERO>WETH@AerodromeCL3/50 WETH>AERO@PancakeV3/100 in=0.6097 AERO gap=10.6bps profit=$0.000 net=$-0.003"}
{"level":30,"time":1790807543454,"pid":20666,"hostname":"vm","block":52009096,"gross":223,"net":0,"sumNetUsd":0,"gasPriceGwei":0.006,"txCostUsd":0.004,"syncMs":1479,"searchMs":134,"msg":"block scanned"}
{"level":30,"time":1790807543454,"pid":20666,"hostname":"vm","msg":"  VIRTUAL>USDC@PancakeV3/500 USDC>VIRTUAL@UniswapV3/10000 in=2.995 VIRTUAL gap=118.9bps profit=$0.001 net=$-0.002"}
{"level":30,"time":1790807543454,"pid":20666,"hostname":"vm","msg":"  VIRTUAL>USDC@PancakeV3/500 USDC>VIRTUAL@UniswapV3/500 in=0.8431 VIRTUAL gap=24.7bps profit=$0.001 net=$-0.003"}
{"level":30,"time":1790807543454,"pid":20666,"hostname":"vm","msg":"  DAI>WETH@UniswapV3/3000 WETH>DAI@UniswapV3/500 in=0.5855 DAI gap=47.3bps profit=$0.000 net=$-0.003"}
{"level":30,"time":1790807543454,"pid":20666,"hostname":"vm","msg":"  AERO>WETH@PancakeV3/500 WETH>AERO@PancakeV3/100 in=0.6741 AERO gap=11bps profit=$0.000 net=$-0.003"}
{"level":30,"time":1790807543454,"pid":20666,"hostname":"vm","msg":"  AERO>WETH@AerodromeCL3/50 WETH>AERO@PancakeV3/100 in=0.6097 AERO gap=10.6bps profit=$0.000 net=$-0.003"}
{"level":30,"time":1790807546579,"pid":20666,"hostname":"vm","block":52009098,"gross":228,"net":0,"sumNetUsd":0,"gasPriceGwei":0.006,"txCostUsd":0.004,"syncMs":1506,"searchMs":138,"msg":"block scanned"}
{"level":30,"time":1790807546579,"pid":20666,"hostname":"vm","msg":"  VIRTUAL>USDC@PancakeV3/500 USDC>VIRTUAL@UniswapV3/10000 in=2.995 VIRTUAL gap=118.9bps profit=$0.001 net=$-0.002"}
{"level":30,"time":1790807546579,"pid":20666,"hostname":"vm","msg":"  MORPHO>WETH@UniswapV3/100 WETH>MORPHO@UniswapV3/3000 in=1.225 MORPHO gap=42.8bps profit=$0.002 net=$-0.002"}
{"level":30,"time":1790807546579,"pid":20666,"hostname":"vm","msg":"  MORPHO>WETH@UniswapV3/100 WETH>MORPHO@AerodromeCL/200 in=1.195 MORPHO gap=40.4bps profit=$0.002 net=$-0.002"}
{"level":30,"time":1790807546579,"pid":20666,"hostname":"vm","msg":"  VIRTUAL>USDC@PancakeV3/500 USDC>VIRTUAL@UniswapV3/500 in=0.8431 VIRTUAL gap=24.7bps profit=$0.001 net=$-0.003"}
{"level":30,"time":1790807546579,"pid":20666,"hostname":"vm","msg":"  DAI>WETH@UniswapV3/3000 WETH>DAI@UniswapV3/500 in=0.5855 DAI gap=47.3bps profit=$0.000 net=$-0.003"}
{"level":30,"time":1790807550799,"pid":20666,"hostname":"vm","block":52009100,"gross":234,"net":0,"sumNetUsd":0,"gasPriceGwei":0.006,"txCostUsd":0.004,"syncMs":1878,"searchMs":141,"msg":"block scanned"}
{"level":30,"time":1790807550799,"pid":20666,"hostname":"vm","msg":"  VIRTUAL>USDC@PancakeV3/500 USDC>VIRTUAL@UniswapV3/10000 in=2.995 VIRTUAL gap=118.9bps profit=$0.001 net=$-0.002"}
{"level":30,"time":1790807550799,"pid":20666,"hostname":"vm","msg":"  MORPHO>WETH@UniswapV3/100 WETH>MORPHO@UniswapV3/3000 in=1.225 MORPHO gap=42.8bps profit=$0.002 net=$-0.002"}
{"level":30,"time":1790807550799,"pid":20666,"hostname":"vm","msg":"  MORPHO>WETH@UniswapV3/100 WETH>MORPHO@AerodromeCL/200 in=1.195 MORPHO gap=40.4bps profit=$0.002 net=$-0.002"}
{"level":30,"time":1790807550799,"pid":20666,"hostname":"vm","msg":"  VIRTUAL>USDC@PancakeV3/500 USDC>VIRTUAL@UniswapV3/500 in=0.8431 VIRTUAL gap=24.7bps profit=$0.001 net=$-0.003"}
{"level":30,"time":1790807550799,"pid":20666,"hostname":"vm","msg":"  DAI>WETH@UniswapV3/3000 WETH>DAI@UniswapV3/500 in=0.5855 DAI gap=47.3bps profit=$0.000 net=$-0.003"}
{"level":30,"time":1790807554474,"pid":20666,"hostname":"vm","block":52009102,"gross":239,"net":0,"sumNetUsd":0,"gasPriceGwei":0.006,"txCostUsd":0.004,"syncMs":1312,"searchMs":147,"msg":"block scanned"}
{"level":30,"time":1790807554474,"pid":20666,"hostname":"vm","msg":"  VIRTUAL>USDC@PancakeV3/500 USDC>VIRTUAL@UniswapV3/10000 in=2.995 VIRTUAL gap=118.9bps profit=$0.001 net=$-0.002"}
{"level":30,"time":1790807554474,"pid":20666,"hostname":"vm","msg":"  MORPHO>WETH@UniswapV3/100 WETH>MORPHO@UniswapV3/3000 in=1.225 MORPHO gap=42.8bps profit=$0.002 net=$-0.002"}
{"level":30,"time":1790807554474,"pid":20666,"hostname":"vm","msg":"  MORPHO>WETH@UniswapV3/100 WETH>MORPHO@AerodromeCL/200 in=1.195 MORPHO gap=40.4bps profit=$0.002 net=$-0.002"}
{"level":30,"time":1790807554474,"pid":20666,"hostname":"vm","msg":"  VIRTUAL>USDC@PancakeV3/500 USDC>VIRTUAL@UniswapV3/500 in=0.8431 VIRTUAL gap=24.7bps profit=$0.001 net=$-0.003"}
{"level":30,"time":1790807554474,"pid":20666,"hostname":"vm","msg":"  DAI>WETH@UniswapV3/3000 WETH>DAI@UniswapV3/500 in=0.5855 DAI gap=47.3bps profit=$0.000 net=$-0.003"}
{"level":30,"time":1790807613728,"pid":20666,"hostname":"vm","block":52009103,"gross":241,"net":0,"sumNetUsd":0,"gasPriceGwei":0.006,"txCostUsd":0.004,"syncMs":57263,"searchMs":141,"msg":"block scanned"}
{"level":30,"time":1790807613728,"pid":20666,"hostname":"vm","msg":"  VIRTUAL>USDC@PancakeV3/500 USDC>VIRTUAL@UniswapV3/10000 in=2.995 VIRTUAL gap=118.9bps profit=$0.001 net=$-0.002"}
{"level":30,"time":1790807613728,"pid":20666,"hostname":"vm","msg":"  MORPHO>WETH@UniswapV3/100 WETH>MORPHO@UniswapV3/3000 in=1.225 MORPHO gap=42.8bps profit=$0.002 net=$-0.002"}
{"level":30,"time":1790807613728,"pid":20666,"hostname":"vm","msg":"  MORPHO>WETH@UniswapV3/100 WETH>MORPHO@AerodromeCL/200 in=1.195 MORPHO gap=40.4bps profit=$0.002 net=$-0.002"}
{"level":30,"time":1790807613728,"pid":20666,"hostname":"vm","msg":"  VIRTUAL>USDC@PancakeV3/500 USDC>VIRTUAL@UniswapV3/500 in=0.8431 VIRTUAL gap=24.7bps profit=$0.001 net=$-0.003"}
{"level":30,"time":1790807613728,"pid":20666,"hostname":"vm","msg":"  DAI>WETH@UniswapV3/3000 WETH>DAI@UniswapV3/500 in=0.5855 DAI gap=47.3bps profit=$0.000 net=$-0.003"}
{"level":30,"time":1790807618084,"pid":20666,"hostname":"vm","block":52009133,"gross":269,"net":0,"sumNetUsd":0,"gasPriceGwei":0.006,"txCostUsd":0.004,"syncMs":1980,"searchMs":138,"msg":"block scanned"}
{"level":30,"time":1790807618084,"pid":20666,"hostname":"vm","msg":"  VIRTUAL>USDC@PancakeV3/500 USDC>VIRTUAL@UniswapV3/500 in=1.355 VIRTUAL gap=33.1bps profit=$0.001 net=$-0.002"}
{"level":30,"time":1790807618084,"pid":20666,"hostname":"vm","msg":"  VIRTUAL>USDC@PancakeV3/500 USDC>VIRTUAL@AerodromeCL3/2000 in=2.539 VIRTUAL gap=112.7bps profit=$0.001 net=$-0.003"}
{"level":30,"time":1790807618084,"pid":20666,"hostname":"vm","msg":"  VIRTUAL>WETH@AerodromeCL/100 WETH>VIRTUAL@PancakeV3/100 in=2.198 VIRTUAL gap=11.9bps profit=$0.001 net=$-0.003"}
{"level":30,"time":1790807618084,"pid":20666,"hostname":"vm","msg":"  DAI>WETH@UniswapV3/3000 WETH>DAI@UniswapV3/500 in=0.4851 DAI gap=45.2bps profit=$0.000 net=$-0.003"}
{"level":30,"time":1790807618084,"pid":20666,"hostname":"vm","msg":"  MORPHO>WETH@UniswapV3/100 WETH>MORPHO@UniswapV3/3000 in=0.6811 MORPHO gap=37.6bps profit=$0.001 net=$-0.003"}
{"level":30,"time":1790807621869,"pid":20666,"hostname":"vm","block":52009135,"gross":256,"net":0,"sumNetUsd":0,"gasPriceGwei":0.006,"txCostUsd":0.004,"syncMs":1871,"searchMs":136,"msg":"block scanned"}
{"level":30,"time":1790807621869,"pid":20666,"hostname":"vm","msg":"  VIRTUAL>USDC@PancakeV3/500 USDC>VIRTUAL@UniswapV3/500 in=1.501 VIRTUAL gap=35.6bps profit=$0.002 net=$-0.002"}
{"level":30,"time":1790807621869,"pid":20666,"hostname":"vm","msg":"  VIRTUAL>USDC@PancakeV3/500 USDC>VIRTUAL@AerodromeCL3/2000 in=3.505 VIRTUAL gap=115.2bps profit=$0.001 net=$-0.002"}
{"level":30,"time":1790807621869,"pid":20666,"hostname":"vm","msg":"  DAI>WETH@UniswapV3/3000 WETH>DAI@UniswapV3/500 in=0.4851 DAI gap=45.2bps profit=$0.000 net=$-0.003"}
{"level":30,"time":1790807621869,"pid":20666,"hostname":"vm","msg":"  MORPHO>WETH@UniswapV3/100 WETH>MORPHO@UniswapV3/3000 in=0.6811 MORPHO gap=37.6bps profit=$0.001 net=$-0.003"}
{"level":30,"time":1790807621869,"pid":20666,"hostname":"vm","msg":"  MORPHO>WETH@UniswapV3/100 WETH>MORPHO@AerodromeCL/200 in=0.6570 MORPHO gap=35.3bps profit=$0.001 net=$-0.003"}
{"level":30,"time":1790807626002,"pid":20666,"hostname":"vm","block":52009137,"gross":256,"net":0,"sumNetUsd":0,"gasPriceGwei":0.006,"txCostUsd":0.004,"syncMs":1808,"searchMs":132,"msg":"block scanned"}
{"level":30,"time":1790807626002,"pid":20666,"hostname":"vm","msg":"  VIRTUAL>USDC@PancakeV3/500 USDC>VIRTUAL@UniswapV3/500 in=1.501 VIRTUAL gap=35.6bps profit=$0.002 net=$-0.002"}
{"level":30,"time":1790807626002,"pid":20666,"hostname":"vm","msg":"  VIRTUAL>USDC@PancakeV3/500 USDC>VIRTUAL@AerodromeCL3/2000 in=3.505 VIRTUAL gap=115.2bps profit=$0.001 net=$-0.002"}
{"level":30,"time":1790807626002,"pid":20666,"hostname":"vm","msg":"  DAI>WETH@UniswapV3/3000 WETH>DAI@UniswapV3/500 in=0.4851 DAI gap=45.2bps profit=$0.000 net=$-0.003"}
{"level":30,"time":1790807626002,"pid":20666,"hostname":"vm","msg":"  MORPHO>WETH@UniswapV3/100 WETH>MORPHO@UniswapV3/3000 in=0.6811 MORPHO gap=37.6bps profit=$0.001 net=$-0.003"}
{"level":30,"time":1790807626002,"pid":20666,"hostname":"vm","msg":"  MORPHO>WETH@UniswapV3/100 WETH>MORPHO@AerodromeCL/200 in=0.6570 MORPHO gap=35.3bps profit=$0.001 net=$-0.003"}
{"level":30,"time":1790807629453,"pid":20666,"hostname":"vm","block":52009139,"gross":260,"net":0,"sumNetUsd":0,"gasPriceGwei":0.006,"txCostUsd":0.004,"syncMs":939,"searchMs":151,"msg":"block scanned"}
{"level":30,"time":1790807629453,"pid":20666,"hostname":"vm","msg":"  VIRTUAL>USDC@PancakeV3/500 USDC>VIRTUAL@UniswapV3/500 in=1.501 VIRTUAL gap=35.6bps profit=$0.002 net=$-0.002"}
{"level":30,"time":1790807629453,"pid":20666,"hostname":"vm","msg":"  VIRTUAL>USDC@PancakeV3/500 USDC>VIRTUAL@AerodromeCL3/2000 in=3.505 VIRTUAL gap=115.2bps profit=$0.001 net=$-0.002"}
{"level":30,"time":1790807629453,"pid":20666,"hostname":"vm","msg":"  DAI>WETH@UniswapV3/3000 WETH>DAI@UniswapV3/500 in=0.4851 DAI gap=45.2bps profit=$0.000 net=$-0.003"}
{"level":30,"time":1790807629453,"pid":20666,"hostname":"vm","msg":"  VIRTUAL>USDC@PancakeV3/500 USDC>VIRTUAL@UniswapV3/10000 in=0.9446 VIRTUAL gap=110.2bps profit=$0.000 net=$-0.003"}
{"level":30,"time":1790807629453,"pid":20666,"hostname":"vm","msg":"  MORPHO>WETH@UniswapV3/100 WETH>MORPHO@AerodromeCL/200 in=0.5168 MORPHO gap=33.9bps profit=$0.000 net=$-0.003"}
{"level":30,"time":1790807632681,"pid":20666,"hostname":"vm","block":52009141,"gross":263,"net":0,"sumNetUsd":0,"gasPriceGwei":0.006,"txCostUsd":0.004,"syncMs":1731,"searchMs":149,"msg":"block scanned"}
{"level":30,"time":1790807632681,"pid":20666,"hostname":"vm","msg":"  VIRTUAL>USDC@PancakeV3/500 USDC>VIRTUAL@UniswapV3/500 in=1.501 VIRTUAL gap=35.6bps profit=$0.002 net=$-0.002"}
{"level":30,"time":1790807632681,"pid":20666,"hostname":"vm","msg":"  VIRTUAL>USDC@PancakeV3/500 USDC>VIRTUAL@AerodromeCL3/2000 in=3.505 VIRTUAL gap=115.2bps profit=$0.001 net=$-0.002"}
{"level":30,"time":1790807632681,"pid":20666,"hostname":"vm","msg":"  DAI>WETH@UniswapV3/3000 WETH>DAI@UniswapV3/500 in=0.4851 DAI gap=45.2bps profit=$0.000 net=$-0.003"}
{"level":30,"time":1790807632681,"pid":20666,"hostname":"vm","msg":"  VIRTUAL>USDC@PancakeV3/500 USDC>VIRTUAL@UniswapV3/10000 in=0.9446 VIRTUAL gap=110.2bps profit=$0.000 net=$-0.003"}
{"level":30,"time":1790807632681,"pid":20666,"hostname":"vm","msg":"  DAI>WETH@UniswapV3/3000 WETH>DAI@PancakeV3/500 in=0.2295 DAI gap=45.6bps profit=$0.000 net=$-0.003"}
{"level":30,"time":1790807636780,"pid":20666,"hostname":"vm","block":52009143,"gross":278,"net":0,"sumNetUsd":0,"gasPriceGwei":0.006,"txCostUsd":0.004,"syncMs":2149,"searchMs":144,"msg":"block scanned"}
{"level":30,"time":1790807636780,"pid":20666,"hostname":"vm","msg":"  VIRTUAL>USDC@PancakeV3/500 USDC>VIRTUAL@UniswapV3/500 in=1.501 VIRTUAL gap=35.6bps profit=$0.002 net=$-0.002"}
{"level":30,"time":1790807636780,"pid":20666,"hostname":"vm","msg":"  VIRTUAL>USDC@PancakeV3/500 USDC>VIRTUAL@AerodromeCL3/2000 in=3.505 VIRTUAL gap=115.2bps profit=$0.001 net=$-0.002"}
{"level":30,"time":1790807636780,"pid":20666,"hostname":"vm","msg":"  AERO>WETH@UniswapV2 WETH>AERO@PancakeV3/100 in=0.4704 AERO gap=44.7bps profit=$0.000 net=$-0.002"}
{"level":30,"time":1790807636780,"pid":20666,"hostname":"vm","msg":"  AERO>WETH@AerodromeCL3/50 WETH>AERO@PancakeV3/100 in=0.8555 AERO gap=12.4bps profit=$0.000 net=$-0.003"}
{"level":30,"time":1790807636780,"pid":20666,"hostname":"vm","msg":"  DAI>WETH@UniswapV3/3000 WETH>DAI@UniswapV3/500 in=0.4851 DAI gap=45.2bps profit=$0.000 net=$-0.003"}
{"level":30,"time":1790807640501,"pid":20666,"hostname":"vm","block":52009145,"gross":268,"net":0,"sumNetUsd":0,"gasPriceGwei":0.006,"txCostUsd":0.004,"syncMs":1468,"searchMs":190,"msg":"block scanned"}
{"level":30,"time":1790807640501,"pid":20666,"hostname":"vm","msg":"  VIRTUAL>USDC@PancakeV3/500 USDC>VIRTUAL@UniswapV3/500 in=1.501 VIRTUAL gap=35.6bps profit=$0.002 net=$-0.002"}
{"level":30,"time":1790807640501,"pid":20666,"hostname":"vm","msg":"  VIRTUAL>USDC@PancakeV3/500 USDC>VIRTUAL@AerodromeCL3/2000 in=3.505 VIRTUAL gap=115.2bps profit=$0.001 net=$-0.002"}
{"level":30,"time":1790807640501,"pid":20666,"hostname":"vm","msg":"  AERO>WETH@UniswapV2 WETH>AERO@PancakeV3/100 in=0.4704 AERO gap=44.7bps profit=$0.000 net=$-0.002"}
{"level":30,"time":1790807640501,"pid":20666,"hostname":"vm","msg":"  AERO>WETH@AerodromeCL3/50 WETH>AERO@PancakeV3/100 in=0.8555 AERO gap=12.4bps profit=$0.000 net=$-0.003"}
{"level":30,"time":1790807640501,"pid":20666,"hostname":"vm","msg":"  VIRTUAL>USDC@PancakeV3/500 USDC>VIRTUAL@UniswapV3/10000 in=0.9446 VIRTUAL gap=110.2bps profit=$0.000 net=$-0.003"}
{"level":30,"time":1790807643718,"pid":20666,"hostname":"vm","block":52009146,"gross":264,"net":0,"sumNetUsd":0,"gasPriceGwei":0.006,"txCostUsd":0.004,"syncMs":1583,"searchMs":144,"msg":"block scanned"}
{"level":30,"time":1790807643718,"pid":20666,"hostname":"vm","msg":"  VIRTUAL>USDC@PancakeV3/500 USDC>VIRTUAL@UniswapV3/500 in=1.501 VIRTUAL gap=35.6bps profit=$0.002 net=$-0.002"}
{"level":30,"time":1790807643718,"pid":20666,"hostname":"vm","msg":"  VIRTUAL>USDC@PancakeV3/500 USDC>VIRTUAL@AerodromeCL3/2000 in=3.505 VIRTUAL gap=115.2bps profit=$0.001 net=$-0.002"}
{"level":30,"time":1790807643718,"pid":20666,"hostname":"vm","msg":"  AERO>WETH@UniswapV2 WETH>AERO@PancakeV3/100 in=0.4704 AERO gap=44.7bps profit=$0.000 net=$-0.002"}
{"level":30,"time":1790807643718,"pid":20666,"hostname":"vm","msg":"  AERO>WETH@AerodromeCL3/50 WETH>AERO@PancakeV3/100 in=0.8555 AERO gap=12.4bps profit=$0.000 net=$-0.003"}
{"level":30,"time":1790807643718,"pid":20666,"hostname":"vm","msg":"  VIRTUAL>USDC@PancakeV3/500 USDC>VIRTUAL@UniswapV3/10000 in=0.9446 VIRTUAL gap=110.2bps profit=$0.000 net=$-0.003"}
{"level":30,"time":1790807647870,"pid":20666,"hostname":"vm","block":52009148,"gross":270,"net":2,"sumNetUsd":0,"gasPriceGwei":0.006,"txCostUsd":0.004,"syncMs":1840,"searchMs":140,"msg":"block scanned"}
{"level":30,"time":1790807647870,"pid":20666,"hostname":"vm","msg":"  VIRTUAL>USDC@PancakeV3/500 USDC>VIRTUAL@AerodromeCL3/2000 in=4.820 VIRTUAL gap=118.9bps profit=$0.002 net=$-0.001"}
{"level":30,"time":1790807647870,"pid":20666,"hostname":"vm","msg":"  VIRTUAL>USDC@PancakeV3/500 USDC>VIRTUAL@UniswapV3/500 in=1.714 VIRTUAL gap=39.3bps profit=$0.002 net=$-0.001"}
{"level":30,"time":1790807647870,"pid":20666,"hostname":"vm","msg":"  VIRTUAL>USDC@PancakeV3/500 USDC>VIRTUAL@UniswapV3/10000 in=1.786 VIRTUAL gap=113.9bps profit=$0.001 net=$-0.003"}
{"level":30,"time":1790807647870,"pid":20666,"hostname":"vm","msg":"  AERO>WETH@UniswapV2 WETH>AERO@PancakeV3/100 in=0.4704 AERO gap=44.7bps profit=$0.000 net=$-0.002"}
{"level":30,"time":1790807647870,"pid":20666,"hostname":"vm","msg":"  AERO>WETH@AerodromeCL3/50 WETH>AERO@PancakeV3/100 in=0.8555 AERO gap=12.4bps profit=$0.000 net=$-0.003"}
{"level":30,"time":1790807651810,"pid":20666,"hostname":"vm","block":52009150,"gross":363,"net":87,"sumNetUsd":166.92,"gasPriceGwei":0.006000495,"txCostUsd":0.004,"syncMs":1757,"searchMs":205,"msg":"block scanned"}
{"level":30,"time":1790807651810,"pid":20666,"hostname":"vm","msg":"  WETH>USDC@UniswapV3/100 USDC>VIRTUAL@PancakeV3/500 VIRTUAL>WETH@AerodromeCL/100 in=1.642 WETH gap=153.3bps profit=$31.999 net=$31.993"}
{"level":30,"time":1790807651810,"pid":20666,"hostname":"vm","msg":"  WETH>USDC@AerodromeCL3/1 USDC>VIRTUAL@PancakeV3/500 VIRTUAL>WETH@AerodromeCL/100 in=1.489 WETH gap=153.3bps profit=$28.628 net=$28.621"}
{"level":30,"time":1790807651810,"pid":20666,"hostname":"vm","msg":"  WETH>USDC@PancakeV3/100 USDC>WETH@UniswapV4/3000 in=3.172 WETH gap=48.8bps profit=$5.391 net=$5.386"}
{"level":30,"time":1790807651810,"pid":20666,"hostname":"vm","msg":"  WETH>cbBTC@AerodromeCL/1 cbBTC>VIRTUAL@Aerodrome VIRTUAL>WETH@AerodromeCL/100 in=0.3676 WETH gap=94.4bps profit=$4.671 net=$4.667"}
{"level":30,"time":1790807651810,"pid":20666,"hostname":"vm","msg":"  WETH>USDC@UniswapV3/100 USDC>cbBTC@PancakeV3/100 cbBTC>WETH@UniswapV4/500 in=1.171 WETH gap=22bps profit=$2.166 net=$2.161"}
{"level":30,"time":1790807655619,"pid":20666,"hostname":"vm","block":52009152,"gross":269,"net":0,"sumNetUsd":0,"gasPriceGwei":0.006,"txCostUsd":0.004,"syncMs":1401,"searchMs":153,"msg":"block scanned"}
{"level":30,"time":1790807655619,"pid":20666,"hostname":"vm","msg":"  VIRTUAL>USDC@PancakeV3/500 USDC>VIRTUAL@UniswapV3/500 in=1.714 VIRTUAL gap=39.3bps profit=$0.002 net=$-0.001"}
{"level":30,"time":1790807655619,"pid":20666,"hostname":"vm","msg":"  VIRTUAL>USDC@PancakeV3/500 USDC>VIRTUAL@UniswapV3/10000 in=1.786 VIRTUAL gap=113.9bps profit=$0.001 net=$-0.003"}
{"level":30,"time":1790807655619,"pid":20666,"hostname":"vm","msg":"  AERO>WETH@PancakeV3/500 WETH>AERO@PancakeV3/100 in=1.194 AERO gap=14.9bps profit=$0.000 net=$-0.003"}
{"level":30,"time":1790807655619,"pid":20666,"hostname":"vm","msg":"  AERO>WETH@UniswapV2 WETH>AERO@PancakeV3/100 in=0.4704 AERO gap=44.7bps profit=$0.000 net=$-0.002"}
{"level":30,"time":1790807655619,"pid":20666,"hostname":"vm","msg":"  AERO>WETH@AerodromeCL3/50 WETH>AERO@PancakeV3/100 in=0.8555 AERO gap=12.4bps profit=$0.000 net=$-0.003"}
{"level":30,"time":1790807659585,"pid":20666,"hostname":"vm","block":52009154,"gross":263,"net":0,"sumNetUsd":0,"gasPriceGwei":0.006,"txCostUsd":0.004,"syncMs":1551,"searchMs":159,"msg":"block scanned"}
{"level":30,"time":1790807659585,"pid":20666,"hostname":"vm","msg":"  VIRTUAL>USDC@PancakeV3/500 USDC>VIRTUAL@UniswapV3/500 in=1.714 VIRTUAL gap=39.3bps profit=$0.002 net=$-0.001"}
{"level":30,"time":1790807659585,"pid":20666,"hostname":"vm","msg":"  VIRTUAL>USDC@PancakeV3/500 USDC>VIRTUAL@UniswapV3/10000 in=1.786 VIRTUAL gap=113.9bps profit=$0.001 net=$-0.003"}
{"level":30,"time":1790807659585,"pid":20666,"hostname":"vm","msg":"  AERO>WETH@PancakeV3/500 WETH>AERO@PancakeV3/100 in=1.193 AERO gap=14.9bps profit=$0.000 net=$-0.003"}
{"level":30,"time":1790807659585,"pid":20666,"hostname":"vm","msg":"  AERO>WETH@UniswapV2 WETH>AERO@PancakeV3/100 in=0.4704 AERO gap=44.7bps profit=$0.000 net=$-0.002"}
{"level":30,"time":1790807659585,"pid":20666,"hostname":"vm","msg":"  AERO>WETH@AerodromeCL3/50 WETH>AERO@PancakeV3/100 in=0.8555 AERO gap=12.4bps profit=$0.000 net=$-0.003"}
{"level":30,"time":1790807663830,"pid":20666,"hostname":"vm","block":52009156,"gross":253,"net":0,"sumNetUsd":0,"gasPriceGwei":0.006,"txCostUsd":0.004,"syncMs":1574,"searchMs":152,"msg":"block scanned"}
{"level":30,"time":1790807663830,"pid":20666,"hostname":"vm","msg":"  VIRTUAL>USDC@PancakeV3/500 USDC>VIRTUAL@UniswapV3/500 in=1.714 VIRTUAL gap=39.3bps profit=$0.002 net=$-0.001"}
{"level":30,"time":1790807663830,"pid":20666,"hostname":"vm","msg":"  VIRTUAL>USDC@PancakeV3/500 USDC>VIRTUAL@UniswapV3/10000 in=1.786 VIRTUAL gap=113.9bps profit=$0.001 net=$-0.003"}
{"level":30,"time":1790807663830,"pid":20666,"hostname":"vm","msg":"  MORPHO>WETH@UniswapV3/100 WETH>MORPHO@AerodromeCL3/100 in=0.1501 MORPHO gap=29.7bps profit=$0.000 net=$-0.003"}
{"level":30,"time":1790807663830,"pid":20666,"hostname":"vm","msg":"  DAI>WETH@BaseSwap WETH>DAI@PancakeV3/500 in=0.02725 DAI gap=31.7bps profit=$0.000 net=$-0.003"}
{"level":30,"time":1790807663830,"pid":20666,"hostname":"vm","msg":"  WETH>USDC@AerodromeCL3/1 USDC>MORPHO@AerodromeCL2/100 MORPHO>WETH@UniswapV3/100 in=0.0005592 WETH gap=42.1bps profit=$0.003 net=$-0.002"}
{"level":30,"time":1790807667830,"pid":20666,"hostname":"vm","block":52009158,"gross":259,"net":0,"sumNetUsd":0,"gasPriceGwei":0.006,"txCostUsd":0.004,"syncMs":1380,"searchMs":152,"msg":"block scanned"}
{"level":30,"time":1790807667831,"pid":20666,"hostname":"vm","msg":"  VIRTUAL>USDC@PancakeV3/500 USDC>VIRTUAL@UniswapV3/500 in=1.714 VIRTUAL gap=39.3bps profit=$0.002 net=$-0.001"}
{"level":30,"time":1790807667831,"pid":20666,"hostname":"vm","msg":"  VIRTUAL>USDC@PancakeV3/500 USDC>VIRTUAL@UniswapV3/10000 in=1.786 VIRTUAL gap=113.9bps profit=$0.001 net=$-0.003"}
{"level":30,"time":1790807667831,"pid":20666,"hostname":"vm","msg":"  AERO>WETH@PancakeV3/500 WETH>AERO@PancakeV3/100 in=0.5544 AERO gap=10.1bps profit=$0.000 net=$-0.003"}
{"level":30,"time":1790807667831,"pid":20666,"hostname":"vm","msg":"  MORPHO>WETH@UniswapV3/100 WETH>MORPHO@AerodromeCL3/100 in=0.1501 MORPHO gap=29.7bps profit=$0.000 net=$-0.003"}
{"level":30,"time":1790807667831,"pid":20666,"hostname":"vm","msg":"  DAI>WETH@BaseSwap WETH>DAI@PancakeV3/500 in=0.02725 DAI gap=31.7bps profit=$0.000 net=$-0.003"}
{"level":30,"time":1790807723584,"pid":20666,"hostname":"vm","block":52009160,"gross":256,"net":0,"sumNetUsd":0,"gasPriceGwei":0.006,"txCostUsd":0.004,"syncMs":53111,"searchMs":158,"msg":"block scanned"}
{"level":30,"time":1790807723584,"pid":20666,"hostname":"vm","msg":"  VIRTUAL>USDC@PancakeV3/500 USDC>VIRTUAL@UniswapV3/500 in=1.714 VIRTUAL gap=39.3bps profit=$0.002 net=$-0.001"}
{"level":30,"time":1790807723584,"pid":20666,"hostname":"vm","msg":"  VIRTUAL>USDC@PancakeV3/500 USDC>VIRTUAL@UniswapV3/10000 in=1.786 VIRTUAL gap=113.9bps profit=$0.001 net=$-0.003"}
{"level":30,"time":1790807723584,"pid":20666,"hostname":"vm","msg":"  AERO>WETH@PancakeV3/500 WETH>AERO@PancakeV3/100 in=0.5544 AERO gap=10.1bps profit=$0.000 net=$-0.003"}
{"level":30,"time":1790807723584,"pid":20666,"hostname":"vm","msg":"  MORPHO>WETH@UniswapV3/100 WETH>MORPHO@AerodromeCL3/100 in=0.1501 MORPHO gap=29.7bps profit=$0.000 net=$-0.003"}
{"level":30,"time":1790807723584,"pid":20666,"hostname":"vm","msg":"  AERO>USDC@AerodromeCL/100 USDC>AERO@PancakeV3/500 in=0.3723 AERO gap=10.3bps profit=$0.000 net=$-0.003"}
{"level":30,"time":1790807727578,"pid":20666,"hostname":"vm","block":52009188,"gross":338,"net":0,"sumNetUsd":0,"gasPriceGwei":0.006,"txCostUsd":0.004,"syncMs":1673,"searchMs":171,"msg":"block scanned"}
{"level":30,"time":1790807727578,"pid":20666,"hostname":"vm","msg":"  AERO>WETH@PancakeV3/500 WETH>AERO@PancakeV3/100 in=1.583 AERO gap=17.8bps profit=$0.001 net=$-0.003"}
{"level":30,"time":1790807727578,"pid":20666,"hostname":"vm","msg":"  AERO>WETH@AerodromeCL3/50 WETH>AERO@PancakeV3/100 in=1.022 AERO gap=14.7bps profit=$0.000 net=$-0.003"}
{"level":30,"time":1790807727578,"pid":20666,"hostname":"vm","msg":"  VIRTUAL>USDC@PancakeV3/500 USDC>VIRTUAL@AerodromeCL3/2000 in=1.718 VIRTUAL gap=110.6bps profit=$0.000 net=$-0.003"}
{"level":30,"time":1790807727578,"pid":20666,"hostname":"vm","msg":"  VIRTUAL>WETH@PancakeV3/100 WETH>VIRTUAL@PancakeV3/500 in=0.9486 VIRTUAL gap=9.4bps profit=$0.000 net=$-0.003"}
{"level":30,"time":1790807727578,"pid":20666,"hostname":"vm","msg":"  VIRTUAL>USDC@PancakeV3/500 USDC>VIRTUAL@UniswapV3/500 in=0.2735 VIRTUAL gap=14.7bps profit=$0.000 net=$-0.003"}
{"level":30,"time":1790807731921,"pid":20666,"hostname":"vm","block":52009190,"gross":331,"net":0,"sumNetUsd":0,"gasPriceGwei":0.006,"txCostUsd":0.004,"syncMs":1907,"searchMs":170,"msg":"block scanned"}
{"level":30,"time":1790807731921,"pid":20666,"hostname":"vm","msg":"  VIRTUAL>USDC@PancakeV3/500 USDC>VIRTUAL@AerodromeCL3/2000 in=2.655 VIRTUAL gap=113.3bps profit=$0.001 net=$-0.003"}
{"level":30,"time":1790807731921,"pid":20666,"hostname":"vm","msg":"  AERO>WETH@PancakeV3/500 WETH>AERO@PancakeV3/100 in=1.583 AERO gap=17.8bps profit=$0.001 net=$-0.003"}
{"level":30,"time":1790807731921,"pid":20666,"hostname":"vm","msg":"  AERO>WETH@AerodromeCL3/50 WETH>AERO@PancakeV3/100 in=1.022 AERO gap=14.7bps profit=$0.000 net=$-0.003"}
{"level":30,"time":1790807731921,"pid":20666,"hostname":"vm","msg":"  VIRTUAL>USDC@PancakeV3/500 USDC>VIRTUAL@UniswapV3/500 in=0.4352 VIRTUAL gap=17.3bps profit=$0.000 net=$-0.003"}
{"level":30,"time":1790807731921,"pid":20666,"hostname":"vm","msg":"  VIRTUAL>USDC@PancakeV3/500 USDC>VIRTUAL@UniswapV3/10000 in=0.3911 VIRTUAL gap=107.8bps profit=$0.000 net=$-0.003"}
{"level":30,"time":1790807735881,"pid":20666,"hostname":"vm","block":52009192,"gross":327,"net":0,"sumNetUsd":0,"gasPriceGwei":0.006,"txCostUsd":0.004,"syncMs":1403,"searchMs":248,"msg":"block scanned"}
{"level":30,"time":1790807735881,"pid":20666,"hostname":"vm","msg":"  AERO>WETH@PancakeV3/500 WETH>AERO@PancakeV3/100 in=1.457 AERO gap=16.9bps profit=$0.001 net=$-0.003"}
{"level":30,"time":1790807735881,"pid":20666,"hostname":"vm","msg":"  VIRTUAL>USDC@PancakeV3/500 USDC>VIRTUAL@UniswapV3/10000 in=1.553 VIRTUAL gap=112.9bps profit=$0.000 net=$-0.003"}
{"level":30,"time":1790807735881,"pid":20666,"hostname":"vm","msg":"  AERO>WETH@AerodromeCL3/50 WETH>AERO@PancakeV3/100 in=1.022 AERO gap=14.7bps profit=$0.000 net=$-0.003"}
{"level":30,"time":1790807735881,"pid":20666,"hostname":"vm","msg":"  VIRTUAL>USDC@PancakeV3/500 USDC>VIRTUAL@UniswapV3/500 in=0.7053 VIRTUAL gap=22.3bps profit=$0.000 net=$-0.003"}
{"level":30,"time":1790807735881,"pid":20666,"hostname":"vm","msg":"  VIRTUAL>WETH@AerodromeCL/100 WETH>VIRTUAL@PancakeV3/100 in=0.4886 VIRTUAL gap=7.3bps profit=$0.000 net=$-0.003"}
{"level":30,"time":1790807739370,"pid":20666,"hostname":"vm","block":52009194,"gross":329,"net":0,"sumNetUsd":0,"gasPriceGwei":0.006,"txCostUsd":0.004,"syncMs":1383,"searchMs":168,"msg":"block scanned"}
{"level":30,"time":1790807739370,"pid":20666,"hostname":"vm","msg":"  AERO>WETH@PancakeV3/500 WETH>AERO@PancakeV3/100 in=1.457 AERO gap=16.9bps profit=$0.001 net=$-0.003"}
{"level":30,"time":1790807739370,"pid":20666,"hostname":"vm","msg":"  VIRTUAL>USDC@PancakeV3/500 USDC>VIRTUAL@UniswapV3/10000 in=1.553 VIRTUAL gap=112.9bps profit=$0.000 net=$-0.003"}
{"level":30,"time":1790807739370,"pid":20666,"hostname":"vm","msg":"  AERO>WETH@AerodromeCL3/50 WETH>AERO@PancakeV3/100 in=1.022 AERO gap=14.7bps profit=$0.000 net=$-0.003"}
{"level":30,"time":1790807739370,"pid":20666,"hostname":"vm","msg":"  VIRTUAL>USDC@PancakeV3/500 USDC>VIRTUAL@UniswapV3/500 in=0.7053 VIRTUAL gap=22.3bps profit=$0.000 net=$-0.003"}
{"level":30,"time":1790807739370,"pid":20666,"hostname":"vm","msg":"  VIRTUAL>WETH@AerodromeCL/100 WETH>VIRTUAL@PancakeV3/100 in=1.660 VIRTUAL gap=10.4bps profit=$0.000 net=$-0.003"}
{"level":30,"time":1790807742868,"pid":20666,"hostname":"vm","block":52009196,"gross":321,"net":0,"sumNetUsd":0,"gasPriceGwei":0.006,"txCostUsd":0.004,"syncMs":1873,"searchMs":166,"msg":"block scanned"}
{"level":30,"time":1790807742868,"pid":20666,"hostname":"vm","msg":"  VIRTUAL>USDC@PancakeV3/500 USDC>VIRTUAL@UniswapV3/10000 in=1.553 VIRTUAL gap=112.9bps profit=$0.000 net=$-0.003"}
{"level":30,"time":1790807742868,"pid":20666,"hostname":"vm","msg":"  AERO>WETH@PancakeV3/500 WETH>AERO@PancakeV3/100 in=1.143 AERO gap=14.5bps profit=$0.000 net=$-0.003"}
{"level":30,"time":1790807742868,"pid":20666,"hostname":"vm","msg":"  AERO>WETH@AerodromeCL3/50 WETH>AERO@PancakeV3/100 in=1.022 AERO gap=14.7bps profit=$0.000 net=$-0.003"}
{"level":30,"time":1790807742868,"pid":20666,"hostname":"vm","msg":"  VIRTUAL>USDC@PancakeV3/500 USDC>VIRTUAL@UniswapV3/500 in=0.7053 VIRTUAL gap=22.3bps profit=$0.000 net=$-0.003"}
{"level":30,"time":1790807742868,"pid":20666,"hostname":"vm","msg":"  VIRTUAL>WETH@AerodromeCL/100 WETH>VIRTUAL@PancakeV3/100 in=1.407 VIRTUAL gap=9.8bps profit=$0.000 net=$-0.003"}
{"level":30,"time":1790807746609,"pid":20666,"hostname":"vm","block":52009198,"gross":321,"net":0,"sumNetUsd":0,"gasPriceGwei":0.006,"txCostUsd":0.004,"syncMs":1819,"searchMs":187,"msg":"block scanned"}
{"level":30,"time":1790807746609,"pid":20666,"hostname":"vm","msg":"  VIRTUAL>USDC@PancakeV3/500 USDC>VIRTUAL@UniswapV3/10000 in=1.553 VIRTUAL gap=112.9bps profit=$0.000 net=$-0.003"}
{"level":30,"time":1790807746609,"pid":20666,"hostname":"vm","msg":"  AERO>WETH@PancakeV3/500 WETH>AERO@PancakeV3/100 in=1.143 AERO gap=14.5bps profit=$0.000 net=$-0.003"}
{"level":30,"time":1790807746609,"pid":20666,"hostname":"vm","msg":"  AERO>WETH@AerodromeCL3/50 WETH>AERO@PancakeV3/100 in=1.022 AERO gap=14.7bps profit=$0.000 net=$-0.003"}
{"level":30,"time":1790807746609,"pid":20666,"hostname":"vm","msg":"  VIRTUAL>USDC@PancakeV3/500 USDC>VIRTUAL@UniswapV3/500 in=0.7053 VIRTUAL gap=22.3bps profit=$0.000 net=$-0.003"}
{"level":30,"time":1790807746609,"pid":20666,"hostname":"vm","msg":"  VIRTUAL>WETH@AerodromeCL/100 WETH>VIRTUAL@PancakeV3/100 in=1.407 VIRTUAL gap=9.8bps profit=$0.000 net=$-0.003"}
{"level":30,"time":1790807750465,"pid":20666,"hostname":"vm","block":52009200,"gross":319,"net":0,"sumNetUsd":0,"gasPriceGwei":0.006,"txCostUsd":0.004,"syncMs":1629,"searchMs":157,"msg":"block scanned"}
{"level":30,"time":1790807750466,"pid":20666,"hostname":"vm","msg":"  VIRTUAL>USDC@PancakeV3/500 USDC>VIRTUAL@UniswapV3/10000 in=1.553 VIRTUAL gap=112.9bps profit=$0.000 net=$-0.003"}
{"level":30,"time":1790807750466,"pid":20666,"hostname":"vm","msg":"  AERO>WETH@PancakeV3/500 WETH>AERO@PancakeV3/100 in=1.143 AERO gap=14.5bps profit=$0.000 net=$-0.003"}
{"level":30,"time":1790807750466,"pid":20666,"hostname":"vm","msg":"  AERO>WETH@AerodromeCL3/50 WETH>AERO@PancakeV3/100 in=1.022 AERO gap=14.7bps profit=$0.000 net=$-0.003"}
{"level":30,"time":1790807750466,"pid":20666,"hostname":"vm","msg":"  VIRTUAL>USDC@PancakeV3/500 USDC>VIRTUAL@UniswapV3/500 in=0.7053 VIRTUAL gap=22.3bps profit=$0.000 net=$-0.003"}
{"level":30,"time":1790807750466,"pid":20666,"hostname":"vm","msg":"  MORPHO>WETH@UniswapV3/100 WETH>MORPHO@AerodromeCL3/100 in=0.1501 MORPHO gap=29.7bps profit=$0.000 net=$-0.003"}
{"level":30,"time":1790807753450,"pid":20666,"hostname":"vm","block":52009201,"gross":318,"net":0,"sumNetUsd":0,"gasPriceGwei":0.006,"txCostUsd":0.004,"syncMs":1589,"searchMs":163,"msg":"block scanned"}
{"level":30,"time":1790807753450,"pid":20666,"hostname":"vm","msg":"  VIRTUAL>USDC@PancakeV3/500 USDC>VIRTUAL@UniswapV3/10000 in=1.553 VIRTUAL gap=112.9bps profit=$0.000 net=$-0.003"}
{"level":30,"time":1790807753450,"pid":20666,"hostname":"vm","msg":"  AERO>WETH@AerodromeCL3/50 WETH>AERO@PancakeV3/100 in=1.022 AERO gap=14.7bps profit=$0.000 net=$-0.003"}
{"level":30,"time":1790807753450,"pid":20666,"hostname":"vm","msg":"  VIRTUAL>USDC@PancakeV3/500 USDC>VIRTUAL@UniswapV3/500 in=0.7053 VIRTUAL gap=22.3bps profit=$0.000 net=$-0.003"}
{"level":30,"time":1790807753450,"pid":20666,"hostname":"vm","msg":"  VIRTUAL>WETH@AerodromeCL/100 WETH>VIRTUAL@PancakeV3/100 in=1.635 VIRTUAL gap=10.4bps profit=$0.000 net=$-0.003"}
{"level":30,"time":1790807753450,"pid":20666,"hostname":"vm","msg":"  AERO>WETH@PancakeV3/500 WETH>AERO@PancakeV3/100 in=0.9779 AERO gap=13.3bps profit=$0.000 net=$-0.003"}
{"level":30,"time":1790807756490,"pid":20666,"hostname":"vm","block":52009203,"gross":312,"net":0,"sumNetUsd":0,"gasPriceGwei":0.006,"txCostUsd":0.004,"syncMs":549,"searchMs":155,"msg":"block scanned"}
{"level":30,"time":1790807756490,"pid":20666,"hostname":"vm","msg":"  VIRTUAL>USDC@PancakeV3/500 USDC>VIRTUAL@UniswapV3/10000 in=1.553 VIRTUAL gap=112.9bps profit=$0.000 net=$-0.003"}
{"level":30,"time":1790807756490,"pid":20666,"hostname":"vm","msg":"  AERO>WETH@AerodromeCL3/50 WETH>AERO@PancakeV3/100 in=1.022 AERO gap=14.7bps profit=$0.000 net=$-0.003"}
{"level":30,"time":1790807756490,"pid":20666,"hostname":"vm","msg":"  VIRTUAL>USDC@PancakeV3/500 USDC>VIRTUAL@UniswapV3/500 in=0.7053 VIRTUAL gap=22.3bps profit=$0.000 net=$-0.003"}
{"level":30,"time":1790807756490,"pid":20666,"hostname":"vm","msg":"  AERO>WETH@PancakeV3/500 WETH>AERO@PancakeV3/100 in=0.9779 AERO gap=13.3bps profit=$0.000 net=$-0.003"}
{"level":30,"time":1790807756490,"pid":20666,"hostname":"vm","msg":"  VIRTUAL>WETH@AerodromeCL/100 WETH>VIRTUAL@PancakeV3/100 in=1.551 VIRTUAL gap=10.2bps profit=$0.000 net=$-0.003"}
{"level":30,"time":1790807759591,"pid":20666,"hostname":"vm","block":52009204,"gross":309,"net":0,"sumNetUsd":0,"gasPriceGwei":0.006,"txCostUsd":0.004,"syncMs":2016,"searchMs":152,"msg":"block scanned"}
{"level":30,"time":1790807759591,"pid":20666,"hostname":"vm","msg":"  VIRTUAL>USDC@PancakeV3/500 USDC>VIRTUAL@UniswapV3/10000 in=1.553 VIRTUAL gap=112.9bps profit=$0.000 net=$-0.003"}
{"level":30,"time":1790807759591,"pid":20666,"hostname":"vm","msg":"  AERO>WETH@AerodromeCL3/50 WETH>AERO@PancakeV3/100 in=1.022 AERO gap=14.7bps profit=$0.000 net=$-0.003"}
{"level":30,"time":1790807759591,"pid":20666,"hostname":"vm","msg":"  VIRTUAL>USDC@PancakeV3/500 USDC>VIRTUAL@UniswapV3/500 in=0.7053 VIRTUAL gap=22.3bps profit=$0.000 net=$-0.003"}
{"level":30,"time":1790807759591,"pid":20666,"hostname":"vm","msg":"  AERO>WETH@PancakeV3/500 WETH>AERO@PancakeV3/100 in=0.9779 AERO gap=13.3bps profit=$0.000 net=$-0.003"}
{"level":30,"time":1790807759591,"pid":20666,"hostname":"vm","msg":"  VIRTUAL>WETH@AerodromeCL/100 WETH>VIRTUAL@PancakeV3/100 in=0.6451 VIRTUAL gap=7.7bps profit=$0.000 net=$-0.003"}
{"level":30,"time":1790807763768,"pid":20666,"hostname":"vm","block":52009206,"gross":309,"net":0,"sumNetUsd":0,"gasPriceGwei":0.006,"txCostUsd":0.004,"syncMs":1827,"searchMs":187,"msg":"block scanned"}
{"level":30,"time":1790807763768,"pid":20666,"hostname":"vm","msg":"  VIRTUAL>USDC@PancakeV3/500 USDC>VIRTUAL@UniswapV3/10000 in=1.553 VIRTUAL gap=112.9bps profit=$0.000 net=$-0.003"}
{"level":30,"time":1790807763768,"pid":20666,"hostname":"vm","msg":"  AERO>WETH@AerodromeCL3/50 WETH>AERO@PancakeV3/100 in=1.022 AERO gap=14.7bps profit=$0.000 net=$-0.003"}
{"level":30,"time":1790807763768,"pid":20666,"hostname":"vm","msg":"  VIRTUAL>USDC@PancakeV3/500 USDC>VIRTUAL@UniswapV3/500 in=0.7053 VIRTUAL gap=22.3bps profit=$0.000 net=$-0.003"}
{"level":30,"time":1790807763768,"pid":20666,"hostname":"vm","msg":"  AERO>WETH@PancakeV3/500 WETH>AERO@PancakeV3/100 in=0.9779 AERO gap=13.3bps profit=$0.000 net=$-0.003"}
{"level":30,"time":1790807763768,"pid":20666,"hostname":"vm","msg":"  DAI>WETH@BaseSwap WETH>DAI@PancakeV3/500 in=0.02725 DAI gap=31.7bps profit=$0.000 net=$-0.003"}
{"level":30,"time":1790807767551,"pid":20666,"hostname":"vm","block":52009208,"gross":307,"net":0,"sumNetUsd":0,"gasPriceGwei":0.006,"txCostUsd":0.004,"syncMs":1489,"searchMs":155,"msg":"block scanned"}
{"level":30,"time":1790807767551,"pid":20666,"hostname":"vm","msg":"  VIRTUAL>USDC@PancakeV3/500 USDC>VIRTUAL@UniswapV3/10000 in=1.553 VIRTUAL gap=112.9bps profit=$0.000 net=$-0.003"}
{"level":30,"time":1790807767551,"pid":20666,"hostname":"vm","msg":"  AERO>WETH@AerodromeCL3/50 WETH>AERO@PancakeV3/100 in=1.022 AERO gap=14.7bps profit=$0.000 net=$-0.003"}
{"level":30,"time":1790807767551,"pid":20666,"hostname":"vm","msg":"  VIRTUAL>USDC@PancakeV3/500 USDC>VIRTUAL@UniswapV3/500 in=0.7053 VIRTUAL gap=22.3bps profit=$0.000 net=$-0.003"}
{"level":30,"time":1790807767551,"pid":20666,"hostname":"vm","msg":"  AERO>WETH@PancakeV3/500 WETH>AERO@PancakeV3/100 in=0.9779 AERO gap=13.3bps profit=$0.000 net=$-0.003"}
{"level":30,"time":1790807767551,"pid":20666,"hostname":"vm","msg":"  DAI>WETH@BaseSwap WETH>DAI@PancakeV3/500 in=0.02725 DAI gap=31.7bps profit=$0.000 net=$-0.003"}
{"level":30,"time":1790807771399,"pid":20666,"hostname":"vm","block":52009210,"gross":308,"net":0,"sumNetUsd":0,"gasPriceGwei":0.006,"txCostUsd":0.004,"syncMs":1507,"searchMs":156,"msg":"block scanned"}
{"level":30,"time":1790807771399,"pid":20666,"hostname":"vm","msg":"  AERO>WETH@AerodromeCL3/50 WETH>AERO@PancakeV3/100 in=1.022 AERO gap=14.7bps profit=$0.000 net=$-0.003"}
{"level":30,"time":1790807771399,"pid":20666,"hostname":"vm","msg":"  VIRTUAL>USDC@PancakeV3/500 USDC>VIRTUAL@UniswapV3/10000 in=1.427 VIRTUAL gap=112.3bps profit=$0.000 net=$-0.003"}
{"level":30,"time":1790807771399,"pid":20666,"hostname":"vm","msg":"  VIRTUAL>USDC@PancakeV3/500 USDC>VIRTUAL@UniswapV3/500 in=0.7014 VIRTUAL gap=21.7bps profit=$0.000 net=$-0.003"}
{"level":30,"time":1790807771399,"pid":20666,"hostname":"vm","msg":"  AERO>WETH@PancakeV3/500 WETH>AERO@PancakeV3/100 in=0.9779 AERO gap=13.3bps profit=$0.000 net=$-0.003"}
{"level":30,"time":1790807771399,"pid":20666,"hostname":"vm","msg":"  DAI>WETH@BaseSwap WETH>DAI@PancakeV3/500 in=0.02725 DAI gap=31.7bps profit=$0.000 net=$-0.003"}
{"level":30,"time":1790807774422,"pid":20666,"hostname":"vm","block":52009212,"gross":311,"net":0,"sumNetUsd":0,"gasPriceGwei":0.006,"txCostUsd":0.004,"syncMs":1547,"searchMs":187,"msg":"block scanned"}
{"level":30,"time":1790807774422,"pid":20666,"hostname":"vm","msg":"  AERO>WETH@AerodromeCL3/50 WETH>AERO@PancakeV3/100 in=1.022 AERO gap=14.7bps profit=$0.000 net=$-0.003"}
{"level":30,"time":1790807774422,"pid":20666,"hostname":"vm","msg":"  VIRTUAL>USDC@PancakeV3/500 USDC>VIRTUAL@UniswapV3/10000 in=1.426 VIRTUAL gap=112.3bps profit=$0.000 net=$-0.003"}
{"level":30,"time":1790807774422,"pid":20666,"hostname":"vm","msg":"  VIRTUAL>USDC@PancakeV3/500 USDC>VIRTUAL@UniswapV3/500 in=0.6876 VIRTUAL gap=21.7bps profit=$0.000 net=$-0.003"}
{"level":30,"time":1790807774422,"pid":20666,"hostname":"vm","msg":"  AERO>WETH@PancakeV3/500 WETH>AERO@PancakeV3/100 in=0.9779 AERO gap=13.3bps profit=$0.000 net=$-0.003"}
{"level":30,"time":1790807774422,"pid":20666,"hostname":"vm","msg":"  DAI>WETH@BaseSwap WETH>DAI@PancakeV3/500 in=0.02725 DAI gap=31.7bps profit=$0.000 net=$-0.003"}
{"level":30,"time":1790807838838,"pid":20666,"hostname":"vm","block":52009213,"gross":309,"net":0,"sumNetUsd":0,"gasPriceGwei":0.006,"txCostUsd":0.004,"syncMs":62824,"searchMs":191,"msg":"block scanned"}
{"level":30,"time":1790807838838,"pid":20666,"hostname":"vm","msg":"  AERO>WETH@AerodromeCL3/50 WETH>AERO@PancakeV3/100 in=1.022 AERO gap=14.7bps profit=$0.000 net=$-0.003"}
{"level":30,"time":1790807838838,"pid":20666,"hostname":"vm","msg":"  AERO>WETH@PancakeV3/500 WETH>AERO@PancakeV3/100 in=0.9779 AERO gap=13.3bps profit=$0.000 net=$-0.003"}
{"level":30,"time":1790807838838,"pid":20666,"hostname":"vm","msg":"  VIRTUAL>USDC@PancakeV3/500 USDC>VIRTUAL@UniswapV3/500 in=0.4370 VIRTUAL gap=17.3bps profit=$0.000 net=$-0.003"}
{"level":30,"time":1790807838838,"pid":20666,"hostname":"vm","msg":"  VIRTUAL>USDC@PancakeV3/500 USDC>VIRTUAL@UniswapV3/10000 in=0.4143 VIRTUAL gap=107.8bps profit=$0.000 net=$-0.003"}
{"level":30,"time":1790807838838,"pid":20666,"hostname":"vm","msg":"  DAI>WETH@BaseSwap WETH>DAI@PancakeV3/500 in=0.02725 DAI gap=31.7bps profit=$0.000 net=$-0.003"}
{"level":30,"time":1790807842931,"pid":20666,"hostname":"vm","block":52009246,"gross":347,"net":0,"sumNetUsd":0,"gasPriceGwei":0.006,"txCostUsd":0.004,"syncMs":1516,"searchMs":163,"msg":"block scanned"}
{"level":30,"time":1790807842931,"pid":20666,"hostname":"vm","msg":"  DAI>WETH@BaseSwap WETH>DAI@UniswapV3/500 in=0.2594 DAI gap=39.2bps profit=$0.000 net=$-0.002"}
{"level":30,"time":1790807842931,"pid":20666,"hostname":"vm","msg":"  VIRTUAL>USDC@PancakeV3/500 USDC>VIRTUAL@AerodromeCL3/2000 in=0.2663 VIRTUAL gap=106.8bps profit=$0.000 net=$-0.003"}
{"level":30,"time":1790807842931,"pid":20666,"hostname":"vm","msg":"  DAI>WETH@BaseSwap WETH>DAI@PancakeV3/500 in=0.02725 DAI gap=31.7bps profit=$0.000 net=$-0.003"}
{"level":30,"time":1790807842931,"pid":20666,"hostname":"vm","msg":"  DAI>WETH@SushiV3/3000 WETH>DAI@UniswapV3/500 in=0.03916 DAI gap=35.9bps profit=$0.000 net=$-0.003"}
{"level":30,"time":1790807842931,"pid":20666,"hostname":"vm","msg":"  WETH>USDC@UniswapV3/100 USDC>MORPHO@AerodromeCL2/100 MORPHO>WETH@UniswapV3/100 in=0.0006020 WETH gap=45.6bps profit=$0.004 net=$-0.001"}
{"level":30,"time":1790807846830,"pid":20666,"hostname":"vm","block":52009248,"gross":367,"net":0,"sumNetUsd":0,"gasPriceGwei":0.006,"txCostUsd":0.004,"syncMs":1478,"searchMs":184,"msg":"block scanned"}
{"level":30,"time":1790807846830,"pid":20666,"hostname":"vm","msg":"  VIRTUAL>USDC@PancakeV3/500 USDC>VIRTUAL@AerodromeCL3/2000 in=2.203 VIRTUAL gap=111.9bps profit=$0.001 net=$-0.003"}
{"level":30,"time":1790807846830,"pid":20666,"hostname":"vm","msg":"  VIRTUAL>USDC@PancakeV3/500 USDC>VIRTUAL@PancakeV3/2500 in=2.113 VIRTUAL gap=33.1bps profit=$0.000 net=$-0.003"}
{"level":30,"time":1790807846830,"pid":20666,"hostname":"vm","msg":"  DAI>WETH@BaseSwap WETH>DAI@UniswapV3/500 in=0.2594 DAI gap=39.2bps profit=$0.000 net=$-0.002"}
{"level":30,"time":1790807846830,"pid":20666,"hostname":"vm","msg":"  VIRTUAL>USDC@PancakeV3/500 USDC>VIRTUAL@UniswapV3/500 in=0.3558 VIRTUAL gap=16bps profit=$0.000 net=$-0.003"}
{"level":30,"time":1790807846830,"pid":20666,"hostname":"vm","msg":"  VIRTUAL>WETH@AerodromeCL/100 WETH>VIRTUAL@PancakeV3/100 in=0.7603 VIRTUAL gap=8bps profit=$0.000 net=$-0.003"}
{"level":30,"time":1790807850694,"pid":20666,"hostname":"vm","block":52009250,"gross":372,"net":0,"sumNetUsd":0,"gasPriceGwei":0.006,"txCostUsd":0.004,"syncMs":1908,"searchMs":182,"msg":"block scanned"}
{"level":30,"time":1790807850694,"pid":20666,"hostname":"vm","msg":"  VIRTUAL>USDC@PancakeV3/500 USDC>VIRTUAL@AerodromeCL3/2000 in=2.203 VIRTUAL gap=111.9bps profit=$0.001 net=$-0.003"}
{"level":30,"time":1790807850694,"pid":20666,"hostname":"vm","msg":"  VIRTUAL>USDC@PancakeV3/500 USDC>VIRTUAL@PancakeV3/2500 in=2.113 VIRTUAL gap=33.1bps profit=$0.000 net=$-0.003"}
{"level":30,"time":1790807850694,"pid":20666,"hostname":"vm","msg":"  DAI>WETH@BaseSwap WETH>DAI@UniswapV3/500 in=0.2594 DAI gap=39.2bps profit=$0.000 net=$-0.002"}
{"level":30,"time":1790807850694,"pid":20666,"hostname":"vm","msg":"  VIRTUAL>USDC@PancakeV3/500 USDC>VIRTUAL@UniswapV3/500 in=0.3558 VIRTUAL gap=16bps profit=$0.000 net=$-0.003"}
{"level":30,"time":1790807850694,"pid":20666,"hostname":"vm","msg":"  VIRTUAL>WETH@AerodromeCL/100 WETH>VIRTUAL@PancakeV3/100 in=0.8138 VIRTUAL gap=8.2bps profit=$0.000 net=$-0.003"}
{"level":30,"time":1790807854937,"pid":20666,"hostname":"vm","block":52009252,"gross":380,"net":0,"sumNetUsd":0,"gasPriceGwei":0.006,"txCostUsd":0.004,"syncMs":1788,"searchMs":175,"msg":"block scanned"}
{"level":30,"time":1790807854937,"pid":20666,"hostname":"vm","msg":"  VIRTUAL>USDC@PancakeV3/500 USDC>VIRTUAL@AerodromeCL3/2000 in=3.637 VIRTUAL gap=115.8bps profit=$0.001 net=$-0.002"}
{"level":30,"time":1790807854937,"pid":20666,"hostname":"vm","msg":"  VIRTUAL>WETH@AerodromeCL/100 WETH>VIRTUAL@PancakeV3/100 in=2.009 VIRTUAL gap=11.4bps profit=$0.000 net=$-0.003"}
{"level":30,"time":1790807854937,"pid":20666,"hostname":"vm","msg":"  VIRTUAL>USDC@PancakeV3/500 USDC>VIRTUAL@UniswapV3/10000 in=1.265 VIRTUAL gap=111.6bps profit=$0.000 net=$-0.003"}
{"level":30,"time":1790807854937,"pid":20666,"hostname":"vm","msg":"  VIRTUAL>USDC@PancakeV3/500 USDC>VIRTUAL@UniswapV3/500 in=0.5591 VIRTUAL gap=19.8bps profit=$0.000 net=$-0.003"}
{"level":30,"time":1790807854937,"pid":20666,"hostname":"vm","msg":"  DAI>WETH@BaseSwap WETH>DAI@UniswapV3/500 in=0.2594 DAI gap=39.2bps profit=$0.000 net=$-0.002"}
{"level":30,"time":1790807858832,"pid":20666,"hostname":"vm","block":52009254,"gross":380,"net":0,"sumNetUsd":0,"gasPriceGwei":0.006,"txCostUsd":0.004,"syncMs":1724,"searchMs":171,"msg":"block scanned"}
{"level":30,"time":1790807858832,"pid":20666,"hostname":"vm","msg":"  VIRTUAL>USDC@PancakeV3/500 USDC>VIRTUAL@AerodromeCL3/2000 in=3.637 VIRTUAL gap=115.8bps profit=$0.001 net=$-0.002"}
{"level":30,"time":1790807858832,"pid":20666,"hostname":"vm","msg":"  VIRTUAL>WETH@AerodromeCL/100 WETH>VIRTUAL@PancakeV3/100 in=1.851 VIRTUAL gap=11bps profit=$0.000 net=$-0.003"}
{"level":30,"time":1790807858832,"pid":20666,"hostname":"vm","msg":"  VIRTUAL>USDC@PancakeV3/500 USDC>VIRTUAL@UniswapV3/10000 in=1.265 VIRTUAL gap=111.6bps profit=$0.000 net=$-0.003"}
{"level":30,"time":1790807858832,"pid":20666,"hostname":"vm","msg":"  VIRTUAL>USDC@PancakeV3/500 USDC>VIRTUAL@UniswapV3/500 in=0.5591 VIRTUAL gap=19.8bps profit=$0.000 net=$-0.003"}
{"level":30,"time":1790807858832,"pid":20666,"hostname":"vm","msg":"  DAI>WETH@BaseSwap WETH>DAI@UniswapV3/500 in=0.2594 DAI gap=39.2bps profit=$0.000 net=$-0.002"}
{"level":30,"time":1790807862619,"pid":20666,"hostname":"vm","block":52009256,"gross":378,"net":0,"sumNetUsd":0,"gasPriceGwei":0.006,"txCostUsd":0.004,"syncMs":1861,"searchMs":173,"msg":"block scanned"}
{"level":30,"time":1790807862619,"pid":20666,"hostname":"vm","msg":"  VIRTUAL>USDC@PancakeV3/500 USDC>VIRTUAL@AerodromeCL3/2000 in=4.189 VIRTUAL gap=117bps profit=$0.002 net=$-0.002"}
{"level":30,"time":1790807862619,"pid":20666,"hostname":"vm","msg":"  VIRTUAL>WETH@AerodromeCL/100 WETH>VIRTUAL@PancakeV3/100 in=2.502 VIRTUAL gap=12.7bps profit=$0.001 net=$-0.003"}
{"level":30,"time":1790807862619,"pid":20666,"hostname":"vm","msg":"  VIRTUAL>WETH@AerodromeCL3/50 WETH>VIRTUAL@PancakeV3/100 in=2.378 VIRTUAL gap=12.4bps profit=$0.001 net=$-0.003"}
{"level":30,"time":1790807862619,"pid":20666,"hostname":"vm","msg":"  VIRTUAL>WETH@UniswapV3/500 WETH>VIRTUAL@PancakeV3/100 in=2.304 VIRTUAL gap=12.2bps profit=$0.001 net=$-0.003"}
{"level":30,"time":1790807862619,"pid":20666,"hostname":"vm","msg":"  VIRTUAL>USDC@PancakeV3/500 USDC>VIRTUAL@UniswapV3/10000 in=1.520 VIRTUAL gap=112.9bps profit=$0.000 net=$-0.003"}
{"level":30,"time":1790807866446,"pid":20666,"hostname":"vm","block":52009258,"gross":376,"net":0,"sumNetUsd":0,"gasPriceGwei":0.006,"txCostUsd":0.004,"syncMs":1612,"searchMs":182,"msg":"block scanned"}
{"level":30,"time":1790807866446,"pid":20666,"hostname":"vm","msg":"  VIRTUAL>WETH@AerodromeCL/100 WETH>VIRTUAL@PancakeV3/100 in=2.469 VIRTUAL gap=12.6bps profit=$0.001 net=$-0.003"}
{"level":30,"time":1790807866446,"pid":20666,"hostname":"vm","msg":"  VIRTUAL>WETH@AerodromeCL3/50 WETH>VIRTUAL@PancakeV3/100 in=2.378 VIRTUAL gap=12.4bps profit=$0.001 net=$-0.003"}
{"level":30,"time":1790807866446,"pid":20666,"hostname":"vm","msg":"  VIRTUAL>WETH@UniswapV3/500 WETH>VIRTUAL@PancakeV3/100 in=2.304 VIRTUAL gap=12.2bps profit=$0.001 net=$-0.003"}
{"level":30,"time":1790807866446,"pid":20666,"hostname":"vm","msg":"  VIRTUAL>USDC@PancakeV3/500 USDC>VIRTUAL@UniswapV3/10000 in=1.520 VIRTUAL gap=112.9bps profit=$0.000 net=$-0.003"}
{"level":30,"time":1790807866446,"pid":20666,"hostname":"vm","msg":"  VIRTUAL>USDC@PancakeV3/500 USDC>VIRTUAL@UniswapV3/500 in=0.6431 VIRTUAL gap=21bps profit=$0.000 net=$-0.003"}
{"level":30,"time":1790807869451,"pid":20666,"hostname":"vm","block":52009259,"gross":376,"net":0,"sumNetUsd":0,"gasPriceGwei":0.006,"txCostUsd":0.004,"syncMs":1587,"searchMs":181,"msg":"block scanned"}
{"level":30,"time":1790807869451,"pid":20666,"hostname":"vm","msg":"  VIRTUAL>WETH@AerodromeCL/100 WETH>VIRTUAL@PancakeV3/100 in=3.316 VIRTUAL gap=14.9bps profit=$0.001 net=$-0.002"}
{"level":30,"time":1790807869451,"pid":20666,"hostname":"vm","msg":"  VIRTUAL>WETH@AerodromeCL3/50 WETH>VIRTUAL@PancakeV3/100 in=2.378 VIRTUAL gap=12.4bps profit=$0.001 net=$-0.003"}
{"level":30,"time":1790807869451,"pid":20666,"hostname":"vm","msg":"  VIRTUAL>WETH@UniswapV3/500 WETH>VIRTUAL@PancakeV3/100 in=2.304 VIRTUAL gap=12.2bps profit=$0.001 net=$-0.003"}
{"level":30,"time":1790807869451,"pid":20666,"hostname":"vm","msg":"  VIRTUAL>USDC@PancakeV3/500 USDC>VIRTUAL@UniswapV3/10000 in=1.520 VIRTUAL gap=112.9bps profit=$0.000 net=$-0.003"}
{"level":30,"time":1790807869451,"pid":20666,"hostname":"vm","msg":"  VIRTUAL>USDC@PancakeV3/500 USDC>VIRTUAL@UniswapV3/500 in=0.6431 VIRTUAL gap=21bps profit=$0.000 net=$-0.003"}
{"level":30,"time":1790807872645,"pid":20666,"hostname":"vm","block":52009261,"gross":368,"net":0,"sumNetUsd":0,"gasPriceGwei":0.006,"txCostUsd":0.004,"syncMs":1913,"searchMs":184,"msg":"block scanned"}
{"level":30,"time":1790807872645,"pid":20666,"hostname":"vm","msg":"  VIRTUAL>WETH@AerodromeCL/100 WETH>VIRTUAL@PancakeV3/100 in=3.316 VIRTUAL gap=14.9bps profit=$0.001 net=$-0.002"}
{"level":30,"time":1790807872645,"pid":20666,"hostname":"vm","msg":"  VIRTUAL>WETH@AerodromeCL3/50 WETH>VIRTUAL@PancakeV3/100 in=2.378 VIRTUAL gap=12.4bps profit=$0.001 net=$-0.003"}
{"level":30,"time":1790807872645,"pid":20666,"hostname":"vm","msg":"  VIRTUAL>WETH@UniswapV3/500 WETH>VIRTUAL@PancakeV3/100 in=2.304 VIRTUAL gap=12.2bps profit=$0.001 net=$-0.003"}
{"level":30,"time":1790807872645,"pid":20666,"hostname":"vm","msg":"  VIRTUAL>USDC@PancakeV3/500 USDC>VIRTUAL@UniswapV3/10000 in=1.520 VIRTUAL gap=112.9bps profit=$0.000 net=$-0.003"}
{"level":30,"time":1790807872645,"pid":20666,"hostname":"vm","msg":"  VIRTUAL>USDC@PancakeV3/500 USDC>VIRTUAL@UniswapV3/500 in=0.6431 VIRTUAL gap=21bps profit=$0.000 net=$-0.003"}
{"level":30,"time":1790807876414,"pid":20666,"hostname":"vm","block":52009263,"gross":353,"net":0,"sumNetUsd":0,"gasPriceGwei":0.006,"txCostUsd":0.004,"syncMs":1448,"searchMs":175,"msg":"block scanned"}
{"level":30,"time":1790807876414,"pid":20666,"hostname":"vm","msg":"  VIRTUAL>USDC@PancakeV3/500 USDC>VIRTUAL@UniswapV3/10000 in=2.378 VIRTUAL gap=116.5bps profit=$0.001 net=$-0.002"}
{"level":30,"time":1790807876414,"pid":20666,"hostname":"vm","msg":"  VIRTUAL>USDC@PancakeV3/500 USDC>VIRTUAL@UniswapV3/500 in=0.8533 VIRTUAL gap=24.6bps profit=$0.001 net=$-0.003"}
{"level":30,"time":1790807876414,"pid":20666,"hostname":"vm","msg":"  DAI>WETH@BaseSwap WETH>DAI@UniswapV3/500 in=0.2594 DAI gap=39.2bps profit=$0.000 net=$-0.002"}
{"level":30,"time":1790807876414,"pid":20666,"hostname":"vm","msg":"  AERO>WETH@PancakeV3/100 WETH>AERO@AerodromeCL3/50 in=0.1250 AERO gap=6.9bps profit=$0.000 net=$-0.003"}
{"level":30,"time":1790807876414,"pid":20666,"hostname":"vm","msg":"  DAI>WETH@BaseSwap WETH>DAI@PancakeV3/500 in=0.02725 DAI gap=31.7bps profit=$0.000 net=$-0.003"}
{"level":30,"time":1790807879837,"pid":20666,"hostname":"vm","block":52009264,"gross":354,"net":0,"sumNetUsd":0,"gasPriceGwei":0.006,"txCostUsd":0.004,"syncMs":1853,"searchMs":172,"msg":"block scanned"}
{"level":30,"time":1790807879837,"pid":20666,"hostname":"vm","msg":"  VIRTUAL>USDC@PancakeV3/500 USDC>VIRTUAL@UniswapV3/10000 in=3.228 VIRTUAL gap=120bps profit=$0.002 net=$-0.002"}
{"level":30,"time":1790807879837,"pid":20666,"hostname":"vm","msg":"  VIRTUAL>USDC@PancakeV3/500 USDC>VIRTUAL@UniswapV3/500 in=1.053 VIRTUAL gap=28bps profit=$0.001 net=$-0.003"}
{"level":30,"time":1790807879837,"pid":20666,"hostname":"vm","msg":"  DAI>WETH@BaseSwap WETH>DAI@UniswapV3/500 in=0.2594 DAI gap=39.2bps profit=$0.000 net=$-0.002"}
{"level":30,"time":1790807879837,"pid":20666,"hostname":"vm","msg":"  AERO>WETH@PancakeV3/100 WETH>AERO@AerodromeCL3/50 in=0.1250 AERO gap=6.9bps profit=$0.000 net=$-0.003"}
{"level":30,"time":1790807879837,"pid":20666,"hostname":"vm","msg":"  DAI>WETH@BaseSwap WETH>DAI@PancakeV3/500 in=0.02725 DAI gap=31.7bps profit=$0.000 net=$-0.003"}
{"level":30,"time":1790807884074,"pid":20666,"hostname":"vm","block":52009266,"gross":347,"net":0,"sumNetUsd":0,"gasPriceGwei":0.006,"txCostUsd":0.004,"syncMs":1801,"searchMs":172,"msg":"block scanned"}
{"level":30,"time":1790807884075,"pid":20666,"hostname":"vm","msg":"  VIRTUAL>USDC@PancakeV3/500 USDC>VIRTUAL@UniswapV3/500 in=1.053 VIRTUAL gap=28bps profit=$0.001 net=$-0.003"}
{"level":30,"time":1790807884075,"pid":20666,"hostname":"vm","msg":"  VIRTUAL>WETH@AerodromeCL/100 WETH>VIRTUAL@PancakeV3/500 in=2.244 VIRTUAL gap=12.1bps profit=$0.000 net=$-0.003"}
{"level":30,"time":1790807884075,"pid":20666,"hostname":"vm","msg":"  DAI>WETH@BaseSwap WETH>DAI@UniswapV3/500 in=0.2594 DAI gap=39.2bps profit=$0.000 net=$-0.002"}
{"level":30,"time":1790807884075,"pid":20666,"hostname":"vm","msg":"  VIRTUAL>WETH@AerodromeCL/100 WETH>VIRTUAL@PancakeV3/100 in=0.3500 VIRTUAL gap=6.9bps profit=$0.000 net=$-0.003"}
{"level":30,"time":1790807884075,"pid":20666,"hostname":"vm","msg":"  AERO>WETH@PancakeV3/100 WETH>AERO@AerodromeCL3/50 in=0.1250 AERO gap=6.9bps profit=$0.000 net=$-0.003"}
{"level":30,"time":1790807887766,"pid":20666,"hostname":"vm","block":52009268,"gross":354,"net":0,"sumNetUsd":0,"gasPriceGwei":0.006,"txCostUsd":0.004,"syncMs":1518,"searchMs":170,"msg":"block scanned"}
{"level":30,"time":1790807887766,"pid":20666,"hostname":"vm","msg":"  VIRTUAL>USDC@PancakeV3/500 USDC>VIRTUAL@UniswapV3/500 in=1.277 VIRTUAL gap=32.3bps profit=$0.001 net=$-0.002"}
{"level":30,"time":1790807887766,"pid":20666,"hostname":"vm","msg":"  VIRTUAL>WETH@AerodromeCL/100 WETH>VIRTUAL@PancakeV3/100 in=2.712 VIRTUAL gap=13.3bps profit=$0.001 net=$-0.003"}
{"level":30,"time":1790807887766,"pid":20666,"hostname":"vm","msg":"  VIRTUAL>WETH@UniswapV3/500 WETH>VIRTUAL@PancakeV3/100 in=1.328 VIRTUAL gap=9.6bps profit=$0.000 net=$-0.003"}
{"level":30,"time":1790807887766,"pid":20666,"hostname":"vm","msg":"  VIRTUAL>WETH@AerodromeCL3/50 WETH>VIRTUAL@PancakeV3/100 in=1.202 VIRTUAL gap=9.2bps profit=$0.000 net=$-0.003"}
{"level":30,"time":1790807887766,"pid":20666,"hostname":"vm","msg":"  DAI>WETH@BaseSwap WETH>DAI@UniswapV3/500 in=0.2594 DAI gap=39.2bps profit=$0.000 net=$-0.002"}
{"level":30,"time":1790807891885,"pid":20666,"hostname":"vm","block":52009270,"gross":360,"net":0,"sumNetUsd":0,"gasPriceGwei":0.006,"txCostUsd":0.004,"syncMs":1522,"searchMs":173,"msg":"block scanned"}
{"level":30,"time":1790807891885,"pid":20666,"hostname":"vm","msg":"  VIRTUAL>USDC@PancakeV3/500 USDC>VIRTUAL@UniswapV3/500 in=1.277 VIRTUAL gap=32.3bps profit=$0.001 net=$-0.002"}
{"level":30,"time":1790807891885,"pid":20666,"hostname":"vm","msg":"  VIRTUAL>WETH@AerodromeCL/100 WETH>VIRTUAL@PancakeV3/100 in=2.135 VIRTUAL gap=11.7bps profit=$0.000 net=$-0.003"}
{"level":30,"time":1790807891885,"pid":20666,"hostname":"vm","msg":"  VIRTUAL>WETH@AerodromeCL3/50 WETH>VIRTUAL@PancakeV3/100 in=1.202 VIRTUAL gap=9.2bps profit=$0.000 net=$-0.003"}
{"level":30,"time":1790807891885,"pid":20666,"hostname":"vm","msg":"  VIRTUAL>WETH@UniswapV3/500 WETH>VIRTUAL@PancakeV3/100 in=1.012 VIRTUAL gap=8.7bps profit=$0.000 net=$-0.003"}
{"level":30,"time":1790807891885,"pid":20666,"hostname":"vm","msg":"  DAI>WETH@BaseSwap WETH>DAI@UniswapV3/500 in=0.2594 DAI gap=39.2bps profit=$0.000 net=$-0.002"}
{"level":30,"time":1790807949937,"pid":20666,"hostname":"vm","block":52009272,"gross":374,"net":0,"sumNetUsd":0,"gasPriceGwei":0.006,"txCostUsd":0.004,"syncMs":55701,"searchMs":186,"msg":"block scanned"}
{"level":30,"time":1790807949937,"pid":20666,"hostname":"vm","msg":"  VIRTUAL>USDC@PancakeV3/500 USDC>VIRTUAL@UniswapV3/500 in=1.277 VIRTUAL gap=32.3bps profit=$0.001 net=$-0.002"}
{"level":30,"time":1790807949937,"pid":20666,"hostname":"vm","msg":"  VIRTUAL>WETH@AerodromeCL3/50 WETH>VIRTUAL@PancakeV3/100 in=1.202 VIRTUAL gap=9.2bps profit=$0.000 net=$-0.003"}
{"level":30,"time":1790807949937,"pid":20666,"hostname":"vm","msg":"  VIRTUAL>WETH@UniswapV3/500 WETH>VIRTUAL@PancakeV3/100 in=1.012 VIRTUAL gap=8.7bps profit=$0.000 net=$-0.003"}
{"level":30,"time":1790807949937,"pid":20666,"hostname":"vm","msg":"  DAI>WETH@BaseSwap WETH>DAI@UniswapV3/500 in=0.2594 DAI gap=39.2bps profit=$0.000 net=$-0.002"}
{"level":30,"time":1790807949937,"pid":20666,"hostname":"vm","msg":"  VIRTUAL>WETH@AerodromeCL/200 WETH>VIRTUAL@PancakeV3/100 in=0.8316 VIRTUAL gap=9.2bps profit=$0.000 net=$-0.003"}
{"level":30,"time":1790807953660,"pid":20666,"hostname":"vm","block":52009301,"gross":344,"net":0,"sumNetUsd":0,"gasPriceGwei":0.006,"txCostUsd":0.004,"syncMs":1016,"searchMs":164,"msg":"block scanned"}
{"level":30,"time":1790807953660,"pid":20666,"hostname":"vm","msg":"  VIRTUAL>USDC@PancakeV3/500 USDC>VIRTUAL@UniswapV3/500 in=1.300 VIRTUAL gap=32.3bps profit=$0.001 net=$-0.002"}
{"level":30,"time":1790807953660,"pid":20666,"hostname":"vm","msg":"  VIRTUAL>WETH@AerodromeCL/100 WETH>VIRTUAL@PancakeV3/100 in=2.421 VIRTUAL gap=12.5bps profit=$0.001 net=$-0.003"}
{"level":30,"time":1790807953660,"pid":20666,"hostname":"vm","msg":"  VIRTUAL>WETH@AerodromeCL3/50 WETH>VIRTUAL@PancakeV3/100 in=2.047 VIRTUAL gap=11.5bps profit=$0.000 net=$-0.003"}
{"level":30,"time":1790807953660,"pid":20666,"hostname":"vm","msg":"  VIRTUAL>WETH@UniswapV3/500 WETH>VIRTUAL@PancakeV3/100 in=1.254 VIRTUAL gap=9.4bps profit=$0.000 net=$-0.003"}
{"level":30,"time":1790807953660,"pid":20666,"hostname":"vm","msg":"  VIRTUAL>WETH@AerodromeCL/200 WETH>VIRTUAL@PancakeV3/100 in=1.158 VIRTUAL gap=10.1bps profit=$0.000 net=$-0.003"}
{"level":30,"time":1790807957764,"pid":20666,"hostname":"vm","block":52009303,"gross":344,"net":0,"sumNetUsd":0,"gasPriceGwei":0.006,"txCostUsd":0.004,"syncMs":1539,"searchMs":164,"msg":"block scanned"}
{"level":30,"time":1790807957764,"pid":20666,"hostname":"vm","msg":"  VIRTUAL>USDC@PancakeV3/500 USDC>VIRTUAL@UniswapV3/500 in=1.300 VIRTUAL gap=32.3bps profit=$0.001 net=$-0.002"}
{"level":30,"time":1790807957764,"pid":20666,"hostname":"vm","msg":"  VIRTUAL>WETH@AerodromeCL/100 WETH>VIRTUAL@PancakeV3/100 in=2.421 VIRTUAL gap=12.5bps profit=$0.001 net=$-0.003"}
{"level":30,"time":1790807957764,"pid":20666,"hostname":"vm","msg":"  VIRTUAL>WETH@AerodromeCL3/50 WETH>VIRTUAL@PancakeV3/100 in=2.047 VIRTUAL gap=11.5bps profit=$0.000 net=$-0.003"}
{"level":30,"time":1790807957764,"pid":20666,"hostname":"vm","msg":"  VIRTUAL>WETH@UniswapV3/500 WETH>VIRTUAL@PancakeV3/100 in=1.254 VIRTUAL gap=9.4bps profit=$0.000 net=$-0.003"}
{"level":30,"time":1790807957764,"pid":20666,"hostname":"vm","msg":"  VIRTUAL>WETH@AerodromeCL/200 WETH>VIRTUAL@PancakeV3/100 in=1.158 VIRTUAL gap=10.1bps profit=$0.000 net=$-0.003"}
{"level":30,"time":1790807961838,"pid":20666,"hostname":"vm","block":52009305,"gross":345,"net":0,"sumNetUsd":0,"gasPriceGwei":0.006,"txCostUsd":0.004,"syncMs":1838,"searchMs":188,"msg":"block scanned"}
{"level":30,"time":1790807961838,"pid":20666,"hostname":"vm","msg":"  VIRTUAL>USDC@PancakeV3/500 USDC>VIRTUAL@UniswapV3/500 in=1.300 VIRTUAL gap=32.3bps profit=$0.001 net=$-0.002"}
{"level":30,"time":1790807961838,"pid":20666,"hostname":"vm","msg":"  VIRTUAL>WETH@AerodromeCL/100 WETH>VIRTUAL@PancakeV3/100 in=2.421 VIRTUAL gap=12.5bps profit=$0.001 net=$-0.003"}
{"level":30,"time":1790807961838,"pid":20666,"hostname":"vm","msg":"  VIRTUAL>WETH@AerodromeCL3/50 WETH>VIRTUAL@PancakeV3/100 in=2.047 VIRTUAL gap=11.5bps profit=$0.000 net=$-0.003"}
{"level":30,"time":1790807961838,"pid":20666,"hostname":"vm","msg":"  VIRTUAL>WETH@UniswapV3/500 WETH>VIRTUAL@PancakeV3/100 in=1.254 VIRTUAL gap=9.4bps profit=$0.000 net=$-0.003"}
{"level":30,"time":1790807961838,"pid":20666,"hostname":"vm","msg":"  VIRTUAL>WETH@AerodromeCL/200 WETH>VIRTUAL@PancakeV3/100 in=1.158 VIRTUAL gap=10.1bps profit=$0.000 net=$-0.003"}
{"level":30,"time":1790807966092,"pid":20666,"hostname":"vm","block":52009307,"gross":348,"net":0,"sumNetUsd":0,"gasPriceGwei":0.006,"txCostUsd":0.004,"syncMs":1797,"searchMs":168,"msg":"block scanned"}
{"level":30,"time":1790807966092,"pid":20666,"hostname":"vm","msg":"  VIRTUAL>USDC@PancakeV3/500 USDC>VIRTUAL@UniswapV3/500 in=1.300 VIRTUAL gap=32.3bps profit=$0.001 net=$-0.002"}
{"level":30,"time":1790807966092,"pid":20666,"hostname":"vm","msg":"  VIRTUAL>WETH@AerodromeCL/100 WETH>VIRTUAL@PancakeV3/100 in=2.421 VIRTUAL gap=12.5bps profit=$0.001 net=$-0.003"}
{"level":30,"time":1790807966092,"pid":20666,"hostname":"vm","msg":"  VIRTUAL>WETH@AerodromeCL3/50 WETH>VIRTUAL@PancakeV3/100 in=2.047 VIRTUAL gap=11.5bps profit=$0.000 net=$-0.003"}
{"level":30,"time":1790807966092,"pid":20666,"hostname":"vm","msg":"  VIRTUAL>WETH@UniswapV3/500 WETH>VIRTUAL@PancakeV3/100 in=1.254 VIRTUAL gap=9.4bps profit=$0.000 net=$-0.003"}
{"level":30,"time":1790807966092,"pid":20666,"hostname":"vm","msg":"  VIRTUAL>WETH@AerodromeCL/200 WETH>VIRTUAL@PancakeV3/100 in=1.158 VIRTUAL gap=10.1bps profit=$0.000 net=$-0.003"}
{"level":30,"time":1790807969645,"pid":20666,"hostname":"vm","block":52009309,"gross":323,"net":0,"sumNetUsd":0,"gasPriceGwei":0.006,"txCostUsd":0.004,"syncMs":1697,"searchMs":155,"msg":"block scanned"}
{"level":30,"time":1790807969645,"pid":20666,"hostname":"vm","msg":"  VIRTUAL>USDC@PancakeV3/500 USDC>VIRTUAL@UniswapV3/500 in=1.300 VIRTUAL gap=32.3bps profit=$0.001 net=$-0.002"}
{"level":30,"time":1790807969645,"pid":20666,"hostname":"vm","msg":"  VIRTUAL>WETH@AerodromeCL/100 WETH>VIRTUAL@PancakeV3/100 in=2.421 VIRTUAL gap=12.5bps profit=$0.001 net=$-0.003"}
{"level":30,"time":1790807969645,"pid":20666,"hostname":"vm","msg":"  VIRTUAL>WETH@AerodromeCL3/50 WETH>VIRTUAL@PancakeV3/100 in=2.047 VIRTUAL gap=11.5bps profit=$0.000 net=$-0.003"}
{"level":30,"time":1790807969645,"pid":20666,"hostname":"vm","msg":"  VIRTUAL>WETH@UniswapV3/500 WETH>VIRTUAL@PancakeV3/100 in=1.254 VIRTUAL gap=9.4bps profit=$0.000 net=$-0.003"}
{"level":30,"time":1790807969645,"pid":20666,"hostname":"vm","msg":"  VIRTUAL>WETH@AerodromeCL/200 WETH>VIRTUAL@PancakeV3/100 in=1.158 VIRTUAL gap=10.1bps profit=$0.000 net=$-0.003"}
{"level":30,"time":1790807973631,"pid":20666,"hostname":"vm","block":52009311,"gross":328,"net":0,"sumNetUsd":0,"gasPriceGwei":0.006,"txCostUsd":0.004,"syncMs":1891,"searchMs":150,"msg":"block scanned"}
{"level":30,"time":1790807973631,"pid":20666,"hostname":"vm","msg":"  VIRTUAL>USDC@PancakeV3/500 USDC>VIRTUAL@UniswapV3/500 in=1.300 VIRTUAL gap=32.3bps profit=$0.001 net=$-0.002"}
{"level":30,"time":1790807973631,"pid":20666,"hostname":"vm","msg":"  VIRTUAL>WETH@AerodromeCL3/50 WETH>VIRTUAL@PancakeV3/100 in=2.047 VIRTUAL gap=11.5bps profit=$0.000 net=$-0.003"}
{"level":30,"time":1790807973631,"pid":20666,"hostname":"vm","msg":"  VIRTUAL>WETH@AerodromeCL/100 WETH>VIRTUAL@PancakeV3/100 in=2.010 VIRTUAL gap=11.4bps profit=$0.000 net=$-0.003"}
{"level":30,"time":1790807973631,"pid":20666,"hostname":"vm","msg":"  VIRTUAL>WETH@UniswapV3/500 WETH>VIRTUAL@PancakeV3/100 in=1.254 VIRTUAL gap=9.4bps profit=$0.000 net=$-0.003"}
{"level":30,"time":1790807973631,"pid":20666,"hostname":"vm","msg":"  VIRTUAL>WETH@AerodromeCL/200 WETH>VIRTUAL@PancakeV3/100 in=1.158 VIRTUAL gap=10.1bps profit=$0.000 net=$-0.003"}
{"level":30,"time":1790807977590,"pid":20666,"hostname":"vm","block":52009313,"gross":324,"net":0,"sumNetUsd":0,"gasPriceGwei":0.006,"txCostUsd":0.004,"syncMs":1663,"searchMs":160,"msg":"block scanned"}
{"level":30,"time":1790807977590,"pid":20666,"hostname":"vm","msg":"  VIRTUAL>USDC@PancakeV3/500 USDC>VIRTUAL@UniswapV3/500 in=1.300 VIRTUAL gap=32.3bps profit=$0.001 net=$-0.002"}
{"level":30,"time":1790807977590,"pid":20666,"hostname":"vm","msg":"  VIRTUAL>WETH@AerodromeCL/100 WETH>VIRTUAL@PancakeV3/100 in=2.010 VIRTUAL gap=11.4bps profit=$0.000 net=$-0.003"}
{"level":30,"time":1790807977590,"pid":20666,"hostname":"vm","msg":"  VIRTUAL>WETH@AerodromeCL3/50 WETH>VIRTUAL@PancakeV3/100 in=1.503 VIRTUAL gap=10bps profit=$0.000 net=$-0.003"}
{"level":30,"time":1790807977590,"pid":20666,"hostname":"vm","msg":"  VIRTUAL>WETH@UniswapV3/500 WETH>VIRTUAL@PancakeV3/100 in=1.254 VIRTUAL gap=9.4bps profit=$0.000 net=$-0.003"}
{"level":30,"time":1790807977590,"pid":20666,"hostname":"vm","msg":"  VIRTUAL>WETH@AerodromeCL/200 WETH>VIRTUAL@PancakeV3/100 in=1.158 VIRTUAL gap=10.1bps profit=$0.000 net=$-0.003"}
{"level":30,"time":1790807981628,"pid":20666,"hostname":"vm","block":52009315,"gross":308,"net":0,"sumNetUsd":0,"gasPriceGwei":0.006,"txCostUsd":0.004,"syncMs":1877,"searchMs":136,"msg":"block scanned"}
{"level":30,"time":1790807981628,"pid":20666,"hostname":"vm","msg":"  VIRTUAL>USDC@PancakeV3/500 USDC>VIRTUAL@UniswapV3/500 in=1.288 VIRTUAL gap=31.6bps profit=$0.001 net=$-0.002"}
{"level":30,"time":1790807981628,"pid":20666,"hostname":"vm","msg":"  VIRTUAL>WETH@AerodromeCL3/50 WETH>VIRTUAL@PancakeV3/100 in=1.150 VIRTUAL gap=9.1bps profit=$0.000 net=$-0.003"}
{"level":30,"time":1790807981628,"pid":20666,"hostname":"vm","msg":"  VIRTUAL>WETH@UniswapV3/500 WETH>VIRTUAL@PancakeV3/100 in=0.9923 VIRTUAL gap=8.7bps profit=$0.000 net=$-0.003"}
{"level":30,"time":1790807981628,"pid":20666,"hostname":"vm","msg":"  DAI>WETH@BaseSwap WETH>DAI@UniswapV3/500 in=0.2594 DAI gap=39.2bps profit=$0.000 net=$-0.002"}
{"level":30,"time":1790807981628,"pid":20666,"hostname":"vm","msg":"  VIRTUAL>WETH@AerodromeCL/200 WETH>VIRTUAL@PancakeV3/100 in=0.8255 VIRTUAL gap=9.2bps profit=$0.000 net=$-0.003"}
{"level":30,"time":1790807985830,"pid":20666,"hostname":"vm","block":52009317,"gross":318,"net":0,"sumNetUsd":0,"gasPriceGwei":0.006,"txCostUsd":0.004,"syncMs":1856,"searchMs":158,"msg":"block scanned"}
{"level":30,"time":1790807985830,"pid":20666,"hostname":"vm","msg":"  VIRTUAL>USDC@PancakeV3/500 USDC>VIRTUAL@UniswapV3/500 in=1.288 VIRTUAL gap=31.6bps profit=$0.001 net=$-0.002"}
{"level":30,"time":1790807985830,"pid":20666,"hostname":"vm","msg":"  VIRTUAL>WETH@AerodromeCL3/50 WETH>VIRTUAL@PancakeV3/100 in=1.150 VIRTUAL gap=9.1bps profit=$0.000 net=$-0.003"}
{"level":30,"time":1790807985830,"pid":20666,"hostname":"vm","msg":"  VIRTUAL>WETH@AerodromeCL/100 WETH>VIRTUAL@PancakeV3/100 in=1.083 VIRTUAL gap=8.9bps profit=$0.000 net=$-0.003"}
{"level":30,"time":1790807985830,"pid":20666,"hostname":"vm","msg":"  VIRTUAL>WETH@UniswapV3/500 WETH>VIRTUAL@PancakeV3/100 in=0.9923 VIRTUAL gap=8.7bps profit=$0.000 net=$-0.003"}
{"level":30,"time":1790807985830,"pid":20666,"hostname":"vm","msg":"  DAI>WETH@BaseSwap WETH>DAI@UniswapV3/500 in=0.2594 DAI gap=39.2bps profit=$0.000 net=$-0.002"}
{"level":30,"time":1790807989997,"pid":20666,"hostname":"vm","block":52009319,"gross":324,"net":0,"sumNetUsd":0,"gasPriceGwei":0.006,"txCostUsd":0.004,"syncMs":1800,"searchMs":151,"msg":"block scanned"}
{"level":30,"time":1790807989997,"pid":20666,"hostname":"vm","msg":"  VIRTUAL>USDC@PancakeV3/500 USDC>VIRTUAL@UniswapV3/500 in=1.288 VIRTUAL gap=31.6bps profit=$0.001 net=$-0.002"}
{"level":30,"time":1790807989997,"pid":20666,"hostname":"vm","msg":"  VIRTUAL>WETH@AerodromeCL3/50 WETH>VIRTUAL@PancakeV3/100 in=1.150 VIRTUAL gap=9.1bps profit=$0.000 net=$-0.003"}
{"level":30,"time":1790807989997,"pid":20666,"hostname":"vm","msg":"  VIRTUAL>WETH@AerodromeCL/100 WETH>VIRTUAL@PancakeV3/100 in=1.083 VIRTUAL gap=8.9bps profit=$0.000 net=$-0.003"}
{"level":30,"time":1790807989997,"pid":20666,"hostname":"vm","msg":"  VIRTUAL>WETH@UniswapV3/500 WETH>VIRTUAL@PancakeV3/100 in=0.9923 VIRTUAL gap=8.7bps profit=$0.000 net=$-0.003"}
{"level":30,"time":1790807989997,"pid":20666,"hostname":"vm","msg":"  DAI>WETH@BaseSwap WETH>DAI@UniswapV3/500 in=0.2594 DAI gap=39.2bps profit=$0.000 net=$-0.002"}
{"level":30,"time":1790807994502,"pid":20666,"hostname":"vm","block":52009321,"gross":325,"net":0,"sumNetUsd":0,"gasPriceGwei":0.006,"txCostUsd":0.004,"syncMs":1223,"searchMs":164,"msg":"block scanned"}
{"level":30,"time":1790807994502,"pid":20666,"hostname":"vm","msg":"  VIRTUAL>USDC@PancakeV3/500 USDC>VIRTUAL@UniswapV3/500 in=1.288 VIRTUAL gap=31.6bps profit=$0.001 net=$-0.002"}
{"level":30,"time":1790807994502,"pid":20666,"hostname":"vm","msg":"  VIRTUAL>WETH@AerodromeCL3/50 WETH>VIRTUAL@PancakeV3/100 in=1.147 VIRTUAL gap=9.1bps profit=$0.000 net=$-0.003"}
{"level":30,"time":1790807994502,"pid":20666,"hostname":"vm","msg":"  VIRTUAL>WETH@AerodromeCL/100 WETH>VIRTUAL@PancakeV3/100 in=1.080 VIRTUAL gap=8.9bps profit=$0.000 net=$-0.003"}
{"level":30,"time":1790807994502,"pid":20666,"hostname":"vm","msg":"  VIRTUAL>WETH@UniswapV3/500 WETH>VIRTUAL@PancakeV3/100 in=0.9894 VIRTUAL gap=8.7bps profit=$0.000 net=$-0.003"}
{"level":30,"time":1790807994502,"pid":20666,"hostname":"vm","msg":"  DAI>WETH@BaseSwap WETH>DAI@UniswapV3/500 in=0.2594 DAI gap=39.2bps profit=$0.000 net=$-0.002"}
{"level":30,"time":1790807997479,"pid":20666,"hostname":"vm","block":52009323,"gross":238,"net":65,"sumNetUsd":43.366,"gasPriceGwei":0.006,"txCostUsd":0.004,"syncMs":1947,"searchMs":222,"msg":"block scanned"}
{"level":30,"time":1790807997479,"pid":20666,"hostname":"vm","msg":"  DEGEN>WETH@PancakeV3/500 WETH>DEGEN@AerodromeCL/200 in=354.3 DEGEN gap=35.2bps profit=$0.000 net=$-0.003"}
{"level":30,"time":1790807997479,"pid":20666,"hostname":"vm","msg":"  WETH>VIRTUAL@AerodromeCL/100 VIRTUAL>USDC@PancakeV3/500 USDC>WETH@AerodromeCL/1 in=0.4572 WETH gap=221.5bps profit=$13.060 net=$13.053"}
{"level":30,"time":1790807997479,"pid":20666,"hostname":"vm","msg":"  AERO>WETH@PancakeV3/500 WETH>AERO@UniswapV2 in=1.379 AERO gap=64.8bps profit=$0.002 net=$-0.001"}
{"level":30,"time":1790807997479,"pid":20666,"hostname":"vm","msg":"  VIRTUAL>USDC@PancakeV3/500 USDC>VIRTUAL@UniswapV3/500 in=1.288 VIRTUAL gap=31.6bps profit=$0.001 net=$-0.002"}
{"level":30,"time":1790807997479,"pid":20666,"hostname":"vm","msg":"  AERO>WETH@AerodromeCL3/50 WETH>AERO@UniswapV2 in=1.095 AERO gap=58.7bps profit=$0.001 net=$-0.002"}
{"level":30,"time":1790808001834,"pid":20666,"hostname":"vm","block":52009325,"gross":297,"net":0,"sumNetUsd":0,"gasPriceGwei":0.006,"txCostUsd":0.004,"syncMs":1901,"searchMs":174,"msg":"block scanned"}
{"level":30,"time":1790808001834,"pid":20666,"hostname":"vm","msg":"  VIRTUAL>USDC@PancakeV3/500 USDC>VIRTUAL@UniswapV3/500 in=1.288 VIRTUAL gap=31.6bps profit=$0.001 net=$-0.002"}
{"level":30,"time":1790808001834,"pid":20666,"hostname":"vm","msg":"  VIRTUAL>WETH@AerodromeCL3/50 WETH>VIRTUAL@PancakeV3/100 in=1.147 VIRTUAL gap=9.1bps profit=$0.000 net=$-0.003"}
{"level":30,"time":1790808001834,"pid":20666,"hostname":"vm","msg":"  VIRTUAL>WETH@AerodromeCL/100 WETH>VIRTUAL@PancakeV3/100 in=1.080 VIRTUAL gap=8.9bps profit=$0.000 net=$-0.003"}
{"level":30,"time":1790808001834,"pid":20666,"hostname":"vm","msg":"  VIRTUAL>WETH@UniswapV3/500 WETH>VIRTUAL@PancakeV3/100 in=0.9557 VIRTUAL gap=8.6bps profit=$0.000 net=$-0.003"}
{"level":30,"time":1790808001834,"pid":20666,"hostname":"vm","msg":"  DAI>WETH@BaseSwap WETH>DAI@UniswapV3/500 in=0.2594 DAI gap=39.2bps profit=$0.000 net=$-0.002"}
{"level":30,"time":1790808005486,"pid":20666,"hostname":"vm","block":52009327,"gross":301,"net":0,"sumNetUsd":0,"gasPriceGwei":0.006,"txCostUsd":0.004,"syncMs":1501,"searchMs":206,"msg":"block scanned"}
{"level":30,"time":1790808005486,"pid":20666,"hostname":"vm","msg":"  VIRTUAL>USDC@PancakeV3/500 USDC>VIRTUAL@UniswapV3/500 in=1.288 VIRTUAL gap=31.6bps profit=$0.001 net=$-0.002"}
{"level":30,"time":1790808005486,"pid":20666,"hostname":"vm","msg":"  VIRTUAL>WETH@AerodromeCL3/50 WETH>VIRTUAL@PancakeV3/100 in=1.147 VIRTUAL gap=9.1bps profit=$0.000 net=$-0.003"}
{"level":30,"time":1790808005486,"pid":20666,"hostname":"vm","msg":"  VIRTUAL>WETH@AerodromeCL/100 WETH>VIRTUAL@PancakeV3/100 in=1.080 VIRTUAL gap=8.9bps profit=$0.000 net=$-0.003"}
{"level":30,"time":1790808005486,"pid":20666,"hostname":"vm","msg":"  VIRTUAL>WETH@UniswapV3/500 WETH>VIRTUAL@PancakeV3/100 in=0.9557 VIRTUAL gap=8.6bps profit=$0.000 net=$-0.003"}
{"level":30,"time":1790808005486,"pid":20666,"hostname":"vm","msg":"  DAI>WETH@BaseSwap WETH>DAI@UniswapV3/500 in=0.2594 DAI gap=39.2bps profit=$0.000 net=$-0.002"}
{"level":30,"time":1790808059816,"pid":20666,"hostname":"vm","block":52009329,"gross":298,"net":0,"sumNetUsd":0,"gasPriceGwei":0.006,"txCostUsd":0.004,"syncMs":52777,"searchMs":174,"msg":"block scanned"}
{"level":30,"time":1790808059816,"pid":20666,"hostname":"vm","msg":"  VIRTUAL>USDC@PancakeV3/500 USDC>VIRTUAL@UniswapV3/500 in=1.396 VIRTUAL gap=34.4bps profit=$0.001 net=$-0.002"}
{"level":30,"time":1790808059816,"pid":20666,"hostname":"vm","msg":"  VIRTUAL>WETH@AerodromeCL/100 WETH>VIRTUAL@PancakeV3/100 in=3.190 VIRTUAL gap=14.6bps profit=$0.001 net=$-0.002"}
{"level":30,"time":1790808059816,"pid":20666,"hostname":"vm","msg":"  VIRTUAL>WETH@UniswapV3/500 WETH>VIRTUAL@PancakeV3/100 in=1.628 VIRTUAL gap=10.4bps profit=$0.000 net=$-0.003"}
{"level":30,"time":1790808059816,"pid":20666,"hostname":"vm","msg":"  VIRTUAL>WETH@AerodromeCL3/50 WETH>VIRTUAL@PancakeV3/100 in=1.146 VIRTUAL gap=9.1bps profit=$0.000 net=$-0.003"}
{"level":30,"time":1790808059816,"pid":20666,"hostname":"vm","msg":"  DAI>WETH@BaseSwap WETH>DAI@UniswapV3/500 in=0.2594 DAI gap=39.2bps profit=$0.000 net=$-0.002"}
{"level":30,"time":1790808063538,"pid":20666,"hostname":"vm","block":52009355,"gross":381,"net":0,"sumNetUsd":0,"gasPriceGwei":0.006,"txCostUsd":0.004,"syncMs":1994,"searchMs":238,"msg":"block scanned"}
{"level":30,"time":1790808063538,"pid":20666,"hostname":"vm","msg":"  VIRTUAL>USDC@PancakeV3/500 USDC>VIRTUAL@UniswapV3/500 in=1.417 VIRTUAL gap=34.3bps profit=$0.001 net=$-0.002"}
{"level":30,"time":1790808063538,"pid":20666,"hostname":"vm","msg":"  AERO>WETH@AerodromeCL3/50 WETH>AERO@PancakeV3/100 in=0.9813 AERO gap=13.4bps profit=$0.000 net=$-0.003"}
{"level":30,"time":1790808063538,"pid":20666,"hostname":"vm","msg":"  AERO>WETH@PancakeV3/500 WETH>AERO@PancakeV3/100 in=0.6230 AERO gap=10.6bps profit=$0.000 net=$-0.003"}
{"level":30,"time":1790808063538,"pid":20666,"hostname":"vm","msg":"  AERO>WETH@UniswapV2 WETH>AERO@PancakeV3/100 in=0.2980 AERO gap=39.7bps profit=$0.000 net=$-0.002"}
{"level":30,"time":1790808063538,"pid":20666,"hostname":"vm","msg":"  DAI>WETH@BaseSwap WETH>DAI@UniswapV3/500 in=0.2594 DAI gap=39.2bps profit=$0.000 net=$-0.002"}
{"level":30,"time":1790808066897,"pid":20666,"hostname":"vm","block":52009358,"gross":476,"net":138,"sumNetUsd":627.037,"gasPriceGwei":0.00600659,"txCostUsd":0.004,"syncMs":950,"searchMs":267,"msg":"block scanned"}
{"level":30,"time":1790808066897,"pid":20666,"hostname":"vm","msg":"  WETH>cbBTC@AerodromeCL3/1 cbBTC>cbETH@AerodromeCL2/10 cbETH>WETH@AerodromeCL/1 in=53.48 WETH gap=15.4bps profit=$107.437 net=$107.431"}
{"level":30,"time":1790808066897,"pid":20666,"hostname":"vm","msg":"  WETH>USDC@PancakeV3/100 USDC>VIRTUAL@PancakeV3/500 VIRTUAL>WETH@UniswapV3/500 in=2.573 WETH gap=222.3bps profit=$73.227 net=$73.220"}
{"level":30,"time":1790808066897,"pid":20666,"hostname":"vm","msg":"  WETH>USDC@AerodromeCL3/1 USDC>VIRTUAL@PancakeV3/500 VIRTUAL>WETH@UniswapV3/500 in=2.155 WETH gap=222.3bps profit=$60.750 net=$60.742"}
{"level":30,"time":1790808066897,"pid":20666,"hostname":"vm","msg":"  WETH>cbBTC@AerodromeCL3/1 cbBTC>cbETH@AerodromeCL2/10 cbETH>WETH@UniswapV3/100 in=10.42 WETH gap=15.4bps profit=$34.150 net=$34.145"}
{"level":30,"time":1790808066897,"pid":20666,"hostname":"vm","msg":"  WETH>cbBTC@AerodromeCL3/1 cbBTC>VIRTUAL@Aerodrome VIRTUAL>WETH@UniswapV3/500 in=0.7640 WETH gap=161.8bps profit=$15.941 net=$15.937"}
{"level":30,"time":1790808070635,"pid":20666,"hostname":"vm","block":52009360,"gross":389,"net":0,"sumNetUsd":0,"gasPriceGwei":0.006,"txCostUsd":0.004,"syncMs":1889,"searchMs":217,"msg":"block scanned"}
{"level":30,"time":1790808070635,"pid":20666,"hostname":"vm","msg":"  VIRTUAL>USDC@PancakeV3/500 USDC>VIRTUAL@UniswapV3/500 in=1.387 VIRTUAL gap=34.2bps profit=$0.001 net=$-0.002"}
{"level":30,"time":1790808070635,"pid":20666,"hostname":"vm","msg":"  AERO>WETH@AerodromeCL3/50 WETH>AERO@PancakeV3/100 in=0.9813 AERO gap=13.4bps profit=$0.000 net=$-0.003"}
{"level":30,"time":1790808070635,"pid":20666,"hostname":"vm","msg":"  AERO>WETH@PancakeV3/500 WETH>AERO@PancakeV3/100 in=0.6230 AERO gap=10.6bps profit=$0.000 net=$-0.003"}
{"level":30,"time":1790808070635,"pid":20666,"hostname":"vm","msg":"  AERO>WETH@UniswapV2 WETH>AERO@PancakeV3/100 in=0.2980 AERO gap=39.7bps profit=$0.000 net=$-0.002"}
{"level":30,"time":1790808070635,"pid":20666,"hostname":"vm","msg":"  DAI>WETH@BaseSwap WETH>DAI@UniswapV3/500 in=0.2594 DAI gap=39.2bps profit=$0.000 net=$-0.002"}
{"level":30,"time":1790808074659,"pid":20666,"hostname":"vm","block":52009361,"gross":364,"net":0,"sumNetUsd":0,"gasPriceGwei":0.006,"txCostUsd":0.004,"syncMs":1681,"searchMs":217,"msg":"block scanned"}
{"level":30,"time":1790808074659,"pid":20666,"hostname":"vm","msg":"  VIRTUAL>USDC@PancakeV3/500 USDC>VIRTUAL@UniswapV3/500 in=1.387 VIRTUAL gap=34.2bps profit=$0.001 net=$-0.002"}
{"level":30,"time":1790808074659,"pid":20666,"hostname":"vm","msg":"  AERO>WETH@AerodromeCL3/50 WETH>AERO@PancakeV3/100 in=0.9813 AERO gap=13.4bps profit=$0.000 net=$-0.003"}
{"level":30,"time":1790808074659,"pid":20666,"hostname":"vm","msg":"  AERO>WETH@PancakeV3/500 WETH>AERO@PancakeV3/100 in=0.6230 AERO gap=10.6bps profit=$0.000 net=$-0.003"}
{"level":30,"time":1790808074659,"pid":20666,"hostname":"vm","msg":"  AERO>WETH@UniswapV2 WETH>AERO@PancakeV3/100 in=0.2980 AERO gap=39.7bps profit=$0.000 net=$-0.002"}
{"level":30,"time":1790808074659,"pid":20666,"hostname":"vm","msg":"  DAI>WETH@BaseSwap WETH>DAI@UniswapV3/500 in=0.2594 DAI gap=39.2bps profit=$0.000 net=$-0.002"}
{"level":30,"time":1790808078852,"pid":20666,"hostname":"vm","block":52009363,"gross":370,"net":0,"sumNetUsd":0,"gasPriceGwei":0.006,"txCostUsd":0.004,"syncMs":1884,"searchMs":211,"msg":"block scanned"}
{"level":30,"time":1790808078852,"pid":20666,"hostname":"vm","msg":"  VIRTUAL>USDC@PancakeV3/500 USDC>VIRTUAL@UniswapV3/500 in=1.387 VIRTUAL gap=34.2bps profit=$0.001 net=$-0.002"}
{"level":30,"time":1790808078852,"pid":20666,"hostname":"vm","msg":"  AERO>WETH@AerodromeCL3/50 WETH>AERO@PancakeV3/100 in=0.9813 AERO gap=13.4bps profit=$0.000 net=$-0.003"}
{"level":30,"time":1790808078852,"pid":20666,"hostname":"vm","msg":"  AERO>WETH@PancakeV3/500 WETH>AERO@PancakeV3/100 in=0.6230 AERO gap=10.6bps profit=$0.000 net=$-0.003"}
{"level":30,"time":1790808078852,"pid":20666,"hostname":"vm","msg":"  AERO>WETH@UniswapV2 WETH>AERO@PancakeV3/100 in=0.2980 AERO gap=39.7bps profit=$0.000 net=$-0.002"}
{"level":30,"time":1790808078852,"pid":20666,"hostname":"vm","msg":"  DAI>WETH@BaseSwap WETH>DAI@UniswapV3/500 in=0.2594 DAI gap=39.2bps profit=$0.000 net=$-0.002"}
{"level":30,"time":1790808082706,"pid":20666,"hostname":"vm","block":52009366,"gross":321,"net":0,"sumNetUsd":0,"gasPriceGwei":0.006,"txCostUsd":0.004,"syncMs":1491,"searchMs":219,"msg":"block scanned"}
{"level":30,"time":1790808082706,"pid":20666,"hostname":"vm","msg":"  VIRTUAL>USDC@PancakeV3/500 USDC>VIRTUAL@UniswapV3/500 in=1.387 VIRTUAL gap=34.2bps profit=$0.001 net=$-0.002"}
{"level":30,"time":1790808082706,"pid":20666,"hostname":"vm","msg":"  AERO>WETH@PancakeV3/500 WETH>AERO@PancakeV3/100 in=1.201 AERO gap=15bps profit=$0.000 net=$-0.003"}
{"level":30,"time":1790808082706,"pid":20666,"hostname":"vm","msg":"  AERO>WETH@AerodromeCL3/50 WETH>AERO@PancakeV3/100 in=0.9813 AERO gap=13.4bps profit=$0.000 net=$-0.003"}
{"level":30,"time":1790808082706,"pid":20666,"hostname":"vm","msg":"  AERO>WETH@UniswapV2 WETH>AERO@PancakeV3/100 in=0.2980 AERO gap=39.7bps profit=$0.000 net=$-0.002"}
{"level":30,"time":1790808082706,"pid":20666,"hostname":"vm","msg":"  DAI>WETH@BaseSwap WETH>DAI@UniswapV3/500 in=0.2594 DAI gap=39.2bps profit=$0.000 net=$-0.002"}
{"level":30,"time":1790808086692,"pid":20666,"hostname":"vm","block":52009354,"gross":379,"net":0,"sumNetUsd":0,"gasPriceGwei":0.006,"txCostUsd":0.004,"syncMs":1625,"searchMs":232,"msg":"block scanned"}
{"level":30,"time":1790808086692,"pid":20666,"hostname":"vm","msg":"  VIRTUAL>USDC@PancakeV3/500 USDC>VIRTUAL@UniswapV3/500 in=1.417 VIRTUAL gap=34.3bps profit=$0.001 net=$-0.002"}
{"level":30,"time":1790808086692,"pid":20666,"hostname":"vm","msg":"  AERO>WETH@AerodromeCL3/50 WETH>AERO@PancakeV3/100 in=0.9813 AERO gap=13.4bps profit=$0.000 net=$-0.003"}
{"level":30,"time":1790808086692,"pid":20666,"hostname":"vm","msg":"  AERO>WETH@PancakeV3/500 WETH>AERO@PancakeV3/100 in=0.6230 AERO gap=10.6bps profit=$0.000 net=$-0.003"}
{"level":30,"time":1790808086692,"pid":20666,"hostname":"vm","msg":"  AERO>WETH@UniswapV2 WETH>AERO@PancakeV3/100 in=0.2980 AERO gap=39.7bps profit=$0.000 net=$-0.002"}
{"level":30,"time":1790808086692,"pid":20666,"hostname":"vm","msg":"  DAI>WETH@BaseSwap WETH>DAI@UniswapV3/500 in=0.2594 DAI gap=39.2bps profit=$0.000 net=$-0.002"}
{"level":30,"time":1790808091670,"pid":20666,"hostname":"vm","block":52009370,"gross":129,"net":0,"sumNetUsd":0,"gasPriceGwei":0.006,"txCostUsd":0.004,"syncMs":1808,"searchMs":145,"msg":"block scanned"}
{"level":30,"time":1790808091670,"pid":20666,"hostname":"vm","msg":"  DEGEN>WETH@PancakeV3/500 WETH>DEGEN@AerodromeCL/200 in=354.3 DEGEN gap=35.2bps profit=$0.000 net=$-0.003"}
{"level":30,"time":1790808091670,"pid":20666,"hostname":"vm","msg":"  AERO>WETH@PancakeV3/500 WETH>AERO@UniswapV2 in=1.379 AERO gap=64.8bps profit=$0.002 net=$-0.001"}
{"level":30,"time":1790808091670,"pid":20666,"hostname":"vm","msg":"  AERO>WETH@AerodromeCL3/50 WETH>AERO@UniswapV2 in=1.095 AERO gap=58.7bps profit=$0.001 net=$-0.002"}
{"level":30,"time":1790808091670,"pid":20666,"hostname":"vm","msg":"  AERO>WETH@PancakeV3/500 WETH>AERO@PancakeV3/100 in=1.547 AERO gap=17.5bps profit=$0.001 net=$-0.003"}
{"level":30,"time":1790808091670,"pid":20666,"hostname":"vm","msg":"  AERO>WETH@PancakeV3/100 WETH>AERO@UniswapV2 in=0.5563 AERO gap=47.2bps profit=$0.000 net=$-0.002"}
{"level":30,"time":1790808095658,"pid":20666,"hostname":"vm","block":52009372,"gross":302,"net":0,"sumNetUsd":0,"gasPriceGwei":0.006,"txCostUsd":0.004,"syncMs":2078,"searchMs":202,"msg":"block scanned"}
{"level":30,"time":1790808095658,"pid":20666,"hostname":"vm","msg":"  VIRTUAL>USDC@PancakeV3/500 USDC>VIRTUAL@UniswapV3/500 in=1.387 VIRTUAL gap=34.2bps profit=$0.001 net=$-0.002"}
{"level":30,"time":1790808095658,"pid":20666,"hostname":"vm","msg":"  AERO>WETH@PancakeV3/500 WETH>AERO@PancakeV3/100 in=1.512 AERO gap=17.3bps profit=$0.001 net=$-0.003"}
{"level":30,"time":1790808095658,"pid":20666,"hostname":"vm","msg":"  AERO>WETH@AerodromeCL3/50 WETH>AERO@PancakeV3/100 in=1.279 AERO gap=15.6bps profit=$0.000 net=$-0.003"}
{"level":30,"time":1790808095658,"pid":20666,"hostname":"vm","msg":"  AERO>WETH@UniswapV2 WETH>AERO@PancakeV3/100 in=0.2980 AERO gap=39.7bps profit=$0.000 net=$-0.002"}
{"level":30,"time":1790808095658,"pid":20666,"hostname":"vm","msg":"  DAI>WETH@BaseSwap WETH>DAI@UniswapV3/500 in=0.2594 DAI gap=39.2bps profit=$0.000 net=$-0.002"}
{"level":30,"time":1790808099701,"pid":20666,"hostname":"vm","block":52009374,"gross":251,"net":0,"sumNetUsd":0,"gasPriceGwei":0.006,"txCostUsd":0.004,"syncMs":1856,"searchMs":172,"msg":"block scanned"}
{"level":30,"time":1790808099701,"pid":20666,"hostname":"vm","msg":"  VIRTUAL>USDC@PancakeV3/500 USDC>VIRTUAL@UniswapV3/500 in=1.387 VIRTUAL gap=34.2bps profit=$0.001 net=$-0.002"}
{"level":30,"time":1790808099701,"pid":20666,"hostname":"vm","msg":"  AERO>WETH@PancakeV3/500 WETH>AERO@PancakeV3/100 in=1.512 AERO gap=17.3bps profit=$0.001 net=$-0.003"}
{"level":30,"time":1790808099701,"pid":20666,"hostname":"vm","msg":"  AERO>WETH@AerodromeCL3/50 WETH>AERO@PancakeV3/100 in=1.279 AERO gap=15.6bps profit=$0.000 net=$-0.003"}
{"level":30,"time":1790808099701,"pid":20666,"hostname":"vm","msg":"  AERO>WETH@UniswapV2 WETH>AERO@PancakeV3/100 in=0.2980 AERO gap=39.7bps profit=$0.000 net=$-0.002"}
{"level":30,"time":1790808099701,"pid":20666,"hostname":"vm","msg":"  DAI>WETH@BaseSwap WETH>DAI@UniswapV3/500 in=0.2594 DAI gap=39.2bps profit=$0.000 net=$-0.002"}
{"level":30,"time":1790808103903,"pid":20666,"hostname":"vm","block":52009369,"gross":307,"net":0,"sumNetUsd":0,"gasPriceGwei":0.006,"txCostUsd":0.004,"syncMs":1859,"searchMs":198,"msg":"block scanned"}
{"level":30,"time":1790808103903,"pid":20666,"hostname":"vm","msg":"  VIRTUAL>USDC@PancakeV3/500 USDC>VIRTUAL@UniswapV3/500 in=1.387 VIRTUAL gap=34.2bps profit=$0.001 net=$-0.002"}
{"level":30,"time":1790808103903,"pid":20666,"hostname":"vm","msg":"  AERO>WETH@PancakeV3/500 WETH>AERO@PancakeV3/100 in=1.201 AERO gap=15bps profit=$0.000 net=$-0.003"}
{"level":30,"time":1790808103903,"pid":20666,"hostname":"vm","msg":"  AERO>WETH@AerodromeCL3/50 WETH>AERO@PancakeV3/100 in=0.9813 AERO gap=13.4bps profit=$0.000 net=$-0.003"}
{"level":30,"time":1790808103903,"pid":20666,"hostname":"vm","msg":"  AERO>WETH@UniswapV2 WETH>AERO@PancakeV3/100 in=0.2980 AERO gap=39.7bps profit=$0.000 net=$-0.002"}
{"level":30,"time":1790808103903,"pid":20666,"hostname":"vm","msg":"  DAI>WETH@BaseSwap WETH>DAI@UniswapV3/500 in=0.2594 DAI gap=39.2bps profit=$0.000 net=$-0.002"}
{"level":30,"time":1790808107861,"pid":20666,"hostname":"vm","block":52009378,"gross":249,"net":0,"sumNetUsd":0,"gasPriceGwei":0.006,"txCostUsd":0.004,"syncMs":1585,"searchMs":179,"msg":"block scanned"}
{"level":30,"time":1790808107861,"pid":20666,"hostname":"vm","msg":"  VIRTUAL>USDC@PancakeV3/500 USDC>VIRTUAL@UniswapV3/500 in=1.387 VIRTUAL gap=34.2bps profit=$0.001 net=$-0.002"}
{"level":30,"time":1790808107861,"pid":20666,"hostname":"vm","msg":"  AERO>WETH@PancakeV3/500 WETH>AERO@PancakeV3/100 in=1.512 AERO gap=17.3bps profit=$0.001 net=$-0.003"}
{"level":30,"time":1790808107861,"pid":20666,"hostname":"vm","msg":"  AERO>WETH@AerodromeCL3/50 WETH>AERO@PancakeV3/100 in=1.279 AERO gap=15.6bps profit=$0.000 net=$-0.003"}
{"level":30,"time":1790808107861,"pid":20666,"hostname":"vm","msg":"  AERO>WETH@UniswapV2 WETH>AERO@PancakeV3/100 in=0.2980 AERO gap=39.7bps profit=$0.000 net=$-0.002"}
{"level":30,"time":1790808107861,"pid":20666,"hostname":"vm","msg":"  DAI>WETH@BaseSwap WETH>DAI@UniswapV3/500 in=0.2594 DAI gap=39.2bps profit=$0.000 net=$-0.002"}
{"level":30,"time":1790808112860,"pid":20666,"hostname":"vm","block":52009380,"gross":249,"net":0,"sumNetUsd":0,"gasPriceGwei":0.006,"txCostUsd":0.004,"syncMs":1856,"searchMs":176,"msg":"block scanned"}
{"level":30,"time":1790808112861,"pid":20666,"hostname":"vm","msg":"  VIRTUAL>USDC@PancakeV3/500 USDC>VIRTUAL@UniswapV3/500 in=1.387 VIRTUAL gap=34.2bps profit=$0.001 net=$-0.002"}
{"level":30,"time":1790808112861,"pid":20666,"hostname":"vm","msg":"  AERO>WETH@PancakeV3/500 WETH>AERO@PancakeV3/100 in=1.512 AERO gap=17.3bps profit=$0.001 net=$-0.003"}
{"level":30,"time":1790808112861,"pid":20666,"hostname":"vm","msg":"  AERO>WETH@AerodromeCL3/50 WETH>AERO@PancakeV3/100 in=1.279 AERO gap=15.6bps profit=$0.000 net=$-0.003"}
{"level":30,"time":1790808112861,"pid":20666,"hostname":"vm","msg":"  AERO>WETH@UniswapV2 WETH>AERO@PancakeV3/100 in=0.2980 AERO gap=39.7bps profit=$0.000 net=$-0.002"}
{"level":30,"time":1790808112861,"pid":20666,"hostname":"vm","msg":"  DAI>WETH@BaseSwap WETH>DAI@UniswapV3/500 in=0.2594 DAI gap=39.2bps profit=$0.000 net=$-0.002"}
{"level":30,"time":1790808117129,"pid":20666,"hostname":"vm","block":52009369,"gross":307,"net":0,"sumNetUsd":0,"gasPriceGwei":0.006,"txCostUsd":0.004,"syncMs":1966,"searchMs":198,"msg":"block scanned"}
{"level":30,"time":1790808117129,"pid":20666,"hostname":"vm","msg":"  VIRTUAL>USDC@PancakeV3/500 USDC>VIRTUAL@UniswapV3/500 in=1.387 VIRTUAL gap=34.2bps profit=$0.001 net=$-0.002"}
{"level":30,"time":1790808117129,"pid":20666,"hostname":"vm","msg":"  AERO>WETH@PancakeV3/500 WETH>AERO@PancakeV3/100 in=1.201 AERO gap=15bps profit=$0.000 net=$-0.003"}
{"level":30,"time":1790808117129,"pid":20666,"hostname":"vm","msg":"  AERO>WETH@AerodromeCL3/50 WETH>AERO@PancakeV3/100 in=0.9813 AERO gap=13.4bps profit=$0.000 net=$-0.003"}
{"level":30,"time":1790808117129,"pid":20666,"hostname":"vm","msg":"  AERO>WETH@UniswapV2 WETH>AERO@PancakeV3/100 in=0.2980 AERO gap=39.7bps profit=$0.000 net=$-0.002"}
{"level":30,"time":1790808117129,"pid":20666,"hostname":"vm","msg":"  DAI>WETH@BaseSwap WETH>DAI@UniswapV3/500 in=0.2594 DAI gap=39.2bps profit=$0.000 net=$-0.002"}
{"level":30,"time":1790808183828,"pid":20666,"hostname":"vm","block":52009385,"gross":250,"net":0,"sumNetUsd":0,"gasPriceGwei":0.006,"txCostUsd":0.004,"syncMs":64715,"searchMs":202,"msg":"block scanned"}
{"level":30,"time":1790808183828,"pid":20666,"hostname":"vm","msg":"  VIRTUAL>USDC@PancakeV3/500 USDC>VIRTUAL@UniswapV3/500 in=1.387 VIRTUAL gap=34.2bps profit=$0.001 net=$-0.002"}
{"level":30,"time":1790808183828,"pid":20666,"hostname":"vm","msg":"  AERO>WETH@PancakeV3/500 WETH>AERO@PancakeV3/100 in=1.771 AERO gap=19.2bps profit=$0.001 net=$-0.002"}
{"level":30,"time":1790808183828,"pid":20666,"hostname":"vm","msg":"  AERO>WETH@AerodromeCL3/50 WETH>AERO@PancakeV3/100 in=1.279 AERO gap=15.6bps profit=$0.000 net=$-0.003"}
{"level":30,"time":1790808183828,"pid":20666,"hostname":"vm","msg":"  AERO>WETH@UniswapV2 WETH>AERO@PancakeV3/100 in=0.2980 AERO gap=39.7bps profit=$0.000 net=$-0.002"}
{"level":30,"time":1790808183828,"pid":20666,"hostname":"vm","msg":"  DAI>WETH@BaseSwap WETH>DAI@UniswapV3/500 in=0.2594 DAI gap=39.2bps profit=$0.000 net=$-0.002"}
{"level":30,"time":1790808187869,"pid":20666,"hostname":"vm","block":52009418,"gross":253,"net":0,"sumNetUsd":0,"gasPriceGwei":0.006,"txCostUsd":0.004,"syncMs":1874,"searchMs":210,"msg":"block scanned"}
{"level":30,"time":1790808187869,"pid":20666,"hostname":"vm","msg":"  AERO>WETH@AerodromeCL3/50 WETH>AERO@PancakeV3/100 in=1.884 AERO gap=20.1bps profit=$0.001 net=$-0.002"}
{"level":30,"time":1790808187869,"pid":20666,"hostname":"vm","msg":"  AERO>WETH@PancakeV3/500 WETH>AERO@PancakeV3/100 in=1.857 AERO gap=19.9bps profit=$0.001 net=$-0.002"}
{"level":30,"time":1790808187869,"pid":20666,"hostname":"vm","msg":"  VIRTUAL>USDC@PancakeV3/500 USDC>VIRTUAL@UniswapV3/10000 in=1.091 VIRTUAL gap=110.8bps profit=$0.000 net=$-0.003"}
{"level":30,"time":1790808187869,"pid":20666,"hostname":"vm","msg":"  AERO>WETH@UniswapV2 WETH>AERO@PancakeV3/100 in=0.2980 AERO gap=39.7bps profit=$0.000 net=$-0.002"}
{"level":30,"time":1790808187869,"pid":20666,"hostname":"vm","msg":"  DAI>WETH@BaseSwap WETH>DAI@UniswapV3/500 in=0.2594 DAI gap=39.2bps profit=$0.000 net=$-0.002"}
{"level":30,"time":1790808191558,"pid":20666,"hostname":"vm","block":52009420,"gross":263,"net":0,"sumNetUsd":0,"gasPriceGwei":0.006,"txCostUsd":0.004,"syncMs":1506,"searchMs":178,"msg":"block scanned"}
{"level":30,"time":1790808191558,"pid":20666,"hostname":"vm","msg":"  AERO>WETH@AerodromeCL3/50 WETH>AERO@PancakeV3/100 in=1.884 AERO gap=20.1bps profit=$0.001 net=$-0.002"}
{"level":30,"time":1790808191558,"pid":20666,"hostname":"vm","msg":"  AERO>WETH@PancakeV3/500 WETH>AERO@PancakeV3/100 in=1.857 AERO gap=19.9bps profit=$0.001 net=$-0.002"}
{"level":30,"time":1790808191558,"pid":20666,"hostname":"vm","msg":"  VIRTUAL>WETH@PancakeV3/500 WETH>VIRTUAL@PancakeV3/100 in=1.538 VIRTUAL gap=11.5bps profit=$0.000 net=$-0.003"}
{"level":30,"time":1790808191558,"pid":20666,"hostname":"vm","msg":"  VIRTUAL>WETH@AerodromeCL3/50 WETH>VIRTUAL@PancakeV3/100 in=1.386 VIRTUAL gap=9.7bps profit=$0.000 net=$-0.003"}
{"level":30,"time":1790808191558,"pid":20666,"hostname":"vm","msg":"  VIRTUAL>WETH@AerodromeCL/200 WETH>VIRTUAL@PancakeV3/100 in=1.120 VIRTUAL gap=10bps profit=$0.000 net=$-0.003"}
{"level":30,"time":1790808194730,"pid":20666,"hostname":"vm","block":52009422,"gross":237,"net":0,"sumNetUsd":0,"gasPriceGwei":0.006,"txCostUsd":0.004,"syncMs":1530,"searchMs":165,"msg":"block scanned"}
{"level":30,"time":1790808194730,"pid":20666,"hostname":"vm","msg":"  AERO>WETH@AerodromeCL3/50 WETH>AERO@PancakeV3/100 in=1.884 AERO gap=20.1bps profit=$0.001 net=$-0.002"}
{"level":30,"time":1790808194730,"pid":20666,"hostname":"vm","msg":"  AERO>WETH@PancakeV3/500 WETH>AERO@PancakeV3/100 in=1.857 AERO gap=19.9bps profit=$0.001 net=$-0.002"}
{"level":30,"time":1790808194730,"pid":20666,"hostname":"vm","msg":"  AERO>WETH@UniswapV2 WETH>AERO@PancakeV3/100 in=0.2980 AERO gap=39.7bps profit=$0.000 net=$-0.002"}
{"level":30,"time":1790808194730,"pid":20666,"hostname":"vm","msg":"  DAI>WETH@BaseSwap WETH>DAI@UniswapV3/500 in=0.2594 DAI gap=39.2bps profit=$0.000 net=$-0.002"}
{"level":30,"time":1790808194730,"pid":20666,"hostname":"vm","msg":"  VIRTUAL>USDC@UniswapV3/500 USDC>VIRTUAL@UniswapV3/10000 in=0.08060 VIRTUAL gap=107.8bps profit=$0.000 net=$-0.003"}
{"level":30,"time":1790808198515,"pid":20666,"hostname":"vm","block":52009424,"gross":245,"net":0,"sumNetUsd":0,"gasPriceGwei":0.006,"txCostUsd":0.004,"syncMs":1371,"searchMs":172,"msg":"block scanned"}
{"level":30,"time":1790808198515,"pid":20666,"hostname":"vm","msg":"  AERO>WETH@AerodromeCL3/50 WETH>AERO@PancakeV3/100 in=1.884 AERO gap=20.1bps profit=$0.001 net=$-0.002"}
{"level":30,"time":1790808198515,"pid":20666,"hostname":"vm","msg":"  AERO>WETH@PancakeV3/500 WETH>AERO@PancakeV3/100 in=1.857 AERO gap=19.9bps profit=$0.001 net=$-0.002"}
{"level":30,"time":1790808198515,"pid":20666,"hostname":"vm","msg":"  AERO>WETH@UniswapV2 WETH>AERO@PancakeV3/100 in=0.2980 AERO gap=39.7bps profit=$0.000 net=$-0.002"}
{"level":30,"time":1790808198515,"pid":20666,"hostname":"vm","msg":"  DAI>WETH@BaseSwap WETH>DAI@UniswapV3/500 in=0.2594 DAI gap=39.2bps profit=$0.000 net=$-0.002"}
{"level":30,"time":1790808198515,"pid":20666,"hostname":"vm","msg":"  VIRTUAL>USDC@UniswapV3/500 USDC>VIRTUAL@UniswapV3/10000 in=0.08060 VIRTUAL gap=107.8bps profit=$0.000 net=$-0.003"}
{"level":30,"time":1790808201641,"pid":20666,"hostname":"vm","block":52009425,"gross":247,"net":0,"sumNetUsd":0,"gasPriceGwei":0.006,"txCostUsd":0.004,"syncMs":1515,"searchMs":169,"msg":"block scanned"}
{"level":30,"time":1790808201641,"pid":20666,"hostname":"vm","msg":"  AERO>WETH@AerodromeCL3/50 WETH>AERO@PancakeV3/100 in=1.884 AERO gap=20.1bps profit=$0.001 net=$-0.002"}
{"level":30,"time":1790808201641,"pid":20666,"hostname":"vm","msg":"  AERO>WETH@PancakeV3/500 WETH>AERO@PancakeV3/100 in=1.857 AERO gap=19.9bps profit=$0.001 net=$-0.002"}
{"level":30,"time":1790808201641,"pid":20666,"hostname":"vm","msg":"  AERO>WETH@UniswapV2 WETH>AERO@PancakeV3/100 in=0.2980 AERO gap=39.7bps profit=$0.000 net=$-0.002"}
{"level":30,"time":1790808201641,"pid":20666,"hostname":"vm","msg":"  DAI>WETH@BaseSwap WETH>DAI@UniswapV3/500 in=0.2594 DAI gap=39.2bps profit=$0.000 net=$-0.002"}
{"level":30,"time":1790808201641,"pid":20666,"hostname":"vm","msg":"  VIRTUAL>USDC@UniswapV3/500 USDC>VIRTUAL@UniswapV3/10000 in=0.08060 VIRTUAL gap=107.8bps profit=$0.000 net=$-0.003"}
{"level":30,"time":1790808205549,"pid":20666,"hostname":"vm","block":52009427,"gross":248,"net":0,"sumNetUsd":0,"gasPriceGwei":0.006,"txCostUsd":0.004,"syncMs":1502,"searchMs":180,"msg":"block scanned"}
{"level":30,"time":1790808205549,"pid":20666,"hostname":"vm","msg":"  AERO>WETH@AerodromeCL3/50 WETH>AERO@PancakeV3/100 in=1.884 AERO gap=20.1bps profit=$0.001 net=$-0.002"}
{"level":30,"time":1790808205549,"pid":20666,"hostname":"vm","msg":"  AERO>WETH@PancakeV3/500 WETH>AERO@PancakeV3/100 in=1.688 AERO gap=18.6bps profit=$0.001 net=$-0.002"}
{"level":30,"time":1790808205549,"pid":20666,"hostname":"vm","msg":"  AERO>WETH@UniswapV2 WETH>AERO@PancakeV3/100 in=0.2980 AERO gap=39.7bps profit=$0.000 net=$-0.002"}
{"level":30,"time":1790808205549,"pid":20666,"hostname":"vm","msg":"  DAI>WETH@BaseSwap WETH>DAI@UniswapV3/500 in=0.2594 DAI gap=39.2bps profit=$0.000 net=$-0.002"}
{"level":30,"time":1790808205549,"pid":20666,"hostname":"vm","msg":"  VIRTUAL>USDC@UniswapV3/500 USDC>VIRTUAL@UniswapV3/10000 in=0.08060 VIRTUAL gap=107.8bps profit=$0.000 net=$-0.003"}
{"level":30,"time":1790808208760,"pid":20666,"hostname":"vm","block":52009429,"gross":263,"net":0,"sumNetUsd":0,"gasPriceGwei":0.006,"txCostUsd":0.004,"syncMs":577,"searchMs":166,"msg":"block scanned"}
{"level":30,"time":1790808208760,"pid":20666,"hostname":"vm","msg":"  AERO>WETH@AerodromeCL3/50 WETH>AERO@PancakeV3/100 in=1.884 AERO gap=20.1bps profit=$0.001 net=$-0.002"}
{"level":30,"time":1790808208760,"pid":20666,"hostname":"vm","msg":"  AERO>WETH@PancakeV3/500 WETH>AERO@PancakeV3/100 in=1.688 AERO gap=18.6bps profit=$0.001 net=$-0.002"}
{"level":30,"time":1790808208760,"pid":20666,"hostname":"vm","msg":"  AERO>WETH@UniswapV2 WETH>AERO@PancakeV3/100 in=0.2980 AERO gap=39.7bps profit=$0.000 net=$-0.002"}
{"level":30,"time":1790808208760,"pid":20666,"hostname":"vm","msg":"  DAI>WETH@BaseSwap WETH>DAI@UniswapV3/500 in=0.2594 DAI gap=39.2bps profit=$0.000 net=$-0.002"}
{"level":30,"time":1790808208760,"pid":20666,"hostname":"vm","msg":"  VIRTUAL>USDC@UniswapV3/500 USDC>VIRTUAL@UniswapV3/10000 in=0.08060 VIRTUAL gap=107.8bps profit=$0.000 net=$-0.003"}
{"level":30,"time":1790808212562,"pid":20666,"hostname":"vm","block":52009430,"gross":262,"net":0,"sumNetUsd":0,"gasPriceGwei":0.006,"txCostUsd":0.004,"syncMs":1560,"searchMs":175,"msg":"block scanned"}
{"level":30,"time":1790808212562,"pid":20666,"hostname":"vm","msg":"  AERO>WETH@AerodromeCL3/50 WETH>AERO@PancakeV3/100 in=1.884 AERO gap=20.1bps profit=$0.001 net=$-0.002"}
{"level":30,"time":1790808212562,"pid":20666,"hostname":"vm","msg":"  AERO>WETH@PancakeV3/500 WETH>AERO@PancakeV3/100 in=1.688 AERO gap=18.6bps profit=$0.001 net=$-0.002"}
{"level":30,"time":1790808212562,"pid":20666,"hostname":"vm","msg":"  AERO>WETH@UniswapV2 WETH>AERO@PancakeV3/100 in=0.2980 AERO gap=39.7bps profit=$0.000 net=$-0.002"}
{"level":30,"time":1790808212562,"pid":20666,"hostname":"vm","msg":"  DAI>WETH@BaseSwap WETH>DAI@UniswapV3/500 in=0.2594 DAI gap=39.2bps profit=$0.000 net=$-0.002"}
{"level":30,"time":1790808212562,"pid":20666,"hostname":"vm","msg":"  VIRTUAL>USDC@UniswapV3/500 USDC>VIRTUAL@UniswapV3/10000 in=0.08060 VIRTUAL gap=107.8bps profit=$0.000 net=$-0.003"}
{"level":30,"time":1790808215904,"pid":20666,"hostname":"vm","block":52009433,"gross":266,"net":0,"sumNetUsd":0,"gasPriceGwei":0.006,"txCostUsd":0.004,"syncMs":1039,"searchMs":168,"msg":"block scanned"}
{"level":30,"time":1790808215904,"pid":20666,"hostname":"vm","msg":"  AERO>WETH@AerodromeCL3/50 WETH>AERO@PancakeV3/100 in=1.769 AERO gap=19.3bps profit=$0.001 net=$-0.002"}
{"level":30,"time":1790808215904,"pid":20666,"hostname":"vm","msg":"  AERO>WETH@PancakeV3/500 WETH>AERO@PancakeV3/100 in=1.688 AERO gap=18.6bps profit=$0.001 net=$-0.002"}
{"level":30,"time":1790808215904,"pid":20666,"hostname":"vm","msg":"  AERO>WETH@UniswapV2 WETH>AERO@PancakeV3/100 in=0.2980 AERO gap=39.7bps profit=$0.000 net=$-0.002"}
{"level":30,"time":1790808215904,"pid":20666,"hostname":"vm","msg":"  DAI>WETH@BaseSwap WETH>DAI@UniswapV3/500 in=0.2594 DAI gap=39.2bps profit=$0.000 net=$-0.002"}
{"level":30,"time":1790808215904,"pid":20666,"hostname":"vm","msg":"  VIRTUAL>USDC@UniswapV3/500 USDC>VIRTUAL@UniswapV3/10000 in=0.08060 VIRTUAL gap=107.8bps profit=$0.000 net=$-0.003"}
{"level":30,"time":1790808219772,"pid":20666,"hostname":"vm","block":52009434,"gross":256,"net":0,"sumNetUsd":0,"gasPriceGwei":0.006,"txCostUsd":0.004,"syncMs":1482,"searchMs":190,"msg":"block scanned"}
{"level":30,"time":1790808219772,"pid":20666,"hostname":"vm","msg":"  AERO>WETH@AerodromeCL3/50 WETH>AERO@PancakeV3/100 in=1.769 AERO gap=19.3bps profit=$0.001 net=$-0.002"}
{"level":30,"time":1790808219772,"pid":20666,"hostname":"vm","msg":"  AERO>WETH@PancakeV3/500 WETH>AERO@PancakeV3/100 in=1.688 AERO gap=18.6bps profit=$0.001 net=$-0.002"}
{"level":30,"time":1790808219772,"pid":20666,"hostname":"vm","msg":"  AERO>WETH@UniswapV2 WETH>AERO@PancakeV3/100 in=0.2980 AERO gap=39.7bps profit=$0.000 net=$-0.002"}
{"level":30,"time":1790808219772,"pid":20666,"hostname":"vm","msg":"  DAI>WETH@BaseSwap WETH>DAI@UniswapV3/500 in=0.2594 DAI gap=39.2bps profit=$0.000 net=$-0.002"}
{"level":30,"time":1790808219772,"pid":20666,"hostname":"vm","msg":"  VIRTUAL>USDC@UniswapV3/500 USDC>VIRTUAL@UniswapV3/10000 in=0.08060 VIRTUAL gap=107.8bps profit=$0.000 net=$-0.003"}
{"level":30,"time":1790808223430,"pid":20666,"hostname":"vm","block":52009436,"gross":235,"net":0,"sumNetUsd":0,"gasPriceGwei":0.006,"txCostUsd":0.004,"syncMs":1422,"searchMs":164,"msg":"block scanned"}
{"level":30,"time":1790808223430,"pid":20666,"hostname":"vm","msg":"  AERO>WETH@AerodromeCL3/50 WETH>AERO@PancakeV3/100 in=1.769 AERO gap=19.3bps profit=$0.001 net=$-0.002"}
{"level":30,"time":1790808223430,"pid":20666,"hostname":"vm","msg":"  AERO>WETH@PancakeV3/500 WETH>AERO@PancakeV3/100 in=1.688 AERO gap=18.6bps profit=$0.001 net=$-0.002"}
{"level":30,"time":1790808223430,"pid":20666,"hostname":"vm","msg":"  AERO>WETH@UniswapV2 WETH>AERO@PancakeV3/100 in=0.2980 AERO gap=39.7bps profit=$0.000 net=$-0.002"}
{"level":30,"time":1790808223430,"pid":20666,"hostname":"vm","msg":"  DAI>WETH@BaseSwap WETH>DAI@UniswapV3/500 in=0.2594 DAI gap=39.2bps profit=$0.000 net=$-0.002"}
{"level":30,"time":1790808223430,"pid":20666,"hostname":"vm","msg":"  VIRTUAL>USDC@UniswapV3/500 USDC>VIRTUAL@UniswapV3/10000 in=0.08060 VIRTUAL gap=107.8bps profit=$0.000 net=$-0.003"}
{"level":30,"time":1790808226829,"pid":20666,"hostname":"vm","block":52009438,"gross":227,"net":0,"sumNetUsd":0,"gasPriceGwei":0.006,"txCostUsd":0.004,"syncMs":741,"searchMs":155,"msg":"block scanned"}
{"level":30,"time":1790808226829,"pid":20666,"hostname":"vm","msg":"  AERO>WETH@AerodromeCL3/50 WETH>AERO@PancakeV3/100 in=1.769 AERO gap=19.3bps profit=$0.001 net=$-0.002"}
{"level":30,"time":1790808226829,"pid":20666,"hostname":"vm","msg":"  AERO>WETH@PancakeV3/500 WETH>AERO@PancakeV3/100 in=1.688 AERO gap=18.6bps profit=$0.001 net=$-0.002"}
{"level":30,"time":1790808226829,"pid":20666,"hostname":"vm","msg":"  AERO>WETH@UniswapV2 WETH>AERO@PancakeV3/100 in=0.2980 AERO gap=39.7bps profit=$0.000 net=$-0.002"}
{"level":30,"time":1790808226829,"pid":20666,"hostname":"vm","msg":"  DAI>WETH@BaseSwap WETH>DAI@UniswapV3/500 in=0.2594 DAI gap=39.2bps profit=$0.000 net=$-0.002"}
{"level":30,"time":1790808226829,"pid":20666,"hostname":"vm","msg":"  VIRTUAL>USDC@UniswapV3/500 USDC>VIRTUAL@UniswapV3/10000 in=0.08060 VIRTUAL gap=107.8bps profit=$0.000 net=$-0.003"}
{"level":30,"time":1790808230913,"pid":20666,"hostname":"vm","block":52009440,"gross":228,"net":0,"sumNetUsd":0,"gasPriceGwei":0.006,"txCostUsd":0.004,"syncMs":1861,"searchMs":156,"msg":"block scanned"}
{"level":30,"time":1790808230913,"pid":20666,"hostname":"vm","msg":"  AERO>WETH@AerodromeCL3/50 WETH>AERO@PancakeV3/100 in=1.769 AERO gap=19.3bps profit=$0.001 net=$-0.002"}
{"level":30,"time":1790808230913,"pid":20666,"hostname":"vm","msg":"  AERO>WETH@PancakeV3/500 WETH>AERO@PancakeV3/100 in=1.688 AERO gap=18.6bps profit=$0.001 net=$-0.002"}
{"level":30,"time":1790808230913,"pid":20666,"hostname":"vm","msg":"  AERO>WETH@UniswapV2 WETH>AERO@PancakeV3/100 in=0.2980 AERO gap=39.7bps profit=$0.000 net=$-0.002"}
{"level":30,"time":1790808230913,"pid":20666,"hostname":"vm","msg":"  DAI>WETH@BaseSwap WETH>DAI@UniswapV3/500 in=0.2594 DAI gap=39.2bps profit=$0.000 net=$-0.002"}
{"level":30,"time":1790808230913,"pid":20666,"hostname":"vm","msg":"  VIRTUAL>USDC@UniswapV3/500 USDC>VIRTUAL@UniswapV3/10000 in=0.08060 VIRTUAL gap=107.8bps profit=$0.000 net=$-0.003"}
{"level":30,"time":1790808234769,"pid":20666,"hostname":"vm","block":52009442,"gross":231,"net":0,"sumNetUsd":0,"gasPriceGwei":0.006,"txCostUsd":0.004,"syncMs":1440,"searchMs":158,"msg":"block scanned"}
{"level":30,"time":1790808234769,"pid":20666,"hostname":"vm","msg":"  AERO>WETH@AerodromeCL3/50 WETH>AERO@PancakeV3/100 in=1.769 AERO gap=19.3bps profit=$0.001 net=$-0.002"}
{"level":30,"time":1790808234769,"pid":20666,"hostname":"vm","msg":"  AERO>WETH@PancakeV3/500 WETH>AERO@PancakeV3/100 in=1.688 AERO gap=18.6bps profit=$0.001 net=$-0.002"}
{"level":30,"time":1790808234770,"pid":20666,"hostname":"vm","msg":"  AERO>WETH@UniswapV2 WETH>AERO@PancakeV3/100 in=0.2980 AERO gap=39.7bps profit=$0.000 net=$-0.002"}
{"level":30,"time":1790808234770,"pid":20666,"hostname":"vm","msg":"  DAI>WETH@BaseSwap WETH>DAI@UniswapV3/500 in=0.2594 DAI gap=39.2bps profit=$0.000 net=$-0.002"}
{"level":30,"time":1790808234770,"pid":20666,"hostname":"vm","msg":"  VIRTUAL>USDC@UniswapV3/500 USDC>VIRTUAL@UniswapV3/10000 in=0.08060 VIRTUAL gap=107.8bps profit=$0.000 net=$-0.003"}
{"level":30,"time":1790808298982,"pid":20666,"hostname":"vm","block":52009444,"gross":231,"net":0,"sumNetUsd":0,"gasPriceGwei":0.006,"txCostUsd":0.004,"syncMs":61944,"searchMs":199,"msg":"block scanned"}
{"level":30,"time":1790808298982,"pid":20666,"hostname":"vm","msg":"  AERO>WETH@AerodromeCL3/50 WETH>AERO@PancakeV3/100 in=1.769 AERO gap=19.3bps profit=$0.001 net=$-0.002"}
{"level":30,"time":1790808298982,"pid":20666,"hostname":"vm","msg":"  AERO>WETH@PancakeV3/500 WETH>AERO@PancakeV3/100 in=1.688 AERO gap=18.6bps profit=$0.001 net=$-0.002"}
{"level":30,"time":1790808298982,"pid":20666,"hostname":"vm","msg":"  AERO>WETH@UniswapV2 WETH>AERO@PancakeV3/100 in=0.2980 AERO gap=39.7bps profit=$0.000 net=$-0.002"}
{"level":30,"time":1790808298982,"pid":20666,"hostname":"vm","msg":"  DAI>WETH@BaseSwap WETH>DAI@UniswapV3/500 in=0.2594 DAI gap=39.2bps profit=$0.000 net=$-0.002"}
{"level":30,"time":1790808298982,"pid":20666,"hostname":"vm","msg":"  VIRTUAL>USDC@UniswapV3/500 USDC>VIRTUAL@UniswapV3/10000 in=0.08060 VIRTUAL gap=107.8bps profit=$0.000 net=$-0.003"}
{"level":30,"time":1790808302598,"pid":20666,"hostname":"vm","block":52009476,"gross":229,"net":0,"sumNetUsd":0,"gasPriceGwei":0.006,"txCostUsd":0.004,"syncMs":1055,"searchMs":164,"msg":"block scanned"}
{"level":30,"time":1790808302598,"pid":20666,"hostname":"vm","msg":"  AERO>WETH@AerodromeCL3/50 WETH>AERO@PancakeV3/100 in=1.743 AERO gap=19.1bps profit=$0.001 net=$-0.002"}
{"level":30,"time":1790808302598,"pid":20666,"hostname":"vm","msg":"  AERO>WETH@PancakeV3/500 WETH>AERO@PancakeV3/100 in=1.673 AERO gap=18.5bps profit=$0.001 net=$-0.002"}
{"level":30,"time":1790808302598,"pid":20666,"hostname":"vm","msg":"  VIRTUAL>WETH@AerodromeCL/100 WETH>VIRTUAL@PancakeV3/100 in=1.615 VIRTUAL gap=10.3bps profit=$0.000 net=$-0.003"}
{"level":30,"time":1790808302598,"pid":20666,"hostname":"vm","msg":"  VIRTUAL>WETH@UniswapV3/500 WETH>VIRTUAL@PancakeV3/100 in=1.376 VIRTUAL gap=9.7bps profit=$0.000 net=$-0.003"}
{"level":30,"time":1790808302598,"pid":20666,"hostname":"vm","msg":"  VIRTUAL>WETH@AerodromeCL/200 WETH>VIRTUAL@PancakeV3/100 in=1.372 VIRTUAL gap=10.7bps profit=$0.000 net=$-0.003"}
{"level":30,"time":1790808305975,"pid":20666,"hostname":"vm","block":52009478,"gross":234,"net":0,"sumNetUsd":0,"gasPriceGwei":0.006,"txCostUsd":0.004,"syncMs":1061,"searchMs":188,"msg":"block scanned"}
{"level":30,"time":1790808305975,"pid":20666,"hostname":"vm","msg":"  AERO>WETH@AerodromeCL3/50 WETH>AERO@PancakeV3/100 in=1.743 AERO gap=19.1bps profit=$0.001 net=$-0.002"}
{"level":30,"time":1790808305975,"pid":20666,"hostname":"vm","msg":"  AERO>WETH@PancakeV3/500 WETH>AERO@PancakeV3/100 in=1.632 AERO gap=18.2bps profit=$0.001 net=$-0.003"}
{"level":30,"time":1790808305975,"pid":20666,"hostname":"vm","msg":"  VIRTUAL>WETH@AerodromeCL/100 WETH>VIRTUAL@PancakeV3/100 in=2.368 VIRTUAL gap=12.4bps profit=$0.001 net=$-0.003"}
{"level":30,"time":1790808305975,"pid":20666,"hostname":"vm","msg":"  VIRTUAL>WETH@UniswapV3/500 WETH>VIRTUAL@PancakeV3/100 in=1.376 VIRTUAL gap=9.7bps profit=$0.000 net=$-0.003"}
{"level":30,"time":1790808305975,"pid":20666,"hostname":"vm","msg":"  VIRTUAL>WETH@AerodromeCL/200 WETH>VIRTUAL@PancakeV3/100 in=1.372 VIRTUAL gap=10.7bps profit=$0.000 net=$-0.003"}
{"level":30,"time":1790808310861,"pid":20666,"hostname":"vm","block":52009479,"gross":236,"net":0,"sumNetUsd":0,"gasPriceGwei":0.006,"txCostUsd":0.004,"syncMs":1831,"searchMs":168,"msg":"block scanned"}
{"level":30,"time":1790808310861,"pid":20666,"hostname":"vm","msg":"  AERO>WETH@AerodromeCL3/50 WETH>AERO@PancakeV3/100 in=1.743 AERO gap=19.1bps profit=$0.001 net=$-0.002"}
{"level":30,"time":1790808310861,"pid":20666,"hostname":"vm","msg":"  AERO>WETH@PancakeV3/500 WETH>AERO@PancakeV3/100 in=1.632 AERO gap=18.2bps profit=$0.001 net=$-0.003"}
{"level":30,"time":1790808310861,"pid":20666,"hostname":"vm","msg":"  VIRTUAL>WETH@AerodromeCL/100 WETH>VIRTUAL@PancakeV3/100 in=2.368 VIRTUAL gap=12.4bps profit=$0.001 net=$-0.003"}
{"level":30,"time":1790808310861,"pid":20666,"hostname":"vm","msg":"  VIRTUAL>WETH@UniswapV3/500 WETH>VIRTUAL@PancakeV3/100 in=1.376 VIRTUAL gap=9.7bps profit=$0.000 net=$-0.003"}
{"level":30,"time":1790808310861,"pid":20666,"hostname":"vm","msg":"  VIRTUAL>WETH@AerodromeCL/200 WETH>VIRTUAL@PancakeV3/100 in=1.372 VIRTUAL gap=10.7bps profit=$0.000 net=$-0.003"}
{"level":30,"time":1790808315620,"pid":20666,"hostname":"vm","block":52009482,"gross":224,"net":0,"sumNetUsd":0,"gasPriceGwei":0.006,"txCostUsd":0.004,"syncMs":1786,"searchMs":161,"msg":"block scanned"}
{"level":30,"time":1790808315620,"pid":20666,"hostname":"vm","msg":"  VIRTUAL>WETH@AerodromeCL/100 WETH>VIRTUAL@PancakeV3/100 in=2.981 VIRTUAL gap=14bps profit=$0.001 net=$-0.002"}
{"level":30,"time":1790808315620,"pid":20666,"hostname":"vm","msg":"  AERO>WETH@AerodromeCL3/50 WETH>AERO@PancakeV3/100 in=1.743 AERO gap=19.1bps profit=$0.001 net=$-0.002"}
{"level":30,"time":1790808315620,"pid":20666,"hostname":"vm","msg":"  AERO>WETH@PancakeV3/500 WETH>AERO@PancakeV3/100 in=1.632 AERO gap=18.2bps profit=$0.001 net=$-0.003"}
{"level":30,"time":1790808315620,"pid":20666,"hostname":"vm","msg":"  VIRTUAL>WETH@UniswapV3/500 WETH>VIRTUAL@PancakeV3/100 in=1.376 VIRTUAL gap=9.7bps profit=$0.000 net=$-0.003"}
{"level":30,"time":1790808315620,"pid":20666,"hostname":"vm","msg":"  VIRTUAL>WETH@AerodromeCL/200 WETH>VIRTUAL@PancakeV3/100 in=1.372 VIRTUAL gap=10.7bps profit=$0.000 net=$-0.003"}
{"level":30,"time":1790808319856,"pid":20666,"hostname":"vm","block":52009484,"gross":220,"net":0,"sumNetUsd":0,"gasPriceGwei":0.006,"txCostUsd":0.004,"syncMs":1523,"searchMs":163,"msg":"block scanned"}
{"level":30,"time":1790808319856,"pid":20666,"hostname":"vm","msg":"  AERO>WETH@AerodromeCL3/50 WETH>AERO@PancakeV3/100 in=1.743 AERO gap=19.1bps profit=$0.001 net=$-0.002"}
{"level":30,"time":1790808319856,"pid":20666,"hostname":"vm","msg":"  AERO>WETH@PancakeV3/500 WETH>AERO@PancakeV3/100 in=1.632 AERO gap=18.2bps profit=$0.001 net=$-0.003"}
{"level":30,"time":1790808319856,"pid":20666,"hostname":"vm","msg":"  VIRTUAL>WETH@AerodromeCL/100 WETH>VIRTUAL@PancakeV3/100 in=2.705 VIRTUAL gap=13.3bps profit=$0.001 net=$-0.003"}
{"level":30,"time":1790808319856,"pid":20666,"hostname":"vm","msg":"  VIRTUAL>WETH@UniswapV3/500 WETH>VIRTUAL@PancakeV3/100 in=1.376 VIRTUAL gap=9.7bps profit=$0.000 net=$-0.003"}
{"level":30,"time":1790808319856,"pid":20666,"hostname":"vm","msg":"  VIRTUAL>WETH@AerodromeCL/200 WETH>VIRTUAL@PancakeV3/100 in=1.372 VIRTUAL gap=10.7bps profit=$0.000 net=$-0.003"}
{"level":30,"time":1790808323796,"pid":20666,"hostname":"vm","block":52009486,"gross":369,"net":153,"sumNetUsd":810.796,"gasPriceGwei":0.006,"txCostUsd":0.004,"syncMs":1751,"searchMs":257,"msg":"block scanned"}
{"level":30,"time":1790808323796,"pid":20666,"hostname":"vm","msg":"  WETH>cbBTC@AerodromeCL3/1 cbBTC>cbETH@AerodromeCL2/10 cbETH>WETH@AerodromeCL/1 in=53.17 WETH gap=15.5bps profit=$103.553 net=$103.547"}
{"level":30,"time":1790808323796,"pid":20666,"hostname":"vm","msg":"  WETH>USDC@PancakeV3/100 USDC>VIRTUAL@PancakeV3/500 VIRTUAL>WETH@UniswapV3/500 in=2.387 WETH gap=203bps profit=$62.576 net=$62.569"}
{"level":30,"time":1790808323796,"pid":20666,"hostname":"vm","msg":"  WETH>USDC@PancakeV3/100 USDC>VIRTUAL@PancakeV3/500 VIRTUAL>WETH@AerodromeCL/100 in=2.313 WETH gap=203bps profit=$61.682 net=$61.676"}
{"level":30,"time":1790808323796,"pid":20666,"hostname":"vm","msg":"  WETH>USDC@AerodromeCL3/1 USDC>VIRTUAL@PancakeV3/500 VIRTUAL>WETH@UniswapV3/500 in=1.979 WETH gap=203bps profit=$51.596 net=$51.588"}
{"level":30,"time":1790808323796,"pid":20666,"hostname":"vm","msg":"  WETH>USDC@AerodromeCL3/1 USDC>VIRTUAL@PancakeV3/500 VIRTUAL>WETH@AerodromeCL/100 in=1.934 WETH gap=203bps profit=$51.294 net=$51.287"}
{"level":30,"time":1790808327467,"pid":20666,"hostname":"vm","block":52009488,"gross":211,"net":0,"sumNetUsd":0,"gasPriceGwei":0.006,"txCostUsd":0.004,"syncMs":1489,"searchMs":156,"msg":"block scanned"}
{"level":30,"time":1790808327467,"pid":20666,"hostname":"vm","msg":"  VIRTUAL>WETH@AerodromeCL/100 WETH>VIRTUAL@PancakeV3/100 in=2.528 VIRTUAL gap=12.8bps profit=$0.001 net=$-0.003"}
{"level":30,"time":1790808327467,"pid":20666,"hostname":"vm","msg":"  VIRTUAL>WETH@UniswapV3/500 WETH>VIRTUAL@PancakeV3/100 in=1.376 VIRTUAL gap=9.7bps profit=$0.000 net=$-0.003"}
{"level":30,"time":1790808327467,"pid":20666,"hostname":"vm","msg":"  VIRTUAL>WETH@AerodromeCL/200 WETH>VIRTUAL@PancakeV3/100 in=1.372 VIRTUAL gap=10.7bps profit=$0.000 net=$-0.003"}
{"level":30,"time":1790808327467,"pid":20666,"hostname":"vm","msg":"  VIRTUAL>WETH@PancakeV3/500 WETH>VIRTUAL@PancakeV3/100 in=1.006 VIRTUAL gap=9.6bps profit=$0.000 net=$-0.003"}
{"level":30,"time":1790808327467,"pid":20666,"hostname":"vm","msg":"  AERO>WETH@AerodromeCL3/50 WETH>AERO@PancakeV3/100 in=0.5859 AERO gap=10.4bps profit=$0.000 net=$-0.003"}
{"level":30,"time":1790808331047,"pid":20666,"hostname":"vm","block":52009490,"gross":211,"net":0,"sumNetUsd":0,"gasPriceGwei":0.006,"txCostUsd":0.004,"syncMs":1925,"searchMs":153,"msg":"block scanned"}
{"level":30,"time":1790808331047,"pid":20666,"hostname":"vm","msg":"  VIRTUAL>WETH@AerodromeCL/100 WETH>VIRTUAL@PancakeV3/100 in=2.528 VIRTUAL gap=12.8bps profit=$0.001 net=$-0.003"}
{"level":30,"time":1790808331047,"pid":20666,"hostname":"vm","msg":"  VIRTUAL>WETH@UniswapV3/500 WETH>VIRTUAL@PancakeV3/100 in=1.376 VIRTUAL gap=9.7bps profit=$0.000 net=$-0.003"}
{"level":30,"time":1790808331047,"pid":20666,"hostname":"vm","msg":"  VIRTUAL>WETH@AerodromeCL/200 WETH>VIRTUAL@PancakeV3/100 in=1.372 VIRTUAL gap=10.7bps profit=$0.000 net=$-0.003"}
{"level":30,"time":1790808331047,"pid":20666,"hostname":"vm","msg":"  VIRTUAL>WETH@PancakeV3/500 WETH>VIRTUAL@PancakeV3/100 in=1.006 VIRTUAL gap=9.6bps profit=$0.000 net=$-0.003"}
{"level":30,"time":1790808331047,"pid":20666,"hostname":"vm","msg":"  AERO>WETH@AerodromeCL3/50 WETH>AERO@PancakeV3/100 in=0.5859 AERO gap=10.4bps profit=$0.000 net=$-0.003"}
{"level":30,"time":1790808334717,"pid":20666,"hostname":"vm","block":52009492,"gross":209,"net":0,"sumNetUsd":0,"gasPriceGwei":0.006,"txCostUsd":0.004,"syncMs":1524,"searchMs":154,"msg":"block scanned"}
{"level":30,"time":1790808334717,"pid":20666,"hostname":"vm","msg":"  VIRTUAL>WETH@AerodromeCL/100 WETH>VIRTUAL@PancakeV3/100 in=2.974 VIRTUAL gap=14bps profit=$0.001 net=$-0.002"}
{"level":30,"time":1790808334717,"pid":20666,"hostname":"vm","msg":"  VIRTUAL>WETH@UniswapV3/500 WETH>VIRTUAL@PancakeV3/100 in=1.376 VIRTUAL gap=9.7bps profit=$0.000 net=$-0.003"}
{"level":30,"time":1790808334717,"pid":20666,"hostname":"vm","msg":"  VIRTUAL>WETH@AerodromeCL/200 WETH>VIRTUAL@PancakeV3/100 in=1.372 VIRTUAL gap=10.7bps profit=$0.000 net=$-0.003"}
{"level":30,"time":1790808334717,"pid":20666,"hostname":"vm","msg":"  VIRTUAL>WETH@PancakeV3/500 WETH>VIRTUAL@PancakeV3/100 in=1.006 VIRTUAL gap=9.6bps profit=$0.000 net=$-0.003"}
{"level":30,"time":1790808334717,"pid":20666,"hostname":"vm","msg":"  AERO>WETH@AerodromeCL3/50 WETH>AERO@PancakeV3/100 in=0.5859 AERO gap=10.4bps profit=$0.000 net=$-0.003"}
{"level":30,"time":1790808338979,"pid":20666,"hostname":"vm","block":52009494,"gross":210,"net":0,"sumNetUsd":0,"gasPriceGwei":0.006,"txCostUsd":0.004,"syncMs":1827,"searchMs":147,"msg":"block scanned"}
{"level":30,"time":1790808338980,"pid":20666,"hostname":"vm","msg":"  VIRTUAL>WETH@AerodromeCL/100 WETH>VIRTUAL@PancakeV3/100 in=2.974 VIRTUAL gap=14bps profit=$0.001 net=$-0.002"}
{"level":30,"time":1790808338980,"pid":20666,"hostname":"vm","msg":"  VIRTUAL>WETH@UniswapV3/500 WETH>VIRTUAL@PancakeV3/100 in=1.376 VIRTUAL gap=9.7bps profit=$0.000 net=$-0.003"}
{"level":30,"time":1790808338980,"pid":20666,"hostname":"vm","msg":"  VIRTUAL>WETH@AerodromeCL/200 WETH>VIRTUAL@PancakeV3/100 in=1.372 VIRTUAL gap=10.7bps profit=$0.000 net=$-0.003"}
{"level":30,"time":1790808338980,"pid":20666,"hostname":"vm","msg":"  VIRTUAL>WETH@PancakeV3/500 WETH>VIRTUAL@PancakeV3/100 in=1.006 VIRTUAL gap=9.6bps profit=$0.000 net=$-0.003"}
{"level":30,"time":1790808338980,"pid":20666,"hostname":"vm","msg":"  AERO>WETH@AerodromeCL3/50 WETH>AERO@PancakeV3/100 in=0.5859 AERO gap=10.4bps profit=$0.000 net=$-0.003"}
{"level":30,"time":1790808343128,"pid":20666,"hostname":"vm","block":52009496,"gross":214,"net":0,"sumNetUsd":0,"gasPriceGwei":0.006,"txCostUsd":0.004,"syncMs":1668,"searchMs":144,"msg":"block scanned"}
{"level":30,"time":1790808343128,"pid":20666,"hostname":"vm","msg":"  VIRTUAL>WETH@AerodromeCL/100 WETH>VIRTUAL@PancakeV3/100 in=3.351 VIRTUAL gap=15bps profit=$0.001 net=$-0.002"}
{"level":30,"time":1790808343128,"pid":20666,"hostname":"vm","msg":"  VIRTUAL>WETH@UniswapV3/500 WETH>VIRTUAL@PancakeV3/100 in=1.740 VIRTUAL gap=10.7bps profit=$0.000 net=$-0.003"}
{"level":30,"time":1790808343128,"pid":20666,"hostname":"vm","msg":"  VIRTUAL>WETH@AerodromeCL/200 WETH>VIRTUAL@PancakeV3/100 in=1.366 VIRTUAL gap=10.7bps profit=$0.000 net=$-0.003"}
{"level":30,"time":1790808343128,"pid":20666,"hostname":"vm","msg":"  VIRTUAL>WETH@PancakeV3/500 WETH>VIRTUAL@PancakeV3/100 in=1.001 VIRTUAL gap=9.6bps profit=$0.000 net=$-0.003"}
{"level":30,"time":1790808343128,"pid":20666,"hostname":"vm","msg":"  AERO>WETH@AerodromeCL3/50 WETH>AERO@PancakeV3/100 in=0.5859 AERO gap=10.4bps profit=$0.000 net=$-0.003"}
{"level":30,"time":1790808346868,"pid":20666,"hostname":"vm","block":52009498,"gross":224,"net":0,"sumNetUsd":0,"gasPriceGwei":0.006,"txCostUsd":0.004,"syncMs":1917,"searchMs":151,"msg":"block scanned"}
{"level":30,"time":1790808346868,"pid":20666,"hostname":"vm","msg":"  VIRTUAL>WETH@AerodromeCL/100 WETH>VIRTUAL@PancakeV3/100 in=3.329 VIRTUAL gap=14.9bps profit=$0.001 net=$-0.002"}
{"level":30,"time":1790808346868,"pid":20666,"hostname":"vm","msg":"  VIRTUAL>WETH@UniswapV3/500 WETH>VIRTUAL@PancakeV3/100 in=1.740 VIRTUAL gap=10.7bps profit=$0.000 net=$-0.003"}
{"level":30,"time":1790808346868,"pid":20666,"hostname":"vm","msg":"  VIRTUAL>WETH@AerodromeCL/200 WETH>VIRTUAL@PancakeV3/100 in=1.366 VIRTUAL gap=10.7bps profit=$0.000 net=$-0.003"}
{"level":30,"time":1790808346868,"pid":20666,"hostname":"vm","msg":"  VIRTUAL>WETH@AerodromeCL3/50 WETH>VIRTUAL@PancakeV3/100 in=1.300 VIRTUAL gap=9.5bps profit=$0.000 net=$-0.003"}
{"level":30,"time":1790808346868,"pid":20666,"hostname":"vm","msg":"  VIRTUAL>WETH@PancakeV3/500 WETH>VIRTUAL@PancakeV3/100 in=1.001 VIRTUAL gap=9.6bps profit=$0.000 net=$-0.003"}
{"level":30,"time":1790808350916,"pid":20666,"hostname":"vm","block":52009500,"gross":214,"net":0,"sumNetUsd":0,"gasPriceGwei":0.006,"txCostUsd":0.004,"syncMs":1615,"searchMs":153,"msg":"block scanned"}
{"level":30,"time":1790808350916,"pid":20666,"hostname":"vm","msg":"  VIRTUAL>WETH@AerodromeCL/100 WETH>VIRTUAL@PancakeV3/100 in=3.329 VIRTUAL gap=14.9bps profit=$0.001 net=$-0.002"}
{"level":30,"time":1790808350916,"pid":20666,"hostname":"vm","msg":"  VIRTUAL>WETH@AerodromeCL3/50 WETH>VIRTUAL@PancakeV3/100 in=2.546 VIRTUAL gap=12.8bps profit=$0.001 net=$-0.003"}
{"level":30,"time":1790808350916,"pid":20666,"hostname":"vm","msg":"  VIRTUAL>WETH@UniswapV3/500 WETH>VIRTUAL@PancakeV3/100 in=1.994 VIRTUAL gap=11.3bps profit=$0.000 net=$-0.003"}
{"level":30,"time":1790808350916,"pid":20666,"hostname":"vm","msg":"  VIRTUAL>WETH@AerodromeCL/200 WETH>VIRTUAL@PancakeV3/100 in=1.366 VIRTUAL gap=10.7bps profit=$0.000 net=$-0.003"}
{"level":30,"time":1790808350916,"pid":20666,"hostname":"vm","msg":"  VIRTUAL>WETH@PancakeV3/500 WETH>VIRTUAL@PancakeV3/100 in=1.001 VIRTUAL gap=9.6bps profit=$0.000 net=$-0.003"}
{"level":30,"time":1790808354676,"pid":20666,"hostname":"vm","block":52009502,"gross":366,"net":141,"sumNetUsd":503.23,"gasPriceGwei":0.006,"txCostUsd":0.004,"syncMs":1855,"searchMs":251,"msg":"block scanned"}
{"level":30,"time":1790808354676,"pid":20666,"hostname":"vm","msg":"  WETH>USDC@UniswapV3/100 USDC>VIRTUAL@PancakeV3/500 VIRTUAL>WETH@AerodromeCL3/50 in=2.359 WETH gap=204bps profit=$62.522 net=$62.516"}
{"level":30,"time":1790808354676,"pid":20666,"hostname":"vm","msg":"  WETH>USDC@UniswapV3/100 USDC>VIRTUAL@PancakeV3/500 VIRTUAL>WETH@AerodromeCL/100 in=2.171 WETH gap=204bps profit=$57.971 net=$57.964"}
{"level":30,"time":1790808354676,"pid":20666,"hostname":"vm","msg":"  WETH>cbBTC@AerodromeCL3/1 cbBTC>cbETH@AerodromeCL2/10 cbETH>WETH@AerodromeCL/1 in=12.42 WETH gap=15.5bps profit=$31.962 net=$31.956"}
{"level":30,"time":1790808354676,"pid":20666,"hostname":"vm","msg":"  WETH>cbBTC@AerodromeCL3/1 cbBTC>cbETH@AerodromeCL2/10 cbETH>WETH@UniswapV3/100 in=9.791 WETH gap=15.5bps profit=$25.521 net=$25.515"}
{"level":30,"time":1790808354676,"pid":20666,"hostname":"vm","msg":"  WETH>cbBTC@AerodromeCL3/1 cbBTC>VIRTUAL@Aerodrome VIRTUAL>WETH@AerodromeCL3/50 in=0.7220 WETH gap=147.7bps profit=$14.009 net=$14.005"}
{"level":30,"time":1790808419706,"pid":20666,"hostname":"vm","block":52009504,"gross":209,"net":0,"sumNetUsd":0,"gasPriceGwei":0.006,"txCostUsd":0.004,"syncMs":63460,"searchMs":201,"msg":"block scanned"}
{"level":30,"time":1790808419707,"pid":20666,"hostname":"vm","msg":"  VIRTUAL>WETH@AerodromeCL/100 WETH>VIRTUAL@PancakeV3/100 in=3.329 VIRTUAL gap=14.9bps profit=$0.001 net=$-0.002"}
{"level":30,"time":1790808419707,"pid":20666,"hostname":"vm","msg":"  VIRTUAL>WETH@AerodromeCL3/50 WETH>VIRTUAL@PancakeV3/100 in=2.546 VIRTUAL gap=12.8bps profit=$0.001 net=$-0.003"}
{"level":30,"time":1790808419707,"pid":20666,"hostname":"vm","msg":"  VIRTUAL>WETH@UniswapV3/500 WETH>VIRTUAL@PancakeV3/100 in=1.994 VIRTUAL gap=11.3bps profit=$0.000 net=$-0.003"}
{"level":30,"time":1790808419707,"pid":20666,"hostname":"vm","msg":"  VIRTUAL>WETH@AerodromeCL/200 WETH>VIRTUAL@PancakeV3/100 in=1.366 VIRTUAL gap=10.7bps profit=$0.000 net=$-0.003"}
{"level":30,"time":1790808419707,"pid":20666,"hostname":"vm","msg":"  VIRTUAL>WETH@PancakeV3/500 WETH>VIRTUAL@PancakeV3/100 in=1.001 VIRTUAL gap=9.6bps profit=$0.000 net=$-0.003"}
{"level":30,"time":1790808423733,"pid":20666,"hostname":"vm","block":52009536,"gross":182,"net":0,"sumNetUsd":0,"gasPriceGwei":0.006,"txCostUsd":0.004,"syncMs":1498,"searchMs":141,"msg":"block scanned"}
{"level":30,"time":1790808423733,"pid":20666,"hostname":"vm","msg":"  DAI>WETH@BaseSwap WETH>DAI@UniswapV3/500 in=0.2208 DAI gap=37.9bps profit=$0.000 net=$-0.002"}
{"level":30,"time":1790808423733,"pid":20666,"hostname":"vm","msg":"  DAI>WETH@BaseSwap WETH>DAI@PancakeV3/500 in=0.02725 DAI gap=31.7bps profit=$0.000 net=$-0.003"}
{"level":30,"time":1790808423733,"pid":20666,"hostname":"vm","msg":"  WETH>USDC@AerodromeCL3/1 USDC>USDbC@PancakeV3/100 USDbC>WETH@SushiV3/3000 in=0.0003677 WETH gap=20.6bps profit=$0.001 net=$-0.004"}
{"level":30,"time":1790808423733,"pid":20666,"hostname":"vm","msg":"  WETH>USDC@AerodromeCL3/1 USDC>USDbC@SushiV3/100 USDbC>WETH@SushiV3/3000 in=0.0003680 WETH gap=20.6bps profit=$0.001 net=$-0.004"}
{"level":30,"time":1790808423733,"pid":20666,"hostname":"vm","msg":"  WETH>USDC@AerodromeCL/1 USDC>USDbC@PancakeV3/100 USDbC>WETH@SushiV3/3000 in=0.0003676 WETH gap=20.6bps profit=$0.001 net=$-0.004"}
{"level":30,"time":1790808427776,"pid":20666,"hostname":"vm","block":52009538,"gross":193,"net":0,"sumNetUsd":0,"gasPriceGwei":0.006,"txCostUsd":0.004,"syncMs":1475,"searchMs":152,"msg":"block scanned"}
{"level":30,"time":1790808427776,"pid":20666,"hostname":"vm","msg":"  AERO>USDC@AerodromeCL/100 USDC>AERO@PancakeV3/500 in=4.674 AERO gap=13.8bps profit=$0.001 net=$-0.003"}
{"level":30,"time":1790808427776,"pid":20666,"hostname":"vm","msg":"  AERO>WETH@PancakeV3/500 WETH>AERO@PancakeV3/100 in=0.8137 AERO gap=12.1bps profit=$0.000 net=$-0.003"}
{"level":30,"time":1790808427776,"pid":20666,"hostname":"vm","msg":"  DAI>WETH@BaseSwap WETH>DAI@UniswapV3/500 in=0.2208 DAI gap=37.9bps profit=$0.000 net=$-0.002"}
{"level":30,"time":1790808427776,"pid":20666,"hostname":"vm","msg":"  AERO>WETH@AerodromeCL3/50 WETH>AERO@PancakeV3/100 in=0.3065 AERO gap=8.3bps profit=$0.000 net=$-0.003"}
{"level":30,"time":1790808427776,"pid":20666,"hostname":"vm","msg":"  DAI>WETH@BaseSwap WETH>DAI@PancakeV3/500 in=0.02725 DAI gap=31.7bps profit=$0.000 net=$-0.003"}
{"level":30,"time":1790808432103,"pid":20666,"hostname":"vm","block":52009540,"gross":196,"net":0,"sumNetUsd":0,"gasPriceGwei":0.006,"txCostUsd":0.004,"syncMs":2039,"searchMs":155,"msg":"block scanned"}
{"level":30,"time":1790808432103,"pid":20666,"hostname":"vm","msg":"  AERO>USDC@AerodromeCL/100 USDC>AERO@PancakeV3/500 in=4.674 AERO gap=13.8bps profit=$0.001 net=$-0.003"}
{"level":30,"time":1790808432103,"pid":20666,"hostname":"vm","msg":"  AERO>WETH@PancakeV3/500 WETH>AERO@PancakeV3/100 in=0.8137 AERO gap=12.1bps profit=$0.000 net=$-0.003"}
{"level":30,"time":1790808432103,"pid":20666,"hostname":"vm","msg":"  DAI>WETH@BaseSwap WETH>DAI@UniswapV3/500 in=0.2208 DAI gap=37.9bps profit=$0.000 net=$-0.002"}
{"level":30,"time":1790808432103,"pid":20666,"hostname":"vm","msg":"  AERO>WETH@AerodromeCL3/50 WETH>AERO@PancakeV3/100 in=0.3065 AERO gap=8.3bps profit=$0.000 net=$-0.003"}
{"level":30,"time":1790808432103,"pid":20666,"hostname":"vm","msg":"  DAI>WETH@BaseSwap WETH>DAI@PancakeV3/500 in=0.02725 DAI gap=31.7bps profit=$0.000 net=$-0.003"}
{"level":30,"time":1790808435856,"pid":20666,"hostname":"vm","block":52009542,"gross":199,"net":0,"sumNetUsd":0,"gasPriceGwei":0.006,"txCostUsd":0.004,"syncMs":2066,"searchMs":157,"msg":"block scanned"}
{"level":30,"time":1790808435857,"pid":20666,"hostname":"vm","msg":"  AERO>USDC@AerodromeCL/100 USDC>AERO@PancakeV3/500 in=4.674 AERO gap=13.8bps profit=$0.001 net=$-0.003"}
{"level":30,"time":1790808435857,"pid":20666,"hostname":"vm","msg":"  AERO>WETH@PancakeV3/500 WETH>AERO@PancakeV3/100 in=0.8137 AERO gap=12.1bps profit=$0.000 net=$-0.003"}
{"level":30,"time":1790808435857,"pid":20666,"hostname":"vm","msg":"  DAI>WETH@BaseSwap WETH>DAI@UniswapV3/500 in=0.2208 DAI gap=37.9bps profit=$0.000 net=$-0.002"}
{"level":30,"time":1790808435857,"pid":20666,"hostname":"vm","msg":"  AERO>WETH@AerodromeCL3/50 WETH>AERO@PancakeV3/100 in=0.3065 AERO gap=8.3bps profit=$0.000 net=$-0.003"}
{"level":30,"time":1790808435857,"pid":20666,"hostname":"vm","msg":"  DAI>WETH@BaseSwap WETH>DAI@PancakeV3/500 in=0.02725 DAI gap=31.7bps profit=$0.000 net=$-0.003"}
{"level":30,"time":1790808439746,"pid":20666,"hostname":"vm","block":52009544,"gross":199,"net":0,"sumNetUsd":0,"gasPriceGwei":0.006,"txCostUsd":0.004,"syncMs":1903,"searchMs":159,"msg":"block scanned"}
{"level":30,"time":1790808439746,"pid":20666,"hostname":"vm","msg":"  AERO>USDC@AerodromeCL/100 USDC>AERO@PancakeV3/500 in=4.674 AERO gap=13.8bps profit=$0.001 net=$-0.003"}
{"level":30,"time":1790808439746,"pid":20666,"hostname":"vm","msg":"  AERO>WETH@PancakeV3/500 WETH>AERO@PancakeV3/100 in=0.8137 AERO gap=12.1bps profit=$0.000 net=$-0.003"}
{"level":30,"time":1790808439746,"pid":20666,"hostname":"vm","msg":"  DAI>WETH@BaseSwap WETH>DAI@UniswapV3/500 in=0.2208 DAI gap=37.9bps profit=$0.000 net=$-0.002"}
{"level":30,"time":1790808439746,"pid":20666,"hostname":"vm","msg":"  AERO>WETH@AerodromeCL3/50 WETH>AERO@PancakeV3/100 in=0.3065 AERO gap=8.3bps profit=$0.000 net=$-0.003"}
{"level":30,"time":1790808439746,"pid":20666,"hostname":"vm","msg":"  DAI>WETH@BaseSwap WETH>DAI@PancakeV3/500 in=0.02725 DAI gap=31.7bps profit=$0.000 net=$-0.003"}
{"level":30,"time":1790808443863,"pid":20666,"hostname":"vm","block":52009546,"gross":196,"net":0,"sumNetUsd":0,"gasPriceGwei":0.006,"txCostUsd":0.004,"syncMs":1514,"searchMs":160,"msg":"block scanned"}
{"level":30,"time":1790808443863,"pid":20666,"hostname":"vm","msg":"  AERO>USDC@AerodromeCL/100 USDC>AERO@PancakeV3/500 in=4.674 AERO gap=13.8bps profit=$0.001 net=$-0.003"}
{"level":30,"time":1790808443863,"pid":20666,"hostname":"vm","msg":"  AERO>WETH@PancakeV3/500 WETH>AERO@PancakeV3/100 in=0.8137 AERO gap=12.1bps profit=$0.000 net=$-0.003"}
{"level":30,"time":1790808443863,"pid":20666,"hostname":"vm","msg":"  DAI>WETH@BaseSwap WETH>DAI@UniswapV3/500 in=0.2208 DAI gap=37.9bps profit=$0.000 net=$-0.002"}
{"level":30,"time":1790808443863,"pid":20666,"hostname":"vm","msg":"  AERO>WETH@AerodromeCL3/50 WETH>AERO@PancakeV3/100 in=0.3065 AERO gap=8.3bps profit=$0.000 net=$-0.003"}
{"level":30,"time":1790808443863,"pid":20666,"hostname":"vm","msg":"  DAI>WETH@BaseSwap WETH>DAI@PancakeV3/500 in=0.02725 DAI gap=31.7bps profit=$0.000 net=$-0.003"}
{"level":30,"time":1790808447767,"pid":20666,"hostname":"vm","block":52009548,"gross":200,"net":0,"sumNetUsd":0,"gasPriceGwei":0.006,"txCostUsd":0.004,"syncMs":1488,"searchMs":162,"msg":"block scanned"}
{"level":30,"time":1790808447767,"pid":20666,"hostname":"vm","msg":"  AERO>WETH@PancakeV3/500 WETH>AERO@PancakeV3/100 in=0.8137 AERO gap=12.1bps profit=$0.000 net=$-0.003"}
{"level":30,"time":1790808447767,"pid":20666,"hostname":"vm","msg":"  VIRTUAL>WETH@PancakeV3/100 WETH>VIRTUAL@UniswapV3/500 in=0.9161 VIRTUAL gap=8.5bps profit=$0.000 net=$-0.003"}
{"level":30,"time":1790808447767,"pid":20666,"hostname":"vm","msg":"  DAI>WETH@BaseSwap WETH>DAI@UniswapV3/500 in=0.2208 DAI gap=37.9bps profit=$0.000 net=$-0.002"}
{"level":30,"time":1790808447767,"pid":20666,"hostname":"vm","msg":"  AERO>WETH@AerodromeCL3/50 WETH>AERO@PancakeV3/100 in=0.3065 AERO gap=8.3bps profit=$0.000 net=$-0.003"}
{"level":30,"time":1790808447767,"pid":20666,"hostname":"vm","msg":"  DAI>WETH@BaseSwap WETH>DAI@PancakeV3/500 in=0.02725 DAI gap=31.7bps profit=$0.000 net=$-0.003"}
{"level":30,"time":1790808452041,"pid":20666,"hostname":"vm","block":52009550,"gross":198,"net":0,"sumNetUsd":0,"gasPriceGwei":0.006,"txCostUsd":0.004,"syncMs":1984,"searchMs":158,"msg":"block scanned"}
{"level":30,"time":1790808452041,"pid":20666,"hostname":"vm","msg":"  AERO>WETH@PancakeV3/500 WETH>AERO@PancakeV3/100 in=0.8137 AERO gap=12.1bps profit=$0.000 net=$-0.003"}
{"level":30,"time":1790808452041,"pid":20666,"hostname":"vm","msg":"  VIRTUAL>WETH@PancakeV3/100 WETH>VIRTUAL@UniswapV3/500 in=0.9161 VIRTUAL gap=8.5bps profit=$0.000 net=$-0.003"}
{"level":30,"time":1790808452041,"pid":20666,"hostname":"vm","msg":"  DAI>WETH@BaseSwap WETH>DAI@UniswapV3/500 in=0.2208 DAI gap=37.9bps profit=$0.000 net=$-0.002"}
{"level":30,"time":1790808452041,"pid":20666,"hostname":"vm","msg":"  AERO>WETH@AerodromeCL3/50 WETH>AERO@PancakeV3/100 in=0.3065 AERO gap=8.3bps profit=$0.000 net=$-0.003"}
{"level":30,"time":1790808452041,"pid":20666,"hostname":"vm","msg":"  VIRTUAL>WETH@PancakeV3/100 WETH>VIRTUAL@AerodromeCL/100 in=0.2822 VIRTUAL gap=6.8bps profit=$0.000 net=$-0.003"}
{"level":30,"time":1790808455991,"pid":20666,"hostname":"vm","block":52009552,"gross":197,"net":0,"sumNetUsd":0,"gasPriceGwei":0.006,"txCostUsd":0.004,"syncMs":1444,"searchMs":166,"msg":"block scanned"}
{"level":30,"time":1790808455991,"pid":20666,"hostname":"vm","msg":"  AERO>WETH@PancakeV3/500 WETH>AERO@PancakeV3/100 in=0.8137 AERO gap=12.1bps profit=$0.000 net=$-0.003"}
{"level":30,"time":1790808455991,"pid":20666,"hostname":"vm","msg":"  DAI>WETH@BaseSwap WETH>DAI@UniswapV3/500 in=0.2208 DAI gap=37.9bps profit=$0.000 net=$-0.002"}
{"level":30,"time":1790808455991,"pid":20666,"hostname":"vm","msg":"  VIRTUAL>WETH@PancakeV3/100 WETH>VIRTUAL@UniswapV3/500 in=0.7390 VIRTUAL gap=8bps profit=$0.000 net=$-0.003"}
{"level":30,"time":1790808455991,"pid":20666,"hostname":"vm","msg":"  AERO>WETH@AerodromeCL3/50 WETH>AERO@PancakeV3/100 in=0.3065 AERO gap=8.3bps profit=$0.000 net=$-0.003"}
{"level":30,"time":1790808455991,"pid":20666,"hostname":"vm","msg":"  VIRTUAL>WETH@PancakeV3/100 WETH>VIRTUAL@AerodromeCL/100 in=0.2822 VIRTUAL gap=6.8bps profit=$0.000 net=$-0.003"}
{"level":30,"time":1790808459955,"pid":20666,"hostname":"vm","block":52009554,"gross":254,"net":79,"sumNetUsd":30.105,"gasPriceGwei":0.006,"txCostUsd":0.004,"syncMs":1700,"searchMs":228,"msg":"block scanned"}
{"level":30,"time":1790808459955,"pid":20666,"hostname":"vm","msg":"  DEGEN>WETH@PancakeV3/500 WETH>DEGEN@AerodromeCL/200 in=354.3 DEGEN gap=35.2bps profit=$0.000 net=$-0.003"}
{"level":30,"time":1790808459955,"pid":20666,"hostname":"vm","msg":"  AERO>WETH@PancakeV3/500 WETH>AERO@UniswapV2 in=1.379 AERO gap=64.8bps profit=$0.002 net=$-0.001"}
{"level":30,"time":1790808459955,"pid":20666,"hostname":"vm","msg":"  WETH>cbBTC@UniswapV4/500 cbBTC>WETH@AerodromeCL3/1 in=4.298 WETH gap=14.5bps profit=$4.278 net=$4.274"}
{"level":30,"time":1790808459955,"pid":20666,"hostname":"vm","msg":"  AERO>WETH@AerodromeCL3/50 WETH>AERO@UniswapV2 in=1.095 AERO gap=58.7bps profit=$0.001 net=$-0.002"}
{"level":30,"time":1790808459955,"pid":20666,"hostname":"vm","msg":"  WETH>cbBTC@UniswapV4/500 cbBTC>WETH@PancakeV3/100 in=4.132 WETH gap=14.3bps profit=$3.309 net=$3.306"}
{"level":30,"time":1790808463510,"pid":20666,"hostname":"vm","block":52009556,"gross":196,"net":0,"sumNetUsd":0,"gasPriceGwei":0.006,"txCostUsd":0.004,"syncMs":964,"searchMs":158,"msg":"block scanned"}
{"level":30,"time":1790808463511,"pid":20666,"hostname":"vm","msg":"  AERO>WETH@PancakeV3/500 WETH>AERO@PancakeV3/100 in=0.8137 AERO gap=12.1bps profit=$0.000 net=$-0.003"}
{"level":30,"time":1790808463511,"pid":20666,"hostname":"vm","msg":"  DAI>WETH@BaseSwap WETH>DAI@UniswapV3/500 in=0.2208 DAI gap=37.9bps profit=$0.000 net=$-0.002"}
{"level":30,"time":1790808463511,"pid":20666,"hostname":"vm","msg":"  VIRTUAL>WETH@PancakeV3/100 WETH>VIRTUAL@UniswapV3/500 in=0.7390 VIRTUAL gap=8bps profit=$0.000 net=$-0.003"}
{"level":30,"time":1790808463511,"pid":20666,"hostname":"vm","msg":"  AERO>WETH@AerodromeCL3/50 WETH>AERO@PancakeV3/100 in=0.3065 AERO gap=8.3bps profit=$0.000 net=$-0.003"}
{"level":30,"time":1790808463511,"pid":20666,"hostname":"vm","msg":"  VIRTUAL>WETH@PancakeV3/100 WETH>VIRTUAL@AerodromeCL/100 in=0.2822 VIRTUAL gap=6.8bps profit=$0.000 net=$-0.003"}
{"level":30,"time":1790808466942,"pid":20666,"hostname":"vm","block":52009558,"gross":196,"net":0,"sumNetUsd":0,"gasPriceGwei":0.006,"txCostUsd":0.004,"syncMs":1943,"searchMs":154,"msg":"block scanned"}
{"level":30,"time":1790808466942,"pid":20666,"hostname":"vm","msg":"  AERO>WETH@PancakeV3/500 WETH>AERO@PancakeV3/100 in=0.8137 AERO gap=12.1bps profit=$0.000 net=$-0.003"}
{"level":30,"time":1790808466942,"pid":20666,"hostname":"vm","msg":"  DAI>WETH@BaseSwap WETH>DAI@UniswapV3/500 in=0.2208 DAI gap=37.9bps profit=$0.000 net=$-0.002"}
{"level":30,"time":1790808466942,"pid":20666,"hostname":"vm","msg":"  VIRTUAL>WETH@PancakeV3/100 WETH>VIRTUAL@UniswapV3/500 in=0.7390 VIRTUAL gap=8bps profit=$0.000 net=$-0.003"}
{"level":30,"time":1790808466942,"pid":20666,"hostname":"vm","msg":"  AERO>WETH@AerodromeCL3/50 WETH>AERO@PancakeV3/100 in=0.3065 AERO gap=8.3bps profit=$0.000 net=$-0.003"}
{"level":30,"time":1790808466942,"pid":20666,"hostname":"vm","msg":"  VIRTUAL>WETH@PancakeV3/100 WETH>VIRTUAL@AerodromeCL/100 in=0.2822 VIRTUAL gap=6.8bps profit=$0.000 net=$-0.003"}
{"level":30,"time":1790808470769,"pid":20666,"hostname":"vm","block":52009560,"gross":194,"net":0,"sumNetUsd":0,"gasPriceGwei":0.006,"txCostUsd":0.004,"syncMs":1948,"searchMs":152,"msg":"block scanned"}
{"level":30,"time":1790808470769,"pid":20666,"hostname":"vm","msg":"  AERO>WETH@PancakeV3/500 WETH>AERO@PancakeV3/100 in=0.5489 AERO gap=10.1bps profit=$0.000 net=$-0.003"}
{"level":30,"time":1790808470769,"pid":20666,"hostname":"vm","msg":"  DAI>WETH@BaseSwap WETH>DAI@UniswapV3/500 in=0.2208 DAI gap=37.9bps profit=$0.000 net=$-0.002"}
{"level":30,"time":1790808470769,"pid":20666,"hostname":"vm","msg":"  VIRTUAL>WETH@PancakeV3/100 WETH>VIRTUAL@UniswapV3/500 in=0.7390 VIRTUAL gap=8bps profit=$0.000 net=$-0.003"}
{"level":30,"time":1790808470769,"pid":20666,"hostname":"vm","msg":"  AERO>WETH@AerodromeCL3/50 WETH>AERO@PancakeV3/100 in=0.3065 AERO gap=8.3bps profit=$0.000 net=$-0.003"}
{"level":30,"time":1790808470769,"pid":20666,"hostname":"vm","msg":"  VIRTUAL>WETH@PancakeV3/100 WETH>VIRTUAL@AerodromeCL/100 in=0.2822 VIRTUAL gap=6.8bps profit=$0.000 net=$-0.003"}
{"level":30,"time":1790808474903,"pid":20666,"hostname":"vm","block":52009553,"gross":196,"net":0,"sumNetUsd":0,"gasPriceGwei":0.006,"txCostUsd":0.004,"syncMs":1906,"searchMs":162,"msg":"block scanned"}
{"level":30,"time":1790808474903,"pid":20666,"hostname":"vm","msg":"  AERO>WETH@PancakeV3/500 WETH>AERO@PancakeV3/100 in=0.8137 AERO gap=12.1bps profit=$0.000 net=$-0.003"}
{"level":30,"time":1790808474903,"pid":20666,"hostname":"vm","msg":"  DAI>WETH@BaseSwap WETH>DAI@UniswapV3/500 in=0.2208 DAI gap=37.9bps profit=$0.000 net=$-0.002"}
{"level":30,"time":1790808474903,"pid":20666,"hostname":"vm","msg":"  VIRTUAL>WETH@PancakeV3/100 WETH>VIRTUAL@UniswapV3/500 in=0.7390 VIRTUAL gap=8bps profit=$0.000 net=$-0.003"}
{"level":30,"time":1790808474903,"pid":20666,"hostname":"vm","msg":"  AERO>WETH@AerodromeCL3/50 WETH>AERO@PancakeV3/100 in=0.3065 AERO gap=8.3bps profit=$0.000 net=$-0.003"}
{"level":30,"time":1790808474903,"pid":20666,"hostname":"vm","msg":"  VIRTUAL>WETH@PancakeV3/100 WETH>VIRTUAL@AerodromeCL/100 in=0.2822 VIRTUAL gap=6.8bps profit=$0.000 net=$-0.003"}
{"level":30,"time":1790808535684,"pid":20666,"hostname":"vm","block":52009563,"gross":193,"net":0,"sumNetUsd":0,"gasPriceGwei":0.006,"txCostUsd":0.004,"syncMs":59115,"searchMs":156,"msg":"block scanned"}
{"level":30,"time":1790808535684,"pid":20666,"hostname":"vm","msg":"  DAI>WETH@BaseSwap WETH>DAI@UniswapV3/500 in=0.2208 DAI gap=37.9bps profit=$0.000 net=$-0.002"}
{"level":30,"time":1790808535684,"pid":20666,"hostname":"vm","msg":"  VIRTUAL>WETH@PancakeV3/100 WETH>VIRTUAL@UniswapV3/500 in=0.7390 VIRTUAL gap=8bps profit=$0.000 net=$-0.003"}
{"level":30,"time":1790808535684,"pid":20666,"hostname":"vm","msg":"  AERO>WETH@PancakeV3/500 WETH>AERO@PancakeV3/100 in=0.3644 AERO gap=8.7bps profit=$0.000 net=$-0.003"}
{"level":30,"time":1790808535684,"pid":20666,"hostname":"vm","msg":"  AERO>WETH@AerodromeCL3/50 WETH>AERO@PancakeV3/100 in=0.3065 AERO gap=8.3bps profit=$0.000 net=$-0.003"}
{"level":30,"time":1790808535684,"pid":20666,"hostname":"vm","msg":"  VIRTUAL>WETH@PancakeV3/100 WETH>VIRTUAL@AerodromeCL/100 in=0.2822 VIRTUAL gap=6.8bps profit=$0.000 net=$-0.003"}
{"level":30,"time":1790808539920,"pid":20666,"hostname":"vm","block":52009594,"gross":180,"net":0,"sumNetUsd":0,"gasPriceGwei":0.006,"txCostUsd":0.004,"syncMs":1981,"searchMs":153,"msg":"block scanned"}
{"level":30,"time":1790808539921,"pid":20666,"hostname":"vm","msg":"  VIRTUAL>WETH@PancakeV3/100 WETH>VIRTUAL@UniswapV3/500 in=1.074 VIRTUAL gap=8.9bps profit=$0.000 net=$-0.003"}
{"level":30,"time":1790808539921,"pid":20666,"hostname":"vm","msg":"  DAI>WETH@BaseSwap WETH>DAI@UniswapV3/500 in=0.2208 DAI gap=37.9bps profit=$0.000 net=$-0.002"}
{"level":30,"time":1790808539921,"pid":20666,"hostname":"vm","msg":"  DAI>WETH@BaseSwap WETH>DAI@PancakeV3/500 in=0.02725 DAI gap=31.7bps profit=$0.000 net=$-0.003"}
{"level":30,"time":1790808539921,"pid":20666,"hostname":"vm","msg":"  WETH>cbBTC@AerodromeCL/1 cbBTC>USDC@AerodromeCL2/1 USDC>WETH@PancakeV3/100 in=0.004632 WETH gap=12.5bps profit=$0.003 net=$-0.002"}
{"level":30,"time":1790808539921,"pid":20666,"hostname":"vm","msg":"  WETH>cbBTC@AerodromeCL3/1 cbBTC>USDC@AerodromeCL2/1 USDC>WETH@PancakeV3/100 in=0.003011 WETH gap=12.5bps profit=$0.003 net=$-0.002"}
{"level":30,"time":1790808543872,"pid":20666,"hostname":"vm","block":52009596,"gross":178,"net":0,"sumNetUsd":0,"gasPriceGwei":0.006,"txCostUsd":0.004,"syncMs":2017,"searchMs":131,"msg":"block scanned"}
{"level":30,"time":1790808543872,"pid":20666,"hostname":"vm","msg":"  VIRTUAL>WETH@PancakeV3/100 WETH>VIRTUAL@UniswapV3/500 in=1.074 VIRTUAL gap=8.9bps profit=$0.000 net=$-0.003"}
{"level":30,"time":1790808543872,"pid":20666,"hostname":"vm","msg":"  DAI>WETH@BaseSwap WETH>DAI@UniswapV3/500 in=0.2208 DAI gap=37.9bps profit=$0.000 net=$-0.002"}
{"level":30,"time":1790808543872,"pid":20666,"hostname":"vm","msg":"  DAI>WETH@BaseSwap WETH>DAI@PancakeV3/500 in=0.02725 DAI gap=31.7bps profit=$0.000 net=$-0.003"}
{"level":30,"time":1790808543872,"pid":20666,"hostname":"vm","msg":"  WETH>cbBTC@AerodromeCL/1 cbBTC>USDC@AerodromeCL2/1 USDC>WETH@PancakeV3/100 in=0.004632 WETH gap=12.5bps profit=$0.003 net=$-0.002"}
{"level":30,"time":1790808543872,"pid":20666,"hostname":"vm","msg":"  WETH>cbBTC@PancakeV3/100 cbBTC>USDC@AerodromeCL2/1 USDC>WETH@PancakeV3/100 in=0.002879 WETH gap=12.5bps profit=$0.002 net=$-0.003"}
{"level":30,"time":1790808547602,"pid":20666,"hostname":"vm","block":52009598,"gross":181,"net":0,"sumNetUsd":0,"gasPriceGwei":0.006,"txCostUsd":0.004,"syncMs":1902,"searchMs":127,"msg":"block scanned"}
{"level":30,"time":1790808547602,"pid":20666,"hostname":"vm","msg":"  VIRTUAL>WETH@PancakeV3/100 WETH>VIRTUAL@UniswapV3/500 in=1.074 VIRTUAL gap=8.9bps profit=$0.000 net=$-0.003"}
{"level":30,"time":1790808547602,"pid":20666,"hostname":"vm","msg":"  DAI>WETH@BaseSwap WETH>DAI@UniswapV3/500 in=0.2208 DAI gap=37.9bps profit=$0.000 net=$-0.002"}
{"level":30,"time":1790808547602,"pid":20666,"hostname":"vm","msg":"  DAI>WETH@BaseSwap WETH>DAI@PancakeV3/500 in=0.02725 DAI gap=31.7bps profit=$0.000 net=$-0.003"}
{"level":30,"time":1790808547602,"pid":20666,"hostname":"vm","msg":"  WETH>USDC@AerodromeCL2/50 USDC>cbBTC@PancakeV3/100 cbBTC>WETH@AerodromeCL2/200 in=0.0007191 WETH gap=17.9bps profit=$0.001 net=$-0.004"}
{"level":30,"time":1790808547602,"pid":20666,"hostname":"vm","msg":"  WETH>cbBTC@AerodromeCL/1 cbBTC>WETH@AerodromeCL2/200 in=0.0005995 WETH gap=49.3bps profit=$0.001 net=$-0.002"}
{"level":30,"time":1790808551019,"pid":20666,"hostname":"vm","block":52009600,"gross":182,"net":0,"sumNetUsd":0,"gasPriceGwei":0.006,"txCostUsd":0.004,"syncMs":1193,"searchMs":125,"msg":"block scanned"}
{"level":30,"time":1790808551019,"pid":20666,"hostname":"vm","msg":"  DAI>WETH@BaseSwap WETH>DAI@UniswapV3/500 in=0.2208 DAI gap=37.9bps profit=$0.000 net=$-0.002"}
{"level":30,"time":1790808551019,"pid":20666,"hostname":"vm","msg":"  VIRTUAL>WETH@PancakeV3/100 WETH>VIRTUAL@UniswapV3/500 in=0.5603 VIRTUAL gap=7.5bps profit=$0.000 net=$-0.003"}
{"level":30,"time":1790808551019,"pid":20666,"hostname":"vm","msg":"  DAI>WETH@BaseSwap WETH>DAI@PancakeV3/500 in=0.02725 DAI gap=31.7bps profit=$0.000 net=$-0.003"}
{"level":30,"time":1790808551019,"pid":20666,"hostname":"vm","msg":"  WETH>USDC@AerodromeCL2/50 USDC>cbBTC@PancakeV3/100 cbBTC>WETH@AerodromeCL2/200 in=0.0007191 WETH gap=17.9bps profit=$0.001 net=$-0.004"}
{"level":30,"time":1790808551019,"pid":20666,"hostname":"vm","msg":"  WETH>cbBTC@AerodromeCL/1 cbBTC>WETH@AerodromeCL2/200 in=0.0005995 WETH gap=49.3bps profit=$0.001 net=$-0.002"}
{"level":30,"time":1790808554681,"pid":20666,"hostname":"vm","block":52009602,"gross":182,"net":0,"sumNetUsd":0,"gasPriceGwei":0.006,"txCostUsd":0.004,"syncMs":1881,"searchMs":136,"msg":"block scanned"}
{"level":30,"time":1790808554681,"pid":20666,"hostname":"vm","msg":"  DAI>WETH@BaseSwap WETH>DAI@UniswapV3/500 in=0.2208 DAI gap=37.9bps profit=$0.000 net=$-0.002"}
{"level":30,"time":1790808554681,"pid":20666,"hostname":"vm","msg":"  VIRTUAL>WETH@PancakeV3/100 WETH>VIRTUAL@UniswapV3/500 in=0.5603 VIRTUAL gap=7.5bps profit=$0.000 net=$-0.003"}
{"level":30,"time":1790808554681,"pid":20666,"hostname":"vm","msg":"  DAI>WETH@BaseSwap WETH>DAI@PancakeV3/500 in=0.02725 DAI gap=31.7bps profit=$0.000 net=$-0.003"}
{"level":30,"time":1790808554681,"pid":20666,"hostname":"vm","msg":"  WETH>USDC@AerodromeCL2/50 USDC>cbBTC@PancakeV3/100 cbBTC>WETH@AerodromeCL2/200 in=0.0007191 WETH gap=17.9bps profit=$0.001 net=$-0.004"}
{"level":30,"time":1790808554681,"pid":20666,"hostname":"vm","msg":"  WETH>cbBTC@AerodromeCL/1 cbBTC>WETH@AerodromeCL2/200 in=0.0005995 WETH gap=49.3bps profit=$0.001 net=$-0.002"}
{"level":30,"time":1790808558946,"pid":20666,"hostname":"vm","block":52009604,"gross":182,"net":0,"sumNetUsd":0,"gasPriceGwei":0.006,"txCostUsd":0.004,"syncMs":1869,"searchMs":132,"msg":"block scanned"}
{"level":30,"time":1790808558946,"pid":20666,"hostname":"vm","msg":"  DAI>WETH@BaseSwap WETH>DAI@UniswapV3/500 in=0.2208 DAI gap=37.9bps profit=$0.000 net=$-0.002"}
{"level":30,"time":1790808558946,"pid":20666,"hostname":"vm","msg":"  VIRTUAL>WETH@PancakeV3/100 WETH>VIRTUAL@UniswapV3/500 in=0.5603 VIRTUAL gap=7.5bps profit=$0.000 net=$-0.003"}
{"level":30,"time":1790808558946,"pid":20666,"hostname":"vm","msg":"  DAI>WETH@BaseSwap WETH>DAI@PancakeV3/500 in=0.02725 DAI gap=31.7bps profit=$0.000 net=$-0.003"}
{"level":30,"time":1790808558946,"pid":20666,"hostname":"vm","msg":"  WETH>USDC@AerodromeCL2/50 USDC>cbBTC@PancakeV3/100 cbBTC>WETH@AerodromeCL2/200 in=0.0007191 WETH gap=17.8bps profit=$0.001 net=$-0.004"}
{"level":30,"time":1790808558946,"pid":20666,"hostname":"vm","msg":"  WETH>cbBTC@AerodromeCL/1 cbBTC>WETH@AerodromeCL2/200 in=0.0005995 WETH gap=49.3bps profit=$0.001 net=$-0.002"}

[exit-flush] SIGTERM received at 2026-09-30T22:49:20.037Z; flushing for 5 s then exiting 143
{"level":30,"time":1790808562659,"pid":20666,"hostname":"vm","block":52009606,"gross":189,"net":0,"sumNetUsd":0,"gasPriceGwei":0.006,"txCostUsd":0.004,"syncMs":1549,"searchMs":134,"msg":"block scanned"}
{"level":30,"time":1790808562660,"pid":20666,"hostname":"vm","msg":"  DAI>WETH@BaseSwap WETH>DAI@UniswapV3/500 in=0.2208 DAI gap=37.9bps profit=$0.000 net=$-0.002"}
{"level":30,"time":1790808562660,"pid":20666,"hostname":"vm","msg":"  VIRTUAL>USDC@UniswapV3/500 USDC>VIRTUAL@PancakeV3/500 in=0.1643 VIRTUAL gap=12.9bps profit=$0.000 net=$-0.003"}
{"level":30,"time":1790808562660,"pid":20666,"hostname":"vm","msg":"  DAI>WETH@BaseSwap WETH>DAI@PancakeV3/500 in=0.02725 DAI gap=31.7bps profit=$0.000 net=$-0.003"}
{"level":30,"time":1790808562660,"pid":20666,"hostname":"vm","msg":"  WETH>cbBTC@AerodromeCL/1 cbBTC>USDC@AerodromeCL2/1 USDC>WETH@UniswapV3/100 in=0.002271 WETH gap=9bps profit=$0.001 net=$-0.003"}
{"level":30,"time":1790808562660,"pid":20666,"hostname":"vm","msg":"  WETH>USDC@AerodromeCL2/50 USDC>cbBTC@PancakeV3/100 cbBTC>WETH@AerodromeCL2/200 in=0.0007191 WETH gap=18.2bps profit=$0.001 net=$-0.004"}
exit=143 capped=1
