# 2026-10-01T01:04:58Z attempt 1 cmd: LOG_JSON=1 node --import tsx --import /home/user/dapparb/research-material/07-other-chains-engine/collect/exit-flush.mjs src/research/scan.ts --chain mainnet --universe top --blocks 151 --out /home/user/dapparb/research-material/07-other-chains-engine/collect/work/scan-mainnet-top.jsonl  (time cap 31 min after first scanned block)
{"level":30,"time":1790816700486,"pid":1070,"hostname":"vm","chain":"mainnet","tokens":12,"dexes":6,"msg":"discovering pools"}
{"level":40,"time":1790816726946,"pid":1070,"hostname":"vm","status":429,"url":"https://api.geckoterminal.com/api/v2/networks/eth/dexes/uniswap-v3/pools?page=1&sort=h24_volume_usd_desc","msg":"geckoterminal request failed"}
{"level":40,"time":1790816742082,"pid":1070,"hostname":"vm","status":429,"url":"https://api.geckoterminal.com/api/v2/networks/eth/dexes/uniswap-v3/pools?page=2&sort=h24_volume_usd_desc","msg":"geckoterminal request failed"}
{"level":40,"time":1790816757167,"pid":1070,"hostname":"vm","status":429,"url":"https://api.geckoterminal.com/api/v2/networks/eth/dexes/uniswap-v3/pools?page=3&sort=h24_volume_usd_desc","msg":"geckoterminal request failed"}
{"level":40,"time":1790816792084,"pid":1070,"hostname":"vm","status":429,"url":"https://api.geckoterminal.com/api/v2/networks/eth/dexes/sushiswap-v3-ethereum/pools?page=3&sort=h24_volume_usd_desc","msg":"geckoterminal request failed"}
{"level":40,"time":1790816829177,"pid":1070,"hostname":"vm","status":404,"url":"https://api.geckoterminal.com/api/v2/networks/eth/dexes/uniswap-v2/pools?page=1&sort=h24_volume_usd_desc","msg":"geckoterminal request failed"}
{"level":40,"time":1790816829305,"pid":1070,"hostname":"vm","status":404,"url":"https://api.geckoterminal.com/api/v2/networks/eth/dexes/uniswap-v2/pools?page=2&sort=h24_volume_usd_desc","msg":"geckoterminal request failed"}
{"level":40,"time":1790816829597,"pid":1070,"hostname":"vm","status":404,"url":"https://api.geckoterminal.com/api/v2/networks/eth/dexes/uniswap-v2/pools?page=3&sort=h24_volume_usd_desc","msg":"geckoterminal request failed"}
{"level":30,"time":1790816851584,"pid":1070,"hostname":"vm","requests":20,"pools":256,"msg":"geckoterminal pools fetched"}
{"level":30,"time":1790816852093,"pid":1070,"hostname":"vm","topPools":256,"newTokens":150,"msg":"token universe built"}
{"level":30,"time":1790816853319,"pid":1070,"hostname":"vm","candidates":5490,"found":1001,"msg":"pool discovery complete"}
{"level":40,"time":1790816859861,"pid":1070,"hostname":"vm","status":404,"url":"https://api.geckoterminal.com/api/v2/networks/eth/dexes/uniswap-v3/pools?page=1&sort=h24_volume_usd_desc","msg":"geckoterminal request failed"}
{"level":40,"time":1790816859961,"pid":1070,"hostname":"vm","status":404,"url":"https://api.geckoterminal.com/api/v2/networks/eth/dexes/uniswap-v3/pools?page=2&sort=h24_volume_usd_desc","msg":"geckoterminal request failed"}
{"level":40,"time":1790816875068,"pid":1070,"hostname":"vm","status":429,"url":"https://api.geckoterminal.com/api/v2/networks/eth/dexes/sushiswap-v3-ethereum/pools?page=1&sort=h24_volume_usd_desc","msg":"geckoterminal request failed"}
{"level":40,"time":1790816912126,"pid":1070,"hostname":"vm","status":404,"url":"https://api.geckoterminal.com/api/v2/networks/eth/dexes/uniswap-v2/pools?page=1&sort=h24_volume_usd_desc","msg":"geckoterminal request failed"}
{"level":40,"time":1790816927362,"pid":1070,"hostname":"vm","status":404,"url":"https://api.geckoterminal.com/api/v2/networks/eth/dexes/uniswap-v2/pools?page=2&sort=h24_volume_usd_desc","msg":"geckoterminal request failed"}
{"level":30,"time":1790816947337,"pid":1070,"hostname":"vm","requests":13,"pools":158,"msg":"geckoterminal pools fetched"}
{"level":30,"time":1790816947337,"pid":1070,"hostname":"vm","listed":158,"v4":18,"dexes":["uniswap-v4-ethereum"],"msg":"uniswap v4 candidates"}
{"level":30,"time":1790816947740,"pid":1070,"hostname":"vm","listed":18,"kept":14,"keyFailed":0,"unknownKey":0,"hooked":4,"outOfUniverse":0,"msg":"uniswap v4 pools discovered"}
{"level":30,"time":1790816960416,"pid":1070,"hostname":"vm","live":367,"byDex":{"UniswapV3":160,"SushiV3":26,"PancakeV3":33,"UniswapV2":66,"SushiV2":64,"PancakeV2":4,"UniswapV4":14},"msg":"live pools"}
{"level":30,"time":1790816968771,"pid":1070,"hostname":"vm","block":26094082,"gross":90,"net":0,"sumNetUsd":0,"gasPriceGwei":0.08331633,"txCostUsd":0.0559,"syncMs":7944,"searchMs":127,"msg":"block scanned"}
{"level":30,"time":1790816968771,"pid":1070,"hostname":"vm","msg":"  DOGEGF>WETH@SushiV2 WETH>DOGEGF@UniswapV3/500 in=1.551e+11 DOGEGF gap=58.5bps profit=$0.007 net=$-0.029"}
{"level":30,"time":1790816968771,"pid":1070,"hostname":"vm","msg":"  DOGEGF>WETH@UniswapV2 WETH>DOGEGF@UniswapV3/500 in=8.694e+10 DOGEGF gap=44.6bps profit=$0.002 net=$-0.034"}
{"level":30,"time":1790816968771,"pid":1070,"hostname":"vm","msg":"  SPC>WETH@SushiV3/3000 WETH>SPC@UniswapV2 in=110.4 SPC gap=101.6bps profit=$0.002 net=$-0.034"}
{"level":30,"time":1790816968771,"pid":1070,"hostname":"vm","msg":"  IMX>WETH@SushiV2 WETH>IMX@UniswapV2 in=19.66 IMX gap=98.9bps profit=$0.006 net=$-0.019"}
{"level":30,"time":1790816968771,"pid":1070,"hostname":"vm","msg":"  IMX>WETH@SushiV2 WETH>IMX@UniswapV3/3000 in=15.59 IMX gap=84.4bps profit=$0.003 net=$-0.033"}
{"level":30,"time":1790816969581,"pid":1070,"hostname":"vm","block":26094083,"gross":90,"net":0,"sumNetUsd":0,"gasPriceGwei":0.08331633,"txCostUsd":0.0559,"syncMs":311,"searchMs":139,"msg":"block scanned"}
{"level":30,"time":1790816969581,"pid":1070,"hostname":"vm","msg":"  DOGEGF>WETH@SushiV2 WETH>DOGEGF@UniswapV3/500 in=1.551e+11 DOGEGF gap=58.5bps profit=$0.007 net=$-0.029"}
{"level":30,"time":1790816969581,"pid":1070,"hostname":"vm","msg":"  DOGEGF>WETH@UniswapV2 WETH>DOGEGF@UniswapV3/500 in=8.694e+10 DOGEGF gap=44.6bps profit=$0.002 net=$-0.034"}
{"level":30,"time":1790816969581,"pid":1070,"hostname":"vm","msg":"  SPC>WETH@SushiV3/3000 WETH>SPC@UniswapV2 in=110.4 SPC gap=101.6bps profit=$0.002 net=$-0.034"}
{"level":30,"time":1790816969581,"pid":1070,"hostname":"vm","msg":"  IMX>WETH@SushiV2 WETH>IMX@UniswapV2 in=19.66 IMX gap=98.9bps profit=$0.006 net=$-0.019"}
{"level":30,"time":1790816969581,"pid":1070,"hostname":"vm","msg":"  IMX>WETH@SushiV2 WETH>IMX@UniswapV3/3000 in=15.59 IMX gap=84.4bps profit=$0.003 net=$-0.033"}
{"level":30,"time":1790816985032,"pid":1070,"hostname":"vm","block":26094084,"gross":87,"net":0,"sumNetUsd":0,"gasPriceGwei":0.075573115,"txCostUsd":0.0507,"syncMs":936,"searchMs":150,"msg":"block scanned"}
{"level":30,"time":1790816985033,"pid":1070,"hostname":"vm","msg":"  DOGEGF>WETH@SushiV2 WETH>DOGEGF@UniswapV3/500 in=1.551e+11 DOGEGF gap=58.5bps profit=$0.007 net=$-0.025"}
{"level":30,"time":1790816985033,"pid":1070,"hostname":"vm","msg":"  DOGEGF>WETH@UniswapV2 WETH>DOGEGF@UniswapV3/500 in=8.694e+10 DOGEGF gap=44.6bps profit=$0.002 net=$-0.031"}
{"level":30,"time":1790816985033,"pid":1070,"hostname":"vm","msg":"  SPC>WETH@SushiV3/3000 WETH>SPC@UniswapV2 in=110.4 SPC gap=101.6bps profit=$0.002 net=$-0.031"}
{"level":30,"time":1790816985033,"pid":1070,"hostname":"vm","msg":"  IMX>WETH@SushiV2 WETH>IMX@UniswapV2 in=19.66 IMX gap=98.9bps profit=$0.006 net=$-0.017"}
{"level":30,"time":1790816985033,"pid":1070,"hostname":"vm","msg":"  IMX>WETH@SushiV2 WETH>IMX@UniswapV3/3000 in=15.59 IMX gap=84.4bps profit=$0.003 net=$-0.029"}
{"level":30,"time":1790816998658,"pid":1070,"hostname":"vm","block":26094085,"gross":86,"net":0,"sumNetUsd":0,"gasPriceGwei":0.083254333,"txCostUsd":0.0559,"syncMs":915,"searchMs":147,"msg":"block scanned"}
{"level":30,"time":1790816998658,"pid":1070,"hostname":"vm","msg":"  DOGEGF>WETH@SushiV2 WETH>DOGEGF@UniswapV3/500 in=1.551e+11 DOGEGF gap=58.5bps profit=$0.007 net=$-0.029"}
{"level":30,"time":1790816998658,"pid":1070,"hostname":"vm","msg":"  DOGEGF>WETH@UniswapV2 WETH>DOGEGF@UniswapV3/500 in=8.694e+10 DOGEGF gap=44.6bps profit=$0.002 net=$-0.034"}
{"level":30,"time":1790816998658,"pid":1070,"hostname":"vm","msg":"  SPC>WETH@SushiV3/3000 WETH>SPC@UniswapV2 in=110.4 SPC gap=101.6bps profit=$0.002 net=$-0.034"}
{"level":30,"time":1790816998658,"pid":1070,"hostname":"vm","msg":"  IMX>WETH@SushiV2 WETH>IMX@UniswapV2 in=19.66 IMX gap=98.9bps profit=$0.006 net=$-0.019"}
{"level":30,"time":1790816998658,"pid":1070,"hostname":"vm","msg":"  IMX>WETH@SushiV2 WETH>IMX@UniswapV3/3000 in=15.59 IMX gap=84.4bps profit=$0.003 net=$-0.033"}
{"level":30,"time":1790817017320,"pid":1070,"hostname":"vm","block":26094086,"gross":83,"net":0,"sumNetUsd":0,"gasPriceGwei":0.082314988,"txCostUsd":0.0552,"syncMs":4430,"searchMs":136,"msg":"block scanned"}
{"level":30,"time":1790817017321,"pid":1070,"hostname":"vm","msg":"  DOGEGF>WETH@SushiV2 WETH>DOGEGF@UniswapV3/500 in=1.551e+11 DOGEGF gap=58.5bps profit=$0.007 net=$-0.028"}
{"level":30,"time":1790817017321,"pid":1070,"hostname":"vm","msg":"  DOGEGF>WETH@UniswapV2 WETH>DOGEGF@UniswapV3/500 in=8.694e+10 DOGEGF gap=44.6bps profit=$0.002 net=$-0.034"}
{"level":30,"time":1790817017321,"pid":1070,"hostname":"vm","msg":"  SPC>WETH@SushiV3/3000 WETH>SPC@UniswapV2 in=110.4 SPC gap=101.6bps profit=$0.002 net=$-0.034"}
{"level":30,"time":1790817017321,"pid":1070,"hostname":"vm","msg":"  IMX>WETH@SushiV2 WETH>IMX@UniswapV2 in=19.66 IMX gap=98.9bps profit=$0.006 net=$-0.019"}
{"level":30,"time":1790817017321,"pid":1070,"hostname":"vm","msg":"  IMX>WETH@SushiV2 WETH>IMX@UniswapV3/3000 in=15.59 IMX gap=84.4bps profit=$0.003 net=$-0.032"}
{"level":30,"time":1790817018370,"pid":1070,"hostname":"vm","block":26094087,"gross":91,"net":0,"sumNetUsd":0,"gasPriceGwei":0.082314988,"txCostUsd":0.0552,"syncMs":464,"searchMs":143,"msg":"block scanned"}
{"level":30,"time":1790817018370,"pid":1070,"hostname":"vm","msg":"  DOGEGF>WETH@SushiV2 WETH>DOGEGF@UniswapV3/500 in=1.551e+11 DOGEGF gap=58.5bps profit=$0.007 net=$-0.028"}
{"level":30,"time":1790817018370,"pid":1070,"hostname":"vm","msg":"  DOGEGF>WETH@UniswapV2 WETH>DOGEGF@UniswapV3/500 in=8.694e+10 DOGEGF gap=44.6bps profit=$0.002 net=$-0.034"}
{"level":30,"time":1790817018370,"pid":1070,"hostname":"vm","msg":"  SPC>WETH@SushiV3/3000 WETH>SPC@UniswapV2 in=110.4 SPC gap=101.6bps profit=$0.002 net=$-0.034"}
{"level":30,"time":1790817018370,"pid":1070,"hostname":"vm","msg":"  IMX>WETH@SushiV2 WETH>IMX@UniswapV2 in=19.66 IMX gap=98.9bps profit=$0.006 net=$-0.019"}
{"level":30,"time":1790817018370,"pid":1070,"hostname":"vm","msg":"  IMX>WETH@SushiV2 WETH>IMX@UniswapV3/3000 in=15.59 IMX gap=84.4bps profit=$0.003 net=$-0.032"}
{"level":30,"time":1790817036602,"pid":1070,"hostname":"vm","block":26094088,"gross":91,"net":0,"sumNetUsd":0,"gasPriceGwei":0.085368041,"txCostUsd":0.0573,"syncMs":1078,"searchMs":152,"msg":"block scanned"}
{"level":30,"time":1790817036602,"pid":1070,"hostname":"vm","msg":"  DOGEGF>WETH@SushiV2 WETH>DOGEGF@UniswapV3/500 in=1.551e+11 DOGEGF gap=58.5bps profit=$0.007 net=$-0.030"}
{"level":30,"time":1790817036602,"pid":1070,"hostname":"vm","msg":"  DOGEGF>WETH@UniswapV2 WETH>DOGEGF@UniswapV3/500 in=8.694e+10 DOGEGF gap=44.6bps profit=$0.002 net=$-0.035"}
{"level":30,"time":1790817036602,"pid":1070,"hostname":"vm","msg":"  SPC>WETH@SushiV3/3000 WETH>SPC@UniswapV2 in=110.4 SPC gap=101.6bps profit=$0.002 net=$-0.035"}
{"level":30,"time":1790817036602,"pid":1070,"hostname":"vm","msg":"  IMX>WETH@SushiV2 WETH>IMX@UniswapV2 in=19.66 IMX gap=98.9bps profit=$0.006 net=$-0.020"}
{"level":30,"time":1790817036602,"pid":1070,"hostname":"vm","msg":"  IMX>WETH@SushiV2 WETH>IMX@UniswapV3/3000 in=15.59 IMX gap=84.4bps profit=$0.003 net=$-0.034"}
{"level":30,"time":1790817042163,"pid":1070,"hostname":"vm","block":26094089,"gross":80,"net":0,"sumNetUsd":0,"gasPriceGwei":0.082496529,"txCostUsd":0.0554,"syncMs":1111,"searchMs":134,"msg":"block scanned"}
{"level":30,"time":1790817042163,"pid":1070,"hostname":"vm","msg":"  DOGEGF>WETH@SushiV2 WETH>DOGEGF@UniswapV3/500 in=1.551e+11 DOGEGF gap=58.5bps profit=$0.007 net=$-0.028"}
{"level":30,"time":1790817042163,"pid":1070,"hostname":"vm","msg":"  DOGEGF>WETH@UniswapV2 WETH>DOGEGF@UniswapV3/500 in=8.694e+10 DOGEGF gap=44.6bps profit=$0.002 net=$-0.034"}
{"level":30,"time":1790817042163,"pid":1070,"hostname":"vm","msg":"  SPC>WETH@SushiV3/3000 WETH>SPC@UniswapV2 in=110.4 SPC gap=101.6bps profit=$0.002 net=$-0.034"}
{"level":30,"time":1790817042163,"pid":1070,"hostname":"vm","msg":"  IMX>WETH@SushiV2 WETH>IMX@UniswapV2 in=19.66 IMX gap=98.9bps profit=$0.006 net=$-0.019"}
{"level":30,"time":1790817042163,"pid":1070,"hostname":"vm","msg":"  IMX>WETH@SushiV2 WETH>IMX@UniswapV3/3000 in=15.59 IMX gap=84.4bps profit=$0.003 net=$-0.032"}
{"level":30,"time":1790817057639,"pid":1070,"hostname":"vm","block":26094090,"gross":80,"net":0,"sumNetUsd":0,"gasPriceGwei":0.081650007,"txCostUsd":0.0548,"syncMs":3098,"searchMs":160,"msg":"block scanned"}
{"level":30,"time":1790817057639,"pid":1070,"hostname":"vm","msg":"  DOGEGF>WETH@SushiV2 WETH>DOGEGF@UniswapV3/500 in=1.551e+11 DOGEGF gap=58.5bps profit=$0.007 net=$-0.028"}
{"level":30,"time":1790817057639,"pid":1070,"hostname":"vm","msg":"  DOGEGF>WETH@UniswapV2 WETH>DOGEGF@UniswapV3/500 in=8.694e+10 DOGEGF gap=44.6bps profit=$0.002 net=$-0.033"}
{"level":30,"time":1790817057639,"pid":1070,"hostname":"vm","msg":"  SPC>WETH@SushiV3/3000 WETH>SPC@UniswapV2 in=110.4 SPC gap=101.6bps profit=$0.002 net=$-0.033"}
{"level":30,"time":1790817057639,"pid":1070,"hostname":"vm","msg":"  IMX>WETH@SushiV2 WETH>IMX@UniswapV2 in=19.66 IMX gap=98.9bps profit=$0.006 net=$-0.019"}
{"level":30,"time":1790817057639,"pid":1070,"hostname":"vm","msg":"  IMX>WETH@SushiV2 WETH>IMX@UniswapV3/3000 in=15.59 IMX gap=84.4bps profit=$0.003 net=$-0.032"}
{"level":30,"time":1790817068501,"pid":1070,"hostname":"vm","block":26094091,"gross":79,"net":0,"sumNetUsd":0,"gasPriceGwei":0.078098871,"txCostUsd":0.0524,"syncMs":969,"searchMs":162,"msg":"block scanned"}
{"level":30,"time":1790817068502,"pid":1070,"hostname":"vm","msg":"  DOGEGF>WETH@SushiV2 WETH>DOGEGF@UniswapV3/500 in=1.003e+11 DOGEGF gap=50.2bps profit=$0.003 net=$-0.031"}
{"level":30,"time":1790817068502,"pid":1070,"hostname":"vm","msg":"  DOGEGF>WETH@UniswapV2 WETH>DOGEGF@UniswapV3/500 in=1.174e+10 DOGEGF gap=36.4bps profit=$0.000 net=$-0.034"}
{"level":30,"time":1790817068502,"pid":1070,"hostname":"vm","msg":"  SPC>WETH@SushiV3/3000 WETH>SPC@UniswapV2 in=110.4 SPC gap=101.6bps profit=$0.002 net=$-0.032"}
{"level":30,"time":1790817068502,"pid":1070,"hostname":"vm","msg":"  IMX>WETH@SushiV2 WETH>IMX@UniswapV2 in=19.66 IMX gap=98.9bps profit=$0.006 net=$-0.018"}
{"level":30,"time":1790817068502,"pid":1070,"hostname":"vm","msg":"  IMX>WETH@SushiV2 WETH>IMX@UniswapV3/3000 in=15.59 IMX gap=84.4bps profit=$0.003 net=$-0.030"}
{"level":30,"time":1790817084590,"pid":1070,"hostname":"vm","block":26094092,"gross":74,"net":0,"sumNetUsd":0,"gasPriceGwei":0.078255531,"txCostUsd":0.0525,"syncMs":2314,"searchMs":144,"msg":"block scanned"}
{"level":30,"time":1790817084590,"pid":1070,"hostname":"vm","msg":"  DOGEGF>WETH@SushiV2 WETH>DOGEGF@UniswapV3/500 in=1.003e+11 DOGEGF gap=50.2bps profit=$0.003 net=$-0.031"}
{"level":30,"time":1790817084590,"pid":1070,"hostname":"vm","msg":"  DOGEGF>WETH@UniswapV2 WETH>DOGEGF@UniswapV3/500 in=1.174e+10 DOGEGF gap=36.4bps profit=$0.000 net=$-0.034"}
{"level":30,"time":1790817084590,"pid":1070,"hostname":"vm","msg":"  SPC>WETH@SushiV3/3000 WETH>SPC@UniswapV2 in=110.4 SPC gap=101.6bps profit=$0.002 net=$-0.032"}
{"level":30,"time":1790817084590,"pid":1070,"hostname":"vm","msg":"  IMX>WETH@SushiV2 WETH>IMX@UniswapV2 in=19.66 IMX gap=98.9bps profit=$0.006 net=$-0.018"}
{"level":30,"time":1790817084590,"pid":1070,"hostname":"vm","msg":"  IMX>WETH@SushiV2 WETH>IMX@UniswapV3/3000 in=15.59 IMX gap=84.4bps profit=$0.003 net=$-0.030"}
{"level":30,"time":1790817090173,"pid":1070,"hostname":"vm","block":26094093,"gross":74,"net":0,"sumNetUsd":0,"gasPriceGwei":0.077647233,"txCostUsd":0.0521,"syncMs":1063,"searchMs":129,"msg":"block scanned"}
{"level":30,"time":1790817090173,"pid":1070,"hostname":"vm","msg":"  DOGEGF>WETH@SushiV2 WETH>DOGEGF@UniswapV3/500 in=1.003e+11 DOGEGF gap=50.2bps profit=$0.003 net=$-0.030"}
{"level":30,"time":1790817090173,"pid":1070,"hostname":"vm","msg":"  DOGEGF>WETH@UniswapV2 WETH>DOGEGF@UniswapV3/500 in=1.174e+10 DOGEGF gap=36.4bps profit=$0.000 net=$-0.033"}
{"level":30,"time":1790817090173,"pid":1070,"hostname":"vm","msg":"  SPC>WETH@SushiV3/3000 WETH>SPC@UniswapV2 in=110.4 SPC gap=101.6bps profit=$0.002 net=$-0.032"}
{"level":30,"time":1790817090173,"pid":1070,"hostname":"vm","msg":"  IMX>WETH@SushiV2 WETH>IMX@UniswapV2 in=19.66 IMX gap=98.9bps profit=$0.006 net=$-0.017"}
{"level":30,"time":1790817090173,"pid":1070,"hostname":"vm","msg":"  IMX>WETH@SushiV2 WETH>IMX@UniswapV3/3000 in=15.59 IMX gap=84.4bps profit=$0.003 net=$-0.030"}
{"level":30,"time":1790817107924,"pid":1070,"hostname":"vm","block":26094094,"gross":74,"net":0,"sumNetUsd":0,"gasPriceGwei":0.076036884,"txCostUsd":0.051,"syncMs":3387,"searchMs":148,"msg":"block scanned"}
{"level":30,"time":1790817107924,"pid":1070,"hostname":"vm","msg":"  DOGEGF>WETH@SushiV2 WETH>DOGEGF@UniswapV3/500 in=1.003e+11 DOGEGF gap=50.2bps profit=$0.003 net=$-0.030"}
{"level":30,"time":1790817107924,"pid":1070,"hostname":"vm","msg":"  DOGEGF>WETH@UniswapV2 WETH>DOGEGF@UniswapV3/500 in=1.174e+10 DOGEGF gap=36.4bps profit=$0.000 net=$-0.033"}
{"level":30,"time":1790817107924,"pid":1070,"hostname":"vm","msg":"  SPC>WETH@SushiV3/3000 WETH>SPC@UniswapV2 in=110.4 SPC gap=101.6bps profit=$0.002 net=$-0.031"}
{"level":30,"time":1790817107924,"pid":1070,"hostname":"vm","msg":"  IMX>WETH@SushiV2 WETH>IMX@UniswapV2 in=19.66 IMX gap=98.9bps profit=$0.006 net=$-0.017"}
{"level":30,"time":1790817107924,"pid":1070,"hostname":"vm","msg":"  IMX>WETH@SushiV2 WETH>IMX@UniswapV3/3000 in=15.59 IMX gap=84.4bps profit=$0.003 net=$-0.030"}
{"level":30,"time":1790817112849,"pid":1070,"hostname":"vm","block":26094095,"gross":74,"net":0,"sumNetUsd":0,"gasPriceGwei":0.07464661,"txCostUsd":0.0501,"syncMs":1742,"searchMs":135,"msg":"block scanned"}
{"level":30,"time":1790817112849,"pid":1070,"hostname":"vm","msg":"  DOGEGF>WETH@SushiV2 WETH>DOGEGF@UniswapV3/500 in=1.003e+11 DOGEGF gap=50.2bps profit=$0.003 net=$-0.029"}
{"level":30,"time":1790817112849,"pid":1070,"hostname":"vm","msg":"  DOGEGF>WETH@UniswapV2 WETH>DOGEGF@UniswapV3/500 in=1.174e+10 DOGEGF gap=36.4bps profit=$0.000 net=$-0.032"}
{"level":30,"time":1790817112849,"pid":1070,"hostname":"vm","msg":"  SPC>WETH@SushiV3/3000 WETH>SPC@UniswapV2 in=110.4 SPC gap=101.6bps profit=$0.002 net=$-0.030"}
{"level":30,"time":1790817112849,"pid":1070,"hostname":"vm","msg":"  IMX>WETH@SushiV2 WETH>IMX@UniswapV2 in=16.91 IMX gap=93.5bps profit=$0.005 net=$-0.018"}
{"level":30,"time":1790817112849,"pid":1070,"hostname":"vm","msg":"  IMX>WETH@SushiV2 WETH>IMX@UniswapV3/3000 in=12.10 IMX gap=79bps profit=$0.002 net=$-0.030"}
{"level":30,"time":1790817124437,"pid":1070,"hostname":"vm","block":26094096,"gross":74,"net":0,"sumNetUsd":0,"gasPriceGwei":0.074993832,"txCostUsd":0.0503,"syncMs":399,"searchMs":142,"msg":"block scanned"}
{"level":30,"time":1790817124437,"pid":1070,"hostname":"vm","msg":"  DOGEGF>WETH@SushiV2 WETH>DOGEGF@UniswapV3/500 in=1.003e+11 DOGEGF gap=50.2bps profit=$0.003 net=$-0.029"}
{"level":30,"time":1790817124437,"pid":1070,"hostname":"vm","msg":"  DOGEGF>WETH@UniswapV2 WETH>DOGEGF@UniswapV3/500 in=1.174e+10 DOGEGF gap=36.4bps profit=$0.000 net=$-0.032"}
{"level":30,"time":1790817124437,"pid":1070,"hostname":"vm","msg":"  SPC>WETH@SushiV3/3000 WETH>SPC@UniswapV2 in=110.4 SPC gap=101.6bps profit=$0.002 net=$-0.031"}
{"level":30,"time":1790817124437,"pid":1070,"hostname":"vm","msg":"  IMX>WETH@SushiV2 WETH>IMX@UniswapV2 in=16.91 IMX gap=93.5bps profit=$0.005 net=$-0.018"}
{"level":30,"time":1790817124437,"pid":1070,"hostname":"vm","msg":"  IMX>WETH@SushiV2 WETH>IMX@UniswapV3/3000 in=12.10 IMX gap=79bps profit=$0.002 net=$-0.030"}
{"level":30,"time":1790817143154,"pid":1070,"hostname":"vm","block":26094097,"gross":74,"net":0,"sumNetUsd":0,"gasPriceGwei":0.07633611,"txCostUsd":0.0512,"syncMs":8715,"searchMs":117,"msg":"block scanned"}
{"level":30,"time":1790817143154,"pid":1070,"hostname":"vm","msg":"  DOGEGF>WETH@SushiV2 WETH>DOGEGF@UniswapV3/500 in=1.003e+11 DOGEGF gap=50.2bps profit=$0.003 net=$-0.030"}
{"level":30,"time":1790817143154,"pid":1070,"hostname":"vm","msg":"  DOGEGF>WETH@UniswapV2 WETH>DOGEGF@UniswapV3/500 in=1.174e+10 DOGEGF gap=36.4bps profit=$0.000 net=$-0.033"}
{"level":30,"time":1790817143154,"pid":1070,"hostname":"vm","msg":"  SPC>WETH@SushiV3/3000 WETH>SPC@UniswapV2 in=110.4 SPC gap=101.6bps profit=$0.002 net=$-0.031"}
{"level":30,"time":1790817143154,"pid":1070,"hostname":"vm","msg":"  IMX>WETH@SushiV2 WETH>IMX@UniswapV2 in=16.91 IMX gap=93.5bps profit=$0.005 net=$-0.019"}
{"level":30,"time":1790817143154,"pid":1070,"hostname":"vm","msg":"  IMX>WETH@SushiV2 WETH>IMX@UniswapV3/3000 in=12.10 IMX gap=79bps profit=$0.002 net=$-0.031"}
{"level":30,"time":1790817150348,"pid":1070,"hostname":"vm","block":26094098,"gross":70,"net":0,"sumNetUsd":0,"gasPriceGwei":0.074423082,"txCostUsd":0.0499,"syncMs":355,"searchMs":158,"msg":"block scanned"}
{"level":30,"time":1790817150348,"pid":1070,"hostname":"vm","msg":"  DOGEGF>WETH@SushiV2 WETH>DOGEGF@UniswapV3/500 in=1.003e+11 DOGEGF gap=50.2bps profit=$0.003 net=$-0.029"}
{"level":30,"time":1790817150348,"pid":1070,"hostname":"vm","msg":"  DOGEGF>WETH@UniswapV2 WETH>DOGEGF@UniswapV3/500 in=1.174e+10 DOGEGF gap=36.4bps profit=$0.000 net=$-0.032"}
{"level":30,"time":1790817150348,"pid":1070,"hostname":"vm","msg":"  SPC>WETH@SushiV3/3000 WETH>SPC@UniswapV2 in=110.4 SPC gap=101.6bps profit=$0.002 net=$-0.030"}
{"level":30,"time":1790817150348,"pid":1070,"hostname":"vm","msg":"  IMX>WETH@SushiV2 WETH>IMX@UniswapV2 in=16.91 IMX gap=93.5bps profit=$0.005 net=$-0.018"}
{"level":30,"time":1790817150348,"pid":1070,"hostname":"vm","msg":"  IMX>WETH@SushiV2 WETH>IMX@UniswapV3/3000 in=12.10 IMX gap=79bps profit=$0.002 net=$-0.030"}
{"level":30,"time":1790817157421,"pid":1070,"hostname":"vm","block":26094099,"gross":70,"net":0,"sumNetUsd":0,"gasPriceGwei":0.083527432,"txCostUsd":0.0561,"syncMs":357,"searchMs":136,"msg":"block scanned"}
{"level":30,"time":1790817157421,"pid":1070,"hostname":"vm","msg":"  DOGEGF>WETH@SushiV2 WETH>DOGEGF@UniswapV3/500 in=1.003e+11 DOGEGF gap=50.2bps profit=$0.003 net=$-0.033"}
{"level":30,"time":1790817157421,"pid":1070,"hostname":"vm","msg":"  DOGEGF>WETH@UniswapV2 WETH>DOGEGF@UniswapV3/500 in=1.174e+10 DOGEGF gap=36.4bps profit=$0.000 net=$-0.036"}
{"level":30,"time":1790817157421,"pid":1070,"hostname":"vm","msg":"  SPC>WETH@SushiV3/3000 WETH>SPC@UniswapV2 in=110.4 SPC gap=101.6bps profit=$0.002 net=$-0.034"}
{"level":30,"time":1790817157421,"pid":1070,"hostname":"vm","msg":"  IMX>WETH@SushiV2 WETH>IMX@UniswapV2 in=16.91 IMX gap=93.5bps profit=$0.005 net=$-0.021"}
{"level":30,"time":1790817157421,"pid":1070,"hostname":"vm","msg":"  IMX>WETH@SushiV2 WETH>IMX@UniswapV3/3000 in=12.10 IMX gap=79bps profit=$0.002 net=$-0.034"}
{"level":30,"time":1790817171212,"pid":1070,"hostname":"vm","block":26094100,"gross":70,"net":0,"sumNetUsd":0,"gasPriceGwei":0.081051954,"txCostUsd":0.0544,"syncMs":477,"searchMs":108,"msg":"block scanned"}
{"level":30,"time":1790817171214,"pid":1070,"hostname":"vm","msg":"  DOGEGF>WETH@SushiV2 WETH>DOGEGF@UniswapV3/500 in=1.003e+11 DOGEGF gap=50.2bps profit=$0.003 net=$-0.032"}
{"level":30,"time":1790817171215,"pid":1070,"hostname":"vm","msg":"  DOGEGF>WETH@UniswapV2 WETH>DOGEGF@UniswapV3/500 in=1.174e+10 DOGEGF gap=36.4bps profit=$0.000 net=$-0.035"}
{"level":30,"time":1790817171215,"pid":1070,"hostname":"vm","msg":"  SPC>WETH@SushiV3/3000 WETH>SPC@UniswapV2 in=110.4 SPC gap=101.6bps profit=$0.002 net=$-0.033"}
{"level":30,"time":1790817171215,"pid":1070,"hostname":"vm","msg":"  IMX>WETH@SushiV2 WETH>IMX@UniswapV2 in=16.91 IMX gap=93.5bps profit=$0.005 net=$-0.020"}
{"level":30,"time":1790817171215,"pid":1070,"hostname":"vm","msg":"  IMX>WETH@SushiV2 WETH>IMX@UniswapV3/3000 in=12.10 IMX gap=79bps profit=$0.002 net=$-0.033"}
{"level":30,"time":1790817184572,"pid":1070,"hostname":"vm","block":26094101,"gross":104,"net":0,"sumNetUsd":0,"gasPriceGwei":0.072472854,"txCostUsd":0.0486,"syncMs":267,"searchMs":148,"msg":"block scanned"}
{"level":30,"time":1790817184572,"pid":1070,"hostname":"vm","msg":"  DOGEGF>WETH@SushiV2 WETH>DOGEGF@UniswapV3/500 in=1.003e+11 DOGEGF gap=50.2bps profit=$0.003 net=$-0.028"}
{"level":30,"time":1790817184572,"pid":1070,"hostname":"vm","msg":"  DOGEGF>WETH@UniswapV2 WETH>DOGEGF@UniswapV3/500 in=1.174e+10 DOGEGF gap=36.4bps profit=$0.000 net=$-0.031"}
{"level":30,"time":1790817184572,"pid":1070,"hostname":"vm","msg":"  SPC>WETH@SushiV3/3000 WETH>SPC@UniswapV2 in=110.4 SPC gap=101.6bps profit=$0.002 net=$-0.029"}
{"level":30,"time":1790817184572,"pid":1070,"hostname":"vm","msg":"  IMX>WETH@SushiV2 WETH>IMX@UniswapV2 in=16.91 IMX gap=93.5bps profit=$0.005 net=$-0.018"}
{"level":30,"time":1790817184572,"pid":1070,"hostname":"vm","msg":"  IMX>WETH@SushiV2 WETH>IMX@UniswapV3/3000 in=12.10 IMX gap=79bps profit=$0.002 net=$-0.029"}
{"level":30,"time":1790817197627,"pid":1070,"hostname":"vm","block":26094102,"gross":115,"net":0,"sumNetUsd":0,"gasPriceGwei":0.079798852,"txCostUsd":0.0536,"syncMs":262,"searchMs":168,"msg":"block scanned"}
{"level":30,"time":1790817197628,"pid":1070,"hostname":"vm","msg":"  DOGEGF>WETH@SushiV2 WETH>DOGEGF@UniswapV3/500 in=1.003e+11 DOGEGF gap=50.2bps profit=$0.003 net=$-0.031"}
{"level":30,"time":1790817197628,"pid":1070,"hostname":"vm","msg":"  DOGEGF>WETH@UniswapV2 WETH>DOGEGF@UniswapV3/500 in=1.174e+10 DOGEGF gap=36.4bps profit=$0.000 net=$-0.034"}
{"level":30,"time":1790817197628,"pid":1070,"hostname":"vm","msg":"  SPC>WETH@SushiV3/3000 WETH>SPC@UniswapV2 in=110.4 SPC gap=101.6bps profit=$0.002 net=$-0.033"}
{"level":30,"time":1790817197628,"pid":1070,"hostname":"vm","msg":"  IMX>WETH@UniswapV2 WETH>IMX@UniswapV3/3000 in=16.62 IMX gap=114.2bps profit=$0.007 net=$-0.027"}
{"level":30,"time":1790817197628,"pid":1070,"hostname":"vm","msg":"  SUSHI>WETH@UniswapV3/3000 WETH>SUSHI@SushiV3/100 in=3.695 SUSHI gap=69.1bps profit=$0.002 net=$-0.042"}
{"level":30,"time":1790817210978,"pid":1070,"hostname":"vm","block":26094103,"gross":105,"net":0,"sumNetUsd":0,"gasPriceGwei":0.081540765,"txCostUsd":0.0547,"syncMs":252,"searchMs":147,"msg":"block scanned"}
{"level":30,"time":1790817210978,"pid":1070,"hostname":"vm","msg":"  DOGEGF>WETH@SushiV2 WETH>DOGEGF@UniswapV3/500 in=1.003e+11 DOGEGF gap=50.2bps profit=$0.003 net=$-0.032"}
{"level":30,"time":1790817210978,"pid":1070,"hostname":"vm","msg":"  DOGEGF>WETH@UniswapV2 WETH>DOGEGF@UniswapV3/500 in=1.174e+10 DOGEGF gap=36.4bps profit=$0.000 net=$-0.035"}
{"level":30,"time":1790817210978,"pid":1070,"hostname":"vm","msg":"  SPC>WETH@SushiV3/3000 WETH>SPC@UniswapV2 in=110.4 SPC gap=101.6bps profit=$0.002 net=$-0.033"}
{"level":30,"time":1790817210978,"pid":1070,"hostname":"vm","msg":"  IMX>WETH@UniswapV2 WETH>IMX@UniswapV3/3000 in=16.62 IMX gap=114.2bps profit=$0.007 net=$-0.028"}
{"level":30,"time":1790817210978,"pid":1070,"hostname":"vm","msg":"  SUSHI>WETH@UniswapV3/3000 WETH>SUSHI@SushiV3/100 in=3.695 SUSHI gap=69.1bps profit=$0.002 net=$-0.043"}
{"level":30,"time":1790817217748,"pid":1070,"hostname":"vm","block":26094104,"gross":95,"net":0,"sumNetUsd":0,"gasPriceGwei":0.080480256,"txCostUsd":0.054,"syncMs":259,"searchMs":118,"msg":"block scanned"}
{"level":30,"time":1790817217748,"pid":1070,"hostname":"vm","msg":"  DOGEGF>WETH@SushiV2 WETH>DOGEGF@UniswapV3/500 in=1.003e+11 DOGEGF gap=50.2bps profit=$0.003 net=$-0.032"}
{"level":30,"time":1790817217748,"pid":1070,"hostname":"vm","msg":"  DOGEGF>WETH@UniswapV2 WETH>DOGEGF@UniswapV3/500 in=1.174e+10 DOGEGF gap=36.4bps profit=$0.000 net=$-0.035"}
{"level":30,"time":1790817217748,"pid":1070,"hostname":"vm","msg":"  SPC>WETH@SushiV3/3000 WETH>SPC@UniswapV2 in=110.4 SPC gap=101.6bps profit=$0.002 net=$-0.033"}
{"level":30,"time":1790817217748,"pid":1070,"hostname":"vm","msg":"  IMX>WETH@UniswapV2 WETH>IMX@UniswapV3/3000 in=16.62 IMX gap=114.2bps profit=$0.007 net=$-0.027"}
{"level":30,"time":1790817217748,"pid":1070,"hostname":"vm","msg":"  SUSHI>WETH@UniswapV3/3000 WETH>SUSHI@SushiV3/100 in=3.695 SUSHI gap=69.1bps profit=$0.002 net=$-0.043"}
{"level":30,"time":1790817232774,"pid":1070,"hostname":"vm","block":26094105,"gross":103,"net":0,"sumNetUsd":0,"gasPriceGwei":0.078596747,"txCostUsd":0.0527,"syncMs":1043,"searchMs":149,"msg":"block scanned"}
{"level":30,"time":1790817232774,"pid":1070,"hostname":"vm","msg":"  DOGEGF>WETH@SushiV2 WETH>DOGEGF@UniswapV3/500 in=1.003e+11 DOGEGF gap=50.2bps profit=$0.003 net=$-0.031"}
{"level":30,"time":1790817232774,"pid":1070,"hostname":"vm","msg":"  DOGEGF>WETH@UniswapV2 WETH>DOGEGF@UniswapV3/500 in=1.174e+10 DOGEGF gap=36.4bps profit=$0.000 net=$-0.034"}
{"level":30,"time":1790817232774,"pid":1070,"hostname":"vm","msg":"  SPC>WETH@SushiV3/3000 WETH>SPC@UniswapV2 in=110.4 SPC gap=101.6bps profit=$0.002 net=$-0.032"}
{"level":30,"time":1790817232774,"pid":1070,"hostname":"vm","msg":"  IMX>WETH@UniswapV2 WETH>IMX@UniswapV3/3000 in=16.62 IMX gap=114.2bps profit=$0.007 net=$-0.026"}
{"level":30,"time":1790817232774,"pid":1070,"hostname":"vm","msg":"  IMX>WETH@SushiV2 WETH>IMX@UniswapV3/3000 in=13.14 IMX gap=80.6bps profit=$0.002 net=$-0.032"}
{"level":30,"time":1790817248399,"pid":1070,"hostname":"vm","block":26094106,"gross":97,"net":0,"sumNetUsd":0,"gasPriceGwei":0.077665151,"txCostUsd":0.0521,"syncMs":188,"searchMs":153,"msg":"block scanned"}
{"level":30,"time":1790817248399,"pid":1070,"hostname":"vm","msg":"  DOGEGF>WETH@SushiV2 WETH>DOGEGF@UniswapV3/500 in=1.003e+11 DOGEGF gap=50.2bps profit=$0.003 net=$-0.030"}
{"level":30,"time":1790817248399,"pid":1070,"hostname":"vm","msg":"  DOGEGF>WETH@UniswapV2 WETH>DOGEGF@UniswapV3/500 in=1.174e+10 DOGEGF gap=36.4bps profit=$0.000 net=$-0.033"}
{"level":30,"time":1790817248399,"pid":1070,"hostname":"vm","msg":"  SPC>WETH@SushiV3/3000 WETH>SPC@UniswapV2 in=110.4 SPC gap=101.6bps profit=$0.002 net=$-0.032"}
{"level":30,"time":1790817248399,"pid":1070,"hostname":"vm","msg":"  SUSHI>WETH@UniswapV3/3000 WETH>SUSHI@SushiV3/100 in=3.695 SUSHI gap=69.1bps profit=$0.002 net=$-0.041"}
{"level":30,"time":1790817248399,"pid":1070,"hostname":"vm","msg":"  TUSD>USDC@UniswapV3/100 USDC>TUSD@UniswapV2 in=3.350 TUSD gap=68bps profit=$0.006 net=$-0.027"}
{"level":30,"time":1790817261059,"pid":1070,"hostname":"vm","block":26094107,"gross":119,"net":0,"sumNetUsd":0,"gasPriceGwei":0.085199407,"txCostUsd":0.0572,"syncMs":206,"searchMs":187,"msg":"block scanned"}
{"level":30,"time":1790817261059,"pid":1070,"hostname":"vm","msg":"  DOGEGF>WETH@SushiV2 WETH>DOGEGF@UniswapV3/500 in=1.003e+11 DOGEGF gap=50.2bps profit=$0.003 net=$-0.034"}
{"level":30,"time":1790817261059,"pid":1070,"hostname":"vm","msg":"  DOGEGF>WETH@UniswapV2 WETH>DOGEGF@UniswapV3/500 in=1.174e+10 DOGEGF gap=36.4bps profit=$0.000 net=$-0.037"}
{"level":30,"time":1790817261059,"pid":1070,"hostname":"vm","msg":"  SPC>WETH@SushiV3/3000 WETH>SPC@UniswapV2 in=110.4 SPC gap=101.6bps profit=$0.002 net=$-0.035"}
{"level":30,"time":1790817261059,"pid":1070,"hostname":"vm","msg":"  SUSHI>WETH@UniswapV3/3000 WETH>SUSHI@SushiV3/100 in=3.695 SUSHI gap=69.1bps profit=$0.002 net=$-0.045"}
{"level":30,"time":1790817261059,"pid":1070,"hostname":"vm","msg":"  TUSD>USDC@UniswapV3/100 USDC>TUSD@UniswapV2 in=3.350 TUSD gap=68bps profit=$0.006 net=$-0.030"}
{"level":30,"time":1790817267545,"pid":1070,"hostname":"vm","block":26094108,"gross":119,"net":0,"sumNetUsd":0,"gasPriceGwei":0.083346894,"txCostUsd":0.0559,"syncMs":198,"searchMs":152,"msg":"block scanned"}
{"level":30,"time":1790817267545,"pid":1070,"hostname":"vm","msg":"  DOGEGF>WETH@SushiV2 WETH>DOGEGF@UniswapV3/500 in=1.003e+11 DOGEGF gap=50.2bps profit=$0.003 net=$-0.033"}
{"level":30,"time":1790817267545,"pid":1070,"hostname":"vm","msg":"  DOGEGF>WETH@UniswapV2 WETH>DOGEGF@UniswapV3/500 in=1.174e+10 DOGEGF gap=36.4bps profit=$0.000 net=$-0.036"}
{"level":30,"time":1790817267545,"pid":1070,"hostname":"vm","msg":"  SPC>WETH@SushiV3/3000 WETH>SPC@UniswapV2 in=110.4 SPC gap=101.6bps profit=$0.002 net=$-0.034"}
{"level":30,"time":1790817267545,"pid":1070,"hostname":"vm","msg":"  SUSHI>WETH@UniswapV3/3000 WETH>SUSHI@SushiV3/100 in=3.695 SUSHI gap=69.1bps profit=$0.002 net=$-0.044"}
{"level":30,"time":1790817267545,"pid":1070,"hostname":"vm","msg":"  TUSD>USDC@UniswapV3/100 USDC>TUSD@UniswapV2 in=3.350 TUSD gap=68bps profit=$0.006 net=$-0.030"}
{"level":30,"time":1790817280214,"pid":1070,"hostname":"vm","block":26094109,"gross":95,"net":0,"sumNetUsd":0,"gasPriceGwei":0.074939773,"txCostUsd":0.0503,"syncMs":260,"searchMs":136,"msg":"block scanned"}
{"level":30,"time":1790817280214,"pid":1070,"hostname":"vm","msg":"  DOGEGF>WETH@SushiV2 WETH>DOGEGF@UniswapV3/500 in=1.003e+11 DOGEGF gap=50.2bps profit=$0.003 net=$-0.029"}
{"level":30,"time":1790817280214,"pid":1070,"hostname":"vm","msg":"  DOGEGF>WETH@UniswapV2 WETH>DOGEGF@UniswapV3/500 in=1.174e+10 DOGEGF gap=36.4bps profit=$0.000 net=$-0.032"}
{"level":30,"time":1790817280214,"pid":1070,"hostname":"vm","msg":"  SPC>WETH@SushiV3/3000 WETH>SPC@UniswapV2 in=110.4 SPC gap=101.6bps profit=$0.002 net=$-0.030"}
{"level":30,"time":1790817280214,"pid":1070,"hostname":"vm","msg":"  SUSHI>WETH@UniswapV3/3000 WETH>SUSHI@SushiV3/100 in=3.695 SUSHI gap=69.1bps profit=$0.002 net=$-0.040"}
{"level":30,"time":1790817280214,"pid":1070,"hostname":"vm","msg":"  TUSD>USDC@UniswapV3/100 USDC>TUSD@UniswapV2 in=3.350 TUSD gap=68bps profit=$0.006 net=$-0.026"}
{"level":30,"time":1790817293196,"pid":1070,"hostname":"vm","block":26094110,"gross":114,"net":0,"sumNetUsd":0,"gasPriceGwei":0.075291014,"txCostUsd":0.0505,"syncMs":595,"searchMs":152,"msg":"block scanned"}
{"level":30,"time":1790817293196,"pid":1070,"hostname":"vm","msg":"  DOGEGF>WETH@SushiV2 WETH>DOGEGF@UniswapV3/500 in=1.003e+11 DOGEGF gap=50.2bps profit=$0.003 net=$-0.029"}
{"level":30,"time":1790817293196,"pid":1070,"hostname":"vm","msg":"  DOGEGF>WETH@UniswapV2 WETH>DOGEGF@UniswapV3/500 in=1.174e+10 DOGEGF gap=36.4bps profit=$0.000 net=$-0.032"}
{"level":30,"time":1790817293196,"pid":1070,"hostname":"vm","msg":"  SPC>WETH@SushiV3/3000 WETH>SPC@UniswapV2 in=110.4 SPC gap=101.6bps profit=$0.002 net=$-0.031"}
{"level":30,"time":1790817293196,"pid":1070,"hostname":"vm","msg":"  SUSHI>WETH@UniswapV3/3000 WETH>SUSHI@SushiV3/100 in=3.695 SUSHI gap=69.1bps profit=$0.002 net=$-0.040"}
{"level":30,"time":1790817293196,"pid":1070,"hostname":"vm","msg":"  TUSD>USDC@UniswapV3/100 USDC>TUSD@UniswapV2 in=3.350 TUSD gap=68bps profit=$0.006 net=$-0.026"}
{"level":30,"time":1790817306395,"pid":1070,"hostname":"vm","block":26094111,"gross":113,"net":1,"sumNetUsd":0.047,"gasPriceGwei":0.074410278,"txCostUsd":0.0499,"syncMs":761,"searchMs":161,"msg":"block scanned"}
{"level":30,"time":1790817306396,"pid":1070,"hostname":"vm","msg":"  DOGEGF>WETH@SushiV2 WETH>DOGEGF@UniswapV3/500 in=1.003e+11 DOGEGF gap=50.2bps profit=$0.003 net=$-0.029"}
{"level":30,"time":1790817306396,"pid":1070,"hostname":"vm","msg":"  DOGEGF>WETH@UniswapV2 WETH>DOGEGF@UniswapV3/500 in=1.174e+10 DOGEGF gap=36.4bps profit=$0.000 net=$-0.032"}
{"level":30,"time":1790817306396,"pid":1070,"hostname":"vm","msg":"  SPC>WETH@SushiV3/3000 WETH>SPC@UniswapV2 in=110.4 SPC gap=101.6bps profit=$0.002 net=$-0.030"}
{"level":30,"time":1790817306396,"pid":1070,"hostname":"vm","msg":"  SUSHI>WETH@UniswapV3/3000 WETH>SUSHI@SushiV3/100 in=3.695 SUSHI gap=69.1bps profit=$0.002 net=$-0.039"}
{"level":30,"time":1790817306396,"pid":1070,"hostname":"vm","msg":"  TUSD>USDC@UniswapV3/100 USDC>TUSD@UniswapV2 in=3.350 TUSD gap=68bps profit=$0.006 net=$-0.026"}
{"level":30,"time":1790817323460,"pid":1070,"hostname":"vm","block":26094112,"gross":66,"net":0,"sumNetUsd":0,"gasPriceGwei":0.07369564,"txCostUsd":0.0495,"syncMs":4710,"searchMs":124,"msg":"block scanned"}
{"level":30,"time":1790817323460,"pid":1070,"hostname":"vm","msg":"  DOGEGF>WETH@SushiV2 WETH>DOGEGF@UniswapV3/500 in=1.003e+11 DOGEGF gap=50.2bps profit=$0.003 net=$-0.029"}
{"level":30,"time":1790817323460,"pid":1070,"hostname":"vm","msg":"  DOGEGF>WETH@UniswapV2 WETH>DOGEGF@UniswapV3/500 in=1.174e+10 DOGEGF gap=36.4bps profit=$0.000 net=$-0.032"}
{"level":30,"time":1790817323460,"pid":1070,"hostname":"vm","msg":"  SPC>WETH@SushiV3/3000 WETH>SPC@UniswapV2 in=110.4 SPC gap=101.6bps profit=$0.002 net=$-0.030"}
{"level":30,"time":1790817323460,"pid":1070,"hostname":"vm","msg":"  SUSHI>WETH@UniswapV3/3000 WETH>SUSHI@SushiV3/100 in=3.695 SUSHI gap=69.1bps profit=$0.002 net=$-0.039"}
{"level":30,"time":1790817323460,"pid":1070,"hostname":"vm","msg":"  TUSD>USDC@UniswapV3/100 USDC>TUSD@UniswapV2 in=3.350 TUSD gap=68bps profit=$0.006 net=$-0.026"}
{"level":30,"time":1790817329953,"pid":1070,"hostname":"vm","block":26094113,"gross":70,"net":0,"sumNetUsd":0,"gasPriceGwei":0.072609049,"txCostUsd":0.0487,"syncMs":164,"searchMs":121,"msg":"block scanned"}
{"level":30,"time":1790817329953,"pid":1070,"hostname":"vm","msg":"  DOGEGF>WETH@SushiV2 WETH>DOGEGF@UniswapV3/500 in=1.003e+11 DOGEGF gap=50.2bps profit=$0.003 net=$-0.028"}
{"level":30,"time":1790817329953,"pid":1070,"hostname":"vm","msg":"  DOGEGF>WETH@UniswapV2 WETH>DOGEGF@UniswapV3/500 in=1.174e+10 DOGEGF gap=36.4bps profit=$0.000 net=$-0.031"}
{"level":30,"time":1790817329953,"pid":1070,"hostname":"vm","msg":"  SPC>WETH@SushiV3/3000 WETH>SPC@UniswapV2 in=110.4 SPC gap=101.6bps profit=$0.002 net=$-0.029"}
{"level":30,"time":1790817329953,"pid":1070,"hostname":"vm","msg":"  SUSHI>WETH@UniswapV3/3000 WETH>SUSHI@SushiV3/100 in=3.695 SUSHI gap=69.1bps profit=$0.002 net=$-0.038"}
{"level":30,"time":1790817329953,"pid":1070,"hostname":"vm","msg":"  TUSD>USDC@UniswapV3/100 USDC>TUSD@UniswapV2 in=3.350 TUSD gap=68bps profit=$0.006 net=$-0.025"}
{"level":30,"time":1790817342624,"pid":1070,"hostname":"vm","block":26094114,"gross":70,"net":0,"sumNetUsd":0,"gasPriceGwei":0.072575951,"txCostUsd":0.0487,"syncMs":218,"searchMs":137,"msg":"block scanned"}
{"level":30,"time":1790817342624,"pid":1070,"hostname":"vm","msg":"  DOGEGF>WETH@SushiV2 WETH>DOGEGF@UniswapV3/500 in=1.003e+11 DOGEGF gap=50.2bps profit=$0.003 net=$-0.028"}
{"level":30,"time":1790817342624,"pid":1070,"hostname":"vm","msg":"  DOGEGF>WETH@UniswapV2 WETH>DOGEGF@UniswapV3/500 in=1.174e+10 DOGEGF gap=36.4bps profit=$0.000 net=$-0.031"}
{"level":30,"time":1790817342624,"pid":1070,"hostname":"vm","msg":"  SPC>WETH@SushiV3/3000 WETH>SPC@UniswapV2 in=110.4 SPC gap=101.6bps profit=$0.002 net=$-0.029"}
{"level":30,"time":1790817342624,"pid":1070,"hostname":"vm","msg":"  SUSHI>WETH@UniswapV3/3000 WETH>SUSHI@SushiV3/100 in=3.695 SUSHI gap=69.1bps profit=$0.002 net=$-0.038"}
{"level":30,"time":1790817342624,"pid":1070,"hostname":"vm","msg":"  TUSD>USDC@UniswapV3/100 USDC>TUSD@UniswapV2 in=3.350 TUSD gap=68bps profit=$0.006 net=$-0.025"}
{"level":30,"time":1790817349105,"pid":1070,"hostname":"vm","block":26094115,"gross":77,"net":0,"sumNetUsd":0,"gasPriceGwei":0.072613013,"txCostUsd":0.0487,"syncMs":201,"searchMs":138,"msg":"block scanned"}
{"level":30,"time":1790817349105,"pid":1070,"hostname":"vm","msg":"  DOGEGF>WETH@SushiV2 WETH>DOGEGF@UniswapV3/500 in=1.003e+11 DOGEGF gap=50.2bps profit=$0.003 net=$-0.028"}
{"level":30,"time":1790817349105,"pid":1070,"hostname":"vm","msg":"  DOGEGF>WETH@UniswapV2 WETH>DOGEGF@UniswapV3/500 in=1.174e+10 DOGEGF gap=36.4bps profit=$0.000 net=$-0.031"}
{"level":30,"time":1790817349105,"pid":1070,"hostname":"vm","msg":"  SPC>WETH@SushiV3/3000 WETH>SPC@UniswapV2 in=110.4 SPC gap=101.6bps profit=$0.002 net=$-0.029"}
{"level":30,"time":1790817349105,"pid":1070,"hostname":"vm","msg":"  SUSHI>WETH@UniswapV3/3000 WETH>SUSHI@SushiV3/100 in=3.695 SUSHI gap=69.1bps profit=$0.002 net=$-0.038"}
{"level":30,"time":1790817349105,"pid":1070,"hostname":"vm","msg":"  TUSD>USDC@UniswapV3/100 USDC>TUSD@UniswapV2 in=3.350 TUSD gap=68bps profit=$0.006 net=$-0.025"}
{"level":30,"time":1790817367860,"pid":1070,"hostname":"vm","block":26094116,"gross":100,"net":0,"sumNetUsd":0,"gasPriceGwei":0.069346722,"txCostUsd":0.0465,"syncMs":245,"searchMs":139,"msg":"block scanned"}
{"level":30,"time":1790817367861,"pid":1070,"hostname":"vm","msg":"  DOGEGF>WETH@SushiV2 WETH>DOGEGF@UniswapV3/500 in=1.003e+11 DOGEGF gap=50.2bps profit=$0.003 net=$-0.027"}
{"level":30,"time":1790817367861,"pid":1070,"hostname":"vm","msg":"  DOGEGF>WETH@UniswapV2 WETH>DOGEGF@UniswapV3/500 in=1.174e+10 DOGEGF gap=36.4bps profit=$0.000 net=$-0.030"}
{"level":30,"time":1790817367861,"pid":1070,"hostname":"vm","msg":"  SPC>WETH@SushiV3/3000 WETH>SPC@UniswapV2 in=110.4 SPC gap=101.6bps profit=$0.002 net=$-0.028"}
{"level":30,"time":1790817367861,"pid":1070,"hostname":"vm","msg":"  SUSHI>WETH@UniswapV3/3000 WETH>SUSHI@SushiV3/100 in=3.695 SUSHI gap=69.1bps profit=$0.002 net=$-0.036"}
{"level":30,"time":1790817367861,"pid":1070,"hostname":"vm","msg":"  TUSD>USDC@UniswapV3/100 USDC>TUSD@UniswapV2 in=3.350 TUSD gap=68bps profit=$0.006 net=$-0.024"}
{"level":30,"time":1790817374403,"pid":1070,"hostname":"vm","block":26094117,"gross":117,"net":0,"sumNetUsd":0,"gasPriceGwei":0.070221535,"txCostUsd":0.0471,"syncMs":204,"searchMs":210,"msg":"block scanned"}
{"level":30,"time":1790817374406,"pid":1070,"hostname":"vm","msg":"  DOGEGF>WETH@SushiV2 WETH>DOGEGF@UniswapV3/500 in=1.003e+11 DOGEGF gap=50.2bps profit=$0.003 net=$-0.027"}
{"level":30,"time":1790817374406,"pid":1070,"hostname":"vm","msg":"  DOGEGF>WETH@UniswapV2 WETH>DOGEGF@UniswapV3/500 in=1.174e+10 DOGEGF gap=36.4bps profit=$0.000 net=$-0.030"}
{"level":30,"time":1790817374406,"pid":1070,"hostname":"vm","msg":"  SPC>WETH@SushiV3/3000 WETH>SPC@UniswapV2 in=110.4 SPC gap=101.6bps profit=$0.002 net=$-0.028"}
{"level":30,"time":1790817374406,"pid":1070,"hostname":"vm","msg":"  SUSHI>WETH@UniswapV3/3000 WETH>SUSHI@SushiV3/100 in=3.695 SUSHI gap=69.1bps profit=$0.002 net=$-0.037"}
{"level":30,"time":1790817374406,"pid":1070,"hostname":"vm","msg":"  TUSD>USDC@UniswapV3/100 USDC>TUSD@UniswapV2 in=3.350 TUSD gap=68bps profit=$0.006 net=$-0.024"}
{"level":30,"time":1790817393155,"pid":1070,"hostname":"vm","block":26094118,"gross":119,"net":0,"sumNetUsd":0,"gasPriceGwei":0.069986463,"txCostUsd":0.047,"syncMs":241,"searchMs":137,"msg":"block scanned"}
{"level":30,"time":1790817393155,"pid":1070,"hostname":"vm","msg":"  DOGEGF>WETH@SushiV2 WETH>DOGEGF@UniswapV3/500 in=1.003e+11 DOGEGF gap=50.2bps profit=$0.003 net=$-0.027"}
{"level":30,"time":1790817393155,"pid":1070,"hostname":"vm","msg":"  DOGEGF>WETH@UniswapV2 WETH>DOGEGF@UniswapV3/500 in=1.174e+10 DOGEGF gap=36.4bps profit=$0.000 net=$-0.030"}
{"level":30,"time":1790817393155,"pid":1070,"hostname":"vm","msg":"  SPC>WETH@SushiV3/3000 WETH>SPC@UniswapV2 in=110.4 SPC gap=101.6bps profit=$0.002 net=$-0.028"}
{"level":30,"time":1790817393155,"pid":1070,"hostname":"vm","msg":"  SUSHI>WETH@UniswapV3/3000 WETH>SUSHI@SushiV3/100 in=3.695 SUSHI gap=69.1bps profit=$0.002 net=$-0.037"}
{"level":30,"time":1790817393155,"pid":1070,"hostname":"vm","msg":"  TUSD>USDC@UniswapV3/100 USDC>TUSD@UniswapV2 in=3.350 TUSD gap=68bps profit=$0.006 net=$-0.024"}
{"level":30,"time":1790817399845,"pid":1070,"hostname":"vm","block":26094119,"gross":117,"net":0,"sumNetUsd":0,"gasPriceGwei":0.072089014,"txCostUsd":0.0484,"syncMs":385,"searchMs":151,"msg":"block scanned"}
{"level":30,"time":1790817399845,"pid":1070,"hostname":"vm","msg":"  DOGEGF>WETH@SushiV2 WETH>DOGEGF@UniswapV3/500 in=1.003e+11 DOGEGF gap=50.2bps profit=$0.003 net=$-0.028"}
{"level":30,"time":1790817399845,"pid":1070,"hostname":"vm","msg":"  DOGEGF>WETH@UniswapV2 WETH>DOGEGF@UniswapV3/500 in=1.174e+10 DOGEGF gap=36.4bps profit=$0.000 net=$-0.031"}
{"level":30,"time":1790817399845,"pid":1070,"hostname":"vm","msg":"  SPC>WETH@SushiV3/3000 WETH>SPC@UniswapV2 in=110.4 SPC gap=101.6bps profit=$0.002 net=$-0.029"}
{"level":30,"time":1790817399845,"pid":1070,"hostname":"vm","msg":"  ALEPH>WETH@SushiV2 WETH>ALEPH@UniswapV2 in=25.33 ALEPH gap=77.5bps profit=$0.000 net=$-0.022"}
{"level":30,"time":1790817399845,"pid":1070,"hostname":"vm","msg":"  SUSHI>WETH@UniswapV3/3000 WETH>SUSHI@SushiV3/100 in=3.695 SUSHI gap=69.1bps profit=$0.002 net=$-0.038"}
{"level":30,"time":1790817412508,"pid":1070,"hostname":"vm","block":26094120,"gross":117,"net":0,"sumNetUsd":0,"gasPriceGwei":0.069223337,"txCostUsd":0.0465,"syncMs":268,"searchMs":152,"msg":"block scanned"}
{"level":30,"time":1790817412508,"pid":1070,"hostname":"vm","msg":"  DOGEGF>WETH@SushiV2 WETH>DOGEGF@UniswapV3/500 in=1.003e+11 DOGEGF gap=50.2bps profit=$0.003 net=$-0.027"}
{"level":30,"time":1790817412508,"pid":1070,"hostname":"vm","msg":"  DOGEGF>WETH@UniswapV2 WETH>DOGEGF@UniswapV3/500 in=1.174e+10 DOGEGF gap=36.4bps profit=$0.000 net=$-0.030"}
{"level":30,"time":1790817412508,"pid":1070,"hostname":"vm","msg":"  SPC>WETH@SushiV3/3000 WETH>SPC@UniswapV2 in=110.4 SPC gap=101.6bps profit=$0.002 net=$-0.028"}
{"level":30,"time":1790817412508,"pid":1070,"hostname":"vm","msg":"  ALEPH>WETH@SushiV2 WETH>ALEPH@UniswapV2 in=25.33 ALEPH gap=77.5bps profit=$0.000 net=$-0.021"}
{"level":30,"time":1790817412508,"pid":1070,"hostname":"vm","msg":"  SUSHI>WETH@UniswapV3/3000 WETH>SUSHI@SushiV3/100 in=3.695 SUSHI gap=69.1bps profit=$0.002 net=$-0.036"}
{"level":30,"time":1790817425138,"pid":1070,"hostname":"vm","block":26094121,"gross":117,"net":0,"sumNetUsd":0,"gasPriceGwei":0.067115159,"txCostUsd":0.045,"syncMs":216,"searchMs":172,"msg":"block scanned"}
{"level":30,"time":1790817425138,"pid":1070,"hostname":"vm","msg":"  DOGEGF>WETH@SushiV2 WETH>DOGEGF@UniswapV3/500 in=1.003e+11 DOGEGF gap=50.2bps profit=$0.003 net=$-0.026"}
{"level":30,"time":1790817425138,"pid":1070,"hostname":"vm","msg":"  DOGEGF>WETH@UniswapV2 WETH>DOGEGF@UniswapV3/500 in=1.174e+10 DOGEGF gap=36.4bps profit=$0.000 net=$-0.029"}
{"level":30,"time":1790817425138,"pid":1070,"hostname":"vm","msg":"  SPC>WETH@SushiV3/3000 WETH>SPC@UniswapV2 in=110.4 SPC gap=101.6bps profit=$0.002 net=$-0.027"}
{"level":30,"time":1790817425138,"pid":1070,"hostname":"vm","msg":"  ALEPH>WETH@SushiV2 WETH>ALEPH@UniswapV2 in=25.33 ALEPH gap=77.5bps profit=$0.000 net=$-0.020"}
{"level":30,"time":1790817425138,"pid":1070,"hostname":"vm","msg":"  SUSHI>WETH@UniswapV3/3000 WETH>SUSHI@SushiV3/100 in=3.695 SUSHI gap=69.1bps profit=$0.002 net=$-0.035"}
{"level":30,"time":1790817437751,"pid":1070,"hostname":"vm","block":26094122,"gross":114,"net":0,"sumNetUsd":0,"gasPriceGwei":0.067261238,"txCostUsd":0.0451,"syncMs":203,"searchMs":149,"msg":"block scanned"}
{"level":30,"time":1790817437751,"pid":1070,"hostname":"vm","msg":"  DOGEGF>WETH@SushiV2 WETH>DOGEGF@UniswapV3/500 in=1.003e+11 DOGEGF gap=50.2bps profit=$0.003 net=$-0.026"}
{"level":30,"time":1790817437751,"pid":1070,"hostname":"vm","msg":"  DOGEGF>WETH@UniswapV2 WETH>DOGEGF@UniswapV3/500 in=1.174e+10 DOGEGF gap=36.4bps profit=$0.000 net=$-0.029"}
{"level":30,"time":1790817437751,"pid":1070,"hostname":"vm","msg":"  SPC>WETH@SushiV3/3000 WETH>SPC@UniswapV2 in=110.4 SPC gap=101.6bps profit=$0.002 net=$-0.027"}
{"level":30,"time":1790817437751,"pid":1070,"hostname":"vm","msg":"  ALEPH>WETH@SushiV2 WETH>ALEPH@UniswapV2 in=25.33 ALEPH gap=77.5bps profit=$0.000 net=$-0.020"}
{"level":30,"time":1790817437751,"pid":1070,"hostname":"vm","msg":"  SUSHI>WETH@UniswapV3/3000 WETH>SUSHI@SushiV3/100 in=3.695 SUSHI gap=69.1bps profit=$0.002 net=$-0.035"}
{"level":30,"time":1790817450360,"pid":1070,"hostname":"vm","block":26094123,"gross":109,"net":0,"sumNetUsd":0,"gasPriceGwei":0.067404826,"txCostUsd":0.0452,"syncMs":205,"searchMs":153,"msg":"block scanned"}
{"level":30,"time":1790817450361,"pid":1070,"hostname":"vm","msg":"  DOGEGF>WETH@SushiV2 WETH>DOGEGF@UniswapV3/500 in=1.003e+11 DOGEGF gap=50.2bps profit=$0.003 net=$-0.026"}
{"level":30,"time":1790817450361,"pid":1070,"hostname":"vm","msg":"  DOGEGF>WETH@UniswapV2 WETH>DOGEGF@UniswapV3/500 in=1.174e+10 DOGEGF gap=36.4bps profit=$0.000 net=$-0.029"}
{"level":30,"time":1790817450361,"pid":1070,"hostname":"vm","msg":"  SPC>WETH@SushiV3/3000 WETH>SPC@UniswapV2 in=110.4 SPC gap=101.6bps profit=$0.002 net=$-0.027"}
{"level":30,"time":1790817450361,"pid":1070,"hostname":"vm","msg":"  ALEPH>WETH@SushiV2 WETH>ALEPH@UniswapV2 in=25.33 ALEPH gap=77.5bps profit=$0.000 net=$-0.020"}
{"level":30,"time":1790817450361,"pid":1070,"hostname":"vm","msg":"  SUSHI>WETH@UniswapV3/3000 WETH>SUSHI@SushiV3/100 in=3.695 SUSHI gap=69.1bps profit=$0.002 net=$-0.035"}
{"level":30,"time":1790817463031,"pid":1070,"hostname":"vm","block":26094124,"gross":128,"net":0,"sumNetUsd":0,"gasPriceGwei":0.069411008,"txCostUsd":0.0466,"syncMs":217,"searchMs":175,"msg":"block scanned"}
{"level":30,"time":1790817463031,"pid":1070,"hostname":"vm","msg":"  DOGEGF>WETH@SushiV2 WETH>DOGEGF@UniswapV3/500 in=1.003e+11 DOGEGF gap=50.2bps profit=$0.003 net=$-0.027"}
{"level":30,"time":1790817463031,"pid":1070,"hostname":"vm","msg":"  DOGEGF>WETH@UniswapV2 WETH>DOGEGF@UniswapV3/500 in=1.174e+10 DOGEGF gap=36.4bps profit=$0.000 net=$-0.030"}
{"level":30,"time":1790817463031,"pid":1070,"hostname":"vm","msg":"  SPC>WETH@SushiV3/3000 WETH>SPC@UniswapV2 in=110.4 SPC gap=101.6bps profit=$0.002 net=$-0.028"}
{"level":30,"time":1790817463031,"pid":1070,"hostname":"vm","msg":"  ALEPH>WETH@SushiV2 WETH>ALEPH@UniswapV2 in=25.33 ALEPH gap=77.5bps profit=$0.000 net=$-0.021"}
{"level":30,"time":1790817463031,"pid":1070,"hostname":"vm","msg":"  SUSHI>WETH@UniswapV3/3000 WETH>SUSHI@SushiV3/100 in=3.695 SUSHI gap=69.1bps profit=$0.002 net=$-0.036"}
{"level":30,"time":1790817469544,"pid":1070,"hostname":"vm","block":26094125,"gross":125,"net":0,"sumNetUsd":0,"gasPriceGwei":0.071669358,"txCostUsd":0.0481,"syncMs":199,"searchMs":165,"msg":"block scanned"}
{"level":30,"time":1790817469544,"pid":1070,"hostname":"vm","msg":"  DOGEGF>WETH@SushiV2 WETH>DOGEGF@UniswapV3/500 in=1.003e+11 DOGEGF gap=50.2bps profit=$0.003 net=$-0.028"}
{"level":30,"time":1790817469544,"pid":1070,"hostname":"vm","msg":"  DOGEGF>WETH@UniswapV2 WETH>DOGEGF@UniswapV3/500 in=1.174e+10 DOGEGF gap=36.4bps profit=$0.000 net=$-0.031"}
{"level":30,"time":1790817469544,"pid":1070,"hostname":"vm","msg":"  SPC>WETH@SushiV3/3000 WETH>SPC@UniswapV2 in=110.4 SPC gap=101.6bps profit=$0.002 net=$-0.029"}
{"level":30,"time":1790817469544,"pid":1070,"hostname":"vm","msg":"  ALEPH>WETH@SushiV2 WETH>ALEPH@UniswapV2 in=25.33 ALEPH gap=77.5bps profit=$0.000 net=$-0.022"}
{"level":30,"time":1790817469544,"pid":1070,"hostname":"vm","msg":"  SUSHI>WETH@UniswapV3/3000 WETH>SUSHI@SushiV3/100 in=3.695 SUSHI gap=69.1bps profit=$0.002 net=$-0.038"}
{"level":30,"time":1790817484040,"pid":1070,"hostname":"vm","block":26094126,"gross":122,"net":0,"sumNetUsd":0,"gasPriceGwei":0.072790785,"txCostUsd":0.0488,"syncMs":246,"searchMs":163,"msg":"block scanned"}
{"level":30,"time":1790817484040,"pid":1070,"hostname":"vm","msg":"  DOGEGF>WETH@SushiV2 WETH>DOGEGF@UniswapV3/500 in=1.003e+11 DOGEGF gap=50.2bps profit=$0.003 net=$-0.028"}
{"level":30,"time":1790817484040,"pid":1070,"hostname":"vm","msg":"  DOGEGF>WETH@UniswapV2 WETH>DOGEGF@UniswapV3/500 in=1.174e+10 DOGEGF gap=36.4bps profit=$0.000 net=$-0.031"}
{"level":30,"time":1790817484040,"pid":1070,"hostname":"vm","msg":"  SPC>WETH@SushiV3/3000 WETH>SPC@UniswapV2 in=110.4 SPC gap=101.6bps profit=$0.002 net=$-0.030"}
{"level":30,"time":1790817484040,"pid":1070,"hostname":"vm","msg":"  ALEPH>WETH@SushiV2 WETH>ALEPH@UniswapV2 in=25.33 ALEPH gap=77.5bps profit=$0.000 net=$-0.022"}
{"level":30,"time":1790817484040,"pid":1070,"hostname":"vm","msg":"  SUSHI>WETH@UniswapV3/3000 WETH>SUSHI@SushiV3/100 in=3.695 SUSHI gap=69.1bps profit=$0.002 net=$-0.038"}
{"level":30,"time":1790817501376,"pid":1070,"hostname":"vm","block":26094127,"gross":127,"net":0,"sumNetUsd":0,"gasPriceGwei":0.072769565,"txCostUsd":0.0488,"syncMs":4952,"searchMs":146,"msg":"block scanned"}
{"level":30,"time":1790817501376,"pid":1070,"hostname":"vm","msg":"  DOGEGF>WETH@SushiV2 WETH>DOGEGF@UniswapV3/500 in=1.003e+11 DOGEGF gap=50.2bps profit=$0.003 net=$-0.028"}
{"level":30,"time":1790817501376,"pid":1070,"hostname":"vm","msg":"  DOGEGF>WETH@UniswapV2 WETH>DOGEGF@UniswapV3/500 in=1.174e+10 DOGEGF gap=36.4bps profit=$0.000 net=$-0.031"}
{"level":30,"time":1790817501376,"pid":1070,"hostname":"vm","msg":"  SPC>WETH@SushiV3/3000 WETH>SPC@UniswapV2 in=110.4 SPC gap=101.6bps profit=$0.002 net=$-0.030"}
{"level":30,"time":1790817501376,"pid":1070,"hostname":"vm","msg":"  ALEPH>WETH@SushiV2 WETH>ALEPH@UniswapV2 in=25.33 ALEPH gap=77.5bps profit=$0.000 net=$-0.022"}
{"level":30,"time":1790817501376,"pid":1070,"hostname":"vm","msg":"  SUSHI>WETH@UniswapV3/3000 WETH>SUSHI@SushiV3/100 in=3.695 SUSHI gap=69.1bps profit=$0.002 net=$-0.038"}
{"level":30,"time":1790817508028,"pid":1070,"hostname":"vm","block":26094128,"gross":131,"net":0,"sumNetUsd":0,"gasPriceGwei":0.07392319,"txCostUsd":0.0496,"syncMs":292,"searchMs":160,"msg":"block scanned"}
{"level":30,"time":1790817508028,"pid":1070,"hostname":"vm","msg":"  DOGEGF>WETH@SushiV2 WETH>DOGEGF@UniswapV3/500 in=1.003e+11 DOGEGF gap=50.2bps profit=$0.003 net=$-0.029"}
{"level":30,"time":1790817508028,"pid":1070,"hostname":"vm","msg":"  DOGEGF>WETH@UniswapV2 WETH>DOGEGF@UniswapV3/500 in=1.174e+10 DOGEGF gap=36.4bps profit=$0.000 net=$-0.032"}
{"level":30,"time":1790817508028,"pid":1070,"hostname":"vm","msg":"  SPC>WETH@SushiV3/3000 WETH>SPC@UniswapV2 in=110.4 SPC gap=101.6bps profit=$0.002 net=$-0.030"}
{"level":30,"time":1790817508028,"pid":1070,"hostname":"vm","msg":"  ALEPH>WETH@SushiV2 WETH>ALEPH@UniswapV2 in=25.33 ALEPH gap=77.5bps profit=$0.000 net=$-0.022"}
{"level":30,"time":1790817508028,"pid":1070,"hostname":"vm","msg":"  SUSHI>WETH@UniswapV3/3000 WETH>SUSHI@SushiV3/100 in=3.695 SUSHI gap=69.1bps profit=$0.002 net=$-0.039"}
{"level":30,"time":1790817520704,"pid":1070,"hostname":"vm","block":26094129,"gross":131,"net":0,"sumNetUsd":0,"gasPriceGwei":0.072724227,"txCostUsd":0.0488,"syncMs":213,"searchMs":165,"msg":"block scanned"}
{"level":30,"time":1790817520704,"pid":1070,"hostname":"vm","msg":"  DOGEGF>WETH@SushiV2 WETH>DOGEGF@UniswapV3/500 in=1.003e+11 DOGEGF gap=50.2bps profit=$0.003 net=$-0.028"}
{"level":30,"time":1790817520704,"pid":1070,"hostname":"vm","msg":"  DOGEGF>WETH@UniswapV2 WETH>DOGEGF@UniswapV3/500 in=1.174e+10 DOGEGF gap=36.4bps profit=$0.000 net=$-0.031"}
{"level":30,"time":1790817520704,"pid":1070,"hostname":"vm","msg":"  SPC>WETH@SushiV3/3000 WETH>SPC@UniswapV2 in=110.4 SPC gap=101.6bps profit=$0.002 net=$-0.030"}
{"level":30,"time":1790817520704,"pid":1070,"hostname":"vm","msg":"  ALEPH>WETH@SushiV2 WETH>ALEPH@UniswapV2 in=25.33 ALEPH gap=77.5bps profit=$0.000 net=$-0.022"}
{"level":30,"time":1790817520704,"pid":1070,"hostname":"vm","msg":"  SUSHI>WETH@UniswapV3/3000 WETH>SUSHI@SushiV3/100 in=3.695 SUSHI gap=69.1bps profit=$0.002 net=$-0.038"}
{"level":30,"time":1790817533371,"pid":1070,"hostname":"vm","block":26094130,"gross":129,"net":0,"sumNetUsd":0,"gasPriceGwei":0.066738639,"txCostUsd":0.0448,"syncMs":307,"searchMs":117,"msg":"block scanned"}
{"level":30,"time":1790817533371,"pid":1070,"hostname":"vm","msg":"  DOGEGF>WETH@SushiV2 WETH>DOGEGF@UniswapV3/500 in=1.003e+11 DOGEGF gap=50.2bps profit=$0.003 net=$-0.026"}
{"level":30,"time":1790817533371,"pid":1070,"hostname":"vm","msg":"  DOGEGF>WETH@UniswapV2 WETH>DOGEGF@UniswapV3/500 in=1.174e+10 DOGEGF gap=36.4bps profit=$0.000 net=$-0.029"}
{"level":30,"time":1790817533371,"pid":1070,"hostname":"vm","msg":"  SPC>WETH@SushiV3/3000 WETH>SPC@UniswapV2 in=110.4 SPC gap=101.6bps profit=$0.002 net=$-0.027"}
{"level":30,"time":1790817533371,"pid":1070,"hostname":"vm","msg":"  ALEPH>WETH@SushiV2 WETH>ALEPH@UniswapV2 in=25.33 ALEPH gap=77.5bps profit=$0.000 net=$-0.020"}
{"level":30,"time":1790817533371,"pid":1070,"hostname":"vm","msg":"  SUSHI>WETH@UniswapV3/3000 WETH>SUSHI@SushiV3/100 in=3.695 SUSHI gap=69.1bps profit=$0.002 net=$-0.035"}
{"level":30,"time":1790817545920,"pid":1070,"hostname":"vm","block":26094131,"gross":130,"net":2,"sumNetUsd":0.316,"gasPriceGwei":0.074164916,"txCostUsd":0.0498,"syncMs":203,"searchMs":148,"msg":"block scanned"}
{"level":30,"time":1790817545920,"pid":1070,"hostname":"vm","msg":"  DOGEGF>WETH@SushiV2 WETH>DOGEGF@UniswapV3/500 in=1.003e+11 DOGEGF gap=50.2bps profit=$0.003 net=$-0.029"}
{"level":30,"time":1790817545920,"pid":1070,"hostname":"vm","msg":"  DOGEGF>WETH@UniswapV2 WETH>DOGEGF@UniswapV3/500 in=1.174e+10 DOGEGF gap=36.4bps profit=$0.000 net=$-0.032"}
{"level":30,"time":1790817545920,"pid":1070,"hostname":"vm","msg":"  SPC>WETH@SushiV3/3000 WETH>SPC@UniswapV2 in=110.4 SPC gap=101.6bps profit=$0.002 net=$-0.030"}
{"level":30,"time":1790817545920,"pid":1070,"hostname":"vm","msg":"  ALEPH>WETH@SushiV2 WETH>ALEPH@UniswapV2 in=25.33 ALEPH gap=77.5bps profit=$0.000 net=$-0.022"}
{"level":30,"time":1790817545920,"pid":1070,"hostname":"vm","msg":"  SUSHI>WETH@UniswapV3/3000 WETH>SUSHI@SushiV3/100 in=3.695 SUSHI gap=69.1bps profit=$0.002 net=$-0.039"}
{"level":30,"time":1790817558546,"pid":1070,"hostname":"vm","block":26094132,"gross":127,"net":0,"sumNetUsd":0,"gasPriceGwei":0.076079577,"txCostUsd":0.0511,"syncMs":231,"searchMs":156,"msg":"block scanned"}
{"level":30,"time":1790817558546,"pid":1070,"hostname":"vm","msg":"  DOGEGF>WETH@SushiV2 WETH>DOGEGF@UniswapV3/500 in=1.003e+11 DOGEGF gap=50.2bps profit=$0.003 net=$-0.030"}
{"level":30,"time":1790817558546,"pid":1070,"hostname":"vm","msg":"  DOGEGF>WETH@UniswapV2 WETH>DOGEGF@UniswapV3/500 in=1.174e+10 DOGEGF gap=36.4bps profit=$0.000 net=$-0.033"}
{"level":30,"time":1790817558546,"pid":1070,"hostname":"vm","msg":"  SPC>WETH@SushiV3/3000 WETH>SPC@UniswapV2 in=110.4 SPC gap=101.6bps profit=$0.002 net=$-0.031"}
{"level":30,"time":1790817558546,"pid":1070,"hostname":"vm","msg":"  ALEPH>WETH@SushiV2 WETH>ALEPH@UniswapV2 in=25.33 ALEPH gap=77.5bps profit=$0.000 net=$-0.023"}
{"level":30,"time":1790817558546,"pid":1070,"hostname":"vm","msg":"  SUSHI>WETH@UniswapV3/3000 WETH>SUSHI@SushiV3/100 in=3.695 SUSHI gap=69.1bps profit=$0.002 net=$-0.040"}
{"level":30,"time":1790817571085,"pid":1070,"hostname":"vm","block":26094133,"gross":132,"net":0,"sumNetUsd":0,"gasPriceGwei":0.068500088,"txCostUsd":0.046,"syncMs":147,"searchMs":156,"msg":"block scanned"}
{"level":30,"time":1790817571085,"pid":1070,"hostname":"vm","msg":"  DOGEGF>WETH@SushiV2 WETH>DOGEGF@UniswapV3/500 in=1.003e+11 DOGEGF gap=50.2bps profit=$0.003 net=$-0.026"}
{"level":30,"time":1790817571085,"pid":1070,"hostname":"vm","msg":"  DOGEGF>WETH@UniswapV2 WETH>DOGEGF@UniswapV3/500 in=1.174e+10 DOGEGF gap=36.4bps profit=$0.000 net=$-0.029"}
{"level":30,"time":1790817571085,"pid":1070,"hostname":"vm","msg":"  SPC>WETH@SushiV3/3000 WETH>SPC@UniswapV2 in=110.4 SPC gap=101.6bps profit=$0.002 net=$-0.028"}
{"level":30,"time":1790817571085,"pid":1070,"hostname":"vm","msg":"  ALEPH>WETH@SushiV2 WETH>ALEPH@UniswapV2 in=25.33 ALEPH gap=77.5bps profit=$0.000 net=$-0.021"}
{"level":30,"time":1790817571085,"pid":1070,"hostname":"vm","msg":"  SUSHI>WETH@UniswapV3/3000 WETH>SUSHI@SushiV3/100 in=3.695 SUSHI gap=69.1bps profit=$0.002 net=$-0.036"}
{"level":30,"time":1790817583624,"pid":1070,"hostname":"vm","block":26094134,"gross":119,"net":0,"sumNetUsd":0,"gasPriceGwei":0.071213441,"txCostUsd":0.0478,"syncMs":161,"searchMs":126,"msg":"block scanned"}
{"level":30,"time":1790817583624,"pid":1070,"hostname":"vm","msg":"  DOGEGF>WETH@SushiV2 WETH>DOGEGF@UniswapV3/500 in=1.003e+11 DOGEGF gap=50.2bps profit=$0.003 net=$-0.028"}
{"level":30,"time":1790817583624,"pid":1070,"hostname":"vm","msg":"  DOGEGF>WETH@UniswapV2 WETH>DOGEGF@UniswapV3/500 in=1.174e+10 DOGEGF gap=36.4bps profit=$0.000 net=$-0.031"}
{"level":30,"time":1790817583624,"pid":1070,"hostname":"vm","msg":"  SPC>WETH@SushiV3/3000 WETH>SPC@UniswapV2 in=110.4 SPC gap=101.6bps profit=$0.002 net=$-0.029"}
{"level":30,"time":1790817583624,"pid":1070,"hostname":"vm","msg":"  ALEPH>WETH@SushiV2 WETH>ALEPH@UniswapV2 in=25.33 ALEPH gap=77.5bps profit=$0.000 net=$-0.021"}
{"level":30,"time":1790817583624,"pid":1070,"hostname":"vm","msg":"  SUSHI>WETH@UniswapV3/3000 WETH>SUSHI@SushiV3/100 in=3.695 SUSHI gap=69.1bps profit=$0.002 net=$-0.037"}
{"level":30,"time":1790817590153,"pid":1070,"hostname":"vm","block":26094135,"gross":118,"net":0,"sumNetUsd":0,"gasPriceGwei":0.071502621,"txCostUsd":0.048,"syncMs":283,"searchMs":121,"msg":"block scanned"}
{"level":30,"time":1790817590153,"pid":1070,"hostname":"vm","msg":"  DOGEGF>WETH@SushiV2 WETH>DOGEGF@UniswapV3/500 in=1.003e+11 DOGEGF gap=50.2bps profit=$0.003 net=$-0.028"}
{"level":30,"time":1790817590153,"pid":1070,"hostname":"vm","msg":"  DOGEGF>WETH@UniswapV2 WETH>DOGEGF@UniswapV3/500 in=1.174e+10 DOGEGF gap=36.4bps profit=$0.000 net=$-0.031"}
{"level":30,"time":1790817590153,"pid":1070,"hostname":"vm","msg":"  SPC>WETH@SushiV3/3000 WETH>SPC@UniswapV2 in=110.4 SPC gap=101.6bps profit=$0.002 net=$-0.029"}
{"level":30,"time":1790817590153,"pid":1070,"hostname":"vm","msg":"  ALEPH>WETH@SushiV2 WETH>ALEPH@UniswapV2 in=25.33 ALEPH gap=77.5bps profit=$0.000 net=$-0.022"}
{"level":30,"time":1790817590153,"pid":1070,"hostname":"vm","msg":"  SUSHI>WETH@UniswapV3/3000 WETH>SUSHI@SushiV3/100 in=3.695 SUSHI gap=69.1bps profit=$0.002 net=$-0.038"}
{"level":30,"time":1790817602678,"pid":1070,"hostname":"vm","block":26094136,"gross":113,"net":0,"sumNetUsd":0,"gasPriceGwei":0.069241009,"txCostUsd":0.0465,"syncMs":166,"searchMs":122,"msg":"block scanned"}
{"level":30,"time":1790817602678,"pid":1070,"hostname":"vm","msg":"  DOGEGF>WETH@SushiV2 WETH>DOGEGF@UniswapV3/500 in=1.003e+11 DOGEGF gap=50.2bps profit=$0.003 net=$-0.027"}
{"level":30,"time":1790817602678,"pid":1070,"hostname":"vm","msg":"  DOGEGF>WETH@UniswapV2 WETH>DOGEGF@UniswapV3/500 in=1.174e+10 DOGEGF gap=36.4bps profit=$0.000 net=$-0.030"}
{"level":30,"time":1790817602678,"pid":1070,"hostname":"vm","msg":"  SPC>WETH@SushiV3/3000 WETH>SPC@UniswapV2 in=110.4 SPC gap=101.6bps profit=$0.002 net=$-0.028"}
{"level":30,"time":1790817602678,"pid":1070,"hostname":"vm","msg":"  ALEPH>WETH@SushiV2 WETH>ALEPH@UniswapV2 in=25.33 ALEPH gap=77.5bps profit=$0.000 net=$-0.021"}
{"level":30,"time":1790817602678,"pid":1070,"hostname":"vm","msg":"  SUSHI>WETH@UniswapV3/3000 WETH>SUSHI@SushiV3/100 in=3.695 SUSHI gap=69.1bps profit=$0.002 net=$-0.036"}
{"level":30,"time":1790817615280,"pid":1070,"hostname":"vm","block":26094137,"gross":125,"net":0,"sumNetUsd":0,"gasPriceGwei":0.068132547,"txCostUsd":0.0457,"syncMs":218,"searchMs":143,"msg":"block scanned"}
{"level":30,"time":1790817615280,"pid":1070,"hostname":"vm","msg":"  DOGEGF>WETH@SushiV2 WETH>DOGEGF@UniswapV3/500 in=1.003e+11 DOGEGF gap=50.2bps profit=$0.003 net=$-0.026"}
{"level":30,"time":1790817615280,"pid":1070,"hostname":"vm","msg":"  DOGEGF>WETH@UniswapV2 WETH>DOGEGF@UniswapV3/500 in=1.174e+10 DOGEGF gap=36.4bps profit=$0.000 net=$-0.029"}
{"level":30,"time":1790817615280,"pid":1070,"hostname":"vm","msg":"  SPC>WETH@SushiV3/3000 WETH>SPC@UniswapV2 in=110.4 SPC gap=101.6bps profit=$0.002 net=$-0.028"}
{"level":30,"time":1790817615280,"pid":1070,"hostname":"vm","msg":"  ALEPH>WETH@SushiV2 WETH>ALEPH@UniswapV2 in=25.33 ALEPH gap=77.5bps profit=$0.000 net=$-0.020"}
{"level":30,"time":1790817615280,"pid":1070,"hostname":"vm","msg":"  SUSHI>WETH@UniswapV3/3000 WETH>SUSHI@SushiV3/100 in=3.695 SUSHI gap=69.1bps profit=$0.002 net=$-0.036"}
{"level":30,"time":1790817627889,"pid":1070,"hostname":"vm","block":26094138,"gross":123,"net":0,"sumNetUsd":0,"gasPriceGwei":0.070689804,"txCostUsd":0.0474,"syncMs":192,"searchMs":167,"msg":"block scanned"}
{"level":30,"time":1790817627889,"pid":1070,"hostname":"vm","msg":"  DOGEGF>WETH@SushiV2 WETH>DOGEGF@UniswapV3/500 in=1.003e+11 DOGEGF gap=50.2bps profit=$0.003 net=$-0.027"}
{"level":30,"time":1790817627889,"pid":1070,"hostname":"vm","msg":"  DOGEGF>WETH@UniswapV2 WETH>DOGEGF@UniswapV3/500 in=1.174e+10 DOGEGF gap=36.4bps profit=$0.000 net=$-0.030"}
{"level":30,"time":1790817627889,"pid":1070,"hostname":"vm","msg":"  SPC>WETH@SushiV3/3000 WETH>SPC@UniswapV2 in=110.4 SPC gap=101.6bps profit=$0.002 net=$-0.029"}
{"level":30,"time":1790817627889,"pid":1070,"hostname":"vm","msg":"  ALEPH>WETH@SushiV2 WETH>ALEPH@UniswapV2 in=25.33 ALEPH gap=77.5bps profit=$0.000 net=$-0.021"}
{"level":30,"time":1790817627889,"pid":1070,"hostname":"vm","msg":"  SUSHI>WETH@UniswapV3/3000 WETH>SUSHI@SushiV3/100 in=3.695 SUSHI gap=69.1bps profit=$0.002 net=$-0.037"}
{"level":30,"time":1790817640494,"pid":1070,"hostname":"vm","block":26094139,"gross":115,"net":0,"sumNetUsd":0,"gasPriceGwei":0.064748621,"txCostUsd":0.0435,"syncMs":198,"searchMs":150,"msg":"block scanned"}
{"level":30,"time":1790817640494,"pid":1070,"hostname":"vm","msg":"  DOGEGF>WETH@SushiV2 WETH>DOGEGF@UniswapV3/500 in=1.003e+11 DOGEGF gap=50.2bps profit=$0.003 net=$-0.025"}
{"level":30,"time":1790817640494,"pid":1070,"hostname":"vm","msg":"  DOGEGF>WETH@UniswapV2 WETH>DOGEGF@UniswapV3/500 in=1.174e+10 DOGEGF gap=36.4bps profit=$0.000 net=$-0.028"}
{"level":30,"time":1790817640494,"pid":1070,"hostname":"vm","msg":"  SPC>WETH@SushiV3/3000 WETH>SPC@UniswapV2 in=110.4 SPC gap=101.6bps profit=$0.002 net=$-0.026"}
{"level":30,"time":1790817640494,"pid":1070,"hostname":"vm","msg":"  ALEPH>WETH@SushiV2 WETH>ALEPH@UniswapV2 in=25.33 ALEPH gap=77.5bps profit=$0.000 net=$-0.019"}
{"level":30,"time":1790817640494,"pid":1070,"hostname":"vm","msg":"  SUSHI>WETH@UniswapV3/3000 WETH>SUSHI@SushiV3/100 in=3.695 SUSHI gap=69.1bps profit=$0.002 net=$-0.034"}
{"level":30,"time":1790817653160,"pid":1070,"hostname":"vm","block":26094140,"gross":114,"net":0,"sumNetUsd":0,"gasPriceGwei":0.072841551,"txCostUsd":0.0489,"syncMs":303,"searchMs":171,"msg":"block scanned"}
{"level":30,"time":1790817653160,"pid":1070,"hostname":"vm","msg":"  DOGEGF>WETH@SushiV2 WETH>DOGEGF@UniswapV3/500 in=1.003e+11 DOGEGF gap=50.2bps profit=$0.003 net=$-0.028"}
{"level":30,"time":1790817653160,"pid":1070,"hostname":"vm","msg":"  DOGEGF>WETH@UniswapV2 WETH>DOGEGF@UniswapV3/500 in=1.174e+10 DOGEGF gap=36.4bps profit=$0.000 net=$-0.031"}
{"level":30,"time":1790817653160,"pid":1070,"hostname":"vm","msg":"  SPC>WETH@SushiV3/3000 WETH>SPC@UniswapV2 in=110.4 SPC gap=101.6bps profit=$0.002 net=$-0.030"}
{"level":30,"time":1790817653160,"pid":1070,"hostname":"vm","msg":"  ALEPH>WETH@SushiV2 WETH>ALEPH@UniswapV2 in=25.33 ALEPH gap=77.5bps profit=$0.000 net=$-0.022"}
{"level":30,"time":1790817653160,"pid":1070,"hostname":"vm","msg":"  SUSHI>WETH@UniswapV3/3000 WETH>SUSHI@SushiV3/100 in=3.695 SUSHI gap=69.1bps profit=$0.002 net=$-0.038"}
{"level":30,"time":1790817665746,"pid":1070,"hostname":"vm","block":26094141,"gross":127,"net":0,"sumNetUsd":0,"gasPriceGwei":0.072516947,"txCostUsd":0.0487,"syncMs":194,"searchMs":178,"msg":"block scanned"}
{"level":30,"time":1790817665746,"pid":1070,"hostname":"vm","msg":"  DOGEGF>WETH@SushiV2 WETH>DOGEGF@UniswapV3/500 in=1.003e+11 DOGEGF gap=50.2bps profit=$0.003 net=$-0.028"}
{"level":30,"time":1790817665746,"pid":1070,"hostname":"vm","msg":"  DOGEGF>WETH@UniswapV2 WETH>DOGEGF@UniswapV3/500 in=1.174e+10 DOGEGF gap=36.4bps profit=$0.000 net=$-0.031"}
{"level":30,"time":1790817665746,"pid":1070,"hostname":"vm","msg":"  SPC>WETH@SushiV3/3000 WETH>SPC@UniswapV2 in=110.4 SPC gap=101.6bps profit=$0.002 net=$-0.029"}
{"level":30,"time":1790817665746,"pid":1070,"hostname":"vm","msg":"  ALEPH>WETH@SushiV2 WETH>ALEPH@UniswapV2 in=25.33 ALEPH gap=77.5bps profit=$0.000 net=$-0.022"}
{"level":30,"time":1790817665746,"pid":1070,"hostname":"vm","msg":"  SUSHI>WETH@UniswapV3/3000 WETH>SUSHI@SushiV3/100 in=3.695 SUSHI gap=69.1bps profit=$0.002 net=$-0.038"}
{"level":30,"time":1790817682570,"pid":1070,"hostname":"vm","block":26094142,"gross":127,"net":0,"sumNetUsd":0,"gasPriceGwei":0.075938015,"txCostUsd":0.051,"syncMs":4423,"searchMs":164,"msg":"block scanned"}
{"level":30,"time":1790817682570,"pid":1070,"hostname":"vm","msg":"  DOGEGF>WETH@SushiV2 WETH>DOGEGF@UniswapV3/500 in=1.003e+11 DOGEGF gap=50.2bps profit=$0.003 net=$-0.030"}
{"level":30,"time":1790817682570,"pid":1070,"hostname":"vm","msg":"  DOGEGF>WETH@UniswapV2 WETH>DOGEGF@UniswapV3/500 in=1.174e+10 DOGEGF gap=36.4bps profit=$0.000 net=$-0.033"}
{"level":30,"time":1790817682570,"pid":1070,"hostname":"vm","msg":"  SPC>WETH@SushiV3/3000 WETH>SPC@UniswapV2 in=110.4 SPC gap=101.6bps profit=$0.002 net=$-0.031"}
{"level":30,"time":1790817682570,"pid":1070,"hostname":"vm","msg":"  ALEPH>WETH@SushiV2 WETH>ALEPH@UniswapV2 in=25.33 ALEPH gap=77.5bps profit=$0.000 net=$-0.023"}
{"level":30,"time":1790817682570,"pid":1070,"hostname":"vm","msg":"  SUSHI>WETH@UniswapV3/3000 WETH>SUSHI@SushiV3/100 in=3.695 SUSHI gap=69.1bps profit=$0.002 net=$-0.040"}
{"level":30,"time":1790817689158,"pid":1070,"hostname":"vm","block":26094143,"gross":145,"net":0,"sumNetUsd":0,"gasPriceGwei":0.069014356,"txCostUsd":0.0463,"syncMs":251,"searchMs":138,"msg":"block scanned"}
{"level":30,"time":1790817689158,"pid":1070,"hostname":"vm","msg":"  DOGEGF>WETH@SushiV2 WETH>DOGEGF@UniswapV3/500 in=1.003e+11 DOGEGF gap=50.2bps profit=$0.003 net=$-0.027"}
{"level":30,"time":1790817689158,"pid":1070,"hostname":"vm","msg":"  DOGEGF>WETH@UniswapV2 WETH>DOGEGF@UniswapV3/500 in=1.174e+10 DOGEGF gap=36.4bps profit=$0.000 net=$-0.030"}
{"level":30,"time":1790817689158,"pid":1070,"hostname":"vm","msg":"  SPC>WETH@SushiV3/3000 WETH>SPC@UniswapV2 in=110.4 SPC gap=101.6bps profit=$0.002 net=$-0.028"}
{"level":30,"time":1790817689158,"pid":1070,"hostname":"vm","msg":"  ALEPH>WETH@SushiV2 WETH>ALEPH@UniswapV2 in=25.33 ALEPH gap=77.5bps profit=$0.000 net=$-0.021"}
{"level":30,"time":1790817689158,"pid":1070,"hostname":"vm","msg":"  SUSHI>WETH@UniswapV3/3000 WETH>SUSHI@SushiV3/100 in=3.695 SUSHI gap=69.1bps profit=$0.002 net=$-0.036"}
{"level":30,"time":1790817701700,"pid":1070,"hostname":"vm","block":26094144,"gross":152,"net":15,"sumNetUsd":1.107,"gasPriceGwei":0.074558831,"txCostUsd":0.05,"syncMs":166,"searchMs":153,"msg":"block scanned"}
{"level":30,"time":1790817701700,"pid":1070,"hostname":"vm","msg":"  DOGEGF>WETH@SushiV2 WETH>DOGEGF@UniswapV3/500 in=1.003e+11 DOGEGF gap=50.2bps profit=$0.003 net=$-0.029"}
{"level":30,"time":1790817701700,"pid":1070,"hostname":"vm","msg":"  DOGEGF>WETH@UniswapV2 WETH>DOGEGF@UniswapV3/500 in=1.174e+10 DOGEGF gap=36.4bps profit=$0.000 net=$-0.032"}
{"level":30,"time":1790817701700,"pid":1070,"hostname":"vm","msg":"  SPC>WETH@SushiV3/3000 WETH>SPC@UniswapV2 in=110.4 SPC gap=101.6bps profit=$0.002 net=$-0.030"}
{"level":30,"time":1790817701700,"pid":1070,"hostname":"vm","msg":"  ALEPH>WETH@SushiV2 WETH>ALEPH@UniswapV2 in=25.33 ALEPH gap=77.5bps profit=$0.000 net=$-0.022"}
{"level":30,"time":1790817701700,"pid":1070,"hostname":"vm","msg":"  SUSHI>WETH@UniswapV3/3000 WETH>SUSHI@SushiV3/100 in=3.695 SUSHI gap=69.1bps profit=$0.002 net=$-0.039"}
{"level":30,"time":1790817714272,"pid":1070,"hostname":"vm","block":26094145,"gross":114,"net":0,"sumNetUsd":0,"gasPriceGwei":0.082703868,"txCostUsd":0.0555,"syncMs":173,"searchMs":156,"msg":"block scanned"}
{"level":30,"time":1790817714272,"pid":1070,"hostname":"vm","msg":"  DOGEGF>WETH@SushiV2 WETH>DOGEGF@UniswapV3/500 in=1.003e+11 DOGEGF gap=50.2bps profit=$0.003 net=$-0.033"}
{"level":30,"time":1790817714272,"pid":1070,"hostname":"vm","msg":"  DOGEGF>WETH@UniswapV2 WETH>DOGEGF@UniswapV3/500 in=1.174e+10 DOGEGF gap=36.4bps profit=$0.000 net=$-0.035"}
{"level":30,"time":1790817714272,"pid":1070,"hostname":"vm","msg":"  SPC>WETH@SushiV3/3000 WETH>SPC@UniswapV2 in=110.4 SPC gap=101.6bps profit=$0.002 net=$-0.034"}
{"level":30,"time":1790817714272,"pid":1070,"hostname":"vm","msg":"  ALEPH>WETH@SushiV2 WETH>ALEPH@UniswapV2 in=25.33 ALEPH gap=77.5bps profit=$0.000 net=$-0.025"}
{"level":30,"time":1790817714272,"pid":1070,"hostname":"vm","msg":"  SUSHI>WETH@UniswapV3/3000 WETH>SUSHI@SushiV3/100 in=3.695 SUSHI gap=69.1bps profit=$0.002 net=$-0.044"}
{"level":30,"time":1790817726898,"pid":1070,"hostname":"vm","block":26094146,"gross":119,"net":0,"sumNetUsd":0,"gasPriceGwei":0.081831854,"txCostUsd":0.0549,"syncMs":209,"searchMs":162,"msg":"block scanned"}
{"level":30,"time":1790817726898,"pid":1070,"hostname":"vm","msg":"  DOGEGF>WETH@SushiV2 WETH>DOGEGF@UniswapV3/500 in=1.003e+11 DOGEGF gap=50.2bps profit=$0.003 net=$-0.032"}
{"level":30,"time":1790817726898,"pid":1070,"hostname":"vm","msg":"  DOGEGF>WETH@UniswapV2 WETH>DOGEGF@UniswapV3/500 in=1.174e+10 DOGEGF gap=36.4bps profit=$0.000 net=$-0.035"}
{"level":30,"time":1790817726898,"pid":1070,"hostname":"vm","msg":"  SPC>WETH@SushiV3/3000 WETH>SPC@UniswapV2 in=110.4 SPC gap=101.6bps profit=$0.002 net=$-0.033"}
{"level":30,"time":1790817726898,"pid":1070,"hostname":"vm","msg":"  ALEPH>WETH@SushiV2 WETH>ALEPH@UniswapV2 in=25.33 ALEPH gap=77.5bps profit=$0.000 net=$-0.025"}
{"level":30,"time":1790817726898,"pid":1070,"hostname":"vm","msg":"  SUSHI>WETH@UniswapV3/3000 WETH>SUSHI@SushiV3/100 in=3.695 SUSHI gap=69.1bps profit=$0.002 net=$-0.043"}
{"level":30,"time":1790817733328,"pid":1070,"hostname":"vm","block":26094147,"gross":115,"net":0,"sumNetUsd":0,"gasPriceGwei":0.08011832,"txCostUsd":0.0538,"syncMs":147,"searchMs":136,"msg":"block scanned"}
{"level":30,"time":1790817733328,"pid":1070,"hostname":"vm","msg":"  DOGEGF>WETH@SushiV2 WETH>DOGEGF@UniswapV3/500 in=1.003e+11 DOGEGF gap=50.2bps profit=$0.003 net=$-0.031"}
{"level":30,"time":1790817733328,"pid":1070,"hostname":"vm","msg":"  DOGEGF>WETH@UniswapV2 WETH>DOGEGF@UniswapV3/500 in=1.174e+10 DOGEGF gap=36.4bps profit=$0.000 net=$-0.034"}
{"level":30,"time":1790817733328,"pid":1070,"hostname":"vm","msg":"  SPC>WETH@SushiV3/3000 WETH>SPC@UniswapV2 in=110.4 SPC gap=101.6bps profit=$0.002 net=$-0.033"}
{"level":30,"time":1790817733328,"pid":1070,"hostname":"vm","msg":"  ALEPH>WETH@SushiV2 WETH>ALEPH@UniswapV2 in=25.33 ALEPH gap=77.5bps profit=$0.000 net=$-0.024"}
{"level":30,"time":1790817733328,"pid":1070,"hostname":"vm","msg":"  SUSHI>WETH@UniswapV3/3000 WETH>SUSHI@SushiV3/100 in=3.695 SUSHI gap=69.1bps profit=$0.002 net=$-0.042"}
{"level":30,"time":1790817752081,"pid":1070,"hostname":"vm","block":26094148,"gross":140,"net":0,"sumNetUsd":0,"gasPriceGwei":0.083263914,"txCostUsd":0.0559,"syncMs":229,"searchMs":180,"msg":"block scanned"}
{"level":30,"time":1790817752081,"pid":1070,"hostname":"vm","msg":"  DOGEGF>WETH@SushiV2 WETH>DOGEGF@UniswapV3/500 in=1.003e+11 DOGEGF gap=50.2bps profit=$0.003 net=$-0.033"}
{"level":30,"time":1790817752081,"pid":1070,"hostname":"vm","msg":"  DOGEGF>WETH@UniswapV2 WETH>DOGEGF@UniswapV3/500 in=1.174e+10 DOGEGF gap=36.4bps profit=$0.000 net=$-0.036"}
{"level":30,"time":1790817752081,"pid":1070,"hostname":"vm","msg":"  SPC>WETH@SushiV3/3000 WETH>SPC@UniswapV2 in=110.4 SPC gap=101.6bps profit=$0.002 net=$-0.034"}
{"level":30,"time":1790817752081,"pid":1070,"hostname":"vm","msg":"  ALEPH>WETH@SushiV2 WETH>ALEPH@UniswapV2 in=25.33 ALEPH gap=77.5bps profit=$0.000 net=$-0.025"}
{"level":30,"time":1790817752081,"pid":1070,"hostname":"vm","msg":"  SUSHI>WETH@UniswapV3/3000 WETH>SUSHI@SushiV3/100 in=3.695 SUSHI gap=69.1bps profit=$0.002 net=$-0.044"}
{"level":30,"time":1790817758599,"pid":1070,"hostname":"vm","block":26094149,"gross":140,"net":0,"sumNetUsd":0,"gasPriceGwei":0.085279976,"txCostUsd":0.0572,"syncMs":209,"searchMs":153,"msg":"block scanned"}
{"level":30,"time":1790817758599,"pid":1070,"hostname":"vm","msg":"  DOGEGF>WETH@SushiV2 WETH>DOGEGF@UniswapV3/500 in=1.003e+11 DOGEGF gap=50.2bps profit=$0.003 net=$-0.034"}
{"level":30,"time":1790817758599,"pid":1070,"hostname":"vm","msg":"  DOGEGF>WETH@UniswapV2 WETH>DOGEGF@UniswapV3/500 in=1.174e+10 DOGEGF gap=36.4bps profit=$0.000 net=$-0.037"}
{"level":30,"time":1790817758599,"pid":1070,"hostname":"vm","msg":"  SPC>WETH@SushiV3/3000 WETH>SPC@UniswapV2 in=110.4 SPC gap=101.6bps profit=$0.002 net=$-0.035"}
{"level":30,"time":1790817758599,"pid":1070,"hostname":"vm","msg":"  ALEPH>WETH@SushiV2 WETH>ALEPH@UniswapV2 in=25.33 ALEPH gap=77.5bps profit=$0.000 net=$-0.026"}
{"level":30,"time":1790817758599,"pid":1070,"hostname":"vm","msg":"  SUSHI>WETH@UniswapV3/3000 WETH>SUSHI@SushiV3/100 in=3.695 SUSHI gap=69.1bps profit=$0.002 net=$-0.045"}
{"level":30,"time":1790817771208,"pid":1070,"hostname":"vm","block":26094150,"gross":128,"net":0,"sumNetUsd":0,"gasPriceGwei":0.07647602,"txCostUsd":0.0513,"syncMs":207,"searchMs":131,"msg":"block scanned"}
{"level":30,"time":1790817771208,"pid":1070,"hostname":"vm","msg":"  DOGEGF>WETH@SushiV2 WETH>DOGEGF@UniswapV3/500 in=1.003e+11 DOGEGF gap=50.2bps profit=$0.003 net=$-0.030"}
{"level":30,"time":1790817771208,"pid":1070,"hostname":"vm","msg":"  DOGEGF>WETH@UniswapV2 WETH>DOGEGF@UniswapV3/500 in=1.174e+10 DOGEGF gap=36.4bps profit=$0.000 net=$-0.033"}
{"level":30,"time":1790817771208,"pid":1070,"hostname":"vm","msg":"  SPC>WETH@SushiV3/3000 WETH>SPC@UniswapV2 in=110.4 SPC gap=101.6bps profit=$0.002 net=$-0.031"}
{"level":30,"time":1790817771208,"pid":1070,"hostname":"vm","msg":"  ALEPH>WETH@SushiV2 WETH>ALEPH@UniswapV2 in=25.33 ALEPH gap=77.5bps profit=$0.000 net=$-0.023"}
{"level":30,"time":1790817771208,"pid":1070,"hostname":"vm","msg":"  SUSHI>WETH@UniswapV3/3000 WETH>SUSHI@SushiV3/100 in=3.695 SUSHI gap=69.1bps profit=$0.002 net=$-0.040"}
{"level":30,"time":1790817783868,"pid":1070,"hostname":"vm","block":26094151,"gross":126,"net":0,"sumNetUsd":0,"gasPriceGwei":0.084675866,"txCostUsd":0.0568,"syncMs":208,"searchMs":194,"msg":"block scanned"}
{"level":30,"time":1790817783868,"pid":1070,"hostname":"vm","msg":"  DOGEGF>WETH@SushiV2 WETH>DOGEGF@UniswapV3/500 in=1.003e+11 DOGEGF gap=50.2bps profit=$0.003 net=$-0.033"}
{"level":30,"time":1790817783868,"pid":1070,"hostname":"vm","msg":"  DOGEGF>WETH@UniswapV2 WETH>DOGEGF@UniswapV3/500 in=1.174e+10 DOGEGF gap=36.4bps profit=$0.000 net=$-0.036"}
{"level":30,"time":1790817783868,"pid":1070,"hostname":"vm","msg":"  SPC>WETH@SushiV3/3000 WETH>SPC@UniswapV2 in=110.4 SPC gap=101.6bps profit=$0.002 net=$-0.035"}
{"level":30,"time":1790817783868,"pid":1070,"hostname":"vm","msg":"  ALEPH>WETH@SushiV2 WETH>ALEPH@UniswapV2 in=25.33 ALEPH gap=77.5bps profit=$0.000 net=$-0.026"}
{"level":30,"time":1790817783868,"pid":1070,"hostname":"vm","msg":"  SUSHI>WETH@UniswapV3/3000 WETH>SUSHI@SushiV3/100 in=3.695 SUSHI gap=69.1bps profit=$0.002 net=$-0.045"}
{"level":30,"time":1790817796454,"pid":1070,"hostname":"vm","block":26094152,"gross":120,"net":0,"sumNetUsd":0,"gasPriceGwei":0.084610521,"txCostUsd":0.0568,"syncMs":182,"searchMs":154,"msg":"block scanned"}
{"level":30,"time":1790817796454,"pid":1070,"hostname":"vm","msg":"  DOGEGF>WETH@SushiV2 WETH>DOGEGF@UniswapV3/500 in=1.003e+11 DOGEGF gap=50.2bps profit=$0.003 net=$-0.033"}
{"level":30,"time":1790817796454,"pid":1070,"hostname":"vm","msg":"  DOGEGF>WETH@UniswapV2 WETH>DOGEGF@UniswapV3/500 in=1.174e+10 DOGEGF gap=36.4bps profit=$0.000 net=$-0.036"}
{"level":30,"time":1790817796454,"pid":1070,"hostname":"vm","msg":"  SPC>WETH@SushiV3/3000 WETH>SPC@UniswapV2 in=110.4 SPC gap=101.6bps profit=$0.002 net=$-0.035"}
{"level":30,"time":1790817796454,"pid":1070,"hostname":"vm","msg":"  ALEPH>WETH@SushiV2 WETH>ALEPH@UniswapV2 in=25.33 ALEPH gap=77.5bps profit=$0.000 net=$-0.026"}
{"level":30,"time":1790817796454,"pid":1070,"hostname":"vm","msg":"  SUSHI>WETH@UniswapV3/3000 WETH>SUSHI@SushiV3/100 in=3.695 SUSHI gap=69.1bps profit=$0.002 net=$-0.045"}
{"level":30,"time":1790817809074,"pid":1070,"hostname":"vm","block":26094153,"gross":127,"net":0,"sumNetUsd":0,"gasPriceGwei":0.083902491,"txCostUsd":0.0563,"syncMs":249,"searchMs":140,"msg":"block scanned"}
{"level":30,"time":1790817809075,"pid":1070,"hostname":"vm","msg":"  DOGEGF>WETH@SushiV2 WETH>DOGEGF@UniswapV3/500 in=1.003e+11 DOGEGF gap=50.2bps profit=$0.003 net=$-0.033"}
{"level":30,"time":1790817809075,"pid":1070,"hostname":"vm","msg":"  DOGEGF>WETH@UniswapV2 WETH>DOGEGF@UniswapV3/500 in=1.174e+10 DOGEGF gap=36.4bps profit=$0.000 net=$-0.036"}
{"level":30,"time":1790817809075,"pid":1070,"hostname":"vm","msg":"  SPC>WETH@SushiV3/3000 WETH>SPC@UniswapV2 in=110.4 SPC gap=101.6bps profit=$0.002 net=$-0.034"}
{"level":30,"time":1790817809075,"pid":1070,"hostname":"vm","msg":"  ALEPH>WETH@SushiV2 WETH>ALEPH@UniswapV2 in=25.33 ALEPH gap=77.5bps profit=$0.000 net=$-0.025"}
{"level":30,"time":1790817809075,"pid":1070,"hostname":"vm","msg":"  SUSHI>WETH@UniswapV3/3000 WETH>SUSHI@SushiV3/100 in=3.695 SUSHI gap=69.1bps profit=$0.002 net=$-0.045"}
{"level":30,"time":1790817821642,"pid":1070,"hostname":"vm","block":26094154,"gross":129,"net":0,"sumNetUsd":0,"gasPriceGwei":0.086241327,"txCostUsd":0.0579,"syncMs":227,"searchMs":131,"msg":"block scanned"}
{"level":30,"time":1790817821642,"pid":1070,"hostname":"vm","msg":"  DOGEGF>WETH@SushiV2 WETH>DOGEGF@UniswapV3/500 in=1.003e+11 DOGEGF gap=50.2bps profit=$0.003 net=$-0.034"}
{"level":30,"time":1790817821642,"pid":1070,"hostname":"vm","msg":"  DOGEGF>WETH@UniswapV2 WETH>DOGEGF@UniswapV3/500 in=1.174e+10 DOGEGF gap=36.4bps profit=$0.000 net=$-0.037"}
{"level":30,"time":1790817821642,"pid":1070,"hostname":"vm","msg":"  SPC>WETH@SushiV3/3000 WETH>SPC@UniswapV2 in=110.4 SPC gap=101.6bps profit=$0.002 net=$-0.035"}
{"level":30,"time":1790817821642,"pid":1070,"hostname":"vm","msg":"  ALEPH>WETH@SushiV2 WETH>ALEPH@UniswapV2 in=25.33 ALEPH gap=77.5bps profit=$0.000 net=$-0.026"}
{"level":30,"time":1790817821642,"pid":1070,"hostname":"vm","msg":"  SUSHI>WETH@UniswapV3/3000 WETH>SUSHI@SushiV3/100 in=3.695 SUSHI gap=69.1bps profit=$0.002 net=$-0.046"}
{"level":30,"time":1790817834234,"pid":1070,"hostname":"vm","block":26094155,"gross":138,"net":0,"sumNetUsd":0,"gasPriceGwei":0.084420515,"txCostUsd":0.0567,"syncMs":189,"searchMs":152,"msg":"block scanned"}
{"level":30,"time":1790817834235,"pid":1070,"hostname":"vm","msg":"  DOGEGF>WETH@SushiV2 WETH>DOGEGF@UniswapV3/500 in=1.003e+11 DOGEGF gap=50.2bps profit=$0.003 net=$-0.033"}
{"level":30,"time":1790817834235,"pid":1070,"hostname":"vm","msg":"  DOGEGF>WETH@UniswapV2 WETH>DOGEGF@UniswapV3/500 in=1.174e+10 DOGEGF gap=36.4bps profit=$0.000 net=$-0.036"}
{"level":30,"time":1790817834235,"pid":1070,"hostname":"vm","msg":"  SPC>WETH@SushiV3/3000 WETH>SPC@UniswapV2 in=110.4 SPC gap=101.6bps profit=$0.002 net=$-0.035"}
{"level":30,"time":1790817834235,"pid":1070,"hostname":"vm","msg":"  ALEPH>WETH@SushiV2 WETH>ALEPH@UniswapV2 in=25.33 ALEPH gap=77.5bps profit=$0.000 net=$-0.025"}
{"level":30,"time":1790817834235,"pid":1070,"hostname":"vm","msg":"  SUSHI>WETH@UniswapV3/3000 WETH>SUSHI@SushiV3/100 in=3.695 SUSHI gap=69.1bps profit=$0.002 net=$-0.045"}
{"level":30,"time":1790817846885,"pid":1070,"hostname":"vm","block":26094156,"gross":146,"net":0,"sumNetUsd":0,"gasPriceGwei":0.088906487,"txCostUsd":0.0597,"syncMs":263,"searchMs":169,"msg":"block scanned"}
{"level":30,"time":1790817846885,"pid":1070,"hostname":"vm","msg":"  DOGEGF>WETH@SushiV2 WETH>DOGEGF@UniswapV3/500 in=1.003e+11 DOGEGF gap=50.2bps profit=$0.003 net=$-0.035"}
{"level":30,"time":1790817846885,"pid":1070,"hostname":"vm","msg":"  DOGEGF>WETH@UniswapV2 WETH>DOGEGF@UniswapV3/500 in=1.174e+10 DOGEGF gap=36.4bps profit=$0.000 net=$-0.038"}
{"level":30,"time":1790817846885,"pid":1070,"hostname":"vm","msg":"  SPC>WETH@SushiV3/3000 WETH>SPC@UniswapV2 in=110.4 SPC gap=101.6bps profit=$0.002 net=$-0.036"}
{"level":30,"time":1790817846885,"pid":1070,"hostname":"vm","msg":"  ALEPH>WETH@SushiV2 WETH>ALEPH@UniswapV2 in=25.33 ALEPH gap=77.5bps profit=$0.000 net=$-0.027"}
{"level":30,"time":1790817846885,"pid":1070,"hostname":"vm","msg":"  SUSHI>WETH@UniswapV3/3000 WETH>SUSHI@SushiV3/100 in=3.695 SUSHI gap=69.1bps profit=$0.002 net=$-0.047"}
{"level":30,"time":1790817858865,"pid":1070,"hostname":"vm","block":26094157,"gross":136,"net":0,"sumNetUsd":0,"gasPriceGwei":0.088241864,"txCostUsd":0.0592,"syncMs":5677,"searchMs":157,"msg":"block scanned"}
{"level":30,"time":1790817858865,"pid":1070,"hostname":"vm","msg":"  DOGEGF>WETH@SushiV2 WETH>DOGEGF@UniswapV3/500 in=1.003e+11 DOGEGF gap=50.2bps profit=$0.003 net=$-0.035"}
{"level":30,"time":1790817858865,"pid":1070,"hostname":"vm","msg":"  DOGEGF>WETH@UniswapV2 WETH>DOGEGF@UniswapV3/500 in=1.174e+10 DOGEGF gap=36.4bps profit=$0.000 net=$-0.038"}
{"level":30,"time":1790817858865,"pid":1070,"hostname":"vm","msg":"  SPC>WETH@SushiV3/3000 WETH>SPC@UniswapV2 in=110.4 SPC gap=101.6bps profit=$0.002 net=$-0.036"}
{"level":30,"time":1790817858865,"pid":1070,"hostname":"vm","msg":"  ALEPH>WETH@SushiV2 WETH>ALEPH@UniswapV2 in=25.33 ALEPH gap=77.5bps profit=$0.000 net=$-0.027"}
{"level":30,"time":1790817858865,"pid":1070,"hostname":"vm","msg":"  SUSHI>WETH@SushiV3/3000 WETH>SUSHI@SushiV3/100 in=4.650 SUSHI gap=61.8bps profit=$0.002 net=$-0.047"}
{"level":30,"time":1790817865397,"pid":1070,"hostname":"vm","block":26094158,"gross":131,"net":0,"sumNetUsd":0,"gasPriceGwei":0.086106522,"txCostUsd":0.0578,"syncMs":168,"searchMs":162,"msg":"block scanned"}
{"level":30,"time":1790817865397,"pid":1070,"hostname":"vm","msg":"  DOGEGF>WETH@SushiV2 WETH>DOGEGF@UniswapV3/500 in=1.003e+11 DOGEGF gap=50.2bps profit=$0.003 net=$-0.034"}
{"level":30,"time":1790817865397,"pid":1070,"hostname":"vm","msg":"  DOGEGF>WETH@UniswapV2 WETH>DOGEGF@UniswapV3/500 in=1.174e+10 DOGEGF gap=36.4bps profit=$0.000 net=$-0.037"}
{"level":30,"time":1790817865397,"pid":1070,"hostname":"vm","msg":"  SPC>WETH@SushiV3/3000 WETH>SPC@UniswapV2 in=110.4 SPC gap=101.6bps profit=$0.002 net=$-0.035"}
{"level":30,"time":1790817865397,"pid":1070,"hostname":"vm","msg":"  ALEPH>WETH@SushiV2 WETH>ALEPH@UniswapV2 in=25.33 ALEPH gap=77.5bps profit=$0.000 net=$-0.026"}
{"level":30,"time":1790817865397,"pid":1070,"hostname":"vm","msg":"  SUSHI>WETH@SushiV3/3000 WETH>SUSHI@SushiV3/100 in=4.650 SUSHI gap=61.8bps profit=$0.002 net=$-0.046"}
{"level":30,"time":1790817878021,"pid":1070,"hostname":"vm","block":26094159,"gross":135,"net":0,"sumNetUsd":0,"gasPriceGwei":0.092267876,"txCostUsd":0.0619,"syncMs":224,"searchMs":157,"msg":"block scanned"}
{"level":30,"time":1790817878021,"pid":1070,"hostname":"vm","msg":"  DOGEGF>WETH@SushiV2 WETH>DOGEGF@UniswapV3/500 in=1.003e+11 DOGEGF gap=50.2bps profit=$0.003 net=$-0.037"}
{"level":30,"time":1790817878021,"pid":1070,"hostname":"vm","msg":"  DOGEGF>WETH@UniswapV2 WETH>DOGEGF@UniswapV3/500 in=1.174e+10 DOGEGF gap=36.4bps profit=$0.000 net=$-0.040"}
{"level":30,"time":1790817878021,"pid":1070,"hostname":"vm","msg":"  SPC>WETH@SushiV3/3000 WETH>SPC@UniswapV2 in=110.4 SPC gap=101.6bps profit=$0.002 net=$-0.038"}
{"level":30,"time":1790817878021,"pid":1070,"hostname":"vm","msg":"  ALEPH>WETH@SushiV2 WETH>ALEPH@UniswapV2 in=25.33 ALEPH gap=77.5bps profit=$0.000 net=$-0.028"}
{"level":30,"time":1790817878021,"pid":1070,"hostname":"vm","msg":"  SUSHI>WETH@SushiV3/3000 WETH>SUSHI@SushiV3/100 in=4.650 SUSHI gap=61.8bps profit=$0.002 net=$-0.049"}
{"level":30,"time":1790817896661,"pid":1070,"hostname":"vm","block":26094160,"gross":160,"net":12,"sumNetUsd":0.617,"gasPriceGwei":0.083132853,"txCostUsd":0.0558,"syncMs":144,"searchMs":147,"msg":"block scanned"}
{"level":30,"time":1790817896662,"pid":1070,"hostname":"vm","msg":"  DOGEGF>WETH@SushiV2 WETH>DOGEGF@UniswapV3/500 in=1.003e+11 DOGEGF gap=50.2bps profit=$0.003 net=$-0.033"}
{"level":30,"time":1790817896662,"pid":1070,"hostname":"vm","msg":"  DOGEGF>WETH@UniswapV2 WETH>DOGEGF@UniswapV3/500 in=1.174e+10 DOGEGF gap=36.4bps profit=$0.000 net=$-0.036"}
{"level":30,"time":1790817896662,"pid":1070,"hostname":"vm","msg":"  SPC>WETH@SushiV3/3000 WETH>SPC@UniswapV2 in=110.4 SPC gap=101.6bps profit=$0.002 net=$-0.034"}
{"level":30,"time":1790817896662,"pid":1070,"hostname":"vm","msg":"  ALEPH>WETH@SushiV2 WETH>ALEPH@UniswapV2 in=25.33 ALEPH gap=77.5bps profit=$0.000 net=$-0.025"}
{"level":30,"time":1790817896662,"pid":1070,"hostname":"vm","msg":"  SUSHI>WETH@SushiV3/3000 WETH>SUSHI@SushiV3/100 in=4.650 SUSHI gap=61.8bps profit=$0.002 net=$-0.044"}
{"level":30,"time":1790817903131,"pid":1070,"hostname":"vm","block":26094161,"gross":147,"net":0,"sumNetUsd":0,"gasPriceGwei":0.090986044,"txCostUsd":0.0611,"syncMs":163,"searchMs":154,"msg":"block scanned"}
{"level":30,"time":1790817903131,"pid":1070,"hostname":"vm","msg":"  DOGEGF>WETH@SushiV2 WETH>DOGEGF@UniswapV3/500 in=1.003e+11 DOGEGF gap=50.2bps profit=$0.003 net=$-0.036"}
{"level":30,"time":1790817903131,"pid":1070,"hostname":"vm","msg":"  DOGEGF>WETH@UniswapV2 WETH>DOGEGF@UniswapV3/500 in=1.174e+10 DOGEGF gap=36.4bps profit=$0.000 net=$-0.039"}
{"level":30,"time":1790817903131,"pid":1070,"hostname":"vm","msg":"  SPC>WETH@SushiV3/3000 WETH>SPC@UniswapV2 in=110.4 SPC gap=101.6bps profit=$0.002 net=$-0.037"}
{"level":30,"time":1790817903131,"pid":1070,"hostname":"vm","msg":"  ENA>WETH@UniswapV3/3000 WETH>ENA@UniswapV3/500 in=53.79 ENA gap=63bps profit=$0.020 net=$-0.030"}
{"level":30,"time":1790817903131,"pid":1070,"hostname":"vm","msg":"  ALEPH>WETH@SushiV2 WETH>ALEPH@UniswapV2 in=25.33 ALEPH gap=77.5bps profit=$0.000 net=$-0.027"}
{"level":30,"time":1790817915690,"pid":1070,"hostname":"vm","block":26094162,"gross":119,"net":0,"sumNetUsd":0,"gasPriceGwei":0.092555884,"txCostUsd":0.0621,"syncMs":204,"searchMs":125,"msg":"block scanned"}
{"level":30,"time":1790817915690,"pid":1070,"hostname":"vm","msg":"  DOGEGF>WETH@SushiV2 WETH>DOGEGF@UniswapV3/500 in=1.003e+11 DOGEGF gap=50.2bps profit=$0.003 net=$-0.037"}
{"level":30,"time":1790817915690,"pid":1070,"hostname":"vm","msg":"  DOGEGF>WETH@UniswapV2 WETH>DOGEGF@UniswapV3/500 in=1.174e+10 DOGEGF gap=36.4bps profit=$0.000 net=$-0.040"}
{"level":30,"time":1790817915690,"pid":1070,"hostname":"vm","msg":"  SPC>WETH@SushiV3/3000 WETH>SPC@UniswapV2 in=110.4 SPC gap=101.6bps profit=$0.002 net=$-0.038"}
{"level":30,"time":1790817915690,"pid":1070,"hostname":"vm","msg":"  ALEPH>WETH@SushiV2 WETH>ALEPH@UniswapV2 in=25.33 ALEPH gap=77.5bps profit=$0.000 net=$-0.028"}
{"level":30,"time":1790817915690,"pid":1070,"hostname":"vm","msg":"  SUSHI>WETH@SushiV3/3000 WETH>SUSHI@SushiV3/100 in=4.650 SUSHI gap=61.8bps profit=$0.002 net=$-0.049"}
{"level":30,"time":1790817928406,"pid":1070,"hostname":"vm","block":26094163,"gross":145,"net":0,"sumNetUsd":0,"gasPriceGwei":0.094803583,"txCostUsd":0.0636,"syncMs":250,"searchMs":172,"msg":"block scanned"}
{"level":30,"time":1790817928406,"pid":1070,"hostname":"vm","msg":"  DOGEGF>WETH@SushiV2 WETH>DOGEGF@UniswapV3/500 in=1.003e+11 DOGEGF gap=50.2bps profit=$0.003 net=$-0.038"}
{"level":30,"time":1790817928406,"pid":1070,"hostname":"vm","msg":"  DOGEGF>WETH@UniswapV2 WETH>DOGEGF@UniswapV3/500 in=1.174e+10 DOGEGF gap=36.4bps profit=$0.000 net=$-0.041"}
{"level":30,"time":1790817928406,"pid":1070,"hostname":"vm","msg":"  SPC>WETH@SushiV3/3000 WETH>SPC@UniswapV2 in=110.4 SPC gap=101.6bps profit=$0.002 net=$-0.039"}
{"level":30,"time":1790817928406,"pid":1070,"hostname":"vm","msg":"  ALEPH>WETH@SushiV2 WETH>ALEPH@UniswapV2 in=25.33 ALEPH gap=77.5bps profit=$0.000 net=$-0.029"}
{"level":30,"time":1790817928406,"pid":1070,"hostname":"vm","msg":"  SUSHI>WETH@SushiV3/3000 WETH>SUSHI@SushiV3/100 in=4.650 SUSHI gap=61.8bps profit=$0.002 net=$-0.050"}
{"level":30,"time":1790817940972,"pid":1070,"hostname":"vm","block":26094164,"gross":157,"net":0,"sumNetUsd":0,"gasPriceGwei":0.102987114,"txCostUsd":0.0691,"syncMs":169,"searchMs":157,"msg":"block scanned"}
{"level":30,"time":1790817940972,"pid":1070,"hostname":"vm","msg":"  DOGEGF>WETH@SushiV2 WETH>DOGEGF@UniswapV3/500 in=1.003e+11 DOGEGF gap=50.2bps profit=$0.003 net=$-0.041"}
{"level":30,"time":1790817940972,"pid":1070,"hostname":"vm","msg":"  DOGEGF>WETH@UniswapV2 WETH>DOGEGF@UniswapV3/500 in=1.174e+10 DOGEGF gap=36.4bps profit=$0.000 net=$-0.044"}
{"level":30,"time":1790817940972,"pid":1070,"hostname":"vm","msg":"  SPC>WETH@SushiV3/3000 WETH>SPC@UniswapV2 in=110.4 SPC gap=101.6bps profit=$0.002 net=$-0.043"}
{"level":30,"time":1790817940972,"pid":1070,"hostname":"vm","msg":"  ALEPH>WETH@SushiV2 WETH>ALEPH@UniswapV2 in=25.33 ALEPH gap=77.5bps profit=$0.000 net=$-0.031"}
{"level":30,"time":1790817940972,"pid":1070,"hostname":"vm","msg":"  SUSHI>WETH@SushiV2 WETH>SUSHI@SushiV3/100 in=5.610 SUSHI gap=68.3bps profit=$0.003 net=$-0.041"}
{"level":30,"time":1790817953558,"pid":1070,"hostname":"vm","block":26094165,"gross":161,"net":0,"sumNetUsd":0,"gasPriceGwei":0.106561557,"txCostUsd":0.0715,"syncMs":186,"searchMs":164,"msg":"block scanned"}
{"level":30,"time":1790817953558,"pid":1070,"hostname":"vm","msg":"  DOGEGF>WETH@SushiV2 WETH>DOGEGF@UniswapV3/500 in=1.003e+11 DOGEGF gap=50.2bps profit=$0.003 net=$-0.043"}
{"level":30,"time":1790817953558,"pid":1070,"hostname":"vm","msg":"  DOGEGF>WETH@UniswapV2 WETH>DOGEGF@UniswapV3/500 in=1.174e+10 DOGEGF gap=36.4bps profit=$0.000 net=$-0.046"}
{"level":30,"time":1790817953558,"pid":1070,"hostname":"vm","msg":"  SPC>WETH@SushiV3/3000 WETH>SPC@UniswapV2 in=110.4 SPC gap=101.6bps profit=$0.002 net=$-0.044"}
{"level":30,"time":1790817953558,"pid":1070,"hostname":"vm","msg":"  ALEPH>WETH@SushiV2 WETH>ALEPH@UniswapV2 in=25.33 ALEPH gap=77.5bps profit=$0.000 net=$-0.032"}
{"level":30,"time":1790817953558,"pid":1070,"hostname":"vm","msg":"  SUSHI>WETH@SushiV2 WETH>SUSHI@SushiV3/100 in=5.610 SUSHI gap=68.3bps profit=$0.003 net=$-0.043"}
{"level":30,"time":1790817966170,"pid":1070,"hostname":"vm","block":26094166,"gross":161,"net":0,"sumNetUsd":0,"gasPriceGwei":0.10538743,"txCostUsd":0.0707,"syncMs":212,"searchMs":140,"msg":"block scanned"}
{"level":30,"time":1790817966170,"pid":1070,"hostname":"vm","msg":"  DOGEGF>WETH@SushiV2 WETH>DOGEGF@UniswapV3/500 in=1.003e+11 DOGEGF gap=50.2bps profit=$0.003 net=$-0.042"}
{"level":30,"time":1790817966170,"pid":1070,"hostname":"vm","msg":"  DOGEGF>WETH@UniswapV2 WETH>DOGEGF@UniswapV3/500 in=1.174e+10 DOGEGF gap=36.4bps profit=$0.000 net=$-0.045"}
{"level":30,"time":1790817966170,"pid":1070,"hostname":"vm","msg":"  SPC>WETH@SushiV3/3000 WETH>SPC@UniswapV2 in=110.4 SPC gap=101.6bps profit=$0.002 net=$-0.044"}
{"level":30,"time":1790817966170,"pid":1070,"hostname":"vm","msg":"  ALEPH>WETH@SushiV2 WETH>ALEPH@UniswapV2 in=25.33 ALEPH gap=77.5bps profit=$0.000 net=$-0.032"}
{"level":30,"time":1790817966170,"pid":1070,"hostname":"vm","msg":"  SUSHI>WETH@SushiV2 WETH>SUSHI@SushiV3/100 in=5.610 SUSHI gap=68.3bps profit=$0.003 net=$-0.042"}
{"level":30,"time":1790817978814,"pid":1070,"hostname":"vm","block":26094167,"gross":147,"net":0,"sumNetUsd":0,"gasPriceGwei":0.095782113,"txCostUsd":0.0643,"syncMs":221,"searchMs":180,"msg":"block scanned"}
{"level":30,"time":1790817978814,"pid":1070,"hostname":"vm","msg":"  DOGEGF>WETH@SushiV2 WETH>DOGEGF@UniswapV3/500 in=1.003e+11 DOGEGF gap=50.2bps profit=$0.003 net=$-0.038"}
{"level":30,"time":1790817978814,"pid":1070,"hostname":"vm","msg":"  DOGEGF>WETH@UniswapV2 WETH>DOGEGF@UniswapV3/500 in=1.174e+10 DOGEGF gap=36.4bps profit=$0.000 net=$-0.041"}
{"level":30,"time":1790817978814,"pid":1070,"hostname":"vm","msg":"  SPC>WETH@SushiV3/3000 WETH>SPC@UniswapV2 in=110.4 SPC gap=101.6bps profit=$0.002 net=$-0.039"}
{"level":30,"time":1790817978814,"pid":1070,"hostname":"vm","msg":"  ALEPH>WETH@SushiV2 WETH>ALEPH@UniswapV2 in=25.33 ALEPH gap=77.5bps profit=$0.000 net=$-0.029"}
{"level":30,"time":1790817978814,"pid":1070,"hostname":"vm","msg":"  SUSHI>WETH@SushiV2 WETH>SUSHI@SushiV3/100 in=5.610 SUSHI gap=68.3bps profit=$0.003 net=$-0.038"}
{"level":30,"time":1790817991392,"pid":1070,"hostname":"vm","block":26094168,"gross":162,"net":0,"sumNetUsd":0,"gasPriceGwei":0.107294938,"txCostUsd":0.072,"syncMs":177,"searchMs":177,"msg":"block scanned"}
{"level":30,"time":1790817991392,"pid":1070,"hostname":"vm","msg":"  DOGEGF>WETH@SushiV2 WETH>DOGEGF@UniswapV3/500 in=1.003e+11 DOGEGF gap=50.2bps profit=$0.003 net=$-0.043"}
{"level":30,"time":1790817991392,"pid":1070,"hostname":"vm","msg":"  DOGEGF>WETH@UniswapV2 WETH>DOGEGF@UniswapV3/500 in=1.174e+10 DOGEGF gap=36.4bps profit=$0.000 net=$-0.046"}
{"level":30,"time":1790817991392,"pid":1070,"hostname":"vm","msg":"  SPC>WETH@SushiV3/3000 WETH>SPC@UniswapV2 in=110.4 SPC gap=101.6bps profit=$0.002 net=$-0.044"}
{"level":30,"time":1790817991392,"pid":1070,"hostname":"vm","msg":"  ALEPH>WETH@SushiV2 WETH>ALEPH@UniswapV2 in=25.33 ALEPH gap=77.5bps profit=$0.000 net=$-0.032"}
{"level":30,"time":1790817991392,"pid":1070,"hostname":"vm","msg":"  SUSHI>WETH@SushiV3/3000 WETH>SUSHI@SushiV3/100 in=6.865 SUSHI gap=76.5bps profit=$0.004 net=$-0.055"}
{"level":30,"time":1790817997953,"pid":1070,"hostname":"vm","block":26094169,"gross":147,"net":0,"sumNetUsd":0,"gasPriceGwei":0.108494827,"txCostUsd":0.0728,"syncMs":204,"searchMs":219,"msg":"block scanned"}
{"level":30,"time":1790817997953,"pid":1070,"hostname":"vm","msg":"  DOGEGF>WETH@SushiV2 WETH>DOGEGF@UniswapV3/500 in=1.003e+11 DOGEGF gap=50.2bps profit=$0.003 net=$-0.044"}
{"level":30,"time":1790817997953,"pid":1070,"hostname":"vm","msg":"  DOGEGF>WETH@UniswapV2 WETH>DOGEGF@UniswapV3/500 in=1.174e+10 DOGEGF gap=36.4bps profit=$0.000 net=$-0.047"}
{"level":30,"time":1790817997953,"pid":1070,"hostname":"vm","msg":"  SPC>WETH@SushiV3/3000 WETH>SPC@UniswapV2 in=110.4 SPC gap=101.6bps profit=$0.002 net=$-0.045"}
{"level":30,"time":1790817997953,"pid":1070,"hostname":"vm","msg":"  ALEPH>WETH@SushiV2 WETH>ALEPH@UniswapV2 in=25.33 ALEPH gap=77.5bps profit=$0.000 net=$-0.033"}
{"level":30,"time":1790817997953,"pid":1070,"hostname":"vm","msg":"  SUSHI>WETH@SushiV3/3000 WETH>SUSHI@SushiV3/100 in=6.865 SUSHI gap=76.5bps profit=$0.004 net=$-0.056"}
{"level":30,"time":1790818016603,"pid":1070,"hostname":"vm","block":26094170,"gross":156,"net":0,"sumNetUsd":0,"gasPriceGwei":0.107695272,"txCostUsd":0.0723,"syncMs":214,"searchMs":137,"msg":"block scanned"}
{"level":30,"time":1790818016603,"pid":1070,"hostname":"vm","msg":"  DOGEGF>WETH@SushiV2 WETH>DOGEGF@UniswapV3/500 in=1.003e+11 DOGEGF gap=50.2bps profit=$0.003 net=$-0.043"}
{"level":30,"time":1790818016603,"pid":1070,"hostname":"vm","msg":"  DOGEGF>WETH@UniswapV2 WETH>DOGEGF@UniswapV3/500 in=1.174e+10 DOGEGF gap=36.4bps profit=$0.000 net=$-0.046"}
{"level":30,"time":1790818016603,"pid":1070,"hostname":"vm","msg":"  SPC>WETH@SushiV3/3000 WETH>SPC@UniswapV2 in=110.4 SPC gap=101.6bps profit=$0.002 net=$-0.045"}
{"level":30,"time":1790818016603,"pid":1070,"hostname":"vm","msg":"  ALEPH>WETH@SushiV2 WETH>ALEPH@UniswapV2 in=25.33 ALEPH gap=77.5bps profit=$0.000 net=$-0.033"}
{"level":30,"time":1790818016603,"pid":1070,"hostname":"vm","msg":"  SUSHI>WETH@SushiV3/3000 WETH>SUSHI@SushiV3/100 in=6.865 SUSHI gap=76.5bps profit=$0.004 net=$-0.055"}
{"level":30,"time":1790818023292,"pid":1070,"hostname":"vm","block":26094171,"gross":146,"net":0,"sumNetUsd":0,"gasPriceGwei":0.109523862,"txCostUsd":0.0735,"syncMs":416,"searchMs":145,"msg":"block scanned"}
{"level":30,"time":1790818023292,"pid":1070,"hostname":"vm","msg":"  DOGEGF>WETH@SushiV2 WETH>DOGEGF@UniswapV3/500 in=1.003e+11 DOGEGF gap=50.2bps profit=$0.003 net=$-0.044"}
{"level":30,"time":1790818023292,"pid":1070,"hostname":"vm","msg":"  DOGEGF>WETH@UniswapV2 WETH>DOGEGF@UniswapV3/500 in=1.174e+10 DOGEGF gap=36.4bps profit=$0.000 net=$-0.047"}
{"level":30,"time":1790818023292,"pid":1070,"hostname":"vm","msg":"  SPC>WETH@SushiV3/3000 WETH>SPC@UniswapV2 in=110.4 SPC gap=101.6bps profit=$0.002 net=$-0.045"}
{"level":30,"time":1790818023292,"pid":1070,"hostname":"vm","msg":"  ALEPH>WETH@SushiV2 WETH>ALEPH@UniswapV2 in=25.33 ALEPH gap=77.5bps profit=$0.000 net=$-0.033"}
{"level":30,"time":1790818023292,"pid":1070,"hostname":"vm","msg":"  SUSHI>WETH@SushiV3/3000 WETH>SUSHI@SushiV3/100 in=6.865 SUSHI gap=76.5bps profit=$0.004 net=$-0.056"}
{"level":30,"time":1790818040959,"pid":1070,"hostname":"vm","block":26094172,"gross":155,"net":0,"sumNetUsd":0,"gasPriceGwei":0.113537447,"txCostUsd":0.0762,"syncMs":5027,"searchMs":142,"msg":"block scanned"}
{"level":30,"time":1790818040959,"pid":1070,"hostname":"vm","msg":"  DOGEGF>WETH@SushiV2 WETH>DOGEGF@UniswapV3/500 in=1.003e+11 DOGEGF gap=50.2bps profit=$0.003 net=$-0.046"}
{"level":30,"time":1790818040959,"pid":1070,"hostname":"vm","msg":"  DOGEGF>WETH@UniswapV2 WETH>DOGEGF@UniswapV3/500 in=1.174e+10 DOGEGF gap=36.4bps profit=$0.000 net=$-0.049"}
{"level":30,"time":1790818040959,"pid":1070,"hostname":"vm","msg":"  SPC>WETH@SushiV3/3000 WETH>SPC@UniswapV2 in=110.4 SPC gap=101.6bps profit=$0.002 net=$-0.047"}
{"level":30,"time":1790818040959,"pid":1070,"hostname":"vm","msg":"  ALEPH>WETH@SushiV2 WETH>ALEPH@UniswapV2 in=25.33 ALEPH gap=77.5bps profit=$0.000 net=$-0.034"}
{"level":30,"time":1790818040959,"pid":1070,"hostname":"vm","msg":"  SUSHI>WETH@SushiV3/3000 WETH>SUSHI@SushiV3/100 in=6.865 SUSHI gap=76.5bps profit=$0.004 net=$-0.059"}
{"level":30,"time":1790818047594,"pid":1070,"hostname":"vm","block":26094173,"gross":165,"net":0,"sumNetUsd":0,"gasPriceGwei":0.117206267,"txCostUsd":0.0787,"syncMs":206,"searchMs":180,"msg":"block scanned"}
{"level":30,"time":1790818047594,"pid":1070,"hostname":"vm","msg":"  DOGEGF>WETH@SushiV2 WETH>DOGEGF@UniswapV3/500 in=1.003e+11 DOGEGF gap=50.2bps profit=$0.003 net=$-0.047"}
{"level":30,"time":1790818047594,"pid":1070,"hostname":"vm","msg":"  DOGEGF>WETH@UniswapV2 WETH>DOGEGF@UniswapV3/500 in=1.174e+10 DOGEGF gap=36.4bps profit=$0.000 net=$-0.050"}
{"level":30,"time":1790818047594,"pid":1070,"hostname":"vm","msg":"  SPC>WETH@SushiV3/3000 WETH>SPC@UniswapV2 in=110.4 SPC gap=101.6bps profit=$0.002 net=$-0.049"}
{"level":30,"time":1790818047594,"pid":1070,"hostname":"vm","msg":"  ALEPH>WETH@SushiV2 WETH>ALEPH@UniswapV2 in=25.33 ALEPH gap=77.5bps profit=$0.000 net=$-0.036"}
{"level":30,"time":1790818047594,"pid":1070,"hostname":"vm","msg":"  SUSHI>WETH@SushiV3/3000 WETH>SUSHI@SushiV3/100 in=6.865 SUSHI gap=76.5bps profit=$0.004 net=$-0.061"}
{"level":30,"time":1790818060303,"pid":1070,"hostname":"vm","block":26094174,"gross":165,"net":0,"sumNetUsd":0,"gasPriceGwei":0.120847189,"txCostUsd":0.0811,"syncMs":327,"searchMs":165,"msg":"block scanned"}
{"level":30,"time":1790818060303,"pid":1070,"hostname":"vm","msg":"  DOGEGF>WETH@SushiV2 WETH>DOGEGF@UniswapV3/500 in=1.003e+11 DOGEGF gap=50.2bps profit=$0.003 net=$-0.049"}
{"level":30,"time":1790818060303,"pid":1070,"hostname":"vm","msg":"  DOGEGF>WETH@UniswapV2 WETH>DOGEGF@UniswapV3/500 in=1.174e+10 DOGEGF gap=36.4bps profit=$0.000 net=$-0.052"}
{"level":30,"time":1790818060303,"pid":1070,"hostname":"vm","msg":"  SPC>WETH@SushiV3/3000 WETH>SPC@UniswapV2 in=110.4 SPC gap=101.6bps profit=$0.002 net=$-0.050"}
{"level":30,"time":1790818060303,"pid":1070,"hostname":"vm","msg":"  ALEPH>WETH@SushiV2 WETH>ALEPH@UniswapV2 in=25.33 ALEPH gap=77.5bps profit=$0.000 net=$-0.037"}
{"level":30,"time":1790818060303,"pid":1070,"hostname":"vm","msg":"  SUSHI>WETH@SushiV3/3000 WETH>SUSHI@SushiV3/100 in=6.865 SUSHI gap=76.5bps profit=$0.004 net=$-0.063"}
{"level":30,"time":1790818072899,"pid":1070,"hostname":"vm","block":26094175,"gross":184,"net":10,"sumNetUsd":3.842,"gasPriceGwei":0.108968129,"txCostUsd":0.0731,"syncMs":149,"searchMs":182,"msg":"block scanned"}
{"level":30,"time":1790818072899,"pid":1070,"hostname":"vm","msg":"  DOGEGF>WETH@SushiV2 WETH>DOGEGF@UniswapV3/500 in=1.003e+11 DOGEGF gap=50.2bps profit=$0.003 net=$-0.044"}
{"level":30,"time":1790818072899,"pid":1070,"hostname":"vm","msg":"  DOGEGF>WETH@UniswapV2 WETH>DOGEGF@UniswapV3/500 in=1.174e+10 DOGEGF gap=36.4bps profit=$0.000 net=$-0.047"}
{"level":30,"time":1790818072899,"pid":1070,"hostname":"vm","msg":"  SPC>WETH@SushiV3/3000 WETH>SPC@UniswapV2 in=110.4 SPC gap=101.6bps profit=$0.002 net=$-0.045"}
{"level":30,"time":1790818072899,"pid":1070,"hostname":"vm","msg":"  ALEPH>WETH@SushiV2 WETH>ALEPH@UniswapV2 in=25.33 ALEPH gap=77.5bps profit=$0.000 net=$-0.033"}
{"level":30,"time":1790818072899,"pid":1070,"hostname":"vm","msg":"  SUSHI>WETH@SushiV3/3000 WETH>SUSHI@SushiV3/100 in=6.865 SUSHI gap=76.5bps profit=$0.004 net=$-0.056"}
{"level":30,"time":1790818085443,"pid":1070,"hostname":"vm","block":26094176,"gross":149,"net":0,"sumNetUsd":0,"gasPriceGwei":0.118633489,"txCostUsd":0.0796,"syncMs":139,"searchMs":153,"msg":"block scanned"}
{"level":30,"time":1790818085443,"pid":1070,"hostname":"vm","msg":"  DOGEGF>WETH@SushiV2 WETH>DOGEGF@UniswapV3/500 in=1.003e+11 DOGEGF gap=50.2bps profit=$0.003 net=$-0.048"}
{"level":30,"time":1790818085443,"pid":1070,"hostname":"vm","msg":"  DOGEGF>WETH@UniswapV2 WETH>DOGEGF@UniswapV3/500 in=1.174e+10 DOGEGF gap=36.4bps profit=$0.000 net=$-0.051"}
{"level":30,"time":1790818085443,"pid":1070,"hostname":"vm","msg":"  SPC>WETH@SushiV3/3000 WETH>SPC@UniswapV2 in=110.4 SPC gap=101.6bps profit=$0.002 net=$-0.049"}
{"level":30,"time":1790818085443,"pid":1070,"hostname":"vm","msg":"  ALEPH>WETH@SushiV2 WETH>ALEPH@UniswapV2 in=25.33 ALEPH gap=77.5bps profit=$0.000 net=$-0.036"}
{"level":30,"time":1790818085443,"pid":1070,"hostname":"vm","msg":"  SUSHI>WETH@SushiV3/3000 WETH>SUSHI@SushiV3/100 in=6.865 SUSHI gap=76.5bps profit=$0.004 net=$-0.061"}
{"level":30,"time":1790818098086,"pid":1070,"hostname":"vm","block":26094177,"gross":156,"net":4,"sumNetUsd":0.171,"gasPriceGwei":0.117736279,"txCostUsd":0.079,"syncMs":201,"searchMs":171,"msg":"block scanned"}
{"level":30,"time":1790818098086,"pid":1070,"hostname":"vm","msg":"  DOGEGF>WETH@SushiV2 WETH>DOGEGF@UniswapV3/500 in=1.003e+11 DOGEGF gap=50.2bps profit=$0.003 net=$-0.048"}
{"level":30,"time":1790818098086,"pid":1070,"hostname":"vm","msg":"  DOGEGF>WETH@UniswapV2 WETH>DOGEGF@UniswapV3/500 in=1.174e+10 DOGEGF gap=36.4bps profit=$0.000 net=$-0.051"}
{"level":30,"time":1790818098086,"pid":1070,"hostname":"vm","msg":"  SPC>WETH@SushiV3/3000 WETH>SPC@UniswapV2 in=110.4 SPC gap=101.6bps profit=$0.002 net=$-0.049"}
{"level":30,"time":1790818098086,"pid":1070,"hostname":"vm","msg":"  ALEPH>WETH@SushiV2 WETH>ALEPH@UniswapV2 in=25.33 ALEPH gap=77.5bps profit=$0.000 net=$-0.036"}
{"level":30,"time":1790818098086,"pid":1070,"hostname":"vm","msg":"  SUSHI>WETH@SushiV3/3000 WETH>SUSHI@SushiV3/100 in=6.865 SUSHI gap=76.5bps profit=$0.004 net=$-0.061"}
{"level":30,"time":1790818110692,"pid":1070,"hostname":"vm","block":26094178,"gross":139,"net":0,"sumNetUsd":0,"gasPriceGwei":0.121376949,"txCostUsd":0.0815,"syncMs":207,"searchMs":185,"msg":"block scanned"}
{"level":30,"time":1790818110692,"pid":1070,"hostname":"vm","msg":"  DOGEGF>WETH@SushiV2 WETH>DOGEGF@UniswapV3/500 in=1.003e+11 DOGEGF gap=50.2bps profit=$0.003 net=$-0.049"}
{"level":30,"time":1790818110692,"pid":1070,"hostname":"vm","msg":"  DOGEGF>WETH@UniswapV2 WETH>DOGEGF@UniswapV3/500 in=1.174e+10 DOGEGF gap=36.4bps profit=$0.000 net=$-0.052"}
{"level":30,"time":1790818110692,"pid":1070,"hostname":"vm","msg":"  SPC>WETH@SushiV3/3000 WETH>SPC@UniswapV2 in=110.4 SPC gap=101.6bps profit=$0.002 net=$-0.050"}
{"level":30,"time":1790818110692,"pid":1070,"hostname":"vm","msg":"  ALEPH>WETH@SushiV2 WETH>ALEPH@UniswapV2 in=25.33 ALEPH gap=77.5bps profit=$0.000 net=$-0.037"}
{"level":30,"time":1790818110692,"pid":1070,"hostname":"vm","msg":"  SUSHI>WETH@SushiV3/3000 WETH>SUSHI@SushiV3/100 in=6.865 SUSHI gap=76.5bps profit=$0.004 net=$-0.063"}
{"level":30,"time":1790818123233,"pid":1070,"hostname":"vm","block":26094179,"gross":135,"net":0,"sumNetUsd":0,"gasPriceGwei":0.122063273,"txCostUsd":0.0819,"syncMs":147,"searchMs":151,"msg":"block scanned"}
{"level":30,"time":1790818123233,"pid":1070,"hostname":"vm","msg":"  DOGEGF>WETH@SushiV2 WETH>DOGEGF@UniswapV3/500 in=1.003e+11 DOGEGF gap=50.2bps profit=$0.003 net=$-0.049"}
{"level":30,"time":1790818123233,"pid":1070,"hostname":"vm","msg":"  DOGEGF>WETH@UniswapV2 WETH>DOGEGF@UniswapV3/500 in=1.174e+10 DOGEGF gap=36.4bps profit=$0.000 net=$-0.052"}
{"level":30,"time":1790818123233,"pid":1070,"hostname":"vm","msg":"  SPC>WETH@SushiV3/3000 WETH>SPC@UniswapV2 in=110.4 SPC gap=101.6bps profit=$0.002 net=$-0.051"}
{"level":30,"time":1790818123233,"pid":1070,"hostname":"vm","msg":"  ALEPH>WETH@SushiV2 WETH>ALEPH@UniswapV2 in=25.33 ALEPH gap=77.5bps profit=$0.000 net=$-0.037"}
{"level":30,"time":1790818123233,"pid":1070,"hostname":"vm","msg":"  SUSHI>WETH@SushiV3/3000 WETH>SUSHI@SushiV3/100 in=6.865 SUSHI gap=76.5bps profit=$0.004 net=$-0.063"}
{"level":30,"time":1790818135826,"pid":1070,"hostname":"vm","block":26094180,"gross":121,"net":0,"sumNetUsd":0,"gasPriceGwei":0.123411091,"txCostUsd":0.0828,"syncMs":205,"searchMs":135,"msg":"block scanned"}
{"level":30,"time":1790818135826,"pid":1070,"hostname":"vm","msg":"  DOGEGF>WETH@SushiV2 WETH>DOGEGF@UniswapV3/500 in=1.003e+11 DOGEGF gap=50.2bps profit=$0.003 net=$-0.050"}
{"level":30,"time":1790818135826,"pid":1070,"hostname":"vm","msg":"  DOGEGF>WETH@UniswapV2 WETH>DOGEGF@UniswapV3/500 in=1.174e+10 DOGEGF gap=36.4bps profit=$0.000 net=$-0.053"}
{"level":30,"time":1790818135826,"pid":1070,"hostname":"vm","msg":"  SPC>WETH@SushiV3/3000 WETH>SPC@UniswapV2 in=110.4 SPC gap=101.6bps profit=$0.002 net=$-0.051"}
{"level":30,"time":1790818135826,"pid":1070,"hostname":"vm","msg":"  ALEPH>WETH@SushiV2 WETH>ALEPH@UniswapV2 in=25.33 ALEPH gap=77.5bps profit=$0.000 net=$-0.037"}
{"level":30,"time":1790818135826,"pid":1070,"hostname":"vm","msg":"  SUSHI>WETH@SushiV3/3000 WETH>SUSHI@SushiV3/100 in=6.865 SUSHI gap=76.5bps profit=$0.004 net=$-0.064"}
{"level":30,"time":1790818142478,"pid":1070,"hostname":"vm","block":26094181,"gross":122,"net":0,"sumNetUsd":0,"gasPriceGwei":0.119850556,"txCostUsd":0.0804,"syncMs":350,"searchMs":160,"msg":"block scanned"}
{"level":30,"time":1790818142478,"pid":1070,"hostname":"vm","msg":"  DOGEGF>WETH@SushiV2 WETH>DOGEGF@UniswapV3/500 in=1.003e+11 DOGEGF gap=50.2bps profit=$0.003 net=$-0.049"}
{"level":30,"time":1790818142478,"pid":1070,"hostname":"vm","msg":"  DOGEGF>WETH@UniswapV2 WETH>DOGEGF@UniswapV3/500 in=1.174e+10 DOGEGF gap=36.4bps profit=$0.000 net=$-0.051"}
{"level":30,"time":1790818142478,"pid":1070,"hostname":"vm","msg":"  SPC>WETH@SushiV3/3000 WETH>SPC@UniswapV2 in=110.4 SPC gap=101.6bps profit=$0.002 net=$-0.050"}
{"level":30,"time":1790818142478,"pid":1070,"hostname":"vm","msg":"  ALEPH>WETH@SushiV2 WETH>ALEPH@UniswapV2 in=25.33 ALEPH gap=77.5bps profit=$0.000 net=$-0.036"}
{"level":30,"time":1790818142478,"pid":1070,"hostname":"vm","msg":"  SUSHI>WETH@SushiV3/3000 WETH>SUSHI@SushiV3/100 in=6.865 SUSHI gap=76.5bps profit=$0.004 net=$-0.062"}
{"level":30,"time":1790818155051,"pid":1070,"hostname":"vm","block":26094182,"gross":121,"net":0,"sumNetUsd":0,"gasPriceGwei":0.11951911,"txCostUsd":0.0802,"syncMs":180,"searchMs":153,"msg":"block scanned"}
{"level":30,"time":1790818155051,"pid":1070,"hostname":"vm","msg":"  DOGEGF>WETH@SushiV2 WETH>DOGEGF@UniswapV3/500 in=1.003e+11 DOGEGF gap=50.2bps profit=$0.003 net=$-0.048"}
{"level":30,"time":1790818155051,"pid":1070,"hostname":"vm","msg":"  DOGEGF>WETH@UniswapV2 WETH>DOGEGF@UniswapV3/500 in=1.174e+10 DOGEGF gap=36.4bps profit=$0.000 net=$-0.051"}
{"level":30,"time":1790818155051,"pid":1070,"hostname":"vm","msg":"  SPC>WETH@SushiV3/3000 WETH>SPC@UniswapV2 in=110.4 SPC gap=101.6bps profit=$0.002 net=$-0.050"}
{"level":30,"time":1790818155051,"pid":1070,"hostname":"vm","msg":"  ALEPH>WETH@SushiV2 WETH>ALEPH@UniswapV2 in=25.33 ALEPH gap=77.5bps profit=$0.000 net=$-0.036"}
{"level":30,"time":1790818155051,"pid":1070,"hostname":"vm","msg":"  SUSHI>WETH@SushiV3/3000 WETH>SUSHI@SushiV3/100 in=6.865 SUSHI gap=76.5bps profit=$0.004 net=$-0.062"}
{"level":30,"time":1790818167617,"pid":1070,"hostname":"vm","block":26094183,"gross":121,"net":0,"sumNetUsd":0,"gasPriceGwei":0.117204155,"txCostUsd":0.0787,"syncMs":189,"searchMs":165,"msg":"block scanned"}
{"level":30,"time":1790818167617,"pid":1070,"hostname":"vm","msg":"  DOGEGF>WETH@SushiV2 WETH>DOGEGF@UniswapV3/500 in=1.003e+11 DOGEGF gap=50.2bps profit=$0.003 net=$-0.047"}
{"level":30,"time":1790818167617,"pid":1070,"hostname":"vm","msg":"  DOGEGF>WETH@UniswapV2 WETH>DOGEGF@UniswapV3/500 in=1.174e+10 DOGEGF gap=36.4bps profit=$0.000 net=$-0.050"}
{"level":30,"time":1790818167617,"pid":1070,"hostname":"vm","msg":"  SPC>WETH@SushiV3/3000 WETH>SPC@UniswapV2 in=110.4 SPC gap=101.6bps profit=$0.002 net=$-0.049"}
{"level":30,"time":1790818167617,"pid":1070,"hostname":"vm","msg":"  ALEPH>WETH@SushiV2 WETH>ALEPH@UniswapV2 in=25.33 ALEPH gap=77.5bps profit=$0.000 net=$-0.036"}
{"level":30,"time":1790818167617,"pid":1070,"hostname":"vm","msg":"  SUSHI>WETH@SushiV3/3000 WETH>SUSHI@SushiV3/100 in=6.865 SUSHI gap=76.5bps profit=$0.004 net=$-0.061"}
{"level":30,"time":1790818180203,"pid":1070,"hostname":"vm","block":26094184,"gross":121,"net":0,"sumNetUsd":0,"gasPriceGwei":0.11776723,"txCostUsd":0.079,"syncMs":207,"searchMs":140,"msg":"block scanned"}
{"level":30,"time":1790818180203,"pid":1070,"hostname":"vm","msg":"  DOGEGF>WETH@SushiV2 WETH>DOGEGF@UniswapV3/500 in=1.003e+11 DOGEGF gap=50.2bps profit=$0.003 net=$-0.048"}
{"level":30,"time":1790818180203,"pid":1070,"hostname":"vm","msg":"  DOGEGF>WETH@UniswapV2 WETH>DOGEGF@UniswapV3/500 in=1.174e+10 DOGEGF gap=36.4bps profit=$0.000 net=$-0.051"}
{"level":30,"time":1790818180203,"pid":1070,"hostname":"vm","msg":"  SPC>WETH@SushiV3/3000 WETH>SPC@UniswapV2 in=110.4 SPC gap=101.6bps profit=$0.002 net=$-0.049"}
{"level":30,"time":1790818180203,"pid":1070,"hostname":"vm","msg":"  ALEPH>WETH@SushiV2 WETH>ALEPH@UniswapV2 in=25.33 ALEPH gap=77.5bps profit=$0.000 net=$-0.036"}
{"level":30,"time":1790818180203,"pid":1070,"hostname":"vm","msg":"  SUSHI>WETH@SushiV3/3000 WETH>SUSHI@SushiV3/100 in=6.865 SUSHI gap=76.5bps profit=$0.004 net=$-0.061"}
{"level":30,"time":1790818192771,"pid":1070,"hostname":"vm","block":26094185,"gross":121,"net":0,"sumNetUsd":0,"gasPriceGwei":0.115838657,"txCostUsd":0.0777,"syncMs":191,"searchMs":137,"msg":"block scanned"}
{"level":30,"time":1790818192771,"pid":1070,"hostname":"vm","msg":"  DOGEGF>WETH@SushiV2 WETH>DOGEGF@UniswapV3/500 in=1.003e+11 DOGEGF gap=50.2bps profit=$0.003 net=$-0.047"}
{"level":30,"time":1790818192771,"pid":1070,"hostname":"vm","msg":"  DOGEGF>WETH@UniswapV2 WETH>DOGEGF@UniswapV3/500 in=1.174e+10 DOGEGF gap=36.4bps profit=$0.000 net=$-0.050"}
{"level":30,"time":1790818192771,"pid":1070,"hostname":"vm","msg":"  SPC>WETH@SushiV3/3000 WETH>SPC@UniswapV2 in=110.4 SPC gap=101.6bps profit=$0.002 net=$-0.048"}
{"level":30,"time":1790818192771,"pid":1070,"hostname":"vm","msg":"  ALEPH>WETH@SushiV2 WETH>ALEPH@UniswapV2 in=25.33 ALEPH gap=77.5bps profit=$0.000 net=$-0.035"}
{"level":30,"time":1790818192771,"pid":1070,"hostname":"vm","msg":"  SUSHI>WETH@SushiV3/3000 WETH>SUSHI@SushiV3/100 in=6.865 SUSHI gap=76.5bps profit=$0.004 net=$-0.060"}
{"level":30,"time":1790818205366,"pid":1070,"hostname":"vm","block":26094186,"gross":125,"net":0,"sumNetUsd":0,"gasPriceGwei":0.104514692,"txCostUsd":0.0701,"syncMs":209,"searchMs":156,"msg":"block scanned"}
{"level":30,"time":1790818205366,"pid":1070,"hostname":"vm","msg":"  DOGEGF>WETH@SushiV2 WETH>DOGEGF@UniswapV3/500 in=1.003e+11 DOGEGF gap=50.2bps profit=$0.003 net=$-0.042"}
{"level":30,"time":1790818205366,"pid":1070,"hostname":"vm","msg":"  DOGEGF>WETH@UniswapV2 WETH>DOGEGF@UniswapV3/500 in=1.174e+10 DOGEGF gap=36.4bps profit=$0.000 net=$-0.045"}
{"level":30,"time":1790818205366,"pid":1070,"hostname":"vm","msg":"  SPC>WETH@SushiV3/3000 WETH>SPC@UniswapV2 in=110.4 SPC gap=101.6bps profit=$0.002 net=$-0.043"}
{"level":30,"time":1790818205366,"pid":1070,"hostname":"vm","msg":"  ALEPH>WETH@SushiV2 WETH>ALEPH@UniswapV2 in=25.33 ALEPH gap=77.5bps profit=$0.000 net=$-0.032"}
{"level":30,"time":1790818205366,"pid":1070,"hostname":"vm","msg":"  SUSHI>WETH@SushiV3/3000 WETH>SUSHI@SushiV3/100 in=6.865 SUSHI gap=76.5bps profit=$0.004 net=$-0.054"}
{"level":30,"time":1790818223141,"pid":1070,"hostname":"vm","block":26094187,"gross":133,"net":0,"sumNetUsd":0,"gasPriceGwei":0.1120562,"txCostUsd":0.0752,"syncMs":5359,"searchMs":162,"msg":"block scanned"}
{"level":30,"time":1790818223141,"pid":1070,"hostname":"vm","msg":"  DOGEGF>WETH@SushiV2 WETH>DOGEGF@UniswapV3/500 in=1.003e+11 DOGEGF gap=50.2bps profit=$0.003 net=$-0.045"}
{"level":30,"time":1790818223141,"pid":1070,"hostname":"vm","msg":"  DOGEGF>WETH@UniswapV2 WETH>DOGEGF@UniswapV3/500 in=1.174e+10 DOGEGF gap=36.4bps profit=$0.000 net=$-0.048"}
{"level":30,"time":1790818223141,"pid":1070,"hostname":"vm","msg":"  SPC>WETH@SushiV3/3000 WETH>SPC@UniswapV2 in=110.4 SPC gap=101.6bps profit=$0.002 net=$-0.046"}
{"level":30,"time":1790818223141,"pid":1070,"hostname":"vm","msg":"  ALEPH>WETH@SushiV2 WETH>ALEPH@UniswapV2 in=25.33 ALEPH gap=77.5bps profit=$0.000 net=$-0.034"}
{"level":30,"time":1790818223141,"pid":1070,"hostname":"vm","msg":"  SUSHI>WETH@SushiV3/3000 WETH>SUSHI@SushiV3/100 in=6.865 SUSHI gap=76.5bps profit=$0.004 net=$-0.058"}
{"level":30,"time":1790818229711,"pid":1070,"hostname":"vm","block":26094188,"gross":139,"net":0,"sumNetUsd":0,"gasPriceGwei":0.112410001,"txCostUsd":0.0754,"syncMs":204,"searchMs":156,"msg":"block scanned"}
{"level":30,"time":1790818229711,"pid":1070,"hostname":"vm","msg":"  DOGEGF>WETH@SushiV2 WETH>DOGEGF@UniswapV3/500 in=1.003e+11 DOGEGF gap=50.2bps profit=$0.003 net=$-0.045"}
{"level":30,"time":1790818229711,"pid":1070,"hostname":"vm","msg":"  DOGEGF>WETH@UniswapV2 WETH>DOGEGF@UniswapV3/500 in=1.174e+10 DOGEGF gap=36.4bps profit=$0.000 net=$-0.048"}
{"level":30,"time":1790818229711,"pid":1070,"hostname":"vm","msg":"  SPC>WETH@SushiV3/3000 WETH>SPC@UniswapV2 in=110.4 SPC gap=101.6bps profit=$0.002 net=$-0.047"}
{"level":30,"time":1790818229711,"pid":1070,"hostname":"vm","msg":"  ALEPH>WETH@SushiV2 WETH>ALEPH@UniswapV2 in=25.33 ALEPH gap=77.5bps profit=$0.000 net=$-0.034"}
{"level":30,"time":1790818229711,"pid":1070,"hostname":"vm","msg":"  SUSHI>WETH@SushiV3/3000 WETH>SUSHI@SushiV3/100 in=6.865 SUSHI gap=76.5bps profit=$0.004 net=$-0.058"}
{"level":30,"time":1790818242642,"pid":1070,"hostname":"vm","block":26094189,"gross":125,"net":0,"sumNetUsd":0,"gasPriceGwei":0.110698469,"txCostUsd":0.0743,"syncMs":533,"searchMs":157,"msg":"block scanned"}
{"level":30,"time":1790818242643,"pid":1070,"hostname":"vm","msg":"  DOGEGF>WETH@SushiV2 WETH>DOGEGF@UniswapV3/500 in=1.003e+11 DOGEGF gap=50.2bps profit=$0.003 net=$-0.045"}
{"level":30,"time":1790818242643,"pid":1070,"hostname":"vm","msg":"  DOGEGF>WETH@UniswapV2 WETH>DOGEGF@UniswapV3/500 in=1.174e+10 DOGEGF gap=36.4bps profit=$0.000 net=$-0.048"}
{"level":30,"time":1790818242643,"pid":1070,"hostname":"vm","msg":"  SPC>WETH@SushiV3/3000 WETH>SPC@UniswapV2 in=110.4 SPC gap=101.6bps profit=$0.002 net=$-0.046"}
{"level":30,"time":1790818242643,"pid":1070,"hostname":"vm","msg":"  ALEPH>WETH@SushiV2 WETH>ALEPH@UniswapV2 in=25.33 ALEPH gap=77.5bps profit=$0.000 net=$-0.034"}
{"level":30,"time":1790818242643,"pid":1070,"hostname":"vm","msg":"  SUSHI>WETH@SushiV3/3000 WETH>SUSHI@SushiV3/100 in=6.865 SUSHI gap=76.5bps profit=$0.004 net=$-0.057"}
{"level":30,"time":1790818255172,"pid":1070,"hostname":"vm","block":26094190,"gross":131,"net":0,"sumNetUsd":0,"gasPriceGwei":0.113961761,"txCostUsd":0.0765,"syncMs":181,"searchMs":155,"msg":"block scanned"}
{"level":30,"time":1790818255172,"pid":1070,"hostname":"vm","msg":"  DOGEGF>WETH@SushiV2 WETH>DOGEGF@UniswapV3/500 in=1.003e+11 DOGEGF gap=50.2bps profit=$0.003 net=$-0.046"}
{"level":30,"time":1790818255172,"pid":1070,"hostname":"vm","msg":"  DOGEGF>WETH@UniswapV2 WETH>DOGEGF@UniswapV3/500 in=1.174e+10 DOGEGF gap=36.4bps profit=$0.000 net=$-0.049"}
{"level":30,"time":1790818255172,"pid":1070,"hostname":"vm","msg":"  SPC>WETH@SushiV3/3000 WETH>SPC@UniswapV2 in=110.4 SPC gap=101.6bps profit=$0.002 net=$-0.047"}
{"level":30,"time":1790818255172,"pid":1070,"hostname":"vm","msg":"  ALEPH>WETH@SushiV2 WETH>ALEPH@UniswapV2 in=25.33 ALEPH gap=77.5bps profit=$0.000 net=$-0.035"}
{"level":30,"time":1790818255172,"pid":1070,"hostname":"vm","msg":"  SUSHI>WETH@SushiV3/3000 WETH>SUSHI@SushiV3/100 in=6.865 SUSHI gap=76.5bps profit=$0.004 net=$-0.059"}
{"level":30,"time":1790818261683,"pid":1070,"hostname":"vm","block":26094191,"gross":135,"net":0,"sumNetUsd":0,"gasPriceGwei":0.113289692,"txCostUsd":0.076,"syncMs":194,"searchMs":155,"msg":"block scanned"}
{"level":30,"time":1790818261683,"pid":1070,"hostname":"vm","msg":"  DOGEGF>WETH@SushiV2 WETH>DOGEGF@UniswapV3/500 in=1.003e+11 DOGEGF gap=50.2bps profit=$0.003 net=$-0.046"}
{"level":30,"time":1790818261683,"pid":1070,"hostname":"vm","msg":"  DOGEGF>WETH@UniswapV2 WETH>DOGEGF@UniswapV3/500 in=1.174e+10 DOGEGF gap=36.4bps profit=$0.000 net=$-0.049"}
{"level":30,"time":1790818261683,"pid":1070,"hostname":"vm","msg":"  SPC>WETH@SushiV3/3000 WETH>SPC@UniswapV2 in=110.4 SPC gap=101.6bps profit=$0.002 net=$-0.047"}
{"level":30,"time":1790818261683,"pid":1070,"hostname":"vm","msg":"  ALEPH>WETH@SushiV2 WETH>ALEPH@UniswapV2 in=25.33 ALEPH gap=77.5bps profit=$0.000 net=$-0.034"}
{"level":30,"time":1790818261683,"pid":1070,"hostname":"vm","msg":"  SUSHI>WETH@SushiV3/3000 WETH>SUSHI@SushiV3/100 in=6.865 SUSHI gap=76.5bps profit=$0.004 net=$-0.058"}
{"level":30,"time":1790818274226,"pid":1070,"hostname":"vm","block":26094192,"gross":162,"net":4,"sumNetUsd":0.024,"gasPriceGwei":0.108890723,"txCostUsd":0.0731,"syncMs":182,"searchMs":144,"msg":"block scanned"}
{"level":30,"time":1790818274226,"pid":1070,"hostname":"vm","msg":"  DOGEGF>WETH@SushiV2 WETH>DOGEGF@UniswapV3/500 in=1.003e+11 DOGEGF gap=50.2bps profit=$0.003 net=$-0.044"}
{"level":30,"time":1790818274226,"pid":1070,"hostname":"vm","msg":"  DOGEGF>WETH@UniswapV2 WETH>DOGEGF@UniswapV3/500 in=1.174e+10 DOGEGF gap=36.4bps profit=$0.000 net=$-0.047"}
{"level":30,"time":1790818274226,"pid":1070,"hostname":"vm","msg":"  SPC>WETH@SushiV3/3000 WETH>SPC@UniswapV2 in=110.4 SPC gap=101.6bps profit=$0.002 net=$-0.045"}
{"level":30,"time":1790818274226,"pid":1070,"hostname":"vm","msg":"  ALEPH>WETH@SushiV2 WETH>ALEPH@UniswapV2 in=25.33 ALEPH gap=77.5bps profit=$0.000 net=$-0.033"}
{"level":30,"time":1790818274226,"pid":1070,"hostname":"vm","msg":"  SUSHI>WETH@SushiV3/3000 WETH>SUSHI@SushiV3/100 in=6.865 SUSHI gap=76.5bps profit=$0.004 net=$-0.056"}
{"level":30,"time":1790818286814,"pid":1070,"hostname":"vm","block":26094193,"gross":156,"net":0,"sumNetUsd":0,"gasPriceGwei":0.114028759,"txCostUsd":0.0765,"syncMs":167,"searchMs":162,"msg":"block scanned"}
{"level":30,"time":1790818286815,"pid":1070,"hostname":"vm","msg":"  DOGEGF>WETH@SushiV2 WETH>DOGEGF@UniswapV3/500 in=1.003e+11 DOGEGF gap=50.2bps profit=$0.003 net=$-0.046"}
{"level":30,"time":1790818286815,"pid":1070,"hostname":"vm","msg":"  DOGEGF>WETH@UniswapV2 WETH>DOGEGF@UniswapV3/500 in=1.174e+10 DOGEGF gap=36.4bps profit=$0.000 net=$-0.049"}
{"level":30,"time":1790818286815,"pid":1070,"hostname":"vm","msg":"  SPC>WETH@SushiV3/3000 WETH>SPC@UniswapV2 in=110.4 SPC gap=101.6bps profit=$0.002 net=$-0.047"}
{"level":30,"time":1790818286815,"pid":1070,"hostname":"vm","msg":"  ALEPH>WETH@SushiV2 WETH>ALEPH@UniswapV2 in=25.33 ALEPH gap=77.5bps profit=$0.000 net=$-0.035"}
{"level":30,"time":1790818286815,"pid":1070,"hostname":"vm","msg":"  SUSHI>WETH@SushiV3/3000 WETH>SUSHI@SushiV3/100 in=6.865 SUSHI gap=76.5bps profit=$0.004 net=$-0.059"}
{"level":30,"time":1790818299745,"pid":1070,"hostname":"vm","block":26094194,"gross":138,"net":0,"sumNetUsd":0,"gasPriceGwei":0.113656661,"txCostUsd":0.0763,"syncMs":503,"searchMs":154,"msg":"block scanned"}
{"level":30,"time":1790818299745,"pid":1070,"hostname":"vm","msg":"  DOGEGF>WETH@SushiV2 WETH>DOGEGF@UniswapV3/500 in=1.003e+11 DOGEGF gap=50.2bps profit=$0.003 net=$-0.046"}
{"level":30,"time":1790818299745,"pid":1070,"hostname":"vm","msg":"  DOGEGF>WETH@UniswapV2 WETH>DOGEGF@UniswapV3/500 in=1.174e+10 DOGEGF gap=36.4bps profit=$0.000 net=$-0.049"}
{"level":30,"time":1790818299745,"pid":1070,"hostname":"vm","msg":"  SPC>WETH@SushiV3/3000 WETH>SPC@UniswapV2 in=110.4 SPC gap=101.6bps profit=$0.002 net=$-0.047"}
{"level":30,"time":1790818299745,"pid":1070,"hostname":"vm","msg":"  ALEPH>WETH@SushiV2 WETH>ALEPH@UniswapV2 in=25.33 ALEPH gap=77.5bps profit=$0.000 net=$-0.034"}
{"level":30,"time":1790818299745,"pid":1070,"hostname":"vm","msg":"  SUSHI>WETH@UniswapV2 WETH>SUSHI@SushiV3/100 in=6.517 SUSHI gap=74.5bps profit=$0.004 net=$-0.045"}
{"level":30,"time":1790818312308,"pid":1070,"hostname":"vm","block":26094195,"gross":139,"net":0,"sumNetUsd":0,"gasPriceGwei":0.113354133,"txCostUsd":0.0761,"syncMs":200,"searchMs":151,"msg":"block scanned"}
{"level":30,"time":1790818312310,"pid":1070,"hostname":"vm","msg":"  DOGEGF>WETH@SushiV2 WETH>DOGEGF@UniswapV3/500 in=1.003e+11 DOGEGF gap=50.2bps profit=$0.003 net=$-0.046"}
{"level":30,"time":1790818312310,"pid":1070,"hostname":"vm","msg":"  DOGEGF>WETH@UniswapV2 WETH>DOGEGF@UniswapV3/500 in=1.174e+10 DOGEGF gap=36.4bps profit=$0.000 net=$-0.049"}
{"level":30,"time":1790818312310,"pid":1070,"hostname":"vm","msg":"  SPC>WETH@SushiV3/3000 WETH>SPC@UniswapV2 in=110.4 SPC gap=101.6bps profit=$0.002 net=$-0.047"}
{"level":30,"time":1790818312310,"pid":1070,"hostname":"vm","msg":"  ALEPH>WETH@SushiV2 WETH>ALEPH@UniswapV2 in=25.33 ALEPH gap=77.5bps profit=$0.000 net=$-0.034"}
{"level":30,"time":1790818312310,"pid":1070,"hostname":"vm","msg":"  SUSHI>WETH@UniswapV2 WETH>SUSHI@SushiV3/100 in=6.517 SUSHI gap=74.5bps profit=$0.004 net=$-0.045"}
{"level":30,"time":1790818324904,"pid":1070,"hostname":"vm","block":26094196,"gross":143,"net":0,"sumNetUsd":0,"gasPriceGwei":0.116725662,"txCostUsd":0.0783,"syncMs":205,"searchMs":154,"msg":"block scanned"}
{"level":30,"time":1790818324904,"pid":1070,"hostname":"vm","msg":"  DOGEGF>WETH@SushiV2 WETH>DOGEGF@UniswapV3/500 in=1.003e+11 DOGEGF gap=50.2bps profit=$0.003 net=$-0.047"}
{"level":30,"time":1790818324904,"pid":1070,"hostname":"vm","msg":"  DOGEGF>WETH@UniswapV2 WETH>DOGEGF@UniswapV3/500 in=1.174e+10 DOGEGF gap=36.4bps profit=$0.000 net=$-0.050"}
{"level":30,"time":1790818324904,"pid":1070,"hostname":"vm","msg":"  SPC>WETH@SushiV3/3000 WETH>SPC@UniswapV2 in=110.4 SPC gap=101.6bps profit=$0.002 net=$-0.048"}
{"level":30,"time":1790818324904,"pid":1070,"hostname":"vm","msg":"  ALEPH>WETH@SushiV2 WETH>ALEPH@UniswapV2 in=25.33 ALEPH gap=77.5bps profit=$0.000 net=$-0.035"}
{"level":30,"time":1790818324904,"pid":1070,"hostname":"vm","msg":"  LDO>WETH@SushiV2 WETH>LDO@UniswapV3/500 in=25.99 LDO gap=49.8bps profit=$0.009 net=$-0.041"}
{"level":30,"time":1790818337471,"pid":1070,"hostname":"vm","block":26094197,"gross":127,"net":0,"sumNetUsd":0,"gasPriceGwei":0.115336864,"txCostUsd":0.0774,"syncMs":179,"searchMs":148,"msg":"block scanned"}
{"level":30,"time":1790818337471,"pid":1070,"hostname":"vm","msg":"  DOGEGF>WETH@SushiV2 WETH>DOGEGF@UniswapV3/500 in=1.003e+11 DOGEGF gap=50.2bps profit=$0.003 net=$-0.047"}
{"level":30,"time":1790818337471,"pid":1070,"hostname":"vm","msg":"  DOGEGF>WETH@UniswapV2 WETH>DOGEGF@UniswapV3/500 in=1.174e+10 DOGEGF gap=36.4bps profit=$0.000 net=$-0.050"}
{"level":30,"time":1790818337471,"pid":1070,"hostname":"vm","msg":"  SPC>WETH@SushiV3/3000 WETH>SPC@UniswapV2 in=110.4 SPC gap=101.6bps profit=$0.002 net=$-0.048"}
{"level":30,"time":1790818337471,"pid":1070,"hostname":"vm","msg":"  ALEPH>WETH@SushiV2 WETH>ALEPH@UniswapV2 in=25.33 ALEPH gap=77.5bps profit=$0.000 net=$-0.035"}
{"level":30,"time":1790818337471,"pid":1070,"hostname":"vm","msg":"  LDO>WETH@SushiV2 WETH>LDO@UniswapV3/500 in=25.99 LDO gap=49.8bps profit=$0.009 net=$-0.041"}
{"level":30,"time":1790818350099,"pid":1070,"hostname":"vm","block":26094198,"gross":128,"net":0,"sumNetUsd":0,"gasPriceGwei":0.116285952,"txCostUsd":0.078,"syncMs":254,"searchMs":139,"msg":"block scanned"}
{"level":30,"time":1790818350099,"pid":1070,"hostname":"vm","msg":"  DOGEGF>WETH@SushiV2 WETH>DOGEGF@UniswapV3/500 in=1.003e+11 DOGEGF gap=50.2bps profit=$0.003 net=$-0.047"}
{"level":30,"time":1790818350099,"pid":1070,"hostname":"vm","msg":"  DOGEGF>WETH@UniswapV2 WETH>DOGEGF@UniswapV3/500 in=1.174e+10 DOGEGF gap=36.4bps profit=$0.000 net=$-0.050"}
{"level":30,"time":1790818350099,"pid":1070,"hostname":"vm","msg":"  SPC>WETH@SushiV3/3000 WETH>SPC@UniswapV2 in=110.4 SPC gap=101.6bps profit=$0.002 net=$-0.048"}
{"level":30,"time":1790818350099,"pid":1070,"hostname":"vm","msg":"  ALEPH>WETH@SushiV2 WETH>ALEPH@UniswapV2 in=25.33 ALEPH gap=77.5bps profit=$0.000 net=$-0.035"}
{"level":30,"time":1790818350099,"pid":1070,"hostname":"vm","msg":"  LDO>WETH@SushiV2 WETH>LDO@UniswapV3/500 in=25.99 LDO gap=49.8bps profit=$0.009 net=$-0.041"}
{"level":30,"time":1790818362933,"pid":1070,"hostname":"vm","block":26094199,"gross":134,"net":0,"sumNetUsd":0,"gasPriceGwei":0.112532929,"txCostUsd":0.0755,"syncMs":200,"searchMs":166,"msg":"block scanned"}
{"level":30,"time":1790818362933,"pid":1070,"hostname":"vm","msg":"  DOGEGF>WETH@SushiV2 WETH>DOGEGF@UniswapV3/500 in=1.003e+11 DOGEGF gap=50.2bps profit=$0.003 net=$-0.045"}
{"level":30,"time":1790818362933,"pid":1070,"hostname":"vm","msg":"  DOGEGF>WETH@UniswapV2 WETH>DOGEGF@UniswapV3/500 in=1.174e+10 DOGEGF gap=36.4bps profit=$0.000 net=$-0.048"}
{"level":30,"time":1790818362933,"pid":1070,"hostname":"vm","msg":"  SPC>WETH@SushiV3/3000 WETH>SPC@UniswapV2 in=110.4 SPC gap=101.6bps profit=$0.002 net=$-0.047"}
{"level":30,"time":1790818362933,"pid":1070,"hostname":"vm","msg":"  ALEPH>WETH@SushiV2 WETH>ALEPH@UniswapV2 in=25.33 ALEPH gap=77.5bps profit=$0.000 net=$-0.034"}
{"level":30,"time":1790818362933,"pid":1070,"hostname":"vm","msg":"  LDO>WETH@SushiV2 WETH>LDO@UniswapV3/500 in=25.99 LDO gap=49.8bps profit=$0.009 net=$-0.040"}
{"level":30,"time":1790818369424,"pid":1070,"hostname":"vm","block":26094200,"gross":134,"net":0,"sumNetUsd":0,"gasPriceGwei":0.112933178,"txCostUsd":0.0758,"syncMs":216,"searchMs":151,"msg":"block scanned"}
{"level":30,"time":1790818369424,"pid":1070,"hostname":"vm","msg":"  DOGEGF>WETH@SushiV2 WETH>DOGEGF@UniswapV3/500 in=1.003e+11 DOGEGF gap=50.2bps profit=$0.003 net=$-0.046"}
{"level":30,"time":1790818369424,"pid":1070,"hostname":"vm","msg":"  DOGEGF>WETH@UniswapV2 WETH>DOGEGF@UniswapV3/500 in=1.174e+10 DOGEGF gap=36.4bps profit=$0.000 net=$-0.048"}
{"level":30,"time":1790818369424,"pid":1070,"hostname":"vm","msg":"  SPC>WETH@SushiV3/3000 WETH>SPC@UniswapV2 in=110.4 SPC gap=101.6bps profit=$0.002 net=$-0.047"}
{"level":30,"time":1790818369424,"pid":1070,"hostname":"vm","msg":"  ALEPH>WETH@SushiV2 WETH>ALEPH@UniswapV2 in=25.33 ALEPH gap=77.5bps profit=$0.000 net=$-0.034"}
{"level":30,"time":1790818369424,"pid":1070,"hostname":"vm","msg":"  LDO>WETH@SushiV2 WETH>LDO@UniswapV3/500 in=25.99 LDO gap=49.8bps profit=$0.009 net=$-0.040"}
{"level":30,"time":1790818381949,"pid":1070,"hostname":"vm","block":26094201,"gross":134,"net":0,"sumNetUsd":0,"gasPriceGwei":0.112550952,"txCostUsd":0.0755,"syncMs":149,"searchMs":156,"msg":"block scanned"}
{"level":30,"time":1790818381949,"pid":1070,"hostname":"vm","msg":"  DOGEGF>WETH@SushiV2 WETH>DOGEGF@UniswapV3/500 in=1.003e+11 DOGEGF gap=50.2bps profit=$0.003 net=$-0.045"}
{"level":30,"time":1790818381949,"pid":1070,"hostname":"vm","msg":"  DOGEGF>WETH@UniswapV2 WETH>DOGEGF@UniswapV3/500 in=1.174e+10 DOGEGF gap=36.4bps profit=$0.000 net=$-0.048"}
{"level":30,"time":1790818381949,"pid":1070,"hostname":"vm","msg":"  SPC>WETH@SushiV3/3000 WETH>SPC@UniswapV2 in=110.4 SPC gap=101.6bps profit=$0.002 net=$-0.047"}
{"level":30,"time":1790818381949,"pid":1070,"hostname":"vm","msg":"  REN>WETH@UniswapV2 WETH>REN@SushiV2 in=213.8 REN gap=65.5bps profit=$0.000 net=$-0.034"}
{"level":30,"time":1790818381949,"pid":1070,"hostname":"vm","msg":"  ALEPH>WETH@SushiV2 WETH>ALEPH@UniswapV2 in=25.33 ALEPH gap=77.5bps profit=$0.000 net=$-0.034"}
{"level":30,"time":1790818406171,"pid":1070,"hostname":"vm","block":26094202,"gross":134,"net":0,"sumNetUsd":0,"gasPriceGwei":0.107855122,"txCostUsd":0.0724,"syncMs":5755,"searchMs":126,"msg":"block scanned"}
{"level":30,"time":1790818406171,"pid":1070,"hostname":"vm","msg":"  DOGEGF>WETH@SushiV2 WETH>DOGEGF@UniswapV3/500 in=1.003e+11 DOGEGF gap=50.2bps profit=$0.003 net=$-0.043"}
{"level":30,"time":1790818406171,"pid":1070,"hostname":"vm","msg":"  DOGEGF>WETH@UniswapV2 WETH>DOGEGF@UniswapV3/500 in=1.174e+10 DOGEGF gap=36.4bps profit=$0.000 net=$-0.046"}
{"level":30,"time":1790818406171,"pid":1070,"hostname":"vm","msg":"  SPC>WETH@SushiV3/3000 WETH>SPC@UniswapV2 in=110.4 SPC gap=101.6bps profit=$0.002 net=$-0.045"}
{"level":30,"time":1790818406171,"pid":1070,"hostname":"vm","msg":"  REN>WETH@UniswapV2 WETH>REN@SushiV2 in=213.8 REN gap=65.5bps profit=$0.000 net=$-0.033"}
{"level":30,"time":1790818406171,"pid":1070,"hostname":"vm","msg":"  ALEPH>WETH@SushiV2 WETH>ALEPH@UniswapV2 in=25.33 ALEPH gap=77.5bps profit=$0.000 net=$-0.033"}
{"level":30,"time":1790818406562,"pid":1070,"hostname":"vm","block":26094203,"gross":140,"net":0,"sumNetUsd":0,"gasPriceGwei":0.107855122,"txCostUsd":0.0724,"syncMs":127,"searchMs":152,"msg":"block scanned"}
{"level":30,"time":1790818406562,"pid":1070,"hostname":"vm","msg":"  DOGEGF>WETH@SushiV2 WETH>DOGEGF@UniswapV3/500 in=1.003e+11 DOGEGF gap=50.2bps profit=$0.003 net=$-0.043"}
{"level":30,"time":1790818406562,"pid":1070,"hostname":"vm","msg":"  DOGEGF>WETH@UniswapV2 WETH>DOGEGF@UniswapV3/500 in=1.174e+10 DOGEGF gap=36.4bps profit=$0.000 net=$-0.046"}
{"level":30,"time":1790818406562,"pid":1070,"hostname":"vm","msg":"  SPC>WETH@SushiV3/3000 WETH>SPC@UniswapV2 in=110.4 SPC gap=101.6bps profit=$0.002 net=$-0.045"}
{"level":30,"time":1790818406563,"pid":1070,"hostname":"vm","msg":"  REN>WETH@UniswapV2 WETH>REN@SushiV2 in=213.8 REN gap=65.5bps profit=$0.000 net=$-0.033"}
{"level":30,"time":1790818406563,"pid":1070,"hostname":"vm","msg":"  ALEPH>WETH@SushiV2 WETH>ALEPH@UniswapV2 in=25.33 ALEPH gap=77.5bps profit=$0.000 net=$-0.033"}
{"level":30,"time":1790818419085,"pid":1070,"hostname":"vm","block":26094204,"gross":140,"net":0,"sumNetUsd":0,"gasPriceGwei":0.107438432,"txCostUsd":0.0721,"syncMs":168,"searchMs":138,"msg":"block scanned"}
{"level":30,"time":1790818419085,"pid":1070,"hostname":"vm","msg":"  DOGEGF>WETH@SushiV2 WETH>DOGEGF@UniswapV3/500 in=1.003e+11 DOGEGF gap=50.2bps profit=$0.003 net=$-0.043"}
{"level":30,"time":1790818419085,"pid":1070,"hostname":"vm","msg":"  DOGEGF>WETH@UniswapV2 WETH>DOGEGF@UniswapV3/500 in=1.174e+10 DOGEGF gap=36.4bps profit=$0.000 net=$-0.046"}
{"level":30,"time":1790818419085,"pid":1070,"hostname":"vm","msg":"  SPC>WETH@SushiV3/3000 WETH>SPC@UniswapV2 in=110.4 SPC gap=101.6bps profit=$0.002 net=$-0.044"}
{"level":30,"time":1790818419085,"pid":1070,"hostname":"vm","msg":"  REN>WETH@UniswapV2 WETH>REN@SushiV2 in=213.8 REN gap=65.5bps profit=$0.000 net=$-0.033"}
{"level":30,"time":1790818419085,"pid":1070,"hostname":"vm","msg":"  ALEPH>WETH@SushiV2 WETH>ALEPH@UniswapV2 in=25.33 ALEPH gap=77.5bps profit=$0.000 net=$-0.033"}
{"level":30,"time":1790818432003,"pid":1070,"hostname":"vm","block":26094205,"gross":122,"net":0,"sumNetUsd":0,"gasPriceGwei":0.106956752,"txCostUsd":0.0718,"syncMs":505,"searchMs":158,"msg":"block scanned"}
{"level":30,"time":1790818432003,"pid":1070,"hostname":"vm","msg":"  DOGEGF>WETH@SushiV2 WETH>DOGEGF@UniswapV3/500 in=1.003e+11 DOGEGF gap=50.2bps profit=$0.003 net=$-0.043"}
{"level":30,"time":1790818432003,"pid":1070,"hostname":"vm","msg":"  DOGEGF>WETH@UniswapV2 WETH>DOGEGF@UniswapV3/500 in=1.174e+10 DOGEGF gap=36.4bps profit=$0.000 net=$-0.046"}
{"level":30,"time":1790818432003,"pid":1070,"hostname":"vm","msg":"  SPC>WETH@SushiV3/3000 WETH>SPC@UniswapV2 in=110.4 SPC gap=101.6bps profit=$0.002 net=$-0.044"}
{"level":30,"time":1790818432003,"pid":1070,"hostname":"vm","msg":"  ALEPH>WETH@SushiV2 WETH>ALEPH@UniswapV2 in=25.33 ALEPH gap=77.5bps profit=$0.000 net=$-0.032"}
{"level":30,"time":1790818432003,"pid":1070,"hostname":"vm","msg":"  LDO>WETH@SushiV2 WETH>LDO@UniswapV3/500 in=25.99 LDO gap=49.8bps profit=$0.009 net=$-0.037"}
{"level":30,"time":1790818444504,"pid":1070,"hostname":"vm","block":26094206,"gross":114,"net":0,"sumNetUsd":0,"gasPriceGwei":0.109418895,"txCostUsd":0.0734,"syncMs":144,"searchMs":118,"msg":"block scanned"}
{"level":30,"time":1790818444504,"pid":1070,"hostname":"vm","msg":"  DOGEGF>WETH@SushiV2 WETH>DOGEGF@UniswapV3/500 in=1.003e+11 DOGEGF gap=50.2bps profit=$0.003 net=$-0.044"}
{"level":30,"time":1790818444504,"pid":1070,"hostname":"vm","msg":"  DOGEGF>WETH@UniswapV2 WETH>DOGEGF@UniswapV3/500 in=1.174e+10 DOGEGF gap=36.4bps profit=$0.000 net=$-0.047"}
{"level":30,"time":1790818444504,"pid":1070,"hostname":"vm","msg":"  SPC>WETH@SushiV3/3000 WETH>SPC@UniswapV2 in=110.4 SPC gap=101.6bps profit=$0.002 net=$-0.045"}
{"level":30,"time":1790818444504,"pid":1070,"hostname":"vm","msg":"  ALEPH>WETH@SushiV2 WETH>ALEPH@UniswapV2 in=25.33 ALEPH gap=77.5bps profit=$0.000 net=$-0.033"}
{"level":30,"time":1790818444504,"pid":1070,"hostname":"vm","msg":"  LDO>WETH@SushiV2 WETH>LDO@UniswapV3/500 in=25.99 LDO gap=49.8bps profit=$0.009 net=$-0.038"}
{"level":30,"time":1790818457544,"pid":1070,"hostname":"vm","block":26094207,"gross":114,"net":0,"sumNetUsd":0,"gasPriceGwei":0.107435817,"txCostUsd":0.0721,"syncMs":683,"searchMs":138,"msg":"block scanned"}
{"level":30,"time":1790818457544,"pid":1070,"hostname":"vm","msg":"  DOGEGF>WETH@SushiV2 WETH>DOGEGF@UniswapV3/500 in=1.003e+11 DOGEGF gap=50.2bps profit=$0.003 net=$-0.043"}
{"level":30,"time":1790818457544,"pid":1070,"hostname":"vm","msg":"  DOGEGF>WETH@UniswapV2 WETH>DOGEGF@UniswapV3/500 in=1.174e+10 DOGEGF gap=36.4bps profit=$0.000 net=$-0.046"}
{"level":30,"time":1790818457544,"pid":1070,"hostname":"vm","msg":"  SPC>WETH@SushiV3/3000 WETH>SPC@UniswapV2 in=110.4 SPC gap=101.6bps profit=$0.002 net=$-0.044"}
{"level":30,"time":1790818457544,"pid":1070,"hostname":"vm","msg":"  ALEPH>WETH@SushiV2 WETH>ALEPH@UniswapV2 in=25.33 ALEPH gap=77.5bps profit=$0.000 net=$-0.033"}
{"level":30,"time":1790818457544,"pid":1070,"hostname":"vm","msg":"  LDO>WETH@SushiV2 WETH>LDO@UniswapV3/500 in=25.99 LDO gap=49.8bps profit=$0.009 net=$-0.037"}
{"level":30,"time":1790818470388,"pid":1070,"hostname":"vm","block":26094208,"gross":126,"net":4,"sumNetUsd":0.193,"gasPriceGwei":0.10394178,"txCostUsd":0.0698,"syncMs":479,"searchMs":131,"msg":"block scanned"}
{"level":30,"time":1790818470388,"pid":1070,"hostname":"vm","msg":"  DOGEGF>WETH@SushiV2 WETH>DOGEGF@UniswapV3/500 in=1.003e+11 DOGEGF gap=50.2bps profit=$0.003 net=$-0.042"}
{"level":30,"time":1790818470388,"pid":1070,"hostname":"vm","msg":"  DOGEGF>WETH@UniswapV2 WETH>DOGEGF@UniswapV3/500 in=1.174e+10 DOGEGF gap=36.4bps profit=$0.000 net=$-0.045"}
{"level":30,"time":1790818470388,"pid":1070,"hostname":"vm","msg":"  SPC>WETH@SushiV3/3000 WETH>SPC@UniswapV2 in=110.4 SPC gap=101.6bps profit=$0.002 net=$-0.043"}
{"level":30,"time":1790818470388,"pid":1070,"hostname":"vm","msg":"  ALEPH>WETH@SushiV2 WETH>ALEPH@UniswapV2 in=25.33 ALEPH gap=77.5bps profit=$0.000 net=$-0.031"}
{"level":30,"time":1790818470388,"pid":1070,"hostname":"vm","msg":"  LDO>WETH@SushiV2 WETH>LDO@UniswapV3/500 in=25.99 LDO gap=49.8bps profit=$0.009 net=$-0.036"}
{"level":30,"time":1790818483371,"pid":1070,"hostname":"vm","block":26094209,"gross":106,"net":0,"sumNetUsd":0,"gasPriceGwei":0.101679586,"txCostUsd":0.0682,"syncMs":603,"searchMs":147,"msg":"block scanned"}
{"level":30,"time":1790818483371,"pid":1070,"hostname":"vm","msg":"  DOGEGF>WETH@SushiV2 WETH>DOGEGF@UniswapV3/500 in=1.003e+11 DOGEGF gap=50.2bps profit=$0.003 net=$-0.041"}
{"level":30,"time":1790818483371,"pid":1070,"hostname":"vm","msg":"  DOGEGF>WETH@UniswapV2 WETH>DOGEGF@UniswapV3/500 in=1.174e+10 DOGEGF gap=36.4bps profit=$0.000 net=$-0.044"}
{"level":30,"time":1790818483371,"pid":1070,"hostname":"vm","msg":"  SPC>WETH@SushiV3/3000 WETH>SPC@UniswapV2 in=110.4 SPC gap=101.6bps profit=$0.002 net=$-0.042"}
{"level":30,"time":1790818483371,"pid":1070,"hostname":"vm","msg":"  ALEPH>WETH@SushiV2 WETH>ALEPH@UniswapV2 in=25.33 ALEPH gap=77.5bps profit=$0.000 net=$-0.031"}
{"level":30,"time":1790818483371,"pid":1070,"hostname":"vm","msg":"  LDO>WETH@SushiV2 WETH>LDO@UniswapV3/500 in=25.99 LDO gap=49.8bps profit=$0.009 net=$-0.035"}
{"level":30,"time":1790818489855,"pid":1070,"hostname":"vm","block":26094210,"gross":120,"net":0,"sumNetUsd":0,"gasPriceGwei":0.097634984,"txCostUsd":0.0655,"syncMs":200,"searchMs":141,"msg":"block scanned"}
{"level":30,"time":1790818489855,"pid":1070,"hostname":"vm","msg":"  DOGEGF>WETH@SushiV2 WETH>DOGEGF@UniswapV3/500 in=1.003e+11 DOGEGF gap=50.2bps profit=$0.003 net=$-0.039"}
{"level":30,"time":1790818489855,"pid":1070,"hostname":"vm","msg":"  DOGEGF>WETH@UniswapV2 WETH>DOGEGF@UniswapV3/500 in=1.174e+10 DOGEGF gap=36.4bps profit=$0.000 net=$-0.042"}
{"level":30,"time":1790818489855,"pid":1070,"hostname":"vm","msg":"  SPC>WETH@SushiV3/3000 WETH>SPC@UniswapV2 in=110.4 SPC gap=101.6bps profit=$0.002 net=$-0.040"}
{"level":30,"time":1790818489855,"pid":1070,"hostname":"vm","msg":"  ALEPH>WETH@SushiV2 WETH>ALEPH@UniswapV2 in=25.33 ALEPH gap=77.5bps profit=$0.000 net=$-0.030"}
{"level":30,"time":1790818489855,"pid":1070,"hostname":"vm","msg":"  LDO>WETH@SushiV2 WETH>LDO@UniswapV3/500 in=25.99 LDO gap=49.8bps profit=$0.009 net=$-0.033"}
{"level":30,"time":1790818508527,"pid":1070,"hostname":"vm","block":26094211,"gross":106,"net":0,"sumNetUsd":0,"gasPriceGwei":0.099271194,"txCostUsd":0.0666,"syncMs":191,"searchMs":142,"msg":"block scanned"}
{"level":30,"time":1790818508527,"pid":1070,"hostname":"vm","msg":"  DOGEGF>WETH@SushiV2 WETH>DOGEGF@UniswapV3/500 in=1.003e+11 DOGEGF gap=50.2bps profit=$0.003 net=$-0.040"}
{"level":30,"time":1790818508527,"pid":1070,"hostname":"vm","msg":"  DOGEGF>WETH@UniswapV2 WETH>DOGEGF@UniswapV3/500 in=1.174e+10 DOGEGF gap=36.4bps profit=$0.000 net=$-0.043"}
{"level":30,"time":1790818508527,"pid":1070,"hostname":"vm","msg":"  SPC>WETH@SushiV3/3000 WETH>SPC@UniswapV2 in=110.4 SPC gap=101.6bps profit=$0.002 net=$-0.041"}
{"level":30,"time":1790818508527,"pid":1070,"hostname":"vm","msg":"  ALEPH>WETH@SushiV2 WETH>ALEPH@UniswapV2 in=25.33 ALEPH gap=77.5bps profit=$0.000 net=$-0.030"}
{"level":30,"time":1790818508527,"pid":1070,"hostname":"vm","msg":"  LDO>WETH@SushiV2 WETH>LDO@UniswapV3/500 in=25.99 LDO gap=49.8bps profit=$0.009 net=$-0.034"}
{"level":30,"time":1790818514980,"pid":1070,"hostname":"vm","block":26094212,"gross":106,"net":0,"sumNetUsd":0,"gasPriceGwei":0.101367787,"txCostUsd":0.068,"syncMs":196,"searchMs":111,"msg":"block scanned"}
{"level":30,"time":1790818514980,"pid":1070,"hostname":"vm","msg":"  DOGEGF>WETH@SushiV2 WETH>DOGEGF@UniswapV3/500 in=1.003e+11 DOGEGF gap=50.2bps profit=$0.003 net=$-0.041"}
{"level":30,"time":1790818514980,"pid":1070,"hostname":"vm","msg":"  DOGEGF>WETH@UniswapV2 WETH>DOGEGF@UniswapV3/500 in=1.174e+10 DOGEGF gap=36.4bps profit=$0.000 net=$-0.044"}
{"level":30,"time":1790818514980,"pid":1070,"hostname":"vm","msg":"  SPC>WETH@SushiV3/3000 WETH>SPC@UniswapV2 in=110.4 SPC gap=101.6bps profit=$0.002 net=$-0.042"}
{"level":30,"time":1790818514980,"pid":1070,"hostname":"vm","msg":"  ALEPH>WETH@SushiV2 WETH>ALEPH@UniswapV2 in=25.33 ALEPH gap=77.5bps profit=$0.000 net=$-0.031"}
{"level":30,"time":1790818514980,"pid":1070,"hostname":"vm","msg":"  LDO>WETH@SushiV2 WETH>LDO@UniswapV3/500 in=25.99 LDO gap=49.8bps profit=$0.009 net=$-0.035"}
{"level":30,"time":1790818527705,"pid":1070,"hostname":"vm","block":26094213,"gross":112,"net":0,"sumNetUsd":0,"gasPriceGwei":0.098943336,"txCostUsd":0.0664,"syncMs":376,"searchMs":115,"msg":"block scanned"}
{"level":30,"time":1790818527706,"pid":1070,"hostname":"vm","msg":"  DOGEGF>WETH@SushiV2 WETH>DOGEGF@UniswapV3/500 in=1.003e+11 DOGEGF gap=50.2bps profit=$0.003 net=$-0.040"}
{"level":30,"time":1790818527706,"pid":1070,"hostname":"vm","msg":"  DOGEGF>WETH@UniswapV2 WETH>DOGEGF@UniswapV3/500 in=1.174e+10 DOGEGF gap=36.4bps profit=$0.000 net=$-0.042"}
{"level":30,"time":1790818527706,"pid":1070,"hostname":"vm","msg":"  SPC>WETH@SushiV3/3000 WETH>SPC@UniswapV2 in=110.4 SPC gap=101.6bps profit=$0.002 net=$-0.041"}
{"level":30,"time":1790818527706,"pid":1070,"hostname":"vm","msg":"  ALEPH>WETH@SushiV2 WETH>ALEPH@UniswapV2 in=25.33 ALEPH gap=77.5bps profit=$0.000 net=$-0.030"}
{"level":30,"time":1790818527706,"pid":1070,"hostname":"vm","msg":"  LDO>WETH@SushiV2 WETH>LDO@UniswapV3/500 in=25.99 LDO gap=49.8bps profit=$0.009 net=$-0.034"}
{"level":30,"time":1790818540629,"pid":1070,"hostname":"vm","block":26094214,"gross":115,"net":0,"sumNetUsd":0,"gasPriceGwei":0.097629736,"txCostUsd":0.0655,"syncMs":540,"searchMs":121,"msg":"block scanned"}
{"level":30,"time":1790818540629,"pid":1070,"hostname":"vm","msg":"  DOGEGF>WETH@SushiV2 WETH>DOGEGF@UniswapV3/500 in=1.003e+11 DOGEGF gap=50.2bps profit=$0.003 net=$-0.039"}
{"level":30,"time":1790818540629,"pid":1070,"hostname":"vm","msg":"  DOGEGF>WETH@UniswapV2 WETH>DOGEGF@UniswapV3/500 in=1.174e+10 DOGEGF gap=36.4bps profit=$0.000 net=$-0.042"}
{"level":30,"time":1790818540629,"pid":1070,"hostname":"vm","msg":"  SPC>WETH@SushiV3/3000 WETH>SPC@UniswapV2 in=110.4 SPC gap=101.6bps profit=$0.002 net=$-0.040"}
{"level":30,"time":1790818540629,"pid":1070,"hostname":"vm","msg":"  ALEPH>WETH@SushiV2 WETH>ALEPH@UniswapV2 in=25.33 ALEPH gap=77.5bps profit=$0.000 net=$-0.030"}
{"level":30,"time":1790818540629,"pid":1070,"hostname":"vm","msg":"  LDO>WETH@SushiV2 WETH>LDO@UniswapV3/500 in=25.99 LDO gap=49.8bps profit=$0.009 net=$-0.033"}
{"level":30,"time":1790818553220,"pid":1070,"hostname":"vm","block":26094215,"gross":112,"net":0,"sumNetUsd":0,"gasPriceGwei":0.098971915,"txCostUsd":0.0664,"syncMs":173,"searchMs":145,"msg":"block scanned"}
{"level":30,"time":1790818553220,"pid":1070,"hostname":"vm","msg":"  DOGEGF>WETH@SushiV2 WETH>DOGEGF@UniswapV3/500 in=1.003e+11 DOGEGF gap=50.2bps profit=$0.003 net=$-0.040"}
{"level":30,"time":1790818553220,"pid":1070,"hostname":"vm","msg":"  DOGEGF>WETH@UniswapV2 WETH>DOGEGF@UniswapV3/500 in=1.174e+10 DOGEGF gap=36.4bps profit=$0.000 net=$-0.042"}
{"level":30,"time":1790818553220,"pid":1070,"hostname":"vm","msg":"  SHIB>WETH@SushiV2 WETH>SHIB@UniswapV3/3000 in=2.427e+5 SHIB gap=84.7bps profit=$0.002 net=$-0.041"}
{"level":30,"time":1790818553220,"pid":1070,"hostname":"vm","msg":"  SHIB>WETH@UniswapV3/500 WETH>SHIB@UniswapV3/3000 in=1.425e+5 SHIB gap=55.2bps profit=$0.001 net=$-0.054"}
{"level":30,"time":1790818553220,"pid":1070,"hostname":"vm","msg":"  SPC>WETH@SushiV3/3000 WETH>SPC@UniswapV2 in=110.4 SPC gap=101.6bps profit=$0.002 net=$-0.041"}
{"level":30,"time":1790818565815,"pid":1070,"hostname":"vm","block":26094216,"gross":124,"net":0,"sumNetUsd":0,"gasPriceGwei":0.101438558,"txCostUsd":0.0681,"syncMs":201,"searchMs":148,"msg":"block scanned"}
{"level":30,"time":1790818565815,"pid":1070,"hostname":"vm","msg":"  DOGEGF>WETH@SushiV2 WETH>DOGEGF@UniswapV3/500 in=1.003e+11 DOGEGF gap=50.2bps profit=$0.003 net=$-0.041"}
{"level":30,"time":1790818565815,"pid":1070,"hostname":"vm","msg":"  DOGEGF>WETH@UniswapV2 WETH>DOGEGF@UniswapV3/500 in=1.174e+10 DOGEGF gap=36.4bps profit=$0.000 net=$-0.044"}
{"level":30,"time":1790818565815,"pid":1070,"hostname":"vm","msg":"  SHIB>WETH@SushiV2 WETH>SHIB@UniswapV3/3000 in=7.997e+4 SHIB gap=68.3bps profit=$0.000 net=$-0.043"}
{"level":30,"time":1790818565815,"pid":1070,"hostname":"vm","msg":"  SHIB>WETH@UniswapV3/500 WETH>SHIB@UniswapV3/3000 in=2.673e+4 SHIB gap=38.9bps profit=$0.000 net=$-0.056"}
{"level":30,"time":1790818565815,"pid":1070,"hostname":"vm","msg":"  SPC>WETH@SushiV3/3000 WETH>SPC@UniswapV2 in=110.4 SPC gap=101.6bps profit=$0.002 net=$-0.042"}
{"level":30,"time":1790818583435,"pid":1070,"hostname":"vm","block":26094217,"gross":118,"net":0,"sumNetUsd":0,"gasPriceGwei":0.098524674,"txCostUsd":0.0661,"syncMs":5260,"searchMs":128,"msg":"block scanned"}
{"level":30,"time":1790818583435,"pid":1070,"hostname":"vm","msg":"  DOGEGF>WETH@SushiV2 WETH>DOGEGF@UniswapV3/500 in=1.003e+11 DOGEGF gap=50.2bps profit=$0.003 net=$-0.039"}
{"level":30,"time":1790818583435,"pid":1070,"hostname":"vm","msg":"  DOGEGF>WETH@UniswapV2 WETH>DOGEGF@UniswapV3/500 in=1.174e+10 DOGEGF gap=36.4bps profit=$0.000 net=$-0.042"}
{"level":30,"time":1790818583435,"pid":1070,"hostname":"vm","msg":"  SHIB>WETH@SushiV2 WETH>SHIB@UniswapV3/3000 in=7.205e+4 SHIB gap=67.5bps profit=$0.000 net=$-0.042"}
{"level":30,"time":1790818583435,"pid":1070,"hostname":"vm","msg":"  SHIB>WETH@UniswapV3/500 WETH>SHIB@UniswapV3/3000 in=2.110e+4 SHIB gap=38.1bps profit=$0.000 net=$-0.054"}
{"level":30,"time":1790818583435,"pid":1070,"hostname":"vm","msg":"  SPC>WETH@SushiV3/3000 WETH>SPC@UniswapV2 in=110.4 SPC gap=101.6bps profit=$0.002 net=$-0.041"}
{"level":30,"time":1790818589978,"pid":1070,"hostname":"vm","block":26094218,"gross":102,"net":0,"sumNetUsd":0,"gasPriceGwei":0.098473317,"txCostUsd":0.0661,"syncMs":192,"searchMs":138,"msg":"block scanned"}
{"level":30,"time":1790818589978,"pid":1070,"hostname":"vm","msg":"  DOGEGF>WETH@SushiV2 WETH>DOGEGF@UniswapV3/500 in=1.003e+11 DOGEGF gap=50.2bps profit=$0.003 net=$-0.039"}
{"level":30,"time":1790818589978,"pid":1070,"hostname":"vm","msg":"  DOGEGF>WETH@UniswapV2 WETH>DOGEGF@UniswapV3/500 in=1.174e+10 DOGEGF gap=36.4bps profit=$0.000 net=$-0.042"}
{"level":30,"time":1790818589978,"pid":1070,"hostname":"vm","msg":"  SHIB>WETH@SushiV2 WETH>SHIB@UniswapV3/3000 in=7.205e+4 SHIB gap=67.5bps profit=$0.000 net=$-0.042"}
{"level":30,"time":1790818589978,"pid":1070,"hostname":"vm","msg":"  SHIB>WETH@UniswapV3/500 WETH>SHIB@UniswapV3/3000 in=2.110e+4 SHIB gap=38.1bps profit=$0.000 net=$-0.054"}
{"level":30,"time":1790818589978,"pid":1070,"hostname":"vm","msg":"  SPC>WETH@SushiV3/3000 WETH>SPC@UniswapV2 in=110.4 SPC gap=101.6bps profit=$0.002 net=$-0.041"}
{"level":30,"time":1790818602613,"pid":1070,"hostname":"vm","block":26094219,"gross":100,"net":0,"sumNetUsd":0,"gasPriceGwei":0.097476696,"txCostUsd":0.0654,"syncMs":208,"searchMs":144,"msg":"block scanned"}
{"level":30,"time":1790818602613,"pid":1070,"hostname":"vm","msg":"  DOGEGF>WETH@SushiV2 WETH>DOGEGF@UniswapV3/500 in=1.003e+11 DOGEGF gap=50.2bps profit=$0.003 net=$-0.039"}
{"level":30,"time":1790818602613,"pid":1070,"hostname":"vm","msg":"  DOGEGF>WETH@UniswapV2 WETH>DOGEGF@UniswapV3/500 in=1.174e+10 DOGEGF gap=36.4bps profit=$0.000 net=$-0.042"}
{"level":30,"time":1790818602613,"pid":1070,"hostname":"vm","msg":"  SHIB>WETH@SushiV2 WETH>SHIB@UniswapV3/3000 in=7.205e+4 SHIB gap=67.5bps profit=$0.000 net=$-0.042"}
{"level":30,"time":1790818602613,"pid":1070,"hostname":"vm","msg":"  SHIB>WETH@UniswapV3/500 WETH>SHIB@UniswapV3/3000 in=2.110e+4 SHIB gap=38.1bps profit=$0.000 net=$-0.054"}
{"level":30,"time":1790818602613,"pid":1070,"hostname":"vm","msg":"  SPC>WETH@SushiV3/3000 WETH>SPC@UniswapV2 in=110.4 SPC gap=101.6bps profit=$0.002 net=$-0.040"}
{"level":30,"time":1790818615146,"pid":1070,"hostname":"vm","block":26094220,"gross":116,"net":0,"sumNetUsd":0,"gasPriceGwei":0.090881141,"txCostUsd":0.061,"syncMs":155,"searchMs":147,"msg":"block scanned"}
{"level":30,"time":1790818615146,"pid":1070,"hostname":"vm","msg":"  DOGEGF>WETH@SushiV2 WETH>DOGEGF@UniswapV3/500 in=1.003e+11 DOGEGF gap=50.2bps profit=$0.003 net=$-0.036"}
{"level":30,"time":1790818615146,"pid":1070,"hostname":"vm","msg":"  DOGEGF>WETH@UniswapV2 WETH>DOGEGF@UniswapV3/500 in=1.174e+10 DOGEGF gap=36.4bps profit=$0.000 net=$-0.039"}
{"level":30,"time":1790818615146,"pid":1070,"hostname":"vm","msg":"  SHIB>WETH@SushiV2 WETH>SHIB@UniswapV3/3000 in=7.205e+4 SHIB gap=67.5bps profit=$0.000 net=$-0.039"}
{"level":30,"time":1790818615146,"pid":1070,"hostname":"vm","msg":"  SHIB>WETH@UniswapV3/500 WETH>SHIB@UniswapV3/3000 in=2.110e+4 SHIB gap=38.1bps profit=$0.000 net=$-0.050"}
{"level":30,"time":1790818615146,"pid":1070,"hostname":"vm","msg":"  SPC>WETH@SushiV3/3000 WETH>SPC@UniswapV2 in=110.4 SPC gap=101.6bps profit=$0.002 net=$-0.037"}
{"level":30,"time":1790818621589,"pid":1070,"hostname":"vm","block":26094221,"gross":128,"net":0,"sumNetUsd":0,"gasPriceGwei":0.092110624,"txCostUsd":0.0618,"syncMs":180,"searchMs":136,"msg":"block scanned"}
{"level":30,"time":1790818621589,"pid":1070,"hostname":"vm","msg":"  DOGEGF>WETH@SushiV2 WETH>DOGEGF@UniswapV3/500 in=1.003e+11 DOGEGF gap=50.2bps profit=$0.003 net=$-0.037"}
{"level":30,"time":1790818621589,"pid":1070,"hostname":"vm","msg":"  DOGEGF>WETH@UniswapV2 WETH>DOGEGF@UniswapV3/500 in=1.174e+10 DOGEGF gap=36.4bps profit=$0.000 net=$-0.040"}
{"level":30,"time":1790818621589,"pid":1070,"hostname":"vm","msg":"  SHIB>WETH@SushiV2 WETH>SHIB@UniswapV3/3000 in=7.205e+4 SHIB gap=67.5bps profit=$0.000 net=$-0.039"}
{"level":30,"time":1790818621589,"pid":1070,"hostname":"vm","msg":"  SHIB>WETH@UniswapV3/500 WETH>SHIB@UniswapV3/3000 in=2.110e+4 SHIB gap=38.1bps profit=$0.000 net=$-0.051"}
{"level":30,"time":1790818621589,"pid":1070,"hostname":"vm","msg":"  SPC>WETH@SushiV3/3000 WETH>SPC@UniswapV2 in=110.4 SPC gap=101.6bps profit=$0.002 net=$-0.038"}
{"level":30,"time":1790818634159,"pid":1070,"hostname":"vm","block":26094222,"gross":128,"net":0,"sumNetUsd":0,"gasPriceGwei":0.090663663,"txCostUsd":0.0608,"syncMs":195,"searchMs":143,"msg":"block scanned"}
{"level":30,"time":1790818634159,"pid":1070,"hostname":"vm","msg":"  DOGEGF>WETH@SushiV2 WETH>DOGEGF@UniswapV3/500 in=1.003e+11 DOGEGF gap=50.2bps profit=$0.003 net=$-0.036"}
{"level":30,"time":1790818634159,"pid":1070,"hostname":"vm","msg":"  DOGEGF>WETH@UniswapV2 WETH>DOGEGF@UniswapV3/500 in=1.174e+10 DOGEGF gap=36.4bps profit=$0.000 net=$-0.039"}
{"level":30,"time":1790818634159,"pid":1070,"hostname":"vm","msg":"  SHIB>WETH@SushiV2 WETH>SHIB@UniswapV3/3000 in=7.205e+4 SHIB gap=67.5bps profit=$0.000 net=$-0.039"}
{"level":30,"time":1790818634159,"pid":1070,"hostname":"vm","msg":"  SHIB>WETH@UniswapV3/500 WETH>SHIB@UniswapV3/3000 in=2.110e+4 SHIB gap=38.1bps profit=$0.000 net=$-0.050"}
{"level":30,"time":1790818634159,"pid":1070,"hostname":"vm","msg":"  SPC>WETH@SushiV3/3000 WETH>SPC@UniswapV2 in=110.4 SPC gap=101.6bps profit=$0.002 net=$-0.037"}
{"level":30,"time":1790818646683,"pid":1070,"hostname":"vm","block":26094223,"gross":135,"net":0,"sumNetUsd":0,"gasPriceGwei":0.090445822,"txCostUsd":0.0607,"syncMs":152,"searchMs":144,"msg":"block scanned"}
{"level":30,"time":1790818646683,"pid":1070,"hostname":"vm","msg":"  DOGEGF>WETH@SushiV2 WETH>DOGEGF@UniswapV3/500 in=1.003e+11 DOGEGF gap=50.2bps profit=$0.003 net=$-0.036"}
{"level":30,"time":1790818646683,"pid":1070,"hostname":"vm","msg":"  DOGEGF>WETH@UniswapV2 WETH>DOGEGF@UniswapV3/500 in=1.174e+10 DOGEGF gap=36.4bps profit=$0.000 net=$-0.039"}
{"level":30,"time":1790818646683,"pid":1070,"hostname":"vm","msg":"  SHIB>WETH@SushiV2 WETH>SHIB@UniswapV3/3000 in=7.205e+4 SHIB gap=67.5bps profit=$0.000 net=$-0.039"}
{"level":30,"time":1790818646683,"pid":1070,"hostname":"vm","msg":"  SHIB>WETH@UniswapV3/500 WETH>SHIB@UniswapV3/3000 in=2.110e+4 SHIB gap=38.1bps profit=$0.000 net=$-0.050"}
{"level":30,"time":1790818646683,"pid":1070,"hostname":"vm","msg":"  SPC>WETH@SushiV3/3000 WETH>SPC@UniswapV2 in=110.4 SPC gap=101.6bps profit=$0.002 net=$-0.037"}
{"level":30,"time":1790818659262,"pid":1070,"hostname":"vm","block":26094224,"gross":128,"net":0,"sumNetUsd":0,"gasPriceGwei":0.089404657,"txCostUsd":0.06,"syncMs":210,"searchMs":115,"msg":"block scanned"}
{"level":30,"time":1790818659262,"pid":1070,"hostname":"vm","msg":"  DOGEGF>WETH@SushiV2 WETH>DOGEGF@UniswapV3/500 in=1.003e+11 DOGEGF gap=50.2bps profit=$0.003 net=$-0.035"}
{"level":30,"time":1790818659262,"pid":1070,"hostname":"vm","msg":"  DOGEGF>WETH@UniswapV2 WETH>DOGEGF@UniswapV3/500 in=1.174e+10 DOGEGF gap=36.4bps profit=$0.000 net=$-0.038"}
{"level":30,"time":1790818659262,"pid":1070,"hostname":"vm","msg":"  SHIB>WETH@SushiV2 WETH>SHIB@UniswapV3/3000 in=7.205e+4 SHIB gap=67.5bps profit=$0.000 net=$-0.038"}
{"level":30,"time":1790818659262,"pid":1070,"hostname":"vm","msg":"  SHIB>WETH@UniswapV3/500 WETH>SHIB@UniswapV3/3000 in=2.110e+4 SHIB gap=38.1bps profit=$0.000 net=$-0.049"}
{"level":30,"time":1790818659262,"pid":1070,"hostname":"vm","msg":"  SPC>WETH@SushiV3/3000 WETH>SPC@UniswapV2 in=110.4 SPC gap=101.6bps profit=$0.002 net=$-0.037"}
{"level":30,"time":1790818671953,"pid":1070,"hostname":"vm","block":26094225,"gross":124,"net":0,"sumNetUsd":0,"gasPriceGwei":0.086897721,"txCostUsd":0.0583,"syncMs":285,"searchMs":149,"msg":"block scanned"}
{"level":30,"time":1790818671953,"pid":1070,"hostname":"vm","msg":"  DOGEGF>WETH@SushiV2 WETH>DOGEGF@UniswapV3/500 in=1.003e+11 DOGEGF gap=50.2bps profit=$0.003 net=$-0.034"}
{"level":30,"time":1790818671953,"pid":1070,"hostname":"vm","msg":"  DOGEGF>WETH@UniswapV2 WETH>DOGEGF@UniswapV3/500 in=1.174e+10 DOGEGF gap=36.4bps profit=$0.000 net=$-0.037"}
{"level":30,"time":1790818671953,"pid":1070,"hostname":"vm","msg":"  SHIB>WETH@SushiV2 WETH>SHIB@UniswapV3/3000 in=7.205e+4 SHIB gap=67.5bps profit=$0.000 net=$-0.037"}
{"level":30,"time":1790818671953,"pid":1070,"hostname":"vm","msg":"  SHIB>WETH@UniswapV3/500 WETH>SHIB@UniswapV3/3000 in=2.110e+4 SHIB gap=38.1bps profit=$0.000 net=$-0.048"}
{"level":30,"time":1790818671953,"pid":1070,"hostname":"vm","msg":"  SPC>WETH@SushiV3/3000 WETH>SPC@UniswapV2 in=110.4 SPC gap=101.6bps profit=$0.002 net=$-0.036"}
{"level":30,"time":1790818684553,"pid":1070,"hostname":"vm","block":26094226,"gross":103,"net":0,"sumNetUsd":0,"gasPriceGwei":0.083870872,"txCostUsd":0.0563,"syncMs":190,"searchMs":139,"msg":"block scanned"}
{"level":30,"time":1790818684553,"pid":1070,"hostname":"vm","msg":"  DOGEGF>WETH@SushiV2 WETH>DOGEGF@UniswapV3/500 in=1.003e+11 DOGEGF gap=50.2bps profit=$0.003 net=$-0.033"}
{"level":30,"time":1790818684553,"pid":1070,"hostname":"vm","msg":"  DOGEGF>WETH@UniswapV2 WETH>DOGEGF@UniswapV3/500 in=1.174e+10 DOGEGF gap=36.4bps profit=$0.000 net=$-0.036"}
{"level":30,"time":1790818684553,"pid":1070,"hostname":"vm","msg":"  SHIB>WETH@SushiV2 WETH>SHIB@UniswapV3/3000 in=7.205e+4 SHIB gap=67.5bps profit=$0.000 net=$-0.036"}
{"level":30,"time":1790818684553,"pid":1070,"hostname":"vm","msg":"  SHIB>WETH@UniswapV3/500 WETH>SHIB@UniswapV3/3000 in=2.110e+4 SHIB gap=38.1bps profit=$0.000 net=$-0.046"}
{"level":30,"time":1790818684553,"pid":1070,"hostname":"vm","msg":"  SPC>WETH@SushiV3/3000 WETH>SPC@UniswapV2 in=110.4 SPC gap=101.6bps profit=$0.002 net=$-0.034"}
{"level":30,"time":1790818697133,"pid":1070,"hostname":"vm","block":26094227,"gross":103,"net":0,"sumNetUsd":0,"gasPriceGwei":0.084555207,"txCostUsd":0.0567,"syncMs":222,"searchMs":134,"msg":"block scanned"}
{"level":30,"time":1790818697133,"pid":1070,"hostname":"vm","msg":"  DOGEGF>WETH@SushiV2 WETH>DOGEGF@UniswapV3/500 in=1.003e+11 DOGEGF gap=50.2bps profit=$0.003 net=$-0.033"}
{"level":30,"time":1790818697133,"pid":1070,"hostname":"vm","msg":"  DOGEGF>WETH@UniswapV2 WETH>DOGEGF@UniswapV3/500 in=1.174e+10 DOGEGF gap=36.4bps profit=$0.000 net=$-0.036"}
{"level":30,"time":1790818697133,"pid":1070,"hostname":"vm","msg":"  SHIB>WETH@SushiV2 WETH>SHIB@UniswapV3/3000 in=7.205e+4 SHIB gap=67.5bps profit=$0.000 net=$-0.036"}
{"level":30,"time":1790818697133,"pid":1070,"hostname":"vm","msg":"  SHIB>WETH@UniswapV3/500 WETH>SHIB@UniswapV3/3000 in=2.110e+4 SHIB gap=38.1bps profit=$0.000 net=$-0.047"}
{"level":30,"time":1790818697133,"pid":1070,"hostname":"vm","msg":"  SPC>WETH@SushiV3/3000 WETH>SPC@UniswapV2 in=110.4 SPC gap=101.6bps profit=$0.002 net=$-0.035"}
{"level":30,"time":1790818709628,"pid":1070,"hostname":"vm","block":26094228,"gross":104,"net":0,"sumNetUsd":0,"gasPriceGwei":0.084644832,"txCostUsd":0.0568,"syncMs":199,"searchMs":107,"msg":"block scanned"}
{"level":30,"time":1790818709628,"pid":1070,"hostname":"vm","msg":"  DOGEGF>WETH@SushiV2 WETH>DOGEGF@UniswapV3/500 in=1.003e+11 DOGEGF gap=50.2bps profit=$0.003 net=$-0.033"}
{"level":30,"time":1790818709628,"pid":1070,"hostname":"vm","msg":"  DOGEGF>WETH@UniswapV2 WETH>DOGEGF@UniswapV3/500 in=1.174e+10 DOGEGF gap=36.4bps profit=$0.000 net=$-0.036"}
{"level":30,"time":1790818709628,"pid":1070,"hostname":"vm","msg":"  SHIB>WETH@SushiV2 WETH>SHIB@UniswapV3/3000 in=7.205e+4 SHIB gap=67.5bps profit=$0.000 net=$-0.036"}
{"level":30,"time":1790818709628,"pid":1070,"hostname":"vm","msg":"  SHIB>WETH@UniswapV3/500 WETH>SHIB@UniswapV3/3000 in=2.110e+4 SHIB gap=38.1bps profit=$0.000 net=$-0.047"}
{"level":30,"time":1790818709628,"pid":1070,"hostname":"vm","msg":"  SPC>WETH@SushiV3/3000 WETH>SPC@UniswapV2 in=110.4 SPC gap=101.6bps profit=$0.002 net=$-0.035"}
{"level":30,"time":1790818722186,"pid":1070,"hostname":"vm","block":26094229,"gross":104,"net":0,"sumNetUsd":0,"gasPriceGwei":0.084698723,"txCostUsd":0.0568,"syncMs":191,"searchMs":135,"msg":"block scanned"}
{"level":30,"time":1790818722186,"pid":1070,"hostname":"vm","msg":"  DOGEGF>WETH@SushiV2 WETH>DOGEGF@UniswapV3/500 in=1.003e+11 DOGEGF gap=50.2bps profit=$0.003 net=$-0.033"}
{"level":30,"time":1790818722186,"pid":1070,"hostname":"vm","msg":"  DOGEGF>WETH@UniswapV2 WETH>DOGEGF@UniswapV3/500 in=1.174e+10 DOGEGF gap=36.4bps profit=$0.000 net=$-0.036"}
{"level":30,"time":1790818722186,"pid":1070,"hostname":"vm","msg":"  SHIB>WETH@SushiV2 WETH>SHIB@UniswapV3/3000 in=7.205e+4 SHIB gap=67.5bps profit=$0.000 net=$-0.036"}
{"level":30,"time":1790818722186,"pid":1070,"hostname":"vm","msg":"  SHIB>WETH@UniswapV3/500 WETH>SHIB@UniswapV3/3000 in=2.110e+4 SHIB gap=38.1bps profit=$0.000 net=$-0.047"}
{"level":30,"time":1790818722186,"pid":1070,"hostname":"vm","msg":"  SPC>WETH@SushiV3/3000 WETH>SPC@UniswapV2 in=110.4 SPC gap=101.6bps profit=$0.002 net=$-0.035"}
{"level":30,"time":1790818734720,"pid":1070,"hostname":"vm","block":26094230,"gross":107,"net":0,"sumNetUsd":0,"gasPriceGwei":0.082168796,"txCostUsd":0.0551,"syncMs":189,"searchMs":131,"msg":"block scanned"}
{"level":30,"time":1790818734721,"pid":1070,"hostname":"vm","msg":"  DOGEGF>WETH@SushiV2 WETH>DOGEGF@UniswapV3/500 in=1.003e+11 DOGEGF gap=50.2bps profit=$0.003 net=$-0.032"}
{"level":30,"time":1790818734721,"pid":1070,"hostname":"vm","msg":"  DOGEGF>WETH@UniswapV2 WETH>DOGEGF@UniswapV3/500 in=1.174e+10 DOGEGF gap=36.4bps profit=$0.000 net=$-0.035"}
{"level":30,"time":1790818734721,"pid":1070,"hostname":"vm","msg":"  SHIB>WETH@SushiV2 WETH>SHIB@UniswapV3/3000 in=7.205e+4 SHIB gap=67.5bps profit=$0.000 net=$-0.035"}
{"level":30,"time":1790818734721,"pid":1070,"hostname":"vm","msg":"  SHIB>WETH@UniswapV3/500 WETH>SHIB@UniswapV3/3000 in=2.110e+4 SHIB gap=38.1bps profit=$0.000 net=$-0.045"}
{"level":30,"time":1790818734721,"pid":1070,"hostname":"vm","msg":"  SPC>WETH@SushiV3/3000 WETH>SPC@UniswapV2 in=110.4 SPC gap=101.6bps profit=$0.002 net=$-0.034"}
{"level":30,"time":1790818741434,"pid":1070,"hostname":"vm","block":26094231,"gross":108,"net":0,"sumNetUsd":0,"gasPriceGwei":0.078683279,"txCostUsd":0.0528,"syncMs":424,"searchMs":147,"msg":"block scanned"}
{"level":30,"time":1790818741434,"pid":1070,"hostname":"vm","msg":"  DOGEGF>WETH@SushiV2 WETH>DOGEGF@UniswapV3/500 in=1.003e+11 DOGEGF gap=50.2bps profit=$0.003 net=$-0.031"}
{"level":30,"time":1790818741434,"pid":1070,"hostname":"vm","msg":"  DOGEGF>WETH@UniswapV2 WETH>DOGEGF@UniswapV3/500 in=1.174e+10 DOGEGF gap=36.4bps profit=$0.000 net=$-0.034"}
{"level":30,"time":1790818741434,"pid":1070,"hostname":"vm","msg":"  SHIB>WETH@SushiV2 WETH>SHIB@UniswapV3/3000 in=7.205e+4 SHIB gap=67.5bps profit=$0.000 net=$-0.034"}
{"level":30,"time":1790818741434,"pid":1070,"hostname":"vm","msg":"  SHIB>WETH@UniswapV3/500 WETH>SHIB@UniswapV3/3000 in=2.110e+4 SHIB gap=38.1bps profit=$0.000 net=$-0.043"}
{"level":30,"time":1790818741434,"pid":1070,"hostname":"vm","msg":"  SPC>WETH@SushiV3/3000 WETH>SPC@UniswapV2 in=110.4 SPC gap=101.6bps profit=$0.002 net=$-0.032"}
{"level":30,"time":1790818759823,"pid":1070,"hostname":"vm","block":26094232,"gross":96,"net":0,"sumNetUsd":0,"gasPriceGwei":0.077899748,"txCostUsd":0.0523,"syncMs":5968,"searchMs":138,"msg":"block scanned"}

================ SCAN SUMMARY ================
chain=mainnet blocks=151 elapsed=1799s pools=367 ethUsd=2684
gross-positive cycles: 18048  net-positive (after gas): 52
distinct net-positive routes: 38  of which PERSISTENT (>=50% of blocks; suspect): 0
upper-bound net USD if ALL transient opps were captured: $6.32 over 151 blocks
upper-bound net USD from persistent (suspect) routes:      $0.00
net profit distribution (USD): $0-0.001: 1 | $0.001-0.01: 4 | $0.01-0.1: 31 | $0.1-1: 15 | $1-10: 1 | $10-100: 0 | >$100: 0

Top transient routes by total net USD:
  USDC>WETH@UniswapV4/100 WETH>USDC@UniswapV3/100: blocks=3 total=$1.379 max=$1.051
  USDC>WETH@UniswapV4/100 WETH>USDT@UniswapV3/100 USDT>USDC@UniswapV4/10: blocks=1 total=$0.713 max=$0.713
  WETH>USDT@UniswapV3/100 USDT>USDC@UniswapV4/10 USDC>WETH@UniswapV4/100: blocks=1 total=$0.712 max=$0.712
  USDC>WETH@UniswapV4/100 WETH>USDC@PancakeV3/100: blocks=6 total=$0.502 max=$0.247
  USDC>WETH@UniswapV4/100 WETH>USDT@PancakeV3/500 USDT>USDC@UniswapV4/10: blocks=1 total=$0.408 max=$0.408
  WETH>USDT@PancakeV3/500 USDT>USDC@UniswapV4/10 USDC>WETH@UniswapV4/100: blocks=1 total=$0.408 max=$0.408
  USDC>WETH@UniswapV3/100 WETH>USDC@PancakeV3/100: blocks=2 total=$0.219 max=$0.116
  WETH>USDC@PancakeV3/100 USDC>WETH@UniswapV3/100: blocks=2 total=$0.219 max=$0.116
  USDC>WETH@UniswapV4/500 WETH>USDC@PancakeV3/100: blocks=2 total=$0.189 max=$0.097
  USDC>WETH@UniswapV3/500 WETH>USDC@PancakeV3/100: blocks=2 total=$0.187 max=$0.113
  WETH>USDC@PancakeV3/100 USDC>WETH@UniswapV3/500: blocks=2 total=$0.187 max=$0.113
  WETH>USDC@PancakeV3/100 USDC>cirBTC@UniswapV3/100 cirBTC>WETH@UniswapV3/100: blocks=2 total=$0.175 max=$0.132
  WETH>cirBTC@UniswapV3/100 cirBTC>USDC@UniswapV3/100 USDC>WETH@UniswapV4/100: blocks=1 total=$0.134 max=$0.134
  USDC>WETH@UniswapV4/100 WETH>USDC@UniswapV3/500: blocks=1 total=$0.088 max=$0.088
  USDC>DAI@SushiV3/100 DAI>WETH@UniswapV3/500 WETH>USDC@PancakeV3/100: blocks=2 total=$0.065 max=$0.065

Persistent routes (verify manually; usually fee-on-transfer tokens, paused pools or stale data):
{"level":30,"time":1790818759823,"pid":1070,"hostname":"vm","msg":"  DOGEGF>WETH@SushiV2 WETH>DOGEGF@UniswapV3/500 in=1.003e+11 DOGEGF gap=50.2bps profit=$0.003 net=$-0.031"}
{"level":30,"time":1790818759823,"pid":1070,"hostname":"vm","msg":"  DOGEGF>WETH@UniswapV2 WETH>DOGEGF@UniswapV3/500 in=1.174e+10 DOGEGF gap=36.4bps profit=$0.000 net=$-0.033"}
{"level":30,"time":1790818759823,"pid":1070,"hostname":"vm","msg":"  SHIB>WETH@SushiV2 WETH>SHIB@UniswapV3/3000 in=7.205e+4 SHIB gap=67.5bps profit=$0.000 net=$-0.033"}
{"level":30,"time":1790818759823,"pid":1070,"hostname":"vm","msg":"  SHIB>WETH@UniswapV3/500 WETH>SHIB@UniswapV3/3000 in=2.110e+4 SHIB gap=38.1bps profit=$0.000 net=$-0.043"}
{"level":30,"time":1790818759823,"pid":1070,"hostname":"vm","msg":"  SPC>WETH@SushiV3/3000 WETH>SPC@UniswapV2 in=110.4 SPC gap=101.6bps profit=$0.002 net=$-0.032"}
exit=0 capped=0
