# 2026-10-01T01:04:58Z attempt 1 cmd: LOG_JSON=1 BASE_RPC_URL=https://base.meowrpc.com node --import tsx --import /home/user/dapparb/research-material/07-other-chains-engine/collect/exit-flush.mjs src/research/scan.ts --chain base --universe top --blocks 901 --out /home/user/dapparb/research-material/07-other-chains-engine/collect/work/scan-base-top.jsonl  (time cap 31 min after first scanned block)
{"level":30,"time":1790816700549,"pid":1067,"hostname":"vm","chain":"base","tokens":19,"dexes":11,"msg":"discovering pools"}
{"level":40,"time":1790816727551,"pid":1067,"hostname":"vm","status":429,"url":"https://api.geckoterminal.com/api/v2/networks/base/dexes/uniswap-v4-base/pools?page=1&sort=h24_volume_usd_desc","msg":"geckoterminal request failed"}
{"level":40,"time":1790816803887,"pid":1067,"hostname":"vm","status":429,"url":"https://api.geckoterminal.com/api/v2/networks/base/dexes/aerodrome-slipstream/pools?page=3&sort=h24_volume_usd_desc","msg":"geckoterminal request failed"}
{"level":40,"time":1790816875336,"pid":1067,"hostname":"vm","status":429,"url":"https://api.geckoterminal.com/api/v2/networks/base/dexes/uniswap-v3-base/pools?page=3&sort=h24_volume_usd_desc","msg":"geckoterminal request failed"}
{"level":40,"time":1790816890425,"pid":1067,"hostname":"vm","status":429,"url":"https://api.geckoterminal.com/api/v2/networks/base/dexes/pancakeswap-v3-base/pools?page=1&sort=h24_volume_usd_desc","msg":"geckoterminal request failed"}
{"level":40,"time":1790816925420,"pid":1067,"hostname":"vm","status":429,"url":"https://api.geckoterminal.com/api/v2/networks/base/dexes/sushiswap-v3-base/pools?page=1&sort=h24_volume_usd_desc","msg":"geckoterminal request failed"}
{"level":30,"time":1790817053580,"pid":1067,"hostname":"vm","requests":41,"pools":648,"msg":"geckoterminal pools fetched"}
{"level":30,"time":1790817063327,"pid":1067,"hostname":"vm","topPools":648,"newTokens":199,"msg":"token universe built"}
{"level":30,"time":1790817110472,"pid":1067,"hostname":"vm","candidates":20484,"found":1979,"msg":"pool discovery complete"}
{"level":30,"time":1790817272268,"pid":1067,"hostname":"vm","requests":27,"pools":482,"msg":"geckoterminal pools fetched"}
{"level":30,"time":1790817272269,"pid":1067,"hostname":"vm","listed":482,"v4":40,"dexes":["uniswap-v4-base"],"msg":"uniswap v4 candidates"}
{"level":30,"time":1790817272843,"pid":1067,"hostname":"vm","listed":40,"kept":35,"keyFailed":0,"unknownKey":0,"hooked":3,"outOfUniverse":2,"msg":"uniswap v4 pools discovered"}
{"level":30,"time":1790817368281,"pid":1067,"hostname":"vm","live":558,"byDex":{"UniswapV3":170,"AerodromeCL":77,"AerodromeCL3":67,"AerodromeCL2":33,"PancakeV3":62,"SushiV3":17,"Aerodrome":70,"UniswapV2":34,"SushiV2":3,"BaseSwap":8,"PancakeV2":1,"UniswapV4":16},"msg":"live pools"}
{"level":30,"time":1790817444600,"pid":1067,"hostname":"vm","block":52014010,"gross":308,"net":16,"sumNetUsd":87.022,"gasPriceGwei":0.006,"txCostUsd":0.004,"syncMs":74736,"searchMs":215,"msg":"block scanned"}
{"level":30,"time":1790817444601,"pid":1067,"hostname":"vm","msg":"  Fren Pet>WETH@UniswapV3/3000 WETH>Fren Pet@UniswapV2 in=2.374 Fren Pet gap=8189.6bps profit=$10.859 net=$10.856"}
{"level":30,"time":1790817444601,"pid":1067,"hostname":"vm","msg":"  Fren Pet>WETH@UniswapV3/3000 WETH>Fren Pet@BaseSwap in=2.373 Fren Pet gap=8235.4bps profit=$10.680 net=$10.678"}
{"level":30,"time":1790817444601,"pid":1067,"hostname":"vm","msg":"  REPPO>WETH@AerodromeCL2/1 WETH>REPPO@UniswapV3/10000 in=2.102 REPPO gap=347.6bps profit=$0.001 net=$-0.003"}
{"level":30,"time":1790817444601,"pid":1067,"hostname":"vm","msg":"  REPPO>WETH@AerodromeCL2/1 WETH>REPPO@AerodromeCL2/200 in=2.102 REPPO gap=329.2bps profit=$0.001 net=$-0.003"}
{"level":30,"time":1790817444601,"pid":1067,"hostname":"vm","msg":"  WETH>Fren Pet@UniswapV2 Fren Pet>WETH@UniswapV3/3000 in=0.005279 WETH gap=8189.6bps profit=$10.893 net=$10.890"}
{"level":30,"time":1790817449500,"pid":1067,"hostname":"vm","block":52014049,"gross":367,"net":16,"sumNetUsd":86.752,"gasPriceGwei":0.006,"txCostUsd":0.004,"syncMs":2666,"searchMs":248,"msg":"block scanned"}
{"level":30,"time":1790817449500,"pid":1067,"hostname":"vm","msg":"  Fren Pet>WETH@UniswapV3/3000 WETH>Fren Pet@UniswapV2 in=2.374 Fren Pet gap=8189.6bps profit=$10.859 net=$10.856"}
{"level":30,"time":1790817449500,"pid":1067,"hostname":"vm","msg":"  Fren Pet>WETH@UniswapV3/3000 WETH>Fren Pet@BaseSwap in=2.373 Fren Pet gap=8235.4bps profit=$10.680 net=$10.678"}
{"level":30,"time":1790817449500,"pid":1067,"hostname":"vm","msg":"  REPPO>WETH@AerodromeCL2/1 WETH>REPPO@UniswapV3/10000 in=2.102 REPPO gap=347.6bps profit=$0.001 net=$-0.003"}
{"level":30,"time":1790817449500,"pid":1067,"hostname":"vm","msg":"  REPPO>WETH@AerodromeCL2/1 WETH>REPPO@AerodromeCL2/200 in=2.102 REPPO gap=329.2bps profit=$0.001 net=$-0.003"}
{"level":30,"time":1790817449500,"pid":1067,"hostname":"vm","msg":"  WETH>Fren Pet@UniswapV2 Fren Pet>WETH@UniswapV3/3000 in=0.005279 WETH gap=8189.6bps profit=$10.893 net=$10.890"}
{"level":30,"time":1790817454617,"pid":1067,"hostname":"vm","block":52014045,"gross":340,"net":16,"sumNetUsd":86.736,"gasPriceGwei":0.006,"txCostUsd":0.004,"syncMs":2644,"searchMs":234,"msg":"block scanned"}
{"level":30,"time":1790817454617,"pid":1067,"hostname":"vm","msg":"  Fren Pet>WETH@UniswapV3/3000 WETH>Fren Pet@UniswapV2 in=2.374 Fren Pet gap=8189.6bps profit=$10.859 net=$10.856"}
{"level":30,"time":1790817454617,"pid":1067,"hostname":"vm","msg":"  Fren Pet>WETH@UniswapV3/3000 WETH>Fren Pet@BaseSwap in=2.373 Fren Pet gap=8235.4bps profit=$10.680 net=$10.678"}
{"level":30,"time":1790817454617,"pid":1067,"hostname":"vm","msg":"  REPPO>WETH@AerodromeCL2/1 WETH>REPPO@UniswapV3/10000 in=2.102 REPPO gap=347.6bps profit=$0.001 net=$-0.003"}
{"level":30,"time":1790817454617,"pid":1067,"hostname":"vm","msg":"  REPPO>WETH@AerodromeCL2/1 WETH>REPPO@AerodromeCL2/200 in=2.102 REPPO gap=329.2bps profit=$0.001 net=$-0.003"}
{"level":30,"time":1790817454617,"pid":1067,"hostname":"vm","msg":"  WETH>Fren Pet@UniswapV2 Fren Pet>WETH@UniswapV3/3000 in=0.005279 WETH gap=8189.6bps profit=$10.893 net=$10.890"}
{"level":30,"time":1790817459725,"pid":1067,"hostname":"vm","block":52014054,"gross":359,"net":20,"sumNetUsd":87.166,"gasPriceGwei":0.006,"txCostUsd":0.004,"syncMs":2653,"searchMs":204,"msg":"block scanned"}
{"level":30,"time":1790817459725,"pid":1067,"hostname":"vm","msg":"  Fren Pet>WETH@UniswapV3/3000 WETH>Fren Pet@UniswapV2 in=2.374 Fren Pet gap=8189.6bps profit=$10.859 net=$10.856"}
{"level":30,"time":1790817459725,"pid":1067,"hostname":"vm","msg":"  Fren Pet>WETH@UniswapV3/3000 WETH>Fren Pet@BaseSwap in=2.373 Fren Pet gap=8235.4bps profit=$10.680 net=$10.678"}
{"level":30,"time":1790817459725,"pid":1067,"hostname":"vm","msg":"  REPPO>WETH@AerodromeCL2/1 WETH>REPPO@UniswapV3/10000 in=2.102 REPPO gap=347.6bps profit=$0.001 net=$-0.003"}
{"level":30,"time":1790817459725,"pid":1067,"hostname":"vm","msg":"  REPPO>WETH@AerodromeCL2/1 WETH>REPPO@AerodromeCL2/200 in=2.102 REPPO gap=329.2bps profit=$0.001 net=$-0.003"}
{"level":30,"time":1790817459725,"pid":1067,"hostname":"vm","msg":"  WETH>Fren Pet@UniswapV2 Fren Pet>WETH@UniswapV3/3000 in=0.005279 WETH gap=8189.6bps profit=$10.893 net=$10.890"}
{"level":30,"time":1790817463393,"pid":1067,"hostname":"vm","block":52014056,"gross":345,"net":18,"sumNetUsd":87.073,"gasPriceGwei":0.006,"txCostUsd":0.004,"syncMs":1238,"searchMs":193,"msg":"block scanned"}
{"level":30,"time":1790817463393,"pid":1067,"hostname":"vm","msg":"  Fren Pet>WETH@UniswapV3/3000 WETH>Fren Pet@UniswapV2 in=2.374 Fren Pet gap=8189.6bps profit=$10.859 net=$10.856"}
{"level":30,"time":1790817463393,"pid":1067,"hostname":"vm","msg":"  Fren Pet>WETH@UniswapV3/3000 WETH>Fren Pet@BaseSwap in=2.373 Fren Pet gap=8235.4bps profit=$10.680 net=$10.678"}
{"level":30,"time":1790817463393,"pid":1067,"hostname":"vm","msg":"  REPPO>WETH@AerodromeCL2/1 WETH>REPPO@UniswapV3/10000 in=2.102 REPPO gap=347.6bps profit=$0.001 net=$-0.003"}
{"level":30,"time":1790817463393,"pid":1067,"hostname":"vm","msg":"  REPPO>WETH@AerodromeCL2/1 WETH>REPPO@AerodromeCL2/200 in=2.102 REPPO gap=329.2bps profit=$0.001 net=$-0.003"}
{"level":30,"time":1790817463393,"pid":1067,"hostname":"vm","msg":"  PROS>USDC@AerodromeCL3/1 USDC>PROS@AerodromeCL3/200 in=11.08 PROS gap=10.8bps profit=$0.004 net=$0.000"}
{"level":30,"time":1790817468412,"pid":1067,"hostname":"vm","block":52014058,"gross":348,"net":18,"sumNetUsd":87.136,"gasPriceGwei":0.006,"txCostUsd":0.004,"syncMs":2710,"searchMs":211,"msg":"block scanned"}
{"level":30,"time":1790817468412,"pid":1067,"hostname":"vm","msg":"  Fren Pet>WETH@UniswapV3/3000 WETH>Fren Pet@UniswapV2 in=2.374 Fren Pet gap=8189.6bps profit=$10.859 net=$10.856"}
{"level":30,"time":1790817468412,"pid":1067,"hostname":"vm","msg":"  Fren Pet>WETH@UniswapV3/3000 WETH>Fren Pet@BaseSwap in=2.373 Fren Pet gap=8235.4bps profit=$10.680 net=$10.678"}
{"level":30,"time":1790817468412,"pid":1067,"hostname":"vm","msg":"  REPPO>WETH@AerodromeCL2/1 WETH>REPPO@UniswapV3/10000 in=2.102 REPPO gap=347.6bps profit=$0.001 net=$-0.003"}
{"level":30,"time":1790817468412,"pid":1067,"hostname":"vm","msg":"  REPPO>WETH@AerodromeCL2/1 WETH>REPPO@AerodromeCL2/200 in=2.102 REPPO gap=329.2bps profit=$0.001 net=$-0.003"}
{"level":30,"time":1790817468412,"pid":1067,"hostname":"vm","msg":"  PROS>USDC@AerodromeCL3/1 USDC>PROS@AerodromeCL3/200 in=11.08 PROS gap=10.8bps profit=$0.004 net=$0.000"}
{"level":30,"time":1790817473735,"pid":1067,"hostname":"vm","block":52014060,"gross":348,"net":16,"sumNetUsd":87.135,"gasPriceGwei":0.006,"txCostUsd":0.004,"syncMs":2414,"searchMs":187,"msg":"block scanned"}
{"level":30,"time":1790817473735,"pid":1067,"hostname":"vm","msg":"  Fren Pet>WETH@UniswapV3/3000 WETH>Fren Pet@UniswapV2 in=2.374 Fren Pet gap=8189.6bps profit=$10.859 net=$10.856"}
{"level":30,"time":1790817473735,"pid":1067,"hostname":"vm","msg":"  Fren Pet>WETH@UniswapV3/3000 WETH>Fren Pet@BaseSwap in=2.373 Fren Pet gap=8235.4bps profit=$10.680 net=$10.678"}
{"level":30,"time":1790817473735,"pid":1067,"hostname":"vm","msg":"  REPPO>WETH@AerodromeCL2/1 WETH>REPPO@UniswapV3/10000 in=2.102 REPPO gap=347.6bps profit=$0.001 net=$-0.003"}
{"level":30,"time":1790817473735,"pid":1067,"hostname":"vm","msg":"  REPPO>WETH@AerodromeCL2/1 WETH>REPPO@AerodromeCL2/200 in=2.102 REPPO gap=329.2bps profit=$0.001 net=$-0.003"}
{"level":30,"time":1790817473735,"pid":1067,"hostname":"vm","msg":"  WETH>Fren Pet@UniswapV2 Fren Pet>WETH@UniswapV3/3000 in=0.005279 WETH gap=8189.6bps profit=$10.893 net=$10.890"}
{"level":30,"time":1790817480649,"pid":1067,"hostname":"vm","block":52014063,"gross":346,"net":16,"sumNetUsd":87.135,"gasPriceGwei":0.006,"txCostUsd":0.004,"syncMs":1942,"searchMs":175,"msg":"block scanned"}
{"level":30,"time":1790817480649,"pid":1067,"hostname":"vm","msg":"  Fren Pet>WETH@UniswapV3/3000 WETH>Fren Pet@UniswapV2 in=2.374 Fren Pet gap=8189.6bps profit=$10.859 net=$10.856"}
{"level":30,"time":1790817480649,"pid":1067,"hostname":"vm","msg":"  Fren Pet>WETH@UniswapV3/3000 WETH>Fren Pet@BaseSwap in=2.373 Fren Pet gap=8235.4bps profit=$10.680 net=$10.678"}
{"level":30,"time":1790817480649,"pid":1067,"hostname":"vm","msg":"  REPPO>WETH@AerodromeCL2/1 WETH>REPPO@UniswapV3/10000 in=2.102 REPPO gap=347.6bps profit=$0.001 net=$-0.003"}
{"level":30,"time":1790817480649,"pid":1067,"hostname":"vm","msg":"  REPPO>WETH@AerodromeCL2/1 WETH>REPPO@AerodromeCL2/200 in=2.102 REPPO gap=329.2bps profit=$0.001 net=$-0.003"}
{"level":30,"time":1790817480649,"pid":1067,"hostname":"vm","msg":"  WETH>Fren Pet@UniswapV2 Fren Pet>WETH@UniswapV3/3000 in=0.005279 WETH gap=8189.6bps profit=$10.893 net=$10.890"}
{"level":30,"time":1790817484562,"pid":1067,"hostname":"vm","block":52014067,"gross":323,"net":16,"sumNetUsd":87.139,"gasPriceGwei":0.006,"txCostUsd":0.004,"syncMs":967,"searchMs":206,"msg":"block scanned"}
{"level":30,"time":1790817484562,"pid":1067,"hostname":"vm","msg":"  Fren Pet>WETH@UniswapV3/3000 WETH>Fren Pet@UniswapV2 in=2.374 Fren Pet gap=8189.6bps profit=$10.859 net=$10.856"}
{"level":30,"time":1790817484562,"pid":1067,"hostname":"vm","msg":"  Fren Pet>WETH@UniswapV3/3000 WETH>Fren Pet@BaseSwap in=2.373 Fren Pet gap=8235.4bps profit=$10.680 net=$10.678"}
{"level":30,"time":1790817484562,"pid":1067,"hostname":"vm","msg":"  REPPO>WETH@AerodromeCL2/1 WETH>REPPO@UniswapV3/10000 in=2.102 REPPO gap=347.6bps profit=$0.001 net=$-0.003"}
{"level":30,"time":1790817484562,"pid":1067,"hostname":"vm","msg":"  REPPO>WETH@AerodromeCL2/1 WETH>REPPO@AerodromeCL2/200 in=2.102 REPPO gap=329.2bps profit=$0.001 net=$-0.003"}
{"level":30,"time":1790817484562,"pid":1067,"hostname":"vm","msg":"  WETH>Fren Pet@UniswapV2 Fren Pet>WETH@UniswapV3/3000 in=0.005279 WETH gap=8189.6bps profit=$10.893 net=$10.890"}
{"level":30,"time":1790817489575,"pid":1067,"hostname":"vm","block":52014068,"gross":321,"net":16,"sumNetUsd":87.139,"gasPriceGwei":0.006,"txCostUsd":0.004,"syncMs":2702,"searchMs":172,"msg":"block scanned"}
{"level":30,"time":1790817489575,"pid":1067,"hostname":"vm","msg":"  Fren Pet>WETH@UniswapV3/3000 WETH>Fren Pet@UniswapV2 in=2.374 Fren Pet gap=8189.6bps profit=$10.859 net=$10.856"}
{"level":30,"time":1790817489575,"pid":1067,"hostname":"vm","msg":"  Fren Pet>WETH@UniswapV3/3000 WETH>Fren Pet@BaseSwap in=2.373 Fren Pet gap=8235.4bps profit=$10.680 net=$10.678"}
{"level":30,"time":1790817489575,"pid":1067,"hostname":"vm","msg":"  REPPO>WETH@AerodromeCL2/1 WETH>REPPO@UniswapV3/10000 in=2.102 REPPO gap=347.6bps profit=$0.001 net=$-0.003"}
{"level":30,"time":1790817489575,"pid":1067,"hostname":"vm","msg":"  REPPO>WETH@AerodromeCL2/1 WETH>REPPO@AerodromeCL2/200 in=2.102 REPPO gap=329.2bps profit=$0.001 net=$-0.003"}
{"level":30,"time":1790817489575,"pid":1067,"hostname":"vm","msg":"  WETH>Fren Pet@UniswapV2 Fren Pet>WETH@UniswapV3/3000 in=0.005279 WETH gap=8189.6bps profit=$10.893 net=$10.890"}
{"level":30,"time":1790817493433,"pid":1067,"hostname":"vm","block":52014071,"gross":314,"net":16,"sumNetUsd":87.05,"gasPriceGwei":0.006,"txCostUsd":0.004,"syncMs":2308,"searchMs":200,"msg":"block scanned"}
{"level":30,"time":1790817493433,"pid":1067,"hostname":"vm","msg":"  Fren Pet>WETH@UniswapV3/3000 WETH>Fren Pet@UniswapV2 in=2.374 Fren Pet gap=8189.6bps profit=$10.859 net=$10.856"}
{"level":30,"time":1790817493433,"pid":1067,"hostname":"vm","msg":"  Fren Pet>WETH@UniswapV3/3000 WETH>Fren Pet@BaseSwap in=2.373 Fren Pet gap=8235.4bps profit=$10.680 net=$10.678"}
{"level":30,"time":1790817493433,"pid":1067,"hostname":"vm","msg":"  REPPO>WETH@AerodromeCL2/1 WETH>REPPO@UniswapV3/10000 in=2.102 REPPO gap=347.6bps profit=$0.001 net=$-0.003"}
{"level":30,"time":1790817493433,"pid":1067,"hostname":"vm","msg":"  REPPO>WETH@AerodromeCL2/1 WETH>REPPO@AerodromeCL2/200 in=2.102 REPPO gap=329.2bps profit=$0.001 net=$-0.003"}
{"level":30,"time":1790817493433,"pid":1067,"hostname":"vm","msg":"  WETH>Fren Pet@UniswapV2 Fren Pet>WETH@UniswapV3/3000 in=0.005279 WETH gap=8189.6bps profit=$10.893 net=$10.890"}
{"level":30,"time":1790817498512,"pid":1067,"hostname":"vm","block":52014073,"gross":316,"net":16,"sumNetUsd":87.051,"gasPriceGwei":0.006,"txCostUsd":0.004,"syncMs":2298,"searchMs":204,"msg":"block scanned"}
{"level":30,"time":1790817498512,"pid":1067,"hostname":"vm","msg":"  Fren Pet>WETH@UniswapV3/3000 WETH>Fren Pet@UniswapV2 in=2.374 Fren Pet gap=8189.6bps profit=$10.859 net=$10.856"}
{"level":30,"time":1790817498512,"pid":1067,"hostname":"vm","msg":"  Fren Pet>WETH@UniswapV3/3000 WETH>Fren Pet@BaseSwap in=2.373 Fren Pet gap=8235.4bps profit=$10.680 net=$10.678"}
{"level":30,"time":1790817498512,"pid":1067,"hostname":"vm","msg":"  REPPO>WETH@AerodromeCL2/1 WETH>REPPO@UniswapV3/10000 in=2.102 REPPO gap=347.6bps profit=$0.001 net=$-0.003"}
{"level":30,"time":1790817498512,"pid":1067,"hostname":"vm","msg":"  REPPO>WETH@AerodromeCL2/1 WETH>REPPO@AerodromeCL2/200 in=2.102 REPPO gap=329.2bps profit=$0.001 net=$-0.003"}
{"level":30,"time":1790817498512,"pid":1067,"hostname":"vm","msg":"  WETH>Fren Pet@UniswapV2 Fren Pet>WETH@UniswapV3/3000 in=0.005279 WETH gap=8189.6bps profit=$10.893 net=$10.890"}
{"level":30,"time":1790817502735,"pid":1067,"hostname":"vm","block":52014076,"gross":319,"net":25,"sumNetUsd":87.106,"gasPriceGwei":0.006,"txCostUsd":0.004,"syncMs":2176,"searchMs":160,"msg":"block scanned"}
{"level":30,"time":1790817502735,"pid":1067,"hostname":"vm","msg":"  Fren Pet>WETH@UniswapV3/3000 WETH>Fren Pet@UniswapV2 in=2.374 Fren Pet gap=8189.6bps profit=$10.859 net=$10.856"}
{"level":30,"time":1790817502735,"pid":1067,"hostname":"vm","msg":"  Fren Pet>WETH@UniswapV3/3000 WETH>Fren Pet@BaseSwap in=2.373 Fren Pet gap=8235.4bps profit=$10.680 net=$10.678"}
{"level":30,"time":1790817502735,"pid":1067,"hostname":"vm","msg":"  REPPO>WETH@AerodromeCL2/1 WETH>REPPO@UniswapV3/10000 in=2.102 REPPO gap=347.6bps profit=$0.001 net=$-0.003"}
{"level":30,"time":1790817502735,"pid":1067,"hostname":"vm","msg":"  REPPO>WETH@AerodromeCL2/1 WETH>REPPO@AerodromeCL2/200 in=2.102 REPPO gap=329.2bps profit=$0.001 net=$-0.003"}
{"level":30,"time":1790817502735,"pid":1067,"hostname":"vm","msg":"  WETH>Fren Pet@UniswapV2 Fren Pet>WETH@UniswapV3/3000 in=0.005279 WETH gap=8189.6bps profit=$10.893 net=$10.890"}
{"level":30,"time":1790817506553,"pid":1067,"hostname":"vm","block":52014078,"gross":312,"net":16,"sumNetUsd":87.048,"gasPriceGwei":0.006,"txCostUsd":0.004,"syncMs":1342,"searchMs":241,"msg":"block scanned"}
{"level":30,"time":1790817506553,"pid":1067,"hostname":"vm","msg":"  Fren Pet>WETH@UniswapV3/3000 WETH>Fren Pet@UniswapV2 in=2.374 Fren Pet gap=8189.6bps profit=$10.859 net=$10.856"}
{"level":30,"time":1790817506553,"pid":1067,"hostname":"vm","msg":"  Fren Pet>WETH@UniswapV3/3000 WETH>Fren Pet@BaseSwap in=2.373 Fren Pet gap=8235.4bps profit=$10.680 net=$10.678"}
{"level":30,"time":1790817506553,"pid":1067,"hostname":"vm","msg":"  REPPO>WETH@AerodromeCL2/1 WETH>REPPO@UniswapV3/10000 in=2.102 REPPO gap=347.6bps profit=$0.001 net=$-0.003"}
{"level":30,"time":1790817506553,"pid":1067,"hostname":"vm","msg":"  REPPO>WETH@AerodromeCL2/1 WETH>REPPO@AerodromeCL2/200 in=2.102 REPPO gap=329.2bps profit=$0.001 net=$-0.003"}
{"level":30,"time":1790817506553,"pid":1067,"hostname":"vm","msg":"  WETH>Fren Pet@UniswapV2 Fren Pet>WETH@UniswapV3/3000 in=0.005279 WETH gap=8189.6bps profit=$10.893 net=$10.890"}
{"level":30,"time":1790817510442,"pid":1067,"hostname":"vm","block":52014080,"gross":306,"net":16,"sumNetUsd":87.045,"gasPriceGwei":0.006,"txCostUsd":0.004,"syncMs":2071,"searchMs":188,"msg":"block scanned"}
{"level":30,"time":1790817510442,"pid":1067,"hostname":"vm","msg":"  Fren Pet>WETH@UniswapV3/3000 WETH>Fren Pet@UniswapV2 in=2.374 Fren Pet gap=8189.6bps profit=$10.859 net=$10.856"}
{"level":30,"time":1790817510442,"pid":1067,"hostname":"vm","msg":"  Fren Pet>WETH@UniswapV3/3000 WETH>Fren Pet@BaseSwap in=2.373 Fren Pet gap=8235.4bps profit=$10.680 net=$10.678"}
{"level":30,"time":1790817510442,"pid":1067,"hostname":"vm","msg":"  REPPO>WETH@AerodromeCL2/1 WETH>REPPO@UniswapV3/10000 in=2.102 REPPO gap=347.6bps profit=$0.001 net=$-0.003"}
{"level":30,"time":1790817510442,"pid":1067,"hostname":"vm","msg":"  REPPO>WETH@AerodromeCL2/1 WETH>REPPO@AerodromeCL2/200 in=2.102 REPPO gap=329.2bps profit=$0.001 net=$-0.003"}
{"level":30,"time":1790817510442,"pid":1067,"hostname":"vm","msg":"  WETH>Fren Pet@UniswapV2 Fren Pet>WETH@UniswapV3/3000 in=0.005279 WETH gap=8189.6bps profit=$10.893 net=$10.890"}
{"level":30,"time":1790817599571,"pid":1067,"hostname":"vm","block":52014082,"gross":301,"net":16,"sumNetUsd":87.045,"gasPriceGwei":0.006,"txCostUsd":0.004,"syncMs":87154,"searchMs":189,"msg":"block scanned"}
{"level":30,"time":1790817599572,"pid":1067,"hostname":"vm","msg":"  Fren Pet>WETH@UniswapV3/3000 WETH>Fren Pet@UniswapV2 in=2.374 Fren Pet gap=8189.6bps profit=$10.859 net=$10.856"}
{"level":30,"time":1790817599572,"pid":1067,"hostname":"vm","msg":"  Fren Pet>WETH@UniswapV3/3000 WETH>Fren Pet@BaseSwap in=2.373 Fren Pet gap=8235.4bps profit=$10.680 net=$10.678"}
{"level":30,"time":1790817599572,"pid":1067,"hostname":"vm","msg":"  REPPO>WETH@AerodromeCL2/1 WETH>REPPO@UniswapV3/10000 in=2.102 REPPO gap=347.6bps profit=$0.001 net=$-0.003"}
{"level":30,"time":1790817599572,"pid":1067,"hostname":"vm","msg":"  REPPO>WETH@AerodromeCL2/1 WETH>REPPO@AerodromeCL2/200 in=2.102 REPPO gap=329.2bps profit=$0.001 net=$-0.003"}
{"level":30,"time":1790817599572,"pid":1067,"hostname":"vm","msg":"  WETH>Fren Pet@UniswapV2 Fren Pet>WETH@UniswapV3/3000 in=0.005279 WETH gap=8189.6bps profit=$10.893 net=$10.890"}
{"level":30,"time":1790817604489,"pid":1067,"hostname":"vm","block":52014126,"gross":276,"net":16,"sumNetUsd":86.747,"gasPriceGwei":0.006,"txCostUsd":0.004,"syncMs":2554,"searchMs":174,"msg":"block scanned"}
{"level":30,"time":1790817604489,"pid":1067,"hostname":"vm","msg":"  Fren Pet>WETH@UniswapV3/3000 WETH>Fren Pet@UniswapV2 in=2.374 Fren Pet gap=8189.6bps profit=$10.859 net=$10.856"}
{"level":30,"time":1790817604489,"pid":1067,"hostname":"vm","msg":"  Fren Pet>WETH@UniswapV3/3000 WETH>Fren Pet@BaseSwap in=2.373 Fren Pet gap=8235.4bps profit=$10.680 net=$10.678"}
{"level":30,"time":1790817604489,"pid":1067,"hostname":"vm","msg":"  KEYCAT>WETH@UniswapV3/10000 WETH>KEYCAT@UniswapV2 in=1778 KEYCAT gap=143.7bps profit=$0.001 net=$-0.002"}
{"level":30,"time":1790817604489,"pid":1067,"hostname":"vm","msg":"  REPPO>WETH@AerodromeCL2/1 WETH>REPPO@UniswapV3/10000 in=2.102 REPPO gap=347.6bps profit=$0.001 net=$-0.003"}
{"level":30,"time":1790817604489,"pid":1067,"hostname":"vm","msg":"  REPPO>WETH@AerodromeCL2/1 WETH>REPPO@AerodromeCL2/200 in=2.102 REPPO gap=329.2bps profit=$0.001 net=$-0.003"}
{"level":30,"time":1790817609479,"pid":1067,"hostname":"vm","block":52014129,"gross":284,"net":16,"sumNetUsd":86.748,"gasPriceGwei":0.006,"txCostUsd":0.004,"syncMs":2560,"searchMs":169,"msg":"block scanned"}
{"level":30,"time":1790817609479,"pid":1067,"hostname":"vm","msg":"  Fren Pet>WETH@UniswapV3/3000 WETH>Fren Pet@UniswapV2 in=2.374 Fren Pet gap=8189.6bps profit=$10.859 net=$10.856"}
{"level":30,"time":1790817609479,"pid":1067,"hostname":"vm","msg":"  Fren Pet>WETH@UniswapV3/3000 WETH>Fren Pet@BaseSwap in=2.373 Fren Pet gap=8235.4bps profit=$10.680 net=$10.678"}
{"level":30,"time":1790817609479,"pid":1067,"hostname":"vm","msg":"  KEYCAT>WETH@UniswapV3/10000 WETH>KEYCAT@UniswapV2 in=1778 KEYCAT gap=143.7bps profit=$0.001 net=$-0.002"}
{"level":30,"time":1790817609479,"pid":1067,"hostname":"vm","msg":"  REPPO>WETH@AerodromeCL2/1 WETH>REPPO@UniswapV3/10000 in=2.102 REPPO gap=347.6bps profit=$0.001 net=$-0.003"}
{"level":30,"time":1790817609479,"pid":1067,"hostname":"vm","msg":"  REPPO>WETH@AerodromeCL2/1 WETH>REPPO@AerodromeCL2/200 in=2.102 REPPO gap=329.2bps profit=$0.001 net=$-0.003"}
{"level":30,"time":1790817614558,"pid":1067,"hostname":"vm","block":52014131,"gross":304,"net":16,"sumNetUsd":86.755,"gasPriceGwei":0.006,"txCostUsd":0.004,"syncMs":2536,"searchMs":155,"msg":"block scanned"}
{"level":30,"time":1790817614558,"pid":1067,"hostname":"vm","msg":"  Fren Pet>WETH@UniswapV3/3000 WETH>Fren Pet@UniswapV2 in=2.374 Fren Pet gap=8189.6bps profit=$10.859 net=$10.856"}
{"level":30,"time":1790817614558,"pid":1067,"hostname":"vm","msg":"  Fren Pet>WETH@UniswapV3/3000 WETH>Fren Pet@BaseSwap in=2.373 Fren Pet gap=8235.4bps profit=$10.680 net=$10.678"}
{"level":30,"time":1790817614558,"pid":1067,"hostname":"vm","msg":"  KEYCAT>WETH@UniswapV3/10000 WETH>KEYCAT@UniswapV2 in=1778 KEYCAT gap=143.7bps profit=$0.001 net=$-0.002"}
{"level":30,"time":1790817614558,"pid":1067,"hostname":"vm","msg":"  REPPO>WETH@AerodromeCL2/1 WETH>REPPO@UniswapV3/10000 in=2.102 REPPO gap=347.6bps profit=$0.001 net=$-0.003"}
{"level":30,"time":1790817614558,"pid":1067,"hostname":"vm","msg":"  REPPO>WETH@AerodromeCL2/1 WETH>REPPO@AerodromeCL2/200 in=2.102 REPPO gap=329.2bps profit=$0.001 net=$-0.003"}
{"level":30,"time":1790817618518,"pid":1067,"hostname":"vm","block":52014134,"gross":292,"net":16,"sumNetUsd":86.755,"gasPriceGwei":0.006,"txCostUsd":0.004,"syncMs":2082,"searchMs":176,"msg":"block scanned"}
{"level":30,"time":1790817618518,"pid":1067,"hostname":"vm","msg":"  Fren Pet>WETH@UniswapV3/3000 WETH>Fren Pet@UniswapV2 in=2.374 Fren Pet gap=8189.6bps profit=$10.859 net=$10.856"}
{"level":30,"time":1790817618518,"pid":1067,"hostname":"vm","msg":"  Fren Pet>WETH@UniswapV3/3000 WETH>Fren Pet@BaseSwap in=2.373 Fren Pet gap=8235.4bps profit=$10.680 net=$10.678"}
{"level":30,"time":1790817618518,"pid":1067,"hostname":"vm","msg":"  KEYCAT>WETH@UniswapV3/10000 WETH>KEYCAT@UniswapV2 in=1778 KEYCAT gap=143.7bps profit=$0.001 net=$-0.002"}
{"level":30,"time":1790817618518,"pid":1067,"hostname":"vm","msg":"  REPPO>WETH@AerodromeCL2/1 WETH>REPPO@UniswapV3/10000 in=2.102 REPPO gap=347.6bps profit=$0.001 net=$-0.003"}
{"level":30,"time":1790817618518,"pid":1067,"hostname":"vm","msg":"  REPPO>WETH@AerodromeCL2/1 WETH>REPPO@AerodromeCL2/200 in=2.102 REPPO gap=329.2bps profit=$0.001 net=$-0.003"}
{"level":30,"time":1790817622606,"pid":1067,"hostname":"vm","block":52014135,"gross":292,"net":16,"sumNetUsd":86.755,"gasPriceGwei":0.006,"txCostUsd":0.004,"syncMs":1846,"searchMs":156,"msg":"block scanned"}
{"level":30,"time":1790817622606,"pid":1067,"hostname":"vm","msg":"  Fren Pet>WETH@UniswapV3/3000 WETH>Fren Pet@UniswapV2 in=2.374 Fren Pet gap=8189.6bps profit=$10.859 net=$10.856"}
{"level":30,"time":1790817622606,"pid":1067,"hostname":"vm","msg":"  Fren Pet>WETH@UniswapV3/3000 WETH>Fren Pet@BaseSwap in=2.373 Fren Pet gap=8235.4bps profit=$10.680 net=$10.678"}
{"level":30,"time":1790817622606,"pid":1067,"hostname":"vm","msg":"  KEYCAT>WETH@UniswapV3/10000 WETH>KEYCAT@UniswapV2 in=1778 KEYCAT gap=143.7bps profit=$0.001 net=$-0.002"}
{"level":30,"time":1790817622606,"pid":1067,"hostname":"vm","msg":"  REPPO>WETH@AerodromeCL2/1 WETH>REPPO@UniswapV3/10000 in=2.102 REPPO gap=347.6bps profit=$0.001 net=$-0.003"}
{"level":30,"time":1790817622606,"pid":1067,"hostname":"vm","msg":"  REPPO>WETH@AerodromeCL2/1 WETH>REPPO@AerodromeCL2/200 in=2.102 REPPO gap=329.2bps profit=$0.001 net=$-0.003"}
{"level":30,"time":1790817626542,"pid":1067,"hostname":"vm","block":52014138,"gross":275,"net":16,"sumNetUsd":86.752,"gasPriceGwei":0.006,"txCostUsd":0.004,"syncMs":2282,"searchMs":166,"msg":"block scanned"}
{"level":30,"time":1790817626542,"pid":1067,"hostname":"vm","msg":"  Fren Pet>WETH@UniswapV3/3000 WETH>Fren Pet@UniswapV2 in=2.374 Fren Pet gap=8189.6bps profit=$10.859 net=$10.856"}
{"level":30,"time":1790817626542,"pid":1067,"hostname":"vm","msg":"  Fren Pet>WETH@UniswapV3/3000 WETH>Fren Pet@BaseSwap in=2.373 Fren Pet gap=8235.4bps profit=$10.680 net=$10.678"}
{"level":30,"time":1790817626542,"pid":1067,"hostname":"vm","msg":"  KEYCAT>WETH@UniswapV3/10000 WETH>KEYCAT@UniswapV2 in=1778 KEYCAT gap=143.7bps profit=$0.001 net=$-0.002"}
{"level":30,"time":1790817626542,"pid":1067,"hostname":"vm","msg":"  REPPO>WETH@AerodromeCL2/1 WETH>REPPO@UniswapV3/10000 in=2.102 REPPO gap=347.6bps profit=$0.001 net=$-0.003"}
{"level":30,"time":1790817626542,"pid":1067,"hostname":"vm","msg":"  REPPO>WETH@AerodromeCL2/1 WETH>REPPO@AerodromeCL2/200 in=2.102 REPPO gap=329.2bps profit=$0.001 net=$-0.003"}
{"level":30,"time":1790817630546,"pid":1067,"hostname":"vm","block":52014140,"gross":274,"net":16,"sumNetUsd":86.755,"gasPriceGwei":0.006,"txCostUsd":0.004,"syncMs":2381,"searchMs":159,"msg":"block scanned"}
{"level":30,"time":1790817630546,"pid":1067,"hostname":"vm","msg":"  Fren Pet>WETH@UniswapV3/3000 WETH>Fren Pet@UniswapV2 in=2.374 Fren Pet gap=8189.6bps profit=$10.859 net=$10.856"}
{"level":30,"time":1790817630546,"pid":1067,"hostname":"vm","msg":"  Fren Pet>WETH@UniswapV3/3000 WETH>Fren Pet@BaseSwap in=2.373 Fren Pet gap=8235.4bps profit=$10.680 net=$10.678"}
{"level":30,"time":1790817630546,"pid":1067,"hostname":"vm","msg":"  KEYCAT>WETH@UniswapV3/10000 WETH>KEYCAT@UniswapV2 in=1778 KEYCAT gap=143.7bps profit=$0.001 net=$-0.002"}
{"level":30,"time":1790817630546,"pid":1067,"hostname":"vm","msg":"  REPPO>WETH@AerodromeCL2/1 WETH>REPPO@UniswapV3/10000 in=2.102 REPPO gap=347.6bps profit=$0.001 net=$-0.003"}
{"level":30,"time":1790817630546,"pid":1067,"hostname":"vm","msg":"  REPPO>WETH@AerodromeCL2/1 WETH>REPPO@AerodromeCL2/200 in=2.102 REPPO gap=329.2bps profit=$0.001 net=$-0.003"}
{"level":30,"time":1790817635040,"pid":1067,"hostname":"vm","block":52014141,"gross":282,"net":18,"sumNetUsd":86.756,"gasPriceGwei":0.006,"txCostUsd":0.004,"syncMs":2204,"searchMs":145,"msg":"block scanned"}
{"level":30,"time":1790817635040,"pid":1067,"hostname":"vm","msg":"  Fren Pet>WETH@UniswapV3/3000 WETH>Fren Pet@UniswapV2 in=2.374 Fren Pet gap=8189.6bps profit=$10.859 net=$10.856"}
{"level":30,"time":1790817635040,"pid":1067,"hostname":"vm","msg":"  Fren Pet>WETH@UniswapV3/3000 WETH>Fren Pet@BaseSwap in=2.373 Fren Pet gap=8235.4bps profit=$10.680 net=$10.678"}
{"level":30,"time":1790817635040,"pid":1067,"hostname":"vm","msg":"  KEYCAT>WETH@UniswapV3/10000 WETH>KEYCAT@UniswapV2 in=1778 KEYCAT gap=143.7bps profit=$0.001 net=$-0.002"}
{"level":30,"time":1790817635040,"pid":1067,"hostname":"vm","msg":"  REPPO>WETH@AerodromeCL2/1 WETH>REPPO@UniswapV3/10000 in=2.102 REPPO gap=347.6bps profit=$0.001 net=$-0.003"}
{"level":30,"time":1790817635040,"pid":1067,"hostname":"vm","msg":"  REPPO>WETH@AerodromeCL2/1 WETH>REPPO@AerodromeCL2/200 in=2.102 REPPO gap=329.2bps profit=$0.001 net=$-0.003"}
{"level":30,"time":1790817638483,"pid":1067,"hostname":"vm","block":52014143,"gross":280,"net":16,"sumNetUsd":86.755,"gasPriceGwei":0.006,"txCostUsd":0.004,"syncMs":2061,"searchMs":166,"msg":"block scanned"}
{"level":30,"time":1790817638483,"pid":1067,"hostname":"vm","msg":"  Fren Pet>WETH@UniswapV3/3000 WETH>Fren Pet@UniswapV2 in=2.374 Fren Pet gap=8189.6bps profit=$10.859 net=$10.856"}
{"level":30,"time":1790817638483,"pid":1067,"hostname":"vm","msg":"  Fren Pet>WETH@UniswapV3/3000 WETH>Fren Pet@BaseSwap in=2.373 Fren Pet gap=8235.4bps profit=$10.680 net=$10.678"}
{"level":30,"time":1790817638483,"pid":1067,"hostname":"vm","msg":"  KEYCAT>WETH@UniswapV3/10000 WETH>KEYCAT@UniswapV2 in=1778 KEYCAT gap=143.7bps profit=$0.001 net=$-0.002"}
{"level":30,"time":1790817638483,"pid":1067,"hostname":"vm","msg":"  REPPO>WETH@AerodromeCL2/1 WETH>REPPO@UniswapV3/10000 in=2.102 REPPO gap=347.6bps profit=$0.001 net=$-0.003"}
{"level":30,"time":1790817638483,"pid":1067,"hostname":"vm","msg":"  REPPO>WETH@AerodromeCL2/1 WETH>REPPO@AerodromeCL2/200 in=2.102 REPPO gap=329.2bps profit=$0.001 net=$-0.003"}
{"level":30,"time":1790817643224,"pid":1067,"hostname":"vm","block":52014146,"gross":278,"net":16,"sumNetUsd":86.755,"gasPriceGwei":0.006,"txCostUsd":0.004,"syncMs":2529,"searchMs":129,"msg":"block scanned"}
{"level":30,"time":1790817643224,"pid":1067,"hostname":"vm","msg":"  Fren Pet>WETH@UniswapV3/3000 WETH>Fren Pet@UniswapV2 in=2.374 Fren Pet gap=8189.6bps profit=$10.859 net=$10.856"}
{"level":30,"time":1790817643224,"pid":1067,"hostname":"vm","msg":"  Fren Pet>WETH@UniswapV3/3000 WETH>Fren Pet@BaseSwap in=2.373 Fren Pet gap=8235.4bps profit=$10.680 net=$10.678"}
{"level":30,"time":1790817643224,"pid":1067,"hostname":"vm","msg":"  KEYCAT>WETH@UniswapV3/10000 WETH>KEYCAT@UniswapV2 in=1778 KEYCAT gap=143.7bps profit=$0.001 net=$-0.002"}
{"level":30,"time":1790817643224,"pid":1067,"hostname":"vm","msg":"  REPPO>WETH@AerodromeCL2/1 WETH>REPPO@UniswapV3/10000 in=2.102 REPPO gap=347.6bps profit=$0.001 net=$-0.003"}
{"level":30,"time":1790817643224,"pid":1067,"hostname":"vm","msg":"  REPPO>WETH@AerodromeCL2/1 WETH>REPPO@AerodromeCL2/200 in=2.102 REPPO gap=329.2bps profit=$0.001 net=$-0.003"}
{"level":30,"time":1790817663394,"pid":1067,"hostname":"vm","block":52014148,"gross":282,"net":16,"sumNetUsd":86.753,"gasPriceGwei":0.006,"txCostUsd":0.004,"syncMs":2531,"searchMs":164,"msg":"block scanned"}
{"level":30,"time":1790817663394,"pid":1067,"hostname":"vm","msg":"  Fren Pet>WETH@UniswapV3/3000 WETH>Fren Pet@UniswapV2 in=2.374 Fren Pet gap=8189.6bps profit=$10.859 net=$10.856"}
{"level":30,"time":1790817663394,"pid":1067,"hostname":"vm","msg":"  Fren Pet>WETH@UniswapV3/3000 WETH>Fren Pet@BaseSwap in=2.373 Fren Pet gap=8235.4bps profit=$10.680 net=$10.678"}
{"level":30,"time":1790817663394,"pid":1067,"hostname":"vm","msg":"  KEYCAT>WETH@UniswapV3/10000 WETH>KEYCAT@UniswapV2 in=1778 KEYCAT gap=143.7bps profit=$0.001 net=$-0.002"}
{"level":30,"time":1790817663394,"pid":1067,"hostname":"vm","msg":"  REPPO>WETH@AerodromeCL2/1 WETH>REPPO@UniswapV3/10000 in=2.102 REPPO gap=347.6bps profit=$0.001 net=$-0.003"}
{"level":30,"time":1790817663394,"pid":1067,"hostname":"vm","msg":"  REPPO>WETH@AerodromeCL2/1 WETH>REPPO@AerodromeCL2/200 in=2.102 REPPO gap=329.2bps profit=$0.001 net=$-0.003"}
{"level":30,"time":1790817667470,"pid":1067,"hostname":"vm","block":52014158,"gross":360,"net":18,"sumNetUsd":87.294,"gasPriceGwei":0.006,"txCostUsd":0.004,"syncMs":1588,"searchMs":188,"msg":"block scanned"}
{"level":30,"time":1790817667470,"pid":1067,"hostname":"vm","msg":"  Fren Pet>WETH@UniswapV3/3000 WETH>Fren Pet@UniswapV2 in=2.374 Fren Pet gap=8164.5bps profit=$10.839 net=$10.837"}
{"level":30,"time":1790817667470,"pid":1067,"hostname":"vm","msg":"  Fren Pet>WETH@UniswapV3/3000 WETH>Fren Pet@BaseSwap in=2.373 Fren Pet gap=8235.4bps profit=$10.695 net=$10.692"}
{"level":30,"time":1790817667470,"pid":1067,"hostname":"vm","msg":"  KEYCAT>WETH@UniswapV3/10000 WETH>KEYCAT@UniswapV2 in=1778 KEYCAT gap=143.7bps profit=$0.001 net=$-0.002"}
{"level":30,"time":1790817667470,"pid":1067,"hostname":"vm","msg":"  TOSHI>WETH@BaseSwap WETH>TOSHI@AerodromeCL/200 in=2071 TOSHI gap=52.4bps profit=$0.000 net=$-0.003"}
{"level":30,"time":1790817667470,"pid":1067,"hostname":"vm","msg":"  REPPO>WETH@AerodromeCL2/1 WETH>REPPO@UniswapV3/10000 in=2.102 REPPO gap=347.6bps profit=$0.001 net=$-0.003"}
{"level":30,"time":1790817671398,"pid":1067,"hostname":"vm","block":52014160,"gross":379,"net":16,"sumNetUsd":87.252,"gasPriceGwei":0.006,"txCostUsd":0.004,"syncMs":2200,"searchMs":209,"msg":"block scanned"}
{"level":30,"time":1790817671398,"pid":1067,"hostname":"vm","msg":"  Fren Pet>WETH@UniswapV3/3000 WETH>Fren Pet@UniswapV2 in=2.374 Fren Pet gap=8164.5bps profit=$10.839 net=$10.837"}
{"level":30,"time":1790817671398,"pid":1067,"hostname":"vm","msg":"  Fren Pet>WETH@UniswapV3/3000 WETH>Fren Pet@BaseSwap in=2.373 Fren Pet gap=8235.4bps profit=$10.695 net=$10.692"}
{"level":30,"time":1790817671398,"pid":1067,"hostname":"vm","msg":"  KEYCAT>WETH@UniswapV3/10000 WETH>KEYCAT@UniswapV2 in=1778 KEYCAT gap=143.7bps profit=$0.001 net=$-0.002"}
{"level":30,"time":1790817671398,"pid":1067,"hostname":"vm","msg":"  REPPO>WETH@AerodromeCL2/1 WETH>REPPO@UniswapV3/10000 in=2.102 REPPO gap=347.6bps profit=$0.001 net=$-0.003"}
{"level":30,"time":1790817671398,"pid":1067,"hostname":"vm","msg":"  REPPO>WETH@AerodromeCL2/1 WETH>REPPO@AerodromeCL2/200 in=2.102 REPPO gap=329.2bps profit=$0.001 net=$-0.003"}
{"level":30,"time":1790817675382,"pid":1067,"hostname":"vm","block":52014162,"gross":375,"net":16,"sumNetUsd":87.252,"gasPriceGwei":0.006,"txCostUsd":0.004,"syncMs":1727,"searchMs":215,"msg":"block scanned"}
{"level":30,"time":1790817675382,"pid":1067,"hostname":"vm","msg":"  Fren Pet>WETH@UniswapV3/3000 WETH>Fren Pet@UniswapV2 in=2.374 Fren Pet gap=8164.5bps profit=$10.839 net=$10.837"}
{"level":30,"time":1790817675382,"pid":1067,"hostname":"vm","msg":"  Fren Pet>WETH@UniswapV3/3000 WETH>Fren Pet@BaseSwap in=2.373 Fren Pet gap=8235.4bps profit=$10.695 net=$10.692"}
{"level":30,"time":1790817675382,"pid":1067,"hostname":"vm","msg":"  KEYCAT>WETH@UniswapV3/10000 WETH>KEYCAT@UniswapV2 in=1778 KEYCAT gap=143.7bps profit=$0.001 net=$-0.002"}
{"level":30,"time":1790817675382,"pid":1067,"hostname":"vm","msg":"  REPPO>WETH@AerodromeCL2/1 WETH>REPPO@UniswapV3/10000 in=2.102 REPPO gap=347.6bps profit=$0.001 net=$-0.003"}
{"level":30,"time":1790817675382,"pid":1067,"hostname":"vm","msg":"  REPPO>WETH@AerodromeCL2/1 WETH>REPPO@AerodromeCL2/200 in=2.102 REPPO gap=329.2bps profit=$0.001 net=$-0.003"}
{"level":30,"time":1790817751019,"pid":1067,"hostname":"vm","block":52014164,"gross":369,"net":16,"sumNetUsd":87.256,"gasPriceGwei":0.006,"txCostUsd":0.004,"syncMs":73281,"searchMs":214,"msg":"block scanned"}
{"level":30,"time":1790817751019,"pid":1067,"hostname":"vm","msg":"  Fren Pet>WETH@UniswapV3/3000 WETH>Fren Pet@UniswapV2 in=2.374 Fren Pet gap=8164.5bps profit=$10.839 net=$10.837"}
{"level":30,"time":1790817751019,"pid":1067,"hostname":"vm","msg":"  Fren Pet>WETH@UniswapV3/3000 WETH>Fren Pet@BaseSwap in=2.373 Fren Pet gap=8235.4bps profit=$10.695 net=$10.692"}
{"level":30,"time":1790817751019,"pid":1067,"hostname":"vm","msg":"  KEYCAT>WETH@UniswapV3/10000 WETH>KEYCAT@UniswapV2 in=1778 KEYCAT gap=143.7bps profit=$0.001 net=$-0.002"}
{"level":30,"time":1790817751019,"pid":1067,"hostname":"vm","msg":"  REPPO>WETH@AerodromeCL2/1 WETH>REPPO@UniswapV3/10000 in=2.102 REPPO gap=347.6bps profit=$0.001 net=$-0.003"}
{"level":30,"time":1790817751019,"pid":1067,"hostname":"vm","msg":"  REPPO>WETH@AerodromeCL2/1 WETH>REPPO@AerodromeCL2/200 in=2.102 REPPO gap=329.2bps profit=$0.001 net=$-0.003"}
{"level":30,"time":1790817755400,"pid":1067,"hostname":"vm","block":52014201,"gross":270,"net":16,"sumNetUsd":86.647,"gasPriceGwei":0.006,"txCostUsd":0.004,"syncMs":2565,"searchMs":167,"msg":"block scanned"}
{"level":30,"time":1790817755400,"pid":1067,"hostname":"vm","msg":"  Fren Pet>WETH@UniswapV3/3000 WETH>Fren Pet@UniswapV2 in=2.374 Fren Pet gap=8164bps profit=$10.839 net=$10.836"}
{"level":30,"time":1790817755400,"pid":1067,"hostname":"vm","msg":"  Fren Pet>WETH@UniswapV3/3000 WETH>Fren Pet@BaseSwap in=2.373 Fren Pet gap=8153.6bps profit=$10.585 net=$10.582"}
{"level":30,"time":1790817755400,"pid":1067,"hostname":"vm","msg":"  KEYCAT>WETH@UniswapV3/10000 WETH>KEYCAT@UniswapV2 in=1748 KEYCAT gap=143.5bps profit=$0.001 net=$-0.002"}
{"level":30,"time":1790817755400,"pid":1067,"hostname":"vm","msg":"  REPPO>WETH@AerodromeCL2/1 WETH>REPPO@UniswapV3/10000 in=2.102 REPPO gap=347.6bps profit=$0.001 net=$-0.003"}
{"level":30,"time":1790817755400,"pid":1067,"hostname":"vm","msg":"  REPPO>WETH@AerodromeCL2/1 WETH>REPPO@AerodromeCL2/200 in=2.102 REPPO gap=329.2bps profit=$0.001 net=$-0.003"}
{"level":30,"time":1790817759518,"pid":1067,"hostname":"vm","block":52014204,"gross":271,"net":16,"sumNetUsd":86.641,"gasPriceGwei":0.006,"txCostUsd":0.004,"syncMs":1807,"searchMs":169,"msg":"block scanned"}
{"level":30,"time":1790817759518,"pid":1067,"hostname":"vm","msg":"  Fren Pet>WETH@UniswapV3/3000 WETH>Fren Pet@UniswapV2 in=2.374 Fren Pet gap=8164bps profit=$10.839 net=$10.836"}
{"level":30,"time":1790817759518,"pid":1067,"hostname":"vm","msg":"  Fren Pet>WETH@UniswapV3/3000 WETH>Fren Pet@BaseSwap in=2.373 Fren Pet gap=8153.6bps profit=$10.585 net=$10.582"}
{"level":30,"time":1790817759518,"pid":1067,"hostname":"vm","msg":"  KEYCAT>WETH@UniswapV3/10000 WETH>KEYCAT@UniswapV2 in=1748 KEYCAT gap=143.5bps profit=$0.001 net=$-0.002"}
{"level":30,"time":1790817759518,"pid":1067,"hostname":"vm","msg":"  REPPO>WETH@AerodromeCL2/1 WETH>REPPO@UniswapV3/10000 in=2.102 REPPO gap=347.6bps profit=$0.001 net=$-0.003"}
{"level":30,"time":1790817759518,"pid":1067,"hostname":"vm","msg":"  REPPO>WETH@AerodromeCL2/1 WETH>REPPO@AerodromeCL2/200 in=2.102 REPPO gap=329.2bps profit=$0.001 net=$-0.003"}
{"level":30,"time":1790817763626,"pid":1067,"hostname":"vm","block":52014206,"gross":271,"net":16,"sumNetUsd":86.641,"gasPriceGwei":0.006,"txCostUsd":0.004,"syncMs":2391,"searchMs":158,"msg":"block scanned"}
{"level":30,"time":1790817763626,"pid":1067,"hostname":"vm","msg":"  Fren Pet>WETH@UniswapV3/3000 WETH>Fren Pet@UniswapV2 in=2.374 Fren Pet gap=8164bps profit=$10.839 net=$10.836"}
{"level":30,"time":1790817763626,"pid":1067,"hostname":"vm","msg":"  Fren Pet>WETH@UniswapV3/3000 WETH>Fren Pet@BaseSwap in=2.373 Fren Pet gap=8153.6bps profit=$10.585 net=$10.582"}
{"level":30,"time":1790817763626,"pid":1067,"hostname":"vm","msg":"  KEYCAT>WETH@UniswapV3/10000 WETH>KEYCAT@UniswapV2 in=1748 KEYCAT gap=143.5bps profit=$0.001 net=$-0.002"}
{"level":30,"time":1790817763626,"pid":1067,"hostname":"vm","msg":"  REPPO>WETH@AerodromeCL2/1 WETH>REPPO@UniswapV3/10000 in=2.102 REPPO gap=347.6bps profit=$0.001 net=$-0.003"}
{"level":30,"time":1790817763626,"pid":1067,"hostname":"vm","msg":"  REPPO>WETH@AerodromeCL2/1 WETH>REPPO@AerodromeCL2/200 in=2.102 REPPO gap=329.2bps profit=$0.001 net=$-0.003"}
{"level":30,"time":1790817767518,"pid":1067,"hostname":"vm","block":52014208,"gross":307,"net":37,"sumNetUsd":87.36,"gasPriceGwei":0.006,"txCostUsd":0.004,"syncMs":2142,"searchMs":175,"msg":"block scanned"}
{"level":30,"time":1790817767518,"pid":1067,"hostname":"vm","msg":"  Fren Pet>WETH@UniswapV3/3000 WETH>Fren Pet@UniswapV2 in=2.374 Fren Pet gap=8189.6bps profit=$10.859 net=$10.856"}
{"level":30,"time":1790817767518,"pid":1067,"hostname":"vm","msg":"  Fren Pet>WETH@UniswapV3/3000 WETH>Fren Pet@BaseSwap in=2.373 Fren Pet gap=8235.4bps profit=$10.680 net=$10.678"}
{"level":30,"time":1790817767518,"pid":1067,"hostname":"vm","msg":"  KEYCAT>WETH@UniswapV3/10000 WETH>KEYCAT@UniswapV2 in=1748 KEYCAT gap=143.5bps profit=$0.001 net=$-0.002"}
{"level":30,"time":1790817767518,"pid":1067,"hostname":"vm","msg":"  REPPO>WETH@AerodromeCL2/1 WETH>REPPO@UniswapV3/10000 in=2.102 REPPO gap=347.6bps profit=$0.001 net=$-0.003"}
{"level":30,"time":1790817767518,"pid":1067,"hostname":"vm","msg":"  REPPO>WETH@AerodromeCL2/1 WETH>REPPO@AerodromeCL2/200 in=2.102 REPPO gap=329.2bps profit=$0.001 net=$-0.003"}
{"level":30,"time":1790817772386,"pid":1067,"hostname":"vm","block":52014210,"gross":269,"net":16,"sumNetUsd":86.641,"gasPriceGwei":0.006,"txCostUsd":0.004,"syncMs":2547,"searchMs":166,"msg":"block scanned"}
{"level":30,"time":1790817772386,"pid":1067,"hostname":"vm","msg":"  Fren Pet>WETH@UniswapV3/3000 WETH>Fren Pet@UniswapV2 in=2.374 Fren Pet gap=8164bps profit=$10.839 net=$10.836"}
{"level":30,"time":1790817772386,"pid":1067,"hostname":"vm","msg":"  Fren Pet>WETH@UniswapV3/3000 WETH>Fren Pet@BaseSwap in=2.373 Fren Pet gap=8153.6bps profit=$10.585 net=$10.582"}
{"level":30,"time":1790817772386,"pid":1067,"hostname":"vm","msg":"  KEYCAT>WETH@UniswapV3/10000 WETH>KEYCAT@UniswapV2 in=1748 KEYCAT gap=143.5bps profit=$0.001 net=$-0.002"}
{"level":30,"time":1790817772386,"pid":1067,"hostname":"vm","msg":"  REPPO>WETH@AerodromeCL2/1 WETH>REPPO@UniswapV3/10000 in=2.102 REPPO gap=347.6bps profit=$0.001 net=$-0.003"}
{"level":30,"time":1790817772386,"pid":1067,"hostname":"vm","msg":"  REPPO>WETH@AerodromeCL2/1 WETH>REPPO@AerodromeCL2/200 in=2.102 REPPO gap=329.2bps profit=$0.001 net=$-0.003"}
{"level":30,"time":1790817776264,"pid":1067,"hostname":"vm","block":52014213,"gross":264,"net":16,"sumNetUsd":86.641,"gasPriceGwei":0.006,"txCostUsd":0.004,"syncMs":1664,"searchMs":183,"msg":"block scanned"}
{"level":30,"time":1790817776264,"pid":1067,"hostname":"vm","msg":"  Fren Pet>WETH@UniswapV3/3000 WETH>Fren Pet@UniswapV2 in=2.374 Fren Pet gap=8164bps profit=$10.839 net=$10.836"}
{"level":30,"time":1790817776264,"pid":1067,"hostname":"vm","msg":"  Fren Pet>WETH@UniswapV3/3000 WETH>Fren Pet@BaseSwap in=2.373 Fren Pet gap=8153.6bps profit=$10.585 net=$10.582"}
{"level":30,"time":1790817776264,"pid":1067,"hostname":"vm","msg":"  KEYCAT>WETH@UniswapV3/10000 WETH>KEYCAT@UniswapV2 in=1748 KEYCAT gap=143.5bps profit=$0.001 net=$-0.002"}
{"level":30,"time":1790817776264,"pid":1067,"hostname":"vm","msg":"  REPPO>WETH@AerodromeCL2/1 WETH>REPPO@UniswapV3/10000 in=2.102 REPPO gap=347.6bps profit=$0.001 net=$-0.003"}
{"level":30,"time":1790817776264,"pid":1067,"hostname":"vm","msg":"  REPPO>WETH@AerodromeCL2/1 WETH>REPPO@AerodromeCL2/200 in=2.102 REPPO gap=329.2bps profit=$0.001 net=$-0.003"}
{"level":30,"time":1790817779490,"pid":1067,"hostname":"vm","block":52014214,"gross":263,"net":16,"sumNetUsd":86.64,"gasPriceGwei":0.006,"txCostUsd":0.004,"syncMs":1841,"searchMs":187,"msg":"block scanned"}
{"level":30,"time":1790817779490,"pid":1067,"hostname":"vm","msg":"  Fren Pet>WETH@UniswapV3/3000 WETH>Fren Pet@UniswapV2 in=2.374 Fren Pet gap=8164bps profit=$10.839 net=$10.836"}
{"level":30,"time":1790817779490,"pid":1067,"hostname":"vm","msg":"  Fren Pet>WETH@UniswapV3/3000 WETH>Fren Pet@BaseSwap in=2.373 Fren Pet gap=8153.6bps profit=$10.585 net=$10.582"}
{"level":30,"time":1790817779490,"pid":1067,"hostname":"vm","msg":"  KEYCAT>WETH@UniswapV3/10000 WETH>KEYCAT@UniswapV2 in=1748 KEYCAT gap=143.5bps profit=$0.001 net=$-0.002"}
{"level":30,"time":1790817779490,"pid":1067,"hostname":"vm","msg":"  REPPO>WETH@AerodromeCL2/1 WETH>REPPO@UniswapV3/10000 in=2.102 REPPO gap=347.6bps profit=$0.001 net=$-0.003"}
{"level":30,"time":1790817779490,"pid":1067,"hostname":"vm","msg":"  REPPO>WETH@AerodromeCL2/1 WETH>REPPO@AerodromeCL2/200 in=2.102 REPPO gap=329.2bps profit=$0.001 net=$-0.003"}
{"level":30,"time":1790817785453,"pid":1067,"hostname":"vm","block":52014216,"gross":261,"net":16,"sumNetUsd":86.009,"gasPriceGwei":0.006,"txCostUsd":0.004,"syncMs":3377,"searchMs":176,"msg":"block scanned"}
{"level":30,"time":1790817785453,"pid":1067,"hostname":"vm","msg":"  Fren Pet>WETH@UniswapV3/3000 WETH>Fren Pet@UniswapV2 in=2.374 Fren Pet gap=8164bps profit=$10.839 net=$10.836"}
{"level":30,"time":1790817785453,"pid":1067,"hostname":"vm","msg":"  Fren Pet>WETH@UniswapV3/3000 WETH>Fren Pet@BaseSwap in=2.373 Fren Pet gap=8153.6bps profit=$10.585 net=$10.582"}
{"level":30,"time":1790817785453,"pid":1067,"hostname":"vm","msg":"  KEYCAT>WETH@UniswapV3/10000 WETH>KEYCAT@UniswapV2 in=1748 KEYCAT gap=143.5bps profit=$0.001 net=$-0.002"}
{"level":30,"time":1790817785453,"pid":1067,"hostname":"vm","msg":"  REPPO>WETH@AerodromeCL2/1 WETH>REPPO@UniswapV3/10000 in=2.102 REPPO gap=347.6bps profit=$0.001 net=$-0.003"}
{"level":30,"time":1790817785453,"pid":1067,"hostname":"vm","msg":"  REPPO>WETH@AerodromeCL2/1 WETH>REPPO@AerodromeCL2/200 in=2.102 REPPO gap=329.2bps profit=$0.001 net=$-0.003"}
{"level":30,"time":1790817790533,"pid":1067,"hostname":"vm","block":52014219,"gross":254,"net":16,"sumNetUsd":86.009,"gasPriceGwei":0.006,"txCostUsd":0.004,"syncMs":2406,"searchMs":160,"msg":"block scanned"}
{"level":30,"time":1790817790534,"pid":1067,"hostname":"vm","msg":"  Fren Pet>WETH@UniswapV3/3000 WETH>Fren Pet@UniswapV2 in=2.374 Fren Pet gap=8164bps profit=$10.839 net=$10.836"}
{"level":30,"time":1790817790534,"pid":1067,"hostname":"vm","msg":"  Fren Pet>WETH@UniswapV3/3000 WETH>Fren Pet@BaseSwap in=2.373 Fren Pet gap=8153.6bps profit=$10.585 net=$10.582"}
{"level":30,"time":1790817790534,"pid":1067,"hostname":"vm","msg":"  KEYCAT>WETH@UniswapV3/10000 WETH>KEYCAT@UniswapV2 in=1748 KEYCAT gap=143.5bps profit=$0.001 net=$-0.002"}
{"level":30,"time":1790817790534,"pid":1067,"hostname":"vm","msg":"  REPPO>WETH@AerodromeCL2/1 WETH>REPPO@UniswapV3/10000 in=2.102 REPPO gap=347.6bps profit=$0.001 net=$-0.003"}
{"level":30,"time":1790817790534,"pid":1067,"hostname":"vm","msg":"  REPPO>WETH@AerodromeCL2/1 WETH>REPPO@AerodromeCL2/200 in=2.102 REPPO gap=329.2bps profit=$0.001 net=$-0.003"}
{"level":30,"time":1790817795471,"pid":1067,"hostname":"vm","block":52014222,"gross":271,"net":16,"sumNetUsd":86.65,"gasPriceGwei":0.006,"txCostUsd":0.004,"syncMs":2524,"searchMs":167,"msg":"block scanned"}
{"level":30,"time":1790817795471,"pid":1067,"hostname":"vm","msg":"  Fren Pet>WETH@UniswapV3/3000 WETH>Fren Pet@UniswapV2 in=2.374 Fren Pet gap=8164bps profit=$10.839 net=$10.836"}
{"level":30,"time":1790817795471,"pid":1067,"hostname":"vm","msg":"  Fren Pet>WETH@UniswapV3/3000 WETH>Fren Pet@BaseSwap in=2.373 Fren Pet gap=8153.6bps profit=$10.585 net=$10.582"}
{"level":30,"time":1790817795471,"pid":1067,"hostname":"vm","msg":"  KEYCAT>WETH@UniswapV3/10000 WETH>KEYCAT@UniswapV2 in=1748 KEYCAT gap=143.5bps profit=$0.001 net=$-0.002"}
{"level":30,"time":1790817795471,"pid":1067,"hostname":"vm","msg":"  REPPO>WETH@AerodromeCL2/1 WETH>REPPO@UniswapV3/10000 in=2.102 REPPO gap=347.6bps profit=$0.001 net=$-0.003"}
{"level":30,"time":1790817795471,"pid":1067,"hostname":"vm","msg":"  REPPO>WETH@AerodromeCL2/1 WETH>REPPO@AerodromeCL2/200 in=2.102 REPPO gap=329.2bps profit=$0.001 net=$-0.003"}
{"level":30,"time":1790817799577,"pid":1067,"hostname":"vm","block":52014224,"gross":294,"net":16,"sumNetUsd":86.695,"gasPriceGwei":0.006,"txCostUsd":0.004,"syncMs":1885,"searchMs":189,"msg":"block scanned"}
{"level":30,"time":1790817799577,"pid":1067,"hostname":"vm","msg":"  Fren Pet>WETH@UniswapV3/3000 WETH>Fren Pet@UniswapV2 in=2.374 Fren Pet gap=8164bps profit=$10.839 net=$10.836"}
{"level":30,"time":1790817799577,"pid":1067,"hostname":"vm","msg":"  Fren Pet>WETH@UniswapV3/3000 WETH>Fren Pet@BaseSwap in=2.373 Fren Pet gap=8153.6bps profit=$10.585 net=$10.582"}
{"level":30,"time":1790817799577,"pid":1067,"hostname":"vm","msg":"  KEYCAT>WETH@UniswapV3/10000 WETH>KEYCAT@UniswapV2 in=1748 KEYCAT gap=143.5bps profit=$0.001 net=$-0.002"}
{"level":30,"time":1790817799577,"pid":1067,"hostname":"vm","msg":"  REPPO>WETH@AerodromeCL2/1 WETH>REPPO@UniswapV3/10000 in=2.102 REPPO gap=347.6bps profit=$0.001 net=$-0.003"}
{"level":30,"time":1790817799577,"pid":1067,"hostname":"vm","msg":"  REPPO>WETH@AerodromeCL2/1 WETH>REPPO@AerodromeCL2/200 in=2.102 REPPO gap=329.2bps profit=$0.001 net=$-0.003"}
{"level":30,"time":1790817803317,"pid":1067,"hostname":"vm","block":52014226,"gross":289,"net":16,"sumNetUsd":86.693,"gasPriceGwei":0.006,"txCostUsd":0.004,"syncMs":1967,"searchMs":195,"msg":"block scanned"}
{"level":30,"time":1790817803318,"pid":1067,"hostname":"vm","msg":"  Fren Pet>WETH@UniswapV3/3000 WETH>Fren Pet@UniswapV2 in=2.374 Fren Pet gap=8164bps profit=$10.839 net=$10.836"}
{"level":30,"time":1790817803318,"pid":1067,"hostname":"vm","msg":"  Fren Pet>WETH@UniswapV3/3000 WETH>Fren Pet@BaseSwap in=2.373 Fren Pet gap=8153.6bps profit=$10.585 net=$10.582"}
{"level":30,"time":1790817803318,"pid":1067,"hostname":"vm","msg":"  KEYCAT>WETH@UniswapV3/10000 WETH>KEYCAT@UniswapV2 in=1748 KEYCAT gap=143.5bps profit=$0.001 net=$-0.002"}
{"level":30,"time":1790817803318,"pid":1067,"hostname":"vm","msg":"  REPPO>WETH@AerodromeCL2/1 WETH>REPPO@UniswapV3/10000 in=2.102 REPPO gap=347.6bps profit=$0.001 net=$-0.003"}
{"level":30,"time":1790817803318,"pid":1067,"hostname":"vm","msg":"  REPPO>WETH@AerodromeCL2/1 WETH>REPPO@AerodromeCL2/200 in=2.102 REPPO gap=329.2bps profit=$0.001 net=$-0.003"}
{"level":30,"time":1790817807730,"pid":1067,"hostname":"vm","block":52014228,"gross":289,"net":16,"sumNetUsd":87.337,"gasPriceGwei":0.006,"txCostUsd":0.004,"syncMs":1530,"searchMs":221,"msg":"block scanned"}
{"level":30,"time":1790817807730,"pid":1067,"hostname":"vm","msg":"  Fren Pet>WETH@UniswapV3/3000 WETH>Fren Pet@UniswapV2 in=2.374 Fren Pet gap=8189.6bps profit=$10.859 net=$10.856"}
{"level":30,"time":1790817807730,"pid":1067,"hostname":"vm","msg":"  Fren Pet>WETH@UniswapV3/3000 WETH>Fren Pet@BaseSwap in=2.373 Fren Pet gap=8235.4bps profit=$10.680 net=$10.678"}
{"level":30,"time":1790817807730,"pid":1067,"hostname":"vm","msg":"  KEYCAT>WETH@UniswapV3/10000 WETH>KEYCAT@UniswapV2 in=1748 KEYCAT gap=143.5bps profit=$0.001 net=$-0.002"}
{"level":30,"time":1790817807730,"pid":1067,"hostname":"vm","msg":"  REPPO>WETH@AerodromeCL2/1 WETH>REPPO@UniswapV3/10000 in=2.102 REPPO gap=347.6bps profit=$0.001 net=$-0.003"}
{"level":30,"time":1790817807730,"pid":1067,"hostname":"vm","msg":"  REPPO>WETH@AerodromeCL2/1 WETH>REPPO@AerodromeCL2/200 in=2.102 REPPO gap=329.2bps profit=$0.001 net=$-0.003"}
{"level":30,"time":1790817811255,"pid":1067,"hostname":"vm","block":52014230,"gross":282,"net":16,"sumNetUsd":86.693,"gasPriceGwei":0.006,"txCostUsd":0.004,"syncMs":1286,"searchMs":186,"msg":"block scanned"}
{"level":30,"time":1790817811255,"pid":1067,"hostname":"vm","msg":"  Fren Pet>WETH@UniswapV3/3000 WETH>Fren Pet@UniswapV2 in=2.374 Fren Pet gap=8164bps profit=$10.839 net=$10.836"}
{"level":30,"time":1790817811255,"pid":1067,"hostname":"vm","msg":"  Fren Pet>WETH@UniswapV3/3000 WETH>Fren Pet@BaseSwap in=2.373 Fren Pet gap=8153.6bps profit=$10.585 net=$10.582"}
{"level":30,"time":1790817811255,"pid":1067,"hostname":"vm","msg":"  KEYCAT>WETH@UniswapV3/10000 WETH>KEYCAT@UniswapV2 in=1748 KEYCAT gap=143.5bps profit=$0.001 net=$-0.002"}
{"level":30,"time":1790817811255,"pid":1067,"hostname":"vm","msg":"  REPPO>WETH@AerodromeCL2/1 WETH>REPPO@UniswapV3/10000 in=2.102 REPPO gap=347.6bps profit=$0.001 net=$-0.003"}
{"level":30,"time":1790817811255,"pid":1067,"hostname":"vm","msg":"  REPPO>WETH@AerodromeCL2/1 WETH>REPPO@AerodromeCL2/200 in=2.102 REPPO gap=329.2bps profit=$0.001 net=$-0.003"}
{"level":30,"time":1790817890563,"pid":1067,"hostname":"vm","block":52014232,"gross":296,"net":16,"sumNetUsd":86.699,"gasPriceGwei":0.006,"txCostUsd":0.004,"syncMs":77668,"searchMs":194,"msg":"block scanned"}
{"level":30,"time":1790817890563,"pid":1067,"hostname":"vm","msg":"  Fren Pet>WETH@UniswapV3/3000 WETH>Fren Pet@UniswapV2 in=2.374 Fren Pet gap=8164bps profit=$10.839 net=$10.836"}
{"level":30,"time":1790817890563,"pid":1067,"hostname":"vm","msg":"  Fren Pet>WETH@UniswapV3/3000 WETH>Fren Pet@BaseSwap in=2.373 Fren Pet gap=8153.6bps profit=$10.585 net=$10.582"}
{"level":30,"time":1790817890563,"pid":1067,"hostname":"vm","msg":"  KEYCAT>WETH@UniswapV3/10000 WETH>KEYCAT@UniswapV2 in=1748 KEYCAT gap=143.5bps profit=$0.001 net=$-0.002"}
{"level":30,"time":1790817890563,"pid":1067,"hostname":"vm","msg":"  REPPO>WETH@AerodromeCL2/1 WETH>REPPO@UniswapV3/10000 in=2.102 REPPO gap=347.6bps profit=$0.001 net=$-0.003"}
{"level":30,"time":1790817890563,"pid":1067,"hostname":"vm","msg":"  REPPO>WETH@AerodromeCL2/1 WETH>REPPO@AerodromeCL2/200 in=2.102 REPPO gap=329.2bps profit=$0.001 net=$-0.003"}
{"level":30,"time":1790817895496,"pid":1067,"hostname":"vm","block":52014271,"gross":250,"net":16,"sumNetUsd":85.445,"gasPriceGwei":0.006,"txCostUsd":0.004,"syncMs":2033,"searchMs":174,"msg":"block scanned"}
{"level":30,"time":1790817895497,"pid":1067,"hostname":"vm","msg":"  Fren Pet>WETH@UniswapV3/3000 WETH>Fren Pet@UniswapV2 in=2.374 Fren Pet gap=8164bps profit=$10.839 net=$10.836"}
{"level":30,"time":1790817895497,"pid":1067,"hostname":"vm","msg":"  Fren Pet>WETH@UniswapV3/3000 WETH>Fren Pet@BaseSwap in=2.373 Fren Pet gap=8153.6bps profit=$10.585 net=$10.582"}
{"level":30,"time":1790817895497,"pid":1067,"hostname":"vm","msg":"  KEYCAT>WETH@UniswapV3/10000 WETH>KEYCAT@UniswapV2 in=1702 KEYCAT gap=143.2bps profit=$0.001 net=$-0.002"}
{"level":30,"time":1790817895497,"pid":1067,"hostname":"vm","msg":"  TEVA>WETH@UniswapV3/3000 WETH>TEVA@Aerodrome in=796.2 TEVA gap=61.7bps profit=$0.000 net=$-0.003"}
{"level":30,"time":1790817895497,"pid":1067,"hostname":"vm","msg":"  REPPO>WETH@AerodromeCL2/1 WETH>REPPO@UniswapV3/10000 in=2.102 REPPO gap=347.6bps profit=$0.001 net=$-0.003"}
{"level":30,"time":1790817900660,"pid":1067,"hostname":"vm","block":52014274,"gross":267,"net":16,"sumNetUsd":85.455,"gasPriceGwei":0.006,"txCostUsd":0.004,"syncMs":2492,"searchMs":171,"msg":"block scanned"}
{"level":30,"time":1790817900660,"pid":1067,"hostname":"vm","msg":"  Fren Pet>WETH@UniswapV3/3000 WETH>Fren Pet@UniswapV2 in=2.374 Fren Pet gap=8164bps profit=$10.839 net=$10.836"}
{"level":30,"time":1790817900660,"pid":1067,"hostname":"vm","msg":"  Fren Pet>WETH@UniswapV3/3000 WETH>Fren Pet@BaseSwap in=2.373 Fren Pet gap=8153.6bps profit=$10.585 net=$10.582"}
{"level":30,"time":1790817900660,"pid":1067,"hostname":"vm","msg":"  KEYCAT>WETH@UniswapV3/10000 WETH>KEYCAT@UniswapV2 in=1702 KEYCAT gap=143.2bps profit=$0.001 net=$-0.002"}
{"level":30,"time":1790817900660,"pid":1067,"hostname":"vm","msg":"  TEVA>WETH@UniswapV3/3000 WETH>TEVA@Aerodrome in=796.2 TEVA gap=61.7bps profit=$0.000 net=$-0.003"}
{"level":30,"time":1790817900660,"pid":1067,"hostname":"vm","msg":"  REPPO>WETH@AerodromeCL2/1 WETH>REPPO@UniswapV3/10000 in=2.102 REPPO gap=347.6bps profit=$0.001 net=$-0.003"}
{"level":30,"time":1790817905795,"pid":1067,"hostname":"vm","block":52014277,"gross":284,"net":18,"sumNetUsd":85.464,"gasPriceGwei":0.006,"txCostUsd":0.004,"syncMs":2581,"searchMs":186,"msg":"block scanned"}
{"level":30,"time":1790817905796,"pid":1067,"hostname":"vm","msg":"  Fren Pet>WETH@UniswapV3/3000 WETH>Fren Pet@UniswapV2 in=2.374 Fren Pet gap=8164bps profit=$10.839 net=$10.836"}
{"level":30,"time":1790817905796,"pid":1067,"hostname":"vm","msg":"  Fren Pet>WETH@UniswapV3/3000 WETH>Fren Pet@BaseSwap in=2.373 Fren Pet gap=8153.6bps profit=$10.585 net=$10.582"}
{"level":30,"time":1790817905796,"pid":1067,"hostname":"vm","msg":"  KEYCAT>WETH@UniswapV3/10000 WETH>KEYCAT@UniswapV2 in=1702 KEYCAT gap=143.2bps profit=$0.001 net=$-0.002"}
{"level":30,"time":1790817905796,"pid":1067,"hostname":"vm","msg":"  TEVA>WETH@UniswapV3/3000 WETH>TEVA@Aerodrome in=796.2 TEVA gap=61.7bps profit=$0.000 net=$-0.003"}
{"level":30,"time":1790817905796,"pid":1067,"hostname":"vm","msg":"  REPPO>WETH@AerodromeCL2/1 WETH>REPPO@UniswapV3/10000 in=2.102 REPPO gap=347.6bps profit=$0.001 net=$-0.003"}
{"level":30,"time":1790817909321,"pid":1067,"hostname":"vm","block":52014279,"gross":284,"net":18,"sumNetUsd":85.464,"gasPriceGwei":0.006,"txCostUsd":0.004,"syncMs":1342,"searchMs":210,"msg":"block scanned"}
{"level":30,"time":1790817909321,"pid":1067,"hostname":"vm","msg":"  Fren Pet>WETH@UniswapV3/3000 WETH>Fren Pet@UniswapV2 in=2.374 Fren Pet gap=8164bps profit=$10.839 net=$10.836"}
{"level":30,"time":1790817909321,"pid":1067,"hostname":"vm","msg":"  Fren Pet>WETH@UniswapV3/3000 WETH>Fren Pet@BaseSwap in=2.373 Fren Pet gap=8153.6bps profit=$10.585 net=$10.582"}
{"level":30,"time":1790817909321,"pid":1067,"hostname":"vm","msg":"  KEYCAT>WETH@UniswapV3/10000 WETH>KEYCAT@UniswapV2 in=1702 KEYCAT gap=143.2bps profit=$0.001 net=$-0.002"}
{"level":30,"time":1790817909321,"pid":1067,"hostname":"vm","msg":"  TEVA>WETH@UniswapV3/3000 WETH>TEVA@Aerodrome in=796.2 TEVA gap=61.7bps profit=$0.000 net=$-0.003"}
{"level":30,"time":1790817909321,"pid":1067,"hostname":"vm","msg":"  REPPO>WETH@AerodromeCL2/1 WETH>REPPO@UniswapV3/10000 in=2.102 REPPO gap=347.6bps profit=$0.001 net=$-0.003"}
{"level":30,"time":1790817913571,"pid":1067,"hostname":"vm","block":52014281,"gross":277,"net":16,"sumNetUsd":85.46,"gasPriceGwei":0.006,"txCostUsd":0.004,"syncMs":2582,"searchMs":206,"msg":"block scanned"}
{"level":30,"time":1790817913571,"pid":1067,"hostname":"vm","msg":"  Fren Pet>WETH@UniswapV3/3000 WETH>Fren Pet@UniswapV2 in=2.374 Fren Pet gap=8164bps profit=$10.839 net=$10.836"}
{"level":30,"time":1790817913571,"pid":1067,"hostname":"vm","msg":"  Fren Pet>WETH@UniswapV3/3000 WETH>Fren Pet@BaseSwap in=2.373 Fren Pet gap=8153.6bps profit=$10.585 net=$10.582"}
{"level":30,"time":1790817913571,"pid":1067,"hostname":"vm","msg":"  KEYCAT>WETH@UniswapV3/10000 WETH>KEYCAT@UniswapV2 in=1702 KEYCAT gap=143.2bps profit=$0.001 net=$-0.002"}
{"level":30,"time":1790817913571,"pid":1067,"hostname":"vm","msg":"  TEVA>WETH@UniswapV3/3000 WETH>TEVA@Aerodrome in=796.2 TEVA gap=61.7bps profit=$0.000 net=$-0.003"}
{"level":30,"time":1790817913571,"pid":1067,"hostname":"vm","msg":"  REPPO>WETH@AerodromeCL2/1 WETH>REPPO@UniswapV3/10000 in=2.102 REPPO gap=347.6bps profit=$0.001 net=$-0.003"}
{"level":30,"time":1790817917536,"pid":1067,"hostname":"vm","block":52014283,"gross":286,"net":16,"sumNetUsd":85.465,"gasPriceGwei":0.006,"txCostUsd":0.004,"syncMs":1787,"searchMs":167,"msg":"block scanned"}
{"level":30,"time":1790817917536,"pid":1067,"hostname":"vm","msg":"  Fren Pet>WETH@UniswapV3/3000 WETH>Fren Pet@UniswapV2 in=2.374 Fren Pet gap=8164bps profit=$10.839 net=$10.836"}
{"level":30,"time":1790817917536,"pid":1067,"hostname":"vm","msg":"  Fren Pet>WETH@UniswapV3/3000 WETH>Fren Pet@BaseSwap in=2.373 Fren Pet gap=8153.6bps profit=$10.585 net=$10.582"}
{"level":30,"time":1790817917536,"pid":1067,"hostname":"vm","msg":"  KEYCAT>WETH@UniswapV3/10000 WETH>KEYCAT@UniswapV2 in=1702 KEYCAT gap=143.2bps profit=$0.001 net=$-0.002"}
{"level":30,"time":1790817917536,"pid":1067,"hostname":"vm","msg":"  TEVA>WETH@UniswapV3/3000 WETH>TEVA@Aerodrome in=796.2 TEVA gap=61.7bps profit=$0.000 net=$-0.003"}
{"level":30,"time":1790817917536,"pid":1067,"hostname":"vm","msg":"  REPPO>WETH@AerodromeCL2/1 WETH>REPPO@UniswapV3/10000 in=2.102 REPPO gap=347.6bps profit=$0.001 net=$-0.003"}
{"level":30,"time":1790817921537,"pid":1067,"hostname":"vm","block":52014285,"gross":298,"net":18,"sumNetUsd":85.469,"gasPriceGwei":0.006,"txCostUsd":0.004,"syncMs":2518,"searchMs":161,"msg":"block scanned"}
{"level":30,"time":1790817921537,"pid":1067,"hostname":"vm","msg":"  Fren Pet>WETH@UniswapV3/3000 WETH>Fren Pet@UniswapV2 in=2.374 Fren Pet gap=8164bps profit=$10.839 net=$10.836"}
{"level":30,"time":1790817921537,"pid":1067,"hostname":"vm","msg":"  Fren Pet>WETH@UniswapV3/3000 WETH>Fren Pet@BaseSwap in=2.373 Fren Pet gap=8153.6bps profit=$10.585 net=$10.582"}
{"level":30,"time":1790817921537,"pid":1067,"hostname":"vm","msg":"  KEYCAT>WETH@UniswapV3/10000 WETH>KEYCAT@UniswapV2 in=1702 KEYCAT gap=143.2bps profit=$0.001 net=$-0.002"}
{"level":30,"time":1790817921537,"pid":1067,"hostname":"vm","msg":"  TEVA>WETH@UniswapV3/3000 WETH>TEVA@Aerodrome in=796.2 TEVA gap=61.7bps profit=$0.000 net=$-0.003"}
{"level":30,"time":1790817921537,"pid":1067,"hostname":"vm","msg":"  REPPO>WETH@AerodromeCL2/1 WETH>REPPO@UniswapV3/10000 in=2.102 REPPO gap=347.6bps profit=$0.001 net=$-0.003"}
{"level":30,"time":1790817927008,"pid":1067,"hostname":"vm","block":52014287,"gross":311,"net":18,"sumNetUsd":85.469,"gasPriceGwei":0.006,"txCostUsd":0.004,"syncMs":3000,"searchMs":171,"msg":"block scanned"}
{"level":30,"time":1790817927008,"pid":1067,"hostname":"vm","msg":"  Fren Pet>WETH@UniswapV3/3000 WETH>Fren Pet@UniswapV2 in=2.374 Fren Pet gap=8164bps profit=$10.839 net=$10.836"}
{"level":30,"time":1790817927008,"pid":1067,"hostname":"vm","msg":"  Fren Pet>WETH@UniswapV3/3000 WETH>Fren Pet@BaseSwap in=2.373 Fren Pet gap=8153.6bps profit=$10.585 net=$10.582"}
{"level":30,"time":1790817927008,"pid":1067,"hostname":"vm","msg":"  KEYCAT>WETH@UniswapV3/10000 WETH>KEYCAT@UniswapV2 in=1702 KEYCAT gap=143.2bps profit=$0.001 net=$-0.002"}
{"level":30,"time":1790817927008,"pid":1067,"hostname":"vm","msg":"  TEVA>WETH@UniswapV3/3000 WETH>TEVA@Aerodrome in=796.2 TEVA gap=61.7bps profit=$0.000 net=$-0.003"}
{"level":30,"time":1790817927008,"pid":1067,"hostname":"vm","msg":"  REPPO>WETH@AerodromeCL2/1 WETH>REPPO@UniswapV3/10000 in=2.102 REPPO gap=347.6bps profit=$0.001 net=$-0.003"}
{"level":30,"time":1790817931382,"pid":1067,"hostname":"vm","block":52014275,"gross":278,"net":16,"sumNetUsd":85.461,"gasPriceGwei":0.006,"txCostUsd":0.004,"syncMs":2774,"searchMs":185,"msg":"block scanned"}
{"level":30,"time":1790817931382,"pid":1067,"hostname":"vm","msg":"  Fren Pet>WETH@UniswapV3/3000 WETH>Fren Pet@UniswapV2 in=2.374 Fren Pet gap=8164bps profit=$10.839 net=$10.836"}
{"level":30,"time":1790817931382,"pid":1067,"hostname":"vm","msg":"  Fren Pet>WETH@UniswapV3/3000 WETH>Fren Pet@BaseSwap in=2.373 Fren Pet gap=8153.6bps profit=$10.585 net=$10.582"}
{"level":30,"time":1790817931382,"pid":1067,"hostname":"vm","msg":"  KEYCAT>WETH@UniswapV3/10000 WETH>KEYCAT@UniswapV2 in=1702 KEYCAT gap=143.2bps profit=$0.001 net=$-0.002"}
{"level":30,"time":1790817931382,"pid":1067,"hostname":"vm","msg":"  TEVA>WETH@UniswapV3/3000 WETH>TEVA@Aerodrome in=796.2 TEVA gap=61.7bps profit=$0.000 net=$-0.003"}
{"level":30,"time":1790817931382,"pid":1067,"hostname":"vm","msg":"  REPPO>WETH@AerodromeCL2/1 WETH>REPPO@UniswapV3/10000 in=2.102 REPPO gap=347.6bps profit=$0.001 net=$-0.003"}
{"level":30,"time":1790817935327,"pid":1067,"hostname":"vm","block":52014292,"gross":319,"net":18,"sumNetUsd":85.468,"gasPriceGwei":0.006,"txCostUsd":0.004,"syncMs":902,"searchMs":211,"msg":"block scanned"}
{"level":30,"time":1790817935328,"pid":1067,"hostname":"vm","msg":"  Fren Pet>WETH@UniswapV3/3000 WETH>Fren Pet@UniswapV2 in=2.374 Fren Pet gap=8164bps profit=$10.839 net=$10.836"}
{"level":30,"time":1790817935328,"pid":1067,"hostname":"vm","msg":"  Fren Pet>WETH@UniswapV3/3000 WETH>Fren Pet@BaseSwap in=2.373 Fren Pet gap=8153.6bps profit=$10.585 net=$10.582"}
{"level":30,"time":1790817935328,"pid":1067,"hostname":"vm","msg":"  KEYCAT>WETH@UniswapV3/10000 WETH>KEYCAT@UniswapV2 in=1702 KEYCAT gap=143.2bps profit=$0.001 net=$-0.002"}
{"level":30,"time":1790817935328,"pid":1067,"hostname":"vm","msg":"  TEVA>WETH@UniswapV3/3000 WETH>TEVA@Aerodrome in=796.2 TEVA gap=61.7bps profit=$0.000 net=$-0.003"}
{"level":30,"time":1790817935328,"pid":1067,"hostname":"vm","msg":"  REPPO>WETH@AerodromeCL2/1 WETH>REPPO@UniswapV3/10000 in=2.102 REPPO gap=347.6bps profit=$0.001 net=$-0.003"}
{"level":30,"time":1790817939794,"pid":1067,"hostname":"vm","block":52014294,"gross":333,"net":16,"sumNetUsd":85.469,"gasPriceGwei":0.006,"txCostUsd":0.004,"syncMs":1968,"searchMs":220,"msg":"block scanned"}
{"level":30,"time":1790817939794,"pid":1067,"hostname":"vm","msg":"  Fren Pet>WETH@UniswapV3/3000 WETH>Fren Pet@UniswapV2 in=2.374 Fren Pet gap=8164bps profit=$10.839 net=$10.836"}
{"level":30,"time":1790817939794,"pid":1067,"hostname":"vm","msg":"  Fren Pet>WETH@UniswapV3/3000 WETH>Fren Pet@BaseSwap in=2.373 Fren Pet gap=8153.6bps profit=$10.585 net=$10.582"}
{"level":30,"time":1790817939794,"pid":1067,"hostname":"vm","msg":"  KEYCAT>WETH@UniswapV3/10000 WETH>KEYCAT@UniswapV2 in=1702 KEYCAT gap=143.2bps profit=$0.001 net=$-0.002"}
{"level":30,"time":1790817939794,"pid":1067,"hostname":"vm","msg":"  TEVA>WETH@UniswapV3/3000 WETH>TEVA@Aerodrome in=796.2 TEVA gap=61.7bps profit=$0.000 net=$-0.003"}
{"level":30,"time":1790817939794,"pid":1067,"hostname":"vm","msg":"  REPPO>WETH@AerodromeCL2/1 WETH>REPPO@UniswapV3/10000 in=2.102 REPPO gap=347.6bps profit=$0.001 net=$-0.003"}
{"level":30,"time":1790817943787,"pid":1067,"hostname":"vm","block":52014296,"gross":320,"net":16,"sumNetUsd":85.471,"gasPriceGwei":0.006,"txCostUsd":0.004,"syncMs":1732,"searchMs":211,"msg":"block scanned"}
{"level":30,"time":1790817943788,"pid":1067,"hostname":"vm","msg":"  Fren Pet>WETH@UniswapV3/3000 WETH>Fren Pet@UniswapV2 in=2.374 Fren Pet gap=8164bps profit=$10.839 net=$10.836"}
{"level":30,"time":1790817943788,"pid":1067,"hostname":"vm","msg":"  Fren Pet>WETH@UniswapV3/3000 WETH>Fren Pet@BaseSwap in=2.373 Fren Pet gap=8153.6bps profit=$10.585 net=$10.582"}
{"level":30,"time":1790817943788,"pid":1067,"hostname":"vm","msg":"  KEYCAT>WETH@UniswapV3/10000 WETH>KEYCAT@UniswapV2 in=1702 KEYCAT gap=143.2bps profit=$0.001 net=$-0.002"}
{"level":30,"time":1790817943788,"pid":1067,"hostname":"vm","msg":"  TEVA>WETH@UniswapV3/3000 WETH>TEVA@Aerodrome in=796.2 TEVA gap=61.7bps profit=$0.000 net=$-0.003"}
{"level":30,"time":1790817943788,"pid":1067,"hostname":"vm","msg":"  REPPO>WETH@AerodromeCL2/1 WETH>REPPO@UniswapV3/10000 in=2.102 REPPO gap=347.6bps profit=$0.001 net=$-0.003"}
{"level":30,"time":1790817948251,"pid":1067,"hostname":"vm","block":52014298,"gross":293,"net":20,"sumNetUsd":86.112,"gasPriceGwei":0.006,"txCostUsd":0.004,"syncMs":1930,"searchMs":185,"msg":"block scanned"}
{"level":30,"time":1790817948251,"pid":1067,"hostname":"vm","msg":"  Fren Pet>WETH@UniswapV3/3000 WETH>Fren Pet@UniswapV2 in=2.374 Fren Pet gap=8164bps profit=$10.839 net=$10.836"}
{"level":30,"time":1790817948251,"pid":1067,"hostname":"vm","msg":"  Fren Pet>WETH@UniswapV3/3000 WETH>Fren Pet@BaseSwap in=2.373 Fren Pet gap=8153.6bps profit=$10.585 net=$10.582"}
{"level":30,"time":1790817948251,"pid":1067,"hostname":"vm","msg":"  KEYCAT>WETH@UniswapV3/10000 WETH>KEYCAT@UniswapV2 in=1748 KEYCAT gap=143.5bps profit=$0.001 net=$-0.002"}
{"level":30,"time":1790817948251,"pid":1067,"hostname":"vm","msg":"  REPPO>WETH@AerodromeCL2/1 WETH>REPPO@UniswapV3/10000 in=2.102 REPPO gap=347.6bps profit=$0.001 net=$-0.003"}
{"level":30,"time":1790817948251,"pid":1067,"hostname":"vm","msg":"  REPPO>WETH@AerodromeCL2/1 WETH>REPPO@AerodromeCL2/200 in=2.102 REPPO gap=329.2bps profit=$0.001 net=$-0.003"}
{"level":30,"time":1790817952750,"pid":1067,"hostname":"vm","block":52014300,"gross":304,"net":16,"sumNetUsd":85.467,"gasPriceGwei":0.006,"txCostUsd":0.004,"syncMs":2786,"searchMs":199,"msg":"block scanned"}
{"level":30,"time":1790817952750,"pid":1067,"hostname":"vm","msg":"  Fren Pet>WETH@UniswapV3/3000 WETH>Fren Pet@UniswapV2 in=2.374 Fren Pet gap=8164bps profit=$10.839 net=$10.836"}
{"level":30,"time":1790817952750,"pid":1067,"hostname":"vm","msg":"  Fren Pet>WETH@UniswapV3/3000 WETH>Fren Pet@BaseSwap in=2.373 Fren Pet gap=8153.6bps profit=$10.585 net=$10.582"}
{"level":30,"time":1790817952750,"pid":1067,"hostname":"vm","msg":"  KEYCAT>WETH@UniswapV3/10000 WETH>KEYCAT@UniswapV2 in=1702 KEYCAT gap=143.2bps profit=$0.001 net=$-0.002"}
{"level":30,"time":1790817952750,"pid":1067,"hostname":"vm","msg":"  TEVA>WETH@UniswapV3/3000 WETH>TEVA@Aerodrome in=796.2 TEVA gap=61.7bps profit=$0.000 net=$-0.003"}
{"level":30,"time":1790817952750,"pid":1067,"hostname":"vm","msg":"  REPPO>WETH@AerodromeCL2/1 WETH>REPPO@UniswapV3/10000 in=2.102 REPPO gap=347.6bps profit=$0.001 net=$-0.003"}
{"level":30,"time":1790818032513,"pid":1067,"hostname":"vm","block":52014303,"gross":314,"net":26,"sumNetUsd":89.61,"gasPriceGwei":0.006,"txCostUsd":0.004,"syncMs":78163,"searchMs":209,"msg":"block scanned"}
{"level":30,"time":1790818032513,"pid":1067,"hostname":"vm","msg":"  TIBBIR>WETH@AerodromeCL3/200 WETH>TIBBIR@AerodromeCL/200 in=1312 TIBBIR gap=82.5bps profit=$0.566 net=$0.563"}
{"level":30,"time":1790818032513,"pid":1067,"hostname":"vm","msg":"  Fren Pet>WETH@UniswapV3/3000 WETH>Fren Pet@UniswapV2 in=2.374 Fren Pet gap=8164bps profit=$10.839 net=$10.836"}
{"level":30,"time":1790818032513,"pid":1067,"hostname":"vm","msg":"  Fren Pet>WETH@UniswapV3/3000 WETH>Fren Pet@BaseSwap in=2.373 Fren Pet gap=8153.6bps profit=$10.585 net=$10.582"}
{"level":30,"time":1790818032513,"pid":1067,"hostname":"vm","msg":"  KEYCAT>WETH@UniswapV3/10000 WETH>KEYCAT@UniswapV2 in=1702 KEYCAT gap=143.2bps profit=$0.001 net=$-0.002"}
{"level":30,"time":1790818032513,"pid":1067,"hostname":"vm","msg":"  VIRTUAL>WETH@AerodromeCL3/50 WETH>VIRTUAL@AerodromeCL/200 in=1228 VIRTUAL gap=22bps profit=$0.544 net=$0.541"}
{"level":30,"time":1790818036611,"pid":1067,"hostname":"vm","block":52014342,"gross":370,"net":16,"sumNetUsd":85.488,"gasPriceGwei":0.006,"txCostUsd":0.004,"syncMs":2546,"searchMs":200,"msg":"block scanned"}
{"level":30,"time":1790818036611,"pid":1067,"hostname":"vm","msg":"  Fren Pet>WETH@UniswapV3/3000 WETH>Fren Pet@UniswapV2 in=2.374 Fren Pet gap=8164bps profit=$10.839 net=$10.836"}
{"level":30,"time":1790818036611,"pid":1067,"hostname":"vm","msg":"  Fren Pet>WETH@UniswapV3/3000 WETH>Fren Pet@BaseSwap in=2.373 Fren Pet gap=8153.6bps profit=$10.585 net=$10.582"}
{"level":30,"time":1790818036611,"pid":1067,"hostname":"vm","msg":"  REPPO>WETH@AerodromeCL2/1 WETH>REPPO@UniswapV3/10000 in=2.102 REPPO gap=347.6bps profit=$0.001 net=$-0.003"}
{"level":30,"time":1790818036611,"pid":1067,"hostname":"vm","msg":"  REPPO>WETH@AerodromeCL2/1 WETH>REPPO@AerodromeCL2/200 in=2.102 REPPO gap=329.2bps profit=$0.001 net=$-0.003"}
{"level":30,"time":1790818036611,"pid":1067,"hostname":"vm","msg":"  WETH>Fren Pet@UniswapV2 Fren Pet>WETH@UniswapV3/3000 in=0.005287 WETH gap=8164bps profit=$10.873 net=$10.870"}
{"level":30,"time":1790818040598,"pid":1067,"hostname":"vm","block":52014345,"gross":373,"net":16,"sumNetUsd":85.491,"gasPriceGwei":0.006,"txCostUsd":0.004,"syncMs":1780,"searchMs":235,"msg":"block scanned"}
{"level":30,"time":1790818040598,"pid":1067,"hostname":"vm","msg":"  Fren Pet>WETH@UniswapV3/3000 WETH>Fren Pet@UniswapV2 in=2.374 Fren Pet gap=8164bps profit=$10.839 net=$10.836"}
{"level":30,"time":1790818040598,"pid":1067,"hostname":"vm","msg":"  Fren Pet>WETH@UniswapV3/3000 WETH>Fren Pet@BaseSwap in=2.373 Fren Pet gap=8153.6bps profit=$10.585 net=$10.582"}
{"level":30,"time":1790818040598,"pid":1067,"hostname":"vm","msg":"  REPPO>WETH@AerodromeCL2/1 WETH>REPPO@UniswapV3/10000 in=2.102 REPPO gap=347.6bps profit=$0.001 net=$-0.003"}
{"level":30,"time":1790818040598,"pid":1067,"hostname":"vm","msg":"  REPPO>WETH@AerodromeCL2/1 WETH>REPPO@AerodromeCL2/200 in=2.102 REPPO gap=329.2bps profit=$0.001 net=$-0.003"}
{"level":30,"time":1790818040598,"pid":1067,"hostname":"vm","msg":"  WETH>Fren Pet@UniswapV2 Fren Pet>WETH@UniswapV3/3000 in=0.005287 WETH gap=8164bps profit=$10.873 net=$10.870"}
{"level":30,"time":1790818044660,"pid":1067,"hostname":"vm","block":52014347,"gross":371,"net":16,"sumNetUsd":85.491,"gasPriceGwei":0.006,"txCostUsd":0.004,"syncMs":2027,"searchMs":199,"msg":"block scanned"}
{"level":30,"time":1790818044660,"pid":1067,"hostname":"vm","msg":"  Fren Pet>WETH@UniswapV3/3000 WETH>Fren Pet@UniswapV2 in=2.374 Fren Pet gap=8164bps profit=$10.839 net=$10.836"}
{"level":30,"time":1790818044660,"pid":1067,"hostname":"vm","msg":"  Fren Pet>WETH@UniswapV3/3000 WETH>Fren Pet@BaseSwap in=2.373 Fren Pet gap=8153.6bps profit=$10.585 net=$10.582"}
{"level":30,"time":1790818044660,"pid":1067,"hostname":"vm","msg":"  REPPO>WETH@AerodromeCL2/1 WETH>REPPO@UniswapV3/10000 in=2.102 REPPO gap=347.6bps profit=$0.001 net=$-0.003"}
{"level":30,"time":1790818044660,"pid":1067,"hostname":"vm","msg":"  REPPO>WETH@AerodromeCL2/1 WETH>REPPO@AerodromeCL2/200 in=2.102 REPPO gap=329.2bps profit=$0.001 net=$-0.003"}
{"level":30,"time":1790818044660,"pid":1067,"hostname":"vm","msg":"  WETH>Fren Pet@UniswapV2 Fren Pet>WETH@UniswapV3/3000 in=0.005287 WETH gap=8164bps profit=$10.873 net=$10.870"}
{"level":30,"time":1790818048735,"pid":1067,"hostname":"vm","block":52014349,"gross":359,"net":16,"sumNetUsd":85.486,"gasPriceGwei":0.006,"txCostUsd":0.004,"syncMs":1714,"searchMs":215,"msg":"block scanned"}
{"level":30,"time":1790818048735,"pid":1067,"hostname":"vm","msg":"  Fren Pet>WETH@UniswapV3/3000 WETH>Fren Pet@UniswapV2 in=2.374 Fren Pet gap=8164bps profit=$10.839 net=$10.836"}
{"level":30,"time":1790818048735,"pid":1067,"hostname":"vm","msg":"  Fren Pet>WETH@UniswapV3/3000 WETH>Fren Pet@BaseSwap in=2.373 Fren Pet gap=8153.6bps profit=$10.585 net=$10.582"}
{"level":30,"time":1790818048735,"pid":1067,"hostname":"vm","msg":"  REPPO>WETH@AerodromeCL2/1 WETH>REPPO@UniswapV3/10000 in=2.102 REPPO gap=347.6bps profit=$0.001 net=$-0.003"}
{"level":30,"time":1790818048735,"pid":1067,"hostname":"vm","msg":"  REPPO>WETH@AerodromeCL2/1 WETH>REPPO@AerodromeCL2/200 in=2.102 REPPO gap=329.2bps profit=$0.001 net=$-0.003"}
{"level":30,"time":1790818048735,"pid":1067,"hostname":"vm","msg":"  BIO>WETH@PancakeV3/2500 WETH>BIO@UniswapV3/3000 in=11.88 BIO gap=63.2bps profit=$0.000 net=$-0.003"}
{"level":30,"time":1790818053519,"pid":1067,"hostname":"vm","block":52014351,"gross":304,"net":16,"sumNetUsd":85.472,"gasPriceGwei":0.006,"txCostUsd":0.004,"syncMs":2498,"searchMs":217,"msg":"block scanned"}
{"level":30,"time":1790818053520,"pid":1067,"hostname":"vm","msg":"  Fren Pet>WETH@UniswapV3/3000 WETH>Fren Pet@UniswapV2 in=2.374 Fren Pet gap=8164bps profit=$10.839 net=$10.836"}
{"level":30,"time":1790818053520,"pid":1067,"hostname":"vm","msg":"  Fren Pet>WETH@UniswapV3/3000 WETH>Fren Pet@BaseSwap in=2.373 Fren Pet gap=8153.6bps profit=$10.585 net=$10.582"}
{"level":30,"time":1790818053520,"pid":1067,"hostname":"vm","msg":"  REPPO>WETH@AerodromeCL2/1 WETH>REPPO@UniswapV3/10000 in=2.102 REPPO gap=347.6bps profit=$0.001 net=$-0.003"}
{"level":30,"time":1790818053520,"pid":1067,"hostname":"vm","msg":"  REPPO>WETH@AerodromeCL2/1 WETH>REPPO@AerodromeCL2/200 in=2.102 REPPO gap=329.2bps profit=$0.001 net=$-0.003"}
{"level":30,"time":1790818053520,"pid":1067,"hostname":"vm","msg":"  BIO>WETH@PancakeV3/2500 WETH>BIO@UniswapV3/3000 in=11.88 BIO gap=63.2bps profit=$0.000 net=$-0.003"}
{"level":30,"time":1790818058267,"pid":1067,"hostname":"vm","block":52014352,"gross":306,"net":16,"sumNetUsd":85.473,"gasPriceGwei":0.006,"txCostUsd":0.004,"syncMs":2557,"searchMs":210,"msg":"block scanned"}
{"level":30,"time":1790818058267,"pid":1067,"hostname":"vm","msg":"  Fren Pet>WETH@UniswapV3/3000 WETH>Fren Pet@UniswapV2 in=2.374 Fren Pet gap=8164bps profit=$10.839 net=$10.836"}
{"level":30,"time":1790818058267,"pid":1067,"hostname":"vm","msg":"  Fren Pet>WETH@UniswapV3/3000 WETH>Fren Pet@BaseSwap in=2.373 Fren Pet gap=8153.6bps profit=$10.585 net=$10.582"}
{"level":30,"time":1790818058267,"pid":1067,"hostname":"vm","msg":"  REPPO>WETH@AerodromeCL2/1 WETH>REPPO@UniswapV3/10000 in=2.102 REPPO gap=347.6bps profit=$0.001 net=$-0.003"}
{"level":30,"time":1790818058267,"pid":1067,"hostname":"vm","msg":"  REPPO>WETH@AerodromeCL2/1 WETH>REPPO@AerodromeCL2/200 in=2.102 REPPO gap=329.2bps profit=$0.001 net=$-0.003"}
{"level":30,"time":1790818058267,"pid":1067,"hostname":"vm","msg":"  BIO>WETH@PancakeV3/2500 WETH>BIO@UniswapV3/3000 in=11.88 BIO gap=63.2bps profit=$0.000 net=$-0.003"}
{"level":30,"time":1790818062532,"pid":1067,"hostname":"vm","block":52014355,"gross":315,"net":16,"sumNetUsd":85.474,"gasPriceGwei":0.006,"txCostUsd":0.004,"syncMs":2771,"searchMs":204,"msg":"block scanned"}
{"level":30,"time":1790818062532,"pid":1067,"hostname":"vm","msg":"  Fren Pet>WETH@UniswapV3/3000 WETH>Fren Pet@UniswapV2 in=2.374 Fren Pet gap=8164bps profit=$10.839 net=$10.836"}
{"level":30,"time":1790818062532,"pid":1067,"hostname":"vm","msg":"  Fren Pet>WETH@UniswapV3/3000 WETH>Fren Pet@BaseSwap in=2.373 Fren Pet gap=8153.6bps profit=$10.585 net=$10.582"}
{"level":30,"time":1790818062532,"pid":1067,"hostname":"vm","msg":"  REPPO>WETH@AerodromeCL2/1 WETH>REPPO@UniswapV3/10000 in=2.102 REPPO gap=347.6bps profit=$0.001 net=$-0.003"}
{"level":30,"time":1790818062532,"pid":1067,"hostname":"vm","msg":"  REPPO>WETH@AerodromeCL2/1 WETH>REPPO@AerodromeCL2/200 in=2.102 REPPO gap=329.2bps profit=$0.001 net=$-0.003"}
{"level":30,"time":1790818062532,"pid":1067,"hostname":"vm","msg":"  BIO>WETH@PancakeV3/2500 WETH>BIO@UniswapV3/3000 in=11.88 BIO gap=63.2bps profit=$0.000 net=$-0.003"}
{"level":30,"time":1790818068918,"pid":1067,"hostname":"vm","block":52014358,"gross":306,"net":16,"sumNetUsd":85.464,"gasPriceGwei":0.006,"txCostUsd":0.004,"syncMs":3004,"searchMs":176,"msg":"block scanned"}
{"level":30,"time":1790818068918,"pid":1067,"hostname":"vm","msg":"  Fren Pet>WETH@UniswapV3/3000 WETH>Fren Pet@UniswapV2 in=2.374 Fren Pet gap=8164bps profit=$10.839 net=$10.836"}
{"level":30,"time":1790818068918,"pid":1067,"hostname":"vm","msg":"  Fren Pet>WETH@UniswapV3/3000 WETH>Fren Pet@BaseSwap in=2.373 Fren Pet gap=8153.6bps profit=$10.585 net=$10.582"}
{"level":30,"time":1790818068918,"pid":1067,"hostname":"vm","msg":"  REPPO>WETH@AerodromeCL2/1 WETH>REPPO@UniswapV3/10000 in=2.102 REPPO gap=347.6bps profit=$0.001 net=$-0.003"}
{"level":30,"time":1790818068918,"pid":1067,"hostname":"vm","msg":"  REPPO>WETH@AerodromeCL2/1 WETH>REPPO@AerodromeCL2/200 in=2.102 REPPO gap=329.2bps profit=$0.001 net=$-0.003"}
{"level":30,"time":1790818068918,"pid":1067,"hostname":"vm","msg":"  BIO>WETH@PancakeV3/2500 WETH>BIO@UniswapV3/3000 in=11.88 BIO gap=63.2bps profit=$0.000 net=$-0.003"}
{"level":30,"time":1790818073390,"pid":1067,"hostname":"vm","block":52014361,"gross":304,"net":16,"sumNetUsd":85.464,"gasPriceGwei":0.006,"txCostUsd":0.004,"syncMs":2790,"searchMs":213,"msg":"block scanned"}
{"level":30,"time":1790818073391,"pid":1067,"hostname":"vm","msg":"  Fren Pet>WETH@UniswapV3/3000 WETH>Fren Pet@UniswapV2 in=2.374 Fren Pet gap=8164bps profit=$10.839 net=$10.836"}
{"level":30,"time":1790818073391,"pid":1067,"hostname":"vm","msg":"  Fren Pet>WETH@UniswapV3/3000 WETH>Fren Pet@BaseSwap in=2.373 Fren Pet gap=8153.6bps profit=$10.585 net=$10.582"}
{"level":30,"time":1790818073391,"pid":1067,"hostname":"vm","msg":"  REPPO>WETH@AerodromeCL2/1 WETH>REPPO@UniswapV3/10000 in=2.102 REPPO gap=347.6bps profit=$0.001 net=$-0.003"}
{"level":30,"time":1790818073391,"pid":1067,"hostname":"vm","msg":"  REPPO>WETH@AerodromeCL2/1 WETH>REPPO@AerodromeCL2/200 in=2.102 REPPO gap=329.2bps profit=$0.001 net=$-0.003"}
{"level":30,"time":1790818073391,"pid":1067,"hostname":"vm","msg":"  BIO>WETH@PancakeV3/2500 WETH>BIO@UniswapV3/3000 in=11.88 BIO gap=63.2bps profit=$0.000 net=$-0.003"}
{"level":30,"time":1790818077451,"pid":1067,"hostname":"vm","block":52014363,"gross":287,"net":16,"sumNetUsd":85.457,"gasPriceGwei":0.006,"txCostUsd":0.004,"syncMs":1815,"searchMs":164,"msg":"block scanned"}
{"level":30,"time":1790818077451,"pid":1067,"hostname":"vm","msg":"  Fren Pet>WETH@UniswapV3/3000 WETH>Fren Pet@UniswapV2 in=2.374 Fren Pet gap=8164bps profit=$10.839 net=$10.836"}
{"level":30,"time":1790818077451,"pid":1067,"hostname":"vm","msg":"  Fren Pet>WETH@UniswapV3/3000 WETH>Fren Pet@BaseSwap in=2.373 Fren Pet gap=8153.6bps profit=$10.585 net=$10.582"}
{"level":30,"time":1790818077451,"pid":1067,"hostname":"vm","msg":"  REPPO>WETH@AerodromeCL2/1 WETH>REPPO@UniswapV3/10000 in=2.102 REPPO gap=347.6bps profit=$0.001 net=$-0.003"}
{"level":30,"time":1790818077451,"pid":1067,"hostname":"vm","msg":"  REPPO>WETH@AerodromeCL2/1 WETH>REPPO@AerodromeCL2/200 in=2.102 REPPO gap=329.2bps profit=$0.001 net=$-0.003"}
{"level":30,"time":1790818077451,"pid":1067,"hostname":"vm","msg":"  WETH>Fren Pet@UniswapV2 Fren Pet>WETH@UniswapV3/3000 in=0.005287 WETH gap=8164bps profit=$10.873 net=$10.870"}
{"level":30,"time":1790818081585,"pid":1067,"hostname":"vm","block":52014365,"gross":277,"net":16,"sumNetUsd":85.457,"gasPriceGwei":0.006,"txCostUsd":0.004,"syncMs":1768,"searchMs":201,"msg":"block scanned"}
{"level":30,"time":1790818081585,"pid":1067,"hostname":"vm","msg":"  Fren Pet>WETH@UniswapV3/3000 WETH>Fren Pet@UniswapV2 in=2.374 Fren Pet gap=8164bps profit=$10.839 net=$10.836"}
{"level":30,"time":1790818081585,"pid":1067,"hostname":"vm","msg":"  Fren Pet>WETH@UniswapV3/3000 WETH>Fren Pet@BaseSwap in=2.373 Fren Pet gap=8153.6bps profit=$10.585 net=$10.582"}
{"level":30,"time":1790818081585,"pid":1067,"hostname":"vm","msg":"  REPPO>WETH@AerodromeCL2/1 WETH>REPPO@UniswapV3/10000 in=2.102 REPPO gap=347.6bps profit=$0.001 net=$-0.003"}
{"level":30,"time":1790818081585,"pid":1067,"hostname":"vm","msg":"  REPPO>WETH@AerodromeCL2/1 WETH>REPPO@AerodromeCL2/200 in=2.102 REPPO gap=329.2bps profit=$0.001 net=$-0.003"}
{"level":30,"time":1790818081585,"pid":1067,"hostname":"vm","msg":"  WETH>Fren Pet@UniswapV2 Fren Pet>WETH@UniswapV3/3000 in=0.005287 WETH gap=8164bps profit=$10.873 net=$10.870"}
{"level":30,"time":1790818085863,"pid":1067,"hostname":"vm","block":52014367,"gross":272,"net":16,"sumNetUsd":85.454,"gasPriceGwei":0.006,"txCostUsd":0.004,"syncMs":2510,"searchMs":155,"msg":"block scanned"}
{"level":30,"time":1790818085863,"pid":1067,"hostname":"vm","msg":"  Fren Pet>WETH@UniswapV3/3000 WETH>Fren Pet@UniswapV2 in=2.374 Fren Pet gap=8164bps profit=$10.839 net=$10.836"}
{"level":30,"time":1790818085863,"pid":1067,"hostname":"vm","msg":"  Fren Pet>WETH@UniswapV3/3000 WETH>Fren Pet@BaseSwap in=2.373 Fren Pet gap=8153.6bps profit=$10.585 net=$10.582"}
{"level":30,"time":1790818085863,"pid":1067,"hostname":"vm","msg":"  REPPO>WETH@AerodromeCL2/1 WETH>REPPO@UniswapV3/10000 in=2.102 REPPO gap=347.6bps profit=$0.001 net=$-0.003"}
{"level":30,"time":1790818085863,"pid":1067,"hostname":"vm","msg":"  REPPO>WETH@AerodromeCL2/1 WETH>REPPO@AerodromeCL2/200 in=2.102 REPPO gap=329.2bps profit=$0.001 net=$-0.003"}
{"level":30,"time":1790818085863,"pid":1067,"hostname":"vm","msg":"  WETH>Fren Pet@UniswapV2 Fren Pet>WETH@UniswapV3/3000 in=0.005287 WETH gap=8164bps profit=$10.873 net=$10.870"}
{"level":30,"time":1790818090401,"pid":1067,"hostname":"vm","block":52014369,"gross":271,"net":18,"sumNetUsd":85.456,"gasPriceGwei":0.006,"txCostUsd":0.004,"syncMs":2040,"searchMs":233,"msg":"block scanned"}
{"level":30,"time":1790818090401,"pid":1067,"hostname":"vm","msg":"  Fren Pet>WETH@UniswapV3/3000 WETH>Fren Pet@UniswapV2 in=2.374 Fren Pet gap=8164bps profit=$10.839 net=$10.836"}
{"level":30,"time":1790818090401,"pid":1067,"hostname":"vm","msg":"  Fren Pet>WETH@UniswapV3/3000 WETH>Fren Pet@BaseSwap in=2.373 Fren Pet gap=8153.6bps profit=$10.585 net=$10.582"}
{"level":30,"time":1790818090401,"pid":1067,"hostname":"vm","msg":"  REPPO>WETH@AerodromeCL2/1 WETH>REPPO@UniswapV3/10000 in=2.102 REPPO gap=347.6bps profit=$0.001 net=$-0.003"}
{"level":30,"time":1790818090401,"pid":1067,"hostname":"vm","msg":"  REPPO>WETH@AerodromeCL2/1 WETH>REPPO@AerodromeCL2/200 in=2.102 REPPO gap=329.2bps profit=$0.001 net=$-0.003"}
{"level":30,"time":1790818090401,"pid":1067,"hostname":"vm","msg":"  PROS>USDC@AerodromeCL3/1 USDC>PROS@AerodromeCL3/200 in=12.00 PROS gap=11.6bps profit=$0.004 net=$0.001"}
{"level":30,"time":1790818093498,"pid":1067,"hostname":"vm","block":52014371,"gross":274,"net":18,"sumNetUsd":85.452,"gasPriceGwei":0.006,"txCostUsd":0.004,"syncMs":2021,"searchMs":199,"msg":"block scanned"}
{"level":30,"time":1790818093498,"pid":1067,"hostname":"vm","msg":"  Fren Pet>WETH@UniswapV3/3000 WETH>Fren Pet@UniswapV2 in=2.374 Fren Pet gap=8164bps profit=$10.839 net=$10.836"}
{"level":30,"time":1790818093498,"pid":1067,"hostname":"vm","msg":"  Fren Pet>WETH@UniswapV3/3000 WETH>Fren Pet@BaseSwap in=2.373 Fren Pet gap=8153.6bps profit=$10.585 net=$10.582"}
{"level":30,"time":1790818093498,"pid":1067,"hostname":"vm","msg":"  REPPO>WETH@AerodromeCL2/1 WETH>REPPO@UniswapV3/10000 in=2.102 REPPO gap=347.6bps profit=$0.001 net=$-0.003"}
{"level":30,"time":1790818093498,"pid":1067,"hostname":"vm","msg":"  REPPO>WETH@AerodromeCL2/1 WETH>REPPO@AerodromeCL2/200 in=2.102 REPPO gap=329.2bps profit=$0.001 net=$-0.003"}
{"level":30,"time":1790818093498,"pid":1067,"hostname":"vm","msg":"  PROS>USDC@AerodromeCL3/1 USDC>PROS@AerodromeCL3/200 in=12.00 PROS gap=11.6bps profit=$0.004 net=$0.001"}
{"level":30,"time":1790818168515,"pid":1067,"hostname":"vm","block":52014373,"gross":304,"net":18,"sumNetUsd":85.447,"gasPriceGwei":0.006,"txCostUsd":0.004,"syncMs":72674,"searchMs":236,"msg":"block scanned"}
{"level":30,"time":1790818168515,"pid":1067,"hostname":"vm","msg":"  Fren Pet>WETH@UniswapV3/3000 WETH>Fren Pet@UniswapV2 in=2.374 Fren Pet gap=8164bps profit=$10.839 net=$10.836"}
{"level":30,"time":1790818168515,"pid":1067,"hostname":"vm","msg":"  Fren Pet>WETH@UniswapV3/3000 WETH>Fren Pet@BaseSwap in=2.373 Fren Pet gap=8153.6bps profit=$10.585 net=$10.582"}
{"level":30,"time":1790818168515,"pid":1067,"hostname":"vm","msg":"  REPPO>WETH@AerodromeCL2/1 WETH>REPPO@UniswapV3/10000 in=2.102 REPPO gap=347.6bps profit=$0.001 net=$-0.003"}
{"level":30,"time":1790818168515,"pid":1067,"hostname":"vm","msg":"  REPPO>WETH@AerodromeCL2/1 WETH>REPPO@AerodromeCL2/200 in=2.102 REPPO gap=329.2bps profit=$0.001 net=$-0.003"}
{"level":30,"time":1790818168515,"pid":1067,"hostname":"vm","msg":"  PROS>USDC@AerodromeCL3/1 USDC>PROS@AerodromeCL3/200 in=12.00 PROS gap=11.6bps profit=$0.004 net=$0.001"}
{"level":30,"time":1790818172553,"pid":1067,"hostname":"vm","block":52014411,"gross":331,"net":51,"sumNetUsd":94.549,"gasPriceGwei":0.006,"txCostUsd":0.004,"syncMs":2281,"searchMs":184,"msg":"block scanned"}
{"level":30,"time":1790818172553,"pid":1067,"hostname":"vm","msg":"  Fren Pet>WETH@UniswapV3/3000 WETH>Fren Pet@UniswapV2 in=2.374 Fren Pet gap=8164bps profit=$10.839 net=$10.836"}
{"level":30,"time":1790818172553,"pid":1067,"hostname":"vm","msg":"  Fren Pet>WETH@UniswapV3/3000 WETH>Fren Pet@BaseSwap in=2.373 Fren Pet gap=8153.6bps profit=$10.585 net=$10.582"}
{"level":30,"time":1790818172553,"pid":1067,"hostname":"vm","msg":"  REPPO>WETH@AerodromeCL2/1 WETH>REPPO@UniswapV3/10000 in=2.102 REPPO gap=347.6bps profit=$0.001 net=$-0.003"}
{"level":30,"time":1790818172553,"pid":1067,"hostname":"vm","msg":"  REPPO>WETH@AerodromeCL2/1 WETH>REPPO@AerodromeCL2/200 in=2.102 REPPO gap=329.2bps profit=$0.001 net=$-0.003"}
{"level":30,"time":1790818172553,"pid":1067,"hostname":"vm","msg":"  WETH>Fren Pet@UniswapV2 Fren Pet>WETH@UniswapV3/3000 in=0.005287 WETH gap=8164bps profit=$10.873 net=$10.870"}
{"level":30,"time":1790818176464,"pid":1067,"hostname":"vm","block":52014412,"gross":252,"net":16,"sumNetUsd":85.438,"gasPriceGwei":0.006,"txCostUsd":0.004,"syncMs":1747,"searchMs":169,"msg":"block scanned"}
{"level":30,"time":1790818176464,"pid":1067,"hostname":"vm","msg":"  Fren Pet>WETH@UniswapV3/3000 WETH>Fren Pet@UniswapV2 in=2.374 Fren Pet gap=8164bps profit=$10.839 net=$10.836"}
{"level":30,"time":1790818176464,"pid":1067,"hostname":"vm","msg":"  Fren Pet>WETH@UniswapV3/3000 WETH>Fren Pet@BaseSwap in=2.373 Fren Pet gap=8153.6bps profit=$10.585 net=$10.582"}
{"level":30,"time":1790818176464,"pid":1067,"hostname":"vm","msg":"  REPPO>WETH@AerodromeCL2/1 WETH>REPPO@UniswapV3/10000 in=2.102 REPPO gap=347.6bps profit=$0.001 net=$-0.003"}
{"level":30,"time":1790818176464,"pid":1067,"hostname":"vm","msg":"  REPPO>WETH@AerodromeCL2/1 WETH>REPPO@AerodromeCL2/200 in=2.102 REPPO gap=329.2bps profit=$0.001 net=$-0.003"}
{"level":30,"time":1790818176464,"pid":1067,"hostname":"vm","msg":"  WETH>Fren Pet@UniswapV2 Fren Pet>WETH@UniswapV3/3000 in=0.005287 WETH gap=8164bps profit=$10.873 net=$10.870"}
{"level":30,"time":1790818181793,"pid":1067,"hostname":"vm","block":52014415,"gross":253,"net":16,"sumNetUsd":85.438,"gasPriceGwei":0.006,"txCostUsd":0.004,"syncMs":2026,"searchMs":176,"msg":"block scanned"}
{"level":30,"time":1790818181793,"pid":1067,"hostname":"vm","msg":"  Fren Pet>WETH@UniswapV3/3000 WETH>Fren Pet@UniswapV2 in=2.374 Fren Pet gap=8164bps profit=$10.839 net=$10.836"}
{"level":30,"time":1790818181793,"pid":1067,"hostname":"vm","msg":"  Fren Pet>WETH@UniswapV3/3000 WETH>Fren Pet@BaseSwap in=2.373 Fren Pet gap=8153.6bps profit=$10.585 net=$10.582"}
{"level":30,"time":1790818181793,"pid":1067,"hostname":"vm","msg":"  REPPO>WETH@AerodromeCL2/1 WETH>REPPO@UniswapV3/10000 in=2.102 REPPO gap=347.6bps profit=$0.001 net=$-0.003"}
{"level":30,"time":1790818181793,"pid":1067,"hostname":"vm","msg":"  REPPO>WETH@AerodromeCL2/1 WETH>REPPO@AerodromeCL2/200 in=2.102 REPPO gap=329.2bps profit=$0.001 net=$-0.003"}
{"level":30,"time":1790818181793,"pid":1067,"hostname":"vm","msg":"  WETH>Fren Pet@UniswapV2 Fren Pet>WETH@UniswapV3/3000 in=0.005287 WETH gap=8164bps profit=$10.873 net=$10.870"}
{"level":30,"time":1790818186624,"pid":1067,"hostname":"vm","block":52014417,"gross":269,"net":17,"sumNetUsd":85.436,"gasPriceGwei":0.006,"txCostUsd":0.004,"syncMs":2711,"searchMs":177,"msg":"block scanned"}
{"level":30,"time":1790818186624,"pid":1067,"hostname":"vm","msg":"  Fren Pet>WETH@UniswapV3/3000 WETH>Fren Pet@UniswapV2 in=2.374 Fren Pet gap=8164bps profit=$10.839 net=$10.836"}
{"level":30,"time":1790818186624,"pid":1067,"hostname":"vm","msg":"  Fren Pet>WETH@UniswapV3/3000 WETH>Fren Pet@BaseSwap in=2.373 Fren Pet gap=8153.6bps profit=$10.585 net=$10.582"}
{"level":30,"time":1790818186624,"pid":1067,"hostname":"vm","msg":"  REPPO>WETH@AerodromeCL2/1 WETH>REPPO@UniswapV3/10000 in=2.102 REPPO gap=347.6bps profit=$0.001 net=$-0.003"}
{"level":30,"time":1790818186624,"pid":1067,"hostname":"vm","msg":"  REPPO>WETH@AerodromeCL2/1 WETH>REPPO@AerodromeCL2/200 in=2.102 REPPO gap=329.2bps profit=$0.001 net=$-0.003"}
{"level":30,"time":1790818186624,"pid":1067,"hostname":"vm","msg":"  WETH>Fren Pet@UniswapV2 Fren Pet>WETH@UniswapV3/3000 in=0.005287 WETH gap=8164bps profit=$10.873 net=$10.870"}
{"level":30,"time":1790818190502,"pid":1067,"hostname":"vm","block":52014420,"gross":267,"net":17,"sumNetUsd":85.436,"gasPriceGwei":0.006,"txCostUsd":0.004,"syncMs":2213,"searchMs":186,"msg":"block scanned"}
{"level":30,"time":1790818190502,"pid":1067,"hostname":"vm","msg":"  Fren Pet>WETH@UniswapV3/3000 WETH>Fren Pet@UniswapV2 in=2.374 Fren Pet gap=8164bps profit=$10.839 net=$10.836"}
{"level":30,"time":1790818190502,"pid":1067,"hostname":"vm","msg":"  Fren Pet>WETH@UniswapV3/3000 WETH>Fren Pet@BaseSwap in=2.373 Fren Pet gap=8153.6bps profit=$10.585 net=$10.582"}
{"level":30,"time":1790818190502,"pid":1067,"hostname":"vm","msg":"  REPPO>WETH@AerodromeCL2/1 WETH>REPPO@UniswapV3/10000 in=2.102 REPPO gap=347.6bps profit=$0.001 net=$-0.003"}
{"level":30,"time":1790818190502,"pid":1067,"hostname":"vm","msg":"  REPPO>WETH@AerodromeCL2/1 WETH>REPPO@AerodromeCL2/200 in=2.102 REPPO gap=329.2bps profit=$0.001 net=$-0.003"}
{"level":30,"time":1790818190502,"pid":1067,"hostname":"vm","msg":"  WETH>Fren Pet@UniswapV2 Fren Pet>WETH@UniswapV3/3000 in=0.005287 WETH gap=8164bps profit=$10.873 net=$10.870"}
{"level":30,"time":1790818195541,"pid":1067,"hostname":"vm","block":52014422,"gross":269,"net":17,"sumNetUsd":85.436,"gasPriceGwei":0.006,"txCostUsd":0.004,"syncMs":2687,"searchMs":201,"msg":"block scanned"}
{"level":30,"time":1790818195541,"pid":1067,"hostname":"vm","msg":"  Fren Pet>WETH@UniswapV3/3000 WETH>Fren Pet@UniswapV2 in=2.374 Fren Pet gap=8164bps profit=$10.839 net=$10.836"}
{"level":30,"time":1790818195541,"pid":1067,"hostname":"vm","msg":"  Fren Pet>WETH@UniswapV3/3000 WETH>Fren Pet@BaseSwap in=2.373 Fren Pet gap=8153.6bps profit=$10.585 net=$10.582"}
{"level":30,"time":1790818195541,"pid":1067,"hostname":"vm","msg":"  REPPO>WETH@AerodromeCL2/1 WETH>REPPO@UniswapV3/10000 in=2.102 REPPO gap=347.6bps profit=$0.001 net=$-0.003"}
{"level":30,"time":1790818195541,"pid":1067,"hostname":"vm","msg":"  REPPO>WETH@AerodromeCL2/1 WETH>REPPO@AerodromeCL2/200 in=2.102 REPPO gap=329.2bps profit=$0.001 net=$-0.003"}
{"level":30,"time":1790818195541,"pid":1067,"hostname":"vm","msg":"  PROS>USDC@AerodromeCL3/200 USDC>PROS@AerodromeCL3/1 in=10.40 PROS gap=10.3bps profit=$0.003 net=$-0.000"}
{"level":30,"time":1790818200331,"pid":1067,"hostname":"vm","block":52014424,"gross":265,"net":16,"sumNetUsd":85.431,"gasPriceGwei":0.006,"txCostUsd":0.004,"syncMs":2605,"searchMs":181,"msg":"block scanned"}
{"level":30,"time":1790818200331,"pid":1067,"hostname":"vm","msg":"  Fren Pet>WETH@UniswapV3/3000 WETH>Fren Pet@UniswapV2 in=2.374 Fren Pet gap=8164bps profit=$10.839 net=$10.836"}
{"level":30,"time":1790818200331,"pid":1067,"hostname":"vm","msg":"  Fren Pet>WETH@UniswapV3/3000 WETH>Fren Pet@BaseSwap in=2.373 Fren Pet gap=8153.6bps profit=$10.585 net=$10.582"}
{"level":30,"time":1790818200331,"pid":1067,"hostname":"vm","msg":"  REPPO>WETH@AerodromeCL2/1 WETH>REPPO@UniswapV3/10000 in=2.102 REPPO gap=347.6bps profit=$0.001 net=$-0.003"}
{"level":30,"time":1790818200331,"pid":1067,"hostname":"vm","msg":"  REPPO>WETH@AerodromeCL2/1 WETH>REPPO@AerodromeCL2/200 in=2.102 REPPO gap=329.2bps profit=$0.001 net=$-0.003"}
{"level":30,"time":1790818200331,"pid":1067,"hostname":"vm","msg":"  WETH>Fren Pet@UniswapV2 Fren Pet>WETH@UniswapV3/3000 in=0.005287 WETH gap=8164bps profit=$10.873 net=$10.870"}
{"level":30,"time":1790818203626,"pid":1067,"hostname":"vm","block":52014426,"gross":256,"net":16,"sumNetUsd":85.432,"gasPriceGwei":0.006,"txCostUsd":0.004,"syncMs":1800,"searchMs":169,"msg":"block scanned"}
{"level":30,"time":1790818203626,"pid":1067,"hostname":"vm","msg":"  Fren Pet>WETH@UniswapV3/3000 WETH>Fren Pet@UniswapV2 in=2.374 Fren Pet gap=8164bps profit=$10.839 net=$10.836"}
{"level":30,"time":1790818203626,"pid":1067,"hostname":"vm","msg":"  Fren Pet>WETH@UniswapV3/3000 WETH>Fren Pet@BaseSwap in=2.373 Fren Pet gap=8153.6bps profit=$10.585 net=$10.582"}
{"level":30,"time":1790818203626,"pid":1067,"hostname":"vm","msg":"  REPPO>WETH@AerodromeCL2/1 WETH>REPPO@UniswapV3/10000 in=2.102 REPPO gap=347.6bps profit=$0.001 net=$-0.003"}
{"level":30,"time":1790818203626,"pid":1067,"hostname":"vm","msg":"  REPPO>WETH@AerodromeCL2/1 WETH>REPPO@AerodromeCL2/200 in=2.102 REPPO gap=329.2bps profit=$0.001 net=$-0.003"}
{"level":30,"time":1790818203626,"pid":1067,"hostname":"vm","msg":"  WETH>Fren Pet@UniswapV2 Fren Pet>WETH@UniswapV3/3000 in=0.005287 WETH gap=8164bps profit=$10.873 net=$10.870"}
{"level":30,"time":1790818207468,"pid":1067,"hostname":"vm","block":52014428,"gross":261,"net":16,"sumNetUsd":85.432,"gasPriceGwei":0.006,"txCostUsd":0.004,"syncMs":2122,"searchMs":168,"msg":"block scanned"}
{"level":30,"time":1790818207468,"pid":1067,"hostname":"vm","msg":"  Fren Pet>WETH@UniswapV3/3000 WETH>Fren Pet@UniswapV2 in=2.374 Fren Pet gap=8164bps profit=$10.839 net=$10.836"}
{"level":30,"time":1790818207468,"pid":1067,"hostname":"vm","msg":"  Fren Pet>WETH@UniswapV3/3000 WETH>Fren Pet@BaseSwap in=2.373 Fren Pet gap=8153.6bps profit=$10.585 net=$10.582"}
{"level":30,"time":1790818207468,"pid":1067,"hostname":"vm","msg":"  REPPO>WETH@AerodromeCL2/1 WETH>REPPO@UniswapV3/10000 in=2.102 REPPO gap=347.6bps profit=$0.001 net=$-0.003"}
{"level":30,"time":1790818207468,"pid":1067,"hostname":"vm","msg":"  REPPO>WETH@AerodromeCL2/1 WETH>REPPO@AerodromeCL2/200 in=2.102 REPPO gap=329.2bps profit=$0.001 net=$-0.003"}
{"level":30,"time":1790818207468,"pid":1067,"hostname":"vm","msg":"  WETH>Fren Pet@UniswapV2 Fren Pet>WETH@UniswapV3/3000 in=0.005287 WETH gap=8164bps profit=$10.873 net=$10.870"}
{"level":30,"time":1790818213674,"pid":1067,"hostname":"vm","block":52014430,"gross":250,"net":16,"sumNetUsd":85.429,"gasPriceGwei":0.006,"txCostUsd":0.004,"syncMs":3520,"searchMs":176,"msg":"block scanned"}
{"level":30,"time":1790818213674,"pid":1067,"hostname":"vm","msg":"  Fren Pet>WETH@UniswapV3/3000 WETH>Fren Pet@UniswapV2 in=2.374 Fren Pet gap=8164bps profit=$10.839 net=$10.836"}
{"level":30,"time":1790818213674,"pid":1067,"hostname":"vm","msg":"  Fren Pet>WETH@UniswapV3/3000 WETH>Fren Pet@BaseSwap in=2.373 Fren Pet gap=8153.6bps profit=$10.585 net=$10.582"}
{"level":30,"time":1790818213674,"pid":1067,"hostname":"vm","msg":"  REPPO>WETH@AerodromeCL2/1 WETH>REPPO@UniswapV3/10000 in=2.102 REPPO gap=347.6bps profit=$0.001 net=$-0.003"}
{"level":30,"time":1790818213674,"pid":1067,"hostname":"vm","msg":"  REPPO>WETH@AerodromeCL2/1 WETH>REPPO@AerodromeCL2/200 in=2.102 REPPO gap=329.2bps profit=$0.001 net=$-0.003"}
{"level":30,"time":1790818213674,"pid":1067,"hostname":"vm","msg":"  WETH>Fren Pet@UniswapV2 Fren Pet>WETH@UniswapV3/3000 in=0.005287 WETH gap=8164bps profit=$10.873 net=$10.870"}
{"level":30,"time":1790818218561,"pid":1067,"hostname":"vm","block":52014433,"gross":252,"net":16,"sumNetUsd":86.96,"gasPriceGwei":0.006,"txCostUsd":0.004,"syncMs":2354,"searchMs":159,"msg":"block scanned"}
{"level":30,"time":1790818218561,"pid":1067,"hostname":"vm","msg":"  Fren Pet>WETH@UniswapV3/3000 WETH>Fren Pet@UniswapV2 in=2.374 Fren Pet gap=8164bps profit=$10.839 net=$10.836"}
{"level":30,"time":1790818218561,"pid":1067,"hostname":"vm","msg":"  Fren Pet>WETH@UniswapV3/3000 WETH>Fren Pet@BaseSwap in=2.373 Fren Pet gap=8153.6bps profit=$10.585 net=$10.582"}
{"level":30,"time":1790818218561,"pid":1067,"hostname":"vm","msg":"  REPPO>WETH@AerodromeCL2/1 WETH>REPPO@UniswapV3/10000 in=2.102 REPPO gap=347.6bps profit=$0.001 net=$-0.003"}
{"level":30,"time":1790818218561,"pid":1067,"hostname":"vm","msg":"  REPPO>WETH@AerodromeCL2/1 WETH>REPPO@AerodromeCL2/200 in=2.102 REPPO gap=329.2bps profit=$0.001 net=$-0.003"}
{"level":30,"time":1790818218561,"pid":1067,"hostname":"vm","msg":"  WETH>Fren Pet@UniswapV2 Fren Pet>WETH@UniswapV3/3000 in=0.005287 WETH gap=8164bps profit=$10.873 net=$10.870"}
{"level":30,"time":1790818222597,"pid":1067,"hostname":"vm","block":52014436,"gross":255,"net":16,"sumNetUsd":86.958,"gasPriceGwei":0.006,"txCostUsd":0.004,"syncMs":2149,"searchMs":169,"msg":"block scanned"}
{"level":30,"time":1790818222597,"pid":1067,"hostname":"vm","msg":"  Fren Pet>WETH@UniswapV3/3000 WETH>Fren Pet@UniswapV2 in=2.374 Fren Pet gap=8164bps profit=$10.839 net=$10.836"}
{"level":30,"time":1790818222597,"pid":1067,"hostname":"vm","msg":"  Fren Pet>WETH@UniswapV3/3000 WETH>Fren Pet@BaseSwap in=2.373 Fren Pet gap=8153.6bps profit=$10.585 net=$10.582"}
{"level":30,"time":1790818222597,"pid":1067,"hostname":"vm","msg":"  REPPO>WETH@AerodromeCL2/1 WETH>REPPO@UniswapV3/10000 in=2.102 REPPO gap=347.6bps profit=$0.001 net=$-0.003"}
{"level":30,"time":1790818222597,"pid":1067,"hostname":"vm","msg":"  REPPO>WETH@AerodromeCL2/1 WETH>REPPO@AerodromeCL2/200 in=2.102 REPPO gap=329.2bps profit=$0.001 net=$-0.003"}
{"level":30,"time":1790818222597,"pid":1067,"hostname":"vm","msg":"  WETH>Fren Pet@UniswapV2 Fren Pet>WETH@UniswapV3/3000 in=0.005287 WETH gap=8164bps profit=$10.873 net=$10.870"}
{"level":30,"time":1790818226762,"pid":1067,"hostname":"vm","block":52014438,"gross":253,"net":16,"sumNetUsd":86.958,"gasPriceGwei":0.006,"txCostUsd":0.004,"syncMs":1810,"searchMs":164,"msg":"block scanned"}
{"level":30,"time":1790818226762,"pid":1067,"hostname":"vm","msg":"  Fren Pet>WETH@UniswapV3/3000 WETH>Fren Pet@UniswapV2 in=2.374 Fren Pet gap=8164bps profit=$10.839 net=$10.836"}
{"level":30,"time":1790818226762,"pid":1067,"hostname":"vm","msg":"  Fren Pet>WETH@UniswapV3/3000 WETH>Fren Pet@BaseSwap in=2.373 Fren Pet gap=8153.6bps profit=$10.585 net=$10.582"}
{"level":30,"time":1790818226762,"pid":1067,"hostname":"vm","msg":"  REPPO>WETH@AerodromeCL2/1 WETH>REPPO@UniswapV3/10000 in=2.102 REPPO gap=347.6bps profit=$0.001 net=$-0.003"}
{"level":30,"time":1790818226762,"pid":1067,"hostname":"vm","msg":"  REPPO>WETH@AerodromeCL2/1 WETH>REPPO@AerodromeCL2/200 in=2.102 REPPO gap=329.2bps profit=$0.001 net=$-0.003"}
{"level":30,"time":1790818226762,"pid":1067,"hostname":"vm","msg":"  WETH>Fren Pet@UniswapV2 Fren Pet>WETH@UniswapV3/3000 in=0.005287 WETH gap=8164bps profit=$10.873 net=$10.870"}
{"level":30,"time":1790818230583,"pid":1067,"hostname":"vm","block":52014440,"gross":253,"net":16,"sumNetUsd":86.958,"gasPriceGwei":0.006,"txCostUsd":0.004,"syncMs":1571,"searchMs":155,"msg":"block scanned"}
{"level":30,"time":1790818230583,"pid":1067,"hostname":"vm","msg":"  Fren Pet>WETH@UniswapV3/3000 WETH>Fren Pet@UniswapV2 in=2.374 Fren Pet gap=8164bps profit=$10.839 net=$10.836"}
{"level":30,"time":1790818230583,"pid":1067,"hostname":"vm","msg":"  Fren Pet>WETH@UniswapV3/3000 WETH>Fren Pet@BaseSwap in=2.373 Fren Pet gap=8153.6bps profit=$10.585 net=$10.582"}
{"level":30,"time":1790818230583,"pid":1067,"hostname":"vm","msg":"  REPPO>WETH@AerodromeCL2/1 WETH>REPPO@UniswapV3/10000 in=2.102 REPPO gap=347.6bps profit=$0.001 net=$-0.003"}
{"level":30,"time":1790818230583,"pid":1067,"hostname":"vm","msg":"  REPPO>WETH@AerodromeCL2/1 WETH>REPPO@AerodromeCL2/200 in=2.102 REPPO gap=329.2bps profit=$0.001 net=$-0.003"}
{"level":30,"time":1790818230583,"pid":1067,"hostname":"vm","msg":"  WETH>Fren Pet@UniswapV2 Fren Pet>WETH@UniswapV3/3000 in=0.005287 WETH gap=8164bps profit=$10.873 net=$10.870"}
{"level":30,"time":1790818296213,"pid":1067,"hostname":"vm","block":52014442,"gross":239,"net":16,"sumNetUsd":86.964,"gasPriceGwei":0.006,"txCostUsd":0.004,"syncMs":62805,"searchMs":152,"msg":"block scanned"}
{"level":30,"time":1790818296213,"pid":1067,"hostname":"vm","msg":"  Fren Pet>WETH@UniswapV3/3000 WETH>Fren Pet@UniswapV2 in=2.374 Fren Pet gap=8164bps profit=$10.839 net=$10.836"}
{"level":30,"time":1790818296213,"pid":1067,"hostname":"vm","msg":"  Fren Pet>WETH@UniswapV3/3000 WETH>Fren Pet@BaseSwap in=2.373 Fren Pet gap=8153.6bps profit=$10.585 net=$10.582"}
{"level":30,"time":1790818296213,"pid":1067,"hostname":"vm","msg":"  REPPO>WETH@AerodromeCL2/1 WETH>REPPO@UniswapV3/10000 in=2.102 REPPO gap=347.6bps profit=$0.001 net=$-0.003"}
{"level":30,"time":1790818296213,"pid":1067,"hostname":"vm","msg":"  REPPO>WETH@AerodromeCL2/1 WETH>REPPO@AerodromeCL2/200 in=2.102 REPPO gap=329.2bps profit=$0.001 net=$-0.003"}
{"level":30,"time":1790818296213,"pid":1067,"hostname":"vm","msg":"  WETH>Fren Pet@UniswapV2 Fren Pet>WETH@UniswapV3/3000 in=0.005287 WETH gap=8164bps profit=$10.873 net=$10.870"}
{"level":30,"time":1790818300685,"pid":1067,"hostname":"vm","block":52014475,"gross":368,"net":19,"sumNetUsd":87.311,"gasPriceGwei":0.006,"txCostUsd":0.004,"syncMs":1161,"searchMs":230,"msg":"block scanned"}
{"level":30,"time":1790818300685,"pid":1067,"hostname":"vm","msg":"  Fren Pet>WETH@UniswapV3/3000 WETH>Fren Pet@UniswapV2 in=2.374 Fren Pet gap=8164bps profit=$10.839 net=$10.836"}
{"level":30,"time":1790818300685,"pid":1067,"hostname":"vm","msg":"  Fren Pet>WETH@UniswapV3/3000 WETH>Fren Pet@BaseSwap in=2.373 Fren Pet gap=8153.6bps profit=$10.585 net=$10.582"}
{"level":30,"time":1790818300685,"pid":1067,"hostname":"vm","msg":"  REPPO>WETH@AerodromeCL2/1 WETH>REPPO@UniswapV3/10000 in=2.102 REPPO gap=347.6bps profit=$0.001 net=$-0.003"}
{"level":30,"time":1790818300685,"pid":1067,"hostname":"vm","msg":"  REPPO>WETH@AerodromeCL2/1 WETH>REPPO@AerodromeCL2/200 in=2.102 REPPO gap=329.2bps profit=$0.001 net=$-0.003"}
{"level":30,"time":1790818300685,"pid":1067,"hostname":"vm","msg":"  WETH>Fren Pet@UniswapV2 Fren Pet>WETH@UniswapV3/3000 in=0.005287 WETH gap=8164bps profit=$10.873 net=$10.870"}
{"level":30,"time":1790818304470,"pid":1067,"hostname":"vm","block":52014477,"gross":350,"net":16,"sumNetUsd":87.3,"gasPriceGwei":0.006,"txCostUsd":0.004,"syncMs":2100,"searchMs":210,"msg":"block scanned"}
{"level":30,"time":1790818304470,"pid":1067,"hostname":"vm","msg":"  Fren Pet>WETH@UniswapV3/3000 WETH>Fren Pet@UniswapV2 in=2.374 Fren Pet gap=8164bps profit=$10.839 net=$10.836"}
{"level":30,"time":1790818304470,"pid":1067,"hostname":"vm","msg":"  Fren Pet>WETH@UniswapV3/3000 WETH>Fren Pet@BaseSwap in=2.373 Fren Pet gap=8153.6bps profit=$10.585 net=$10.582"}
{"level":30,"time":1790818304470,"pid":1067,"hostname":"vm","msg":"  REPPO>WETH@AerodromeCL2/1 WETH>REPPO@UniswapV3/10000 in=2.102 REPPO gap=347.6bps profit=$0.001 net=$-0.003"}
{"level":30,"time":1790818304470,"pid":1067,"hostname":"vm","msg":"  REPPO>WETH@AerodromeCL2/1 WETH>REPPO@AerodromeCL2/200 in=2.102 REPPO gap=329.2bps profit=$0.001 net=$-0.003"}
{"level":30,"time":1790818304470,"pid":1067,"hostname":"vm","msg":"  WETH>Fren Pet@UniswapV2 Fren Pet>WETH@UniswapV3/3000 in=0.005287 WETH gap=8164bps profit=$10.873 net=$10.870"}
{"level":30,"time":1790818308778,"pid":1067,"hostname":"vm","block":52014478,"gross":346,"net":16,"sumNetUsd":87.3,"gasPriceGwei":0.006,"txCostUsd":0.004,"syncMs":1838,"searchMs":257,"msg":"block scanned"}
{"level":30,"time":1790818308778,"pid":1067,"hostname":"vm","msg":"  Fren Pet>WETH@UniswapV3/3000 WETH>Fren Pet@UniswapV2 in=2.374 Fren Pet gap=8164bps profit=$10.839 net=$10.836"}
{"level":30,"time":1790818308778,"pid":1067,"hostname":"vm","msg":"  Fren Pet>WETH@UniswapV3/3000 WETH>Fren Pet@BaseSwap in=2.373 Fren Pet gap=8153.6bps profit=$10.585 net=$10.582"}
{"level":30,"time":1790818308778,"pid":1067,"hostname":"vm","msg":"  REPPO>WETH@AerodromeCL2/1 WETH>REPPO@UniswapV3/10000 in=2.102 REPPO gap=347.6bps profit=$0.001 net=$-0.003"}
{"level":30,"time":1790818308778,"pid":1067,"hostname":"vm","msg":"  REPPO>WETH@AerodromeCL2/1 WETH>REPPO@AerodromeCL2/200 in=2.102 REPPO gap=329.2bps profit=$0.001 net=$-0.003"}
{"level":30,"time":1790818308778,"pid":1067,"hostname":"vm","msg":"  WETH>Fren Pet@UniswapV2 Fren Pet>WETH@UniswapV3/3000 in=0.005287 WETH gap=8164bps profit=$10.873 net=$10.870"}
{"level":30,"time":1790818312880,"pid":1067,"hostname":"vm","block":52014481,"gross":325,"net":16,"sumNetUsd":87.257,"gasPriceGwei":0.006,"txCostUsd":0.004,"syncMs":1572,"searchMs":192,"msg":"block scanned"}
{"level":30,"time":1790818312880,"pid":1067,"hostname":"vm","msg":"  Fren Pet>WETH@UniswapV3/3000 WETH>Fren Pet@UniswapV2 in=2.374 Fren Pet gap=8164bps profit=$10.839 net=$10.836"}
{"level":30,"time":1790818312880,"pid":1067,"hostname":"vm","msg":"  Fren Pet>WETH@UniswapV3/3000 WETH>Fren Pet@BaseSwap in=2.373 Fren Pet gap=8153.6bps profit=$10.585 net=$10.582"}
{"level":30,"time":1790818312880,"pid":1067,"hostname":"vm","msg":"  REPPO>WETH@AerodromeCL2/1 WETH>REPPO@UniswapV3/10000 in=2.102 REPPO gap=347.6bps profit=$0.001 net=$-0.003"}
{"level":30,"time":1790818312880,"pid":1067,"hostname":"vm","msg":"  REPPO>WETH@AerodromeCL2/1 WETH>REPPO@AerodromeCL2/200 in=2.102 REPPO gap=329.2bps profit=$0.001 net=$-0.003"}
{"level":30,"time":1790818312880,"pid":1067,"hostname":"vm","msg":"  WETH>Fren Pet@UniswapV2 Fren Pet>WETH@UniswapV3/3000 in=0.005287 WETH gap=8164bps profit=$10.873 net=$10.870"}
{"level":30,"time":1790818316520,"pid":1067,"hostname":"vm","block":52014483,"gross":323,"net":16,"sumNetUsd":87.257,"gasPriceGwei":0.006,"txCostUsd":0.004,"syncMs":1264,"searchMs":195,"msg":"block scanned"}
{"level":30,"time":1790818316520,"pid":1067,"hostname":"vm","msg":"  Fren Pet>WETH@UniswapV3/3000 WETH>Fren Pet@UniswapV2 in=2.374 Fren Pet gap=8164bps profit=$10.839 net=$10.836"}
{"level":30,"time":1790818316520,"pid":1067,"hostname":"vm","msg":"  Fren Pet>WETH@UniswapV3/3000 WETH>Fren Pet@BaseSwap in=2.373 Fren Pet gap=8153.6bps profit=$10.585 net=$10.582"}
{"level":30,"time":1790818316520,"pid":1067,"hostname":"vm","msg":"  REPPO>WETH@AerodromeCL2/1 WETH>REPPO@UniswapV3/10000 in=2.102 REPPO gap=347.6bps profit=$0.001 net=$-0.003"}
{"level":30,"time":1790818316520,"pid":1067,"hostname":"vm","msg":"  REPPO>WETH@AerodromeCL2/1 WETH>REPPO@AerodromeCL2/200 in=2.102 REPPO gap=329.2bps profit=$0.001 net=$-0.003"}
{"level":30,"time":1790818316520,"pid":1067,"hostname":"vm","msg":"  WETH>Fren Pet@UniswapV2 Fren Pet>WETH@UniswapV3/3000 in=0.005287 WETH gap=8164bps profit=$10.873 net=$10.870"}
{"level":30,"time":1790818321799,"pid":1067,"hostname":"vm","block":52014485,"gross":324,"net":16,"sumNetUsd":87.245,"gasPriceGwei":0.006,"txCostUsd":0.004,"syncMs":1744,"searchMs":189,"msg":"block scanned"}
{"level":30,"time":1790818321799,"pid":1067,"hostname":"vm","msg":"  Fren Pet>WETH@UniswapV3/3000 WETH>Fren Pet@UniswapV2 in=2.374 Fren Pet gap=8164bps profit=$10.839 net=$10.836"}
{"level":30,"time":1790818321799,"pid":1067,"hostname":"vm","msg":"  Fren Pet>WETH@UniswapV3/3000 WETH>Fren Pet@BaseSwap in=2.373 Fren Pet gap=8153.6bps profit=$10.585 net=$10.582"}
{"level":30,"time":1790818321799,"pid":1067,"hostname":"vm","msg":"  REPPO>WETH@AerodromeCL2/1 WETH>REPPO@UniswapV3/10000 in=2.102 REPPO gap=347.6bps profit=$0.001 net=$-0.003"}
{"level":30,"time":1790818321799,"pid":1067,"hostname":"vm","msg":"  REPPO>WETH@AerodromeCL2/1 WETH>REPPO@AerodromeCL2/200 in=2.102 REPPO gap=329.2bps profit=$0.001 net=$-0.003"}
{"level":30,"time":1790818321799,"pid":1067,"hostname":"vm","msg":"  WETH>Fren Pet@UniswapV2 Fren Pet>WETH@UniswapV3/3000 in=0.005287 WETH gap=8164bps profit=$10.873 net=$10.870"}
{"level":30,"time":1790818325594,"pid":1067,"hostname":"vm","block":52014487,"gross":295,"net":16,"sumNetUsd":87.34,"gasPriceGwei":0.006,"txCostUsd":0.004,"syncMs":1807,"searchMs":158,"msg":"block scanned"}
{"level":30,"time":1790818325594,"pid":1067,"hostname":"vm","msg":"  Fren Pet>WETH@UniswapV3/3000 WETH>Fren Pet@UniswapV2 in=2.374 Fren Pet gap=8164bps profit=$10.839 net=$10.836"}
{"level":30,"time":1790818325594,"pid":1067,"hostname":"vm","msg":"  Fren Pet>WETH@UniswapV3/3000 WETH>Fren Pet@BaseSwap in=2.373 Fren Pet gap=8153.6bps profit=$10.585 net=$10.582"}
{"level":30,"time":1790818325594,"pid":1067,"hostname":"vm","msg":"  REPPO>WETH@AerodromeCL2/1 WETH>REPPO@UniswapV3/10000 in=2.102 REPPO gap=347.6bps profit=$0.001 net=$-0.003"}
{"level":30,"time":1790818325594,"pid":1067,"hostname":"vm","msg":"  REPPO>WETH@AerodromeCL2/1 WETH>REPPO@AerodromeCL2/200 in=2.102 REPPO gap=329.2bps profit=$0.001 net=$-0.003"}
{"level":30,"time":1790818325594,"pid":1067,"hostname":"vm","msg":"  WETH>Fren Pet@UniswapV2 Fren Pet>WETH@UniswapV3/3000 in=0.005287 WETH gap=8164bps profit=$10.873 net=$10.870"}
{"level":30,"time":1790818329500,"pid":1067,"hostname":"vm","block":52014489,"gross":296,"net":16,"sumNetUsd":87.34,"gasPriceGwei":0.006,"txCostUsd":0.004,"syncMs":2327,"searchMs":133,"msg":"block scanned"}
{"level":30,"time":1790818329501,"pid":1067,"hostname":"vm","msg":"  Fren Pet>WETH@UniswapV3/3000 WETH>Fren Pet@UniswapV2 in=2.374 Fren Pet gap=8163.9bps profit=$10.839 net=$10.836"}
{"level":30,"time":1790818329501,"pid":1067,"hostname":"vm","msg":"  Fren Pet>WETH@UniswapV3/3000 WETH>Fren Pet@BaseSwap in=2.373 Fren Pet gap=8153.6bps profit=$10.585 net=$10.582"}
{"level":30,"time":1790818329501,"pid":1067,"hostname":"vm","msg":"  REPPO>WETH@AerodromeCL2/1 WETH>REPPO@UniswapV3/10000 in=2.102 REPPO gap=347.6bps profit=$0.001 net=$-0.003"}
{"level":30,"time":1790818329501,"pid":1067,"hostname":"vm","msg":"  REPPO>WETH@AerodromeCL2/1 WETH>REPPO@AerodromeCL2/200 in=2.102 REPPO gap=329.2bps profit=$0.001 net=$-0.003"}
{"level":30,"time":1790818329501,"pid":1067,"hostname":"vm","msg":"  WETH>Fren Pet@UniswapV2 Fren Pet>WETH@UniswapV3/3000 in=0.005287 WETH gap=8163.9bps profit=$10.873 net=$10.870"}
{"level":30,"time":1790818334616,"pid":1067,"hostname":"vm","block":52014491,"gross":282,"net":16,"sumNetUsd":87.324,"gasPriceGwei":0.006,"txCostUsd":0.004,"syncMs":2072,"searchMs":158,"msg":"block scanned"}
{"level":30,"time":1790818334616,"pid":1067,"hostname":"vm","msg":"  Fren Pet>WETH@UniswapV3/3000 WETH>Fren Pet@UniswapV2 in=2.374 Fren Pet gap=8163.9bps profit=$10.839 net=$10.836"}
{"level":30,"time":1790818334616,"pid":1067,"hostname":"vm","msg":"  Fren Pet>WETH@UniswapV3/3000 WETH>Fren Pet@BaseSwap in=2.373 Fren Pet gap=8153.6bps profit=$10.585 net=$10.582"}
{"level":30,"time":1790818334616,"pid":1067,"hostname":"vm","msg":"  REPPO>WETH@AerodromeCL2/1 WETH>REPPO@UniswapV3/10000 in=2.102 REPPO gap=347.6bps profit=$0.001 net=$-0.003"}
{"level":30,"time":1790818334616,"pid":1067,"hostname":"vm","msg":"  REPPO>WETH@AerodromeCL2/1 WETH>REPPO@AerodromeCL2/200 in=2.102 REPPO gap=329.2bps profit=$0.001 net=$-0.003"}
{"level":30,"time":1790818334616,"pid":1067,"hostname":"vm","msg":"  WETH>Fren Pet@UniswapV2 Fren Pet>WETH@UniswapV3/3000 in=0.005287 WETH gap=8163.9bps profit=$10.873 net=$10.870"}
{"level":30,"time":1790818338488,"pid":1067,"hostname":"vm","block":52014494,"gross":325,"net":47,"sumNetUsd":141.369,"gasPriceGwei":0.006,"txCostUsd":0.004,"syncMs":1960,"searchMs":175,"msg":"block scanned"}
{"level":30,"time":1790818338488,"pid":1067,"hostname":"vm","msg":"  Fren Pet>WETH@UniswapV3/3000 WETH>Fren Pet@UniswapV2 in=2.374 Fren Pet gap=8163.9bps profit=$10.839 net=$10.836"}
{"level":30,"time":1790818338488,"pid":1067,"hostname":"vm","msg":"  Fren Pet>WETH@UniswapV3/3000 WETH>Fren Pet@BaseSwap in=2.373 Fren Pet gap=8153.6bps profit=$10.585 net=$10.582"}
{"level":30,"time":1790818338488,"pid":1067,"hostname":"vm","msg":"  REPPO>WETH@AerodromeCL2/1 WETH>REPPO@UniswapV3/10000 in=2.102 REPPO gap=347.6bps profit=$0.001 net=$-0.003"}
{"level":30,"time":1790818338488,"pid":1067,"hostname":"vm","msg":"  REPPO>WETH@AerodromeCL2/1 WETH>REPPO@AerodromeCL2/200 in=2.102 REPPO gap=329.2bps profit=$0.001 net=$-0.003"}
{"level":30,"time":1790818338488,"pid":1067,"hostname":"vm","msg":"  WETH>USDC@PancakeV3/100 USDC>AERO@AerodromeCL/100 AERO>WETH@PancakeV3/500 in=1.098 WETH gap=90.9bps profit=$12.864 net=$12.859"}
{"level":30,"time":1790818343665,"pid":1067,"hostname":"vm","block":52014496,"gross":281,"net":20,"sumNetUsd":87.311,"gasPriceGwei":0.006,"txCostUsd":0.004,"syncMs":2937,"searchMs":133,"msg":"block scanned"}
{"level":30,"time":1790818343665,"pid":1067,"hostname":"vm","msg":"  Fren Pet>WETH@UniswapV3/3000 WETH>Fren Pet@UniswapV2 in=2.374 Fren Pet gap=8163.9bps profit=$10.839 net=$10.836"}
{"level":30,"time":1790818343665,"pid":1067,"hostname":"vm","msg":"  Fren Pet>WETH@UniswapV3/3000 WETH>Fren Pet@BaseSwap in=2.373 Fren Pet gap=8153.6bps profit=$10.585 net=$10.582"}
{"level":30,"time":1790818343665,"pid":1067,"hostname":"vm","msg":"  REPPO>WETH@AerodromeCL2/1 WETH>REPPO@AerodromeCL2/200 in=2.102 REPPO gap=350.2bps profit=$0.001 net=$-0.002"}
{"level":30,"time":1790818343665,"pid":1067,"hostname":"vm","msg":"  REPPO>WETH@AerodromeCL2/1 WETH>REPPO@UniswapV3/10000 in=2.102 REPPO gap=347.6bps profit=$0.001 net=$-0.003"}
{"level":30,"time":1790818343665,"pid":1067,"hostname":"vm","msg":"  WETH>Fren Pet@UniswapV2 Fren Pet>WETH@UniswapV3/3000 in=0.005287 WETH gap=8163.9bps profit=$10.873 net=$10.870"}
{"level":30,"time":1790818347454,"pid":1067,"hostname":"vm","block":52014498,"gross":276,"net":17,"sumNetUsd":87.304,"gasPriceGwei":0.006,"txCostUsd":0.004,"syncMs":2244,"searchMs":156,"msg":"block scanned"}
{"level":30,"time":1790818347454,"pid":1067,"hostname":"vm","msg":"  Fren Pet>WETH@UniswapV3/3000 WETH>Fren Pet@UniswapV2 in=2.374 Fren Pet gap=8163.9bps profit=$10.839 net=$10.836"}
{"level":30,"time":1790818347454,"pid":1067,"hostname":"vm","msg":"  Fren Pet>WETH@UniswapV3/3000 WETH>Fren Pet@BaseSwap in=2.373 Fren Pet gap=8153.6bps profit=$10.585 net=$10.582"}
{"level":30,"time":1790818347454,"pid":1067,"hostname":"vm","msg":"  REPPO>WETH@AerodromeCL2/1 WETH>REPPO@AerodromeCL2/200 in=2.102 REPPO gap=350.2bps profit=$0.001 net=$-0.002"}
{"level":30,"time":1790818347454,"pid":1067,"hostname":"vm","msg":"  REPPO>WETH@AerodromeCL2/1 WETH>REPPO@UniswapV3/10000 in=2.102 REPPO gap=347.6bps profit=$0.001 net=$-0.003"}
{"level":30,"time":1790818347454,"pid":1067,"hostname":"vm","msg":"  WETH>Fren Pet@UniswapV2 Fren Pet>WETH@UniswapV3/3000 in=0.005287 WETH gap=8163.9bps profit=$10.873 net=$10.870"}
{"level":30,"time":1790818351414,"pid":1067,"hostname":"vm","block":52014500,"gross":316,"net":17,"sumNetUsd":86.11,"gasPriceGwei":0.006,"txCostUsd":0.004,"syncMs":1641,"searchMs":152,"msg":"block scanned"}
{"level":30,"time":1790818351414,"pid":1067,"hostname":"vm","msg":"  Fren Pet>WETH@UniswapV3/3000 WETH>Fren Pet@UniswapV2 in=2.374 Fren Pet gap=8163.9bps profit=$10.839 net=$10.836"}
{"level":30,"time":1790818351414,"pid":1067,"hostname":"vm","msg":"  Fren Pet>WETH@UniswapV3/3000 WETH>Fren Pet@BaseSwap in=2.373 Fren Pet gap=8153.6bps profit=$10.585 net=$10.582"}
{"level":30,"time":1790818351414,"pid":1067,"hostname":"vm","msg":"  KEYCAT>WETH@UniswapV3/10000 WETH>KEYCAT@UniswapV2 in=1748 KEYCAT gap=143.5bps profit=$0.001 net=$-0.002"}
{"level":30,"time":1790818351414,"pid":1067,"hostname":"vm","msg":"  REPPO>WETH@AerodromeCL2/1 WETH>REPPO@UniswapV3/10000 in=2.102 REPPO gap=347.6bps profit=$0.001 net=$-0.003"}
{"level":30,"time":1790818351414,"pid":1067,"hostname":"vm","msg":"  REPPO>WETH@AerodromeCL2/1 WETH>REPPO@AerodromeCL2/200 in=2.102 REPPO gap=329.2bps profit=$0.001 net=$-0.003"}
{"level":30,"time":1790818355688,"pid":1067,"hostname":"vm","block":52014502,"gross":277,"net":17,"sumNetUsd":87.296,"gasPriceGwei":0.006,"txCostUsd":0.004,"syncMs":1881,"searchMs":174,"msg":"block scanned"}
{"level":30,"time":1790818355689,"pid":1067,"hostname":"vm","msg":"  Fren Pet>WETH@UniswapV3/3000 WETH>Fren Pet@UniswapV2 in=2.374 Fren Pet gap=8163.9bps profit=$10.839 net=$10.836"}
{"level":30,"time":1790818355689,"pid":1067,"hostname":"vm","msg":"  Fren Pet>WETH@UniswapV3/3000 WETH>Fren Pet@BaseSwap in=2.373 Fren Pet gap=8153.6bps profit=$10.585 net=$10.582"}
{"level":30,"time":1790818355689,"pid":1067,"hostname":"vm","msg":"  REPPO>WETH@AerodromeCL2/1 WETH>REPPO@AerodromeCL2/200 in=2.102 REPPO gap=350.2bps profit=$0.001 net=$-0.002"}
{"level":30,"time":1790818355689,"pid":1067,"hostname":"vm","msg":"  REPPO>WETH@AerodromeCL2/1 WETH>REPPO@UniswapV3/10000 in=2.102 REPPO gap=347.6bps profit=$0.001 net=$-0.003"}
{"level":30,"time":1790818355689,"pid":1067,"hostname":"vm","msg":"  WETH>Fren Pet@UniswapV2 Fren Pet>WETH@UniswapV3/3000 in=0.005287 WETH gap=8163.9bps profit=$10.873 net=$10.870"}
{"level":30,"time":1790818441816,"pid":1067,"hostname":"vm","block":52014504,"gross":245,"net":17,"sumNetUsd":87.204,"gasPriceGwei":0.006,"txCostUsd":0.004,"syncMs":83126,"searchMs":175,"msg":"block scanned"}
{"level":30,"time":1790818441816,"pid":1067,"hostname":"vm","msg":"  Fren Pet>WETH@UniswapV3/3000 WETH>Fren Pet@UniswapV2 in=2.374 Fren Pet gap=8163.9bps profit=$10.839 net=$10.836"}
{"level":30,"time":1790818441816,"pid":1067,"hostname":"vm","msg":"  Fren Pet>WETH@UniswapV3/3000 WETH>Fren Pet@BaseSwap in=2.373 Fren Pet gap=8153.6bps profit=$10.585 net=$10.582"}
{"level":30,"time":1790818441816,"pid":1067,"hostname":"vm","msg":"  REPPO>WETH@AerodromeCL2/1 WETH>REPPO@AerodromeCL2/200 in=2.102 REPPO gap=350.2bps profit=$0.001 net=$-0.002"}
{"level":30,"time":1790818441816,"pid":1067,"hostname":"vm","msg":"  REPPO>WETH@AerodromeCL2/1 WETH>REPPO@UniswapV3/10000 in=2.102 REPPO gap=347.6bps profit=$0.001 net=$-0.003"}
{"level":30,"time":1790818441816,"pid":1067,"hostname":"vm","msg":"  WETH>Fren Pet@UniswapV2 Fren Pet>WETH@UniswapV3/3000 in=0.005287 WETH gap=8163.9bps profit=$10.873 net=$10.870"}
{"level":30,"time":1790818446959,"pid":1067,"hostname":"vm","block":52014547,"gross":208,"net":16,"sumNetUsd":87.168,"gasPriceGwei":0.006,"txCostUsd":0.004,"syncMs":2731,"searchMs":134,"msg":"block scanned"}
{"level":30,"time":1790818446959,"pid":1067,"hostname":"vm","msg":"  Fren Pet>WETH@UniswapV3/3000 WETH>Fren Pet@UniswapV2 in=2.374 Fren Pet gap=8159bps profit=$10.835 net=$10.832"}
{"level":30,"time":1790818446959,"pid":1067,"hostname":"vm","msg":"  Fren Pet>WETH@UniswapV3/3000 WETH>Fren Pet@BaseSwap in=2.373 Fren Pet gap=8153.6bps profit=$10.588 net=$10.585"}
{"level":30,"time":1790818446959,"pid":1067,"hostname":"vm","msg":"  REPPO>WETH@AerodromeCL2/1 WETH>REPPO@AerodromeCL2/200 in=2.102 REPPO gap=350.2bps profit=$0.001 net=$-0.002"}
{"level":30,"time":1790818446959,"pid":1067,"hostname":"vm","msg":"  REPPO>WETH@AerodromeCL2/1 WETH>REPPO@UniswapV3/10000 in=2.102 REPPO gap=347.6bps profit=$0.001 net=$-0.003"}
{"level":30,"time":1790818446959,"pid":1067,"hostname":"vm","msg":"  WETH>Fren Pet@UniswapV2 Fren Pet>WETH@UniswapV3/3000 in=0.005288 WETH gap=8159bps profit=$10.869 net=$10.866"}
{"level":30,"time":1790818450709,"pid":1067,"hostname":"vm","block":52014550,"gross":209,"net":16,"sumNetUsd":87.155,"gasPriceGwei":0.006,"txCostUsd":0.004,"syncMs":2284,"searchMs":148,"msg":"block scanned"}
{"level":30,"time":1790818450709,"pid":1067,"hostname":"vm","msg":"  Fren Pet>WETH@UniswapV3/3000 WETH>Fren Pet@UniswapV2 in=2.374 Fren Pet gap=8158.2bps profit=$10.835 net=$10.832"}
{"level":30,"time":1790818450709,"pid":1067,"hostname":"vm","msg":"  Fren Pet>WETH@UniswapV3/3000 WETH>Fren Pet@BaseSwap in=2.373 Fren Pet gap=8153.6bps profit=$10.588 net=$10.585"}
{"level":30,"time":1790818450709,"pid":1067,"hostname":"vm","msg":"  REPPO>WETH@AerodromeCL2/1 WETH>REPPO@AerodromeCL2/200 in=2.102 REPPO gap=350.2bps profit=$0.001 net=$-0.002"}
{"level":30,"time":1790818450709,"pid":1067,"hostname":"vm","msg":"  REPPO>WETH@AerodromeCL2/1 WETH>REPPO@UniswapV3/10000 in=2.102 REPPO gap=347.6bps profit=$0.001 net=$-0.003"}
{"level":30,"time":1790818450709,"pid":1067,"hostname":"vm","msg":"  WETH>Fren Pet@UniswapV2 Fren Pet>WETH@UniswapV3/3000 in=0.005288 WETH gap=8158.2bps profit=$10.868 net=$10.865"}
{"level":30,"time":1790818455903,"pid":1067,"hostname":"vm","block":52014552,"gross":213,"net":16,"sumNetUsd":87.158,"gasPriceGwei":0.006,"txCostUsd":0.004,"syncMs":2878,"searchMs":140,"msg":"block scanned"}
{"level":30,"time":1790818455904,"pid":1067,"hostname":"vm","msg":"  Fren Pet>WETH@UniswapV3/3000 WETH>Fren Pet@UniswapV2 in=2.374 Fren Pet gap=8157.9bps profit=$10.834 net=$10.831"}
{"level":30,"time":1790818455904,"pid":1067,"hostname":"vm","msg":"  Fren Pet>WETH@UniswapV3/3000 WETH>Fren Pet@BaseSwap in=2.373 Fren Pet gap=8153.6bps profit=$10.588 net=$10.585"}
{"level":30,"time":1790818455904,"pid":1067,"hostname":"vm","msg":"  REPPO>WETH@AerodromeCL2/1 WETH>REPPO@AerodromeCL2/200 in=2.102 REPPO gap=350.2bps profit=$0.001 net=$-0.002"}
{"level":30,"time":1790818455904,"pid":1067,"hostname":"vm","msg":"  REPPO>WETH@AerodromeCL2/1 WETH>REPPO@UniswapV3/10000 in=2.102 REPPO gap=347.6bps profit=$0.001 net=$-0.003"}
{"level":30,"time":1790818455904,"pid":1067,"hostname":"vm","msg":"  WETH>Fren Pet@UniswapV2 Fren Pet>WETH@UniswapV3/3000 in=0.005288 WETH gap=8157.9bps profit=$10.868 net=$10.865"}
{"level":30,"time":1790818459624,"pid":1067,"hostname":"vm","block":52014554,"gross":217,"net":16,"sumNetUsd":87.156,"gasPriceGwei":0.006,"txCostUsd":0.004,"syncMs":1895,"searchMs":141,"msg":"block scanned"}
{"level":30,"time":1790818459624,"pid":1067,"hostname":"vm","msg":"  Fren Pet>WETH@UniswapV3/3000 WETH>Fren Pet@UniswapV2 in=2.374 Fren Pet gap=8157.6bps profit=$10.834 net=$10.831"}
{"level":30,"time":1790818459624,"pid":1067,"hostname":"vm","msg":"  Fren Pet>WETH@UniswapV3/3000 WETH>Fren Pet@BaseSwap in=2.373 Fren Pet gap=8153.6bps profit=$10.588 net=$10.586"}
{"level":30,"time":1790818459624,"pid":1067,"hostname":"vm","msg":"  REPPO>WETH@AerodromeCL2/1 WETH>REPPO@AerodromeCL2/200 in=2.102 REPPO gap=350.2bps profit=$0.001 net=$-0.002"}
{"level":30,"time":1790818459624,"pid":1067,"hostname":"vm","msg":"  REPPO>WETH@AerodromeCL2/1 WETH>REPPO@UniswapV3/10000 in=2.102 REPPO gap=347.6bps profit=$0.001 net=$-0.003"}
{"level":30,"time":1790818459624,"pid":1067,"hostname":"vm","msg":"  WETH>Fren Pet@UniswapV2 Fren Pet>WETH@UniswapV3/3000 in=0.005288 WETH gap=8157.6bps profit=$10.868 net=$10.865"}
{"level":30,"time":1790818463672,"pid":1067,"hostname":"vm","block":52014556,"gross":218,"net":16,"sumNetUsd":87.132,"gasPriceGwei":0.006,"txCostUsd":0.004,"syncMs":2289,"searchMs":143,"msg":"block scanned"}
{"level":30,"time":1790818463672,"pid":1067,"hostname":"vm","msg":"  Fren Pet>WETH@UniswapV3/3000 WETH>Fren Pet@UniswapV2 in=2.374 Fren Pet gap=8157.3bps profit=$10.834 net=$10.831"}
{"level":30,"time":1790818463672,"pid":1067,"hostname":"vm","msg":"  Fren Pet>WETH@UniswapV3/3000 WETH>Fren Pet@BaseSwap in=2.373 Fren Pet gap=8153.6bps profit=$10.589 net=$10.586"}
{"level":30,"time":1790818463672,"pid":1067,"hostname":"vm","msg":"  REPPO>WETH@AerodromeCL2/1 WETH>REPPO@AerodromeCL2/200 in=2.102 REPPO gap=350.2bps profit=$0.001 net=$-0.002"}
{"level":30,"time":1790818463672,"pid":1067,"hostname":"vm","msg":"  REPPO>WETH@AerodromeCL2/1 WETH>REPPO@UniswapV3/10000 in=2.102 REPPO gap=347.6bps profit=$0.001 net=$-0.003"}
{"level":30,"time":1790818463672,"pid":1067,"hostname":"vm","msg":"  WETH>Fren Pet@UniswapV2 Fren Pet>WETH@UniswapV3/3000 in=0.005289 WETH gap=8157.3bps profit=$10.867 net=$10.865"}
{"level":30,"time":1790818468666,"pid":1067,"hostname":"vm","block":52014558,"gross":228,"net":16,"sumNetUsd":87.133,"gasPriceGwei":0.006,"txCostUsd":0.004,"syncMs":2489,"searchMs":154,"msg":"block scanned"}
{"level":30,"time":1790818468666,"pid":1067,"hostname":"vm","msg":"  Fren Pet>WETH@UniswapV3/3000 WETH>Fren Pet@UniswapV2 in=2.374 Fren Pet gap=8157.1bps profit=$10.834 net=$10.831"}
{"level":30,"time":1790818468666,"pid":1067,"hostname":"vm","msg":"  Fren Pet>WETH@UniswapV3/3000 WETH>Fren Pet@BaseSwap in=2.373 Fren Pet gap=8153.6bps profit=$10.589 net=$10.586"}
{"level":30,"time":1790818468666,"pid":1067,"hostname":"vm","msg":"  REPPO>WETH@AerodromeCL2/1 WETH>REPPO@AerodromeCL2/200 in=2.102 REPPO gap=350.2bps profit=$0.001 net=$-0.002"}
{"level":30,"time":1790818468666,"pid":1067,"hostname":"vm","msg":"  REPPO>WETH@AerodromeCL2/1 WETH>REPPO@UniswapV3/10000 in=2.102 REPPO gap=347.6bps profit=$0.001 net=$-0.003"}
{"level":30,"time":1790818468666,"pid":1067,"hostname":"vm","msg":"  WETH>Fren Pet@UniswapV2 Fren Pet>WETH@UniswapV3/3000 in=0.005289 WETH gap=8157.1bps profit=$10.867 net=$10.864"}
{"level":30,"time":1790818473562,"pid":1067,"hostname":"vm","block":52014561,"gross":251,"net":18,"sumNetUsd":87.135,"gasPriceGwei":0.006,"txCostUsd":0.004,"syncMs":3032,"searchMs":158,"msg":"block scanned"}
{"level":30,"time":1790818473562,"pid":1067,"hostname":"vm","msg":"  Fren Pet>WETH@UniswapV3/3000 WETH>Fren Pet@UniswapV2 in=2.374 Fren Pet gap=8156.9bps profit=$10.833 net=$10.831"}
{"level":30,"time":1790818473562,"pid":1067,"hostname":"vm","msg":"  Fren Pet>WETH@UniswapV3/3000 WETH>Fren Pet@BaseSwap in=2.373 Fren Pet gap=8153.6bps profit=$10.589 net=$10.586"}
{"level":30,"time":1790818473562,"pid":1067,"hostname":"vm","msg":"  REPPO>WETH@AerodromeCL2/1 WETH>REPPO@AerodromeCL2/200 in=2.102 REPPO gap=350.2bps profit=$0.001 net=$-0.002"}
{"level":30,"time":1790818473562,"pid":1067,"hostname":"vm","msg":"  REPPO>WETH@AerodromeCL2/1 WETH>REPPO@UniswapV3/10000 in=2.102 REPPO gap=347.6bps profit=$0.001 net=$-0.003"}
{"level":30,"time":1790818473562,"pid":1067,"hostname":"vm","msg":"  WETH>Fren Pet@UniswapV2 Fren Pet>WETH@UniswapV3/3000 in=0.005289 WETH gap=8156.9bps profit=$10.867 net=$10.864"}
{"level":30,"time":1790818477473,"pid":1067,"hostname":"vm","block":52014563,"gross":316,"net":17,"sumNetUsd":86.065,"gasPriceGwei":0.006,"txCostUsd":0.004,"syncMs":2188,"searchMs":192,"msg":"block scanned"}
{"level":30,"time":1790818477473,"pid":1067,"hostname":"vm","msg":"  Fren Pet>WETH@UniswapV3/3000 WETH>Fren Pet@UniswapV2 in=2.374 Fren Pet gap=8156.9bps profit=$10.833 net=$10.831"}
{"level":30,"time":1790818477473,"pid":1067,"hostname":"vm","msg":"  Fren Pet>WETH@UniswapV3/3000 WETH>Fren Pet@BaseSwap in=2.373 Fren Pet gap=8153.6bps profit=$10.589 net=$10.586"}
{"level":30,"time":1790818477473,"pid":1067,"hostname":"vm","msg":"  REPPO>WETH@AerodromeCL2/1 WETH>REPPO@AerodromeCL2/200 in=2.102 REPPO gap=350.2bps profit=$0.001 net=$-0.002"}
{"level":30,"time":1790818477473,"pid":1067,"hostname":"vm","msg":"  REPPO>WETH@AerodromeCL2/1 WETH>REPPO@UniswapV3/10000 in=2.102 REPPO gap=347.6bps profit=$0.001 net=$-0.003"}
{"level":30,"time":1790818477473,"pid":1067,"hostname":"vm","msg":"  WETH>Fren Pet@UniswapV2 Fren Pet>WETH@UniswapV3/3000 in=0.005289 WETH gap=8156.9bps profit=$10.867 net=$10.864"}
{"level":30,"time":1790818480529,"pid":1067,"hostname":"vm","block":52014565,"gross":251,"net":18,"sumNetUsd":87.134,"gasPriceGwei":0.006,"txCostUsd":0.004,"syncMs":1576,"searchMs":136,"msg":"block scanned"}
{"level":30,"time":1790818480529,"pid":1067,"hostname":"vm","msg":"  Fren Pet>WETH@UniswapV3/3000 WETH>Fren Pet@UniswapV2 in=2.374 Fren Pet gap=8156.9bps profit=$10.833 net=$10.831"}
{"level":30,"time":1790818480529,"pid":1067,"hostname":"vm","msg":"  Fren Pet>WETH@UniswapV3/3000 WETH>Fren Pet@BaseSwap in=2.373 Fren Pet gap=8153.6bps profit=$10.589 net=$10.586"}
{"level":30,"time":1790818480529,"pid":1067,"hostname":"vm","msg":"  REPPO>WETH@AerodromeCL2/1 WETH>REPPO@AerodromeCL2/200 in=2.102 REPPO gap=350.2bps profit=$0.001 net=$-0.002"}
{"level":30,"time":1790818480529,"pid":1067,"hostname":"vm","msg":"  REPPO>WETH@AerodromeCL2/1 WETH>REPPO@UniswapV3/10000 in=2.102 REPPO gap=347.6bps profit=$0.001 net=$-0.003"}
{"level":30,"time":1790818480529,"pid":1067,"hostname":"vm","msg":"  WETH>Fren Pet@UniswapV2 Fren Pet>WETH@UniswapV3/3000 in=0.005289 WETH gap=8156.9bps profit=$10.867 net=$10.864"}
{"level":30,"time":1790818485728,"pid":1067,"hostname":"vm","block":52014567,"gross":314,"net":17,"sumNetUsd":86.76,"gasPriceGwei":0.006,"txCostUsd":0.004,"syncMs":2580,"searchMs":177,"msg":"block scanned"}
{"level":30,"time":1790818485728,"pid":1067,"hostname":"vm","msg":"  Fren Pet>WETH@UniswapV3/3000 WETH>Fren Pet@UniswapV2 in=2.374 Fren Pet gap=8189.6bps profit=$10.859 net=$10.856"}
{"level":30,"time":1790818485728,"pid":1067,"hostname":"vm","msg":"  Fren Pet>WETH@UniswapV3/3000 WETH>Fren Pet@BaseSwap in=2.373 Fren Pet gap=8235.4bps profit=$10.680 net=$10.678"}
{"level":30,"time":1790818485728,"pid":1067,"hostname":"vm","msg":"  KEYCAT>WETH@UniswapV3/10000 WETH>KEYCAT@UniswapV2 in=1748 KEYCAT gap=143.5bps profit=$0.001 net=$-0.002"}
{"level":30,"time":1790818485728,"pid":1067,"hostname":"vm","msg":"  REPPO>WETH@AerodromeCL2/1 WETH>REPPO@UniswapV3/10000 in=2.102 REPPO gap=347.6bps profit=$0.001 net=$-0.003"}
{"level":30,"time":1790818485728,"pid":1067,"hostname":"vm","msg":"  REPPO>WETH@AerodromeCL2/1 WETH>REPPO@AerodromeCL2/200 in=2.102 REPPO gap=329.2bps profit=$0.001 net=$-0.003"}
{"level":30,"time":1790818491652,"pid":1067,"hostname":"vm","block":52014569,"gross":239,"net":18,"sumNetUsd":87.133,"gasPriceGwei":0.006,"txCostUsd":0.004,"syncMs":3047,"searchMs":164,"msg":"block scanned"}
{"level":30,"time":1790818491652,"pid":1067,"hostname":"vm","msg":"  Fren Pet>WETH@UniswapV3/3000 WETH>Fren Pet@UniswapV2 in=2.374 Fren Pet gap=8156.9bps profit=$10.833 net=$10.831"}
{"level":30,"time":1790818491652,"pid":1067,"hostname":"vm","msg":"  Fren Pet>WETH@UniswapV3/3000 WETH>Fren Pet@BaseSwap in=2.373 Fren Pet gap=8153.6bps profit=$10.589 net=$10.586"}
{"level":30,"time":1790818491652,"pid":1067,"hostname":"vm","msg":"  REPPO>WETH@AerodromeCL2/1 WETH>REPPO@AerodromeCL2/200 in=2.102 REPPO gap=350.2bps profit=$0.001 net=$-0.002"}
{"level":30,"time":1790818491652,"pid":1067,"hostname":"vm","msg":"  REPPO>WETH@AerodromeCL2/1 WETH>REPPO@UniswapV3/10000 in=2.102 REPPO gap=347.6bps profit=$0.001 net=$-0.003"}
{"level":30,"time":1790818491652,"pid":1067,"hostname":"vm","msg":"  WETH>Fren Pet@UniswapV2 Fren Pet>WETH@UniswapV3/3000 in=0.005289 WETH gap=8156.9bps profit=$10.867 net=$10.864"}
{"level":30,"time":1790818496529,"pid":1067,"hostname":"vm","block":52014572,"gross":259,"net":18,"sumNetUsd":87.136,"gasPriceGwei":0.006,"txCostUsd":0.004,"syncMs":2624,"searchMs":139,"msg":"block scanned"}
{"level":30,"time":1790818496529,"pid":1067,"hostname":"vm","msg":"  Fren Pet>WETH@UniswapV3/3000 WETH>Fren Pet@UniswapV2 in=2.374 Fren Pet gap=8156.9bps profit=$10.833 net=$10.831"}
{"level":30,"time":1790818496529,"pid":1067,"hostname":"vm","msg":"  Fren Pet>WETH@UniswapV3/3000 WETH>Fren Pet@BaseSwap in=2.373 Fren Pet gap=8153.6bps profit=$10.589 net=$10.586"}
{"level":30,"time":1790818496529,"pid":1067,"hostname":"vm","msg":"  REPPO>WETH@AerodromeCL2/1 WETH>REPPO@AerodromeCL2/200 in=2.102 REPPO gap=350.2bps profit=$0.001 net=$-0.002"}
{"level":30,"time":1790818496529,"pid":1067,"hostname":"vm","msg":"  REPPO>WETH@AerodromeCL2/1 WETH>REPPO@UniswapV3/10000 in=2.102 REPPO gap=347.6bps profit=$0.001 net=$-0.003"}
{"level":30,"time":1790818496529,"pid":1067,"hostname":"vm","msg":"  WETH>Fren Pet@UniswapV2 Fren Pet>WETH@UniswapV3/3000 in=0.005289 WETH gap=8156.9bps profit=$10.867 net=$10.864"}
{"level":30,"time":1790818500502,"pid":1067,"hostname":"vm","block":52014575,"gross":261,"net":18,"sumNetUsd":85.619,"gasPriceGwei":0.006,"txCostUsd":0.004,"syncMs":2239,"searchMs":165,"msg":"block scanned"}
{"level":30,"time":1790818500502,"pid":1067,"hostname":"vm","msg":"  Fren Pet>WETH@UniswapV3/3000 WETH>Fren Pet@UniswapV2 in=2.373 Fren Pet gap=8092bps profit=$10.783 net=$10.780"}
{"level":30,"time":1790818500502,"pid":1067,"hostname":"vm","msg":"  Fren Pet>WETH@UniswapV3/3000 WETH>Fren Pet@BaseSwap in=2.373 Fren Pet gap=8153.6bps profit=$10.627 net=$10.624"}
{"level":30,"time":1790818500502,"pid":1067,"hostname":"vm","msg":"  REPPO>WETH@AerodromeCL2/1 WETH>REPPO@AerodromeCL2/200 in=2.102 REPPO gap=350.2bps profit=$0.001 net=$-0.002"}
{"level":30,"time":1790818500502,"pid":1067,"hostname":"vm","msg":"  REPPO>WETH@AerodromeCL2/1 WETH>REPPO@UniswapV3/10000 in=2.102 REPPO gap=347.6bps profit=$0.001 net=$-0.003"}
{"level":30,"time":1790818500502,"pid":1067,"hostname":"vm","msg":"  WETH>Fren Pet@UniswapV2 Fren Pet>WETH@UniswapV3/3000 in=0.005308 WETH gap=8092bps profit=$10.816 net=$10.813"}
{"level":30,"time":1790818504534,"pid":1067,"hostname":"vm","block":52014577,"gross":246,"net":16,"sumNetUsd":85.612,"gasPriceGwei":0.006,"txCostUsd":0.004,"syncMs":1760,"searchMs":178,"msg":"block scanned"}
{"level":30,"time":1790818504534,"pid":1067,"hostname":"vm","msg":"  Fren Pet>WETH@UniswapV3/3000 WETH>Fren Pet@UniswapV2 in=2.373 Fren Pet gap=8092bps profit=$10.783 net=$10.780"}
{"level":30,"time":1790818504534,"pid":1067,"hostname":"vm","msg":"  Fren Pet>WETH@UniswapV3/3000 WETH>Fren Pet@BaseSwap in=2.373 Fren Pet gap=8153.6bps profit=$10.627 net=$10.624"}
{"level":30,"time":1790818504534,"pid":1067,"hostname":"vm","msg":"  REPPO>WETH@AerodromeCL2/1 WETH>REPPO@AerodromeCL2/200 in=2.102 REPPO gap=350.2bps profit=$0.001 net=$-0.002"}
{"level":30,"time":1790818504534,"pid":1067,"hostname":"vm","msg":"  REPPO>WETH@AerodromeCL2/1 WETH>REPPO@UniswapV3/10000 in=2.102 REPPO gap=347.6bps profit=$0.001 net=$-0.003"}
{"level":30,"time":1790818504534,"pid":1067,"hostname":"vm","msg":"  WETH>Fren Pet@UniswapV2 Fren Pet>WETH@UniswapV3/3000 in=0.005308 WETH gap=8092bps profit=$10.816 net=$10.813"}
{"level":30,"time":1790818580555,"pid":1067,"hostname":"vm","block":52014579,"gross":253,"net":16,"sumNetUsd":85.118,"gasPriceGwei":0.006,"txCostUsd":0.004,"syncMs":73554,"searchMs":164,"msg":"block scanned"}
{"level":30,"time":1790818580555,"pid":1067,"hostname":"vm","msg":"  Fren Pet>WETH@UniswapV3/3000 WETH>Fren Pet@UniswapV2 in=2.373 Fren Pet gap=8092bps profit=$10.783 net=$10.780"}
{"level":30,"time":1790818580555,"pid":1067,"hostname":"vm","msg":"  Fren Pet>WETH@UniswapV3/3000 WETH>Fren Pet@BaseSwap in=2.373 Fren Pet gap=8153.6bps profit=$10.627 net=$10.624"}
{"level":30,"time":1790818580555,"pid":1067,"hostname":"vm","msg":"  REPPO>WETH@AerodromeCL2/1 WETH>REPPO@AerodromeCL2/200 in=2.102 REPPO gap=350.2bps profit=$0.001 net=$-0.002"}
{"level":30,"time":1790818580555,"pid":1067,"hostname":"vm","msg":"  REPPO>WETH@AerodromeCL2/1 WETH>REPPO@UniswapV3/10000 in=2.102 REPPO gap=347.6bps profit=$0.001 net=$-0.003"}
{"level":30,"time":1790818580555,"pid":1067,"hostname":"vm","msg":"  WETH>Fren Pet@UniswapV2 Fren Pet>WETH@UniswapV3/3000 in=0.005308 WETH gap=8092bps profit=$10.816 net=$10.813"}
{"level":30,"time":1790818584599,"pid":1067,"hostname":"vm","block":52014617,"gross":245,"net":16,"sumNetUsd":85.724,"gasPriceGwei":0.006,"txCostUsd":0.004,"syncMs":2240,"searchMs":150,"msg":"block scanned"}
{"level":30,"time":1790818584599,"pid":1067,"hostname":"vm","msg":"  Fren Pet>WETH@UniswapV3/3000 WETH>Fren Pet@UniswapV2 in=2.373 Fren Pet gap=8092bps profit=$10.783 net=$10.780"}
{"level":30,"time":1790818584599,"pid":1067,"hostname":"vm","msg":"  Fren Pet>WETH@UniswapV3/3000 WETH>Fren Pet@BaseSwap in=2.373 Fren Pet gap=8153.6bps profit=$10.627 net=$10.624"}
{"level":30,"time":1790818584599,"pid":1067,"hostname":"vm","msg":"  REPPO>WETH@AerodromeCL2/1 WETH>REPPO@AerodromeCL2/200 in=2.102 REPPO gap=350.2bps profit=$0.001 net=$-0.002"}
{"level":30,"time":1790818584599,"pid":1067,"hostname":"vm","msg":"  REPPO>WETH@AerodromeCL2/1 WETH>REPPO@UniswapV3/10000 in=2.102 REPPO gap=347.6bps profit=$0.001 net=$-0.003"}
{"level":30,"time":1790818584599,"pid":1067,"hostname":"vm","msg":"  BRETT>AERO@Aerodrome AERO>BRETT@Aerodrome(s) in=72.52 BRETT gap=40.6bps profit=$0.000 net=$-0.002"}
{"level":30,"time":1790818588632,"pid":1067,"hostname":"vm","block":52014618,"gross":243,"net":16,"sumNetUsd":85.621,"gasPriceGwei":0.006,"txCostUsd":0.004,"syncMs":1807,"searchMs":146,"msg":"block scanned"}
{"level":30,"time":1790818588632,"pid":1067,"hostname":"vm","msg":"  Fren Pet>WETH@UniswapV3/3000 WETH>Fren Pet@UniswapV2 in=2.373 Fren Pet gap=8092bps profit=$10.783 net=$10.780"}
{"level":30,"time":1790818588632,"pid":1067,"hostname":"vm","msg":"  Fren Pet>WETH@UniswapV3/3000 WETH>Fren Pet@BaseSwap in=2.373 Fren Pet gap=8153.6bps profit=$10.627 net=$10.624"}
{"level":30,"time":1790818588632,"pid":1067,"hostname":"vm","msg":"  REPPO>WETH@AerodromeCL2/1 WETH>REPPO@AerodromeCL2/200 in=2.102 REPPO gap=350.2bps profit=$0.001 net=$-0.002"}
{"level":30,"time":1790818588632,"pid":1067,"hostname":"vm","msg":"  REPPO>WETH@AerodromeCL2/1 WETH>REPPO@UniswapV3/10000 in=2.102 REPPO gap=347.6bps profit=$0.001 net=$-0.003"}
{"level":30,"time":1790818588632,"pid":1067,"hostname":"vm","msg":"  BRETT>AERO@Aerodrome AERO>BRETT@Aerodrome(s) in=72.52 BRETT gap=40.6bps profit=$0.000 net=$-0.002"}
{"level":30,"time":1790818593765,"pid":1067,"hostname":"vm","block":52014621,"gross":243,"net":16,"sumNetUsd":85.716,"gasPriceGwei":0.006,"txCostUsd":0.004,"syncMs":2138,"searchMs":124,"msg":"block scanned"}
{"level":30,"time":1790818593765,"pid":1067,"hostname":"vm","msg":"  Fren Pet>WETH@UniswapV3/3000 WETH>Fren Pet@UniswapV2 in=2.373 Fren Pet gap=8092bps profit=$10.783 net=$10.780"}
{"level":30,"time":1790818593765,"pid":1067,"hostname":"vm","msg":"  Fren Pet>WETH@UniswapV3/3000 WETH>Fren Pet@BaseSwap in=2.373 Fren Pet gap=8153.6bps profit=$10.627 net=$10.624"}
{"level":30,"time":1790818593765,"pid":1067,"hostname":"vm","msg":"  REPPO>WETH@AerodromeCL2/1 WETH>REPPO@AerodromeCL2/200 in=2.102 REPPO gap=350.2bps profit=$0.001 net=$-0.002"}
{"level":30,"time":1790818593765,"pid":1067,"hostname":"vm","msg":"  REPPO>WETH@AerodromeCL2/1 WETH>REPPO@UniswapV3/10000 in=2.102 REPPO gap=347.6bps profit=$0.001 net=$-0.003"}
{"level":30,"time":1790818593765,"pid":1067,"hostname":"vm","msg":"  BRETT>AERO@Aerodrome AERO>BRETT@Aerodrome(s) in=72.52 BRETT gap=40.6bps profit=$0.000 net=$-0.002"}
{"level":30,"time":1790818598324,"pid":1067,"hostname":"vm","block":52014610,"gross":254,"net":16,"sumNetUsd":85.725,"gasPriceGwei":0.006,"txCostUsd":0.004,"syncMs":2237,"searchMs":127,"msg":"block scanned"}
{"level":30,"time":1790818598324,"pid":1067,"hostname":"vm","msg":"  Fren Pet>WETH@UniswapV3/3000 WETH>Fren Pet@UniswapV2 in=2.373 Fren Pet gap=8092bps profit=$10.783 net=$10.780"}
{"level":30,"time":1790818598324,"pid":1067,"hostname":"vm","msg":"  Fren Pet>WETH@UniswapV3/3000 WETH>Fren Pet@BaseSwap in=2.373 Fren Pet gap=8153.6bps profit=$10.627 net=$10.624"}
{"level":30,"time":1790818598324,"pid":1067,"hostname":"vm","msg":"  XDP>USDC@UniswapV3/10000 USDC>XDP@UniswapV3/100 in=82.35 XDP gap=116.2bps profit=$0.001 net=$-0.002"}
{"level":30,"time":1790818598324,"pid":1067,"hostname":"vm","msg":"  REPPO>WETH@AerodromeCL2/1 WETH>REPPO@AerodromeCL2/200 in=2.102 REPPO gap=350.2bps profit=$0.001 net=$-0.002"}
{"level":30,"time":1790818598324,"pid":1067,"hostname":"vm","msg":"  REPPO>WETH@AerodromeCL2/1 WETH>REPPO@UniswapV3/10000 in=2.102 REPPO gap=347.6bps profit=$0.001 net=$-0.003"}
{"level":30,"time":1790818601547,"pid":1067,"hostname":"vm","block":52014625,"gross":238,"net":16,"sumNetUsd":85.712,"gasPriceGwei":0.006,"txCostUsd":0.004,"syncMs":1896,"searchMs":154,"msg":"block scanned"}
{"level":30,"time":1790818601547,"pid":1067,"hostname":"vm","msg":"  Fren Pet>WETH@UniswapV3/3000 WETH>Fren Pet@UniswapV2 in=2.373 Fren Pet gap=8092bps profit=$10.783 net=$10.780"}
{"level":30,"time":1790818601547,"pid":1067,"hostname":"vm","msg":"  Fren Pet>WETH@UniswapV3/3000 WETH>Fren Pet@BaseSwap in=2.373 Fren Pet gap=8153.6bps profit=$10.627 net=$10.624"}
{"level":30,"time":1790818601547,"pid":1067,"hostname":"vm","msg":"  REPPO>WETH@AerodromeCL2/1 WETH>REPPO@AerodromeCL2/200 in=2.102 REPPO gap=350.2bps profit=$0.001 net=$-0.002"}
{"level":30,"time":1790818601547,"pid":1067,"hostname":"vm","msg":"  REPPO>WETH@AerodromeCL2/1 WETH>REPPO@UniswapV3/10000 in=2.102 REPPO gap=347.6bps profit=$0.001 net=$-0.003"}
{"level":30,"time":1790818601547,"pid":1067,"hostname":"vm","msg":"  BRETT>AERO@Aerodrome AERO>BRETT@Aerodrome(s) in=72.52 BRETT gap=40.6bps profit=$0.000 net=$-0.002"}
{"level":30,"time":1790818605598,"pid":1067,"hostname":"vm","block":52014627,"gross":234,"net":16,"sumNetUsd":85.71,"gasPriceGwei":0.006,"txCostUsd":0.004,"syncMs":2158,"searchMs":145,"msg":"block scanned"}
{"level":30,"time":1790818605598,"pid":1067,"hostname":"vm","msg":"  Fren Pet>WETH@UniswapV3/3000 WETH>Fren Pet@UniswapV2 in=2.373 Fren Pet gap=8092bps profit=$10.783 net=$10.780"}
{"level":30,"time":1790818605598,"pid":1067,"hostname":"vm","msg":"  Fren Pet>WETH@UniswapV3/3000 WETH>Fren Pet@BaseSwap in=2.373 Fren Pet gap=8153.6bps profit=$10.627 net=$10.624"}
{"level":30,"time":1790818605598,"pid":1067,"hostname":"vm","msg":"  REPPO>WETH@AerodromeCL2/1 WETH>REPPO@AerodromeCL2/200 in=2.102 REPPO gap=350.2bps profit=$0.001 net=$-0.002"}
{"level":30,"time":1790818605598,"pid":1067,"hostname":"vm","msg":"  REPPO>WETH@AerodromeCL2/1 WETH>REPPO@UniswapV3/10000 in=2.102 REPPO gap=347.6bps profit=$0.001 net=$-0.003"}
{"level":30,"time":1790818605598,"pid":1067,"hostname":"vm","msg":"  BRETT>AERO@Aerodrome AERO>BRETT@Aerodrome(s) in=72.52 BRETT gap=40.6bps profit=$0.000 net=$-0.002"}
{"level":30,"time":1790818611356,"pid":1067,"hostname":"vm","block":52014629,"gross":250,"net":16,"sumNetUsd":85.752,"gasPriceGwei":0.006,"txCostUsd":0.004,"syncMs":3620,"searchMs":158,"msg":"block scanned"}
{"level":30,"time":1790818611356,"pid":1067,"hostname":"vm","msg":"  Fren Pet>WETH@UniswapV3/3000 WETH>Fren Pet@UniswapV2 in=2.373 Fren Pet gap=8092bps profit=$10.783 net=$10.780"}
{"level":30,"time":1790818611356,"pid":1067,"hostname":"vm","msg":"  Fren Pet>WETH@UniswapV3/3000 WETH>Fren Pet@BaseSwap in=2.373 Fren Pet gap=8153.6bps profit=$10.627 net=$10.624"}
{"level":30,"time":1790818611356,"pid":1067,"hostname":"vm","msg":"  REPPO>WETH@AerodromeCL2/1 WETH>REPPO@AerodromeCL2/200 in=2.102 REPPO gap=350.2bps profit=$0.001 net=$-0.002"}
{"level":30,"time":1790818611356,"pid":1067,"hostname":"vm","msg":"  REPPO>WETH@AerodromeCL2/1 WETH>REPPO@UniswapV3/10000 in=2.102 REPPO gap=347.6bps profit=$0.001 net=$-0.003"}
{"level":30,"time":1790818611356,"pid":1067,"hostname":"vm","msg":"  BRETT>AERO@Aerodrome AERO>BRETT@Aerodrome(s) in=72.52 BRETT gap=40.6bps profit=$0.000 net=$-0.002"}
{"level":30,"time":1790818616120,"pid":1067,"hostname":"vm","block":52014632,"gross":280,"net":16,"sumNetUsd":85.665,"gasPriceGwei":0.006,"txCostUsd":0.004,"syncMs":2884,"searchMs":159,"msg":"block scanned"}
{"level":30,"time":1790818616120,"pid":1067,"hostname":"vm","msg":"  Fren Pet>WETH@UniswapV3/3000 WETH>Fren Pet@UniswapV2 in=2.373 Fren Pet gap=8092bps profit=$10.783 net=$10.780"}
{"level":30,"time":1790818616120,"pid":1067,"hostname":"vm","msg":"  Fren Pet>WETH@UniswapV3/3000 WETH>Fren Pet@BaseSwap in=2.373 Fren Pet gap=8153.6bps profit=$10.627 net=$10.624"}
{"level":30,"time":1790818616120,"pid":1067,"hostname":"vm","msg":"  REPPO>WETH@AerodromeCL2/1 WETH>REPPO@AerodromeCL2/200 in=2.102 REPPO gap=350.2bps profit=$0.001 net=$-0.002"}
{"level":30,"time":1790818616120,"pid":1067,"hostname":"vm","msg":"  REPPO>WETH@AerodromeCL2/1 WETH>REPPO@UniswapV3/10000 in=2.102 REPPO gap=347.6bps profit=$0.001 net=$-0.003"}
{"level":30,"time":1790818616120,"pid":1067,"hostname":"vm","msg":"  BRETT>AERO@Aerodrome AERO>BRETT@Aerodrome(s) in=72.52 BRETT gap=40.6bps profit=$0.000 net=$-0.002"}
{"level":30,"time":1790818621391,"pid":1067,"hostname":"vm","block":52014634,"gross":283,"net":16,"sumNetUsd":85.668,"gasPriceGwei":0.006,"txCostUsd":0.004,"syncMs":3550,"searchMs":162,"msg":"block scanned"}
{"level":30,"time":1790818621391,"pid":1067,"hostname":"vm","msg":"  Fren Pet>WETH@UniswapV3/3000 WETH>Fren Pet@UniswapV2 in=2.373 Fren Pet gap=8092bps profit=$10.783 net=$10.780"}
{"level":30,"time":1790818621391,"pid":1067,"hostname":"vm","msg":"  Fren Pet>WETH@UniswapV3/3000 WETH>Fren Pet@BaseSwap in=2.373 Fren Pet gap=8153.6bps profit=$10.627 net=$10.624"}
{"level":30,"time":1790818621391,"pid":1067,"hostname":"vm","msg":"  REPPO>WETH@AerodromeCL2/1 WETH>REPPO@AerodromeCL2/200 in=2.102 REPPO gap=350.2bps profit=$0.001 net=$-0.002"}
{"level":30,"time":1790818621391,"pid":1067,"hostname":"vm","msg":"  REPPO>WETH@AerodromeCL2/1 WETH>REPPO@UniswapV3/10000 in=2.102 REPPO gap=347.6bps profit=$0.001 net=$-0.003"}
{"level":30,"time":1790818621391,"pid":1067,"hostname":"vm","msg":"  BRETT>AERO@Aerodrome AERO>BRETT@Aerodrome(s) in=72.52 BRETT gap=40.6bps profit=$0.000 net=$-0.002"}
{"level":30,"time":1790818625302,"pid":1067,"hostname":"vm","block":52014637,"gross":320,"net":16,"sumNetUsd":85.715,"gasPriceGwei":0.006,"txCostUsd":0.004,"syncMs":2498,"searchMs":163,"msg":"block scanned"}
{"level":30,"time":1790818625302,"pid":1067,"hostname":"vm","msg":"  Fren Pet>WETH@UniswapV3/3000 WETH>Fren Pet@UniswapV2 in=2.373 Fren Pet gap=8092bps profit=$10.783 net=$10.780"}
{"level":30,"time":1790818625302,"pid":1067,"hostname":"vm","msg":"  Fren Pet>WETH@UniswapV3/3000 WETH>Fren Pet@BaseSwap in=2.373 Fren Pet gap=8153.6bps profit=$10.627 net=$10.624"}
{"level":30,"time":1790818625302,"pid":1067,"hostname":"vm","msg":"  REPPO>WETH@AerodromeCL2/1 WETH>REPPO@AerodromeCL2/200 in=2.102 REPPO gap=350.2bps profit=$0.001 net=$-0.002"}
{"level":30,"time":1790818625302,"pid":1067,"hostname":"vm","msg":"  REPPO>WETH@AerodromeCL2/1 WETH>REPPO@UniswapV3/10000 in=2.102 REPPO gap=347.6bps profit=$0.001 net=$-0.003"}
{"level":30,"time":1790818625302,"pid":1067,"hostname":"vm","msg":"  BRETT>AERO@Aerodrome AERO>BRETT@Aerodrome(s) in=72.52 BRETT gap=40.6bps profit=$0.000 net=$-0.002"}
{"level":30,"time":1790818630903,"pid":1067,"hostname":"vm","block":52014639,"gross":369,"net":92,"sumNetUsd":257.736,"gasPriceGwei":0.006,"txCostUsd":0.004,"syncMs":3085,"searchMs":226,"msg":"block scanned"}
{"level":30,"time":1790818630903,"pid":1067,"hostname":"vm","msg":"  Fren Pet>WETH@UniswapV3/3000 WETH>Fren Pet@UniswapV2 in=2.373 Fren Pet gap=8092bps profit=$10.783 net=$10.780"}
{"level":30,"time":1790818630903,"pid":1067,"hostname":"vm","msg":"  Fren Pet>WETH@UniswapV3/3000 WETH>Fren Pet@BaseSwap in=2.373 Fren Pet gap=8153.6bps profit=$10.627 net=$10.624"}
{"level":30,"time":1790818630903,"pid":1067,"hostname":"vm","msg":"  KEYCAT>WETH@UniswapV3/10000 WETH>KEYCAT@UniswapV2 in=1748 KEYCAT gap=143.5bps profit=$0.001 net=$-0.002"}
{"level":30,"time":1790818630903,"pid":1067,"hostname":"vm","msg":"  REPPO>WETH@AerodromeCL2/1 WETH>REPPO@UniswapV3/10000 in=2.102 REPPO gap=347.6bps profit=$0.001 net=$-0.003"}
{"level":30,"time":1790818630903,"pid":1067,"hostname":"vm","msg":"  REPPO>WETH@AerodromeCL2/1 WETH>REPPO@AerodromeCL2/200 in=2.102 REPPO gap=329.2bps profit=$0.001 net=$-0.003"}
{"level":30,"time":1790818637574,"pid":1067,"hostname":"vm","block":52014642,"gross":331,"net":16,"sumNetUsd":85.71,"gasPriceGwei":0.006,"txCostUsd":0.004,"syncMs":3607,"searchMs":196,"msg":"block scanned"}
{"level":30,"time":1790818637574,"pid":1067,"hostname":"vm","msg":"  Fren Pet>WETH@UniswapV3/3000 WETH>Fren Pet@UniswapV2 in=2.373 Fren Pet gap=8092bps profit=$10.783 net=$10.780"}
{"level":30,"time":1790818637574,"pid":1067,"hostname":"vm","msg":"  Fren Pet>WETH@UniswapV3/3000 WETH>Fren Pet@BaseSwap in=2.373 Fren Pet gap=8153.6bps profit=$10.627 net=$10.624"}
{"level":30,"time":1790818637574,"pid":1067,"hostname":"vm","msg":"  REPPO>WETH@AerodromeCL2/1 WETH>REPPO@AerodromeCL2/200 in=2.102 REPPO gap=350.2bps profit=$0.001 net=$-0.002"}
{"level":30,"time":1790818637574,"pid":1067,"hostname":"vm","msg":"  REPPO>WETH@AerodromeCL2/1 WETH>REPPO@UniswapV3/10000 in=2.102 REPPO gap=347.6bps profit=$0.001 net=$-0.003"}
{"level":30,"time":1790818637574,"pid":1067,"hostname":"vm","msg":"  BRETT>AERO@Aerodrome AERO>BRETT@Aerodrome(s) in=72.52 BRETT gap=40.6bps profit=$0.000 net=$-0.002"}
{"level":30,"time":1790818641452,"pid":1067,"hostname":"vm","block":52014645,"gross":322,"net":16,"sumNetUsd":85.706,"gasPriceGwei":0.006,"txCostUsd":0.004,"syncMs":2082,"searchMs":170,"msg":"block scanned"}
{"level":30,"time":1790818641452,"pid":1067,"hostname":"vm","msg":"  Fren Pet>WETH@UniswapV3/3000 WETH>Fren Pet@UniswapV2 in=2.373 Fren Pet gap=8092bps profit=$10.783 net=$10.780"}
{"level":30,"time":1790818641452,"pid":1067,"hostname":"vm","msg":"  Fren Pet>WETH@UniswapV3/3000 WETH>Fren Pet@BaseSwap in=2.373 Fren Pet gap=8153.6bps profit=$10.627 net=$10.624"}
{"level":30,"time":1790818641452,"pid":1067,"hostname":"vm","msg":"  REPPO>WETH@AerodromeCL2/1 WETH>REPPO@AerodromeCL2/200 in=2.102 REPPO gap=350.2bps profit=$0.001 net=$-0.002"}
{"level":30,"time":1790818641452,"pid":1067,"hostname":"vm","msg":"  REPPO>WETH@AerodromeCL2/1 WETH>REPPO@UniswapV3/10000 in=2.102 REPPO gap=347.6bps profit=$0.001 net=$-0.003"}
{"level":30,"time":1790818641452,"pid":1067,"hostname":"vm","msg":"  BRETT>AERO@Aerodrome AERO>BRETT@Aerodrome(s) in=72.52 BRETT gap=40.6bps profit=$0.000 net=$-0.002"}
{"level":30,"time":1790818644574,"pid":1067,"hostname":"vm","block":52014647,"gross":330,"net":16,"sumNetUsd":85.707,"gasPriceGwei":0.006,"txCostUsd":0.004,"syncMs":827,"searchMs":155,"msg":"block scanned"}
{"level":30,"time":1790818644574,"pid":1067,"hostname":"vm","msg":"  Fren Pet>WETH@UniswapV3/3000 WETH>Fren Pet@UniswapV2 in=2.373 Fren Pet gap=8092bps profit=$10.783 net=$10.780"}
{"level":30,"time":1790818644574,"pid":1067,"hostname":"vm","msg":"  Fren Pet>WETH@UniswapV3/3000 WETH>Fren Pet@BaseSwap in=2.373 Fren Pet gap=8153.6bps profit=$10.627 net=$10.624"}
{"level":30,"time":1790818644574,"pid":1067,"hostname":"vm","msg":"  REPPO>WETH@AerodromeCL2/1 WETH>REPPO@AerodromeCL2/200 in=2.102 REPPO gap=350.2bps profit=$0.001 net=$-0.002"}
{"level":30,"time":1790818644574,"pid":1067,"hostname":"vm","msg":"  REPPO>WETH@AerodromeCL2/1 WETH>REPPO@UniswapV3/10000 in=2.102 REPPO gap=347.6bps profit=$0.001 net=$-0.003"}
{"level":30,"time":1790818644574,"pid":1067,"hostname":"vm","msg":"  BRETT>AERO@Aerodrome AERO>BRETT@Aerodrome(s) in=72.52 BRETT gap=40.6bps profit=$0.000 net=$-0.002"}
{"level":30,"time":1790818724612,"pid":1067,"hostname":"vm","block":52014649,"gross":353,"net":16,"sumNetUsd":85.721,"gasPriceGwei":0.006,"txCostUsd":0.004,"syncMs":78316,"searchMs":195,"msg":"block scanned"}
{"level":30,"time":1790818724612,"pid":1067,"hostname":"vm","msg":"  Fren Pet>WETH@UniswapV3/3000 WETH>Fren Pet@UniswapV2 in=2.373 Fren Pet gap=8092bps profit=$10.783 net=$10.780"}
{"level":30,"time":1790818724612,"pid":1067,"hostname":"vm","msg":"  Fren Pet>WETH@UniswapV3/3000 WETH>Fren Pet@BaseSwap in=2.373 Fren Pet gap=8153.6bps profit=$10.627 net=$10.624"}
{"level":30,"time":1790818724612,"pid":1067,"hostname":"vm","msg":"  REPPO>WETH@AerodromeCL2/1 WETH>REPPO@AerodromeCL2/200 in=2.102 REPPO gap=350.2bps profit=$0.001 net=$-0.002"}
{"level":30,"time":1790818724612,"pid":1067,"hostname":"vm","msg":"  REPPO>WETH@AerodromeCL2/1 WETH>REPPO@UniswapV3/10000 in=2.102 REPPO gap=347.6bps profit=$0.001 net=$-0.003"}
{"level":30,"time":1790818724612,"pid":1067,"hostname":"vm","msg":"  BRETT>AERO@Aerodrome AERO>BRETT@Aerodrome(s) in=72.52 BRETT gap=40.6bps profit=$0.000 net=$-0.002"}
{"level":30,"time":1790818728683,"pid":1067,"hostname":"vm","block":52014688,"gross":328,"net":16,"sumNetUsd":85.609,"gasPriceGwei":0.006,"txCostUsd":0.004,"syncMs":1797,"searchMs":157,"msg":"block scanned"}
{"level":30,"time":1790818728683,"pid":1067,"hostname":"vm","msg":"  Fren Pet>WETH@UniswapV3/3000 WETH>Fren Pet@UniswapV2 in=2.373 Fren Pet gap=8092.4bps profit=$10.783 net=$10.780"}
{"level":30,"time":1790818728683,"pid":1067,"hostname":"vm","msg":"  Fren Pet>WETH@UniswapV3/3000 WETH>Fren Pet@BaseSwap in=2.373 Fren Pet gap=8153.6bps profit=$10.627 net=$10.624"}
{"level":30,"time":1790818728683,"pid":1067,"hostname":"vm","msg":"  REPPO>WETH@AerodromeCL2/1 WETH>REPPO@AerodromeCL2/200 in=2.102 REPPO gap=350.2bps profit=$0.001 net=$-0.002"}
{"level":30,"time":1790818728683,"pid":1067,"hostname":"vm","msg":"  REPPO>WETH@AerodromeCL2/1 WETH>REPPO@UniswapV3/10000 in=2.102 REPPO gap=347.6bps profit=$0.001 net=$-0.003"}
{"level":30,"time":1790818728683,"pid":1067,"hostname":"vm","msg":"  BRETT>AERO@Aerodrome AERO>BRETT@Aerodrome(s) in=72.52 BRETT gap=40.6bps profit=$0.000 net=$-0.002"}
{"level":30,"time":1790818732552,"pid":1067,"hostname":"vm","block":52014691,"gross":307,"net":16,"sumNetUsd":85.594,"gasPriceGwei":0.006,"txCostUsd":0.004,"syncMs":2273,"searchMs":187,"msg":"block scanned"}
{"level":30,"time":1790818732552,"pid":1067,"hostname":"vm","msg":"  Fren Pet>WETH@UniswapV3/3000 WETH>Fren Pet@UniswapV2 in=2.373 Fren Pet gap=8092.4bps profit=$10.783 net=$10.780"}
{"level":30,"time":1790818732552,"pid":1067,"hostname":"vm","msg":"  Fren Pet>WETH@UniswapV3/3000 WETH>Fren Pet@BaseSwap in=2.373 Fren Pet gap=8153.6bps profit=$10.627 net=$10.624"}
{"level":30,"time":1790818732552,"pid":1067,"hostname":"vm","msg":"  REPPO>WETH@AerodromeCL2/1 WETH>REPPO@AerodromeCL2/200 in=2.102 REPPO gap=350.2bps profit=$0.001 net=$-0.002"}
{"level":30,"time":1790818732552,"pid":1067,"hostname":"vm","msg":"  REPPO>WETH@AerodromeCL2/1 WETH>REPPO@UniswapV3/10000 in=2.102 REPPO gap=347.6bps profit=$0.001 net=$-0.003"}
{"level":30,"time":1790818732552,"pid":1067,"hostname":"vm","msg":"  BRETT>AERO@Aerodrome AERO>BRETT@Aerodrome(s) in=72.52 BRETT gap=40.6bps profit=$0.000 net=$-0.002"}
{"level":30,"time":1790818737018,"pid":1067,"hostname":"vm","block":52014693,"gross":312,"net":16,"sumNetUsd":85.582,"gasPriceGwei":0.006,"txCostUsd":0.004,"syncMs":2125,"searchMs":169,"msg":"block scanned"}
{"level":30,"time":1790818737018,"pid":1067,"hostname":"vm","msg":"  Fren Pet>WETH@UniswapV3/3000 WETH>Fren Pet@UniswapV2 in=2.373 Fren Pet gap=8092.4bps profit=$10.783 net=$10.780"}
{"level":30,"time":1790818737018,"pid":1067,"hostname":"vm","msg":"  Fren Pet>WETH@UniswapV3/3000 WETH>Fren Pet@BaseSwap in=2.373 Fren Pet gap=8153.6bps profit=$10.627 net=$10.624"}
{"level":30,"time":1790818737018,"pid":1067,"hostname":"vm","msg":"  REPPO>WETH@AerodromeCL2/1 WETH>REPPO@AerodromeCL2/200 in=2.102 REPPO gap=350.2bps profit=$0.001 net=$-0.002"}
{"level":30,"time":1790818737018,"pid":1067,"hostname":"vm","msg":"  REPPO>WETH@AerodromeCL2/1 WETH>REPPO@UniswapV3/10000 in=2.102 REPPO gap=347.6bps profit=$0.001 net=$-0.003"}
{"level":30,"time":1790818737018,"pid":1067,"hostname":"vm","msg":"  BRETT>AERO@Aerodrome AERO>BRETT@Aerodrome(s) in=72.52 BRETT gap=40.6bps profit=$0.000 net=$-0.002"}
{"level":30,"time":1790818740538,"pid":1067,"hostname":"vm","block":52014695,"gross":286,"net":16,"sumNetUsd":85.625,"gasPriceGwei":0.006,"txCostUsd":0.004,"syncMs":2435,"searchMs":159,"msg":"block scanned"}
{"level":30,"time":1790818740538,"pid":1067,"hostname":"vm","msg":"  Fren Pet>WETH@UniswapV3/3000 WETH>Fren Pet@UniswapV2 in=2.373 Fren Pet gap=8092.4bps profit=$10.783 net=$10.780"}
{"level":30,"time":1790818740538,"pid":1067,"hostname":"vm","msg":"  Fren Pet>WETH@UniswapV3/3000 WETH>Fren Pet@BaseSwap in=2.373 Fren Pet gap=8153.6bps profit=$10.627 net=$10.624"}
{"level":30,"time":1790818740538,"pid":1067,"hostname":"vm","msg":"  REPPO>WETH@AerodromeCL2/1 WETH>REPPO@AerodromeCL2/200 in=2.102 REPPO gap=350.2bps profit=$0.001 net=$-0.002"}
{"level":30,"time":1790818740538,"pid":1067,"hostname":"vm","msg":"  REPPO>WETH@AerodromeCL2/1 WETH>REPPO@UniswapV3/10000 in=2.102 REPPO gap=347.6bps profit=$0.001 net=$-0.003"}
{"level":30,"time":1790818740538,"pid":1067,"hostname":"vm","msg":"  BRETT>AERO@Aerodrome AERO>BRETT@Aerodrome(s) in=72.52 BRETT gap=40.6bps profit=$0.000 net=$-0.002"}
{"level":30,"time":1790818744801,"pid":1067,"hostname":"vm","block":52014697,"gross":284,"net":16,"sumNetUsd":85.587,"gasPriceGwei":0.006,"txCostUsd":0.004,"syncMs":1996,"searchMs":128,"msg":"block scanned"}
{"level":30,"time":1790818744801,"pid":1067,"hostname":"vm","msg":"  Fren Pet>WETH@UniswapV3/3000 WETH>Fren Pet@UniswapV2 in=2.373 Fren Pet gap=8092.4bps profit=$10.783 net=$10.780"}
{"level":30,"time":1790818744801,"pid":1067,"hostname":"vm","msg":"  Fren Pet>WETH@UniswapV3/3000 WETH>Fren Pet@BaseSwap in=2.373 Fren Pet gap=8153.6bps profit=$10.627 net=$10.624"}
{"level":30,"time":1790818744801,"pid":1067,"hostname":"vm","msg":"  REPPO>WETH@AerodromeCL2/1 WETH>REPPO@AerodromeCL2/200 in=2.102 REPPO gap=350.2bps profit=$0.001 net=$-0.002"}
{"level":30,"time":1790818744801,"pid":1067,"hostname":"vm","msg":"  REPPO>WETH@AerodromeCL2/1 WETH>REPPO@UniswapV3/10000 in=2.102 REPPO gap=347.6bps profit=$0.001 net=$-0.003"}
{"level":30,"time":1790818744801,"pid":1067,"hostname":"vm","msg":"  BRETT>AERO@Aerodrome AERO>BRETT@Aerodrome(s) in=72.52 BRETT gap=40.6bps profit=$0.000 net=$-0.002"}
{"level":30,"time":1790818748698,"pid":1067,"hostname":"vm","block":52014699,"gross":284,"net":17,"sumNetUsd":85.587,"gasPriceGwei":0.006,"txCostUsd":0.004,"syncMs":1631,"searchMs":153,"msg":"block scanned"}
{"level":30,"time":1790818748698,"pid":1067,"hostname":"vm","msg":"  Fren Pet>WETH@UniswapV3/3000 WETH>Fren Pet@UniswapV2 in=2.373 Fren Pet gap=8092.4bps profit=$10.783 net=$10.780"}
{"level":30,"time":1790818748698,"pid":1067,"hostname":"vm","msg":"  Fren Pet>WETH@UniswapV3/3000 WETH>Fren Pet@BaseSwap in=2.373 Fren Pet gap=8153.6bps profit=$10.627 net=$10.624"}
{"level":30,"time":1790818748698,"pid":1067,"hostname":"vm","msg":"  REPPO>WETH@AerodromeCL2/1 WETH>REPPO@AerodromeCL2/200 in=2.102 REPPO gap=350.2bps profit=$0.001 net=$-0.002"}
{"level":30,"time":1790818748698,"pid":1067,"hostname":"vm","msg":"  REPPO>WETH@AerodromeCL2/1 WETH>REPPO@UniswapV3/10000 in=2.102 REPPO gap=347.6bps profit=$0.001 net=$-0.003"}
{"level":30,"time":1790818748698,"pid":1067,"hostname":"vm","msg":"  BRETT>AERO@Aerodrome AERO>BRETT@Aerodrome(s) in=72.52 BRETT gap=40.6bps profit=$0.000 net=$-0.002"}
{"level":30,"time":1790818752675,"pid":1067,"hostname":"vm","block":52014701,"gross":282,"net":17,"sumNetUsd":85.69,"gasPriceGwei":0.006,"txCostUsd":0.004,"syncMs":2009,"searchMs":167,"msg":"block scanned"}
{"level":30,"time":1790818752675,"pid":1067,"hostname":"vm","msg":"  Fren Pet>WETH@UniswapV3/3000 WETH>Fren Pet@UniswapV2 in=2.373 Fren Pet gap=8092.4bps profit=$10.783 net=$10.780"}
{"level":30,"time":1790818752675,"pid":1067,"hostname":"vm","msg":"  Fren Pet>WETH@UniswapV3/3000 WETH>Fren Pet@BaseSwap in=2.373 Fren Pet gap=8153.6bps profit=$10.627 net=$10.624"}
{"level":30,"time":1790818752675,"pid":1067,"hostname":"vm","msg":"  REPPO>WETH@AerodromeCL2/1 WETH>REPPO@AerodromeCL2/200 in=2.102 REPPO gap=350.2bps profit=$0.001 net=$-0.002"}
{"level":30,"time":1790818752675,"pid":1067,"hostname":"vm","msg":"  REPPO>WETH@AerodromeCL2/1 WETH>REPPO@UniswapV3/10000 in=2.102 REPPO gap=347.6bps profit=$0.001 net=$-0.003"}
{"level":30,"time":1790818752675,"pid":1067,"hostname":"vm","msg":"  BRETT>AERO@Aerodrome AERO>BRETT@Aerodrome(s) in=72.52 BRETT gap=40.6bps profit=$0.000 net=$-0.002"}
{"level":30,"time":1790818756909,"pid":1067,"hostname":"vm","block":52014703,"gross":282,"net":17,"sumNetUsd":85.69,"gasPriceGwei":0.006,"txCostUsd":0.004,"syncMs":1792,"searchMs":166,"msg":"block scanned"}
{"level":30,"time":1790818756909,"pid":1067,"hostname":"vm","msg":"  Fren Pet>WETH@UniswapV3/3000 WETH>Fren Pet@UniswapV2 in=2.373 Fren Pet gap=8092.4bps profit=$10.783 net=$10.780"}
{"level":30,"time":1790818756909,"pid":1067,"hostname":"vm","msg":"  Fren Pet>WETH@UniswapV3/3000 WETH>Fren Pet@BaseSwap in=2.373 Fren Pet gap=8153.6bps profit=$10.627 net=$10.624"}
{"level":30,"time":1790818756909,"pid":1067,"hostname":"vm","msg":"  REPPO>WETH@AerodromeCL2/1 WETH>REPPO@AerodromeCL2/200 in=2.102 REPPO gap=350.2bps profit=$0.001 net=$-0.002"}
{"level":30,"time":1790818756909,"pid":1067,"hostname":"vm","msg":"  REPPO>WETH@AerodromeCL2/1 WETH>REPPO@UniswapV3/10000 in=2.102 REPPO gap=347.6bps profit=$0.001 net=$-0.003"}
{"level":30,"time":1790818756909,"pid":1067,"hostname":"vm","msg":"  BRETT>AERO@Aerodrome AERO>BRETT@Aerodrome(s) in=72.52 BRETT gap=40.6bps profit=$0.000 net=$-0.002"}
{"level":30,"time":1790818760996,"pid":1067,"hostname":"vm","block":52014705,"gross":279,"net":17,"sumNetUsd":85.69,"gasPriceGwei":0.006,"txCostUsd":0.004,"syncMs":1660,"searchMs":158,"msg":"block scanned"}
{"level":30,"time":1790818760997,"pid":1067,"hostname":"vm","msg":"  Fren Pet>WETH@UniswapV3/3000 WETH>Fren Pet@UniswapV2 in=2.373 Fren Pet gap=8092.4bps profit=$10.783 net=$10.780"}
{"level":30,"time":1790818760997,"pid":1067,"hostname":"vm","msg":"  Fren Pet>WETH@UniswapV3/3000 WETH>Fren Pet@BaseSwap in=2.373 Fren Pet gap=8153.6bps profit=$10.627 net=$10.624"}
{"level":30,"time":1790818760997,"pid":1067,"hostname":"vm","msg":"  REPPO>WETH@AerodromeCL2/1 WETH>REPPO@AerodromeCL2/200 in=2.102 REPPO gap=350.2bps profit=$0.001 net=$-0.002"}
{"level":30,"time":1790818760997,"pid":1067,"hostname":"vm","msg":"  REPPO>WETH@AerodromeCL2/1 WETH>REPPO@UniswapV3/10000 in=2.102 REPPO gap=347.6bps profit=$0.001 net=$-0.003"}
{"level":30,"time":1790818760997,"pid":1067,"hostname":"vm","msg":"  BRETT>AERO@Aerodrome AERO>BRETT@Aerodrome(s) in=72.52 BRETT gap=40.6bps profit=$0.000 net=$-0.002"}
{"level":30,"time":1790818765429,"pid":1067,"hostname":"vm","block":52014707,"gross":275,"net":16,"sumNetUsd":85.689,"gasPriceGwei":0.006,"txCostUsd":0.004,"syncMs":2631,"searchMs":167,"msg":"block scanned"}
{"level":30,"time":1790818765429,"pid":1067,"hostname":"vm","msg":"  Fren Pet>WETH@UniswapV3/3000 WETH>Fren Pet@UniswapV2 in=2.373 Fren Pet gap=8092.4bps profit=$10.783 net=$10.780"}
{"level":30,"time":1790818765429,"pid":1067,"hostname":"vm","msg":"  Fren Pet>WETH@UniswapV3/3000 WETH>Fren Pet@BaseSwap in=2.373 Fren Pet gap=8153.6bps profit=$10.627 net=$10.624"}
{"level":30,"time":1790818765429,"pid":1067,"hostname":"vm","msg":"  REPPO>WETH@AerodromeCL2/1 WETH>REPPO@AerodromeCL2/200 in=2.102 REPPO gap=350.2bps profit=$0.001 net=$-0.002"}
{"level":30,"time":1790818765429,"pid":1067,"hostname":"vm","msg":"  REPPO>WETH@AerodromeCL2/1 WETH>REPPO@UniswapV3/10000 in=2.102 REPPO gap=347.6bps profit=$0.001 net=$-0.003"}
{"level":30,"time":1790818765429,"pid":1067,"hostname":"vm","msg":"  BRETT>AERO@Aerodrome AERO>BRETT@Aerodrome(s) in=72.52 BRETT gap=40.6bps profit=$0.000 net=$-0.002"}
{"level":30,"time":1790818768901,"pid":1067,"hostname":"vm","block":52014709,"gross":278,"net":16,"sumNetUsd":85.688,"gasPriceGwei":0.006,"txCostUsd":0.004,"syncMs":1973,"searchMs":170,"msg":"block scanned"}
{"level":30,"time":1790818768901,"pid":1067,"hostname":"vm","msg":"  Fren Pet>WETH@UniswapV3/3000 WETH>Fren Pet@UniswapV2 in=2.373 Fren Pet gap=8092.4bps profit=$10.783 net=$10.780"}
{"level":30,"time":1790818768901,"pid":1067,"hostname":"vm","msg":"  Fren Pet>WETH@UniswapV3/3000 WETH>Fren Pet@BaseSwap in=2.373 Fren Pet gap=8153.6bps profit=$10.627 net=$10.624"}
{"level":30,"time":1790818768901,"pid":1067,"hostname":"vm","msg":"  REPPO>WETH@AerodromeCL2/1 WETH>REPPO@AerodromeCL2/200 in=2.102 REPPO gap=350.2bps profit=$0.001 net=$-0.002"}
{"level":30,"time":1790818768901,"pid":1067,"hostname":"vm","msg":"  REPPO>WETH@AerodromeCL2/1 WETH>REPPO@UniswapV3/10000 in=2.102 REPPO gap=347.6bps profit=$0.001 net=$-0.003"}
{"level":30,"time":1790818768901,"pid":1067,"hostname":"vm","msg":"  BRETT>AERO@Aerodrome AERO>BRETT@Aerodrome(s) in=72.52 BRETT gap=40.6bps profit=$0.000 net=$-0.002"}
{"level":30,"time":1790818773288,"pid":1067,"hostname":"vm","block":52014711,"gross":276,"net":16,"sumNetUsd":85.688,"gasPriceGwei":0.006,"txCostUsd":0.004,"syncMs":1979,"searchMs":166,"msg":"block scanned"}
{"level":30,"time":1790818773288,"pid":1067,"hostname":"vm","msg":"  Fren Pet>WETH@UniswapV3/3000 WETH>Fren Pet@UniswapV2 in=2.373 Fren Pet gap=8092.4bps profit=$10.783 net=$10.780"}
{"level":30,"time":1790818773288,"pid":1067,"hostname":"vm","msg":"  Fren Pet>WETH@UniswapV3/3000 WETH>Fren Pet@BaseSwap in=2.373 Fren Pet gap=8153.6bps profit=$10.627 net=$10.624"}
{"level":30,"time":1790818773288,"pid":1067,"hostname":"vm","msg":"  REPPO>WETH@AerodromeCL2/1 WETH>REPPO@AerodromeCL2/200 in=2.102 REPPO gap=350.2bps profit=$0.001 net=$-0.002"}
{"level":30,"time":1790818773288,"pid":1067,"hostname":"vm","msg":"  REPPO>WETH@AerodromeCL2/1 WETH>REPPO@UniswapV3/10000 in=2.102 REPPO gap=347.6bps profit=$0.001 net=$-0.003"}
{"level":30,"time":1790818773288,"pid":1067,"hostname":"vm","msg":"  BRETT>AERO@Aerodrome AERO>BRETT@Aerodrome(s) in=72.52 BRETT gap=40.6bps profit=$0.000 net=$-0.002"}
{"level":30,"time":1790818777490,"pid":1067,"hostname":"vm","block":52014712,"gross":274,"net":16,"sumNetUsd":85.688,"gasPriceGwei":0.006,"txCostUsd":0.004,"syncMs":2407,"searchMs":157,"msg":"block scanned"}
{"level":30,"time":1790818777490,"pid":1067,"hostname":"vm","msg":"  Fren Pet>WETH@UniswapV3/3000 WETH>Fren Pet@UniswapV2 in=2.373 Fren Pet gap=8092.4bps profit=$10.783 net=$10.780"}
{"level":30,"time":1790818777490,"pid":1067,"hostname":"vm","msg":"  Fren Pet>WETH@UniswapV3/3000 WETH>Fren Pet@BaseSwap in=2.373 Fren Pet gap=8153.6bps profit=$10.627 net=$10.624"}
{"level":30,"time":1790818777490,"pid":1067,"hostname":"vm","msg":"  REPPO>WETH@AerodromeCL2/1 WETH>REPPO@AerodromeCL2/200 in=2.102 REPPO gap=350.2bps profit=$0.001 net=$-0.002"}
{"level":30,"time":1790818777490,"pid":1067,"hostname":"vm","msg":"  REPPO>WETH@AerodromeCL2/1 WETH>REPPO@UniswapV3/10000 in=2.102 REPPO gap=347.6bps profit=$0.001 net=$-0.003"}
{"level":30,"time":1790818777490,"pid":1067,"hostname":"vm","msg":"  BRETT>AERO@Aerodrome AERO>BRETT@Aerodrome(s) in=72.52 BRETT gap=40.6bps profit=$0.000 net=$-0.002"}
{"level":30,"time":1790818780645,"pid":1067,"hostname":"vm","block":52014715,"gross":268,"net":16,"sumNetUsd":85.687,"gasPriceGwei":0.006,"txCostUsd":0.004,"syncMs":1670,"searchMs":127,"msg":"block scanned"}
{"level":30,"time":1790818780645,"pid":1067,"hostname":"vm","msg":"  Fren Pet>WETH@UniswapV3/3000 WETH>Fren Pet@UniswapV2 in=2.373 Fren Pet gap=8092.4bps profit=$10.783 net=$10.780"}
{"level":30,"time":1790818780645,"pid":1067,"hostname":"vm","msg":"  Fren Pet>WETH@UniswapV3/3000 WETH>Fren Pet@BaseSwap in=2.373 Fren Pet gap=8153.6bps profit=$10.627 net=$10.624"}
{"level":30,"time":1790818780645,"pid":1067,"hostname":"vm","msg":"  REPPO>WETH@AerodromeCL2/1 WETH>REPPO@AerodromeCL2/200 in=2.102 REPPO gap=350.2bps profit=$0.001 net=$-0.002"}
{"level":30,"time":1790818780645,"pid":1067,"hostname":"vm","msg":"  REPPO>WETH@AerodromeCL2/1 WETH>REPPO@UniswapV3/10000 in=2.102 REPPO gap=347.6bps profit=$0.001 net=$-0.003"}
{"level":30,"time":1790818780645,"pid":1067,"hostname":"vm","msg":"  BRETT>AERO@Aerodrome AERO>BRETT@Aerodrome(s) in=72.52 BRETT gap=40.6bps profit=$0.000 net=$-0.002"}
{"level":30,"time":1790818862777,"pid":1067,"hostname":"vm","block":52014717,"gross":269,"net":16,"sumNetUsd":85.687,"gasPriceGwei":0.006,"txCostUsd":0.004,"syncMs":80287,"searchMs":157,"msg":"block scanned"}
{"level":30,"time":1790818862777,"pid":1067,"hostname":"vm","msg":"  Fren Pet>WETH@UniswapV3/3000 WETH>Fren Pet@UniswapV2 in=2.373 Fren Pet gap=8092.4bps profit=$10.783 net=$10.780"}
{"level":30,"time":1790818862777,"pid":1067,"hostname":"vm","msg":"  Fren Pet>WETH@UniswapV3/3000 WETH>Fren Pet@BaseSwap in=2.373 Fren Pet gap=8153.6bps profit=$10.627 net=$10.624"}
{"level":30,"time":1790818862777,"pid":1067,"hostname":"vm","msg":"  REPPO>WETH@AerodromeCL2/1 WETH>REPPO@AerodromeCL2/200 in=2.102 REPPO gap=350.2bps profit=$0.001 net=$-0.002"}
{"level":30,"time":1790818862777,"pid":1067,"hostname":"vm","msg":"  REPPO>WETH@AerodromeCL2/1 WETH>REPPO@UniswapV3/10000 in=2.102 REPPO gap=347.6bps profit=$0.001 net=$-0.003"}
{"level":30,"time":1790818862777,"pid":1067,"hostname":"vm","msg":"  WETH>Fren Pet@UniswapV2 Fren Pet>WETH@UniswapV3/3000 in=0.005308 WETH gap=8092.4bps profit=$10.816 net=$10.814"}
{"level":30,"time":1790818866440,"pid":1067,"hostname":"vm","block":52014758,"gross":244,"net":16,"sumNetUsd":85.667,"gasPriceGwei":0.006,"txCostUsd":0.004,"syncMs":1268,"searchMs":163,"msg":"block scanned"}
{"level":30,"time":1790818866440,"pid":1067,"hostname":"vm","msg":"  Fren Pet>WETH@UniswapV3/3000 WETH>Fren Pet@UniswapV2 in=2.373 Fren Pet gap=8092.4bps profit=$10.783 net=$10.780"}
{"level":30,"time":1790818866440,"pid":1067,"hostname":"vm","msg":"  Fren Pet>WETH@UniswapV3/3000 WETH>Fren Pet@BaseSwap in=2.373 Fren Pet gap=8153.6bps profit=$10.627 net=$10.624"}
{"level":30,"time":1790818866440,"pid":1067,"hostname":"vm","msg":"  REPPO>WETH@AerodromeCL2/1 WETH>REPPO@AerodromeCL2/200 in=2.102 REPPO gap=350.2bps profit=$0.001 net=$-0.002"}
{"level":30,"time":1790818866440,"pid":1067,"hostname":"vm","msg":"  REPPO>WETH@AerodromeCL2/1 WETH>REPPO@UniswapV3/10000 in=2.102 REPPO gap=347.6bps profit=$0.001 net=$-0.003"}
{"level":30,"time":1790818866440,"pid":1067,"hostname":"vm","msg":"  WETH>Fren Pet@UniswapV2 Fren Pet>WETH@UniswapV3/3000 in=0.005308 WETH gap=8092.4bps profit=$10.816 net=$10.814"}
{"level":30,"time":1790818869726,"pid":1067,"hostname":"vm","block":52014759,"gross":244,"net":16,"sumNetUsd":85.667,"gasPriceGwei":0.006,"txCostUsd":0.004,"syncMs":2278,"searchMs":157,"msg":"block scanned"}
{"level":30,"time":1790818869727,"pid":1067,"hostname":"vm","msg":"  Fren Pet>WETH@UniswapV3/3000 WETH>Fren Pet@UniswapV2 in=2.373 Fren Pet gap=8092.4bps profit=$10.783 net=$10.780"}
{"level":30,"time":1790818869727,"pid":1067,"hostname":"vm","msg":"  Fren Pet>WETH@UniswapV3/3000 WETH>Fren Pet@BaseSwap in=2.373 Fren Pet gap=8153.6bps profit=$10.627 net=$10.624"}
{"level":30,"time":1790818869727,"pid":1067,"hostname":"vm","msg":"  REPPO>WETH@AerodromeCL2/1 WETH>REPPO@AerodromeCL2/200 in=2.102 REPPO gap=350.2bps profit=$0.001 net=$-0.002"}
{"level":30,"time":1790818869727,"pid":1067,"hostname":"vm","msg":"  REPPO>WETH@AerodromeCL2/1 WETH>REPPO@UniswapV3/10000 in=2.102 REPPO gap=347.6bps profit=$0.001 net=$-0.003"}
{"level":30,"time":1790818869727,"pid":1067,"hostname":"vm","msg":"  WETH>Fren Pet@UniswapV2 Fren Pet>WETH@UniswapV3/3000 in=0.005308 WETH gap=8092.4bps profit=$10.816 net=$10.814"}
{"level":30,"time":1790818874607,"pid":1067,"hostname":"vm","block":52014761,"gross":244,"net":16,"sumNetUsd":85.66,"gasPriceGwei":0.006,"txCostUsd":0.004,"syncMs":2569,"searchMs":126,"msg":"block scanned"}
{"level":30,"time":1790818874607,"pid":1067,"hostname":"vm","msg":"  Fren Pet>WETH@UniswapV3/3000 WETH>Fren Pet@UniswapV2 in=2.373 Fren Pet gap=8092.4bps profit=$10.783 net=$10.780"}
{"level":30,"time":1790818874607,"pid":1067,"hostname":"vm","msg":"  Fren Pet>WETH@UniswapV3/3000 WETH>Fren Pet@BaseSwap in=2.373 Fren Pet gap=8153.6bps profit=$10.627 net=$10.624"}
{"level":30,"time":1790818874607,"pid":1067,"hostname":"vm","msg":"  REPPO>WETH@AerodromeCL2/1 WETH>REPPO@AerodromeCL2/200 in=2.102 REPPO gap=350.2bps profit=$0.001 net=$-0.002"}
{"level":30,"time":1790818874607,"pid":1067,"hostname":"vm","msg":"  REPPO>WETH@AerodromeCL2/1 WETH>REPPO@UniswapV3/10000 in=2.102 REPPO gap=347.6bps profit=$0.001 net=$-0.003"}
{"level":30,"time":1790818874607,"pid":1067,"hostname":"vm","msg":"  WETH>Fren Pet@UniswapV2 Fren Pet>WETH@UniswapV3/3000 in=0.005308 WETH gap=8092.4bps profit=$10.816 net=$10.814"}
{"level":30,"time":1790818879605,"pid":1067,"hostname":"vm","block":52014764,"gross":231,"net":16,"sumNetUsd":85.662,"gasPriceGwei":0.006,"txCostUsd":0.004,"syncMs":2542,"searchMs":141,"msg":"block scanned"}
{"level":30,"time":1790818879605,"pid":1067,"hostname":"vm","msg":"  Fren Pet>WETH@UniswapV3/3000 WETH>Fren Pet@UniswapV2 in=2.373 Fren Pet gap=8092.4bps profit=$10.783 net=$10.780"}
{"level":30,"time":1790818879605,"pid":1067,"hostname":"vm","msg":"  Fren Pet>WETH@UniswapV3/3000 WETH>Fren Pet@BaseSwap in=2.373 Fren Pet gap=8153.6bps profit=$10.627 net=$10.624"}
{"level":30,"time":1790818879605,"pid":1067,"hostname":"vm","msg":"  REPPO>WETH@AerodromeCL2/1 WETH>REPPO@AerodromeCL2/200 in=2.102 REPPO gap=350.2bps profit=$0.001 net=$-0.002"}
{"level":30,"time":1790818879605,"pid":1067,"hostname":"vm","msg":"  REPPO>WETH@AerodromeCL2/1 WETH>REPPO@UniswapV3/10000 in=2.102 REPPO gap=347.6bps profit=$0.001 net=$-0.003"}
{"level":30,"time":1790818879605,"pid":1067,"hostname":"vm","msg":"  WETH>Fren Pet@UniswapV2 Fren Pet>WETH@UniswapV3/3000 in=0.005308 WETH gap=8092.4bps profit=$10.816 net=$10.814"}
{"level":30,"time":1790818883705,"pid":1067,"hostname":"vm","block":52014766,"gross":231,"net":16,"sumNetUsd":85.66,"gasPriceGwei":0.006,"txCostUsd":0.004,"syncMs":1861,"searchMs":190,"msg":"block scanned"}
{"level":30,"time":1790818883705,"pid":1067,"hostname":"vm","msg":"  Fren Pet>WETH@UniswapV3/3000 WETH>Fren Pet@UniswapV2 in=2.373 Fren Pet gap=8092.4bps profit=$10.783 net=$10.780"}
{"level":30,"time":1790818883705,"pid":1067,"hostname":"vm","msg":"  Fren Pet>WETH@UniswapV3/3000 WETH>Fren Pet@BaseSwap in=2.373 Fren Pet gap=8153.6bps profit=$10.627 net=$10.624"}
{"level":30,"time":1790818883705,"pid":1067,"hostname":"vm","msg":"  REPPO>WETH@AerodromeCL2/1 WETH>REPPO@AerodromeCL2/200 in=2.102 REPPO gap=350.2bps profit=$0.001 net=$-0.002"}
{"level":30,"time":1790818883705,"pid":1067,"hostname":"vm","msg":"  REPPO>WETH@AerodromeCL2/1 WETH>REPPO@UniswapV3/10000 in=2.102 REPPO gap=347.6bps profit=$0.001 net=$-0.003"}
{"level":30,"time":1790818883705,"pid":1067,"hostname":"vm","msg":"  WETH>Fren Pet@UniswapV2 Fren Pet>WETH@UniswapV3/3000 in=0.005308 WETH gap=8092.4bps profit=$10.816 net=$10.814"}
{"level":30,"time":1790818887649,"pid":1067,"hostname":"vm","block":52014768,"gross":231,"net":16,"sumNetUsd":85.671,"gasPriceGwei":0.006,"txCostUsd":0.004,"syncMs":1532,"searchMs":163,"msg":"block scanned"}
{"level":30,"time":1790818887649,"pid":1067,"hostname":"vm","msg":"  Fren Pet>WETH@UniswapV3/3000 WETH>Fren Pet@UniswapV2 in=2.373 Fren Pet gap=8092.4bps profit=$10.783 net=$10.780"}
{"level":30,"time":1790818887649,"pid":1067,"hostname":"vm","msg":"  Fren Pet>WETH@UniswapV3/3000 WETH>Fren Pet@BaseSwap in=2.373 Fren Pet gap=8153.6bps profit=$10.627 net=$10.624"}
{"level":30,"time":1790818887649,"pid":1067,"hostname":"vm","msg":"  REPPO>WETH@AerodromeCL2/1 WETH>REPPO@AerodromeCL2/200 in=2.102 REPPO gap=350.2bps profit=$0.001 net=$-0.002"}
{"level":30,"time":1790818887649,"pid":1067,"hostname":"vm","msg":"  REPPO>WETH@AerodromeCL2/1 WETH>REPPO@UniswapV3/10000 in=2.102 REPPO gap=347.6bps profit=$0.001 net=$-0.003"}
{"level":30,"time":1790818887649,"pid":1067,"hostname":"vm","msg":"  WETH>Fren Pet@UniswapV2 Fren Pet>WETH@UniswapV3/3000 in=0.005308 WETH gap=8092.4bps profit=$10.816 net=$10.814"}
{"level":30,"time":1790818892449,"pid":1067,"hostname":"vm","block":52014770,"gross":226,"net":16,"sumNetUsd":85.723,"gasPriceGwei":0.006,"txCostUsd":0.004,"syncMs":2593,"searchMs":155,"msg":"block scanned"}
{"level":30,"time":1790818892449,"pid":1067,"hostname":"vm","msg":"  Fren Pet>WETH@UniswapV3/3000 WETH>Fren Pet@UniswapV2 in=2.373 Fren Pet gap=8092.4bps profit=$10.783 net=$10.780"}
{"level":30,"time":1790818892449,"pid":1067,"hostname":"vm","msg":"  Fren Pet>WETH@UniswapV3/3000 WETH>Fren Pet@BaseSwap in=2.373 Fren Pet gap=8153.6bps profit=$10.627 net=$10.624"}
{"level":30,"time":1790818892449,"pid":1067,"hostname":"vm","msg":"  REPPO>WETH@AerodromeCL2/1 WETH>REPPO@AerodromeCL2/200 in=2.102 REPPO gap=350.2bps profit=$0.001 net=$-0.002"}
{"level":30,"time":1790818892449,"pid":1067,"hostname":"vm","msg":"  REPPO>WETH@AerodromeCL2/1 WETH>REPPO@UniswapV3/10000 in=2.102 REPPO gap=347.6bps profit=$0.001 net=$-0.003"}
{"level":30,"time":1790818892449,"pid":1067,"hostname":"vm","msg":"  WETH>Fren Pet@UniswapV2 Fren Pet>WETH@UniswapV3/3000 in=0.005308 WETH gap=8092.4bps profit=$10.816 net=$10.814"}
{"level":30,"time":1790818896537,"pid":1067,"hostname":"vm","block":52014772,"gross":228,"net":16,"sumNetUsd":85.722,"gasPriceGwei":0.006,"txCostUsd":0.004,"syncMs":2551,"searchMs":146,"msg":"block scanned"}
{"level":30,"time":1790818896537,"pid":1067,"hostname":"vm","msg":"  Fren Pet>WETH@UniswapV3/3000 WETH>Fren Pet@UniswapV2 in=2.373 Fren Pet gap=8092.4bps profit=$10.783 net=$10.780"}
{"level":30,"time":1790818896537,"pid":1067,"hostname":"vm","msg":"  Fren Pet>WETH@UniswapV3/3000 WETH>Fren Pet@BaseSwap in=2.373 Fren Pet gap=8153.6bps profit=$10.627 net=$10.624"}
{"level":30,"time":1790818896537,"pid":1067,"hostname":"vm","msg":"  REPPO>WETH@AerodromeCL2/1 WETH>REPPO@AerodromeCL2/200 in=2.102 REPPO gap=350.2bps profit=$0.001 net=$-0.002"}
{"level":30,"time":1790818896537,"pid":1067,"hostname":"vm","msg":"  REPPO>WETH@AerodromeCL2/1 WETH>REPPO@UniswapV3/10000 in=2.102 REPPO gap=347.6bps profit=$0.001 net=$-0.003"}
{"level":30,"time":1790818896537,"pid":1067,"hostname":"vm","msg":"  WETH>Fren Pet@UniswapV2 Fren Pet>WETH@UniswapV3/3000 in=0.005308 WETH gap=8092.4bps profit=$10.816 net=$10.814"}
{"level":30,"time":1790818901715,"pid":1067,"hostname":"vm","block":52014775,"gross":230,"net":16,"sumNetUsd":85.741,"gasPriceGwei":0.006,"txCostUsd":0.004,"syncMs":2867,"searchMs":158,"msg":"block scanned"}
{"level":30,"time":1790818901716,"pid":1067,"hostname":"vm","msg":"  Fren Pet>WETH@UniswapV3/3000 WETH>Fren Pet@UniswapV2 in=2.373 Fren Pet gap=8092.4bps profit=$10.783 net=$10.780"}
{"level":30,"time":1790818901716,"pid":1067,"hostname":"vm","msg":"  Fren Pet>WETH@UniswapV3/3000 WETH>Fren Pet@BaseSwap in=2.373 Fren Pet gap=8153.6bps profit=$10.627 net=$10.624"}
{"level":30,"time":1790818901716,"pid":1067,"hostname":"vm","msg":"  REPPO>WETH@AerodromeCL2/1 WETH>REPPO@AerodromeCL2/200 in=2.102 REPPO gap=350.2bps profit=$0.001 net=$-0.002"}
{"level":30,"time":1790818901716,"pid":1067,"hostname":"vm","msg":"  REPPO>WETH@AerodromeCL2/1 WETH>REPPO@UniswapV3/10000 in=2.102 REPPO gap=347.6bps profit=$0.001 net=$-0.003"}
{"level":30,"time":1790818901716,"pid":1067,"hostname":"vm","msg":"  WETH>Fren Pet@UniswapV2 Fren Pet>WETH@UniswapV3/3000 in=0.005308 WETH gap=8092.4bps profit=$10.816 net=$10.814"}
{"level":30,"time":1790818906590,"pid":1067,"hostname":"vm","block":52014776,"gross":228,"net":16,"sumNetUsd":85.741,"gasPriceGwei":0.006,"txCostUsd":0.004,"syncMs":2639,"searchMs":115,"msg":"block scanned"}
{"level":30,"time":1790818906590,"pid":1067,"hostname":"vm","msg":"  Fren Pet>WETH@UniswapV3/3000 WETH>Fren Pet@UniswapV2 in=2.373 Fren Pet gap=8092.4bps profit=$10.783 net=$10.780"}
{"level":30,"time":1790818906590,"pid":1067,"hostname":"vm","msg":"  Fren Pet>WETH@UniswapV3/3000 WETH>Fren Pet@BaseSwap in=2.373 Fren Pet gap=8153.6bps profit=$10.627 net=$10.624"}
{"level":30,"time":1790818906590,"pid":1067,"hostname":"vm","msg":"  REPPO>WETH@AerodromeCL2/1 WETH>REPPO@AerodromeCL2/200 in=2.102 REPPO gap=350.2bps profit=$0.001 net=$-0.002"}
{"level":30,"time":1790818906590,"pid":1067,"hostname":"vm","msg":"  REPPO>WETH@AerodromeCL2/1 WETH>REPPO@UniswapV3/10000 in=2.102 REPPO gap=347.6bps profit=$0.001 net=$-0.003"}
{"level":30,"time":1790818906590,"pid":1067,"hostname":"vm","msg":"  WETH>Fren Pet@UniswapV2 Fren Pet>WETH@UniswapV3/3000 in=0.005308 WETH gap=8092.4bps profit=$10.816 net=$10.814"}
{"level":30,"time":1790818910526,"pid":1067,"hostname":"vm","block":52014779,"gross":230,"net":16,"sumNetUsd":85.648,"gasPriceGwei":0.006,"txCostUsd":0.004,"syncMs":2068,"searchMs":129,"msg":"block scanned"}
{"level":30,"time":1790818910526,"pid":1067,"hostname":"vm","msg":"  Fren Pet>WETH@UniswapV3/3000 WETH>Fren Pet@UniswapV2 in=2.373 Fren Pet gap=8092.4bps profit=$10.783 net=$10.780"}
{"level":30,"time":1790818910526,"pid":1067,"hostname":"vm","msg":"  Fren Pet>WETH@UniswapV3/3000 WETH>Fren Pet@BaseSwap in=2.373 Fren Pet gap=8153.6bps profit=$10.627 net=$10.624"}
{"level":30,"time":1790818910526,"pid":1067,"hostname":"vm","msg":"  REPPO>WETH@AerodromeCL2/1 WETH>REPPO@AerodromeCL2/200 in=2.102 REPPO gap=350.2bps profit=$0.001 net=$-0.002"}
{"level":30,"time":1790818910526,"pid":1067,"hostname":"vm","msg":"  REPPO>WETH@AerodromeCL2/1 WETH>REPPO@UniswapV3/10000 in=2.102 REPPO gap=347.6bps profit=$0.001 net=$-0.003"}
{"level":30,"time":1790818910526,"pid":1067,"hostname":"vm","msg":"  WETH>Fren Pet@UniswapV2 Fren Pet>WETH@UniswapV3/3000 in=0.005308 WETH gap=8092.4bps profit=$10.816 net=$10.814"}
{"level":30,"time":1790818915507,"pid":1067,"hostname":"vm","block":52014781,"gross":228,"net":16,"sumNetUsd":85.657,"gasPriceGwei":0.006,"txCostUsd":0.004,"syncMs":2639,"searchMs":139,"msg":"block scanned"}
{"level":30,"time":1790818915507,"pid":1067,"hostname":"vm","msg":"  Fren Pet>WETH@UniswapV3/3000 WETH>Fren Pet@UniswapV2 in=2.373 Fren Pet gap=8092.4bps profit=$10.783 net=$10.780"}
{"level":30,"time":1790818915507,"pid":1067,"hostname":"vm","msg":"  Fren Pet>WETH@UniswapV3/3000 WETH>Fren Pet@BaseSwap in=2.373 Fren Pet gap=8153.6bps profit=$10.627 net=$10.624"}
{"level":30,"time":1790818915507,"pid":1067,"hostname":"vm","msg":"  REPPO>WETH@AerodromeCL2/1 WETH>REPPO@AerodromeCL2/200 in=2.102 REPPO gap=350.2bps profit=$0.001 net=$-0.002"}
{"level":30,"time":1790818915507,"pid":1067,"hostname":"vm","msg":"  REPPO>WETH@AerodromeCL2/1 WETH>REPPO@UniswapV3/10000 in=2.102 REPPO gap=347.6bps profit=$0.001 net=$-0.003"}
{"level":30,"time":1790818915507,"pid":1067,"hostname":"vm","msg":"  WETH>Fren Pet@UniswapV2 Fren Pet>WETH@UniswapV3/3000 in=0.005308 WETH gap=8092.4bps profit=$10.816 net=$10.814"}
{"level":30,"time":1790818918487,"pid":1067,"hostname":"vm","block":52014784,"gross":219,"net":16,"sumNetUsd":85.657,"gasPriceGwei":0.006,"txCostUsd":0.004,"syncMs":1948,"searchMs":138,"msg":"block scanned"}
{"level":30,"time":1790818918488,"pid":1067,"hostname":"vm","msg":"  Fren Pet>WETH@UniswapV3/3000 WETH>Fren Pet@UniswapV2 in=2.373 Fren Pet gap=8092.4bps profit=$10.783 net=$10.780"}
{"level":30,"time":1790818918488,"pid":1067,"hostname":"vm","msg":"  Fren Pet>WETH@UniswapV3/3000 WETH>Fren Pet@BaseSwap in=2.373 Fren Pet gap=8153.6bps profit=$10.627 net=$10.624"}
{"level":30,"time":1790818918488,"pid":1067,"hostname":"vm","msg":"  REPPO>WETH@AerodromeCL2/1 WETH>REPPO@AerodromeCL2/200 in=2.102 REPPO gap=350.2bps profit=$0.001 net=$-0.002"}
{"level":30,"time":1790818918488,"pid":1067,"hostname":"vm","msg":"  REPPO>WETH@AerodromeCL2/1 WETH>REPPO@UniswapV3/10000 in=2.102 REPPO gap=347.6bps profit=$0.001 net=$-0.003"}
{"level":30,"time":1790818918488,"pid":1067,"hostname":"vm","msg":"  WETH>Fren Pet@UniswapV2 Fren Pet>WETH@UniswapV3/3000 in=0.005308 WETH gap=8092.4bps profit=$10.816 net=$10.814"}
{"level":30,"time":1790818921636,"pid":1067,"hostname":"vm","block":52014786,"gross":216,"net":16,"sumNetUsd":85.657,"gasPriceGwei":0.006,"txCostUsd":0.004,"syncMs":1606,"searchMs":145,"msg":"block scanned"}
{"level":30,"time":1790818921636,"pid":1067,"hostname":"vm","msg":"  Fren Pet>WETH@UniswapV3/3000 WETH>Fren Pet@UniswapV2 in=2.373 Fren Pet gap=8092.4bps profit=$10.783 net=$10.780"}
{"level":30,"time":1790818921636,"pid":1067,"hostname":"vm","msg":"  Fren Pet>WETH@UniswapV3/3000 WETH>Fren Pet@BaseSwap in=2.373 Fren Pet gap=8153.6bps profit=$10.627 net=$10.624"}
{"level":30,"time":1790818921636,"pid":1067,"hostname":"vm","msg":"  REPPO>WETH@AerodromeCL2/1 WETH>REPPO@AerodromeCL2/200 in=2.102 REPPO gap=350.2bps profit=$0.001 net=$-0.002"}
{"level":30,"time":1790818921636,"pid":1067,"hostname":"vm","msg":"  REPPO>WETH@AerodromeCL2/1 WETH>REPPO@UniswapV3/10000 in=2.102 REPPO gap=347.6bps profit=$0.001 net=$-0.003"}
{"level":30,"time":1790818921636,"pid":1067,"hostname":"vm","msg":"  WETH>Fren Pet@UniswapV2 Fren Pet>WETH@UniswapV3/3000 in=0.005308 WETH gap=8092.4bps profit=$10.816 net=$10.814"}
{"level":30,"time":1790818997593,"pid":1067,"hostname":"vm","block":52014787,"gross":216,"net":16,"sumNetUsd":85.657,"gasPriceGwei":0.006,"txCostUsd":0.004,"syncMs":73566,"searchMs":151,"msg":"block scanned"}
{"level":30,"time":1790818997593,"pid":1067,"hostname":"vm","msg":"  Fren Pet>WETH@UniswapV3/3000 WETH>Fren Pet@UniswapV2 in=2.373 Fren Pet gap=8092.4bps profit=$10.783 net=$10.780"}
{"level":30,"time":1790818997593,"pid":1067,"hostname":"vm","msg":"  Fren Pet>WETH@UniswapV3/3000 WETH>Fren Pet@BaseSwap in=2.373 Fren Pet gap=8153.6bps profit=$10.627 net=$10.624"}
{"level":30,"time":1790818997593,"pid":1067,"hostname":"vm","msg":"  REPPO>WETH@AerodromeCL2/1 WETH>REPPO@AerodromeCL2/200 in=2.102 REPPO gap=350.2bps profit=$0.001 net=$-0.002"}
{"level":30,"time":1790818997593,"pid":1067,"hostname":"vm","msg":"  REPPO>WETH@AerodromeCL2/1 WETH>REPPO@UniswapV3/10000 in=2.102 REPPO gap=347.6bps profit=$0.001 net=$-0.003"}
{"level":30,"time":1790818997593,"pid":1067,"hostname":"vm","msg":"  WETH>Fren Pet@UniswapV2 Fren Pet>WETH@UniswapV3/3000 in=0.005308 WETH gap=8092.4bps profit=$10.816 net=$10.814"}
{"level":30,"time":1790819001757,"pid":1067,"hostname":"vm","block":52014825,"gross":263,"net":17,"sumNetUsd":85.152,"gasPriceGwei":0.006,"txCostUsd":0.004,"syncMs":2491,"searchMs":219,"msg":"block scanned"}
{"level":30,"time":1790819001757,"pid":1067,"hostname":"vm","msg":"  Fren Pet>WETH@UniswapV3/3000 WETH>Fren Pet@UniswapV2 in=2.373 Fren Pet gap=8092.4bps profit=$10.783 net=$10.780"}
{"level":30,"time":1790819001757,"pid":1067,"hostname":"vm","msg":"  Fren Pet>WETH@UniswapV3/3000 WETH>Fren Pet@BaseSwap in=2.373 Fren Pet gap=8153.6bps profit=$10.627 net=$10.624"}
{"level":30,"time":1790819001757,"pid":1067,"hostname":"vm","msg":"  DEGEN>WETH@PancakeV3/500 WETH>DEGEN@UniswapV3/3000 in=1253 DEGEN gap=56bps profit=$0.001 net=$-0.002"}
{"level":30,"time":1790819001757,"pid":1067,"hostname":"vm","msg":"  REPPO>WETH@AerodromeCL2/1 WETH>REPPO@AerodromeCL2/200 in=2.102 REPPO gap=350.2bps profit=$0.001 net=$-0.002"}
{"level":30,"time":1790819001757,"pid":1067,"hostname":"vm","msg":"  REPPO>WETH@AerodromeCL2/1 WETH>REPPO@UniswapV3/10000 in=2.102 REPPO gap=347.6bps profit=$0.001 net=$-0.003"}
{"level":30,"time":1790819005635,"pid":1067,"hostname":"vm","block":52014827,"gross":240,"net":16,"sumNetUsd":85.151,"gasPriceGwei":0.006,"txCostUsd":0.004,"syncMs":1819,"searchMs":149,"msg":"block scanned"}
{"level":30,"time":1790819005635,"pid":1067,"hostname":"vm","msg":"  Fren Pet>WETH@UniswapV3/3000 WETH>Fren Pet@UniswapV2 in=2.373 Fren Pet gap=8092.4bps profit=$10.783 net=$10.780"}
{"level":30,"time":1790819005635,"pid":1067,"hostname":"vm","msg":"  Fren Pet>WETH@UniswapV3/3000 WETH>Fren Pet@BaseSwap in=2.373 Fren Pet gap=8153.6bps profit=$10.627 net=$10.624"}
{"level":30,"time":1790819005635,"pid":1067,"hostname":"vm","msg":"  DEGEN>WETH@PancakeV3/500 WETH>DEGEN@UniswapV3/3000 in=1253 DEGEN gap=56bps profit=$0.001 net=$-0.002"}
{"level":30,"time":1790819005635,"pid":1067,"hostname":"vm","msg":"  REPPO>WETH@AerodromeCL2/1 WETH>REPPO@AerodromeCL2/200 in=2.102 REPPO gap=350.2bps profit=$0.001 net=$-0.002"}
{"level":30,"time":1790819005635,"pid":1067,"hostname":"vm","msg":"  REPPO>WETH@AerodromeCL2/1 WETH>REPPO@UniswapV3/10000 in=2.102 REPPO gap=347.6bps profit=$0.001 net=$-0.003"}
{"level":30,"time":1790819010543,"pid":1067,"hostname":"vm","block":52014829,"gross":237,"net":16,"sumNetUsd":85.786,"gasPriceGwei":0.006,"txCostUsd":0.004,"syncMs":2536,"searchMs":150,"msg":"block scanned"}
{"level":30,"time":1790819010543,"pid":1067,"hostname":"vm","msg":"  Fren Pet>WETH@UniswapV3/3000 WETH>Fren Pet@UniswapV2 in=2.373 Fren Pet gap=8092.4bps profit=$10.783 net=$10.780"}
{"level":30,"time":1790819010543,"pid":1067,"hostname":"vm","msg":"  Fren Pet>WETH@UniswapV3/3000 WETH>Fren Pet@BaseSwap in=2.373 Fren Pet gap=8153.6bps profit=$10.627 net=$10.624"}
{"level":30,"time":1790819010543,"pid":1067,"hostname":"vm","msg":"  DEGEN>WETH@PancakeV3/500 WETH>DEGEN@UniswapV3/3000 in=1253 DEGEN gap=56bps profit=$0.001 net=$-0.002"}
{"level":30,"time":1790819010543,"pid":1067,"hostname":"vm","msg":"  REPPO>WETH@AerodromeCL2/1 WETH>REPPO@AerodromeCL2/200 in=2.102 REPPO gap=350.2bps profit=$0.001 net=$-0.002"}
{"level":30,"time":1790819010543,"pid":1067,"hostname":"vm","msg":"  REPPO>WETH@AerodromeCL2/1 WETH>REPPO@UniswapV3/10000 in=2.102 REPPO gap=347.6bps profit=$0.001 net=$-0.003"}
{"level":30,"time":1790819013614,"pid":1067,"hostname":"vm","block":52014831,"gross":249,"net":16,"sumNetUsd":85.788,"gasPriceGwei":0.006,"txCostUsd":0.004,"syncMs":1240,"searchMs":144,"msg":"block scanned"}
{"level":30,"time":1790819013614,"pid":1067,"hostname":"vm","msg":"  Fren Pet>WETH@UniswapV3/3000 WETH>Fren Pet@UniswapV2 in=2.373 Fren Pet gap=8092.4bps profit=$10.783 net=$10.780"}
{"level":30,"time":1790819013614,"pid":1067,"hostname":"vm","msg":"  Fren Pet>WETH@UniswapV3/3000 WETH>Fren Pet@BaseSwap in=2.373 Fren Pet gap=8153.6bps profit=$10.627 net=$10.624"}
{"level":30,"time":1790819013614,"pid":1067,"hostname":"vm","msg":"  DEGEN>WETH@PancakeV3/500 WETH>DEGEN@UniswapV3/3000 in=1253 DEGEN gap=56bps profit=$0.001 net=$-0.002"}
{"level":30,"time":1790819013614,"pid":1067,"hostname":"vm","msg":"  REPPO>WETH@AerodromeCL2/1 WETH>REPPO@AerodromeCL2/200 in=2.102 REPPO gap=350.2bps profit=$0.001 net=$-0.002"}
{"level":30,"time":1790819013614,"pid":1067,"hostname":"vm","msg":"  REPPO>WETH@AerodromeCL2/1 WETH>REPPO@UniswapV3/10000 in=2.102 REPPO gap=347.6bps profit=$0.001 net=$-0.003"}
{"level":30,"time":1790819018637,"pid":1067,"hostname":"vm","block":52014833,"gross":241,"net":16,"sumNetUsd":85.796,"gasPriceGwei":0.006,"txCostUsd":0.004,"syncMs":2601,"searchMs":143,"msg":"block scanned"}
{"level":30,"time":1790819018637,"pid":1067,"hostname":"vm","msg":"  Fren Pet>WETH@UniswapV3/3000 WETH>Fren Pet@UniswapV2 in=2.373 Fren Pet gap=8092.4bps profit=$10.783 net=$10.780"}
{"level":30,"time":1790819018637,"pid":1067,"hostname":"vm","msg":"  Fren Pet>WETH@UniswapV3/3000 WETH>Fren Pet@BaseSwap in=2.373 Fren Pet gap=8153.6bps profit=$10.627 net=$10.624"}
{"level":30,"time":1790819018637,"pid":1067,"hostname":"vm","msg":"  DEGEN>WETH@PancakeV3/500 WETH>DEGEN@UniswapV3/3000 in=1253 DEGEN gap=56bps profit=$0.001 net=$-0.002"}
{"level":30,"time":1790819018637,"pid":1067,"hostname":"vm","msg":"  REPPO>WETH@AerodromeCL2/1 WETH>REPPO@AerodromeCL2/200 in=2.102 REPPO gap=350.2bps profit=$0.001 net=$-0.002"}
{"level":30,"time":1790819018637,"pid":1067,"hostname":"vm","msg":"  REPPO>WETH@AerodromeCL2/1 WETH>REPPO@UniswapV3/10000 in=2.102 REPPO gap=347.6bps profit=$0.001 net=$-0.003"}
{"level":30,"time":1790819023840,"pid":1067,"hostname":"vm","block":52014836,"gross":229,"net":16,"sumNetUsd":85.793,"gasPriceGwei":0.006,"txCostUsd":0.004,"syncMs":2237,"searchMs":144,"msg":"block scanned"}
{"level":30,"time":1790819023840,"pid":1067,"hostname":"vm","msg":"  Fren Pet>WETH@UniswapV3/3000 WETH>Fren Pet@UniswapV2 in=2.373 Fren Pet gap=8092.4bps profit=$10.783 net=$10.780"}
{"level":30,"time":1790819023840,"pid":1067,"hostname":"vm","msg":"  Fren Pet>WETH@UniswapV3/3000 WETH>Fren Pet@BaseSwap in=2.373 Fren Pet gap=8153.6bps profit=$10.627 net=$10.624"}
{"level":30,"time":1790819023840,"pid":1067,"hostname":"vm","msg":"  DEGEN>WETH@PancakeV3/500 WETH>DEGEN@UniswapV3/3000 in=1253 DEGEN gap=56bps profit=$0.001 net=$-0.002"}
{"level":30,"time":1790819023840,"pid":1067,"hostname":"vm","msg":"  REPPO>WETH@AerodromeCL2/1 WETH>REPPO@AerodromeCL2/200 in=2.102 REPPO gap=350.2bps profit=$0.001 net=$-0.002"}
{"level":30,"time":1790819023840,"pid":1067,"hostname":"vm","msg":"  REPPO>WETH@AerodromeCL2/1 WETH>REPPO@UniswapV3/10000 in=2.102 REPPO gap=347.6bps profit=$0.001 net=$-0.003"}
{"level":30,"time":1790819028482,"pid":1067,"hostname":"vm","block":52014838,"gross":225,"net":16,"sumNetUsd":85.783,"gasPriceGwei":0.006,"txCostUsd":0.004,"syncMs":2501,"searchMs":142,"msg":"block scanned"}
{"level":30,"time":1790819028482,"pid":1067,"hostname":"vm","msg":"  Fren Pet>WETH@UniswapV3/3000 WETH>Fren Pet@UniswapV2 in=2.373 Fren Pet gap=8090.6bps profit=$10.782 net=$10.779"}
{"level":30,"time":1790819028482,"pid":1067,"hostname":"vm","msg":"  Fren Pet>WETH@UniswapV3/3000 WETH>Fren Pet@BaseSwap in=2.373 Fren Pet gap=8153.6bps profit=$10.628 net=$10.625"}
{"level":30,"time":1790819028482,"pid":1067,"hostname":"vm","msg":"  REPPO>WETH@AerodromeCL2/1 WETH>REPPO@AerodromeCL2/200 in=2.102 REPPO gap=350.2bps profit=$0.001 net=$-0.002"}
{"level":30,"time":1790819028482,"pid":1067,"hostname":"vm","msg":"  REPPO>WETH@AerodromeCL2/1 WETH>REPPO@UniswapV3/10000 in=2.102 REPPO gap=347.6bps profit=$0.001 net=$-0.003"}
{"level":30,"time":1790819028482,"pid":1067,"hostname":"vm","msg":"  DEGEN>WETH@PancakeV3/500 WETH>DEGEN@UniswapV3/3000 in=230.2 DEGEN gap=38.9bps profit=$0.000 net=$-0.003"}
{"level":30,"time":1790819031694,"pid":1067,"hostname":"vm","block":52014841,"gross":218,"net":16,"sumNetUsd":85.783,"gasPriceGwei":0.006,"txCostUsd":0.004,"syncMs":1270,"searchMs":113,"msg":"block scanned"}
{"level":30,"time":1790819031694,"pid":1067,"hostname":"vm","msg":"  Fren Pet>WETH@UniswapV3/3000 WETH>Fren Pet@UniswapV2 in=2.373 Fren Pet gap=8090.6bps profit=$10.782 net=$10.779"}
{"level":30,"time":1790819031694,"pid":1067,"hostname":"vm","msg":"  Fren Pet>WETH@UniswapV3/3000 WETH>Fren Pet@BaseSwap in=2.373 Fren Pet gap=8153.6bps profit=$10.628 net=$10.625"}
{"level":30,"time":1790819031694,"pid":1067,"hostname":"vm","msg":"  REPPO>WETH@AerodromeCL2/1 WETH>REPPO@AerodromeCL2/200 in=2.102 REPPO gap=350.2bps profit=$0.001 net=$-0.002"}
{"level":30,"time":1790819031694,"pid":1067,"hostname":"vm","msg":"  REPPO>WETH@AerodromeCL2/1 WETH>REPPO@UniswapV3/10000 in=2.102 REPPO gap=347.6bps profit=$0.001 net=$-0.003"}
{"level":30,"time":1790819031694,"pid":1067,"hostname":"vm","msg":"  WETH>Fren Pet@UniswapV2 Fren Pet>WETH@UniswapV3/3000 in=0.005308 WETH gap=8090.6bps profit=$10.815 net=$10.812"}
{"level":30,"time":1790819035577,"pid":1067,"hostname":"vm","block":52014842,"gross":218,"net":16,"sumNetUsd":85.782,"gasPriceGwei":0.006,"txCostUsd":0.004,"syncMs":1859,"searchMs":151,"msg":"block scanned"}
{"level":30,"time":1790819035578,"pid":1067,"hostname":"vm","msg":"  Fren Pet>WETH@UniswapV3/3000 WETH>Fren Pet@UniswapV2 in=2.373 Fren Pet gap=8090.6bps profit=$10.782 net=$10.779"}
{"level":30,"time":1790819035578,"pid":1067,"hostname":"vm","msg":"  Fren Pet>WETH@UniswapV3/3000 WETH>Fren Pet@BaseSwap in=2.373 Fren Pet gap=8153.6bps profit=$10.628 net=$10.625"}
{"level":30,"time":1790819035578,"pid":1067,"hostname":"vm","msg":"  REPPO>WETH@AerodromeCL2/1 WETH>REPPO@AerodromeCL2/200 in=2.102 REPPO gap=350.2bps profit=$0.001 net=$-0.002"}
{"level":30,"time":1790819035578,"pid":1067,"hostname":"vm","msg":"  REPPO>WETH@AerodromeCL2/1 WETH>REPPO@UniswapV3/10000 in=2.102 REPPO gap=347.6bps profit=$0.001 net=$-0.003"}
{"level":30,"time":1790819035578,"pid":1067,"hostname":"vm","msg":"  WETH>Fren Pet@UniswapV2 Fren Pet>WETH@UniswapV3/3000 in=0.005308 WETH gap=8090.6bps profit=$10.815 net=$10.812"}
{"level":30,"time":1790819039696,"pid":1067,"hostname":"vm","block":52014844,"gross":219,"net":16,"sumNetUsd":85.782,"gasPriceGwei":0.006,"txCostUsd":0.004,"syncMs":2120,"searchMs":132,"msg":"block scanned"}
{"level":30,"time":1790819039696,"pid":1067,"hostname":"vm","msg":"  Fren Pet>WETH@UniswapV3/3000 WETH>Fren Pet@UniswapV2 in=2.373 Fren Pet gap=8090.6bps profit=$10.782 net=$10.779"}
{"level":30,"time":1790819039696,"pid":1067,"hostname":"vm","msg":"  Fren Pet>WETH@UniswapV3/3000 WETH>Fren Pet@BaseSwap in=2.373 Fren Pet gap=8153.6bps profit=$10.628 net=$10.625"}
{"level":30,"time":1790819039696,"pid":1067,"hostname":"vm","msg":"  REPPO>WETH@AerodromeCL2/1 WETH>REPPO@AerodromeCL2/200 in=2.102 REPPO gap=350.2bps profit=$0.001 net=$-0.002"}
{"level":30,"time":1790819039696,"pid":1067,"hostname":"vm","msg":"  REPPO>WETH@AerodromeCL2/1 WETH>REPPO@UniswapV3/10000 in=2.102 REPPO gap=347.6bps profit=$0.001 net=$-0.003"}
{"level":30,"time":1790819039696,"pid":1067,"hostname":"vm","msg":"  WETH>Fren Pet@UniswapV2 Fren Pet>WETH@UniswapV3/3000 in=0.005308 WETH gap=8090.6bps profit=$10.815 net=$10.812"}
{"level":30,"time":1790819043752,"pid":1067,"hostname":"vm","block":52014846,"gross":218,"net":16,"sumNetUsd":85.782,"gasPriceGwei":0.006,"txCostUsd":0.004,"syncMs":2296,"searchMs":128,"msg":"block scanned"}
{"level":30,"time":1790819043752,"pid":1067,"hostname":"vm","msg":"  Fren Pet>WETH@UniswapV3/3000 WETH>Fren Pet@UniswapV2 in=2.373 Fren Pet gap=8090.6bps profit=$10.782 net=$10.779"}
{"level":30,"time":1790819043752,"pid":1067,"hostname":"vm","msg":"  Fren Pet>WETH@UniswapV3/3000 WETH>Fren Pet@BaseSwap in=2.373 Fren Pet gap=8153.6bps profit=$10.628 net=$10.625"}
{"level":30,"time":1790819043752,"pid":1067,"hostname":"vm","msg":"  REPPO>WETH@AerodromeCL2/1 WETH>REPPO@AerodromeCL2/200 in=2.102 REPPO gap=350.2bps profit=$0.001 net=$-0.002"}
{"level":30,"time":1790819043752,"pid":1067,"hostname":"vm","msg":"  REPPO>WETH@AerodromeCL2/1 WETH>REPPO@UniswapV3/10000 in=2.102 REPPO gap=347.6bps profit=$0.001 net=$-0.003"}
{"level":30,"time":1790819043752,"pid":1067,"hostname":"vm","msg":"  WETH>Fren Pet@UniswapV2 Fren Pet>WETH@UniswapV3/3000 in=0.005308 WETH gap=8090.6bps profit=$10.815 net=$10.812"}
{"level":30,"time":1790819048495,"pid":1067,"hostname":"vm","block":52014848,"gross":219,"net":16,"sumNetUsd":85.782,"gasPriceGwei":0.006,"txCostUsd":0.004,"syncMs":2575,"searchMs":130,"msg":"block scanned"}
{"level":30,"time":1790819048495,"pid":1067,"hostname":"vm","msg":"  Fren Pet>WETH@UniswapV3/3000 WETH>Fren Pet@UniswapV2 in=2.373 Fren Pet gap=8090.6bps profit=$10.782 net=$10.779"}
{"level":30,"time":1790819048496,"pid":1067,"hostname":"vm","msg":"  Fren Pet>WETH@UniswapV3/3000 WETH>Fren Pet@BaseSwap in=2.373 Fren Pet gap=8153.6bps profit=$10.628 net=$10.625"}
{"level":30,"time":1790819048496,"pid":1067,"hostname":"vm","msg":"  REPPO>WETH@AerodromeCL2/1 WETH>REPPO@AerodromeCL2/200 in=2.102 REPPO gap=350.2bps profit=$0.001 net=$-0.002"}
{"level":30,"time":1790819048496,"pid":1067,"hostname":"vm","msg":"  REPPO>WETH@AerodromeCL2/1 WETH>REPPO@UniswapV3/10000 in=2.102 REPPO gap=347.6bps profit=$0.001 net=$-0.003"}
{"level":30,"time":1790819048496,"pid":1067,"hostname":"vm","msg":"  WETH>Fren Pet@UniswapV2 Fren Pet>WETH@UniswapV3/3000 in=0.005308 WETH gap=8090.6bps profit=$10.815 net=$10.812"}
{"level":30,"time":1790819054092,"pid":1067,"hostname":"vm","block":52014851,"gross":225,"net":16,"sumNetUsd":85.784,"gasPriceGwei":0.006,"txCostUsd":0.004,"syncMs":2471,"searchMs":109,"msg":"block scanned"}
{"level":30,"time":1790819054092,"pid":1067,"hostname":"vm","msg":"  Fren Pet>WETH@UniswapV3/3000 WETH>Fren Pet@UniswapV2 in=2.373 Fren Pet gap=8090.6bps profit=$10.782 net=$10.779"}
{"level":30,"time":1790819054092,"pid":1067,"hostname":"vm","msg":"  Fren Pet>WETH@UniswapV3/3000 WETH>Fren Pet@BaseSwap in=2.373 Fren Pet gap=8153.6bps profit=$10.628 net=$10.625"}
{"level":30,"time":1790819054092,"pid":1067,"hostname":"vm","msg":"  REPPO>WETH@AerodromeCL2/1 WETH>REPPO@AerodromeCL2/200 in=2.102 REPPO gap=350.2bps profit=$0.001 net=$-0.002"}
{"level":30,"time":1790819054092,"pid":1067,"hostname":"vm","msg":"  REPPO>WETH@AerodromeCL2/1 WETH>REPPO@UniswapV3/10000 in=2.102 REPPO gap=347.6bps profit=$0.001 net=$-0.003"}
{"level":30,"time":1790819054092,"pid":1067,"hostname":"vm","msg":"  WETH>Fren Pet@UniswapV2 Fren Pet>WETH@UniswapV3/3000 in=0.005308 WETH gap=8090.6bps profit=$10.815 net=$10.812"}
{"level":30,"time":1790819058629,"pid":1067,"hostname":"vm","block":52014853,"gross":225,"net":16,"sumNetUsd":85.784,"gasPriceGwei":0.006,"txCostUsd":0.004,"syncMs":2543,"searchMs":104,"msg":"block scanned"}
{"level":30,"time":1790819058630,"pid":1067,"hostname":"vm","msg":"  Fren Pet>WETH@UniswapV3/3000 WETH>Fren Pet@UniswapV2 in=2.373 Fren Pet gap=8090.6bps profit=$10.782 net=$10.779"}
{"level":30,"time":1790819058630,"pid":1067,"hostname":"vm","msg":"  Fren Pet>WETH@UniswapV3/3000 WETH>Fren Pet@BaseSwap in=2.373 Fren Pet gap=8153.6bps profit=$10.628 net=$10.625"}
{"level":30,"time":1790819058630,"pid":1067,"hostname":"vm","msg":"  REPPO>WETH@AerodromeCL2/1 WETH>REPPO@AerodromeCL2/200 in=2.102 REPPO gap=350.2bps profit=$0.001 net=$-0.002"}
{"level":30,"time":1790819058630,"pid":1067,"hostname":"vm","msg":"  REPPO>WETH@AerodromeCL2/1 WETH>REPPO@UniswapV3/10000 in=2.102 REPPO gap=347.6bps profit=$0.001 net=$-0.003"}
{"level":30,"time":1790819058630,"pid":1067,"hostname":"vm","msg":"  WETH>Fren Pet@UniswapV2 Fren Pet>WETH@UniswapV3/3000 in=0.005308 WETH gap=8090.6bps profit=$10.815 net=$10.812"}
{"level":30,"time":1790819134698,"pid":1067,"hostname":"vm","block":52014856,"gross":217,"net":16,"sumNetUsd":85.763,"gasPriceGwei":0.006,"txCostUsd":0.004,"syncMs":73521,"searchMs":139,"msg":"block scanned"}
{"level":30,"time":1790819134698,"pid":1067,"hostname":"vm","msg":"  Fren Pet>WETH@UniswapV3/3000 WETH>Fren Pet@UniswapV2 in=2.373 Fren Pet gap=8090.6bps profit=$10.782 net=$10.779"}
{"level":30,"time":1790819134698,"pid":1067,"hostname":"vm","msg":"  Fren Pet>WETH@UniswapV3/3000 WETH>Fren Pet@BaseSwap in=2.373 Fren Pet gap=8153.6bps profit=$10.628 net=$10.625"}
{"level":30,"time":1790819134698,"pid":1067,"hostname":"vm","msg":"  REPPO>WETH@AerodromeCL2/1 WETH>REPPO@AerodromeCL2/200 in=2.102 REPPO gap=350.2bps profit=$0.001 net=$-0.002"}
{"level":30,"time":1790819134698,"pid":1067,"hostname":"vm","msg":"  REPPO>WETH@AerodromeCL2/1 WETH>REPPO@UniswapV3/10000 in=2.102 REPPO gap=347.6bps profit=$0.001 net=$-0.003"}
{"level":30,"time":1790819134698,"pid":1067,"hostname":"vm","msg":"  WETH>Fren Pet@UniswapV2 Fren Pet>WETH@UniswapV3/3000 in=0.005308 WETH gap=8090.6bps profit=$10.815 net=$10.812"}
{"level":30,"time":1790819138497,"pid":1067,"hostname":"vm","block":52014894,"gross":218,"net":16,"sumNetUsd":85.356,"gasPriceGwei":0.006,"txCostUsd":0.004,"syncMs":2465,"searchMs":107,"msg":"block scanned"}
{"level":30,"time":1790819138498,"pid":1067,"hostname":"vm","msg":"  Fren Pet>WETH@UniswapV3/3000 WETH>Fren Pet@UniswapV2 in=2.373 Fren Pet gap=8038.9bps profit=$10.741 net=$10.738"}
{"level":30,"time":1790819138498,"pid":1067,"hostname":"vm","msg":"  Fren Pet>WETH@UniswapV3/3000 WETH>Fren Pet@BaseSwap in=2.373 Fren Pet gap=8153.6bps profit=$10.658 net=$10.655"}
{"level":30,"time":1790819138498,"pid":1067,"hostname":"vm","msg":"  REPPO>WETH@AerodromeCL2/1 WETH>REPPO@AerodromeCL2/200 in=2.102 REPPO gap=350.2bps profit=$0.001 net=$-0.002"}
{"level":30,"time":1790819138498,"pid":1067,"hostname":"vm","msg":"  REPPO>WETH@AerodromeCL2/1 WETH>REPPO@UniswapV3/10000 in=2.102 REPPO gap=347.6bps profit=$0.001 net=$-0.003"}
{"level":30,"time":1790819138498,"pid":1067,"hostname":"vm","msg":"  WETH>Fren Pet@BaseSwap Fren Pet>WETH@UniswapV3/3000 in=0.005317 WETH gap=8153.6bps profit=$10.789 net=$10.786"}
{"level":30,"time":1790819142823,"pid":1067,"hostname":"vm","block":52014896,"gross":203,"net":16,"sumNetUsd":85.346,"gasPriceGwei":0.006,"txCostUsd":0.004,"syncMs":1304,"searchMs":126,"msg":"block scanned"}
{"level":30,"time":1790819142824,"pid":1067,"hostname":"vm","msg":"  Fren Pet>WETH@UniswapV3/3000 WETH>Fren Pet@UniswapV2 in=2.373 Fren Pet gap=8038.9bps profit=$10.741 net=$10.738"}
{"level":30,"time":1790819142824,"pid":1067,"hostname":"vm","msg":"  Fren Pet>WETH@UniswapV3/3000 WETH>Fren Pet@BaseSwap in=2.373 Fren Pet gap=8153.6bps profit=$10.658 net=$10.655"}
{"level":30,"time":1790819142824,"pid":1067,"hostname":"vm","msg":"  REPPO>WETH@AerodromeCL2/1 WETH>REPPO@AerodromeCL2/200 in=2.102 REPPO gap=350.2bps profit=$0.001 net=$-0.002"}
{"level":30,"time":1790819142824,"pid":1067,"hostname":"vm","msg":"  REPPO>WETH@AerodromeCL2/1 WETH>REPPO@UniswapV3/10000 in=2.102 REPPO gap=347.6bps profit=$0.001 net=$-0.003"}
{"level":30,"time":1790819142824,"pid":1067,"hostname":"vm","msg":"  WETH>Fren Pet@BaseSwap Fren Pet>WETH@UniswapV3/3000 in=0.005317 WETH gap=8153.6bps profit=$10.789 net=$10.786"}
{"level":30,"time":1790819146686,"pid":1067,"hostname":"vm","block":52014898,"gross":202,"net":16,"sumNetUsd":85.346,"gasPriceGwei":0.006,"txCostUsd":0.004,"syncMs":1931,"searchMs":124,"msg":"block scanned"}
{"level":30,"time":1790819146686,"pid":1067,"hostname":"vm","msg":"  Fren Pet>WETH@UniswapV3/3000 WETH>Fren Pet@UniswapV2 in=2.373 Fren Pet gap=8038.9bps profit=$10.741 net=$10.738"}
{"level":30,"time":1790819146686,"pid":1067,"hostname":"vm","msg":"  Fren Pet>WETH@UniswapV3/3000 WETH>Fren Pet@BaseSwap in=2.373 Fren Pet gap=8153.6bps profit=$10.658 net=$10.655"}
{"level":30,"time":1790819146686,"pid":1067,"hostname":"vm","msg":"  REPPO>WETH@AerodromeCL2/1 WETH>REPPO@AerodromeCL2/200 in=2.102 REPPO gap=350.2bps profit=$0.001 net=$-0.002"}
{"level":30,"time":1790819146686,"pid":1067,"hostname":"vm","msg":"  REPPO>WETH@AerodromeCL2/1 WETH>REPPO@UniswapV3/10000 in=2.102 REPPO gap=347.6bps profit=$0.001 net=$-0.003"}
{"level":30,"time":1790819146686,"pid":1067,"hostname":"vm","msg":"  WETH>Fren Pet@BaseSwap Fren Pet>WETH@UniswapV3/3000 in=0.005317 WETH gap=8153.6bps profit=$10.789 net=$10.786"}
{"level":30,"time":1790819152058,"pid":1067,"hostname":"vm","block":52014900,"gross":202,"net":16,"sumNetUsd":85.346,"gasPriceGwei":0.006,"txCostUsd":0.004,"syncMs":2093,"searchMs":129,"msg":"block scanned"}
{"level":30,"time":1790819152058,"pid":1067,"hostname":"vm","msg":"  Fren Pet>WETH@UniswapV3/3000 WETH>Fren Pet@UniswapV2 in=2.373 Fren Pet gap=8038.9bps profit=$10.741 net=$10.738"}
{"level":30,"time":1790819152058,"pid":1067,"hostname":"vm","msg":"  Fren Pet>WETH@UniswapV3/3000 WETH>Fren Pet@BaseSwap in=2.373 Fren Pet gap=8153.6bps profit=$10.658 net=$10.655"}
{"level":30,"time":1790819152058,"pid":1067,"hostname":"vm","msg":"  REPPO>WETH@AerodromeCL2/1 WETH>REPPO@AerodromeCL2/200 in=2.102 REPPO gap=350.2bps profit=$0.001 net=$-0.002"}
{"level":30,"time":1790819152058,"pid":1067,"hostname":"vm","msg":"  REPPO>WETH@AerodromeCL2/1 WETH>REPPO@UniswapV3/10000 in=2.102 REPPO gap=347.6bps profit=$0.001 net=$-0.003"}
{"level":30,"time":1790819152058,"pid":1067,"hostname":"vm","msg":"  WETH>Fren Pet@BaseSwap Fren Pet>WETH@UniswapV3/3000 in=0.005317 WETH gap=8153.6bps profit=$10.789 net=$10.786"}
{"level":30,"time":1790819155668,"pid":1067,"hostname":"vm","block":52014902,"gross":208,"net":16,"sumNetUsd":85.376,"gasPriceGwei":0.006,"txCostUsd":0.004,"syncMs":2086,"searchMs":135,"msg":"block scanned"}
{"level":30,"time":1790819155668,"pid":1067,"hostname":"vm","msg":"  Fren Pet>WETH@UniswapV3/3000 WETH>Fren Pet@UniswapV2 in=2.373 Fren Pet gap=8038.9bps profit=$10.741 net=$10.738"}
{"level":30,"time":1790819155668,"pid":1067,"hostname":"vm","msg":"  Fren Pet>WETH@UniswapV3/3000 WETH>Fren Pet@BaseSwap in=2.373 Fren Pet gap=8153.6bps profit=$10.658 net=$10.655"}
{"level":30,"time":1790819155668,"pid":1067,"hostname":"vm","msg":"  REPPO>WETH@AerodromeCL2/1 WETH>REPPO@AerodromeCL2/200 in=2.102 REPPO gap=350.2bps profit=$0.001 net=$-0.002"}
{"level":30,"time":1790819155668,"pid":1067,"hostname":"vm","msg":"  REPPO>WETH@AerodromeCL2/1 WETH>REPPO@UniswapV3/10000 in=2.102 REPPO gap=347.6bps profit=$0.001 net=$-0.003"}
{"level":30,"time":1790819155668,"pid":1067,"hostname":"vm","msg":"  WETH>Fren Pet@BaseSwap Fren Pet>WETH@UniswapV3/3000 in=0.005317 WETH gap=8153.6bps profit=$10.789 net=$10.786"}
{"level":30,"time":1790819159540,"pid":1067,"hostname":"vm","block":52014904,"gross":218,"net":16,"sumNetUsd":85.378,"gasPriceGwei":0.006,"txCostUsd":0.004,"syncMs":2090,"searchMs":106,"msg":"block scanned"}
{"level":30,"time":1790819159540,"pid":1067,"hostname":"vm","msg":"  Fren Pet>WETH@UniswapV3/3000 WETH>Fren Pet@UniswapV2 in=2.373 Fren Pet gap=8038.9bps profit=$10.741 net=$10.738"}
{"level":30,"time":1790819159540,"pid":1067,"hostname":"vm","msg":"  Fren Pet>WETH@UniswapV3/3000 WETH>Fren Pet@BaseSwap in=2.373 Fren Pet gap=8153.6bps profit=$10.658 net=$10.655"}
{"level":30,"time":1790819159540,"pid":1067,"hostname":"vm","msg":"  REPPO>WETH@AerodromeCL2/1 WETH>REPPO@AerodromeCL2/200 in=2.102 REPPO gap=350.2bps profit=$0.001 net=$-0.002"}
{"level":30,"time":1790819159540,"pid":1067,"hostname":"vm","msg":"  REPPO>WETH@AerodromeCL2/1 WETH>REPPO@UniswapV3/10000 in=2.102 REPPO gap=347.6bps profit=$0.001 net=$-0.003"}
{"level":30,"time":1790819159540,"pid":1067,"hostname":"vm","msg":"  WETH>Fren Pet@BaseSwap Fren Pet>WETH@UniswapV3/3000 in=0.005317 WETH gap=8153.6bps profit=$10.789 net=$10.786"}
{"level":30,"time":1790819162750,"pid":1067,"hostname":"vm","block":52014906,"gross":222,"net":16,"sumNetUsd":85.378,"gasPriceGwei":0.006,"txCostUsd":0.004,"syncMs":860,"searchMs":129,"msg":"block scanned"}
{"level":30,"time":1790819162750,"pid":1067,"hostname":"vm","msg":"  Fren Pet>WETH@UniswapV3/3000 WETH>Fren Pet@UniswapV2 in=2.373 Fren Pet gap=8038.9bps profit=$10.741 net=$10.738"}
{"level":30,"time":1790819162750,"pid":1067,"hostname":"vm","msg":"  Fren Pet>WETH@UniswapV3/3000 WETH>Fren Pet@BaseSwap in=2.373 Fren Pet gap=8153.6bps profit=$10.658 net=$10.655"}
{"level":30,"time":1790819162750,"pid":1067,"hostname":"vm","msg":"  REPPO>WETH@AerodromeCL2/1 WETH>REPPO@AerodromeCL2/200 in=2.102 REPPO gap=350.2bps profit=$0.001 net=$-0.002"}
{"level":30,"time":1790819162750,"pid":1067,"hostname":"vm","msg":"  REPPO>WETH@AerodromeCL2/1 WETH>REPPO@UniswapV3/10000 in=2.102 REPPO gap=347.6bps profit=$0.001 net=$-0.003"}
{"level":30,"time":1790819162750,"pid":1067,"hostname":"vm","msg":"  WETH>Fren Pet@BaseSwap Fren Pet>WETH@UniswapV3/3000 in=0.005317 WETH gap=8153.6bps profit=$10.789 net=$10.786"}
{"level":30,"time":1790819167572,"pid":1067,"hostname":"vm","block":52014908,"gross":202,"net":16,"sumNetUsd":85.381,"gasPriceGwei":0.006000357,"txCostUsd":0.004,"syncMs":2966,"searchMs":129,"msg":"block scanned"}
{"level":30,"time":1790819167572,"pid":1067,"hostname":"vm","msg":"  Fren Pet>WETH@UniswapV3/3000 WETH>Fren Pet@UniswapV2 in=2.373 Fren Pet gap=8038.9bps profit=$10.741 net=$10.738"}
{"level":30,"time":1790819167572,"pid":1067,"hostname":"vm","msg":"  Fren Pet>WETH@UniswapV3/3000 WETH>Fren Pet@BaseSwap in=2.373 Fren Pet gap=8153.6bps profit=$10.658 net=$10.655"}
{"level":30,"time":1790819167572,"pid":1067,"hostname":"vm","msg":"  REPPO>WETH@AerodromeCL2/1 WETH>REPPO@AerodromeCL2/200 in=2.102 REPPO gap=350.2bps profit=$0.001 net=$-0.002"}
{"level":30,"time":1790819167572,"pid":1067,"hostname":"vm","msg":"  REPPO>WETH@AerodromeCL2/1 WETH>REPPO@UniswapV3/10000 in=2.102 REPPO gap=347.6bps profit=$0.001 net=$-0.003"}
{"level":30,"time":1790819167572,"pid":1067,"hostname":"vm","msg":"  WETH>Fren Pet@BaseSwap Fren Pet>WETH@UniswapV3/3000 in=0.005317 WETH gap=8153.6bps profit=$10.789 net=$10.786"}
{"level":30,"time":1790819171884,"pid":1067,"hostname":"vm","block":52014910,"gross":219,"net":16,"sumNetUsd":85.393,"gasPriceGwei":0.006,"txCostUsd":0.004,"syncMs":2099,"searchMs":132,"msg":"block scanned"}
{"level":30,"time":1790819171884,"pid":1067,"hostname":"vm","msg":"  Fren Pet>WETH@UniswapV3/3000 WETH>Fren Pet@UniswapV2 in=2.373 Fren Pet gap=8038.9bps profit=$10.741 net=$10.738"}
{"level":30,"time":1790819171884,"pid":1067,"hostname":"vm","msg":"  Fren Pet>WETH@UniswapV3/3000 WETH>Fren Pet@BaseSwap in=2.373 Fren Pet gap=8153.6bps profit=$10.658 net=$10.655"}
{"level":30,"time":1790819171884,"pid":1067,"hostname":"vm","msg":"  REPPO>WETH@AerodromeCL2/1 WETH>REPPO@AerodromeCL2/200 in=2.102 REPPO gap=350.2bps profit=$0.001 net=$-0.002"}
{"level":30,"time":1790819171884,"pid":1067,"hostname":"vm","msg":"  REPPO>WETH@AerodromeCL2/1 WETH>REPPO@UniswapV3/10000 in=2.102 REPPO gap=347.6bps profit=$0.001 net=$-0.003"}
{"level":30,"time":1790819171884,"pid":1067,"hostname":"vm","msg":"  WETH>Fren Pet@BaseSwap Fren Pet>WETH@UniswapV3/3000 in=0.005317 WETH gap=8153.6bps profit=$10.789 net=$10.786"}
{"level":30,"time":1790819175680,"pid":1067,"hostname":"vm","block":52014912,"gross":219,"net":18,"sumNetUsd":85.393,"gasPriceGwei":0.006,"txCostUsd":0.004,"syncMs":1259,"searchMs":170,"msg":"block scanned"}
{"level":30,"time":1790819175680,"pid":1067,"hostname":"vm","msg":"  Fren Pet>WETH@UniswapV3/3000 WETH>Fren Pet@UniswapV2 in=2.373 Fren Pet gap=8038.9bps profit=$10.741 net=$10.738"}
{"level":30,"time":1790819175680,"pid":1067,"hostname":"vm","msg":"  Fren Pet>WETH@UniswapV3/3000 WETH>Fren Pet@BaseSwap in=2.373 Fren Pet gap=8153.6bps profit=$10.658 net=$10.655"}
{"level":30,"time":1790819175680,"pid":1067,"hostname":"vm","msg":"  REPPO>WETH@AerodromeCL2/1 WETH>REPPO@AerodromeCL2/200 in=2.102 REPPO gap=350.2bps profit=$0.001 net=$-0.002"}
{"level":30,"time":1790819175680,"pid":1067,"hostname":"vm","msg":"  REPPO>WETH@AerodromeCL2/1 WETH>REPPO@UniswapV3/10000 in=2.102 REPPO gap=347.6bps profit=$0.001 net=$-0.003"}
{"level":30,"time":1790819175680,"pid":1067,"hostname":"vm","msg":"  PROS>USDC@AerodromeCL3/200 USDC>PROS@AerodromeCL3/1 in=13.29 PROS gap=9.6bps profit=$0.004 net=$0.000"}
{"level":30,"time":1790819179846,"pid":1067,"hostname":"vm","block":52014914,"gross":219,"net":16,"sumNetUsd":85.393,"gasPriceGwei":0.006,"txCostUsd":0.004,"syncMs":2091,"searchMs":149,"msg":"block scanned"}
{"level":30,"time":1790819179846,"pid":1067,"hostname":"vm","msg":"  Fren Pet>WETH@UniswapV3/3000 WETH>Fren Pet@UniswapV2 in=2.373 Fren Pet gap=8038.9bps profit=$10.741 net=$10.738"}
{"level":30,"time":1790819179846,"pid":1067,"hostname":"vm","msg":"  Fren Pet>WETH@UniswapV3/3000 WETH>Fren Pet@BaseSwap in=2.373 Fren Pet gap=8153.6bps profit=$10.658 net=$10.655"}
{"level":30,"time":1790819179846,"pid":1067,"hostname":"vm","msg":"  REPPO>WETH@AerodromeCL2/1 WETH>REPPO@AerodromeCL2/200 in=2.102 REPPO gap=350.2bps profit=$0.001 net=$-0.002"}
{"level":30,"time":1790819179846,"pid":1067,"hostname":"vm","msg":"  REPPO>WETH@AerodromeCL2/1 WETH>REPPO@UniswapV3/10000 in=2.102 REPPO gap=347.6bps profit=$0.001 net=$-0.003"}
{"level":30,"time":1790819179846,"pid":1067,"hostname":"vm","msg":"  PROS>USDC@AerodromeCL3/200 USDC>PROS@AerodromeCL3/1 in=12.04 PROS gap=8.9bps profit=$0.003 net=$-0.000"}
{"level":30,"time":1790819183742,"pid":1067,"hostname":"vm","block":52014916,"gross":219,"net":18,"sumNetUsd":85.393,"gasPriceGwei":0.006,"txCostUsd":0.004,"syncMs":2065,"searchMs":135,"msg":"block scanned"}
{"level":30,"time":1790819183743,"pid":1067,"hostname":"vm","msg":"  Fren Pet>WETH@UniswapV3/3000 WETH>Fren Pet@UniswapV2 in=2.373 Fren Pet gap=8038.9bps profit=$10.741 net=$10.738"}
{"level":30,"time":1790819183743,"pid":1067,"hostname":"vm","msg":"  Fren Pet>WETH@UniswapV3/3000 WETH>Fren Pet@BaseSwap in=2.373 Fren Pet gap=8153.6bps profit=$10.658 net=$10.655"}
{"level":30,"time":1790819183743,"pid":1067,"hostname":"vm","msg":"  REPPO>WETH@AerodromeCL2/1 WETH>REPPO@AerodromeCL2/200 in=2.102 REPPO gap=350.2bps profit=$0.001 net=$-0.002"}
{"level":30,"time":1790819183743,"pid":1067,"hostname":"vm","msg":"  REPPO>WETH@AerodromeCL2/1 WETH>REPPO@UniswapV3/10000 in=2.102 REPPO gap=347.6bps profit=$0.001 net=$-0.003"}
{"level":30,"time":1790819183743,"pid":1067,"hostname":"vm","msg":"  PROS>USDC@AerodromeCL3/200 USDC>PROS@AerodromeCL3/1 in=14.12 PROS gap=10.1bps profit=$0.004 net=$0.001"}
{"level":30,"time":1790819189675,"pid":1067,"hostname":"vm","block":52014918,"gross":216,"net":18,"sumNetUsd":85.393,"gasPriceGwei":0.006,"txCostUsd":0.004,"syncMs":2759,"searchMs":142,"msg":"block scanned"}
{"level":30,"time":1790819189676,"pid":1067,"hostname":"vm","msg":"  Fren Pet>WETH@UniswapV3/3000 WETH>Fren Pet@UniswapV2 in=2.373 Fren Pet gap=8038.9bps profit=$10.741 net=$10.738"}
{"level":30,"time":1790819189676,"pid":1067,"hostname":"vm","msg":"  Fren Pet>WETH@UniswapV3/3000 WETH>Fren Pet@BaseSwap in=2.373 Fren Pet gap=8153.6bps profit=$10.658 net=$10.655"}
{"level":30,"time":1790819189676,"pid":1067,"hostname":"vm","msg":"  REPPO>WETH@AerodromeCL2/1 WETH>REPPO@AerodromeCL2/200 in=2.102 REPPO gap=350.2bps profit=$0.001 net=$-0.002"}
{"level":30,"time":1790819189676,"pid":1067,"hostname":"vm","msg":"  REPPO>WETH@AerodromeCL2/1 WETH>REPPO@UniswapV3/10000 in=2.102 REPPO gap=347.6bps profit=$0.001 net=$-0.003"}
{"level":30,"time":1790819189676,"pid":1067,"hostname":"vm","msg":"  PROS>USDC@AerodromeCL3/200 USDC>PROS@AerodromeCL3/1 in=14.12 PROS gap=10.1bps profit=$0.004 net=$0.001"}
{"level":30,"time":1790819193430,"pid":1067,"hostname":"vm","block":52014921,"gross":216,"net":18,"sumNetUsd":85.393,"gasPriceGwei":0.006,"txCostUsd":0.004,"syncMs":2131,"searchMs":131,"msg":"block scanned"}
{"level":30,"time":1790819193430,"pid":1067,"hostname":"vm","msg":"  Fren Pet>WETH@UniswapV3/3000 WETH>Fren Pet@UniswapV2 in=2.373 Fren Pet gap=8038.9bps profit=$10.741 net=$10.738"}
{"level":30,"time":1790819193430,"pid":1067,"hostname":"vm","msg":"  Fren Pet>WETH@UniswapV3/3000 WETH>Fren Pet@BaseSwap in=2.373 Fren Pet gap=8153.6bps profit=$10.658 net=$10.655"}
{"level":30,"time":1790819193430,"pid":1067,"hostname":"vm","msg":"  REPPO>WETH@AerodromeCL2/1 WETH>REPPO@AerodromeCL2/200 in=2.102 REPPO gap=350.2bps profit=$0.001 net=$-0.002"}
{"level":30,"time":1790819193430,"pid":1067,"hostname":"vm","msg":"  REPPO>WETH@AerodromeCL2/1 WETH>REPPO@UniswapV3/10000 in=2.102 REPPO gap=347.6bps profit=$0.001 net=$-0.003"}
{"level":30,"time":1790819193430,"pid":1067,"hostname":"vm","msg":"  PROS>USDC@AerodromeCL3/200 USDC>PROS@AerodromeCL3/1 in=14.12 PROS gap=10.1bps profit=$0.004 net=$0.001"}
{"level":30,"time":1790819262558,"pid":1067,"hostname":"vm","block":52014923,"gross":206,"net":18,"sumNetUsd":85.394,"gasPriceGwei":0.006,"txCostUsd":0.004,"syncMs":67657,"searchMs":121,"msg":"block scanned"}
{"level":30,"time":1790819262558,"pid":1067,"hostname":"vm","msg":"  Fren Pet>WETH@UniswapV3/3000 WETH>Fren Pet@UniswapV2 in=2.373 Fren Pet gap=8038.9bps profit=$10.741 net=$10.738"}
{"level":30,"time":1790819262558,"pid":1067,"hostname":"vm","msg":"  Fren Pet>WETH@UniswapV3/3000 WETH>Fren Pet@BaseSwap in=2.373 Fren Pet gap=8153.6bps profit=$10.658 net=$10.655"}
{"level":30,"time":1790819262558,"pid":1067,"hostname":"vm","msg":"  REPPO>WETH@AerodromeCL2/1 WETH>REPPO@AerodromeCL2/200 in=2.102 REPPO gap=350.2bps profit=$0.001 net=$-0.002"}
{"level":30,"time":1790819262558,"pid":1067,"hostname":"vm","msg":"  REPPO>WETH@AerodromeCL2/1 WETH>REPPO@UniswapV3/10000 in=2.102 REPPO gap=347.6bps profit=$0.001 net=$-0.003"}
{"level":30,"time":1790819262558,"pid":1067,"hostname":"vm","msg":"  PROS>USDC@AerodromeCL3/200 USDC>PROS@AerodromeCL3/1 in=14.12 PROS gap=10.1bps profit=$0.004 net=$0.001"}
{"level":30,"time":1790819266666,"pid":1067,"hostname":"vm","block":52014958,"gross":177,"net":16,"sumNetUsd":85.319,"gasPriceGwei":0.006,"txCostUsd":0.004,"syncMs":2501,"searchMs":141,"msg":"block scanned"}
{"level":30,"time":1790819266666,"pid":1067,"hostname":"vm","msg":"  Fren Pet>WETH@UniswapV3/3000 WETH>Fren Pet@UniswapV2 in=2.373 Fren Pet gap=8027.4bps profit=$10.732 net=$10.729"}
{"level":30,"time":1790819266666,"pid":1067,"hostname":"vm","msg":"  Fren Pet>WETH@UniswapV3/3000 WETH>Fren Pet@BaseSwap in=2.373 Fren Pet gap=8153.6bps profit=$10.665 net=$10.662"}
{"level":30,"time":1790819266666,"pid":1067,"hostname":"vm","msg":"  REPPO>WETH@AerodromeCL2/1 WETH>REPPO@AerodromeCL2/200 in=2.102 REPPO gap=350.2bps profit=$0.001 net=$-0.002"}
{"level":30,"time":1790819266666,"pid":1067,"hostname":"vm","msg":"  REPPO>WETH@AerodromeCL2/1 WETH>REPPO@UniswapV3/10000 in=2.102 REPPO gap=347.6bps profit=$0.001 net=$-0.003"}
{"level":30,"time":1790819266666,"pid":1067,"hostname":"vm","msg":"  WETH>Fren Pet@BaseSwap Fren Pet>WETH@UniswapV3/3000 in=0.005317 WETH gap=8153.6bps profit=$10.789 net=$10.786"}
{"level":30,"time":1790819271607,"pid":1067,"hostname":"vm","block":52014960,"gross":175,"net":16,"sumNetUsd":85.317,"gasPriceGwei":0.006,"txCostUsd":0.004,"syncMs":1927,"searchMs":114,"msg":"block scanned"}
{"level":30,"time":1790819271607,"pid":1067,"hostname":"vm","msg":"  Fren Pet>WETH@UniswapV3/3000 WETH>Fren Pet@UniswapV2 in=2.373 Fren Pet gap=8027.4bps profit=$10.732 net=$10.729"}
{"level":30,"time":1790819271607,"pid":1067,"hostname":"vm","msg":"  Fren Pet>WETH@UniswapV3/3000 WETH>Fren Pet@BaseSwap in=2.373 Fren Pet gap=8153.6bps profit=$10.665 net=$10.662"}
{"level":30,"time":1790819271607,"pid":1067,"hostname":"vm","msg":"  REPPO>WETH@AerodromeCL2/1 WETH>REPPO@AerodromeCL2/200 in=2.102 REPPO gap=350.2bps profit=$0.001 net=$-0.002"}
{"level":30,"time":1790819271607,"pid":1067,"hostname":"vm","msg":"  REPPO>WETH@AerodromeCL2/1 WETH>REPPO@UniswapV3/10000 in=2.102 REPPO gap=347.6bps profit=$0.001 net=$-0.003"}
{"level":30,"time":1790819271607,"pid":1067,"hostname":"vm","msg":"  WETH>Fren Pet@BaseSwap Fren Pet>WETH@UniswapV3/3000 in=0.005317 WETH gap=8153.6bps profit=$10.789 net=$10.786"}
{"level":30,"time":1790819275540,"pid":1067,"hostname":"vm","block":52014962,"gross":175,"net":16,"sumNetUsd":85.317,"gasPriceGwei":0.006,"txCostUsd":0.004,"syncMs":2533,"searchMs":110,"msg":"block scanned"}
{"level":30,"time":1790819275540,"pid":1067,"hostname":"vm","msg":"  Fren Pet>WETH@UniswapV3/3000 WETH>Fren Pet@UniswapV2 in=2.373 Fren Pet gap=8027.4bps profit=$10.732 net=$10.729"}
{"level":30,"time":1790819275540,"pid":1067,"hostname":"vm","msg":"  Fren Pet>WETH@UniswapV3/3000 WETH>Fren Pet@BaseSwap in=2.373 Fren Pet gap=8153.6bps profit=$10.665 net=$10.662"}
{"level":30,"time":1790819275540,"pid":1067,"hostname":"vm","msg":"  REPPO>WETH@AerodromeCL2/1 WETH>REPPO@AerodromeCL2/200 in=2.102 REPPO gap=350.2bps profit=$0.001 net=$-0.002"}
{"level":30,"time":1790819275540,"pid":1067,"hostname":"vm","msg":"  REPPO>WETH@AerodromeCL2/1 WETH>REPPO@UniswapV3/10000 in=2.102 REPPO gap=347.6bps profit=$0.001 net=$-0.003"}
{"level":30,"time":1790819275540,"pid":1067,"hostname":"vm","msg":"  WETH>Fren Pet@BaseSwap Fren Pet>WETH@UniswapV3/3000 in=0.005317 WETH gap=8153.6bps profit=$10.789 net=$10.786"}
{"level":30,"time":1790819278737,"pid":1067,"hostname":"vm","block":52014964,"gross":175,"net":16,"sumNetUsd":85.304,"gasPriceGwei":0.006,"txCostUsd":0.004,"syncMs":1237,"searchMs":118,"msg":"block scanned"}
{"level":30,"time":1790819278737,"pid":1067,"hostname":"vm","msg":"  Fren Pet>WETH@UniswapV3/3000 WETH>Fren Pet@UniswapV2 in=2.373 Fren Pet gap=8027.4bps profit=$10.732 net=$10.729"}
{"level":30,"time":1790819278737,"pid":1067,"hostname":"vm","msg":"  Fren Pet>WETH@UniswapV3/3000 WETH>Fren Pet@BaseSwap in=2.373 Fren Pet gap=8153.6bps profit=$10.665 net=$10.662"}
{"level":30,"time":1790819278737,"pid":1067,"hostname":"vm","msg":"  REPPO>WETH@AerodromeCL2/1 WETH>REPPO@AerodromeCL2/200 in=2.102 REPPO gap=350.2bps profit=$0.001 net=$-0.002"}
{"level":30,"time":1790819278737,"pid":1067,"hostname":"vm","msg":"  REPPO>WETH@AerodromeCL2/1 WETH>REPPO@UniswapV3/10000 in=2.102 REPPO gap=347.6bps profit=$0.001 net=$-0.003"}
{"level":30,"time":1790819278737,"pid":1067,"hostname":"vm","msg":"  WETH>Fren Pet@BaseSwap Fren Pet>WETH@UniswapV3/3000 in=0.005317 WETH gap=8153.6bps profit=$10.789 net=$10.786"}
{"level":30,"time":1790819282822,"pid":1067,"hostname":"vm","block":52014966,"gross":175,"net":16,"sumNetUsd":85.305,"gasPriceGwei":0.006,"txCostUsd":0.004,"syncMs":2202,"searchMs":112,"msg":"block scanned"}
{"level":30,"time":1790819282822,"pid":1067,"hostname":"vm","msg":"  Fren Pet>WETH@UniswapV3/3000 WETH>Fren Pet@UniswapV2 in=2.373 Fren Pet gap=8027.4bps profit=$10.732 net=$10.729"}
{"level":30,"time":1790819282822,"pid":1067,"hostname":"vm","msg":"  Fren Pet>WETH@UniswapV3/3000 WETH>Fren Pet@BaseSwap in=2.373 Fren Pet gap=8153.6bps profit=$10.665 net=$10.662"}
{"level":30,"time":1790819282822,"pid":1067,"hostname":"vm","msg":"  REPPO>WETH@AerodromeCL2/1 WETH>REPPO@AerodromeCL2/200 in=2.102 REPPO gap=350.2bps profit=$0.001 net=$-0.002"}
{"level":30,"time":1790819282822,"pid":1067,"hostname":"vm","msg":"  REPPO>WETH@AerodromeCL2/1 WETH>REPPO@UniswapV3/10000 in=2.102 REPPO gap=347.6bps profit=$0.001 net=$-0.003"}
{"level":30,"time":1790819282822,"pid":1067,"hostname":"vm","msg":"  WETH>Fren Pet@BaseSwap Fren Pet>WETH@UniswapV3/3000 in=0.005317 WETH gap=8153.6bps profit=$10.789 net=$10.786"}
{"level":30,"time":1790819286799,"pid":1067,"hostname":"vm","block":52014968,"gross":175,"net":16,"sumNetUsd":85.305,"gasPriceGwei":0.006,"txCostUsd":0.004,"syncMs":1705,"searchMs":112,"msg":"block scanned"}
{"level":30,"time":1790819286799,"pid":1067,"hostname":"vm","msg":"  Fren Pet>WETH@UniswapV3/3000 WETH>Fren Pet@UniswapV2 in=2.373 Fren Pet gap=8027.4bps profit=$10.732 net=$10.729"}
{"level":30,"time":1790819286799,"pid":1067,"hostname":"vm","msg":"  Fren Pet>WETH@UniswapV3/3000 WETH>Fren Pet@BaseSwap in=2.373 Fren Pet gap=8153.6bps profit=$10.665 net=$10.662"}
{"level":30,"time":1790819286799,"pid":1067,"hostname":"vm","msg":"  REPPO>WETH@AerodromeCL2/1 WETH>REPPO@AerodromeCL2/200 in=2.102 REPPO gap=350.2bps profit=$0.001 net=$-0.002"}
{"level":30,"time":1790819286799,"pid":1067,"hostname":"vm","msg":"  REPPO>WETH@AerodromeCL2/1 WETH>REPPO@UniswapV3/10000 in=2.102 REPPO gap=347.6bps profit=$0.001 net=$-0.003"}
{"level":30,"time":1790819286799,"pid":1067,"hostname":"vm","msg":"  WETH>Fren Pet@BaseSwap Fren Pet>WETH@UniswapV3/3000 in=0.005317 WETH gap=8153.6bps profit=$10.789 net=$10.786"}
{"level":30,"time":1790819290907,"pid":1067,"hostname":"vm","block":52014970,"gross":175,"net":16,"sumNetUsd":85.306,"gasPriceGwei":0.006,"txCostUsd":0.004,"syncMs":1993,"searchMs":93,"msg":"block scanned"}
{"level":30,"time":1790819290907,"pid":1067,"hostname":"vm","msg":"  Fren Pet>WETH@UniswapV3/3000 WETH>Fren Pet@UniswapV2 in=2.373 Fren Pet gap=8027.4bps profit=$10.732 net=$10.729"}
{"level":30,"time":1790819290907,"pid":1067,"hostname":"vm","msg":"  Fren Pet>WETH@UniswapV3/3000 WETH>Fren Pet@BaseSwap in=2.373 Fren Pet gap=8153.6bps profit=$10.665 net=$10.662"}
{"level":30,"time":1790819290907,"pid":1067,"hostname":"vm","msg":"  REPPO>WETH@AerodromeCL2/1 WETH>REPPO@AerodromeCL2/200 in=2.102 REPPO gap=350.2bps profit=$0.001 net=$-0.002"}
{"level":30,"time":1790819290907,"pid":1067,"hostname":"vm","msg":"  REPPO>WETH@AerodromeCL2/1 WETH>REPPO@UniswapV3/10000 in=2.102 REPPO gap=347.6bps profit=$0.001 net=$-0.003"}
{"level":30,"time":1790819290907,"pid":1067,"hostname":"vm","msg":"  WETH>Fren Pet@BaseSwap Fren Pet>WETH@UniswapV3/3000 in=0.005317 WETH gap=8153.6bps profit=$10.789 net=$10.786"}
{"level":30,"time":1790819294756,"pid":1067,"hostname":"vm","block":52014972,"gross":175,"net":16,"sumNetUsd":85.308,"gasPriceGwei":0.006,"txCostUsd":0.004,"syncMs":1976,"searchMs":130,"msg":"block scanned"}
{"level":30,"time":1790819294756,"pid":1067,"hostname":"vm","msg":"  Fren Pet>WETH@UniswapV3/3000 WETH>Fren Pet@UniswapV2 in=2.373 Fren Pet gap=8027.4bps profit=$10.732 net=$10.729"}
{"level":30,"time":1790819294756,"pid":1067,"hostname":"vm","msg":"  Fren Pet>WETH@UniswapV3/3000 WETH>Fren Pet@BaseSwap in=2.373 Fren Pet gap=8153.6bps profit=$10.665 net=$10.662"}
{"level":30,"time":1790819294756,"pid":1067,"hostname":"vm","msg":"  REPPO>WETH@AerodromeCL2/1 WETH>REPPO@AerodromeCL2/200 in=2.102 REPPO gap=350.2bps profit=$0.001 net=$-0.002"}
{"level":30,"time":1790819294756,"pid":1067,"hostname":"vm","msg":"  REPPO>WETH@AerodromeCL2/1 WETH>REPPO@UniswapV3/10000 in=2.102 REPPO gap=347.6bps profit=$0.001 net=$-0.003"}
{"level":30,"time":1790819294756,"pid":1067,"hostname":"vm","msg":"  WETH>Fren Pet@BaseSwap Fren Pet>WETH@UniswapV3/3000 in=0.005317 WETH gap=8153.6bps profit=$10.789 net=$10.786"}
{"level":30,"time":1790819299673,"pid":1067,"hostname":"vm","block":52014973,"gross":177,"net":16,"sumNetUsd":85.308,"gasPriceGwei":0.006,"txCostUsd":0.004,"syncMs":2508,"searchMs":111,"msg":"block scanned"}
{"level":30,"time":1790819299673,"pid":1067,"hostname":"vm","msg":"  Fren Pet>WETH@UniswapV3/3000 WETH>Fren Pet@UniswapV2 in=2.373 Fren Pet gap=8027.4bps profit=$10.732 net=$10.729"}
{"level":30,"time":1790819299673,"pid":1067,"hostname":"vm","msg":"  Fren Pet>WETH@UniswapV3/3000 WETH>Fren Pet@BaseSwap in=2.373 Fren Pet gap=8153.6bps profit=$10.665 net=$10.662"}
{"level":30,"time":1790819299673,"pid":1067,"hostname":"vm","msg":"  REPPO>WETH@AerodromeCL2/1 WETH>REPPO@AerodromeCL2/200 in=2.102 REPPO gap=350.2bps profit=$0.001 net=$-0.002"}
{"level":30,"time":1790819299673,"pid":1067,"hostname":"vm","msg":"  REPPO>WETH@AerodromeCL2/1 WETH>REPPO@UniswapV3/10000 in=2.102 REPPO gap=347.6bps profit=$0.001 net=$-0.003"}
{"level":30,"time":1790819299673,"pid":1067,"hostname":"vm","msg":"  WETH>Fren Pet@BaseSwap Fren Pet>WETH@UniswapV3/3000 in=0.005317 WETH gap=8153.6bps profit=$10.789 net=$10.786"}
{"level":30,"time":1790819303661,"pid":1067,"hostname":"vm","block":52014976,"gross":179,"net":16,"sumNetUsd":85.308,"gasPriceGwei":0.006,"txCostUsd":0.004,"syncMs":2212,"searchMs":120,"msg":"block scanned"}
{"level":30,"time":1790819303661,"pid":1067,"hostname":"vm","msg":"  Fren Pet>WETH@UniswapV3/3000 WETH>Fren Pet@UniswapV2 in=2.373 Fren Pet gap=8027.4bps profit=$10.732 net=$10.729"}
{"level":30,"time":1790819303661,"pid":1067,"hostname":"vm","msg":"  Fren Pet>WETH@UniswapV3/3000 WETH>Fren Pet@BaseSwap in=2.373 Fren Pet gap=8153.6bps profit=$10.665 net=$10.662"}
{"level":30,"time":1790819303661,"pid":1067,"hostname":"vm","msg":"  REPPO>WETH@AerodromeCL2/1 WETH>REPPO@AerodromeCL2/200 in=2.102 REPPO gap=350.2bps profit=$0.001 net=$-0.002"}
{"level":30,"time":1790819303661,"pid":1067,"hostname":"vm","msg":"  REPPO>WETH@AerodromeCL2/1 WETH>REPPO@UniswapV3/10000 in=2.102 REPPO gap=347.6bps profit=$0.001 net=$-0.003"}
{"level":30,"time":1790819303661,"pid":1067,"hostname":"vm","msg":"  WETH>Fren Pet@BaseSwap Fren Pet>WETH@UniswapV3/3000 in=0.005317 WETH gap=8153.6bps profit=$10.789 net=$10.786"}
{"level":30,"time":1790819308496,"pid":1067,"hostname":"vm","block":52014978,"gross":179,"net":16,"sumNetUsd":85.308,"gasPriceGwei":0.006,"txCostUsd":0.004,"syncMs":2526,"searchMs":104,"msg":"block scanned"}
{"level":30,"time":1790819308496,"pid":1067,"hostname":"vm","msg":"  Fren Pet>WETH@UniswapV3/3000 WETH>Fren Pet@UniswapV2 in=2.373 Fren Pet gap=8027.4bps profit=$10.732 net=$10.729"}
{"level":30,"time":1790819308496,"pid":1067,"hostname":"vm","msg":"  Fren Pet>WETH@UniswapV3/3000 WETH>Fren Pet@BaseSwap in=2.373 Fren Pet gap=8153.6bps profit=$10.665 net=$10.662"}
{"level":30,"time":1790819308496,"pid":1067,"hostname":"vm","msg":"  REPPO>WETH@AerodromeCL2/1 WETH>REPPO@AerodromeCL2/200 in=2.102 REPPO gap=350.2bps profit=$0.001 net=$-0.002"}
{"level":30,"time":1790819308496,"pid":1067,"hostname":"vm","msg":"  REPPO>WETH@AerodromeCL2/1 WETH>REPPO@UniswapV3/10000 in=2.102 REPPO gap=347.6bps profit=$0.001 net=$-0.003"}
{"level":30,"time":1790819308496,"pid":1067,"hostname":"vm","msg":"  WETH>Fren Pet@BaseSwap Fren Pet>WETH@UniswapV3/3000 in=0.005317 WETH gap=8153.6bps profit=$10.789 net=$10.786"}

[exit-flush] SIGTERM received at 2026-10-01T01:48:30.732Z; flushing for 5 s then exiting 143
{"level":30,"time":1790819311568,"pid":1067,"hostname":"vm","block":52014980,"gross":177,"net":16,"sumNetUsd":85.313,"gasPriceGwei":0.006,"txCostUsd":0.004,"syncMs":1785,"searchMs":169,"msg":"block scanned"}
{"level":30,"time":1790819311569,"pid":1067,"hostname":"vm","msg":"  Fren Pet>WETH@UniswapV3/3000 WETH>Fren Pet@UniswapV2 in=2.373 Fren Pet gap=8027.4bps profit=$10.732 net=$10.729"}
{"level":30,"time":1790819311569,"pid":1067,"hostname":"vm","msg":"  Fren Pet>WETH@UniswapV3/3000 WETH>Fren Pet@BaseSwap in=2.373 Fren Pet gap=8153.6bps profit=$10.665 net=$10.662"}
{"level":30,"time":1790819311569,"pid":1067,"hostname":"vm","msg":"  REPPO>WETH@AerodromeCL2/1 WETH>REPPO@AerodromeCL2/200 in=2.102 REPPO gap=350.2bps profit=$0.001 net=$-0.002"}
{"level":30,"time":1790819311569,"pid":1067,"hostname":"vm","msg":"  REPPO>WETH@AerodromeCL2/1 WETH>REPPO@UniswapV3/10000 in=2.102 REPPO gap=347.6bps profit=$0.001 net=$-0.003"}
{"level":30,"time":1790819311569,"pid":1067,"hostname":"vm","msg":"  WETH>Fren Pet@BaseSwap Fren Pet>WETH@UniswapV3/3000 in=0.005317 WETH gap=8153.6bps profit=$10.789 net=$10.786"}
{"level":30,"time":1790819315717,"pid":1067,"hostname":"vm","block":52014982,"gross":177,"net":16,"sumNetUsd":85.316,"gasPriceGwei":0.006,"txCostUsd":0.004,"syncMs":2549,"searchMs":109,"msg":"block scanned"}
{"level":30,"time":1790819315717,"pid":1067,"hostname":"vm","msg":"  Fren Pet>WETH@UniswapV3/3000 WETH>Fren Pet@UniswapV2 in=2.373 Fren Pet gap=8027.4bps profit=$10.732 net=$10.729"}
{"level":30,"time":1790819315717,"pid":1067,"hostname":"vm","msg":"  Fren Pet>WETH@UniswapV3/3000 WETH>Fren Pet@BaseSwap in=2.373 Fren Pet gap=8153.6bps profit=$10.665 net=$10.662"}
{"level":30,"time":1790819315717,"pid":1067,"hostname":"vm","msg":"  REPPO>WETH@AerodromeCL2/1 WETH>REPPO@AerodromeCL2/200 in=2.102 REPPO gap=350.2bps profit=$0.001 net=$-0.002"}
{"level":30,"time":1790819315717,"pid":1067,"hostname":"vm","msg":"  REPPO>WETH@AerodromeCL2/1 WETH>REPPO@UniswapV3/10000 in=2.102 REPPO gap=347.6bps profit=$0.001 net=$-0.003"}
{"level":30,"time":1790819315717,"pid":1067,"hostname":"vm","msg":"  WETH>Fren Pet@BaseSwap Fren Pet>WETH@UniswapV3/3000 in=0.005317 WETH gap=8153.6bps profit=$10.789 net=$10.786"}
exit=143 capped=1
