token,price_native,decimals,confidence
0x00000000000050806673b532d7486ac114c1de3f,5.890490318226864e-05,18,0.99
0x0000000000085d4780b73119b644ae5ecd22b376,0.00037288788754009293,18,0.99
0x0000000000095413afc295d19edeb1ad7b71c952,7.400157267989242e-05,18,0.99
0x0000000000c5dc95539589fbd24be07c6c14eca4,5.1868151701146514e-08,18,0.99
0x00000000efe302beaa2b3e6e1b18d08d69a9012a,0.00037292631893369324,6,0.99
0x000000fa00b200406de700041cfc6b19bbfb4d13,7.806613588061352e-07,18,0.99
0x000006c2a22ff4a44ff1f5d0f2ed65f781f55555,1.562310612377818e-05,18,0.99
0x000025b3816630ad283267d4eb3a5fc8b0200000,0.012239683559038633,6,0.99
0x0001a500a6b18995b03f44bb040a5ffc28e45cb0,1.7656775281379448e-05,18,0.99
0x005e6fd1610302018dcd9caf29b8bc38ff6efd98,1.4337943507468808e-09,9,0.99
0x00836fe54625be242bcfa286207795405ca4fd10,0.000392628509166378,18,0.995
0x00bac91fd8f5b4a0dc03c8021139b76f6549ee7e,8.767909997792526e-06,18,0.99
0x00c2999c8b2adf4abc835cc63209533973718eb1,4.2681870893990203e-16,18,0.99
0x00c83aecc790e8a4453e5dd3b0b4b3680501a7a7,1.7098125335161952e-06,18,0.99
0x00f3c42833c3170159af4e92dbb451fb3f708917,0.0012473495861907984,8,0.99
0x0100546f2cd4c9d97f798ffc9755e47865ff7ee6,0.9770009660398361,18,0.99
0x0101013d11e4320d29759f40508c61110f525211,1.0170755846296145e-08,9,0.99
0x0136fe8d726dd39f30a9328117450c7831a2a5ef,0.00037376849332171124,18,0.99
0x0148cf564318272c2bad048488f90df4e3769f32,6.933788499667993e-05,18,0.99
0x015396e1f286289ae23a762088e863b3ec465145,-0.00037301250261694225,18,0.98
0x01791f726b4103694969820be083196cc7c045ff,3.335529815160759e-05,18,0.99
0x018008bfb33d285247a21d44e50697654f754e63,0.00037323333326729494,18,0.99
0x01ba69727e2860b37bc1a2bd56999c1afb4c15d8,0.0004091722932131063,18,1
0x0240e59e6ae33b58db7360f7c693429eab7d4ac3,3.2474968609325723,18,0.8521319
0x027b40f5917fcd0eac57d7015e120096a5f92ca9,0.0008168029648636403,18,0.99
0x028ec7330ff87667b6dfb0d94b954c820195336c,0.0004221828125291506,18,0.9
0x02e7f808990638e9e67e1f00313037ede2362361,7.744230916356164e-10,18,0.99
0x02f92800f57bcd74066f5709f1daa1a4302df875,0.0007347837631568487,18,0.99
0x0305f515fa978cf87226cf8a9776d25bcfb2cc0b,3.492706639456823e-13,18,0.99
0x030ba81f1c18d280636f32af80b9aad02cf0854e,0.9997222457937978,18,0.99
0x031b8d752d73d7fe9678acef26e818280d0646b4,3.400145877873007e-07,18,0.99
0x031de51f3e8016514bd0963d0b2ab825a591db9a,3.877585175397069e-05,18,0.99
0x033bbde722ea3cdcec73cffea6581df9f9c257de,6.309580391837715e-08,6,0.99
0x037a54aab062628c9bbae1fdb1583c195585fe41,1.8271947836692124e-05,18,0.99
0x03aa6298f1370642642415edc0db8b957783e8d6,1.75714344810477e-05,18,0.99
0x03ab458634910aad20ef5f1c8ee96f1d6ac54919,0.0011445187718050014,18,0.99
0x03be5c903c727ee2c8c4e9bc0acc860cca4715e2,1.348554883118392e-07,18,0.99
0x041ff0e49f6f774e7dc7bd10ee4a14c00b1d80b2,6.643564068608124e-07,18,0.99
0x04422053addbc9bb2759b248b574e3fca76bc145,0.0003949850437386017,18,1
0x046eee2cc3188071c02bfc1745a6b17c656e3f3d,3.1316860027209425e-05,18,0.99
0x04969cd041c0cafb6ac462bd65b536a5bdb3a670,1.557891999237932e-07,18,0.8931885
0x04acaf8d2865c0714f79da09645c13fd2888977f,0.00011383676373273625,18,0.99
0x04c17b9d3b29a78f7bd062a57cf44fc633e71f85,1.0819286031815177e-06,18,0.99
0x04c46e830bb56ce22735d5d8fc9cb90309317d0f,0.0003964100404538013,18,0.99
0x04f8dca7bccd8997ac57ca6fef7c705e17d6bcb6,0.0005237662874951102,18,1
0x04fa0d235c4abf4bcf4787af4cf447de572ef828,0.0001529550607410606,18,0.99
0x050362ab1072cb2ce74d74770e22a3203ad04ee5,0.3993590533404305,18,1
0x0511df77e420c9c37b065ddb7973d0f81430a092,6.664925233699039e-06,18,0.99
0x051ef36e55875c08e4efaea6072c6d0f66fb0b9f,456.1181466208579,18,0.94
0x051fb509e4a775fabd257611eea1efaed8f91359,2.949682967413049e-11,9,0.99
0x056b269eb1f75477a8666ae8c7fe01b64dd55ecc,0.00044031464254178527,6,1
0x056fd409e1d7a124bd7017459dfea2f387b6d5cd,0.00037283427850970705,2,0.99
0x0590cc9232ebf68d81f6707a119898219342ecb9,1.614557752309068e-07,9,0.99
0x05a0d55bbb2c047a3624af4db6d3a3ce2ea7da09,0.008496834293233974,18,0.8026777
0x06325440d014e39736583c165c2963ba99faf14e,1.1430816719763601,18,0.98
0x06450dee7fd2fb8e39061434babcfc05599a6fb8,1.61764749868348e-12,18,0.99
0x0655977feb2f289a4ab78af67bab0d17aab84367,0.00041346302138217493,18,0.99
0x067def80d66fb69c276e53b641f37ff7525162f6,1.9403043418995894e-05,18,0.99
0x069662d2588fcac24b5c209456db965d151556f0,0.00038131984130907473,18,0.85
0x06b964d96f5dcf7eae9d7c559b09edce244d4b8e,9.219983582258842e-06,18,0.99
0x06ea695b91700071b161a434fed42d1dcbad9f00,31.213720502948128,8,0.99
0x06ebad062fd573ca31a72d6dfb0f425da2153985,0.00036142301761095077,18,0.9
0x06f3c323f0238c72bf35011071f2b5b7f43a054c,3.3095853493888027e-06,18,0.99
0x07041776f5007aca2a54844f50503a18a72a8b68,0.00037277549326649736,6,0.99
0x07150e919b4de5fd6a63de1f9384828396f25fdc,0.0005981571264748832,9,0.99
0x071d61491b9f03a1905915e4b3935821dac4667b,-0.00037306692814094086,6,0.9
0x0752163d221d3d5d4b6e98bd616b22bd2b453964,0.09042575330474097,18,1
0x075b1bb99792c9e1041ba13afef80c91a1e70fb3,31.913942509324304,18,0.99
0x0763fdccf1ae541a5961815c0872a8c5bc6de4d7,2.0021639714657533e-06,18,0.99
0x07696dcab55e62cfef953666b29fe1970518cb00,0.000464457698905777,8,0.99
0x07830699fe73eb90f1b3b466ce88c38d4eedd83b,0.00037376849332171124,18,0.99
0x079c3469143804af5d0d645a878c371dbe8d038e,0.0003745125134344094,18,0.9
0x07a01471fa544d9c6531b631e6a96a79a9ad05e9,0.00037512495545153506,18,0.99
0x07b1711d4af74af661dde3b774741993b79fc59c,0.0009882182579738694,18,0.9
0x07c3e739c65f81ea79d19a88d27de4c9f15f8df0,1.5763296927486585e-06,18,0.99
0x07e0edf8ce600fb51d44f51e3348d77d67f298ae,1.0105921845115288e-06,8,0.99
0x07fff99e1664d9b116fbc158c0e99785f81ca236,0.0003717616509155637,18,0.99
0x0800394f6e23dd539929c8b77a3d45c96f76aefc,4.4842516673763885e-08,18,0.99
0x081599e4936d12c46bd48913b2329115cd26cbdd,0.0002596694749347619,18,0.99
0x085780639cc2cacd35e474e71f4d000e2405d8f6,0.00037290303330017225,18,0.99
0x0885f91c72a8de62a5349d4c89ca31b4ef650929,2.3815688607135945e-12,18,0.99
0x08a1c30bbb26425c1031ee9e43fa0b9960742539,3.5281249191937245e-06,6,0.99
0x08c32b0726c5684024ea6e141c50ade9690bbdcc,1.8325431893900836e-06,18,0.99
0x08d23468a467d2bb86fae0e32f247a26c7e2e994,0.003731832549210038,18,1
0x08d967bb0134f2d07f7cfb6e246680c53927dd30,9.223093937369112e-06,18,0.99
0x08dcb9b5989fb09ef80e85567ec1f49577a70d29,1.0622576735232063e-08,18,0.99
0x090185f2135308bad17527004364ebcc2d37e5f6,3.616257959028501e-08,18,0.99
0x093272c07700d3ca5301c3bf9b3a392624179e2f,0.0003960489394466345,18,1
0x0954906da0bf32d5479e25f46056d22f08464cab,0.00010918966778749652,18,0.99
0x098697ba3fee4ea76294c5d6a466a4e3b3e95fe6,0.0004235572690270089,18,0.99
0x0990b149e915cb08e2143a5c6f669c907eddc8b0,0.00042858247763775427,5,1
0x09a3ecafa817268f77be1283176b946c4ff2e608,3.995109632297784e-07,18,0.99
0x09b6a9e1dd102bd95b3dd5025bca3540ebf77982,2.3600226435984164e-05,18,0.99
0x09d4214c03d01f49544c0448dbe3a27f768f2b34,0.0003754062281303432,18,0.99
0x09d92c109b475dd513292c76544b4e250da13faa,5.157348738209445e-14,18,0.99
0x0a092e544da31150b439a1aaa1a3a2214a867f46,0.00015069723892776636,18,0.99
0x0a13a5929e5f0ff0eaba4bd9e9512c91fce40280,3.899692894656536e-08,9,0.99
0x0a26c80be4e060e688d7c23addb92cbb5d2c9eca,1.1813501956115238e-06,18,0.99
0x0a2a015a15a8e019abc386fee88b8a6d7a0d90df,2.2033045774673925e-06,18,0.99
0x0a2c375553e6965b42c135bb8b15a8914b08de0c,3.855063149629297e-11,9,0.99
0x0a6e7ba5042b38349e437ec6db6214aec7b35676,3.042117439950644e-07,18,0.99
0x0aa8a7d1fb4c64b3b1dcea9a7ade81c59c25b95b,7.720749327813281e-05,18,0.99
0x0ab87046fbb341d058f17cbc4c1133f25a20a52f,2.0350171617574873,18,1
0x0aee8703d34dd9ae107386d3eff22ae75dd616d1,3.842864808525585e-06,18,0.99
0x0b010000b7624eb9b3dfbc279673c76e9d29d5f7,1.0427119983215575e-06,18,0.99
0x0b243f1341d5ab31d1eb9e13eda5e4239e0991af,0.00037795197266604874,18,0.99
0x0b2b2b2076d95dda7817e785989fe353fe955ef9,0.0004163575450544602,18,0.99
0x0b2fa18342d38909e3e44d7103cf3f37b0a0403a,1.1991307966261095e-08,9,0.99
0x0b38210ea11411557c13457d4da7dc6ea731b88a,0.00010682015579688517,18,0.99
0x0b59fdb1a233a7477ea14061004b9dd776e73cb3,0.015305254752262906,18,1
0x0b61c4f33bcdef83359ab97673cb5961c6435f4e,7.426428208381248e-07,18,0.99
0x0b925ed163218f6662a35e0f0371ac234f9e9371,1.2459734669961051,18,0.99
0x0bb217e40f8a5cb79adf04e1aab60e5abd0dfc1e,1.1685392163948417e-06,8,0.99
0x0bc37bea9068a86c221b8bd71ea6228260dad5a2,7.748707578212395e-06,18,0.99
0x0bc529c00c6401aef6d220be8c6ea1667f6ad93e,0.9110050502610816,18,0.99
0x0bef762d2094ac80821c657dea6783fc43435292,0.0008568807058265483,18,0.9
0x0bfc9d54fc184518a81162f8fb99c2eaca081202,1.0712641645877952,18,1
0x0c0d01abf3e6adfca0989ebba9d6e85dd58eab1e,0.0003730385444281788,6,0.99
0x0c1c1c109fe34733fca54b82d7b46b75cfb71f6e,1.599482810942073e-05,18,0.99
0x0c1f3412a44ff99e40bf14e06e5ea321ae7b3938,0.22797801789800584,18,1
0x0c5d9fae8670cfa0aa5f57b42ccd630c46bbe498,6.567507010505992e-06,18,0.99
0x0c666485b02f7a87d21add7aeb9f5e64975aa490,0.06956583389538633,18,1
0x0c8276e4fec072cf7854be69c70f7773d1610857,0.3417459094259684,18,1
0x0ccae1bc46fb018dd396ed4c45565d4cb9d41098,4.17038952190464e-11,9,0.99
0x0ce36d199bd6851788e03392568849394cbde722,0.041195451708687714,18,1
0x0d438f3b5175bebc262bf23753c1e53d03432bde,0.024141252903970938,18,0.99
0x0d54d4279b9e8c54cd8547c2c75a8ee81a0bcae8,0.13211448764958716,18,1
0x0d8775f648430679a709e98d2b0cb6250d2887ef,3.329300156736115e-05,18,0.99
0x0d8ef471a11036bc6dda1536069457f7e97dab66,0.008820521603824013,18,1
0x0dc4f92879b7670e5f4e4e6e3c801d229129d90d,2.314351386260484e-07,18,0.995
0x0e173bfd28ef21bc460718bcd9b610b7fcd7f041,3.033966071288175e-08,18,0.99
0x0e29e5abbb5fd88e28b2d355774e73bd47de3bcd,8.660701825758798e-07,18,0.99
0x0e397938c1aa0680954093495b70a9f5e2249aba,0.27743334664219943,18,1
0x0e8d6b471e332f140e7d9dbb99e5e3822f728da6,1.7425572562217465e-06,18,0.99
0x0ee375090f423934ebfbb241a3eb2ee4e01eaf0a,7.159981971408311e-11,9,0.99
0x0f2d719407fdbeff09d87557abb7232601fd9f29,5.9778648312340935e-05,18,0.99
0x0f51bb10119727a7e5ea3538074fb341f56b09ad,9.20699899283384e-06,18,0.99
0x0f5d2fb29fb7d3cfee444a200298f468908cc942,3.316472492837207e-05,18,0.99
0x0f7dc5d02cc1e1f5ee47854d534d332a1081ccc8,5.725014593252817e-13,9,0.99
0x0f81001ef0a83ecce5ccebf63eb302c70a39a654,1.1307458584138337e-05,18,0.99
0x0fc2a55d5bd13033f1ee0cdd11f60f7efe66f467,2.5529847431607115e-05,18,0.99
0x0fd10b9899882a6f2fcb5c371e17e70fdee00c38,4.623968325895427e-05,18,0.99
0x100a2c7f45fd48e217fdce72e658dc78fd43a100,0.0025337553364430635,6,0.99
0x100acd9fcd8e0ff80a6595b66fdabe93184aa100,0.0004069376175453578,6,0.99
0x104e363ac6521e55a24ae724855362acec3febe6,1.2044134891894717e-06,18,0.99
0x111111111117dc0aa78b770fa6a738034120c302,3.7575273392626766e-05,18,0.99
0x111111517e4929d3dcbdfa7cce55d30d4b6bc4d6,2.656983966941927e-05,18,0.99
0x11113ff3a60c2450f4b22515cb760417259ee94b,0.00040177356867727716,6,0.99
0x1121acc14c63f3c872bfca497d10926a6098aac5,3.3749141837497624e-07,18,0.99
0x112b08621e27e10773ec95d250604a041f36c582,7.000200417827092e-07,8,0.99
0x1140043f02d8ee34b10eae2e32ae921cda1459ee,0.02393739336152461,18,1
0x1151cb3d861920e07a38e03eead12c32178567f6,1.4012477079607242e-09,5,0.99
0x118b70df4f06fa5678e7d543e6066e028c8ea0c0,5.2090067196061464e-05,18,0.99
0x119dd7daff816f29d7ee47596ae5e4bdc4299165,0.0004109440344489502,6,0.99
0x11eef04c884e24d9b7b4760e7476d06ddf797f36,0.0006998084699553304,18,0.99
0x1211b5cb09ba1ada8f11de757d5a13c5ca407162,0.0003775603941165515,18,0.99
0x1223334444a7466fbf985b14e1f4edaf3883bca6,4.8554740840995346e-08,18,0.99
0x1258d60b224c0c5cd888d37bbf31aa5fcfb7e870,2.584296460015539e-06,18,0.99
0x126f5ece91d971f8ad62fa4fc1054456b8bd1111,9.639839901077885e-07,18,0.99
0x12970e6868f88f6557b76120662c1b3e50a646bf,2.7823552336392673e-12,18,0.99
0x12b54025c112aa61face2cdb7118740875a566e9,1.2459734669961051,18,0.99
0x131157c6760f78f7ddf877c0019eba175ba4b6f6,9.326006129040791e-05,18,0.99
0x13285bcbc27f92b47b4edb99d744c07b48c977c0,805.269533528386,18,0.9
0x1349456830ddc3d8599e4d6a63698883eca67ada,0.05174776579034793,18,1
0x137ddb47ee24eaa998a535ab00378d6bfa84f893,1.7254620249690273e-07,18,0.99
0x138bb0f3208bd729a561f3786ddb97bbc69e6628,0.00034184919735463066,18,0.99
0x13945b761b2ed3219a497a46d15a8923f418d2ab,0.00041832406657809794,18,1
0x13e12bb0e6a2f1a3d6901a59a9d585e89a6243e1,0.0003752594461587666,18,0.99
0x13e4b8cffe704d3de6f19e52b201d92c21ec18bd,8.663287155642453e-07,18,0.99
0x140007c65535aa9c3801ea3bbd3f83c378c7f457,6.687336778193352e-07,9,0.99
0x1494ca1f11d487c2bbe4543e90080aeba4ba3c2b,0.026106216501055712,18,0.99
0x1495bc9e44af1f8bcb62278d2bec4540cf0c05ea,9.305092997827681e-08,18,0.99
0x14c3abf95cb9c93a8b82c1cdcb76d72cb87b2d4c,0.12463821160534494,18,1
0x14d6c649292c5c9790c5196d1a9ea039307947a1,1.7357566586313054e-07,18,0.99
0x14fee680690900ba0cccfc76ad70fd1b95d10e16,4.477415881324245e-06,9,0.99
0x152649ea73beab28c5b49b26eb48f7ead6d4c898,0.0009677493153211626,18,0.99
0x155788dd4b3ccd955a5b2d461c7d6504f83f71fa,1.6643117477224887e-10,9,0.85348207
0x156527def9a2ab4f54c849575f23dc4bb439d9d9,0.0003751148271027021,18,0.99
0x157a6df6b74f4e5e45af4e4615fde7b49225a662,3.3047703667447256e-07,18,0.99
0x15d4c048f83bd7e37d49ea4c83a07267ec4203da,8.653097458211236e-07,8,0.99
0x15d94ec1c8e98812dac23bf6a341bd6c83e4cb11,9.488887449607142e-13,18,0.94
0x15e6e0d4ebeac120f9a97e71faa6a0235b85ed12,1.9756236814042935e-06,18,0.99
0x163f8c2467924be0ae7b5347228cabf260318753,0.0002002011623035974,18,0.99
0x16a3543fa6b32cac3b0a755f64a729e84f89a75c,0.003813781092100075,18,0.99
0x16f93ebc5320c89efc8701577efe49d14a276a06,0.0002617078064846815,18,0.99
0x171120219d3223e008558654ec3254a0f206edb2,1.0000081313471604e-06,9,0.99
0x17205fab260a7a6383a81452ce6315a39370db97,7.621547386812802e-05,18,0.99
0x1735db6ab5baa19ea55d0adceed7bcdc008b3136,4.4138472741098223e-07,18,0.99
0x1776e1f26f98b1a5df9cd347953a26dd3cb46671,0.004124021483084517,18,0.99
0x177768caf9d0e036725a51d3f60d7e20f2d4d194,0.001131293409221614,18,0.9
0x1789e0043623282d5dcc7f213d703c6d8bafbb04,1.0783807279337556e-06,18,0.99
0x178c820f862b14f316509ec36b13123da19a6054,0.00012554886146276658,18,0.99
0x1796ae0b0fa4862485106a0de9b654efe301d0b2,7.506055160447031e-06,18,0.99
0x17c47b0cedec9b41e639f5ec1a053e9135db2a6d,0.0003711033712690349,6,0.9
0x18084fba666a33d37592fa2633fd49a74dd93a88,31.194820628995785,18,0.99
0x182863131f9a4630ff9e27830d945b1413e347e8,0.00041459183552644075,18,0.9
0x183395dbd0b5e93323a7286d1973150697fffcb3,0.01119778478806172,18,0.99
0x186ef81fd8e77eec8bffc3039e7ec41d5fc0b457,4.059161589038633e-08,18,0.99
0x1878805799273d10ae96a58201a6f5254cf9824f,1.0067966757639577,18,0.99
0x188d12eb13a5eadd0867074ce8354b1ad6f4790b,0.0005246162181396271,18,0.99
0x18aaa7115705e8be94bffebde57af9bfc265b998,6.751637317160421e-06,18,0.99
0x18bc66f0c15e27179dd8e2277c1c9c056df0a14d,1.4881981920087227e-06,18,0.99
0x18efe565a5373f430e2f809b97de30335b3ad96a,0.0003728027778527735,18,0.99
0x18f52b3fb465118731d9e0d276d4eb3599d57596,0.00037193327855372264,18,0.99
0x19062190b1925b5b6689d7073fdfc8c2976ef8cb,2.501053425472132e-05,16,0.99
0x192675d1e131b9e339f16603e21b01a845d8c21e,1.0072803021604666e-07,18,0.99
0x193f4a4a6ea24102f49b931deeeb931f6e32405d,5.813494901834925e-06,18,0.99
0x194779473b9964afd1ba05618d38ba8807c93f95,6.419445461902526e-07,9,0.80722094
0x19640000000ba88d36206beb10d0e86011c8d08c,2.1730907363401594e-07,18,0.99
0x1964590af52cd77c2f30970bdbcb4d6e3dbdc615,2.3878191208374824e-06,18,0.9
0x19645c760affdd9cac0b805a80de227cbe506538,1.3284789870480253e-05,18,0.99
0x1982b2f5814301d4e9a8b0201555376e62f82428,1.0004327582831005,18,0.99
0x19848077f45356b21164c412eff3d3e4ff6ebc31,8.423813583136495e-11,9,0.99
0x19e1f2f837a3b90ebd0730cb6111189be0e1b6d6,1.7373112173648708e-05,18,0.99
0x19ebb35279a16207ec4ba82799cc64715065f7f6,0.00039624627533522717,6,0.99
0x1a4b46696b2bb4794eb3d4c26f1c55f9170fa4c5,0.00025073160945091554,18,0.99
0x1a7e4e63778b4f12a199c062f3efdd288afcbce8,0.0004231478237420493,18,0.99
0x1aad217b8f78dba5e6693460e8470f8b1a3977f3,0.03982876648422051,18,0.99
0x1abaea1f7c830bd89acc67ec4af516284b1bc33c,0.00042267835797588256,6,0.99
0x1ae7e1d0ce06364ced9ad58225a1705b3e5db92b,6.958181002962721e-07,9,0.99
0x1b0f6590d21dc02b92ad3a7d00f8884dc4f1aed9,8.274575948356979e-05,18,0.99
0x1b379a79c91a540b2bcd612b4d713f31de1b80cc,1.2285124377635248e-05,18,0.99
0x1b66474c8eca3827f16202907f41f63785579716,7.586400844487238e-06,18,0.99
0x1ba3ccb98d4c189c69398bece48fcca4354dd90a,1.3377391907680536e-08,18,0.99
0x1bbe973bef3a977fc51cbed703e8ffdefe001fed,6.283481636448279e-06,18,0.99
0x1bbf25e71ec48b84d773809b4ba55b6f4be946fb,1.3113936089092598e-05,18,0.99
0x1c44f9be658bde68e7b4091e9bd349fc64724450,0.03982876648422051,18,1
0x1c4853ec0d55e420002c5efabc7ed8e0ba7a4121,9.849428770493391e-08,9,0.99
0x1c9922314ed1415c95b9fd453c3818fd41867d0b,5.642856316133962e-08,18,0.99
0x1cdd2eab61112697626f7b4bb0e23da4febf7b7c,0.00037300475676491605,6,0.99
0x1ceb5cb57c4d4e2b2433641b95dd330a33185a44,0.000370195141415093,18,0.99
0x1cfa5641c01406ab8ac350ded7d735ec41298372,1.933712123950402e-06,18,0.99
0x1cfaed2df5ee27b078e96fafa10709c5548fc1b7,0.9924926057620617,18,0.9
0x1d88713b483a8e45cff0e5cd7c2e15e5fab4534d,1.5767890038620228e-05,18,0.99
0x1d926bbe67425c9f507b9a0e8030eedc7880bf33,2.8467050963926584e-05,18,0.99
0x1db1591540d7a6062be0837ca3c808add28844f6,3.2863944402575596e-06,18,0.99
0x1e18821e69b9faa8e6e75dffe54e7e25754beda0,1.156750070989277e-09,18,0.99
0x1e2c4fb7ede391d116e6b41cd0608260e8801d59,0.3103316065946306,18,0.98
0x1e4e46b7bf03ece908c88ff7cc4975560010893a,3.570187590265594e-07,18,0.99
0x1e4ede388cbc9f4b5c79681b7f94d36a11abebc9,3.976471630164859e-07,18,0.99
0x1ecb460a532c1d76937bedbadf7d333da30255a4,0.0020504700910389424,18,0.94
0x1eef208926667594e5136e89d0e9dd6907959197,1.5910858197044755e-05,18,0.99
0x1f573d6fb3f13d689ff844b4ce37794d79a7ff1c,0.00012836777255503302,18,0.99
0x1f5fc5c3c8b0f15c7e21af623936ff2b210b6415,0.05419776615424227,18,1
0x1f752250f518e419f2f03804e25728c5c6dff73f,9.107581635885547e-05,9,0.99
0x1f9840a85d5af5bf1d1762f925bdaddc4201f984,0.0033110711422725046,18,0.99
0x1fc80cfcf5b345b904a0fb36d4222196ed9eb8a5,0.00048153417675885217,18,0.9
0x1fcdb1e747419bb8d1a029c4d1f83b41e8afe8ce,4.6398659301186245e-06,18,0.9
0x1ffac2df9696868d06f9fe8d72fee9e1452eef76,0.13045488958107695,18,1
0x20f1c81b123ffcd19b5469f0eb2c4fd37983dbbc,0.0003794774569989106,18,0.99
0x216b3643ff8b7bb30d8a48e9f1bd550126202add,4.5901618635054364e-05,12,0.99
0x2196b84eace74867b73fb003aff93c11fce1d47a,1.2664321793169288e-06,18,0.99
0x21bfbda47a0b4b5b1248c767ee49f7caa9b23697,1.4044316569089198e-05,18,0.99
0x21deafd91116fce9fe87c8f15bde03f99a309b72,0.0075562309520011426,18,1
0x21f5b2bacb67c94aa0982ce7428f7d1b3c9ceb53,1.433820702971028e-06,18,0.99
0x221657776846890989a759ba2973e427dff5c9bb,0.0004000941196218944,18,0.99
0x22514ffb0d7232a56f0c24090e7b68f179faa940,6.69920680672761e-07,18,0.99
0x2260fac5e5542a773aa44fbcfedf7c193bc2c599,31.21710964101727,8,0.99
0x226bb599a12c826476e3a771454697ea52e9e220,0.0001329362556167857,8,0.99
0x228bec415ade4b61d7caf0adf8c91eac587ba369,1.5479291171144224e-06,18,0.99
0x22a684e0a3cc9b74596719f722cf4e597aafa3ba,0.014884411495546023,18,1
0x22ae3d9a738471f405169af055d31c687087d4c7,0.0004238407482347805,6,1
0x22e12a50e3ca49fb183074235cb1db84fe4c716d,1.0849741316958978,18,1
0x23238f20b894f29041f48d88ee91131c395aaa71,0.00037303054606791587,6,0.99
0x232ce3bd40fcd6f80f3d55a522d03f25df784ee2,0.0014302487227664505,18,0.99
0x232fb065d9d24c34708eedbf03724f2e95abe768,0.0005049995060867184,18,0.99
0x236501327e701692a281934230af0b6be8df3353,2.1256639629589452e-06,18,0.99
0x236eb848c95b231299b4aa9f56c73d6893462720,1.671310109792096e-05,18,0.99
0x2371e134e3455e0593363cbf89d3b6cf53740618,1.0535019432865722,18,1
0x23878914efe38d27c4d67ab83ed1b93a74d4086a,0.0003729887127183142,6,0.99
0x23f3d4625aef6f0b84d50db1d53516e6015c0c9b,3.6674746984969835e-07,18,0.99
0x23f5e9c35820f4bab695ac1f19c203cc3f8e1e11,0.0003792697924745683,18,1
0x240d6faf8c3b1a7394e371792a3bf9d28dd65515,3.054412163176719e-06,9,0.99
0x24249b5a869a445c9b0ce269a08d73c618df9d21,3.2815216226308644e-08,8,0.99
0x243c9be13faba09f945ccc565547293337da0ad7,1.4002083967984875e-06,18,0.99
0x243cacb4d5ff6814ad668c3e225246efa886ad5a,3.090333498754694e-11,18,0.99
0x249130f5e2dd4cf278180c0df8273f3592ad1247,2.6812375845903868e-11,0,0.99
0x249ca82617ec3dfb2589c4c17ab7ec9765350a18,1.4565189076987192e-09,18,0.99
0x249e38ea4102d0cf8264d3701f1a0e39c4f2dc3b,1.3896718497855474e-11,18,0.99
0x24a3d725c37a8d1a66eb87f0e5d07fe67c120035,2.2247111775842894e-05,18,0.99
0x24b5664083b89ae7c2b7a4a6efea472a6d47314c,9.205673546741889e-08,18,0.99
0x24fcfc492c1393274b6bcd568ac9e225bec93584,1.187021398790137e-05,18,0.99
0x252231882fb38481497f3c767469106297c8d93b,1.0722573340048616,18,1
0x255494b830bd4fe7220b3ec4842cba75600b6c80,1.9662884612484588e-07,9,0.99
0x2565ae0385659badcada1031db704442e1b69982,2.2360832185074883e-06,18,0.99
0x25931894a86d47441213199621f1f2994e1c39aa,8.482764123573057e-06,18,0.99
0x259338656198ec7a76c729514d3cb45dfbf768a1,6.8997824410845675e-06,18,0.99
0x2596825a84888e8f24b747df29e11b5dd03c81d7,1.5485417585354743e-06,18,0.99
0x25b4f5d4c314bcd5d7962734936c957b947cb7cf,5.371588633699494e-05,18,0.99
0x25cbb21a9da7c3c63bb77ccca5b2e2482aedb710,1.0884336241037142e-05,9,0.99
0x25e1474170c4c0aa64fa98123bdc8db49d7802fa,5.089475402511572e-08,18,0.99
0x25f8087ead173b73d6e8b84329989a8eea16cf73,9.837665359310678e-06,18,0.99
0x2614f29c39de46468a921fd0b41fdd99a01f2edf,3.233540669127095e-11,18,0.99
0x2653891204f463fb2a2f4f412564b19e955166ae,6.371617263955517e-07,18,0.99
0x2691b13fca1e02322685b9554b5ae0f5f3f05c55,0.15190449670371087,18,1
0x26c8afbbfe1ebaca03c2bb082e69d0476bffe099,1.3924111591270207e-05,18,0.99
0x26e550ac11b26f78a04489d5f20f24e3559f7dd9,2.2380748131046355e-06,9,0.99
0x26ea744e5b887e5205727f55dfbe8685e3b21951,0.0004162582170988754,6,0.9
0x26ebb8213fb8d66156f1af8908d43f7e3e367c1d,2.672939641186547e-08,18,0.99
0x27054b13b1b798b345b591a4d22e6562d47ea75a,2.5950503651007654e-06,4,0.99
0x273da948aca9261043fbdb2a857bc255ecc29012,0.00039128796593750867,18,1
0x2744ea5ac9b11cb5e3cd63d3a88e858336aeddc2,0.00039447703184593356,8,0.99
0x275f5ad03be0fa221b4c6649b8aee09a42d9412a,0.0018798741924260119,18,0.99
0x27702a26126e0b3702af63ee09ac4d1a084ef628,6.713254717604377e-06,18,0.99
0x2781246fe707bb15cee3e5ea354e2154a2877b16,6.049631984007818e-07,18,0.99
0x2798b1cc5a993085e8a9d46e80499f1b63f42204,8.166530680107201e-06,18,0.99
0x27b5739e22ad9033bcbf192059122d163b60349d,0.00020781321093962617,18,0.995
0x27c70cd1946795b66be9d954418546998b546634,7.791780754931574e-16,18,0.99
0x27f6c8289550fce67f6b50bed1f519966afe5287,0.0004947688525015505,18,0.99
0x2800144a491136d025b8dab17b11df2aa4e700ea,1.828649027578732e-05,18,0.99
0x280839980a7ed0d7717f64125fe241012e5f5815,0.0003820825336051466,18,0.99
0x282a69142bac47855c3fbe1693fcc4ba3b4d5ed6,4.780752696442508e-06,18,0.99
0x28561b8a2360f463011c16b6cc0b0cbef8dbbcad,1.512699550513224e-09,9,0.99
0x2875133b91909eb332fcf1e8664d0965a5fc5ca9,0.0011299273928842696,18,0.9
0x289ff00235d2b98b0145ff5d4435d3e92f9540a6,1.4981958239747741e-05,18,0.99
0x28ae7b2ebd6f10f4393f410f6b7896380a949d62,7.180895324684953e-07,9,0.99
0x28b3a8fb53b741a8fd78c0fb9a6b2393d896a43d,0.00038662505435258806,6,1
0x28d38df637db75533bd3f71426f3410a82041544,7.741937500488152e-06,18,0.99
0x28d4e499c4cde621e1cea7c9cbf9d43bf75a9525,1.7011666563640326e-05,18,0.99
0x29059568bb40344487d62f7450e78b8e6c74e0e5,2.0074351534243773,18,0.99
0x292fcdd1b104de5a00250febba9bc6a5092a0076,5.258271789241667e-09,18,0.99
0x294559fa758c88d639fd085751e463fee7806eab,4.648161311322624e-05,18,0.99
0x2a3bff78b79a009976eea096a51a948a3dc00e34,5.089021505749363e-06,18,0.99
0x2a79324c19ef2b89ea98b23bc669b7e7c9f8a517,2.3344347440853914e-06,8,0.99
0x2a8e1e676ec238d8a992307b495b45b3feaa5e86,0.0003727480649610073,18,0.99
0x2a92525fda8d3ab481f8e2a913b64b64bd1c9fdd,4.296664007307225e-05,18,0.99
0x2ad9addd0d97ec3cdba27f92bf6077893b76ab0b,1.321430406446184e-10,18,0.99
0x2ae4f59e500b6ddeb88c480edf277eda54a00205,0.00036101759141916705,18,0.9
0x2aeabde1ab736c59e9a19bed67681869eef39526,5.126023714011203e-07,8,0.99
0x2af1df3ab0ab157e1e2ad8f88a7d04fbea0c7dc6,0.04176406487755314,18,0.99
0x2af5d2ad76741191d15dfe7bf6ac92d4bd912ca3,0.0033818430373917514,18,0.99
0x2b566950ba2298acef3c730cc0129b2f4fbd30a3,1.852182984700504e-11,9,0.99
0x2b5895b716311a1eac8f93fb88c56af9ec8c1a69,0.0003831831355751781,6,0.98
0x2b591e99afe9f32eaa6214f7b7629768c40eeb39,3.77762319271499e-07,8,0.99
0x2b867efd2de4ad2b583ca0cb3df9c4040ef4d329,1.0185190461317447e-09,9,0.99
0x2c0687215aca7f5e2792d956e170325e92a02aca,4.601243235846707e-06,18,0.99
0x2c2a700766886290359ccf39cb2173a39af1cef9,0.0003754672067645843,18,0.99
0x2c683fad51da2cd17793219cc86439c1875c353e,1.0321294254695366,18,0.99
0x2c7c98a3b1582d83c43987202aeff638312478ae,0.0003856167142707364,18,0.995
0x2ca22cb25558fa2018ecb1ce4ed8af92ee7ea423,0.00037422297359736674,18,0.85
0x2d1f7226bd1f780af6b9a49dcc0ae00e8df4bdee,0.08559653217276496,18,1
0x2d8265881eaefa36c0673ec2f05f1ccdd865b8ab,0.0002451308006301786,18,0.99
0x2d886570a0da04885bfd6eb48ed8b8ff01a0eb7e,6.826192098728651e-08,9,0.99
0x2d8ea194902bc55431420bd26be92b0782dce91d,4.1682722322411134e-08,18,0.99
0x2d94aa3e47d9d5024503ca8491fce9a2fb4da198,4.3369374414612135e-08,18,0.99
0x2da719db753dfa10a62e140f436e1d67f2ddb0d6,7.308384947730896e-08,10,0.99
0x2daca71cb58285212dc05d65cfd4f59a82bc4cf6,0.0004041671482977627,18,0.9
0x2de509bf0014ddf697b220be628213034d320ece,2.937653072064938e-08,18,0.99
0x2dff88a56767223a5529ea5960da7a3f5f766406,1.3846814625951438e-05,18,0.99
0x2e1e15c44ffe4df6a0cb7371cd00d5028e571d14,1.0872623439438134e-05,18,0.99
0x2e2e7a1f05946ecb2b43b99e3fc2984fa7d7e3bc,1.522006835626903e-13,9,0.99
0x2e3c5e514eef46727de1fe44618027a9b70d92fc,0.0003445720304451481,18,1
0x2e3cfe45e3ee7c017277f22e35d2f29edc99d570,2.5362110827179643e-06,8,0.99
0x2e44f3f609ff5aa4819b323fd74690f07c3607c4,2.2504245191527373e-05,18,0.99
0x2e7576042566f8d6990e07a1b61ad1efd86ae70d,-1.000798851005518,18,0.98
0x2ebd53d035150f328bd754d6dc66b99b0edb89aa,0.00022506181758952137,18,0.99
0x2edf094db69d6dcd487f1b3db9febe2eec0dd4c5,1.297099627571705e-07,18,0.99
0x2f141ce366a2462f02cea3d12cf93e4dca49e4fd,8.67097375973288e-12,18,0.99
0x2fa3dbb59eaffaf32a310717728c7c800a8f1fb4,1.1602110939022505,18,0.99
0x2fb652314c3d850e9049057bbe9813f1eee882d3,9.634942536316347e-06,18,0.99
0x3009b6833f8925b7985c2408c49160dd1ab317ca,1.0013041609661483e-11,9,0.99
0x3073f7aaa4db83f95e9fff17424f71d4751a3073,3.417193603758789e-06,8,0.99
0x30987adf0b11dc698438a99ba04ec3a1ab2c7eab,0.05713348821430226,18,1
0x30a25cc9c9eade4d4d9e9349be6e68c3411367d3,3.3993989327630834e-07,18,0.99
0x30aa5125e9f3d958911b180e1bbc83d7086e6a7e,1.8846006484953368e-06,18,0.9
0x30ae41d5f9988d359c733232c6c693c0e645c77e,0.00026690633758818085,0,0.99
0x30d20208d987713f46dfd34ef128bb16c404d10f,4.611952072032656e-05,18,0.99
0x313603fa690301b0caeef8069c065862f9162162,0.0004215312412213772,6,0.9
0x3175df0976dfa876431c2e9ee6bc45b65d3473cc,0.00037646037345302297,18,0.99
0x31a5684983eee865d943a696aac155363ba024f9,1.0254507483923923,18,1
0x31c8eacbffdd875c74b94b077895bd78cf1e64a3,9.646330331284172e-05,18,0.99
0x31e4efe290973ebe91b3a875a7994f650942d28f,1.0170365887777161e-07,18,0.99
0x31eea0edeb85b0cb65c1400bd2f4e487fd61b537,0.00033563749163265897,18,0.99
0x320623b8e4ff03373931769a31fc52a4e78b5d70,6.290349449975729e-07,18,0.99
0x321c2fe4446c7c963dc41dd58879af648838f98d,0.0002496829613995823,18,0.99
0x3231cb76718cdef2155fc47b5286d82e6eda273f,0.00042328358877926297,18,0.99
0x32353a6c91143bfd6c7d363b546e62a9a2489a20,7.605209081022267e-05,18,0.99
0x323c03c48660fe31186fa82c289b0766d331ce21,0.0002100587923935518,18,0.99
0x328c4c80bc7aca0834db37e6600a6c49e12da4de,9.421723169383371e-05,18,0.99
0x32a6268f9ba3642dda7892add74f1d34469a4259,0.00037302224783916047,18,0.99
0x32a7c02e79c4ea1008dd6564b35f131428673c41,3.5600197180391126e-06,18,0.99
0x32b053f2cba79f80ada5078cb6b305da92bde6e1,0.0005973447372174874,18,0.99
0x32b4d049fe4c888d2b92eecaf729f44df6b1f36e,3.2968474107589137e-06,18,0.99
0x32b77729cd87f1ef2bea4c650c16f89f08472c69,9.784485224526488e-06,18,0.99
0x32b86b99441480a7e5bd3a26c124ec2373e3f015,3.3632913171971827e-13,18,0.99
0x32c6f1c1731ff8f98ee2ede8954f696446307846,2.4351230539904645e-08,18,0.99
0x3301ee63fb29f863f2333bd4466acb46cd8323e6,1.8865743301629877e-12,18,0.99
0x33483a58079b4225b10e57958ca28ad7b9cdbaf7,0.00988093805476495,18,1
0x33abe795f9c1b6136608c36db211bd7590f5fdae,5.815497063245224e-10,18,0.99
0x33d0568941c0c64ff7e0fb4fba0b11bd37deed9f,8.547674961051126e-06,18,0.99
0x340d2bde5eb28c1eed91b2f790723e3b160613b7,1.9557531507451697e-06,18,0.99
0x3429d03c6f7521aec737a0bbf2e5ddcef2c3ae31,2.146530737657348e-06,18,0.99
0x342d24f2a3233f7ac8a7347fa239187bfd186066,0.0004674147261155752,18,0.9
0x3432b6a60d23ca0dfca7761b7ab56459d9c964d0,0.0001144448262487235,18,0.99
0x3472a5a71965499acd81997a54bba8d852c6e53d,0.0001238591169291535,18,0.99
0x34950ff2b487d9e5282c5ab342d08a2f712eb79f,1.5870778737353357e-06,18,0.99
0x3506424f91fd33084466f402d5d97f05f8e3b4af,6.030615492190664e-06,18,0.99
0x3540abe4f288b280a0740ad5121aec337c404d15,4.8244530102439e-07,18,0.99
0x3557ba345b01efa20a1bddc61f573bfd87195081,0.09302859702390405,18,0.99
0x3567aa22cd3ab9aef23d7e18ee0d7cf16974d7e6,3.9909787854942813e-07,18,0.99
0x356b8d89c1e1239cbbb9de4815c39a1474d5ba7d,0.00042728850695246753,6,0.99
0x3597bfd533a99c9aa083587b074434e61eb0a258,2.451990734023046e-08,8,0.99
0x35a532d376ffd9a705d0bb319532837337a398e7,3.554158454791629e-05,18,0.94
0x35bd01fc9d6d5d81ca9e055db88dc49aa2c699a8,4.34951266922592e-05,18,0.99
0x35e78b3982e87ecfd5b3f3265b601c046cdbe232,7.42386993696739e-05,18,0.99
0x35fa164735182de50811e8e2e824cfb9b6118ac2,1.0008447664156788,18,0.99
0x3620ae02833aa0db74ee990623f35dc80b1df302,8.263255117320749e-05,18,0.98
0x362bc847a3a9637d3af6624eec853618a43ed7d2,4.4600762080543193e-07,18,0.99
0x3632dea96a953c11dac2f00b4a05a32cd1063fae,0.03060777284290596,18,1
0x364f210f430ec2448fc68a49203040f6124096f0,0.06961758635539603,18,0.99
0x365accfca291e7d3914637abf1f7635db165bb09,0.011364123584436477,18,0.99
0x36b90adcdc99be31bf39a3c031288baa0b457e10,0.12950073836503687,18,1
0x3739426e21d912b604c106f852d136ba58f61517,2.838826263307031e-14,18,0.99
0x3819f64f282bf135d62168c1e513280daf905e06,2.3209959792974703e-12,9,0.99
0x383518188c0c6d7730d91b2c03a03c837814a899,0.01767077582980865,9,0.99
0x383e6b4437b59fff47b619cba855ca29342a8559,0.00037690258486129517,18,0.99
0x384509537ce5daa5740baeb6d1ee0eb2847ea8a8,2.011231326561945,18,0.9
0x3845badade8e6dff049820680d1f14bd3903a5d0,1.61438893379711e-05,18,0.99
0x38e382f74dfb84608f3c1f10187f6bef5951de93,7.267335951815923e-08,18,0.99
0x38e4adb44ef08f22f5b5b76a8f0c2d0dcbe7dca1,9.83416587705591e-07,18,0.99
0x38e68a37e401f7271568cecaac63c6b1e19130b4,0.00150424829633902,18,0.99
0x38eeb52f0771140d10c4e9a9a72349a329fe8a6a,0.0005237662874951102,18,0.99
0x390f3595bca2df7d23783dfd126427cceb997bf4,0.000383299130603957,18,0.99
0x391cf4b21f557c935c7f670218ef42c21bd8d686,6.826929587015789e-08,18,0.99
0x395e925834996e558bdec77cd648435d620afb5b,2.803721617687636e-06,7,0.99
0x3991b07b2951a4300da8c76e7d2c7edde861fef3,2.871499480773943e-07,18,0.99
0x39aa39c021dfbae8fac545936693ac917d5e7563,9.447290579699164e-06,8,1
0x39b8b6385416f4ca36a20319f70d28621895279d,0.0004232255914283244,18,0.99
0x39c0edef530d284b8f7820061114157c5bd78093,0.2877969880996948,18,0.94
0x39d5313c3750140e5042887413ba8aa6145a9bd2,0.0009784606434194475,18,0.99
0x39fbbabf11738317a448031930706cd3e612e1b9,0.0005601810829194692,18,0.99
0x3a283d9c08e8b55966afb64c515f5143cf907611,0.06316817471463851,18,0.99
0x3a810ff7211b40c4fa76205a14efe161615d0385,4.334948095562905e-06,18,0.99
0x3a856d4effa670c54585a5d523e96513e148e95d,6.438643349135992e-05,18,0.99
0x3aaaf43a1f8d327fdf24dc93654eb17e319883c5,0.03982876648422051,18,1
0x3aad7cbbb2ab50946436215b19202c42e9156fa4,3.7018721882098784e-09,18,0.8831379
0x3aada3e213abf8529606924d8d1c55cbdc70bf74,0.03297668132251186,18,0.99
0x3aecaedfb92efbbac95e5c458c56e94070cb9179,1.013866186307498,18,1
0x3afd2f72675e7d5ca6ea7b8fd17dd03e548f6b1d,0.00038546889541856214,18,0.99
0x3afdc9bca9213a35503b077a6072f3d0d5ab0840,0.00037299266933463345,6,0.9
0x3affcca64c2a6f4e3b6bd9c64cd2c969efd1ecbe,1.807806783208529e-08,18,0.99
0x3b184870f40ca026341593cedb37ab09e611e928,0.00038451812592510344,18,1
0x3b48f83e525268c08426aaa337c3f08f501c824d,2.5305082486941656e-08,18,0.99
0x3b50805453023a91a8bf641e279401a0b23fa6f9,1.7226438547779986e-06,18,0.99
0x3b66dece1de38183e2faecd5831fc96da7d1bd6e,8.331971871653173e-05,18,0.98
0x3b790d651e950497c7723d47b24e6f61534f7969,4.213147406628096e-05,18,0.99
0x3b991130eae3cca364406d718da22fa1c3e7c256,4.033658945712761e-07,18,0.99
0x3bd9adae6643ddcddd02746b8b60075e56df9478,0.000376495728850899,18,0.85
0x3c2f61f2e27c865981d2e7aaf6b2cdf823030039,3.2504585753609485e-06,18,0.99
0x3c3a81e81dc49a522a592e7622a7e711c06bf354,0.00025888382381586146,18,0.99
0x3c4b6e6e1ea3d4863700d7f76b36b7f3d3f13e3d,5.9306827123297e-08,8,0.99
0x3c89cd1884e7bef73ca3ef08d2ef6ec338fd8e49,0.00042295230461044005,18,0.99
0x3cafdbfe682aec17d5ace2f97a2f3ab3dcf6a4a9,0.17214502995449577,18,1
0x3cdb41027d61c413e064e84d9c21812b6ef004f1,1.6628883228452653e-07,9,0.99
0x3cfedb60f424d9079fe6192b0d7749810837e8c2,0.00016892956417330422,18,0.98
0x3d229e1b4faab62f621ef2f6a610961f7bd7b23b,0.0008175618132348262,18,0.99
0x3d2b66bc4f9d6388bd2d97b95b565be1686aefb3,6.437019185616375e-10,18,0.99
0x3d7d6fdf07ee548b939a80edbc9b2256d0cdc003,0.0003858839794229128,18,1
0x3db228fe836d99ccb25ec4dfdc80ed6d2cddcb4b,0.0002300046960736363,18,0.99
0x3de27efa2f1aa663ae5d458857e731c129069f29,0.09181545372459761,18,0.98
0x3dfe70b05657949a5db340754ad664810ac63b21,1.013335013523331,18,1
0x3e417231aa72f57512cdb446b15d9682c12ba3ec,4.435629849795132e-12,18,0.99
0x3e5a19c91266ad8ce2477b91585d1856b84062df,2.0246084964683097e-06,18,0.99
0x3e5d9d8a63cc8a88748f229999cf59487e90721e,3.890663736414418e-06,18,0.99
0x3e6a1b21bd267677fa49be6425aebe2fc0f89bde,1.0184914901173703e-06,18,0.99
0x3e76dd57e649a263a532cc9bcc58b32a065fb2a4,1.5784664460276197e-06,18,0.99
0x3e9c3dc19efe4271d1a65facfca55906045f7b08,1.3093788881712294e-14,18,0.99
0x3ea8ea4237344c9931214796d9417af1a1180770,1.6993772378343138e-06,18,0.99
0x3ec3f170c693053f4c47bc95f02a7609099585f4,8.254480530690273e-05,18,0.98
0x3ed6aa32c930253fc990de58ff882b9186cd0072,0.0003896931773305795,6,1
0x3f0e7916681452d23cd36b1281457da721f2e5df,0.013988911147024509,18,0.99
0x3f80b1c54ae920be41a77f8b902259d48cf24ccf,2.0302667815969353e-05,18,0.99
0x3f9078b8fbcb1c4e03b41fa9e5a0532a28848db7,3.8818732712906657e-13,9,0.94
0x3ffeea07a27fab7ad1df5297fa75e77a43cb5790,1.858254037960209e-12,18,0.99
0x407eca46ff515cde14410cdc868c7f82e8c4f41d,4.224530010920004e-09,9,0.99
0x408e41876cccdc0f92210600ef50372656052a38,1.106852761804472e-06,18,0.99
0x40d16fc0246ad3160ccc09b8d0d3a2cd28ae6c2f,0.0003728027778527735,18,0.99
0x40e3d1a4b2c47d9aa61261f5606136ef73e28042,9.059481436180627e-06,18,0.99
0x4111b60bc87f2bd1e81e783e271d7f0ec6ee088b,0.03969723034070805,18,1
0x4116f14b6d462b32a1c10f98049e4b1765e34fa9,1.1471543918241852e-07,18,0.99
0x41545f8b9472d758bb669ed8eaeeecd7a9c4ec29,5.842670817420327e-06,18,0.99
0x41765f0fcddc276309195166c7a62ae522fa09ef,0.040533617990393386,18,1
0x418d75f65a02b3d53b2418fb8e1fe493759c7605,0.2861803034939624,18,0.99
0x419905009e4656fdc02418c7df35b1e61ed5f726,4.6831730094515246e-05,18,0.99
0x419c4db4b9e25d6db2ad9691ccb832c8d9fda05e,2.6574581980732338e-06,18,0.99
0x419d0d8bdd9af5e606ae2232ed285aff190e711b,2.712643988408103e-06,8,0.99
0x41d5d79431a913c4ae7d69a668ecdfe5ff9dfb68,0.003585113225735339,18,0.99
0x41e5560054824ea6b0732e656e3ad64e20e94e45,1.1707927464506769e-05,8,0.99
0x41f45d21502bde8211e94d94ef2eeebcfc48a6ac,0.000358343297087545,6,0.9
0x4200000623d0242cccd4e907008583dcb4af6472,1.4429187890904629e-13,18,0.8123097
0x42069026eac8eee0fd9b5f7adfa4f6e6d69a2b39,9.41557788389898e-06,9,0.99
0x4206931337dc273a630d328da6441786bfad668f,3.520777579068345e-05,8,0.94
0x4228f8895c7dda20227f6a5c6751b8ebf19a6ba8,-0.005347815550369343,18,0.98
0x423352f2c6e0e72422b69af03aba259310146d90,1.0857817416835816e-06,18,0.99
0x423a63dfe8d82cd9c6568c92210aa537d8ef6885,0.03173033993732546,18,1
0x423f4e6138e475d85cf7ea071ac92097ed631eea,2.9382324872491205e-11,18,0.99
0x42476f744292107e34519f9c357927074ea3f75d,3.997521642526274e-08,18,0.99
0x426a688ee72811773eb64f5717a32981b56f10c1,3.8565101250279735e-13,18,0.99
0x4274cd7277c7bb0806bd5fe84b9adae466a8da0a,0.0003728597104724504,18,0.99
0x42778037d69350508cdd34d9fa17053970591101,3.0368655226962597e-09,18,0.99
0x429881672b9ae42b8eba0e26cd9c73711b891ca5,5.470701354595393e-06,18,0.99
0x42bbfa2e77757c645eeaad1655e0911a7553efbc,7.72465723308121e-06,18,0.99
0x430ef9263e76dae63c84292c3409d61c598e9682,9.374594243224185e-06,18,0.99
0x431ad2ff6a9c365805ebad47ee021148d6f7dbe0,3.954311749588023e-08,18,0.99
0x431d5dff03120afa4bdf332c61a6e1766ef37bdb,3.4573826686591097e-06,18,0.99
0x433631b16e2bab79aa974815f05452f7479b53d8,0.0003771187726220623,18,0.995
0x43415eb6ff9db7e26a15b704e7a3edce97d31c4e,0.0041900065580621725,6,0.99
0x437cc33344a0b27a429f795ff6b469c72698b291,0.0003729732996863446,6,0.99
0x4385328cc4d643ca98dfea734360c0f596c83449,1.0554724388726848e-22,18,0.99
0x43a96962254855f16b925556f9e97be436a43448,2.2383589234043252e-07,18,0.99
0x43e54c2e7b3e294de3a155785f52ab49d87b9922,0.00016488038186895847,18,1
0x43fcd85e8d9d003d515f886891b7c742ac9f92da,1.0187229850850696,18,0.99
0x44108f0223a3c3028f5fe7aec7f9bb2e66bef82f,1.6853902720151346e-05,18,0.99
0x441761326490cacf7af299725b6292597ee822c2,1.3535931453587587e-05,18,0.99
0x443459d45c30a03f90037d011cbe22e2183d3b12,8.647624364780658e-06,18,0.99
0x444444444444c1a66f394025ac839a535246fcc8,6.890046303641931e-11,9,0.99
0x44971abf0251958492fee97da3e5c5ada88b9185,2.107238579446213e-06,18,0.99
0x44b28991b167582f18ba0259e0173176ca125505,0.07069208605324213,18,0.99
0x44d34975bf7fe025007e236ce4e0b0395687773b,1.929334711813803e-07,18,0.8558733
0x44ff8620b8ca30902395a7bd3f2407e1a091bf73,0.00029811367526942563,18,0.99
0x4507cef57c46789ef8d1a19ea45f4216bae2b528,8.487827905466366e-07,9,0.99
0x45510db2481353178db5abb87c96805fadad0724,2.283128287088093e-06,18,0.99
0x45547ab0100f5e8b158258b6d94d7586de69fc21,3.576592155271289e-14,18,0.99
0x455e53cbb86018ac2b8092fdcd39d8444affc3f6,4.186095773939065e-05,18,0.99
0x4575f41308ec1483f3d399aa9a2826d74da13deb,3.7698381019884023e-06,18,0.99
0x45804880de22913dafe09f4980848ece6ecbaf78,1.5547633516071304,18,0.99
0x459bcab2490843ad1fe1e4feff7f7ea16a14408b,0.00036931543454113885,18,0.9
0x45c2f8c9b4c0bdc76200448cc26c48ab6ffef83f,1.4795717685329086e-07,18,0.99
0x45e02bc2875a2914c4f585bbf92a6f28bc07cb70,3.833752467892949e-05,18,0.99
0x4604b0b581269843ac7a6b70a5fc019e7762e511,0.004247907810250914,18,1
0x4614f7a56a3eb83b2ff9fa4b4b9575b28fb68644,0.00041356492167392007,18,0.98
0x4647e1fe715c9e23959022c2416c71867f5a6e80,9.065493901148575e-06,6,0.99
0x464ebe77c293e473b48cfe96ddcf88fcf7bfdac0,5.215608769378917e-05,18,0.99
0x465dbc39f46f9d43c581a5d90a43e4a0f2a6ff2d,5.2226375509999045e-11,9,0.99
0x465e07d6028830124be2e4aa551fbe12805db0f5,0.20041753392221556,18,0.94
0x467719ad09025fcc6cf6f8311755809d45a5e5f3,1.8877812503494148e-05,6,0.99
0x467bccd9d29f223bce8043b84e8c8b282827790f,8.894439458252548e-07,2,0.99
0x468586fb630619df6865b62e9e4f6ecba738bbbd,1.4767757575379708e-05,18,0.99
0x468eabcb5c914ac59e72691f8fc970880a94f4b3,7.665767881052997e-05,18,0.99
0x4691937a7508860f876c9c0a2a617e7d9e945d4b,5.178125060466761e-06,18,0.99
0x470c8950c0c3aa4b09654bc73b004615119a44b5,3.2670833903665533e-13,18,0.99
0x473bcd6ee71d2ca1d18f8e74cdf75beb4999fa7e,3.789519789198753e-07,18,0.94
0x473f4068073cd5b2ab0e4cc8e146f9edc6fb52cc,7.97210570549134e-12,18,0.99
0x476310e34d2810f7d79c43a74e4d79405bd7a925,0.0003814709384513434,18,0.95
0x479dfb03cddea20dc4e8788b81fd7c7a08fd3555,0.00038017101737831103,18,0.99
0x47dfd0c8eee949748c1d5cb6b695a4aba5fe7379,0.0005315116142146821,18,1
0x480c3c9470fa4bbda030f6396fa4b17adefc1ce0,9.90099347746287e-06,6,0.9
0x4833e7f4f0460f4b72a3a5879a6c9841bcc5b58b,0.02030761692836179,18,0.99
0x487d62468282bd04ddf976631c23128a425555ee,7.898224694627025e-05,5,0.99
0x48b847cf774a5710f36f594b11fc10e2e59bba72,6.355901472836358e-07,18,0.99
0x48c3399719b582dd63eb5aadf12a40b4c3f52fa2,1.0776757232003142e-06,18,0.99
0x48f9e38f3070ad8945dfeae3fa70987722e3d89c,0.0003729021964632495,18,0.99
0x490e0e6255bf65b43e2e02f7acb783c5e04572ff,-0.00037302052647946354,18,0.98
0x491604c0fdf08347dd1fa4ee062a822a5dd06b5d,1.0694052654785083e-05,18,0.99
0x4947b72fed037ade3365da050a9be5c063e605a7,4.982376784670225e-11,9,0.99
0x4955f6641bf9c8c163604c321f4b36e988698f75,1.531864071413743e-08,9,0.99
0x49fb8ad7578148e17c3ef0c344ce23a66ed372c4,2.865528241779288e-05,18,0.99
0x4a220e6096b25eadb88358cb44068a3248254675,0.10810170997488042,18,0.99
0x4ae86d8732390d852a13cb918463bc6e5775fadd,0.0011891349048287149,18,0.99
0x4af1bc87e43ddb22188bb3791ae00341586fe8fc,2.6401490166200224e-07,18,0.99
0x4b1e80cac91e2216eeb63e29b957eb91ae9c2be8,1.1410120742414467e-07,18,0.99
0x4b948d64de1f71fcd12fb586f4c776421a35b3ee,0.0001168364548091716,18,0.99
0x4ba01f22827018b4772cd326c7627fb4956a7c00,0.00020427180416015953,18,0.99
0x4bdcb66b968060d9390c1d12bd29734496205581,1.4849825469774324e-07,18,0.99
0x4c11249814f11b9346808179cf06e71ac328c1b5,0.0001567216147750841,18,0.99
0x4c1746a800d224393fe2470c70a35717ed4ea5f1,6.9578915379450194e-06,18,0.99
0x4c19596f5aaff459fa38b0f7ed92f11ae6543784,3.4806406468897404e-07,8,0.99
0x4c1b46adb8877e389171ec6ef67b385094c0afad,7.215174777487656e-05,18,0.995
0x4c1dab3be86347977f3dfc4b9688224ef2272939,0.00011667323254795169,18,0.99
0x4c2e59d098df7b6cbae0848d66de2f8a4889b9c3,1.2135635355281918e-07,18,0.99
0x4c44a8b7823b80161eb5e6d80c014024752607f2,1.0976175893411309e-07,9,0.99
0x4c82c8cd9a218612dce60b156b73a36705645e3b,0.0881943804246311,18,1
0x4c9edd5852cd905f086c759e8383e09bff1e68b3,0.0003730166251567232,18,0.99
0x4cce605ed955295432958d8951d0b176c10720d5,0.0002613997253254932,6,0.99
0x4ce1ac8f43e0e5bd7a346a98af777bf8fbea1981,0.00038567017457829915,18,0.99
0x4d0528598f916fd1d8dc80e5f54a8feedcfd4b18,1.8343717138918647e-05,18,0.99
0x4d1c297d39c5c1277964d0e3f8aa901493664530,9.717128961049681e-06,18,0.99
0x4d224452801aced8b2f0aebe155379bb5d594381,5.594890458692452e-05,18,0.99
0x4d4574f50dd8b9dbe623cf329dcc78d76935e610,6.050126031384265e-14,9,0.99
0x4d5f47fa6a74757f35c14fd3a6ef8e3c9bc514e8,0.9983559888503615,18,0.99
0x4d7078ddd6ccfed2f85db5b7d3ff16828d378d48,7.569520909873757e-06,18,0.99
0x4d9216151dad1af871a6eec623e2f04e7a2717b3,0.010144940365432823,18,1
0x4da27a545c0c5b758a6ba100e3a049001de870f5,0.059171550606212354,18,0.99
0x4ddc2d193948926d02f9b1fe9e1daa0718270ed5,0.020121672756726973,8,1
0x4dedf26112b3ec8ec46e7e31ea5e123490b05b8b,0.00037323333326729494,18,0.99
0x4dfae3690b93c47470b03036a17b23c1be05127c,0.002306719064414143,18,0.99
0x4e15361fd6b4bb609fa63c81a2be19d873717870,1.562955100966913e-05,18,0.99
0x4e227d29b33b77113f84bcc189a6f886755a1f24,0.9709735874597949,18,0.99
0x4e3fbd56cd56c3e72c1403e103b45db9da5b9d2b,0.0008018811551703844,18,0.99
0x4e6221c07dae8d3460a46fa01779cf17fdd72ad8,2.4909132034371242e-11,9,0.99
0x4e67db19044549ff420860834c91b45bad298722,3.1163354846194467e-06,18,0.99
0x4e6bb6b7447b7b2aa268c16ab87f4bb48bf57939,0.000383299130603957,18,0.99
0x4ebdf703948ddcea3b11f675b4d1fba9d2414a14,0.013646034185180088,18,0.99
0x4ec1b60b96193a64acae44778e51f7bff2007831,2.7993151941149554e-05,18,0.99
0x4ef53d2caa51c447fdfeeedee8f07fd1962c9ee6,0.00038631339410446006,18,0.99
0x4f116ee5bcd227d1a1c4f57918d694a4abe7b3fc,0.0003687139254195808,18,1
0x4f2b33840227ddd0e28da8d4185d6fa07adfed87,2.4602098477540307e-05,18,0.99
0x4f493b7de8aac7d55f71853688b1f7c8f0243c85,0.00038017101737831103,18,0.99
0x4f5923fc5fd4a93352581b38b7cd26943012decf,0.0003730166251567232,18,0.99
0x4f8e5de400de08b164e7421b3ee387f461becd1a,0.0003722949095624009,18,0.99
0x4f9254c83eb525f9fcf346490bbb3ed28a81c667,1.156707645015294e-06,18,0.99
0x4f97b950a30321c181e974971e156e19fad184a3,-0.0003732065510154466,6,0.98
0x4fabb145d64652a948d72533023f6e7a623c7c53,0.00037227906581299876,18,0.99
0x4fe83213d56308330ec302a8bd641f1d0113a4cc,6.722842681504701e-06,18,0.99
0x5018be882dcce5e3f2f3b0913ae2096b9b3fb61f,0.00037795197266604874,18,0.99
0x501ebf66d76a96d4fb26ccead42957653e16b8b8,0.000371550051349287,6,0.99
0x5026f006b85729a8b14553fae6af249ad16c9aab,8.284977007928718e-09,18,0.99
0x50327c6c5a14dcade707abad2e27eb517df87ab5,0.00012598941884720758,6,0.99
0x505b5eda5e25a67e1c24a2bf1a527ed9eb88bf04,1.840335396273791e-07,18,0.99
0x50614cc8e44f7814549c223aa31db9296e58057c,2.3255746937246276e-06,18,0.99
0x5086bf358635b81d8c47c66d1c8b9e567db70c72,0.00041190214341772785,18,0.99
0x508e00d5cef397b02d260d035e5ee80775e4c821,2.107441197868363e-08,18,0.99
0x509a38b7a1cc0dcd83aa9d06214663d9ec7c7f4a,4.757818913281304e-06,18,0.99
0x50d1c9771902476076ecfc8b2a83ad6b9355a4c9,9.364176757359163e-05,18,0.99
0x50f41f589afaca2ef41fdf590fe7b90cd26dee64,6.1009441801595455e-06,18,0.99
0x512bc2aee29f8e641f903b339d40947595a5bfe8,0.00037201360160396264,18,0.99
0x514910771af9ca656af840dff83e8264ecf986ca,0.005349997166597714,18,0.99
0x515e7fd1c29263dff8d987f15fa00c12cd10a49b,0.0007250686105971847,18,0.8668036
0x516d31321928700c6b4fb0db0c8c6bc5d6799787,2.2452804821324993e-06,7,0.99
0x519c1001d550c0a1dae7d1fc220f7d14c2a521bb,6.224478910150061e-08,18,0.99
0x51cb253744189f11241becb29bedd3f1b5384fdb,3.173991329143281e-06,18,0.99
0x5200b34e6a519f289f5258de4554ebd3db12e822,1.9011307205990209e-10,9,0.99
0x5228a22e72ccc52d415ecfd199f99d0665e7733b,26.40551797309085,18,0.99
0x52498f8d9791736f1d6398fe95ba3bd868114d10,3.7672800221082927e-07,18,0.99
0x525a8f6f3ba4752868cde25164382bfbae3990e1,1.0207187760218596e-05,6,0.99
0x526526528f35ac738177003b8773b402b8df8143,0.00017909958033210342,18,0.99
0x5271045f7b73c17825a7a7aee6917ee46b0b7520,0.003411962290304911,18,0.99
0x527331f3f550f6f85acfecab9cc0889180c6f1d5,0.0003256935084917059,18,0.99
0x5273a75694311a6c4f2acf5c5b8566d965cb6e50,3.9219643620051615e-05,18,0.95
0x5283d291dbcf85356a21ba090e6db59121208b44,7.86142750946243e-06,18,0.99
0x52a047ee205701895ee06a375492490ec9c597ce,4.459055379486426e-06,18,0.99
0x52a8845df664d76c69d2eea607cd793565af42b8,0.0001061663283574006,18,0.99
0x52c77b0cb827afbad022e6d6caf2c44452edbc39,16816.547730730446,18,0.94
0x52c7aa73dc430dab948eee73ea253383fd223420,1.9862911433367493e-09,18,0.99
0x5362ca75aa3c0e714bc628296640c43dc5cb9ed6,9.105998292501767e-09,9,0.99
0x5395df198fcbc9c13bec506004c9a8b6460a7712,5.906104994223471e-07,18,0.94
0x53be7be0ce7f92bcbd2138305735160fb799be4f,5.650534450014638e-07,6,0.99
0x54021fde36b7c4c4f9c35b02fb9a153ed8f5938a,0.014081751723681873,18,1
0x54210d3f1a066413891af9e17210e787d5c6e3f4,0.0007662224077438805,18,1
0x5426178799ee0a0181a89b4f57efddfab49941ec,0.03778551308380967,18,0.99
0x548308e91ec9f285c7bff05295badbd56a6e4971,0.05126999772971037,18,0.99
0x54991328ab43c7d5d31c19d1b9fa048e77b5cd16,3.7518483445874346e-05,18,0.99
0x54d2252757e1672eead234d27b1270728ff90581,0.0007372450684970803,18,0.99
0x55296f69f40ea6d20e478533c15a6b08b654e758,1.3556094242246927e-06,18,0.99
0x557b933a7c2c45672b610f8954a3deb39a51a8ca,3.303670338857712e-08,18,0.99
0x55c1b6e461a6334b567baf0feb5d728715446f05,0.00037636267279254914,18,0.85
0x56072c95faa701256059aa122697b133aded9279,2.8892833734098298e-05,18,0.99
0x562e362876c8aee4744fc2c6aac8394c312d215d,1.575937531021566e-06,9,0.99
0x56a3ba04e95d34268a19b2a4474dc979babdaf76,7.926278452832024e-06,18,0.99
0x56a76b428244a50513ec81e225a293d128fd581d,0.000387817430047439,18,1
0x56ba8b58b7d1f6d384a1c4dd553f39ebc8741b8e,0.02254000486773323,18,0.99
0x56bfa6f53669b836d1e0dfa5e99706b12c373ecf,0.00038396374966310847,18,1
0x56c03b8c4fa80ba37f5a7b60caaaef749bb5b220,7.333885736186432e-07,18,0.99
0x57129759d0e23116c1e7402dbc084e53d2e209a2,0.00035963329559573603,18,0.97
0x5732046a883704404f284ce41ffadd5b007fd668,3.928543933976214e-06,18,0.99
0x576e2bed8f7b46d34016198911cdf9886f78bea7,1.172243596633902e-05,9,0.94
0x57737ded3870e43fed7d80d31e0ced3d5fb0cccc,1.6820202969034772e-07,18,0.8327153
0x579cea1889991f68acc35ff5c3dd0621ff29b0c9,3.3773196595186537e-07,18,0.99
0x57ab1e0003f623289cd798b1824be09a793e4bec,0.00036920975938150343,18,0.99
0x57b67e4de077085fd0af2174e9c14871be664546,-0.0003730385444281788,6,0.98
0x57b68c4ea221ee8da6eb14ebdfccee5177567771,1.026748788583593,18,1
0x57b946008913b82e4df85f501cbaed910e58d26c,6.622831281599687e-07,18,0.99
0x57b96d4af698605563a4653d882635da59bf11af,6.151414967700501e-05,18,0.99
0x57c3571f10767e49c9d7b60feb6c67804783b7ae,0.0005004550099985867,18,0.95
0x57e114b691db790c35207b2e685d4a43181e6061,9.798026727628173e-05,18,0.99
0x582d872a1b094fc48f5de31d3b73f2d9be47def1,0.0005662586477752557,9,0.99
0x5832fbf930dacbdd9a1697dca7b3c518277ff0b0,3.4767376501514034e-06,8,0.99
0x584a4dd38d28fd1ea0e147ba7b70aed29a37e335,8.120910545097855e-07,18,0.99
0x584bc13c7d411c00c01a62e8019472de68768430,5.887442982937643e-06,18,0.99
0x5888641e3e6cbea6d84ba81edb217bd691d3be38,1.548370821427997e-13,9,0.99
0x58a2edf0169ede82904e47a0e2a3a4008edebb60,0.005351849644064208,18,1
0x58b6a8a3302369daec383334672404ee733ab239,0.0006640960576056185,18,0.99
0x58cb30368ceb2d194740b144eab4c2da8a917dcb,2.668322819207577e-07,18,0.99
0x58d7fa7356d68c494c2de09f95d55c2ff2d38bd3,5.518315181580402e-06,18,0.99
0x58d97b57bb95320f9a05dc918aef65434969c2b2,0.000925504469955763,18,0.99
0x590246bfbf89b113d8ac36faeea12b7589f7fe5b,4.611620237349987e-11,9,0.99
0x590f820444fa3638e022776752c5eef34e2f89a6,2.6455533930342857e-05,18,0.99
0x594daad7d77592a2b97b725a7ad59d7e188b5bfa,6.65811077128816e-09,18,0.99
0x595832f8fc6bf59c85c527fec3740a1b7a361269,2.5148145250785633e-05,6,0.99
0x59644165402b611b350645555b50afb581c71eb2,0.27167104959455995,18,1
0x59801175a9b2248f9bf4ba7f82e17045c4672ec8,0.04208384066981432,18,1
0x599ef448e1d3378ed2dd7982d4b00615d9e5bf77,0.03869883909133624,18,0.9
0x59a529070fbb61e6d6c91f952ccb7f35c34cf8aa,3.3496875467144577e-06,18,0.99
0x59cd1c87501baa753d0b5b5ab5d8416a45cd71db,1.0002083682474772,18,0.99
0x59d1e836f7b7210a978b25a855085cc46fd090b5,3.28052573355101e-08,18,0.99
0x5a0f93d040de44e78f251b03c43be9cf317dcf64,0.0003919068102163974,6,0.99
0x5a19fa369f2895dcd8d2cee62e4ceae58ef92bbb,0.00037303831700013146,18,0.9
0x5a3e6a77ba2f983ec0d371ea3b475f8bc0811ad5,7.680535544375833e-07,9,0.99
0x5a6a4d54456819380173272a5e8e9b9904bdf41b,1.3842152858117405e-05,18,0.99
0x5a858d94011566f7d53f92feb54aff9ee3785db1,1.0031595543403298e-11,9,0.99
0x5a9610919f5e81183823a2be4bd1beb2b4da2a20,5.275768512224555e-05,18,0.99
0x5a98fcbea516cf06857215779fd812ca3bef1b32,0.00016744880015295743,18,0.99
0x5aa158404fed6b4730c13f49d3a7f820e14a636f,9.067465744594398e-09,18,0.99
0x5ab3d4c385b400f3abb49e80de2faf6a88a7b691,2.433722528196736e-05,18,0.99
0x5ac34c53a04b9aaa0bf047e7291fb4e8a48f2a18,2.4278175022354305e-08,18,0.99
0x5adc961d6ac3f7062d2ea45fefb8d8167d44b190,1.1579568682694208e-06,18,0.80137116
0x5aef5bba19e6a1644805bd4f5c93c8557b87c62c,9.013309216499533e-08,18,0.99
0x5afe3855358e112b5647b952709e6165e1c1eeee,4.1753921611953573e-05,18,0.99
0x5b453493d2328e7f747eb2e66446efe707728be7,0.000377627812123763,18,0.85
0x5b649c07e7ba0a1c529deaabed0b47699919b4a2,5.699517958629885e-06,8,0.99
0x5bcd8195e3ef58f677aef9ebc276b5087c027050,0.02565153834600635,18,1
0x5be6c45e2d074faa20700c49ada3e88a1cc0025d,0.0011077112295491043,18,0.99
0x5c2ab69eb2bf12a2f4572d178687bd4660512972,0.00039815487550081606,18,0.995
0x5c647ce0ae10658ec44fa4e11a51c96e94efd1dd,31.221772739384253,8,0.99
0x5c697fee285b513711a816018dbb34dc0cfc4875,1.4609660287593248e-05,18,0.99
0x5ca135cb8527d76e932f34b5145575f9d8cbe08e,0.0004271980117543824,18,0.99
0x5cf04716ba20127f1e2297addcf4b5035000c9eb,2.545665383478733e-06,18,0.99
0x5cffcc9ddef0fdcf395e2ea24ca5ed5a12032706,1.0628728867708813e-05,6,0.9
0x5d3a536e4d6dbd6114cc1ead35777bab948e3643,9.356321202330199e-06,8,1
0x5dc60c4d5e75d22588fa17ffeb90a63e535efce0,1.5621193719460595e-06,18,0.99
0x5dd1a7a369e8273371d2dbf9d83356057088082c,4.5138249062981496e-05,18,0.99
0x5de8ab7e27f6e7a1fff3e5b337584aa43961beef,1.5985700344801093e-07,18,0.99
0x5e7f6e008c6d9d7ad4c7eb75bd4ce62864cc7454,1.9238441943095466e-05,18,0.99
0x5e8422345238f34275888049021821e8e08caa1f,0.9976224740771108,18,0.99
0x5e8c8a7243651db1384c0ddfdbe39761e8e7e51a,0.005349997166597714,18,0.99
0x5e9ce43c5b1e2872755977e0a57eac44c0c0f951,0.0003775603941165515,18,0.99
0x5ea630e00d6ee438d3dea1556a110359acdc10a9,0.0007054200845687482,18,0.99
0x5ee5bf7ae06d1be5997a1a72006fe6c607ec6de8,31.21710964101727,8,0.99
0x5f46d540b6ed704c3c8789105f30e075aa900726,32.277833033331326,8,0.98
0x5f64ab1544d28732f0a24f4713c2c8ec0da089f0,2.4174901453757292e-05,18,0.99
0x5f7827fdeb7c20b443265fc2f40845b715385ff2,0.0004225695539638231,18,0.99
0x5f907f5a55f257c61463cd4d10ede35dfc7dede9,2.951858248460331e-08,9,0.99
0x5f98805a4e8be255a32880fdec7f6728c6568ba0,0.00037481486056709,18,0.99
0x5faa989af96af85384b8a938c2ede4a7378d9875,0.00021249579391213264,18,0.99
0x5fab9761d60419c9eeebe3915a8fa1ed7e8d2e1b,6.660332105697251e-06,18,0.99
0x600d601d8b9eb5de5ac90fefc68d0d08801bfd3f,2.8555011071967532e-08,8,0.99
0x6019dcb2d0b3e0d1d8b0ce8d16191b3a4f93703d,1.6186150093241005e-05,18,0.99
0x60215db40b04fe029c42c56ff2e02221c1f288ef,2.5843551333537228e-08,9,0.99
0x6033f7f88332b8db6ad452b7c6d5bb643990ae3f,0.00010776791331200071,18,0.99
0x607f4c5bb672230e8672085532f7e901544a7375,0.00013253255643625304,9,0.99
0x60f5672a271c7e39e787427a18353ba59a4a3578,8.19093288120591e-13,18,0.8287221
0x6112c3509a8a787df576028450febb3786a2274d,2.733176716241873e-06,18,0.99
0x615987d46003cc37387dbe544ff4f16fa1200077,4.382939648080934e-08,9,0.99
0x616254b3c79639f89e756495ac687735b27b5e17,9.918081953429234e-15,18,0.99
0x619beb58998ed2278e08620f97007e1116d5d25b,-0.0003730630996272884,6,0.98
0x61ec85ab89377db65762e234c946b5c25a56e99e,6.414626905422528e-10,18,0.99
0x6243558a24cc6116abe751f27e6d7ede50abfc76,2.2443487642530304e-07,18,0.99
0x626e8036deb333b408be468f951bdb42433cbf18,4.2286531897311265e-05,18,0.99
0x628a3b2e302c7e896acc432d2d0dd22b6cb9bc88,4.089968076910845e-06,18,0.99
0x62b9c7356a2dc64a1969e19c23e4f579f9810aa7,6.138846485933964e-05,18,0.99
0x62ca254a363dc3c748e7e955c20447ab5bf06ff7,0.2890949458576356,18,1
0x62d0a8458ed7719fdaf978fe5929c6d342b0bfce,7.33399366134236e-07,18,0.99
0x62f03b52c377fea3eb71d451a95ad86c818755d1,6.848732034693447e-10,18,0.99
0x6368e1e18c4c419ddfc608a0bed1ccb87b9250fc,2.505663471287162e-07,18,0.99
0x636bd98fc13908e475f56d8a38a6e03616ec5563,1.0256159991858274e-10,18,0.99
0x63d74d22e689c715a04f2c13962b1f77f443d35b,0.00037361198423351775,18,0.99
0x6401365aa495ca96bcfcf9c6c47bd4a590336b00,0.055661125244061596,18,1
0x6418c0dd099a9fda397c766304cdd918233e8847,3.6124342082942833e-06,18,0.99
0x643c4e15d7d62ad0abec4a9bd4b001aa3ef52d66,8.412894576090678e-05,18,0.99
0x6440f144b7e50d6a8439336510312d2f54beb01d,0.00037154611225962434,18,0.99
0x644192291cc835a93d6330b24ea5f5fedd0eef9e,1.297391506602839e-07,18,0.99
0x64aa3364f17a4d01c6f1751fd97c2bd3d7e7f1d5,0.007558417912965309,9,0.99
0x64bc2ca1be492be7185faa2c8835d9b824c8a194,3.256304768365759e-06,18,0.99
0x64c5cba9a1bfbd2a5faf601d91beff2dcac2c974,2.2523547513607785e-13,18,0.99
0x64d91f12ece7362f91a6f8e7940cd55f05060b92,0.00013268655283918897,18,0.99
0x65086e9928d297ebae6a7d24d8c3aea6f8f6b5d7,5.653937074835792e-14,18,0.99
0x656341ef90b622c6634e0573772ffb7f3669b9f3,0.039933057392357064,18,0.99
0x657e8c867d8b37dcc18fa4caead9c45eb088c642,31.25293983099219,8,0.99
0x65c9a641afceb9c0e6034e558a319488fa0fa3be,0.0003767214074291274,18,0.95
0x660dce21d57b9b48ee72c4eb522a3a87bfb1374b,0.00015672976399973043,18,0.98
0x662b67d00a13faf93254714dd601f5ed49ef2f51,1.8742750072751897e-07,18,0.99
0x6649a010cbcf5742e7a13a657df358556b3e55cf,1.0692595527792226,18,0.98
0x6663b6d50992ef4fc0380199397c87c2f5256075,0.005080119798955453,18,0.99
0x66761fa41377003622aee3c7675fc7b5c1c2fac5,1.329099418502274e-05,18,0.99
0x668c5ef17f2f01503fbb4f285f32161251047720,0.0003701925175493838,18,0.9
0x66a1e37c9b0eaddca17d3662d6c05f4decf3e110,3.109738749436859e-05,18,0.99
0x66a5cfb2e9c529f14fe6364ad1075df3a649c0a5,4.464879765727427e-06,18,0.99
0x66bff0d18513c648690edcdf5993c9da8c632ec8,5.424269651620747e-14,9,0.99
0x66bff695f3b16a824869a8018a3a6e3685241269,6.90362754690228e-11,18,0.99
0x66f73d0fd4161cfad4302dc145ff994375c13475,5.9047098835394325e-09,18,0.99
0x66fd8de541c0594b4dccdfc13bf3a390e50d3afd,1.5867383900271994e-05,18,0.99
0x672fdba7055bddfa8fd6bd45b1455ce5eb97f499,8.94472606714205e-07,18,0.99
0x67466be17df832165f8c80a5a120ccc652bd7e69,3.358278957166113e-09,18,0.99
0x675b68aa4d9c2d3bb3f0397048e62e6b7192079c,2.8479982322821286e-07,9,0.99
0x675bbc7514013e2073db7a919f6e4cbef576de37,9.066924943082643e-07,18,0.99
0x677ddbd918637e5f2c79e164d402454de7da8619,0.00037197887361384866,18,0.99
0x678e840c640f619e17848045d23072844224dd37,2.4354824519354687e-08,18,0.99
0x67b66c99d3eb37fa76aa3ed1ff33e8e39f0b9c7a,1.2342974652112138,18,0.99
0x6810e776880c02933d47db1b9fc05908e5386b96,0.04423611153686141,18,0.99
0x68215b6533c47ff9f7125ac95adf00fe4a62f79e,0.0003730674856860386,6,0.99
0x68749665ff8d2d112fa859aa293f07a622782f38,1.5532533141046092,6,0.99
0x68a47fe1cf42eba4a030a10cd4d6a1031ca3ca0a,0.0001039454627073392,8,0.99
0x68aaa0d94ea163b9bbf659dc3766defb4c0ac7be,3.19911979567556e-08,9,0.99
0x68b36248477277865c64dfc78884ef80577078f3,9.803566393166185e-08,18,0.99
0x68bbed6a47194eff1cf514b50ea91895597fc91e,4.485854380524233e-09,18,0.99
0x68fa48b1c2fe52b3d776e1953e0e782b5044ce28,0.05622893910101027,18,0.99
0x6900f7b42fb4abb615c938db6a26d73a9afbed69,3.6811646514857925e-08,18,0.99
0x69444b542d19b0aa430b49ae742ec6c0ee73df51,0.00016912138533840972,18,0.98
0x696d02db93291651ed510704c9b286841d506987,0.00038497451902423115,6,0.9
0x6982508145454ce325ddbe47a25d4ec3d2311933,1.6051945789065126e-09,18,0.99
0x6985884c4392d348587b19cb9eaaf157f13271cd,0.0006284437674293265,18,0.99
0x698b1d54e936b9f772b8f58447194bbc82ec1933,4.5300398299836654e-10,9,0.99
0x699ccf919c1dfdfa4c374292f42cadc9899bf753,1.6284251749377467e-05,18,0.99
0x699f088b5dddcafb7c4824db5b10b57b37cb0c66,0.0003608326022544679,18,0.99
0x69a238ae7ebeb3c53ff3b544e48b96a2142fc284,0.0003966673207593541,18,1
0x69af81e73a73b40adf4f3d4223cd9b1ece623074,0.00017114188135775482,18,0.99
0x69babe9811cc86dcfc3b8f9a14de6470dd18eda4,3.1958474160197745e-10,9,0.99
0x69d29f1b0cc37d8d3b61583c99ad0ab926142069,8.38065471180433e-14,9,0.99
0x69d5d476a93d121395c1a690abb332027bbb02f1,8.550425500938747e-05,18,0.98
0x6a6c2ada3ce053561c2fbc3ee211f23d9b8c520a,1.8931755148090732e-06,18,0.99
0x6a77e39240da69ea788e4cf93663d2c41ea4b12b,2.830514974611589e-05,18,0.99
0x6a7eff1e2c355ad6eb91bebb5ded49257f3fed98,4.064679260205895e-07,18,0.8434254
0x6aa56e1d98b3805921c170eb4b3fe7d4fda6d89b,1.144296553756743e-05,9,0.99
0x6ad038ca6c04e885630851278ca0a856ad9a66cc,0.0003730723905485604,6,0.98
0x6adb2e268de2aa1abf6578e4a8119b960e02928f,5.198987409688691e-21,9,0.99
0x6af487beb661ccecd1d045e9561a0dac9aa5c7db,1.0495299363900924e-06,18,0.99
0x6b0b3a982b4634ac68dd83a4dbf02311ce324181,4.521073266847174e-07,18,0.99
0x6b175474e89094c44da98b954eedeac495271d0f,0.00037323333326729494,18,0.99
0x6b32022693210cd2cfc466b9ac0085de8fc34ea6,3.910712869151965e-07,8,0.99
0x6b3595068778dd592e39a122f4f5a5cf09c90fe2,0.00010136254402809087,18,0.99
0x6b419b281491473da2948b23fcb42f80e4ef2529,1.5270065799111006e-07,18,0.99
0x6b4c7a5e3f0b99fcd83e9c089bddd6c7fce5c611,0.0003744874938107584,18,0.99
0x6b66ccd1340c479b07b390d326eadcbb84e726ba,4.57075330337719e-06,18,0.99
0x6b7774cb12ed7573a7586e7d0e62a2a563ddd3f0,1.371546231670176e-06,18,0.99
0x6b785a0322126826d8226d77e173d75dafb84d11,0.00031681500781085013,18,0.99
0x6b9f031d718dded0d681c20cb754f97b3bb81b78,9.87236034854814e-07,18,0.99
0x6be935eadc71c49c414b1175985946ee40365c67,0.19240216633917398,18,1
0x6bef15d938d4e72056ac92ea4bdd0d76b1c4ad29,9.02055995113276e-05,18,0.99
0x6bf183243fdd1e306ad2c4450bc7dcf6f0bf8aa6,0.00044307564277539587,6,1
0x6bf7788eaa948d9ffba7e9bb386e2d3c9810e0fc,0.0003872472279640047,6,0.99
0x6c0aeceedc55c9d55d8b99216a670d85330941c3,1.1182537711000095e-06,18,0.99
0x6c280db098db673d30d5b34ec04b6387185d3620,0.06185640259093067,18,0.99
0x6c28aef8977c9b773996d0e8376d2ee379446f2f,0.005001505847548946,18,0.99
0x6c3ea9036406852006290770bedfcaba0e23a0e8,0.0003730385444281788,6,0.99
0x6c3f90f043a72fa612cbac8115ee7e52bde6e490,0.00038800731645032916,18,0.99
0x6c3fe25a4de7fa243c653cfe1f165bf11d99704e,2.3563665517108333e-06,18,0.99
0x6c5ba91642f10282b576d91922ae6448c9d52f4e,2.9164341661885857e-05,18,0.99
0x6c6ee5e31d828de241282b9606c8e98ea48526e2,1.6537622198031363e-07,18,0.99
0x6c76de483f1752ac8473e2b4983a873991e70da7,1.8712426690891045e-05,18,0.99
0x6c9815826fdf8c7a45ccfed2064dbab33a078712,0.0008018811551703844,18,0.99
0x6d18e1a7faeb1f0467a77c0d293872ab685426dc,0.00037393812360831096,18,0.99
0x6d7497751656618fc38cfb5478994a20f7e235df,3.639290325334512e-11,18,0.99
0x6dc02164d75651758ac74435806093e421b64605,3.2707546439271555e-06,8,0.99
0x6dc58a0fdfc8d694e571dc59b9a52eeea780e6bf,0.0003780050170347895,18,1
0x6dc8de7343d2e3b4e5ef9a196e946ae4d460e2d0,0.00337132850394143,18,0.99
0x6de037ef9ad2725eb40118bb1702ebb27e4aeb24,0.0007152082132637517,18,0.99
0x6dea81c8171d0ba574754ef6f8b412f2ed88c54d,8.818994735648247e-05,18,0.99
0x6df1c1e379bc5a00a7b4c6e67a203333772f45a8,-0.00037299266933463345,6,0.98
0x6e0dade58d2d89ebbe7afc384e3e4f15b70b14d8,1.876466392311089e-06,18,0.99
0x6e15a54b5ecac17e58dadeddbe8506a7560252f9,1.3199686257397614e-06,18,0.99
0x6e2a43be0b1d33b726f0ca3b8de60b3482b8b050,4.9127557114967114e-05,18,0.99
0x6e52cce4eafdf77091dd1c82183b2d97b776b397,0.05915220457787935,18,0.99
0x6e5492f8ea2370844ee098a56dd88e1717e4a9c2,0.040354164952799795,18,0.99
0x6e5970dbd6fc7eb1f29c6d2edf2bc4c36124c0c1,2.0671280953966003e-05,18,0.99
0x6e6f6d696e61decd6605bd4a57836c5db6923340,8.607926829820462e-07,18,0.99
0x6e79b51959cf968d87826592f46f819f92466615,1.1591027951436707e-09,9,0.99
0x6e9455d109202b426169f0d8f01a3332dae160f3,0.00015839752380922422,18,0.9
0x6ecf5fe60e27cd03abdba3a19af8dc6845a0da58,2.1147726136319119e-07,18,0.99
0x6f0066f9df5abf780cfc69ebe50b71fc4cdb08b0,3.5577948846937106e-14,9,0.99
0x6f259637dcd74c767781e37bc6133cd6a68aa161,5.6870196549122534e-05,18,0.99
0x6f40d4a6237c257fff2db00fa0510deeecd303eb,0.0005499966677561461,18,0.99
0x6fb3e0a217407efff7ca062d46c26e5d60a14d69,1.2898409440121448e-06,18,0.99
0x6fc13eace26590b80cccab1ba5d51890577d83b2,4.1431543927514325e-08,18,0.99
0x6fc2f1044a3b9bb3e43a43ec8f840843ed753061,1.004342252655169e-05,18,0.94
0x6fc9e1764850c61f91f3ef57d1a05013f047f7f4,0.0003751148271027021,18,0.99
0x7039cd6d7966672f194e8139074c3d5c4e6dcf65,2.900350823923238e-08,9,0.99
0x7046933234a82af77f14625e8d0fa9bcc5044a7e,4.845695983993486e-07,18,0.99
0x70bef3bb2f001da2fddb207dae696cd9faff3f5d,0.0005557606739176566,18,0.99
0x70e8de73ce538da2beed35d14187f6959a8eca96,0.0002923420758342001,6,0.99
0x70edf1c215d0ce69e7f16fd4e6276ba0d99d4de7,9.104222711443111e-07,9,0.99
0x70fd93fb088150e203d2243b9bd3190276f80c70,8.341342909208159e-11,9,0.99
0x712bd4beb54c6b958267d9db0259abdbb0bff606,4.209468258253016e-05,18,0.99
0x7138eb0d563f3f6722500936a11dcae99d738a2c,1.3785863511594864e-07,18,0.99
0x7191878f1fe834b28f4d0cead0e4375b814c4abb,0.0003679388188569942,18,0.9
0x71ab77b7dbb4fa7e017bc15090b2163221420282,1.3214455338816622e-05,18,0.99
0x71d24baeb0a033ec5f90ff65c4210545af378d97,0.009358248628698013,18,1
0x71e2400cf1cb83204f33794ed326636a71a9aafc,0.6485572106499945,18,1
0x71fc860f7d3a592a4a98740e39db31d25db65ae8,0.0003736409559796663,6,0.99
0x72310daaed61321b02b08a547150c07522c6a976,0.0003751148271027021,18,0.99
0x723cbfc05e2cfcc71d3d89e770d32801a5eef5ab,0.0031524778766004284,8,0.99
0x727f064a78dc734d33eec18d5370aef32ffd46e4,1.7585771299460226e-07,18,0.99
0x728f30fa2f100742c7949d1961804fa8e0b1387d,4.373231156072679e-06,18,0.99
0x72953a5c32413614d24c29c84a66ae4b59581bbf,0.0008815940127403523,18,0.95
0x72dfb2e44f59c5ad2bafe84314e5b99a7cd5075e,31.20805625598214,8,0.99
0x72e158d38dbd50a483501c24f792bdaaa3e7d55c,0.0003785006223088067,18,0.99
0x72e364f2abdc788b7e918bc238b21f109cd634d7,0.0019300285761918333,18,0.99
0x72e4f9f808c49a2a61de9c5896298920dc4eeea9,6.304400535991531e-06,8,0.99
0x72e95b8931767c79ba4eee721354d6e99a61d004,-0.0003730630996272884,6,0.98
0x72fdc31f4a9a1edf6b6132d3c1754f1cdcf5d9b1,2.800288027429462e-07,18,0.99
0x736609d310b5f925531b5ad895925cb0586f6241,6.131917852548422e-05,18,0.99
0x737e7700e03a8c451c9b72103554a40760f1b57a,0.00037271994116366516,18,0.99
0x738865301a9b7dd80dc3666dd48cf034ec42bdda,0.00014222748307664678,8,0.99
0x73968b9a57c6e53d41345fd57a6e6ae27d6cdb2f,4.0336324597506536e-05,18,0.99
0x73a15fed60bf67631dc6cd7bc5b6e8da8190acf5,0.00037269759402369987,18,0.99
0x73d7c860998ca3c01ce8c808f5577d94d545d1b4,3.2387521294281084e-05,18,0.99
0x73e0c0d45e048d25fc26fa3159b0aa04bfa4db98,31.2097739444626,8,0.99
0x73fbd93bfda83b111ddc092aa3a4ca77fd30d380,3.309930799869829e-07,18,0.99
0x74023ba6cb9e085eb563e55243c2fa858b6900b9,1.5673380850007045e-11,9,0.99
0x741bd193b6b40f8703d2e116fd1965421f290f58,0.00037177138533413023,6,0.95
0x7420b4b9a0110cdc71fb720908340c03f9bc03ec,1.8578855795253732e-06,18,0.99
0x744793b5110f6ca9cc7cdfe1ce16677c3eb192ef,0.0003885648052736249,18,0.995
0x7448c7456a97769f6cd04f1e83a4a23ccdc46abd,4.28104859511577e-06,18,0.99
0x744d70fdbe2ba4cf95131626614a1763df805b9e,3.1309766566716016e-06,18,0.99
0x747e550a7b848ace786c3cfe754aa78febc8a022,4.3257220646602685e-06,18,0.99
0x75231f58b43240c9718dd58b4967c5114342a86c,0.04513212521912512,18,0.99
0x755d61b9acbc7fcc935e280291cd86cc1913af93,5.239051513456976e-07,18,0.99
0x75741a12b36d181f44f389e0c6b1e0210311e3ff,0.0004281298060072582,18,1
0x759f8b83db57033aed95545694f6ada480b6e987,4.622427178175956e-08,9,0.99
0x75e2fc69ff2ac12af65ba7d321bbf4f878c535d2,1.179627209699785e-06,18,0.99
0x75f72e6541819e4524d081289919c379e594fc34,0.0003885648052736249,18,0.995
0x761a3557184cbc07b7493da0661c41177b2f97fa,1.0201978600329202e-05,18,0.99
0x761d38e5ddf6ccf6cf7c55759d5210750b5d60f3,1.2159396050400926e-11,18,0.99
0x7636d8722fdf7cd34232a915e48e96aa3eb386bf,1.463517504952794e-06,18,0.99
0x76543ac61ba84c6feeee76c6a918127bf0ca5fd1,0.00036381021857156243,18,0.9
0x766752efbe71ba7897b205b53efbd34ec85ca0cf,0.0003726576312884894,18,0.99
0x767fe9edc9e0df98e07454847909b5e959d7ca0e,0.00143997947888553,18,0.99
0x76887cb94cf29ec539b3219ba62104be04f26a5c,3.602876624293966e-10,18,0.99
0x76a0e27618462bdac7a29104bdcfff4e6bfcea2d,0.00011704142797423607,18,0.99
0x76a962ba6770068bcf454d34dde17175611e6637,0.0004332482031452416,18,0.99
0x76e222b07c53d28b89b0bac18602810fc22b49a8,2.4198636412751473e-06,18,0.99
0x77146784315ba81904d654466968e3a7c196d1f3,1.684545398808517e-05,18,0.99
0x772358ef6ed3e18bde1263f7d229601c5fa81875,3.880178013988925e-06,18,0.99
0x7743e50f534a7f9f1791dde7dcd89f7783eefc39,0.0004183170222894502,18,1
0x774eaf7a53471628768dc679da945847d34b9a55,2.565383587917844e-13,18,0.99
0x775f0f7690c2ceed13d20f9a302d1e8069d56b3b,0.006873617888631666,18,0.9
0x775f661b0bd1739349b9a2a3ef60be277c5d2d29,1.2499112155093832,18,1
0x777777780838c00038ecd48f63f3c37669322bc8,3.709355378504635e-08,9,0.99
0x77777feddddffc19ff86db637967013e6c6a116c,0.0026794388373519583,18,0.99
0x779224df1c756b4edd899854f32a53e8c2b2ce5d,0.0003730385444281788,6,0.99
0x77a1a02e4a888ada8620b93c30de8a41e621126c,0.025217540340094897,18,1
0x77d2bc95ab51b75960ec3a01e112460ea7bafb20,0.0004919830479197757,6,1
0x77e06c9eccf2e797fd462a92b6d7642ef85b0a44,0.11247049111222913,9,0.99
0x77fba179c79de5b7653f68b5039af940ada60ce0,0.00010715479324174957,18,0.99
0x7825e833d495f3d1c28872415a4aee339d26ac88,6.396799166151443e-06,18,0.99
0x786dbff3f1292ae8f92ea68cf93c30b34b1ed04b,-0.0003728027778527735,18,0.98
0x787769d6fc857169f5243ef66d3f0a954149d3ba,0.0018314057481461582,18,1
0x78d11e37e890af4589fc9d0f6f884fd165c5aa0a,1.7186906598579832e-06,18,0.99
0x7970489a543fb237abab63d62524d8a5ce165b86,0.0006562496784683888,18,0.97
0x7972de1c2f9f11f622a188fbae8c0a943880424f,853172367.2808659,18,0.9
0x7977bf3e7e0c954d12cdca3e013adaf57e0b06e0,1.98921900093199e-05,18,0.99
0x797dd80692c3b2dadabce8e30c07fde5307d48a9,0.0004180191399256976,6,0.9
0x7987f03462200b3d8a072e02c89a8a41dcb124ee,7.828722629889931e-09,18,0.99
0x798bcb35d2d48c8ce7ef8171860b8d53a98b361d,3.129968206077621e-06,6,0.99
0x799ebfabe77a6e34311eeee9825190b9ece32824,2.3609072359498758e-05,18,0.99
0x79bbf4508b1391af3a0f4b30bb5fc4aa9ab0e07c,0.0001272752982505552,18,0.99
0x7a3d5d49d64e57dbd6fbb21df7202bd3ee7a2253,0.01473318563180537,18,0.94
0x7a493be5c2ce014cd049bf178a1ac0db1b434744,1.0849741316958978,18,1
0x7a56e1c57c7475ccf742a1832b028f0456652f97,31.144664542684747,18,0.99
0x7a58c0be72be218b41c608b7fe7c5bb630736c71,3.4705718393374917e-06,18,0.99
0x7a65cb87f596caf31a4932f074c59c0592be77d7,9.473706862996307e-07,18,0.99
0x7a7de491e1be5287874904e2b7c8488249a4d0a9,0.00037303054606791587,6,1
0x7abc8a5768e6be61a6c693a6e4eacb5b60602c4d,7.590521075758528e-07,18,0.99
0x7b10d50b5885be4c7985a88408265c109bd1eec8,9.724503206431902e-08,18,0.99
0x7b66e84be78772a3afaf5ba8c1993a1b5d05f9c2,0.00019851181194893692,18,0.99
0x7b9f36a2f331ece03a7483d2713cfd806f9beef2,4.4853745781471595e-07,9,0.99
0x7ba89bc658c07569cfa6d7947adaa80181a24568,0.0003771187726220623,18,0.995
0x7bc3485026ac48b6cf9baf0a377477fff5703af8,0.0004391003706533854,6,1
0x7beb8f36650e9327d8c52735e3b3c9d1521576e3,3.419865795551914e-14,18,0.99
0x7c0477d085ecb607cf8429f3ec91ae5e1e460f4f,0.00037320546876479276,6,0.99
0x7c1156e515aa1a2e851674120074968c905aaf37,0.00037237849121273886,18,0.99
0x7c135549504245b5eae64fc0e99fa5ebabb8e35d,0.00037291341102918866,18,0.99
0x7c439df9ade8831180ea4d546c1e910d4ba71a86,0.0005152821997778081,18,0.9
0x7c68e725b0b2ffcba8947fded4198c3d1db041e6,1.9922437060835566e-11,9,0.99
0x7c84e62859d0715eb77d1b1c4154ecd6abb21bec,2.487574215017349e-07,18,0.99
0x7c9f94a79b6b859dfb1d3312fc2311b39f89c677,2.1319330404008523e-10,9,0.99
0x7ca4408137eb639570f8e647d9bd7b7e8717514a,9.180948052632882e-07,18,0.99
0x7ca5af5ba3472af6049f63c1abc324475d44efc1,3.11730743036554e-07,9,0.99
0x7cb20517776636ed76b68edb3d99dcce356abf02,0.0003803054109267063,18,0.95
0x7cbcfc4f64be199ede6db1d916ddcdb69f666b57,0.00037378682153906944,18,0.85
0x7cf9a80db3b29ee8efe3710aadb7b95270572d47,3.2050028470251736e-05,6,0.99
0x7d1afa7b718fb893db30a3abc0cfc608aacfebb0,4.186095773939065e-05,18,0.99
0x7d5121505149065b562c789a0145ed750e6e8cdd,5.516881835481082e-07,18,0.99
0x7d6b0d7e8f5e78c0890f9e512ed70f57fd225cac,0.0003727679397968545,18,0.99
0x7da2641000cbb407c329310c461b2cb9c70c3046,2.5650582131742984e-06,18,0.99
0x7dd9c5cba05e151c895fde1cf355c9a1d5da6429,4.7243863546780214e-05,18,0.99
0x7ddc52c4de30e94be3a6a0a2b259b2850f421989,0.00014558521094455932,18,0.99
0x7de91b204c1c737bcee6f000aaa6569cf7061cb7,1.8129401160748055e-05,9,0.99
0x7e13876b92f1a62c599c231f783f682e96b91761,0.0054682673820058035,18,0.99
0x7e13b43065380acdec1c2d138c579cbbbafa0731,8.887658118229679e-07,18,0.99
0x7e2ac793f3e692f388e66c7dc28f739d13b0b71a,0.001555689513577724,18,0.99
0x7e8a16e87fa6b0f2e657db47f3dbfe2e981ef211,0.0003820825336051466,18,1
0x7ea7ea50ed58bc4d0a9194bcd328e21f7be80c2b,1.57710197395406e-08,18,0.99
0x7f39c581f595b53c5cb19bd0b3f8da6c935e2ca0,1.2459734669961051,18,0.99
0x7f47c3e6b2c00fc4eb4d5ae50d0ab0ab6888eb4d,0.00036243446082136004,6,0.9
0x7f50786a0b15723d741727882ee99a0bf34e3466,7.961405390471773e-05,18,0.99
0x7f792db54b0e580cdc755178443f0430cf799aca,8.485837263429157e-12,9,0.99
0x7f86bf177dd4f3494b841a37e810a34dd56c829b,0.704534996910621,18,0.99
0x7fbc01c63b0ac372ec75907f3a1d8adc8cf28e1f,4.8955426643937235e-06,18,0.9
0x7fc66500c84a76ad7e9c93437bfc5ac33e2ddae9,0.05930180136135109,18,0.99
0x7fd4d7737597e7b4ee22acbf8d94362343ae0a79,0.0009767552500388882,2,0.99
0x80008bcd713c38af90a9930288d446bc3bd2e684,1.0302130912900066e-08,18,0.99
0x80034f803afb1c6864e3ca481ef1362c54d094b9,4.236200970307851e-11,9,0.99
0x80122c6a83c8202ea365233363d3f4837d13e888,7.371896390656634e-09,18,0.99
0x806a72273b961145cf5c5f040ad1fcd112b3f11a,7.931541428434688e-15,9,0.99
0x808507121b80c02388fad14726482e061b8da827,0.0008793909285942225,18,0.99
0x80ac24aa929eaf5013f6436cda2a7ba190f5cc0b,0.0004423594162224118,6,1
0x80c62fe4487e1351b47ba49809ebd60ed085bf52,8.83668503349292e-07,18,0.99
0x80ee5c641a8ffc607545219a3856562f56427fe9,7.790051386133183e-07,9,0.99
0x812ba41e071c7b7fa4ebcfb62df5f45f6fa853ee,3.415845695253203e-08,9,0.99
0x8143182a775c54578c8b7b3ef77982498866945d,2.5416036469422727e-06,8,0.99
0x814a870726edb7dfc4798300ae1ce3e5da0ac467,1.032826102818014e-12,18,0.99
0x814e0908b12a99fecf5bc101bb5d0b8b5cdf7d26,2.6602630051744644e-06,18,0.99
0x817162975186d4d53dbf5a7377dd45376e2d2fc5,1.490007996771264e-06,18,0.99
0x818234860a647d480b9bbcc9a47a23889f2ec900,0.002746554871763298,18,1
0x81a2612f6dea269a6dd1f6deab45c5424ee2c4b7,0.0003893111016969281,18,0.995
0x81f8f0bb1cb2a06649e51913a151f0e7ef6fa321,9.82360156008706e-05,18,0.99
0x8207c1ffc5b6804f6024322ccf34f29c3541ae26,7.5388123736445265e-06,18,0.99
0x8236a87084f8b84306f72007f36f2618a5634494,31.279146051963902,8,0.99
0x8238884ec9668ef77b90c6dff4d1a9f4f4823bfe,0.00037189065772258787,18,0.99
0x826180541412d574cf1336d22c0c0a287822678a,0.0001167269029807308,18,0.99
0x828b154032950c8ff7cf8085d841723db2696056,1.1602110939022505,18,0.99
0x8290333cef9e6d528dd5618fb97a76f268f3edd4,1.8323386445487473e-06,18,0.99
0x8292bb45bf1ee4d140127049757c2e0ff06317ed,0.0003731565007999668,18,0.99
0x829f4b62eebe12af653b4dd4ffc480966f7d7f09,6.30955090744222e-05,18,0.99
0x82a605d6d9114f4ad6d5ee461027477eeed31e34,2.4013401053967454e-08,18,0.99
0x8381a156958711e230f325428b5eb4b6555c75d9,0.0003752656124412601,18,0.85
0x8390a1da07e376ef7add4be859ba74fb83aa02d5,2.343644316647755e-07,9,0.99
0x839d6bdedff886404a6d7a788ef241e4e28f4802,31.405073495325134,18,0.99
0x83e6f1e41cdd28eaceb20cb649155049fac3d5aa,2.4440912915657752e-05,18,0.99
0x83f20f44975d03b1b09e64809b757c47f942beea,0.00044083088569447373,18,1
0x83f24023d15d835a213df24fd309c47dab5beb32,0.23131939353265762,18,0.99
0x8400d94a5cb0fa0d041a3788e395285d61c9ee5e,1.8331831926639615e-05,8,0.99
0x84018071282d4b2996272659d9c01cb08dd7327f,3.606994432178482e-07,18,0.99
0x8408d45b61f5823298f19a09b53b7339c0280489,0.00010370364188466874,18,0.99
0x8457ca5040ad67fdebbcc8edce889a335bc0fbfb,2.8648800647692685e-06,18,0.99
0x84ca8bc7997272c7cfb4d0cd3d55cd942b3c9419,6.195946467560458e-05,18,0.99
0x84eaac1b2dc3f84d92ff84c3ec205b1fa74671fc,1.3878109271075974e-07,18,0.99
0x853d955acef822db058eb8505911ed77f175b99e,0.000370330098385811,18,0.99
0x85614a474dbeed440d5bbdb8ac50b0f22367f997,1.234589535276793e-08,18,0.99
0x856c4efb76c1d1ae02e20ceb03a2a6a08b0b8dc3,0.9999001316862668,18,0.99
0x857ffc55b1aa61a7ff847c82072790cae73cd883,0.004155104877964156,18,0.99
0x859f7092f56c43bb48bb46de7119d9c799716cdf,0.006598415342522599,18,0.94
0x85d19fb57ca7da715695fcf347ca2169144523a7,4.090361464061687e-11,9,0.99
0x85eee30c52b0b379b046fb0f85f4f3dc3009afec,9.941801109296088e-06,18,0.99
0x85f138bfee4ef8e540890cfb48f620571d67eda3,0.004077114374939216,18,0.99
0x85f17cf997934a597031b2e18a9ab6ebd4b9f6a4,0.002007060972688982,24,0.99
0x85f6eb2bd5a062f5f8560be93fb7147e16c81472,5.704832258593498e-09,4,0.99
0x85f7cfe910393fb5593c65230622aa597e4223f1,2.2043884041963172e-13,9,0.99
0x8602b2fd8d105a56d3152e936e66b1d414142148,9.74038937461833e-08,18,0.99
0x862cb4e988fb66e72f128d1183829f8c05b6c6a0,0.21827127151860104,18,0.99
0x865377367054516e17014ccded1e7d814edc9ce4,0.0003722186406073498,18,0.99
0x866a2bf4e572cbcf37d5071a7a58503bfb36be1b,0.000372571575163913,6,0.98
0x86b495e4cb00ab18ad94bfd7920479cc79e8ebfe,0.0003919068102163974,6,0.98
0x86b5780b606940eb59a062aa85a07959518c0161,0.0003443833731388297,18,0.98
0x86e1714dca461a66b24193cbc902515ddcb2d12c,7.10432711514609e-10,18,0.99
0x86ed939b500e121c0c5f493f399084db596dad20,2.798499925168035e-06,18,0.99
0x878fcc2bdcccff8c56812607b9a58f29b274c4f0,2.2235650226220566e-10,18,0.8793262
0x8798249c2e607446efb7ad49ec89dd1865ff4272,0.00015954448878413214,18,0.99
0x87ad29bc7a161d7ca644eb1db221d962e2d383d2,3.5646194457960046e-05,18,0.99
0x8802269d1283cdb2a5a329649e5cb4cdcee91ab6,9.495776175802734e-08,9,0.99
0x881ba05de1e78f549cc63a8f6cabb1d4ad32250d,4.733533049744554e-06,18,0.99
0x887168120cb89fb06f3e74dc4af20d67df0977f6,8.192452773777511e-08,18,0.99
0x88800092ff476844f74dc2fc427974bbee2794ae,4.987036556683978e-06,18,0.99
0x8881562783028f5c1bcb985d2283d5e170d88888,0.00021657697795256226,18,0.99
0x88887be419578051ff9f4eb6c858a951921d8888,0.00040401593664369335,18,1
0x888883b5f5d21fb10dfeb70e8f9722b9fb0e5e51,0.0004228405217707953,6,0.99
0x888888888889c00c67689029d7856aac1065ec11,3.790461942837691e-06,18,0.99
0x888c1a341ce9d9ae9c2d2a75a72a7f0d2551a2dc,1.3808141425709497e-08,18,0.99
0x88909d489678dd17aa6d9609f89b0419bf78fd9a,1.1372574362407088e-06,18,0.99
0x88acdd2a6425c3faae4bc9650fd7e27e0bebb7ab,8.969231012154419e-05,18,0.99
0x88df592f8eb5d7bd38bfef7deb0fbc02cf3778a0,0.008103245823822708,18,0.99
0x8917f8c7feb840b5837edc7e128123baa2f289f9,0.0003857583251085006,18,1
0x892a6f9df0147e5f079b0993f486f9aca3c87881,0.04063510060516587,9,0.99
0x89d24a6b4ccb1b6faa2625fe562bdd9a23260359,0.005268874605172296,18,0.51
0x89deb6c8918a42457bd6ddbcaaf979216c4d774c,3.08302146580047e-07,18,0.99
0x8a2279d4a90b6fe1c4b30fa660cc9f926797baa2,8.139298823694904e-06,6,0.99
0x8ab2ff0116a279a99950c66a12298962d152b83c,6.449366820026803e-08,18,0.99
0x8ad3c73f833d3f9a523ab01476625f269aeb7cf0,0.13227883720681016,18,0.99
0x8afe4055ebc86bd2afb3940c0095c9aca511d852,8.648157831074536e-05,18,0.99
0x8b1484d57abbe239bb280661377363b03c89caea,0.0030541040497886647,18,0.99
0x8b83c4aa949254895507d09365229bc3a8c7f710,0.0003843984312582942,18,0.995
0x8be3460a480c80728a8c4d7a5d5303c85ba7b3b9,0.00010139601186250232,18,0.99
0x8c106eedad96553e64287a5a6839c3cc78afa3d0,0.000386963702476907,18,0.99
0x8c147debea24fb98ade8dda4bf142992928b449e,-0.00037302052647946354,18,0.98
0x8c7ac134ed985367eadc6f727d79e8295e11435c,6.629490391948944e-09,18,0.99
0x8cb3649114051ca5119141a34c200d65dc0faa73,0.00041950691316856875,18,1
0x8cd41041505885ef0ad3858181d66f17be8aae7e,1.8271947836692124e-05,18,0.99
0x8ce3a13852d13e0e991c677a8c6137584e2b7635,0.07937939631030452,18,0.9
0x8d015afcb6f437010653352eb1e58152c4e23734,2.0661537758299493e-05,18,0.9
0x8d0d000ee44948fc98c9b98a4fa4921476f08b0d,0.0003728500942199472,18,0.99
0x8d7a1fcfaf626f8db3852c12d4cdc863d9441283,0.0020144072136818155,18,1
0x8d867bef70c6733ff25cc0d1caa8aa6c38b24817,0.013646034185180088,18,0.99
0x8daebade922df735c38c80c7ebd708af50815faa,31.194820628995785,18,0.99
0x8dce83eca4af45dbe618da1779f9aaca43201084,9.151529768399686e-07,18,0.99
0x8de39b057cc6522230ab19c0205080a8663331ef,2.6435205433246033e-11,18,0.99
0x8de5d49725550f7b318b2fa0f1b1f118e98e8d0f,0.03826327247697142,18,1
0x8df723295214ea6f21026eeeb4382d475f146f9f,0.0004183942843322703,6,0.99
0x8e0e57dcb1ce8d9091df38ec1bfc3b224529754a,9.869789167983507e-05,18,0.99
0x8e0eef788350f40255d86dfe8d91ec0ad3a4547f,6.971284575522858e-07,18,0.94
0x8e42fe26fc1697f57076c9f2a8d1ff69cf7f6fda,6.668985685142848e-11,9,0.99
0x8e4f1ce473b292d56934c36976356e3e22c35585,1.542144804732122e-07,18,0.99
0x8e57c27761ebbd381b0f9d09bb92ceb51a358abb,4.768017588755905e-08,18,0.99
0x8e6cd950ad6ba651f6dd608dc70e5886b1aa6b24,5.87806787552681e-11,18,0.99
0x8e729198d1c59b82bd6bba579310c40d740a11c2,1.5194288741474368e-06,18,0.99
0x8e870d67f660d95d5be530380d0ec0bd388289e1,0.00037262890454745567,18,0.99
0x8eb1779a32678452eb273a22d413207299904d90,9.338867549516468e-10,18,0.94
0x8ed97a637a790be1feff5e888d43629dc05408f6,8.143080099529958e-06,18,0.99
0x8f08b70456eb22f6109f57b8fafe862ed28e6040,0.09441591935760449,18,0.99
0x8f1cece048cade6b8a05dfa2f90ee4025f4f2662,7.3625281501172e-09,18,0.99
0x8f3470a7388c05ee4e7af3d01d8c722b0ff52374,0.004375142394656676,18,0.99
0x8f5e52be9b7bde850ba13e40284f63f14677058f,0.0003885648052736249,18,0.995
0x8f693ca8d21b157107184d29d398a8d082b38b76,1.2980589468529397e-07,18,0.99
0x8f8221afbb33998d8584a2b05749ba73c37a938a,2.1115457965799794e-05,18,0.99
0x8fac8031e079f409135766c7d5de29cf22ef897c,1.6800237369562359e-07,18,0.99
0x8fe815417913a93ea99049fc0718ee1647a2a07c,2.0878010080412107e-06,18,0.99
0x90551c1795392094fe6d29b758eccd233cfaa260,1.0820200026710927,18,1
0x90685e300a4c4532efcefe91202dfe1dfd572f47,8.470604172690979e-08,18,0.99
0x90a2a4c76b5d8c0bc892a69ea28aa775a8f2dd48,0.28643733026006113,18,0.99
0x91139d452c144486d49b388509e459ab8748d07b,3.41132752293264e-11,9,0.99
0x911d86c72155c33993d594b0ec7e6206b4c803da,0.006623994515366562,18,1
0x91600e31fbedc72433d4a57f16639cfe661be7d8,0.00037995068835212475,18,0.99
0x91af0fbb28aba7e31403cb457106ce79397fd4e6,3.5388419206074704e-06,18,0.99
0x91dfbee3965baaee32784c2d546b7a0c62f268c9,4.367211668138414e-08,18,0.99
0x91fbb2503ac69702061f1ac6885759fc853e6eae,1.0895405351668798e-10,18,0.8283277
0x921cf78e9a06b97d60c4bd6546d672b90594dba7,0.0006562496784683888,18,0.97
0x922d8563631b03c2c4cf817f4d18f6883aba0109,3.6929373928770115e-07,18,0.99
0x925206b8a707096ed26ae47c84747fe0bb734f59,0.031185368804144537,8,0.99
0x92d5942f468447f1f21c2092580f15544923b434,9.301793105573048e-07,18,0.99
0x92d6c1e31e14520e676a687f0a93788b716beff5,5.39690379861641e-05,18,0.99
0x92ee0df7f6b0674cabc9bfc64873786fa7be82d0,0.00017818702885643109,18,0.89871395
0x92f419fb7a750aed295b0ddf536276bf5a40124f,0.000766389070819725,18,0.99
0x9355372396e3f6daf13359b7b607a3374cc638e0,9.785751667449507e-05,4,0.99
0x936facdf10c8c36294e7b9d28345255539d81bc7,1.1945736588393903,18,1
0x93a2db22b7c736b341c32ff666307f4a9ed910f5,2.697987866454653e-05,18,0.99
0x93ed3fbe21207ec2e8f2d3c3de6e058cb73bc04d,3.071242485791489e-06,18,0.99
0x93f71ddffebe8256b4fa6faefbdbfc3af88aacd2,-0.00037306692814094086,6,0.9
0x940a2db1b7008b6c776d4faaca729d6d4a4aa551,3.3084547767887225e-05,18,0.99
0x94314a14df63779c99c0764a30e0cd22fa78fc0e,0.00019743329444926088,18,0.99
0x943af2ece93118b973c95c2f698ee9d15002e604,2.04528925501662e-08,18,0.99
0x9469d013805bffb7d3debe5e7839237e535ec483,1.210605516104835e-07,18,0.99
0x9480034d908989b006d78bdbbd7bd509c92e8bbc,0.0003845560780948853,18,0.85
0x9487bd5a3b16ecb5f3184453e3ee75b800141648,0.00041190214341772785,18,1
0x949d48eca67b17269629c7194f4b727d4ef9e5d6,7.271047540456122e-06,18,0.99
0x94a8b4ee5cd64c79d0ee816f467ea73009f51aa0,2.7727084488665793e-05,18,0.99
0x951f086a127e280724fd93ccc543f65065afeb5e,8.01750633032401e-05,18,0.99
0x955d5c14c8d4944da1ea7836bd44d54a8ec35ba1,6.925957393064637e-10,18,0.99
0x956f47f50a910163d8bf957cf5846d573e7f87ca,0.0003730474783674288,18,0.99
0x95ad61b0a150d79219dcf64e1e6cc01f0b64c4ce,2.1491981225741495e-09,18,0.99
0x95ae252633e9ea03bdfe67874b349b41163464ce,1.9736998840440377e-14,9,0.99
0x95af4af910c28e8ece4512bfe46f1f33687424ce,1.5200079081062291e-12,9,0.99
0x95ed629b028cf6aadd1408bb988c6d1daabe4767,1.4403457368633473e-06,9,0.99
0x961c8c0b1aad0c0b10a51fef6a867e3091bcef17,8.484288200408298e-06,18,0.99
0x96702be57cd9777f835117a809c7124fe4ec989a,0.27167424594266115,18,0.99
0x967da4048cd07ab37855c090aaf366e4ce1b9f48,5.830974942626222e-05,18,0.99
0x968dc061290f76f90b3b939cc9380d47d79a54c5,2.8292662303425044e-10,9,0.8747685
0x96a5399d07896f757bd4c6ef56461f58db951862,1.5577614205472427e-10,18,0.99
0x96c645d3d3706f793ef52c19bbace441900ed47d,0.0020015348772841977,0,0.99
0x96dcb9501bcc8128b7683980a63250448ea5334b,1.1470746611907561e-05,18,0.9
0x96f6ef951840721adbf46ac996b59e0235cb985c,0.0004279633074349275,18,0.99
0x970b9bb2c0444f5e81e9d0efb84c8ccdcdcaf84d,2.9842538103515266e-06,18,0.99
0x971add32ea87f10bd192671630be3be8a11b8623,6.933788499667993e-05,18,0.99
0x972a7a92d92796a98801a8818bcf91f1648f2f68,9.665283290547154e-05,9,0.99
0x9777d7e2b60bb01759d0e2f8be2095df444cb07e,0.00038922219731340145,6,0.9
0x97ad75064b20fb2b2447fed4fa953bf7f007a706,1.0004676104055081,18,0.99
0x97ba10115da528c113462ede9c20d7adc806d93f,0.0003726736041780128,18,0.99
0x9813037ee2218799597d83d4a5b6f3b6778218d9,1.9687847107520363e-05,18,0.99
0x9845bbb51d326fe4d5e7cbd47ce157a33d7936ef,0.00038735927205764425,6,1
0x985ca600257bfc1adc2b630b8a7e2110b834a20e,0.0054682673820058035,18,0.99
0x98a878b1cd98131b271883b390f68d2c90674665,0.0003687139254195808,18,0.95
0x98c23e9d8f34fefb1b7bd6a91b7ff122f4e16f5c,0.0003730674856860386,6,0.99
0x98d2b241da14c5dd848812708eb8a1f3c5512f9d,1.1100677552300053,18,0.85
0x9928a8600d14ac22c0be1e8d58909834d7ceaf13,5.328437631339088e-07,9,0.99
0x993864e43caa7f7f12953ad6feb1d1ca635b875f,1.5097176433097674e-06,18,0.99
0x998f02a9e343ef6e3e6f28700d5a20f839fd74e6,0.04206413840776221,18,1
0x998ffe1e43facffb941dc337dd0468d52ba5b48a,2.0705878465563604e-08,2,0.99
0x99991c6aabba5a096f24f250b73580f5179b9999,2.5335131967308796e-05,18,0.99
0x999999999991e178d52cd95afd4b00d066664144,0.0008793909285942225,18,0.99
0x999b49c0d1612e619a4a4f6280733184da025108,9.097125361989056e-05,18,0.99
0x99cd4ec3f88a45940936f469e4bb72a2a701eeb9,0.0004015333762637924,18,1
0x99d8a9c45b2eca8864373a26d1459e3dff1e17f3,1.975605451400751e-05,18,0.99
0x99da8e3ced5edbf344cbf0f3746bf05f24e58ece,0.00015569734294038548,18,0.98
0x99e980265bf36516c442be982df1772a6ccb3233,7.4870340485321e-05,18,0.99
0x9a1741e151233a82cf69209a2f1bc7442b1fb29c,0.00028449110061622406,18,0.99
0x9a1bfb2b9e3d1959ed11636bc56db0ab7b4473a9,2.44702475738435e-07,18,0.9
0x9a1d6bd5b8642c41f25e0958129b85f8e1176f3e,0.0003939720639318565,18,1
0x9a2b4b546f106753ddb510bbff0820b18be3940d,0.00038017101737831103,18,0.99
0x9a35889dddd508edbcf97ebd3154a16c78bca90b,8.284895297724686e-05,18,0.98
0x9a594f5ed8d119b73525dfe23adbceca77fd828d,1.6103715875807727e-08,18,0.99
0x9a9e2e70919c75d80aaaa1d483c46cdbb8ac4d1b,0.00034180819523938676,18,0.99
0x9aab071b4129b083b01cb5a0cb513ce7eca26fa5,3.77174479440664e-05,18,0.99
0x9ab7bb7fdc60f4357ecfef43986818a2a3569c62,4.1477479095035383e-07,18,0.99
0x9abfcacee1fe43f6fd8f5a8351b1c66950cfc9fe,1.232462256293366e-07,18,0.99
0x9ac9468e7e3e1d194080827226b45d0b892c77fd,2.0673626576663e-06,9,0.99
0x9ad37205d608b8b219e6a2573f922094cec5c200,1.8724545418801946e-07,18,0.99
0x9b5528528656dbc094765e2abb79f293c21191b9,0.0004217481648153902,18,0.99
0x9b61879e91a0b1322f3d61c23aaf936231882096,0.00026158227714257766,18,0.99
0x9b6a1d4fa5d90e5f2d34130053978d14cd301d58,8.463005083899762e-06,18,0.99
0x9be89d2a4cd102d8fecc6bf9da793be995c22541,31.1960665425911,8,0.99
0x9bf8fbcee83e30014b3c48df4e6eb1d3f08df4b8,9.446305425302622e-15,18,0.99
0x9c7beba8f6ef6643abd725e45a4e8387ef260649,1.7586359776274927e-06,18,0.99
0x9ca8530ca349c966fe9ef903df17a75b8a778927,3.594126963017841e-07,18,0.99
0x9cdf242ef7975d8c68d5c1f5b6905801699b1940,1.2234571211916954e-08,18,0.99
0x9ce115f0341ae5dabc8b477b74e83db2018a6f42,0.00627702232986121,18,0.99
0x9ce84f6a69986a83d92c324df10bc8e64771030f,6.8234656215704145e-06,18,0.99
0x9cf0ed013e67db12ca3af8e7506fe401aa14dad6,0.0003619304497931417,18,0.99
0x9d1a7a3191102e9f900faa10540837ba84dcbae7,0.00042273059378029784,18,0.99
0x9d39a5de30e57443bff2a8307a4256c8797a3497,0.000466573585136058,18,1
0x9d4c6ad12b55e4645b585209f90cc26614061e91,0.032456344108891824,18,1
0x9d65ff81a3c488d585bbfb0bfe3c7707c7917f54,0.001171995282678642,18,0.99
0x9d7630adf7ab0b0cb00af747db76864df0ec82e4,2.699705855239616e-07,18,0.99
0x9d8afd5ce19a3b948049468188f1de13951a4383,0.0003853602353161487,18,0.99
0x9da75997624c697444958aded6790bfca96af19a,0.00037690258486129517,18,0.99
0x9dafdd6a02d49d821f140cb6863f185223fc5f58,1.8057623425238604e-06,6,0.9
0x9dc44ae5be187eca9e2a67e33f27a4c91cea1223,3.2285222524057035e-05,18,0.99
0x9dfad1b7102d46b1b197b90095b5c4e9f5845bba,1.4851419077691917e-05,18,0.99
0x9e18d5bab2fa94a6a95f509ecb38f8f68322abd3,1.3612356597124515e-06,9,0.99
0x9e20461bc2c4c980f62f1b279d71734207a6a356,3.24392270154801e-09,18,0.99
0x9e32b13ce7f2e80a01932b42553652e053d6ed8e,0.0012384629787667632,18,0.99
0x9e3bf4ecfc44eedd624f26656b6736a3f093b073,0.171058997467185,18,0.99
0x9e46a38f5daabe8683e10793b06749eef7d733d1,3.817768930830288e-06,18,0.99
0x9e5bd9d9fad182ff0a93ba8085b664bcab00fa68,2.0507255642819035e-10,9,0.99
0x9e6be44cc1236eef7e1f197418592d363bedcd5a,2.734295478382777e-07,18,0.99
0x9f1e8f87c6321b84bad7dda7dfb86d5115a47605,1.2829799006385317e-06,18,0.99
0x9f277edfc463ebaa3d2a6274b01177697e910391,2.6623571208475047e-08,18,0.99
0x9f278dc799bbc61ecb8e5fb8035cbfa29803623b,2.818162899266058e-10,18,0.99
0x9f30507c264cc6eb5be35b18ff9ad7b4539aa920,0.0004072156658543901,18,1
0x9f6f3991d525015a6f8caf062c83b62fd3ac4436,0.00037304549144574897,6,0.99
0x9f8f72aa9304c8b593d555f12ef6589cc3a579a2,0.665138957078342,18,0.99
0x9f90f5d9a1f46b62fbdddefbc72f48a35c183510,0.0003940650263332013,18,0.98
0x9f9c8ec3534c3ce16f928381372bfbfbfb9f4d24,2.633096157067144e-07,18,0.99
0x9fb7b4477576fe5b32be4c1843afb1e55f251b33,0.00045462493393719645,6,1
0x9ff58067bd8d239000010c154c6983a325df138e,4.5999992087377044e-05,18,0.99
0xa01227a26a7710bc75071286539e47adb6dea417,0.0004666258083917727,18,0.99
0xa0246c9032bc3a600820415ae600c6388619a14d,0.0028826226823512875,18,0.99
0xa02c49da76a085e4e1ee60a6b920ddbc8db599f4,7.97473352014924e-08,18,0.99
0xa036823b9a24f63c32553367bf181ee04229c3ac,1.013866186307498,18,1
0xa045fe936e26e1e1e1fb27c1f2ae3643acde0171,1.1659064088064824e-13,9,0.99
0xa06bc25b5805d5f8d82847d191cb4af5a3e873e0,0.005349997166597714,18,0.99
0xa0804346780b4c2e3be118ac957d1db82f9d7484,0.00040865131626736375,18,1
0xa09482f2f6cb5f2177b05144bc276d06b8b818eb,0.00037257868478711285,18,1
0xa0b73e1ff0b80914ab6fe0444e65848c4c34450b,2.4963378169693776e-05,8,0.99
0xa0b86991c6218b36c1d19d4a2e9eb0ce3606eb48,0.0003730674856860386,6,0.99
0xa0cc4428fbb652c396f28dce8868b8743742a71c,1.705920006966994e-05,18,0.8029529
0xa0d3707c569ff8c87fa923d3823ec5d81c98be78,1.2196295653893567,18,0.99
0xa0d69e286b938e21cbf7e51d71f6a4c8918f482f,0.0003722052980403851,18,0.99
0xa0df17b5ac76ababa36e1450e2cbcd18a620c845,5.669907610364346e-06,18,0.99
0xa0ed3c520dc0632657ad2eaaf19e26c4fd431a84,1.1590531825766827e-06,18,0.99
0xa0ef786bf476fe0810408caba05e536ac800ff86,1.524326776973412e-08,18,0.99
0xa11a2c04d62b4a2324fc857fa14762ad94751b4f,0.013646034185180088,18,0.99
0xa1290d69c65a6fe4df752f95823fae25cb99e5a7,1.0785157010566802,18,0.99
0xa12cc123ba206d4031d1c7f6223d1c2ec249f4f3,2.949076593038839e-05,18,0.99
0xa17581a9e3356d9a858b789d68b4d866e593ae94,1.0002083682474772,18,0.99
0xa19f5264f7d7be11c451c093d8f92592820bea86,0.00011612127219963067,18,0.99
0xa1aa371e450c5aee7fff259cbf5cca9384227272,0.021549118122826748,18,0.99
0xa1b014878d47c0836ed79163ddec55985adb7023,3.1453568899507555e-07,18,0.99
0xa1d0e215a23d7030842fc67ce582a6afa3ccab83,0.014483938320547847,18,0.99
0xa1d6df714f91debf4e0802a542e13067f31b8262,6.321570537279473e-08,18,0.99
0xa1f410f13b6007fca76833ee7eb58478d47bc5ef,1.4056367292996302e-07,6,0.99
0xa1fa7777974312f7d801a8880714a218f76233f8,0.0003730780686352931,18,0.99
0xa1faa113cbe53436df28ff0aee54275c13b40975,1.6429627662391528e-07,18,0.99
0xa2085073878152ac3090ea13d1e41bd69e60dc99,0.00010878481212263255,18,0.99
0xa21af1050f7b26e0cff45ee51548254c41ed6b5c,7.407842281942528e-12,18,0.99
0xa227cc36938f0c9e09ce0e64dfab226cad739447,4.751628958683253e-05,18,0.99
0xa26cbb76156090f4b40a1799a220fc4c946afb3c,0.00021648983418311602,18,0.99
0xa27ec0006e59f245217ff08cd52a7e8b169e62d2,6.471591889826473e-06,18,0.99
0xa2b4c0af19cc16a6cfacce81f192b024d625817d,3.368384093948941e-14,9,0.99
0xa2c2c937333165d4c5f2dc5f31a43e1239fecfeb,0.0008065623554716498,18,0.99
0xa2cd3d43c775978a96bdbf12d733d5a1ed94fb18,1.7427487911600987e-06,18,0.99
0xa2e3356610840701bdf5611a53974510ae27e2e1,1.1054512223413573,18,0.99
0xa31b1767e09f842ecfd4bc471fe44f830e3891aa,4.980743525918086e-08,18,0.99
0xa35923162c49cf95e6bf26623385eb431ad920d3,3.8193923432489676e-07,18,0.99
0xa35b1b31ce002fbf2058d22f30f95d405200a15b,1.0969564193986798,18,0.99
0xa36ecca8b7624d224f01cd6649c8afad3da12c3d,0.00010139601186250232,18,1
0xa37db5456b5938aa50b33575ae2eb8048ca5959b,2.3293393943022905e-07,18,0.99
0xa3931d71877c0e7a3148cb7eb4463524fec27fbd,0.000414494292707131,18,1
0xa393473d64d2f9f026b60b6df7859a689715d092,1.0406669372069734e-06,8,0.99
0xa3ee21c306a700e682abcdfe9baa6a08f3820419,4.2687086754943344e-05,18,0.99
0xa43fe16908251ee70ef74718545e4fe6c5ccec9f,0.00041800550757099705,18,0.94
0xa444ec96ee01bb219a44b285de47bf33c3447ad5,1.895548634479772e-06,18,0.99
0xa47c8bf37f92abed4a126bda807a7b7498661acd,3.4354018696752886e-06,18,0.99
0xa4842662637e7c8a0210247d89244b0e45d3f777,2.2987408199848176e-05,6,0.99
0xa484ab92fe32b143aee7019fc1502b1daa522d31,0.0004390832004254371,6,1
0xa4b3a2eec53863fe2c9ab0041d480cf964942e84,0.0003639171311523428,18,0.9
0xa4c567c662349bec3d0fb94c4e7f85ba95e208e4,0.9709735874597949,18,0.99
0xa4ffdf3208f46898ce063e25c1c43056fa754739,6.97591645714787e-06,18,0.99
0xa52bffad02b1fe3f86a543a4e81962d3b3bb01a7,5.139603312794251e-07,18,0.8974646
0xa5c45d48d36607741e90c0cca29545a46f5ee121,1.0006526221485179e-10,9,0.99
0xa5f2211b9b8170f694421f2046281775e8468044,1.3965959344453848e-05,18,0.99
0xa693b19d2931d498c5b318df961919bb4aee87a5,2.131883720443184e-06,6,0.99
0xa6c0c097741d55ecd9a3a7def3a8253fd022ceb9,9.185984176352606e-05,18,0.99
0xa700b4eb416be35b2911fd5dee80678ff64ff6c9,0.05930180136135109,18,0.99
0xa753a7395cae905cd615da0b82a53e0560f250af,0.27710622249251055,18,0.99
0xa7569a44f348d3d70d8ad5889e50f78e33d80d35,0.00041229765881062444,18,1
0xa7606952845269dc7377cba3c7c7bda133dd97f7,0.0003730780686352931,18,1
0xa776a95223c500e81cb0937b291140ff550ac3e4,3.73160784835549e-06,18,0.99
0xa84f95eb3dabdc1bbd613709ef5f2fd42ce5be8d,7.629620867470313e-07,18,0.99
0xa882606494d86804b5514e07e6bd2d6a6ee6d68a,3.8834661890191795e-09,18,0.99
0xa8875aaebc4f830524e35d57f9772ffacbdd6c45,0.00041002621937029544,18,1
0xa89e2871a850e0e6fd8f0018ec1fc62fa75440d4,8.135100995569501e-07,18,0.99
0xa8bd3b21291ace53927b35563fc80615919e63d7,7.850665901950976e-06,6,0.9
0xa8ddb5cd96b5222afe198316e9a57caa642850d5,0.08570783999530882,18,1
0xa91277e31f6be8c33850dde8dfacb27bad1be6fb,9.16093748295034e-06,18,0.9
0xa91ac63d040deb1b7a5e4d4134ad23eb0ba07e14,4.7430333940855855e-05,18,0.99
0xa91c82b6933105c23298e631a0c1be751d239162,539.2536569758349,18,0.88033015
0xa93d86af16fe83f064e3c0e2f3d129f7b7b002b0,2.4912991241562346e-10,9,0.99
0xa95c5ebb86e0de73b4fb8c47a45b792cfea28c23,0.00012851618612211171,18,0.99
0xa974c709cfb4566686553a20790685a47aceaa33,0.020429313717361255,18,0.99
0xa9b17f572341219703bc951725bdb3ca756b1a65,0.04982813661267556,18,0.99
0xa9b1eb5908cfc3cdf91f9b8b3a74108598009096,0.0013825611541591562,18,0.99
0xa9d54f37ebb99f83b603cc95fc1a5f3907aaccfd,6.746252701234959e-12,18,0.99
0xa9e8acf069c58aec8825542845fd754e41a9489a,5.2935101107501874e-05,18,0.99
0xaa0c3f5f7dfd688c6e646f66cd2a6b66acdbe434,6.138846485933964e-05,18,0.99
0xaa6e8127831c9de45ae56bb1b0d4d4da6e5665bd,0.0016157319200518561,18,0.99
0xaa6e91c82942aeae040303bf96c15a6dbcb82ca0,0.00042267835797588256,6,0.99
0xaa7a9ca87d3694b5755f213b5d04094b8d0f0a6f,0.00015593580882812408,18,0.99
0xaa7d24c3e14491abac746a98751a4883e9b70843,5.2520178609954765e-08,18,0.99
0xaa95f26e30001251fb905d264aa7b00ee9df6c18,9.537609691573226e-10,18,0.99
0xaaa9214f675316182eaa21c85f0ca99160cc3aaa,4.3110282149404615e-06,18,0.99
0xaaaaaa20d9e0e2461697782ef11675f668207961,2.427205864588276e-05,18,0.99
0xaaaebe6fe48e54f431b0c390cfaf0b017d09d42d,2.263122698962518e-06,4,0.99
0xaaee1a9723aadb7afa2810263653a34ba2c21c7a,4.294368366575586e-11,18,0.99
0xaafec8e08d524d534327fa13fb306f440b5f88eb,2.8992328675671162e-05,18,0.86089003
0xab5eb14c09d416f0ac63661e57edb7aecdb9befa,0.0003309189520593357,18,0.99
0xab814ce69e15f6b9660a3b184c0b0c97b9394a6b,6.541947528223013e-09,18,0.99
0xabab3b0db38f2303acbcab672905e41a18e396d8,1.9144046117939316e-10,9,0.99
0xabd4c63d2616a5201454168269031355f4764337,1.4978064413286768e-05,18,0.99
0xabe418cc8c06d265e4eb009c02ea4b265eca7240,0.000379070786052805,18,0.85
0xabec00542d141bddf58649bfe860c6449807237c,1.0750286133635117e-05,18,0.99
0xac0047886a985071476a1186be89222659970d65,1.1042356429136728,18,1
0xac37c20c1d0e5285035e056101a64e263ff94a41,0.13510263304032918,18,1
0xac3e018457b222d93114458476f3e3416abbe38f,1.162940516834673,18,0.99
0xac51066d7bec65dc4589368da368b212745d63e8,6.149455187605875e-05,6,0.99
0xac57de9c1a09fec648e93eb98875b212db0d460b,1.5398433331021953e-13,9,0.99
0xaca92e438df0b2401ff60da7e4337b687a2435da,0.0003729918024928237,6,0.99
0xacd2c239012d17beb128b0944d49015104113650,1.0591427403089294e-06,18,0.99
0xace8e719899f6e91831b18ae746c9a965c2119f1,0.00037314720750622926,18,0.99
0xad038eb671c44b853887a7e32528fab35dc5d710,1.721627423990771e-05,18,0.99
0xad05253a381feade280ca50bf875dc8113e8a746,2.5685291745574847e-06,8,0.99
0xad29f2723fcdbcf665f210f25e06f97477e417cf,7.630503591688394e-05,18,0.99
0xad55aebc9b8c03fc43cd9f62260391c13c23e7c0,0.0003937701937122759,18,0.99
0xad6d1a4b1b2f33712a8b18bedc95c0a1f9832269,1.0321294254695366,18,0.99
0xad86b91a1d1db15a4cd34d0634bbd4ecacb5b61a,6.577751711696418e-11,18,0.99
0xae12c5930881c53715b369cec7606b70d8eb229f,6.031556012197627e-06,18,0.99
0xae2f842ef90c0d5213259ab82639d5bbf649b08e,0.05713348821430226,18,0.99
0xae3359ed3c567482fb0102c584c23daa2693eacf,5.937482113427806e-10,18,0.8945713
0xae41b275aaaf484b541a5881a2dded9515184cca,8.593917740235235e-07,18,0.99
0xae78736cd615f374d3085123a210448e74fc6393,1.1697991586829495,18,0.99
0xae7ab96520de3a18e5e111b5eaab095312d7fe84,1.0004327582831005,18,0.99
0xaea46a60368a7bd060eec7df8cba43b7ef41ad85,8.415770570167169e-05,18,0.99
0xaebcdbd9f8b1422ab31073d7408c8cad83ca6a8b,0.00037309526827237273,18,0.99
0xaeeaa594e7dc112d67b8547fe9767a02c15b5597,2.726427574392438e-07,18,0.99
0xaf01d68714e7ea67f43f08b5947e367126b889b1,0.0003794774569989106,18,0.99
0xaf04f0912e793620824f4442b03f4d984af29853,1.1372479514716361e-05,18,0.99
0xaf05ce8a2cef336006e933c02fc89887f5b3c726,8.746992790211525e-08,18,0.99
0xaf2ca40d3fc4459436d11b94d21fa4b8a89fb51d,1.8332289352119966e-07,18,0.99
0xaf37c1167910ebc994e266949387d2c7c326b879,0.00037314720750622926,18,0.8
0xaf3a37e800991501b88dc4745a96cc8fc3d5cb52,1.57211822666535e-06,18,0.99
0xaf5191b0de278c7286d6c7cc6ab6bb8a73ba2cd6,5.401775730708893e-05,18,0.99
0xaf687b5ecb525ccea96115088999b4ed80c388b6,0.0003638183827551871,18,0.9
0xaf9f549774ecedbd0966c52f250acc548d3f36e5,2.1402662690569576e-07,18,0.99
0xafb351cdcd9600fa75d29d5eac3d867e7870f69b,8.937631806592312e-06,6,0.9
0xafba5800252530ce71b03ba2bca2dd5ae44a7f3d,0.00037271994116366516,18,0.99
0xaff2565091e7207191dbe340b8528d02fa78d044,7.166566122976916e-07,18,0.99
0xaffbe9a60f1f45e057fd9b6dc70004bb0ccc8b99,4.101549305772671e-06,18,0.99
0xb0076de78dc50581770bba1d211ddc0ad4f2a241,0.00019405551831430106,18,0.99
0xb015701c17830aa4a4c96f7bc1a57c3a5edd7c86,9.108698687997703e-15,9,0.99
0xb03eef386a61b5b462051636001485fffdd3d843,3.826386898759616e-11,18,0.99
0xb0903ab70a7467ee5756074b31ac88aebb8fb777,0.0009386477468277543,18,1
0xb0ac2b5a73da0e67a8e5489ba922b3f8d582e058,3.44651150730312e-13,18,0.99
0xb0c424116172b55cbb6dd3136f5989f7959e5b91,0.00037864592604380874,18,1
0xb0c7a3ba49c7a6eaba6cd4a96c55a1391070ac9a,1.9749490784942987e-05,18,0.99
0xb0ef04ace97d350e24efa5139d2590d26a61a8dc,0.0003721745134757235,18,0.99
0xb0ffa8000886e57f86dd5264b9582b2ad87b2b91,4.988853460723933e-06,18,0.99
0xb10cb07ca2cdac77fbb5707f6690301f9d036f45,2.5314835544856864e-08,8,0.99
0xb10cc888cb2cce7036f4c7ecad8a57da16161338,3.017259080251126e-08,8,0.99
0xb1110919016846972056ab995054d65560d5f05e,4.282685879944461e-06,18,0.99
0xb11134f14d5b94db60d4599dfdc3bf1bba2150e8,0.030703273873249993,18,1
0xb131f4a55907b10d1f0a50d8ab8fa09ec342cd74,2.2113473485336226e-07,18,0.99
0xb17548c7b510427baac4e267bea62e800b247173,3.254216992033241e-06,18,0.99
0xb17be9a85d1e04d1aa6ea4b83c0bb6a2030c261f,2.6919543714559895e-08,18,0.99
0xb17c88bda07d28b3838e0c1de6a30eafbcf52d85,8.680194659438983e-08,18,0.99
0xb197e02499e6502733c6bce2eb39013c39a03147,0.00026834555591269085,18,0.99
0xb1c2db5d6ca03fce73dbd304d320bf76c55ae1b1,0.0003712316263084511,18,0.99
0xb1cda04d7cd5584048ab48b42b629aec34d3b562,1.8952888812015462e-08,18,0.99
0xb1d1eae60eea9525032a6dcb4c1ce336a1de71be,0.0001437110871763452,18,0.99
0xb1f1ee126e9c96231cc3d3fad7c08b4cf873b1f1,0.02687260944766361,18,0.99
0xb2089a7069861c8d90c8da3aacab8e9188c0c531,2.8397013016252435e-08,8,0.99
0xb23d80f5fefcddaa212212f028021b41ded428cf,8.932490308696239e-05,18,0.99
0xb2617246d0c6c0087f18703d576831899ca94f01,2.1021905404709716e-05,18,0.99
0xb26c4b3ca601136daf98593feaeff9e0ca702a8d,6.189579526885291e-06,18,0.99
0xb29dc1703facd2967bb8ade2e392385644c6dca9,5.5635057152830734e-14,18,0.99
0xb2a63a5dd36c91ec2da59b188ff047f66fac122a,4.1343373933383297e-07,18,0.99
0xb2e96a63479c2edd2fd62b382c89d5ca79f572d3,6.508431786850177e-05,8,0.99
0xb30fe1cf884b48a22a50d22a9282004f2c5e9406,2.812831332939219e-06,18,0.99
0xb32e10022ffbedfe10bc818a1c7e67d9d87e0fa7,1.5093733531856464e-05,18,0.99
0xb33d999469a7e6b9ebc25a3a05248287b855ed46,7.878353641339181e-09,18,0.99
0xb369daca21ee035312176eb8cf9d88ce97e0aa95,1.6420378893957183e-05,18,0.99
0xb369f8ffabe961cdf3b725bbdb0a3e96eeb91f03,8.62292476790152e-05,18,0.98
0xb3999f658c0391d94a37f7ff328f3fec942bcadc,2.2591910224155448e-06,18,0.99
0xb3a0f70c913aa04404bd177be9e20b47613830b6,6.616219551664207e-08,9,0.99
0xb3ad645db386d7f6d753b2b9c3f4b853da6890b8,4.332125469133557e-05,18,0.99
0xb40865a6ed718f57468cd3f4f60825a130b89a51,2.5970495216101484e-08,9,0.99
0xb4444468e444f89e1c2cac2f1d3ee7e336cbd1f5,0.00023920826541796628,18,0.99
0xb45ad160634c528cc3d2926d9807104fa3157305,0.0005288774893611786,18,0.99
0xb45ffb51984d626ee758b336c61cf20990c6bf13,9.077924948669155e-07,18,0.99
0xb47f575807fc5466285e1277ef8acfbb5c6686e8,2.468508088388568e-06,18,0.99
0xb48c6b24f36307c7a1f2a9281e978a9ef2902ba5,7.448405025865881e-07,18,0.99
0xb4b9dc1c77bdbb135ea907fd5a08094d98883a35,1.0578984873506378e-07,18,0.99
0xb4e16d0168e52d35cacd2c6185b44281ec28c9dc,110074.81268703428,18,0.94
0xb4ee60b6b817ca7386422ef1a0f45eaddea13275,0.09852585387139083,18,1
0xb50721bcf8d664c30412cfbc6cf7a15145234ad1,7.623787770556468e-05,18,0.99
0xb528edbef013aff855ac3c50b381f253af13b997,9.642574965559574e-06,18,0.99
0xb5571e76693ba60110b5811dd650ffefce1c955f,0.0003727679397968545,18,0.99
0xb576765fb15505433af24fee2c0325895c559fb2,0.0007544491978660418,18,1
0xb58e61c3098d85632df34eecfb899a1ed80921cb,0.000447926013665657,18,0.99
0xb5be35d8ff83d431899b95851cb17a2b4bcef150,0.00035990639774953075,18,0.9
0xb5ce3ca2c774b72955c25875022fdd91f7a7b938,2.3166070080792297e-07,18,0.85
0xb5f7b021a78f470d31d762c1dda05ea549904fbd,8.357745033107329e-07,18,0.99
0xb60fde5d798236fbf1e2697b2a0645380921fccf,4.552356410137283e-07,18,0.84491664
0xb60fdf036f2ad584f79525b5da76c5c531283a1b,2.109229076842711e-08,9,0.99
0xb62132e35a6c13ee1ee0f84dc5d40bad8d815206,0.0003185260387196616,18,0.99
0xb64ef51c888972c908cfacf59b47c1afbc0ab8ac,1.1517840836324075e-05,8,0.99
0xb69753c06bb5c366be51e73bfc0cc2e3dc07e371,1.332088276218028e-12,18,0.99
0xb6ca7399b4f9ca56fc27cbff44f4d2e4eef1fc81,0.00011548502640228328,18,0.99
0xb6d1960db6a611ae3302b87be26960a82bd7ebe2,0.9709735874597949,18,0.99
0xb6ee9668771a79be7967ee29a63d4184f8097143,5.900570727330856e-05,18,0.99
0xb705268213d593b8fd88d3fdeff93aff5cbdcfae,3.565161102977292e-07,18,0.99
0xb72e76ccf005313868db7b48070901a44629da98,4.499116749232225e-06,9,0.99
0xb753428af26e81097e7fd17f40c88aaa3e04902c,0.043092326074848204,18,0.99
0xb77ba8b4b9d981269466ee95796a9af57d4e82db,0.714311434324507,18,0.99
0xb788144df611029c60b859df47e79b7726c4deba,2.4240056260509518e-05,18,0.99
0xb794ad95317f75c44090f64955954c3849315ffe,1.3869705023176392e-13,18,0.99
0xb79565c01b7ae53618d9b847b9443aaf4f9011e7,0.02780668931036441,18,0.99
0xb7b37b81d4497ab317fc9d4a370cf243043d6bbe,4.982294557838026e-07,18,0.99
0xb812837b81a3a6b81d7cd74cfb19a7f2784555e5,0.19282721413665857,18,1
0xb8274efadb953fe9ae052d481a3fc5b6a3ced703,0.0003769943622361015,18,0.85
0xb842eacb35fd9c1beda53749072ef22823f2ca8c,0.02030761692836179,18,1
0xb885f6d448da7e2c642ec31190b629e40e87b069,0.00038842411859407917,18,0.85
0xb8b295df2cd735b15be5eb419517aa626fc43cd5,0.005335387278276454,18,0.99
0xb8c3b7a2a618c552c23b1e4701109a9e756bab67,4.021654302070922e-05,18,0.99
0xb8c77482e45f1f44de1745f52c74426c631bdd52,0.28646743767900223,18,0.99
0xb8d6196d71cdd7d90a053a7769a077772aaac464,1.3912327812666818e-10,9,0.99
0xb98d4c97425d9908e66e53a6fdf673acca0be986,0.00011581062677227663,18,0.99
0xb9b3a5823dfdb39389f50742ee7bb81cf0be56cb,9.957680806287463e-05,18,0.9
0xb9ef770b6a5e12e45983c5d80545258aa38f3b78,6.374913978208818e-07,10,0.99
0xb9f599ce614feb2e1bbe58f180f370d05b39344e,5.537707997431583e-12,18,0.99
0xba100000625a3754423978a60c9317c58a424e3d,4.989747285419885e-05,18,0.99
0xba11d00c5f74255f56a5e366f4f77f5a186d7f55,8.124336109923017e-05,18,0.99
0xba25b2281214300e4e649fead9a6d6acd25f1c0a,6.288634568710127e-05,18,0.99
0xba2ae4e0a9c6ecaf172015aa2cdd70a21f5a290b,7.3558770519364186e-09,9,0.99
0xba3335588d9403515223f109edc4eb7269a9ab5d,2.6492432565913503e-07,18,0.99
0xba386a4ca26b85fd057ab1ef86e3dc7bdeb5ce70,6.241590660421558e-12,18,0.99
0xba41ddf06b7ffd89d1267b5a93bfef2424eb2003,1.0139634742903381e-06,18,0.99
0xba47214edd2bb43099611b208f75e4b42fdcfedc,0.1309976580864936,18,1
0xba50933c268f567bdc86e1ac131be072c6b0b71a,4.125215088798142e-06,18,0.99
0xba5bde662c17e2adff1075610382b9b691296350,6.367541982085088e-06,18,0.99
0xba83b5ed3f12bfa44f066f03ee0433419b74f469,2.8578834508587876e-07,18,0.99
0xba96292ee7673e3b546cc90db6d97111cd9a314f,0.000363129552590453,6,0.9
0xbaac2b4491727d78d2b78815144570b9f2fe8899,1.7000870997525237e-07,18,0.99
0xbb0e17ef65f82ab018d8edd776e8dd940327b28b,0.0004265626933212834,18,0.99
0xbb1ee07d6c7baeb702949904080eb61f5d5e7732,3.056296703633995e-14,18,0.99
0xbb2b8038a1640196fbe3e38816f3e67cba72d940,1484162.4518308595,18,0.94
0xbb4259ce230ffa2858528796b3ee46cb5c0c9ed8,0.0003721745134757235,18,0.99
0xbb8774fb97436d23d74c1b882e8e9a69322cfd31,0.09305731634394097,18,1
0xbbbbca6a901c926f240b89eacb641d8aec7aeafd,3.948085498197407e-06,18,0.99
0xbbfc8683c8fe8cf73777fede7ab9574935fea0a4,1.0180904184456778,18,0.99
0xbc396689893d065f41bc2c6ecbee5e0085233447,8.143457138233534e-06,18,0.99
0xbc4c5dff630a86b864bebf48f55faa626ef12323,1.9118389673307054e-06,18,0.99
0xbc65ad17c5c0a2a4d159fa5a503f4992c7b545fe,0.0004145750478016765,18,1
0xbcca60bb61934080951369a648fb03df4f96263c,0.0003730674856860386,6,0.99
0xbceb5f6877d979ec621ae694da1102cb95691ad3,0.00038735927205764425,6,0.99
0xbd31ea8212119f94a611fa969881cba3ea06fa3d,1.970187200069567e-08,6,0.99
0xbd4dfc058eb95b8de5ceaf39966a1a70f5556f78,0.0004482154943565728,6,0.99
0xbdf43ecadc5cef51b7d1772f722e40596bc1788b,2.720638947747063e-05,18,0.99
0xbdfa7b7893081b35fb54027489e2bc7a38275129,1.1051440902152299,18,0.99
0xbe0ed4138121ecfc5c0e56b40517da27e6c5226b,2.23226539536927e-06,18,0.99
0xbe0f6478e0e4894cfb14f32855603a083a57c7da,0.0003785006223088067,18,0.99
0xbe1936a67f503e0eaf2434b0cf9f4e3d7100008a,9.641615122982976e-06,18,0.99
0xbe1a001fe942f96eea22ba08783140b9dcc09d28,6.0178718538106e-07,18,0.99
0xbe3ca34d0e877a1fc889bd5231d65477779aff4e,0.00037303842998539713,18,0.98
0xbe53a109b494e5c9f97b9cd39fe969be68bf6204,0.000417908603517077,6,0.9
0xbe8eb7b51a08f9d52bb6c8c7eca699f0f89bfc02,0.004990083799534127,18,1
0xbe9895146f7af43049ca1c1ae358b0541ea49704,1.1405481628672136,18,0.99
0xbeef003c68896c7d2c3c60d363e8d71a49ab2bf9,0.0003832336662096803,18,0.99
0xbeef003e31546c7210687f1a7b40d096be83ec58,0.0004295037401676789,18,1
0xbeef0046fcab1de47e41fb75bb3dc4dfc94108e3,1.0148960095021609,18,0.99
0xbeef01735c132ada46aa9aa4c54623caa92a64cb,0.00042611521883909986,18,1
0xbeef047a543e45807105e51a8bbefcc5950fcfba,0.00042254391286038087,18,0.99
0xbeef04ccafe3fb25dec704afe592e846b8c7fd06,2.5391441580850783e-07,18,0.85
0xbeef050ecd6a16c4e7bffbb52ebba7846c4b8cd4,1.0512753789509686,18,0.99
0xbeef088055857739c12cd3765f20b7679def0f51,0.0003857043118762013,18,0.99
0xbeef0c075da5d01112ae5cf34d257074fb5ddb2f,0.0004333196470893665,18,1
0xbeef390d2e65d6e43a67875106d4a48f700f2832,0.00039716825333453433,18,1
0xbeef3f3a04e28895f3d5163d910474901981183d,0.0003831361708234448,18,0.85
0xbeef8e0982874e0292e6c5751c5a4092b3e1beef,0.037130547577360964,18,0.99
0xbeef96b330ef1fe7ebe41ece0bd4a41a94bc03dc,0.00039014641781379253,18,1
0xbeefb9f61cc44895d8aec381373555a64191a9c4,0.0003922809144978164,18,1
0xbeeff047c03714965a54b671a37c18bef6b96210,0.0003831569087310065,18,1
0xbeeff08df54897e7544ab01d0e86f013da354111,0.0003834301946855617,18,0.85
0xbeeff2c5bf38f90e3482a8b19f12e5a6d2fca757,0.0003920355711580053,18,1
0xbeeff75262b2ec16a3c62a807f02ee7627654931,0.000381774810214232,18,0.85
0xbeeff89abb7815ccd5182bd1ff82c4a4f8fcb13d,0.0003852350421401288,18,1
0xbeefff209270748ddd194831b3fa287a5386f5bc,0.0004215768316075665,18,1
0xbef26bd568e421d6708cca55ad6e35f8bfa0c406,1.8777156170697646e-07,18,0.99
0xbf319ddc2edc1eb6fdf9910e39b37be221c8805f,0.00043189585824742556,18,0.9
0xbf5495efe5db9ce00f80364c8b423567e58d2110,1.0849741316958978,18,0.99
0xbf59dbc154421a7b37f4f2841e11f4ed2a1dee7c,1.0506069980941119e-05,18,0.99
0xbf98480425a29197e5d99d003017f63a1e595d02,0.00046657350337847467,18,1
0xc00e94cb662c3520282e6f5717214004a7f26888,0.009168282562313359,18,0.99
0xc011a73ee8576fb46f5e1c5751ca3b9fe0af2a6f,9.409696663355905e-05,18,0.99
0xc02aaa39b223fe8d0a0e5c4f27ead9083c756cc2,1.0002083682474772,18,0.99
0xc02ab1a5eaa8d1b114ef786d9bde108cd4364359,0.00037302224783916047,18,0.99
0xc035a7cf15375ce2706766804551791ad035e0c2,1.2459734669961051,18,0.99
0xc07e1300dc138601fa6b0b59f8d0fa477e690589,8.201782596993677e-06,18,0.99
0xc08512927d12348f6620a698105e1baac6ecd911,2.3915973718932437e-06,6,0.99
0xc08aaed663c1c257f677f9d4b92a7a265967e54f,2.979441684113099e-06,18,0.9
0xc08e7e23c235073c6807c2efe7021304cb7c2815,0.00037334409828630597,6,0.99
0xc0b314a8c08637685fc3dafc477b92028c540cfb,2.1788853003094316e-07,18,0.99
0xc0c17dd08263c16f6b64e772fb9b723bf1344ddf,0.00017365272317676651,18,0.99
0xc0fe36f4ffbdf1b38e192215073590a68f9a2af7,0.06915350623109193,18,1
0xc0fe7f77ed2f522978b719372282ca89de8cf3e4,2.1997302903388156e-08,18,0.99
0xc114cf69972e3c1b4b529e0418012c01fcf9e725,3.027262190444827e-07,9,0.99
0xc139190f447e929f090edeb554d95abb8b18ac1c,0.0003729971772059534,18,0.99
0xc18360217d8f7ab5e7c516566761ea12ce7f9d72,0.002598896929391855,18,0.99
0xc19d38925f9f645337b1d1f37baf3c0647a48e50,9.800420483765151e-06,18,0.99
0xc1f33e0cf7e40a67375007104b929e49a581bafe,6.59583499501671e-05,9,0.99
0xc20059e0317de91738d13af027dfc4a50781b066,9.241485947516932e-06,18,0.99
0xc207d3f66537d7f66456808379a0e560cf20da36,0.000373991512049629,18,0.85
0xc210b2cb65ed3484892167f5e05f7ab496ab0598,0.00011147339634062016,18,0.99
0xc21b08c16458202593d4d9b26b9984ee67b38bbd,0.0007551676920466594,18,0.85
0xc26a6fa2c37b38e549a4a1807543801db684f99c,0.00041356492167392007,18,0.98
0xc2cb1040220768554cf699b0d863a3cd4324ce32,0.00042350571618326397,18,0.9
0xc2dbfe026f17e7bbc17a9e41f9b8d69531887d47,0.010761767337118913,18,1
0xc2eab7d33d3cb97692ecb231a5d0e4a649cb539d,8.089855390477195e-05,18,0.94
0xc34993c9adf6a5ab3b4ca27dc71b9c7894a53974,0.024655752833020964,18,0.99
0xc374f7ec85f8c7de3207a10bb1978ba104bda3b2,2.35307944257806,18,0.9
0xc3d688b66703497daa19211eedff47f25384cdc3,0.0003730674856860386,6,0.99
0xc3f822e94c321dd3ee53ca46b78098ea79b7ec8d,5.6732636020834726e-08,18,0.99
0xc40af1e4fecfa05ce6bab79dcd8b373d2e436c4e,9.089069280919586e-16,9,0.99
0xc430db19339a3051192233b4c49f9ab3dc6d16b7,1.1415690226365127,18,1
0xc43c6bfeda065fe2c4c11765bf838789bd0bb5de,6.648364413695174e-05,18,0.99
0xc4441c2be5d8fa8126822b9929ca0b81ea0de38e,4.996023721090316e-06,18,0.99
0xc477b6dfd26ec2460b3b92de18837fd476ea7549,6.394841123557814e-07,18,0.99
0xc477d038d5420c6a9e0b031712f61c5120090de9,8.85483143422132e-06,18,0.99
0xc4a11aaf6ea915ed7ac194161d2fc9384f15bff2,0.00013913397284243549,27,0.99
0xc4ad29ba4b3c580e6d59105fff484999997675ff,0.7292625659054257,18,0.99
0xc4bb3ec6588ff14d7676445a40f2716e690a3203,6.324052570586471e-06,18,0.9
0xc4c2614e694cf534d407ee49f8e44d125e4681c4,2.9846333956005564e-06,18,0.99
0xc4f6e93aeddc11dc22268488465babcaf09399ac,4.681142428042664e-09,18,0.99
0xc50673edb3a7b94e8cad8a7d4e0cd68864e33edf,6.3882743981358175e-06,18,0.99
0xc5170dd7386247cdb8c48545c803f5d0e3347022,5.555251593031207e-14,18,0.8092611
0xc5190e7fec4d97a3a3b1ab42dfedac608e2d0793,4.0616327108832154e-07,18,0.99
0xc522a6606bba746d7960404f22a3db936b6f4f50,0.0003794774569989106,18,0.99
0xc555d55279023e732ccd32d812114caf5838fd46,75.37785792536494,18,0.94
0xc555d625828c4527d477e595ff1dd5801b4a600e,1.3540047428835692e-07,18,0.99
0xc56413869c6cdf96496f2b1ef801fedbdfa7ddb0,1.054860665598002,18,0.9
0xc56c7a0eaa804f854b536a5f3d5f49d2ec4b12b8,2.5076744056060173e-09,9,0.99
0xc5d6a7b61d18afa11435a889557b068bb9f29930,0.000397417412682921,18,1
0xc5f0f7b66764f6ec8c8dff7ba683102295e16409,0.00037260579959313007,18,0.99
0xc5f938a8ef5f3bf9e72f5aa094baf5e03f4727d3,0.0008742044581162754,18,0.9
0xc5fb36dd2fb59d3b98deff88425a3f425ee469ed,4.1767507491841606e-07,9,0.99
0xc62b10c61bf060ebf40a60859dcdbea025fc7e2e,31.405073495325134,18,0.99
0xc669928185dbce49d2230cc9b0979be6dc797957,1.3915608183056533e-10,18,0.99
0xc71b5f631354be6853efe9c3ab6b9590f8302e81,2.4168578800707236e-06,18,0.99
0xc7283b66eb1eb5fb86327f08e1b5816b0720212b,0.00015298151301814755,18,0.99
0xc770eefad204b5180df6a14ee197d99d808ee52d,2.0299119311245854e-06,18,0.99
0xc77336fdd91e22c737b0f5ec33f4c429caa1d13b,5.366392348623304e-11,9,0.99
0xc77867d630dbe567d219a86fddbe7ef1f0670fdc,3.0126429408594695e-09,9,0.99
0xc785698504a70be37d0e939a4c5326f8eddd5beb,2.3085552738970478e-06,9,0.91499996
0xc7aa07578e1f7b3e2c567f8fece72ee1fd218437,1.4719744787448963e-05,6,0.9
0xc8168d5665f4418353728ac970713e09c0b7c20e,5.8675430679256356e-12,18,0.99
0xc83e27f270cce0a3a3a29521173a83f402c1768b,0.0003727305677670338,6,0.99
0xc83f11814428b91b7f176ba927c57043e89786cb,0.00036291795236407896,6,0.9
0xc845b2894dbddd03858fd2d643b4ef725fe0849d,0.08552221354150386,18,0.99
0xc84782858b7bef5d25182dbac956a6aa463aefe5,1.5432874131030133e-07,10,0.99
0xc8807f0f5ba3fa45ffbdc66928d71c5289249014,7.237917137585983e-09,18,0.99
0xc88f47067db2e25851317a2fdae73a22c0777c37,0.000372874659059185,9,0.94
0xc8f69a9b46b235de8d0b77c355fff7994f1b090f,6.574309772556721e-08,18,0.99
0xc8fb80fcc03f699c70ff0cc08c09106288888888,8.620754514157924e-05,18,0.99
0xc90341cb9cb8d65af044fab23b659b7b4279399b,0.0018977651280874437,18,1
0xc944e90c64b2c07662a292be6244bdf05cda44a7,1.0890543018116306e-05,18,0.99
0xc96aa65f31e41b4ca6924b86d93e25686019e59c,2.23226539536927e-06,18,0.99
0xc98a910ede52e7d5308525845f19e17470dbccf7,4.768111068917396e-07,8,0.99
0xc98d64da73a6616c42117b582e832812e7b8d57f,1.5018825659547649e-06,18,0.99
0xc9eef266834730340a55b6cc24621b31baf55581,0.05621338311117082,18,1
0xc9f01b5c6048b064e6d925d1c2d7206d4feef8a3,0.00044371199001093213,18,0.9
0xc9faeba86e8567477783b8432945f131d84e3fda,1.948009195706408e-06,18,0.99
0xca14007eff0db1f8135f4c25b34de49ab0d42766,1.584379339020091e-05,18,0.99
0xca28b1c9f058ce34332126cbbc71212ad101348f,0.005730442856357776,18,0.98
0xca468554e5c0423ee858fe3942c9568c51fcaa79,0.011137200444418325,18,1
0xca530408c3e552b020a2300debc7bd18820fb42f,6.541917949743007e-13,18,0.99
0xca7c2771d248dcbe09eabe0ce57a62e18da178c0,9.36333202923904,18,0.94
0xca83dde9c22254f58e771be5e157773212acbac3,0.00037197887361384866,18,0.99
0xcaa1e525acb44aec4e0d17a0e2467aa3ea7ee3a6,2.0497007186867631e-07,9,0.82865685
0xcab254f1a32343f11ab41fbde90ecb410cde348a,5.750335740493114e-13,18,0.99
0xcab84bc21f9092167fcfe0ea60f5ce053ab39a1e,4.0805584985618487e-07,18,0.99
0xcabd955322dfbf94c084929ac5e9eca3feb5556f,0.05716148784986049,18,1
0xcacd6fd266af91b8aed52accc382b4e165586e29,0.00037313275328855656,18,0.99
0xcafe001067cdef266afb7eb5a286dcfd277f3de5,4.47596221297106e-07,18,0.99
0xcb08717451aae9ef950a2524e33b6dcaba60147b,0.003170334230179862,18,0.99
0xcb1592591996765ec0efc1f92599a19767ee5ffa,1.1537910057975894e-05,18,0.99
0xcb20b537f5df50bccc00fe6a8eb4d57b14a89a03,1.5059762215225489e-05,18,0.99
0xcb39637e7c03c2ac25405adb8d95035f2668b0d6,8.873906291670257e-08,18,0.99
0xcb76314c2540199f4b844d4ebbc7998c604880ca,6.4921377394108955e-06,18,0.99
0xcbade7d9bdee88411cb6cbcbb29952b742036992,0.0003815721251573049,5,1
0xcbb7c0000ab88b473b1f5afd9ef808440eed33bf,31.221772739384253,8,0.99
0xcbb8f1bda10b9696c57e13bc128fe674769dcec0,0.0005085569666502529,18,0.99
0xcbc72d92b2dc8187414f6734718563898740c0bc,1.244985838515381,18,1
0xcbe771323587ea16dacb6016e269d7f08a7acc4e,1.5207970301286913e-08,18,0.99
0xcc4304a31d09258b0029ea7fe63d032f52e44efe,1.6290650766211255e-05,18,0.99
0xcc4fb22d8f5352f3554d597cd2507e034dd200ae,8.56666824662618e-05,18,0.98
0xcc57f3a930551eff0efe20c996b7e723e3f5e572,0.0002343724643249505,18,0.99
0xcc7ed2ab6c3396ddbc4316d2d7c1b59ff9d2091f,2.504712428284727e-11,18,0.99
0xcc8fa225d80b9c7d42f96e9570156c65d6caaa25,2.4787154643926393e-07,0,0.99
0xcc9ee9483f662091a1de4795249e24ac0ac2630f,1.1697991586829495,18,0.99
0xccae8843e26259278c200c6506f6e5a3bdd524cd,0.03412649194311101,18,1
0xccb365d2e11ae4d6d74715c680f56cf58bf4bf10,2.541892376874546e-09,18,0.99
0xccc8cb5229b0ac8069c51fd58367fd1e622afd97,9.226375661037989e-06,18,0.99
0xcccc62962d17b8914c62d74ffb843d73b2a3cccc,0.00037313025916006434,18,0.99
0xcccccccccc33d538dbc2ee4feab0a7a1ff4e8a94,5.491795742776181e-05,18,0.99
0xcd17fa52528f37facb3028688e62ec82d9417581,2.1091748944379292e-07,0,0.99
0xcd3c0f51798d1daa92fb192e57844ae6cee8a6c7,1.049939744801187,18,0.98
0xcd5fe23c85820f7b72d0926fc9b05b43e359b7ee,1.1051440902152299,18,0.99
0xcdbddbdefb0ee3ef03a89afcd714aa4ef310d567,5.215421277094336e-06,18,0.99
0xcdf7028ceab81fa0c6971208e83fa7872994bee5,2.056296665709362e-06,18,0.99
0xce82213c4bae42e1c04880ea64a53eef73e195de,5.843586241383963e-11,9,0.8186633
0xcedbea37c8872c4171259cdfd5255cb8923cf8e7,4.742144789773856e-06,18,0.99
0xcf078da6e85389de507ceede0e3d217e457b9d49,7.04344356503605e-08,18,0.99
0xcf0c122c6b73ff809c693db761e7baebe62b6a2e,1.0305999440404724e-08,9,0.99
0xcf3c8be2e2c42331da80ef210e9b1b307c03d36a,1.8887350801268817e-08,18,0.99
0xcf62f905562626cfcdd2261162a51fd02fc9c5b6,0.0004527110063421116,18,0.99
0xcf6a0a7826fa124b7705d6f3c675ead76f1e540d,0.00032369643627442376,18,0.99
0xcf8d0c70c850859266f5c338b38f9d663181c314,-0.000373173724814071,18,0.98
0xcf91b70017eabde82c9671e30e5502d312ea6eb2,7.277401157892903e-11,9,0.99
0xcf9c692f7e62af3c571d4173fd4abf9a3e5330d0,3.177638160206584e-06,18,0.8610373
0xcf9fc20189755354eddded66c9ed9dfadafd7a2e,0.0013020945092197765,18,0.99
0xcfcecfe2bd2fed07a9145222e8a7ad9cf1ccd22a,0.0001806049520012094,11,0.99
0xcfcffe432a48db53f59c301422d2edd77b2a88d7,3.5484682117033977e-11,18,0.99
0xcfeaead4947f0705a14ec42ac3d44129e1ef3ed5,1.7361871088090008e-06,8,0.99
0xd001ae433f254283fece51d4acce8c53263aa186,0.00037697991647888096,18,0.99
0xd0580192e98ea6ceb9c7b6191ed2e27560911697,0.00037257868478711285,18,0.99
0xd0a4b74a6b62aa2b6c02349463d9041606608f36,0.00037303842594584973,18,0.9
0xd0cc2b0efb168bfe1f94a948d8df70fa10257196,4.362474502787867e-07,18,0.99
0xd101dcc414f310268c37eeb4cd376ccfa507f571,2.113223079587912e-05,18,0.99
0xd11c452fc99cf405034ee446803b6f6c1f6d5ed8,1.253007171576893,18,0.99
0xd12a99dbc40036cec6f1b776dccd2d36f5953b94,7.179051268976971e-14,9,0.99
0xd13c7342e1ef687c5ad21b27c2b65d772cab5c8c,1.3754806399902548e-06,4,0.99
0xd13cfd3133239a3c73a9e535a5c4dadee36b395c,6.405561096173349e-07,18,0.99
0xd166337499e176bbc38a1fbd113ab144e5bd2df7,0.0003857583251085006,18,0.99
0xd1b5651e55d4ceed36251c61c50c889b36f6abb5,7.961405390471773e-05,18,0.99
0xd1d2eb1b1e90b638588728b4130137d262c87cae,8.653097458211236e-07,8,0.99
0xd1d954bc94c843815ec7b8119f2de00af27fa6ff,0.00037288019233022886,18,0.99
0xd1e9242e075db4bdd3f3c721d7d5fd4180a94a7e,0.0003934372721763261,18,1
0xd1f2586790a5bd6da1e443441df53af6ec213d83,1.3407335738091359e-07,18,0.99
0xd26114cd6ee289accf82350c8d8487fedb8a0c07,1.8839066545396794e-05,18,0.99
0xd2877702675e6ceb975b4a1dff9fb7baf4c91ea9,3.3801180247257664e-09,18,0.99
0xd29da236dd4aac627346e1bba06a619e8c22d7c5,6.845732195753724e-10,9,0.99
0xd31a59c85ae9d8edefec411d448f90841571b89c,0.04404609339886844,9,0.99
0xd33526068d116ce69f19a9ee46f0bd304f21a51f,0.000722813264057448,18,0.99
0xd34a99bc0f67ae1bbd63c660e6d0b0dd03e263b7,0.002207375476212087,18,0.99
0xd3cc9d8f3689b83c91b7b59cab4946b063eb894a,0.001368646693930976,18,0.99
0xd3e4ba569045546d09cf021ecc5dfe42b1d7f6e4,6.174055504232526e-06,18,0.99
0xd3fd63209fa2d55b07a0f6db36c2f43900be3094,0.0004131482335729329,18,1
0xd42f23aa6d2b886524006c6aecb1ad80579e736c,9.091878020370544e-06,18,0.9
0xd43fba1f38d9b306aeef9d78ad177d51ef802b46,7.911264688415111e-11,9,0.99
0xd4419c2d3daa986dc30444fa333a846be44fd1eb,5.01316480902098e-08,18,0.99
0xd454b59f16d42667be2fa55292d16647e27f40c4,2.585785981707468e-06,6,0.99
0xd46ba6d942050d489dbd938a2c909a5d5039a161,0.00045936499124178936,9,0.99
0xd478161c952357f05f0292b56012cd8457f1cfbf,1.1384602964060896e-06,18,0.99
0xd47bdf574b4f76210ed503e0efe81b58aa061f3d,4.20942865186127e-07,18,0.99
0xd4f4d0a10bcae123bb6655e8fe93a30d01eebd04,6.9022375878502456e-06,18,0.99
0xd4fa1460f537bb9085d22c7bccb5dd450ef28e3a,3.750657077549332e-05,8,0.99
0xd4fa2d31b7968e448877f69a96de69f5de8cd23e,0.0004430958752488177,6,1
0xd533a949740bb3306d119cc777fa900ba034cd52,0.00014715313184286973,18,0.99
0xd536e7a9543cf9867a580b45cec7f748a1fe11ec,2.2743884451101981e-07,18,0.99
0xd55c9fb62e176a8eb6968f32958fefdd0962727e,8.441627481654011e-06,18,0.99
0xd588099529386028455ab8d91dc82552e9e5aaf0,2.7547707550388126e-11,9,0.99
0xd5be6a05b45aed524730b6d1cc05f59b021f6c87,0.0013020945092197765,18,0.99
0xd5cce260e7a755ddf0fb9cdf06443d593aaeaa13,0.00039207911184740453,18,0.99
0xd632f22692fac7611d2aa1c0d552930d43caed3b,0.0003785006223088067,18,0.99
0xd6937ea8d33b0c21348f36f7895fde3054ba4927,0.00037310517790217345,18,0.99
0xd6d4b804014ef27836dbe9f8f6bf6c71251548ec,0.00042265360451375095,18,0.85
0xd7df7e085214743530aff339afc420c7c720bfa7,1.1042356429136728,18,1
0xd7efb00d12c2c13131fd319336fdf952525da2af,8.882629109174239e-07,4,0.99
0xd7f9111d529ed8859a0d5a1dc1ba7a021b61f22a,0.00037795197266604874,18,0.99
0xd87996ff3d06858bfc20989aef50cc5fcd4d84ca,1.1996192042465892e-15,9,0.99
0xd8912c10681d8b21fd3742244f44658dba12264e,5.5978907344649e-05,18,0.99
0xd8a271974e8edae9d7b58e3370dc1669427503f4,2.5182467591882234e-05,18,0.99
0xd8b712d29381748db89c36bca0138d7c75866ddf,1.3842152858117405e-05,18,0.99
0xd8c978de79e12728e38aa952a6cb4166f891790f,5.009395468851302e-07,18,0.99
0xd8e154ede9401dabb860fe84fecd2761b895bc50,5.6206155698754516e-08,18,0.99
0xd8e8438cf7beed13cfabc82f300fb6573962c9e3,2.0604260746829955e-13,9,0.99
0xd9016a907dc0ecfa3ca425ab20b6b785b42f2373,3.728777181579914e-07,18,0.99
0xd9343a049d5dbd89cd19dc6bca8c48fb3a0a42a7,3.162442776301404e-05,18,0.99
0xd9a442856c234a39a81a089c06451ebaa4306a72,1.0832131302222123,18,0.99
0xd9c2d319cd7e6177336b0a9c93c21cb48d84fb54,8.961393198940885e-05,18,0.99
0xd9fcd98c322942075a5c3860693e9f4f03aae07b,0.0005287669059744092,18,0.99
0xd9ff8396554a0d18b2cfbec53e1979b7ecce8373,0.2318939742695262,18,0.99
0xda06ee2dacf9245aa80072a4407debdea0d7e341,1.058739264051809,18,1
0xda0c79988b30d07857994e2c2650fce644b690e1,0.0004332482031452416,18,0.99
0xda5e1988097297dcdc1f90d4dfe7909e847cbef6,2.0649586150570323e-05,18,0.99
0xda7ad9dea9397cffddae2f8a052b82f1484252b3,0.00045702026139518126,18,0.99
0xda816459f1ab5631232fe5e97a05bbbb94970c95,0.0004597180554859994,18,0.99
0xdab276f6e19ccc54ca5aaa2645a94087ca776a3f,7.616582337194986e-05,18,1
0xdab396ccf3d84cf2d07c4454e10c8a6f5b008d2b,1.5299757211640016e-05,18,0.99
0xdac17f958d2ee523a2206206994597c13d831ec7,0.0003729887127183142,6,0.99
0xdae0fafd65385e7775cf75b1398735155ef6acd2,8.660368272398078e-08,10,0.99
0xdb25f211ab05b1c97d595516f45794528a807ad8,0.000439521527625492,2,0.99
0xdb5a8f5b4c17f2ee2e7192a150687e48eb3c415d,0.02256856514637166,18,1
0xdb74dfdd3bb46be8ce6c33dc9d82777bcfc3ded5,1.0810915412469362,18,0.99
0xdb85f6685950e285b1e611037bebe5b34e2b7d78,0.0019274282821491427,18,0.99
0xdb861830d9ae2d1fcf99fa0cfd3973de382b0b5b,0.5700653093325707,18,0.99
0xdbb5cf12408a3ac17d668037ce289f9ea75439d7,9.602593177502572e-06,6,0.99
0xdbb7a34bf10169d6d2d0d02a6cbb436cf4381bfa,6.903281777456349e-07,18,0.99
0xdbdb4d16eda451d0503b854cf79d55697f90c8df,0.0010247310810523869,18,0.99
0xdbdc1ef57537e34680b898e1febd3d68c7389bcb,0.0004072156658543901,18,1
0xdc035d45d973e3ec169d2276ddab16f1e407384f,0.00037302224783916047,18,0.99
0xdd0c9da25f8eb47116f3bed8a311899a5eb449b4,0.000397417412682921,18,1
0xdd0f28e19c1780eb6396170735d45153d261490d,0.00042259821346508957,18,0.99
0xdd3b11ef34cd511a2da159034a05fcb94d806686,3.554964482261957e-11,18,0.99
0xdd468a1ddc392dcdbef6db6e34e89aa338f9f186,0.0003697475686836848,18,0.99
0xddb3422497e61e13543bea06989c0789117555c5,4.9146974610776184e-06,18,0.99
0xddc0f880ff6e4e22e4b74632fbb43ce4df6ccc5a,0.0005315116142146821,18,0.99
0xdddd73f5df1f0dc31373357beac77545dc5a6f3f,0.0003732281987411545,6,0.99
0xde0576968c898bbe7bf13d79862f252c58443f96,0.0003726576312884894,18,0.99
0xde30da39c46104798bb5aa3fe8b9e0e1f348163f,3.52981491742913e-05,18,0.99
0xde342a3e269056fc3305f9e315f4c40d917ba521,6.295155639261615e-10,9,0.99
0xde4ee8057785a7e8e800db58f9784845a5c2cbd6,0.0006912711459261511,18,0.99
0xdeb3c23f93349229823a006657cfe1a6552b6340,0.06138343888147298,18,1
0xdeb6b89088ca9b7d7756087c8a0f7c6df46f319c,0.010254711991911957,18,1
0xdef1b2d939edc0e4d35806c59b3166f790175afe,2.145122654877679e-06,18,0.99
0xdef1ca1fb7fbcdc777520aa7f396b4e015f497ab,6.117068524121109e-05,18,0.99
0xdefa1d21c5f1cbeac00eeb54b44c7d86467cc3a3,5.675407608995014e-07,18,0.99
0xdefa4e8a7bcba345f687a2f1456f5edd9ce97202,5.123449827824623e-05,18,0.99
0xdf100b8abd3cd41fc5cc1236ad7c6629a901afbf,0.0003731198769444205,18,0.99
0xdf4c0665e67cf0698447ca9e454ed56cc6f2df1e,1.5227282673867706e-07,18,0.99
0xdfa6451eac51c913003bfeb52418f55376996a64,0.00037987873644184555,6,0.9
0xdfc5964141c018485b4d017634660f85aa667714,8.775209492468125e-07,18,0.99
0xdfdb7f72c1f195c5951a234e8db9806eb0635346,1.8952888812015462e-08,18,0.99
0xe0181090c22579b6a217f1522cbf8c9f1f0c1965,0.0003842354826399575,18,1
0xe0287ca62fe23f4ffab827d5448d68afe6dd9fd7,0.0003920150558993317,18,0.9
0xe05fadf242331808f504661bea65972594869826,0.00037888980021319777,18,0.85
0xe0a458bf4acf353cb45e211281a334bb1d837885,8.616077758800788e-18,9,0.99
0xe0b1a458f01331ce68e5fdd0bac8ac391887dc14,31.405073495325134,18,0.99
0xe0b7ad7f8f26e2b00c8b47b5df370f15f90fcf48,9.88354795442246e-09,18,0.99
0xe0f63a424a4439cbe457d80e4f4b51ad25b2c56c,0.00016243206051240572,8,0.99
0xe1385fdd5ffb10081cd52c56584f25efa9084015,0.04208384066981432,18,0.99
0xe15fcc81118895b67b6647bbd393182df44e11e0,0.0003741941179275916,18,0.85
0xe172e9b6cfbeeb5593bdce3f077356fdb33af904,2.514196600683935e-05,18,0.99
0xe1753f2e00940cc31213dd92013cf019dfe4ca1d,0.0003788554030481949,18,1
0xe1be424f442d0687129128c6c38aace44f8c8dbc,1.8116308309172945e-05,18,0.99
0xe28b3b32b6c345a34ff64674606124dd5aceca30,0.002761828695505013,18,0.99
0xe2ad0bf751834f2fbdc62a41014f84d67ca1de2a,2.4812756524941402e-05,18,0.99
0xe2cfd7a01ec63875cd9da6c7c1b7025166c2fa2f,6.2323573771798305e-12,18,0.99
0xe2f2a5c287993345a840db3b0845fbc70f5935a5,0.0003743039016798836,18,0.99
0xe3190143eb552456f88464662f0c0c4ac67a77eb,0.0003731565007999668,18,0.99
0xe343167631d89b6ffc58b88d6b7fb0228795491d,0.00037320546876479276,6,0.99
0xe3818504c1b32bf1557b16c238b2e01fd3149c17,2.5931296990681185e-07,18,0.99
0xe3872dd4eba50598c54b2aa21b04c71fc37b000b,6.432617086063896e-07,18,0.99
0xe3c408bd53c31c085a1746af401a4042954ff740,3.207431013599123e-06,8,0.99
0xe3cdf5b8d7aedfc9f768dbdcc334146fae989188,0.00037101749594343765,18,0.9
0xe3e3fb2f07cfe382d480197a3c8ea0778cf51110,5.157103743092301e-07,18,0.99
0xe41d2489571d322189246dafa5ebde1f4699f498,4.537690893217828e-05,18,0.99
0xe4babaa960ba7d37860f3fe00d7b95d3868e8edc,0.0882119998544726,18,1
0xe4ca6596d2c28014c6f89964f57838e0be9f369b,0.00037319953337145784,6,0.99
0xe5097d9baeafb89f9bcb78c9290d545db5f9e9cb,1.4545773730620162e-07,18,0.99
0xe53ec727dbdeb9e2d5456c3be40cff031ab40a55,7.335904973738892e-05,18,0.99
0xe56a10448c632e44605dcc5201c36122ff9d0250,2.5425442563343954e-08,18,0.99
0xe5acbb03d73267c03349c76ead672ee4d941f499,4.175086470608633e-06,8,0.99
0xe5f130253ff137f9917c0107659a4c5262abf6b0,0.0004590841027283442,18,1
0xe60e9bd04ccc0a394f1fdf29874e35a773cb07f4,7.673299228507852e-08,18,0.99
0xe636f94a71ec52cc61ef21787ae351ad832347b7,1.3898224030044612e-06,18,0.99
0xe66b3aa360bb78468c00bebe163630269db3324f,5.393475636246976e-06,18,0.99
0xe6bfd33f52d82ccb5b37e16d3dd81f9ffdabb195,3.428131410970946e-06,18,0.99
0xe6f4567c330625f3488ec69266f5ddd3f3841f33,3.189347365391908e-08,9,0.99
0xe6fd75ff38adca4b97fbcd938c86b98772431867,0.00012939347290163552,18,0.99
0xe72b141df173b999ae7c1adcbf60cc9833ce56a8,1.0975671541606495,18,0.99
0xe72fe64840f4ef80e3ec73a1c749491b5c938cb9,0.00039496363214028843,6,0.99
0xe73d3f4e660830e7ed4650f881fd7e55350f66f9,0.0003771187726220623,18,0.995
0xe76c5b78f93909d34404e9eb4c1f19e7582a5de1,2.6347056179852346e-05,18,0.99
0xe76c6c83af64e4c60245d8c7de953df673a7a33d,0.00088599316912929,18,0.99
0xe7c3d8c9a439fede00d2600032d5db0be71c3c29,2.354228762879607e-06,18,0.99
0xe7c6bf469e97eeb0bfb74c8dbff5bd47d4c1c98a,3.707895870346818e-05,18,0.99
0xe7df13b8e3d6740fe17cbe928c7334243d86c92f,0.0003729887127183142,6,0.99
0xe7e553cd128f0011777323a0b44a7b96ea1cb540,0.28810590079693965,18,1
0xe7e7e741c23a4767831a56a8c99f522c5ac1e7e7,1.0233978079739259e-07,18,0.99
0xe820c06321e60d36257c666643fa5436643445e3,0.000373100950618291,6,0.99
0xe831f96a7a1dce1aa2eb760b1e296c6a74caa9d5,5.032135837580615e-07,8,0.99
0xe840946ffebcd66b7c4e95095effafadfa0d0e56,0.27244893682587545,18,1
0xe846ca062ab869b66ae8dcd811973f628ba82eaf,1.105457630488182,18,0.9
0xe866c6222bf253d1da2cc6a0520c96fdca2e5b5e,3.511134763711436e-06,18,0.99
0xe88f8313e61a97cec1871ee37fbbe2a8bf3ed1e4,2.233888767657318e-06,18,0.99
0xe89371eaaac6d46d4c3ed23453241987916224fc,1.0399534484321629,18,1
0xe8e06a5613dc86d459bc8fb989e173bb8b256072,2.207331011213091e-06,18,0.86426026
0xe92344b4edf545f3209094b192e46600a19e7c2d,3.457648343171855e-06,18,0.99
0xe9385eff3f937fcb0f0085da9a3f53d6c2b4fb5f,0.00043711240755375927,20,1
0xe95a203b1a91a908f9b9ce46459d101078c2c3cb,1.232495770766804,18,0.99
0xe9689028ede16c2fdfe3d11855d28f8e3fc452a3,1.2880541026385694e-08,18,0.99
0xe9a53c43a0b58706e67341c4055de861e29ee943,7.760028418055893e-12,18,0.99
0xe9b076b476d8865cdf79d1cf7df420ee397a7f75,6.334299690846475e-06,9,0.99
0xe9db0a36877de86efd134f87caf3db29f90b275c,5.155289316842183e-07,8,0.99
0xea26c4ac16d4a5a106820bc8aee85fd0b7b2b664,1.0212287749730567e-06,18,0.99
0xea36af87df952fd4c9a05cd792d370909bbda8db,4.35728756632022e-08,18,0.99
0xea3bc608f32847b97965c5e1648bdfcd4c2c40d0,0.0004403138094362422,6,1
0xea51d7853eefb32b6ee06b1c12e6dcca88be0ffe,-1.000798851005518,18,0.98
0xea60cd69f2b9fd6eb067bddbbf86a5bdeffbbc55,5.904229787064354e-07,18,0.99
0xea9bb54fc76bfd5dd2ff2f6da641e78c230bb683,6.853063575040566e-08,18,0.99
0xeaad46f4146ded5a47b55aa7f6c48c191deaec88,0.09836207697793092,18,0.99
0xeb32ad88b09fb94129a8b972876ad02eaac91e53,2.6593443757691272e-05,18,0.99
0xeb4c2781e4eba804ce9a9803c67d0893436bb27d,6.075683896352173,8,0.99
0xeb7a9ad524ca0bcad732e971339990d112c2002c,1.1127216262151907e-06,18,0.99
0xeb892628d1e58bc475a6dcb7f5dbc4f591632aa4,0.00038451812592510344,18,0.99
0xeb953eda0dc65e3246f43dc8fa13f35623bdd5ed,1.1108872236613713e-07,18,0.99
0xeb964a1a6fab73b8c72a0d15c7337fa4804f484d,2.3518374109964416e-06,18,0.99
0xebb66a88cedd12bfe3a289df6dfee377f2963f12,2.4576546216242234e-07,9,0.99
0xebdb0942ce16386ab90718c7bd10c91cdb66b14d,0.0003730385444281788,6,0.99
0xebe0d1b1d50bc68458fcdc45c3c276d57cdc422b,0.08482879838203372,18,1
0xec213f83defb583af3a000b1c0ada660b1902a0f,3.074497973069275e-07,18,0.99
0xec4ef66d4fceeba34abb4de69db391bc5476ccc8,0.0003729971772059534,18,0.99
0xec53bf9167f50cdeb3ae105f56099aaab9061f83,9.06201823066443e-05,18,0.99
0xec67005c4e498ec7f55e092bd1d35cbc47c91892,0.0005644142269461891,18,0.99
0xec70ff4a5b09110e4d20ada4f2db4a86ec61fac6,2.6449004393535442e-05,18,0.99
0xec977f46467a3021785cff88894886e617abd65b,0.0002343724643249505,18,0.99
0xeca55ac71f83931b7e074228aebc9104f13d8c02,0.2976446015394188,18,1
0xecabe1ff8a9e1dc55899cf58dac8497ece5ae84c,0.03918364871218554,18,1
0xecfafdc7741323a945a163ed068b5a3c43483957,0.0003652386254474114,6,0.9
0xed04915c23f00a313a544955524eb7dbd823143d,2.2626190889068783e-06,8,0.99
0xed328e9c1179a30ddc1e7595e036aed8760c22af,3.4427225955820883e-07,18,0.99
0xed35af169af46a02ee13b9d79eb57d6d68c1749e,8.960917015651934e-08,18,0.99
0xed89fc0f41d8be2c98b13b7e3cd3e876d73f1d30,1.630173613019884e-08,9,0.99
0xed93a0bcbd7793b4dd6ca0033b813344512c106d,2.8116074676729385e-11,9,0.99
0xedb171c18ce90b633db442f2a6f72874093b49ef,0.00012959965677392175,18,0.99
0xee7527841a932d2912224e20a405e1a1ff747084,2.2452804821324993e-06,7,0.99
0xee9bfff7da99e6f85abc4f7fc33f5278473124e0,0.0004666258083917727,18,1
0xeeb4d8400aeefafc1b2953e0094134a887c76bd8,9.561857663925077e-07,18,0.99
0xef3daa5fda8ad7aabff4658f1f78061fd626b8f0,6.344945151426688e-09,18,0.99
0xefc056790bb19702b2164ec6ea6ba3ae01d81195,0.0003725799423103114,18,0.99
0xefc6516323fbd28e80b85a497b65a86243a54b3e,0.00037512495545153506,18,0.99
0xefc814a4c676a7314a13954e283de6cef597e6b2,1.1411015585008791e-08,18,0.99
0xf017d3690346eb8234b85f74cee5e15821fee1f4,3.1234109584479335e-10,18,0.99
0xf042cfa86cf1d598a75bdb55c3507a1f39f9493b,0.06964792628103769,18,1
0xf05e58fcea29ab4da01a495140b349f8410ba904,0.0006313279426249694,18,0.95
0xf091867ec603a6628ed83d274e835539d82e9cc8,1.921977003992093e-05,18,0.99
0xf0bb20865277abd641a307ece5ee04e79073416c,1.094289491978238,18,0.99
0xf0bb7682830941e105ce0fe2c043d1bb058d45b6,1.0321294254695366,18,0.99
0xf0db65d17e30a966c2ae6a21f6bba71cea6e9754,5.1866707769279424e-05,18,0.99
0xf0dc9fc0669f068e04ad79f7d70618d3f9aad439,6.501456118661188e-08,18,0.99
0xf0f9d895aca5c8678f706fb8216fa22957685a13,3.378820857263703e-10,18,0.99
0xf107edabf59ba696e38de62ad5327415bd4d4236,1.0399884793520287e-07,18,0.99
0xf1376bcef0f78459c0ed0ba5ddce976f1ddf51f4,1.1415690226365127,18,0.99
0xf1573edddb75bf7ce165f142a17ed6b5e7f5aa13,0.05228359404121476,18,1
0xf165a634296800812b8b0607a75deddcd4d3cc88,0.0004483643531089315,18,0.9
0xf17a3fe536f8f7847f1385ec1bc967b2ca9cae8d,0.07798056316087505,18,0.99
0xf17e65822b568b3903685a7c9f496cf7656cc6c2,8.080272935913212e-06,18,0.99
0xf182fe2f1a1014543848e261087b6740b78acf71,0.00037201360160396264,18,0.99
0xf19308f923582a6f7c465e5ce7a9dc1bec6665b1,1.9629921295393503e-11,18,0.99
0xf197ffc28c23e0309b5559e7a166f2c6164c80aa,2.0661537758299493e-05,6,0.995
0xf1c9acdc66974dfb6decb12aa385b9cd01190e38,1.075278904356018,18,0.99
0xf1ca9cb74685755965c7458528a36934df52a3ef,2.6522447197548456e-06,18,0.99
0xf1df7305e4bab3885cab5b1e4dfc338452a67891,2.2983304640794246e-05,9,0.99
0xf1e067f8334a5a21da018a15e29cb78252190a1b,0.0002028755195709913,18,0.9
0xf1f435b05d255a5dbde37333c0f61da6f69c6127,0.22888820320943062,18,0.99
0xf1f955016ecbcd7321c7266bccfb96c68ea5e49b,7.775978677456768e-09,18,0.99
0xf27441230eadeac85b764610325cc9a0d7859689,2.6988201644657235e-06,18,0.99
0xf280b16ef293d8e534e370794ef26bf312694126,4.951368623835291e-09,9,0.99
0xf293d23bf2cdc05411ca0eddd588eb1977e8dcd4,2.0479700064100388e-09,18,0.99
0xf29fff074f5cf755b55fbb3eb10a29203ac91ea2,0.714311434324507,18,0.99
0xf2c88757f8d03634671208935974b60a2a28bdb3,8.953249585776302e-06,18,0.99
0xf326c8c9a691319f6330e27aa4a39f2d22c88dc5,7.152340582925109e-05,18,0.99
0xf34960d9d60be18cc1d5afc1a6f012a723a28811,0.0027593460789530995,6,0.99
0xf3b9569f82b18aef890de263b84189bd33ebe452,9.790057482455874e-12,18,0.99
0xf3e4872e6a4cf365888d93b6146a2baa7348f1a4,0.02037383752984012,18,1
0xf404e5f887dbd5508e16a1198fcdd5de1a4296b8,0.09841226162380431,18,1
0xf411903cbc70a74d22900a5de66a2dda66507255,5.457756355155646e-09,18,0.99
0xf418588522d5dd018b425e472991e52ebbeeeeee,2.6213723396196835e-06,18,0.99
0xf4308b0263723b121056938c2172868e408079d0,7.284449791871897e-05,18,0.99
0xf433089366899d83a9f26a773d59ec7ecf30355e,0.00012300272896204617,8,0.99
0xf46ccb9e08fb7e32eed560c87d5e583a59a43420,2.3481784428110833e-09,18,0.99
0xf477ac7719e2e659001455cdda0cc8f3ad10b604,4.1599486293016125e-07,18,0.99
0xf4c13d631450de6b12a19829e37c8e2826891dc4,0.00037298965123191887,18,0.95
0xf4cd3d3fda8d7fd6c5a500203e38640a70bf9577,0.0008449764662094245,18,0.99
0xf5145335540c4116956c0936b7db08d1a862a2d9,0.0004235572690270089,18,1
0xf5581dfefd8fb0e4aec526be659cfab1f8c781da,5.10511983026675e-06,18,0.99
0xf55cd1e399e1cc3d95303048897a680be3313308,1.3397612005432951e-06,8,0.99
0xf57d49646621f563b0b905afc8336923ac569ec5,3.051835825876562e-10,18,0.99
0xf57e7e7c23978c3caec3c3548e3d615c346e79ff,6.148939853081683e-05,18,0.99
0xf5b5efc906513b4344ebabcf47a04901f99f09f3,6.840545994899624e-11,0,0.99
0xf5d791eebfc229c4fe976e8328ed2c261690cb34,9.561676620585743e-10,9,0.99
0xf5f5b97624542d72a9e06f04804bf81baa15e2b4,0.714311434324507,18,0.99
0xf629cbd94d3791c9250152bd8dfbdf380e2a3b9c,1.0939224307487657e-05,18,0.99
0xf63e309818e4ea13782678ce6c31c1234fa61809,4.4093329154550736e-08,8,0.99
0xf668e6d326945d499e5b35e7cd2e82acfbcfe6f0,1.1602110939022505,18,0.99
0xf66cd2f8755a21d3c8683a10269f795c0532dd58,0.00017947866847510356,18,0.99
0xf689555121e529ff0463e191f9bd9d1e496164a7,0.0004919830479197757,6,1
0xf6b1117ec07684d3958cad8beb1b302bfd21103f,0.13229561094925854,18,1
0xf705d2b7e92b3f38e6ae7afadaa2fee110fe5914,-0.000373173724814071,18,0.98
0xf7d85ec4e7710f71992752eac2111312e73e9c9c,0.0003738412025751359,6,0.99
0xf816507e690f5aa4e29d164885eb5fa7a5627860,1.1216595325069622e-10,9,0.99
0xf8206a19fca5999425358de4e4cdefc7f5c5d4ca,1.2725303601696617e-05,9,0.99
0xf8428a5a99cb452ea50b6ea70b052daa3df4934f,1.037292380690224e-06,18,0.99
0xf84657ca6db485ea38c63ca96dc396c2b3c6fdcc,0.0003721745134757235,18,0.99
0xf8743caa20de231a6297d509d8efc15d94f577b5,8.555921102487677e-05,18,0.98
0xf8ebf4849f1fa4faf0dff2106a173d3a6cb2eb3a,5.404490650487586e-13,18,0.99
0xf8f173e20e15f3b6cb686fb64724d370689de083,5.093806756697706e-05,18,0.99
0xf9078fb962a7d13f55d40d49c8aa6472abd1a5a6,0.0006562496784683888,18,0.97
0xf911a7ec46a2c6fa49193212fe4a2a9b95851c27,5.256020295747152e-07,9,0.94
0xf92927eca847da7fc2b1b47d0c09a101dee6cdaf,2.49645394330867e-10,18,0.99
0xf939e0a03fb07f59a73314e73794be0e57ac1b4e,0.0003730959919694591,18,0.99
0xf944e35f95e819e752f3ccb5faf40957d311e8c5,3.892718729690682e-06,18,0.99
0xf94e7d0710709388bce3161c32b4eea56d3f91cc,3.594005244688523e-06,18,0.99
0xf951e335afb289353dc249e82926178eac7ded78,1.1281344460942684,18,0.99
0xf96798f49936efb1a56f99ceae924b6b8359affb,3.863791561528565e-06,18,1
0xf985005a3793dba4cce241b3c19ddcd3fe069ff4,0.0013020945092197765,18,0.99
0xf99985822fb361117fcf3768d34a6353e6022f5f,0.9997874164422443,18,0.9
0xf9c53268e9de692ae1b2ea5216e24e1c3ad7cb1e,5.092422164720775e-06,18,0.99
0xfa14fa6958401314851a17d6c5360ca29f74b57b,1.3873096509522665e-07,18,0.99
0xfa1c09fc8b491b6a4d3ff53a10cad29381b3f949,4.83168772646846e-05,18,0.99
0xfa1fdbbd71b0aa16162d76914d69cd8cb3ef92da,1.0002083682474772,18,0.99
0xfa704148d516b209d52c2d75f239274c8f8eaf1a,4.196477057811919e-05,18,0.99
0xfaba6f8e4a5e8ab82f62fe7c39859fa577269be3,0.00018518918591236473,18,0.99
0xfad45e47083e4607302aa43c65fb3106f1cd7607,1.2073267402189547e-09,9,0.99
0xfae103dc9cf190ed75350761e95403b7b8afa6c0,1.0819618590966265,18,0.995
0xfb130d93e49dca13264344966a611dc79a456bc5,1.4740310116822708e-14,18,0.99
0xfb18127c1471131468a1aad4785c19678e521d86,6.933788499667993e-05,18,0.99
0xfb496973ac782813a0885761295b13ae4a292a2f,0.0008168029648636403,18,0.99
0xfb7b4564402e5500db5bb6d63ae671302777c75a,3.6888174148139604e-05,18,0.99
0xfbb4f63821e706daf801e440a5893be59094f5cc,1.153533582082758e-07,18,0.99
0xfbd5fd3f85e9f4c5e8b40eec9f8b8ab1caaa146b,2.4735832318621614e-08,18,0.99
0xfc1c93a2507975e98b9d0e9260ded61a00152bf1,1.0706660215563393e-06,18,0.99
0xfc209eeba3d744aa741cc5c2a73ebf9c977b5f82,4.5950549522499464e-05,18,0.99
0xfc3212bd9ad9a28da6b2bd50a2918969c126894f,0.00037697991647888096,18,0.99
0xfc4b4ec763722b71eb1d729749b447a9645f5f30,8.092634063603764e-08,9,0.99
0xfc82bb4ba86045af6f327323a46e80412b91b27d,0.0024172806167955868,18,0.99
0xfc8c624b6080a0a780583799f2a862de936f6e22,0.0003731699146210431,18,0.85
0xfc979087305a826c2b2a0056cfaba50aad3e6439,4.71521861724407e-08,18,0.99
0xfc9d98cdb3529f32cd7fb02d175547641e145b29,1.6240107154656778e-05,18,0.99
0xfca59cd816ab1ead66534d82bc21e7515ce441cf,4.7487576451987464e-05,18,0.99
0xfcc5c47be19d06bf83eb04298b026f81069ff65b,7.929262782049722e-05,18,0.99
0xfccd6fbca272b4cc11069402f4123b070b7838f9,1.1368791094177003e-12,9,0.99
0xfcd7ccee4071aa4ecfac1683b7cc0afecaf42a36,1.1005705539151327e-05,18,0.99
0xfd36fa88bb3fea8d1264fc89d70723b6a2b56958,5.912853690956147e-07,18,0.99
0xfd418e42783382e86ae91e445406600ba144d162,4.344856609376928e-07,18,0.99
0xfd9aa51f530369ff5024bc3f6d6f3a00a789f94a,1.2133375111683543e-05,18,0.9
0xfda09936dbd717368de0835ba441d9e62069d36f,0.04473039946341432,18,1
0xfdc9d2a3cae56e484a85de3c2e812784a8184d0d,2.3559565107831094e-05,18,0.99
0xfdffb411c4a70aa7c95d5c981a6fb4da867e1111,3.45667794690763e-06,18,0.99
0xfe0c30065b384f05761f15d0cc899d4f9f9cc0eb,0.00028531725197303883,18,0.99
0xfe6eb3b609a7c8352a241f7f3a21cea4e9209b8f,1.0143096831913672,18,1
0xfe99b2fe66c7725ce30730010a864740e7c39b26,2.8647788227355173e-07,18,0.99
0xfeac2eae96899709a43e252b6b92971d32f9c0f9,9.325899089143734e-05,18,0.99
0xfebded1b0986a8ee107f5ab1a1c5a813491deceb,0.030651672711403857,18,0.99
0xfedc5f4a6c38211c1338aa411018dfaf26612c08,0.2874850022706131,18,1
0xfee293840d23b0b2de8c55e1cf7a9f01c157767c,4.0243578542364946e-07,18,0.99
0xfeedf398124aafeb6a36351c924bd00a361ea89a,1.7661022680577346e-07,9,0.99
0xfef3bef71a5eb97e097039038776fd967ae5b106,0.003895357187498297,18,0.94
0xfeff7a377a86462f5a2a872009722c154707f09e,0.03706183161012506,18,1
0xff20817765cb7f73d4bde2e66e067e58d11095c2,2.3548069068669875e-07,18,0.99
0xffe203b59393593965842439ce1e7d7c78109b46,6.184046174555993e-08,18,0.99
