hook_address,source_kind,precedence,label,source_url,evidence_verbatim
0xc8d077444625eb300a427a6dfb2b1dbf9b159040,document,1,Zora (ZoraV4CoinHook),https://raw.githubusercontent.com/ourzora/zora-protocol/main/packages/coins/src/deployment/ForkedCoinsAddresses.sol,        deployment.zoraV4CoinHook = 0xC8d077444625eB300A427a6dfB2b1DBf9b159040;
0xc8d077444625eb300a427a6dfb2b1dbf9b159040,zora_onchain_registry,2,Zora (ZoraHookRegistry tag=ContentCoinHook version=2.3.0),https://base.blockscout.com/tx/0x9d9ce1b33c5a7c0e3e5bf5e5cb392f605a056e2324ba86149df27f3501807091,"ZoraHookRegistered(hook=0xc8d077444625eb300a427a6dfb2b1dbf9b159040, tag=ContentCoinHook, version=2.3.0) block 36530245 log 315"
0xc8d077444625eb300a427a6dfb2b1dbf9b159040,uniswap_hooklist,3,Zora Post Hook v2.3.0 (Base),https://raw.githubusercontent.com/Uniswap/hooklist/65ef4121419193a5aad9a493d2f4d9710d2f7653/hooks/base/0xc8d077444625eb300a427a6dfb2b1dbf9b159040.json,"{""name"": ""Zora Post Hook v2.3.0 (Base)"", ""description"": ""Uniswap v4 hook for Zora Coins that automatically collects LP fees on every swap, converts them to a backing currency, and distributes rewards \u2014 with optional trade referral support via hookData and hook migration managed through a registered upgrade gate."", ""deployer"": """"}"
0xc8d077444625eb300a427a6dfb2b1dbf9b159040,document,4,Uniswap routing-api allowlist (ZoraV4CoinHook),https://raw.githubusercontent.com/Uniswap/routing-api/main/lib/util/hooksAddressesAllowlist.ts,export const ZORA_POST_HOOK_ON_BASE_v2_3_0 = '0xc8d077444625eb300a427a6dfb2b1dbf9b159040'
0xc8d077444625eb300a427a6dfb2b1dbf9b159040,blockscout,5,ZoraV4CoinHook,https://base.blockscout.com/address/0xc8d077444625eb300a427a6dfb2b1dbf9b159040,"""name"": ""ZoraV4CoinHook"", ""is_verified"": true"
0x9ea932730a7787000042e34390b8e435dd839040,document,1,Zora (ContentCoinHook),https://raw.githubusercontent.com/ourzora/zora-protocol/main/packages/coins/test/LiquidityMigration.t.sol,        address oldHook = 0x9ea932730A7787000042e34390B8E435dD839040; // v1.1.2 hook
0x9ea932730a7787000042e34390b8e435dd839040,zora_onchain_registry,2,Zora (ZoraHookRegistry tag=CONTENT version=1.1.2),https://base.blockscout.com/tx/0x7b5f063c0743b1721297abbe673e64fccf26fcd8e3f5d65f9087e391ff5e8ea4,"ZoraHookRegistered(hook=0x9ea932730a7787000042e34390b8e435dd839040, tag=CONTENT, version=1.1.2) block 34512951 log 459"
0x9ea932730a7787000042e34390b8e435dd839040,uniswap_hooklist,3,Zora Post Hook v1.1.2 (Base),https://raw.githubusercontent.com/Uniswap/hooklist/65ef4121419193a5aad9a493d2f4d9710d2f7653/hooks/base/0x9ea932730a7787000042e34390b8e435dd839040.json,"{""name"": ""Zora Post Hook v1.1.2 (Base)"", ""description"": ""A Uniswap v4 hook for Zora content coins that automatically collects LP fees after each swap, converts them to a backing currency via multi-hop paths, and distributes rewards to coin creators and trade referrers. On pool initialization, it creates multiple liquidity positions using Doppler multi-curve configurations."", ""deployer"": """"}"
0x9ea932730a7787000042e34390b8e435dd839040,document,4,Uniswap routing-api allowlist (ContentCoinHook),https://raw.githubusercontent.com/Uniswap/routing-api/main/lib/util/hooksAddressesAllowlist.ts,export const ZORA_POST_HOOK_ON_BASE_v1_1_2 = '0x9ea932730a7787000042e34390b8e435dd839040'
0x9ea932730a7787000042e34390b8e435dd839040,blockscout,5,ContentCoinHook,https://base.blockscout.com/address/0x9ea932730a7787000042e34390b8e435dd839040,"""name"": ""ContentCoinHook"", ""is_verified"": true"
0xbb7784a4d481184283ed89619a3e3ed143e1adc0,uniswap_hooklist,3,DecayMulticurveInitializerHook,https://raw.githubusercontent.com/Uniswap/hooklist/65ef4121419193a5aad9a493d2f4d9710d2f7653/hooks/base/0xbb7784a4d481184283ed89619a3e3ed143e1adc0.json,"{""name"": ""DecayMulticurveInitializerHook"", ""description"": ""A Uniswap v4 hook by Whetstone Research (Doppler v2) that implements time-based linear LP fee decay, lowering fees from a configurable start rate to an end rate over a set duration. Liquidity additions are gated to a designated initializer contract."", ""deployer"": """"}"
0xbb7784a4d481184283ed89619a3e3ed143e1adc0,document,4,Uniswap routing-api allowlist (DecayMulticurveInitializerHook),https://raw.githubusercontent.com/Uniswap/routing-api/main/lib/util/hooksAddressesAllowlist.ts,export const DOPPLER_HOOKS_ADDRESS_ON_BASE_V2 = '0xbb7784a4d481184283ed89619a3e3ed143e1adc0'
0xbb7784a4d481184283ed89619a3e3ed143e1adc0,blockscout,5,DecayMulticurveInitializerHook,https://base.blockscout.com/address/0xbb7784a4d481184283ed89619a3e3ed143e1adc0,"""name"": ""DecayMulticurveInitializerHook"", ""is_verified"": true"
0x0469a4bd3724dc86c9542f4694c976da13c450c0,uniswap_hooklist,3,Zora Hook,https://raw.githubusercontent.com/Uniswap/hooklist/65ef4121419193a5aad9a493d2f4d9710d2f7653/hooks/base/0x0469a4bd3724dc86c9542f4694c976da13c450c0.json,"{""name"": ""Zora Hook"", ""description"": ""Zora's Uniswap v4 hook for their Coins protocol on Base, which applies a dynamic launch fee that decays from 99% to 1% over the 10 seconds after coin creation. On every swap it collects LP fees, converts them to a backing currency, and distributes rewards to creators and trade referrers."", ""deployer"": """"}"
0x0469a4bd3724dc86c9542f4694c976da13c450c0,blockscout,5,ZoraV4CoinHook,https://base.blockscout.com/address/0x0469a4bd3724dc86c9542f4694c976da13c450c0,"""name"": ""ZoraV4CoinHook"", ""is_verified"": true"
0xb429d62f8f3bffb98cdb9569533ea23bf0ba28cc,document,1,Clanker (ClankerHookStaticFeeV2),https://clanker.gitbook.io/documentation/references/deployed-contracts,0xb429d62f8f3bFFb98CdB9569533eA23bF0Ba28CC
0xb429d62f8f3bffb98cdb9569533ea23bf0ba28cc,document,1,Clanker (ClankerHookStaticFeeV2),https://raw.githubusercontent.com/clanker-devco/DOCS/main/references/deployed-contracts.md,| ClankerHookStaticFeeV2        | 0xb429d62f8f3bFFb98CdB9569533eA23bF0Ba28CC |
0xb429d62f8f3bffb98cdb9569533ea23bf0ba28cc,document,1,Clanker (ClankerHookStaticFeeV2),https://raw.githubusercontent.com/clanker-devco/clanker-sdk/main/src/utils/clankers.ts,"      feeStaticHookV2: '0xb429d62f8f3bFFb98CdB9569533eA23bF0Ba28CC',"
0xb429d62f8f3bffb98cdb9569533ea23bf0ba28cc,document,1,Clanker (ClankerHookStaticFeeV2),https://raw.githubusercontent.com/clanker-devco/v4-contracts/main/README.md,- ClankerHookStaticFeeV2: [0xb429d62f8f3bFFb98CdB9569533eA23bF0Ba28CC](https://basescan.org/address/0xb429d62f8f3bFFb98CdB9569533eA23bF0Ba28CC)
0xb429d62f8f3bffb98cdb9569533ea23bf0ba28cc,document,1,Clanker (ClankerHookStaticFeeV2),https://raw.githubusercontent.com/clanker-devco/v4-contracts/main/README.md,- ClankerHookStaticFeeV2: [0xb429d62f8f3bFFb98CdB9569533eA23bF0Ba28CC](https://basescan.org/address/0xb429d62f8f3bFFb98CdB9569533eA23bF0Ba28CC)
0xb429d62f8f3bffb98cdb9569533ea23bf0ba28cc,uniswap_hooklist,3,Clanker Static Fee Hook v2 (Base),https://raw.githubusercontent.com/Uniswap/hooklist/65ef4121419193a5aad9a493d2f4d9710d2f7653/hooks/base/0xb429d62f8f3bffb98cdb9569533ea23bf0ba28cc.json,"{""name"": ""Clanker Static Fee Hook v2 (Base)"", ""description"": ""A Uniswap v4 hook used by the Clanker token launch platform that enforces separate fixed LP fees for the clanker token and the paired token, collects a 20% protocol fee on each swap, and supports optional MEV protection modules and pool extensions."", ""deployer"": """"}"
0xb429d62f8f3bffb98cdb9569533ea23bf0ba28cc,document,4,KyberSwap dex-lib (ClankerHookStaticFeeV2),https://raw.githubusercontent.com/KyberNetwork/kyberswap-dex-lib/0867b088e490608f731e4e37eaf49ea72e7846b3/pkg/liquidity-source/uniswap/v4/hooks/clanker/constant.go,"		common.HexToAddress(""0xb429d62f8f3bFFb98CdB9569533eA23bF0Ba28CC""), // base v2 v4.1.0 permission-ed"
0xb429d62f8f3bffb98cdb9569533ea23bf0ba28cc,document,4,Uniswap routing-api allowlist (ClankerHookStaticFeeV2),https://raw.githubusercontent.com/Uniswap/routing-api/main/lib/util/hooksAddressesAllowlist.ts,export const CLANKER_STATIC_FEE_HOOKS_ADDRESS_ON_BASE_v2 = '0xb429d62f8f3bffb98cdb9569533ea23bf0ba28cc'
0xb429d62f8f3bffb98cdb9569533ea23bf0ba28cc,blockscout,5,ClankerHookStaticFeeV2,https://base.blockscout.com/address/0xb429d62f8f3bffb98cdb9569533ea23bf0ba28cc,"""name"": ""ClankerHookStaticFeeV2"", ""is_verified"": true"
0x2b15a16b3ef024005ba899bb51764fcd58cf9040,zora_onchain_registry,2,Zora (ZoraHookRegistry tag=ContentCoinHook version=2.2.1),https://base.blockscout.com/tx/0x0a135d96f8a7af7587a197a0b6e5c50fc021df93c2afb06f8a89be94f7499acd,"ZoraHookRegistered(hook=0x2b15a16b3ef024005ba899bb51764fcd58cf9040, tag=ContentCoinHook, version=2.2.1) block 35754098 log 306"
0x2b15a16b3ef024005ba899bb51764fcd58cf9040,uniswap_hooklist,3,Zora Post Hook v2.2.1 (Base),https://raw.githubusercontent.com/Uniswap/hooklist/65ef4121419193a5aad9a493d2f4d9710d2f7653/hooks/base/0x2b15a16b3ef024005ba899bb51764fcd58cf9040.json,"{""name"": ""Zora Post Hook v2.2.1 (Base)"", ""description"": ""Zora's content coin hook that manages multi-position liquidity for creator coins, collecting swap fees after each trade and distributing them as rewards to creators, referrers, and LPs in a backing currency. Supports liquidity migration to new hook versions via a registered upgrade gate."", ""deployer"": """"}"
0x2b15a16b3ef024005ba899bb51764fcd58cf9040,document,4,Uniswap routing-api allowlist (ContentCoinHook),https://raw.githubusercontent.com/Uniswap/routing-api/main/lib/util/hooksAddressesAllowlist.ts,export const ZORA_POST_HOOK_ON_BASE_v2_2_1 = '0x2b15a16b3ef024005ba899bb51764fcd58cf9040'
0x2b15a16b3ef024005ba899bb51764fcd58cf9040,blockscout,5,ContentCoinHook,https://base.blockscout.com/address/0x2b15a16b3ef024005ba899bb51764fcd58cf9040,"""name"": ""ContentCoinHook"", ""is_verified"": true"
0xd61a675f8a0c67a73dc3b54fb7318b4d91409040,zora_onchain_registry,2,Zora (ZoraHookRegistry tag=CREATOR version=1.1.2),https://base.blockscout.com/tx/0x7b5f063c0743b1721297abbe673e64fccf26fcd8e3f5d65f9087e391ff5e8ea4,"ZoraHookRegistered(hook=0xd61a675f8a0c67a73dc3b54fb7318b4d91409040, tag=CREATOR, version=1.1.2) block 34512951 log 464"
0xd61a675f8a0c67a73dc3b54fb7318b4d91409040,uniswap_hooklist,3,Zora Creator Hook v1.1.2 (Base),https://raw.githubusercontent.com/Uniswap/hooklist/65ef4121419193a5aad9a493d2f4d9710d2f7653/hooks/base/0xd61a675f8a0c67a73dc3b54fb7318b4d91409040.json,"{""name"": ""Zora Creator Hook v1.1.2 (Base)"", ""description"": ""A Uniswap v4 hook for Zora Creator Coins that initializes multi-curve liquidity positions on pool creation and automatically collects LP fees after each swap, converts them to a backing currency, and distributes market rewards to creators and trade referrers. Supports governed liquidity migration to new hook implementations via an upgrade gate contract."", ""deployer"": """"}"
0xd61a675f8a0c67a73dc3b54fb7318b4d91409040,document,4,Uniswap routing-api allowlist (CreatorCoinHook),https://raw.githubusercontent.com/Uniswap/routing-api/main/lib/util/hooksAddressesAllowlist.ts,export const ZORA_CREATOR_HOOK_ON_BASE_v1_1_2 = '0xd61a675f8a0c67a73dc3b54fb7318b4d91409040'
0xd61a675f8a0c67a73dc3b54fb7318b4d91409040,blockscout,5,CreatorCoinHook,https://base.blockscout.com/address/0xd61a675f8a0c67a73dc3b54fb7318b4d91409040,"""name"": ""CreatorCoinHook"", ""is_verified"": true"
0xd60d6b218116cfd801e28f78d011a203d2b068cc,document,1,Clanker (ClankerHookDynamicFeeV2),https://clanker.gitbook.io/documentation/references/deployed-contracts,0xd60D6B218116cFd801E28F78d011a203D2b068Cc
0xd60d6b218116cfd801e28f78d011a203d2b068cc,document,1,Clanker (ClankerHookDynamicFeeV2),https://raw.githubusercontent.com/clanker-devco/DOCS/main/references/deployed-contracts.md,| ClankerHookDynamicFeeV2       | 0xd60D6B218116cFd801E28F78d011a203D2b068Cc |
0xd60d6b218116cfd801e28f78d011a203d2b068cc,document,1,Clanker (ClankerHookDynamicFeeV2),https://raw.githubusercontent.com/clanker-devco/clanker-sdk/main/src/utils/clankers.ts,"      feeDynamicHookV2: '0xd60D6B218116cFd801E28F78d011a203D2b068Cc',"
0xd60d6b218116cfd801e28f78d011a203d2b068cc,document,1,Clanker (ClankerHookDynamicFeeV2),https://raw.githubusercontent.com/clanker-devco/v4-contracts/main/README.md,- ClankerHookDynamicFeeV2: [0xd60D6B218116cFd801E28F78d011a203D2b068Cc](https://basescan.org/address/0xd60D6B218116cFd801E28F78d011a203D2b068Cc)
0xd60d6b218116cfd801e28f78d011a203d2b068cc,document,1,Clanker (ClankerHookDynamicFeeV2),https://raw.githubusercontent.com/clanker-devco/v4-contracts/main/README.md,- ClankerHookDynamicFeeV2: [0xd60D6B218116cFd801E28F78d011a203D2b068Cc](https://basescan.org/address/0xd60D6B218116cFd801E28F78d011a203D2b068Cc)
0xd60d6b218116cfd801e28f78d011a203d2b068cc,uniswap_hooklist,3,Clanker Dynamic Fee Hook v2 (Base),https://raw.githubusercontent.com/Uniswap/hooklist/65ef4121419193a5aad9a493d2f4d9710d2f7653/hooks/base/0xd60d6b218116cfd801e28f78d011a203d2b068cc.json,"{""name"": ""Clanker Dynamic Fee Hook v2 (Base)"", ""description"": ""A Clanker v2 hook that dynamically adjusts LP fees based on a volatility accumulator derived from simulated tick movement. It also collects a protocol fee on Clanker token swaps and supports optional MEV protection modules and per-pool extensions via custom swap data."", ""deployer"": """"}"
0xd60d6b218116cfd801e28f78d011a203d2b068cc,document,4,KyberSwap dex-lib (ClankerHookDynamicFeeV2),https://raw.githubusercontent.com/KyberNetwork/kyberswap-dex-lib/0867b088e490608f731e4e37eaf49ea72e7846b3/pkg/liquidity-source/uniswap/v4/hooks/clanker/constant.go,"		common.HexToAddress(""0xd60D6B218116cFd801E28F78d011a203D2b068Cc""), // base v2 v4.1.0 permission-ed"
0xd60d6b218116cfd801e28f78d011a203d2b068cc,document,4,Uniswap routing-api allowlist (ClankerHookDynamicFeeV2),https://raw.githubusercontent.com/Uniswap/routing-api/main/lib/util/hooksAddressesAllowlist.ts,export const CLANKER_DYNAMIC_FEE_HOOKS_ADDRESS_ON_BASE_v2 = '0xd60d6b218116cfd801e28f78d011a203d2b068cc'
0xd60d6b218116cfd801e28f78d011a203d2b068cc,blockscout,5,ClankerHookDynamicFeeV2,https://base.blockscout.com/address/0xd60d6b218116cfd801e28f78d011a203d2b068cc,"""name"": ""ClankerHookDynamicFeeV2"", ""is_verified"": true"
0xbdf938149ac6a781f94faa0ed45e6a0e984c6544,document,1,Doppler (DopplerHookInitializer),https://docs.doppler.lol/reference/contract-addresses,0xbdf9...6544 <https://etherscan.io/address/0xbdf938149ac6a781f94faa0ed45e6a0e984c6544>
0xbdf938149ac6a781f94faa0ed45e6a0e984c6544,document,1,Doppler (DopplerHookInitializer),https://docs.doppler.lol/reference/contract-addresses,0xbdf9...6544 <https://basescan.org/address/0xbdf938149ac6a781f94faa0ed45e6a0e984c6544>
0xbdf938149ac6a781f94faa0ed45e6a0e984c6544,document,1,Doppler (DopplerHookInitializer),https://docs.doppler.lol/reference/contract-addresses,0xbdf9...6544 <https://sepolia.basescan.org/address/0xbdf938149ac6a781f94faa0ed45e6a0e984c6544>
0xbdf938149ac6a781f94faa0ed45e6a0e984c6544,uniswap_hooklist,3,DopplerHookInitializer,https://raw.githubusercontent.com/Uniswap/hooklist/65ef4121419193a5aad9a493d2f4d9710d2f7653/hooks/base/0xbdf938149ac6a781f94faa0ed45e6a0e984c6544.json,"{""name"": ""DopplerHookInitializer"", ""description"": ""Initializes Uniswap v4 pools with multi-curve (bonding curve) liquidity positions, supporting dynamic LP fees and optional DopplerHook callbacks for custom initialization, swap fee collection via afterSwap delta, and pool graduation."", ""deployer"": """"}"
0xbdf938149ac6a781f94faa0ed45e6a0e984c6544,blockscout,5,DopplerHookInitializer,https://base.blockscout.com/address/0xbdf938149ac6a781f94faa0ed45e6a0e984c6544,"""name"": ""DopplerHookInitializer"", ""is_verified"": true"
0xff74be9d3596ea7a33bb4983dd7906fb34135040,document,1,Zora (ContentCoinHook),https://raw.githubusercontent.com/ourzora/zora-protocol/main/packages/coins/test/LiquidityMigration.t.sol,        address newHook = 0xff74Be9D3596eA7a33BB4983DD7906fB34135040; // current hook
0xff74be9d3596ea7a33bb4983dd7906fb34135040,zora_onchain_registry,2,Zora (ZoraHookRegistry tag=ContentCoinHook version=2.2.0),https://base.blockscout.com/tx/0x0a135d96f8a7af7587a197a0b6e5c50fc021df93c2afb06f8a89be94f7499acd,"ZoraHookRegistered(hook=0xff74be9d3596ea7a33bb4983dd7906fb34135040, tag=ContentCoinHook, version=2.2.0) block 35754098 log 304"
0xff74be9d3596ea7a33bb4983dd7906fb34135040,uniswap_hooklist,3,Zora Post Hook v2.2 (Base),https://raw.githubusercontent.com/Uniswap/hooklist/65ef4121419193a5aad9a493d2f4d9710d2f7653/hooks/base/0xff74be9d3596ea7a33bb4983dd7906fb34135040.json,"{""name"": ""Zora Post Hook v2.2 (Base)"", ""description"": ""A Zora hook that initializes multi-position Doppler curve liquidity when a Zora coin pool is created, then automatically collects LP fees on every swap, converts them to a backing currency, and distributes rewards to creators, trade referrers, and liquidity providers."", ""deployer"": """"}"
0xff74be9d3596ea7a33bb4983dd7906fb34135040,document,4,Uniswap routing-api allowlist (ContentCoinHook),https://raw.githubusercontent.com/Uniswap/routing-api/main/lib/util/hooksAddressesAllowlist.ts,export const ZORA_POST_HOOK_ON_BASE_v2_2 = '0xff74be9d3596ea7a33bb4983dd7906fb34135040'
0xff74be9d3596ea7a33bb4983dd7906fb34135040,blockscout,5,ContentCoinHook,https://base.blockscout.com/address/0xff74be9d3596ea7a33bb4983dd7906fb34135040,"""name"": ""ContentCoinHook"", ""is_verified"": true"
0x23321f11a6d44fd1ab790044fdfde5758c902fdc,document,1,Flaunch (PositionManager),https://raw.githubusercontent.com/flayerlabs/flaunch-gitbook/main/readme/for-aggregators.md,<tr><td>Position Manager V1</td><td>0x51bba15255406cfe7099a42183302640ba7dafdc</td></tr><tr><td>Position Manager V2</td><td>0xf785bb58059fab6fb19bdda2cb9078d9e546efdc</td></tr><tr><td>Position Manager V3</td><td>0xb903b0ab7bcee8f5e4d8c9b10a71aac7135d6fdc</td></tr><tr><td>Position Manager V4</td><td>0x23321f11a6d44fd1ab790044fdfde5758c902fdc</td></tr><tr><td>Any Position Manager V1</td><td>0x8dc3b85e1dc1c846ebf3971179a751896842e5dc</td></tr></tbody></table>
0x23321f11a6d44fd1ab790044fdfde5758c902fdc,document,1,Flaunch (PositionManager),https://raw.githubusercontent.com/flayerlabs/flaunch-sdk/bef27f90b946a63fe3c215a409b487ad38b1c685/src/addresses.ts,"  [base.id]: ""0x23321f11a6d44fd1ab790044fdfde5758c902fdc"", // ""1.3"" from github releases"
0x23321f11a6d44fd1ab790044fdfde5758c902fdc,document,1,Flaunch (PositionManager),https://raw.githubusercontent.com/flayerlabs/flaunchgg-contracts/main/README.md,| PositionManager       | `0x23321f11a6d44fd1ab790044fdfde5758c902fdc` | `0x4e7cb1e6800a7b297b38bddcecaf9ca5b6616fdc` |
0x23321f11a6d44fd1ab790044fdfde5758c902fdc,uniswap_hooklist,3,Flaunch POSM v4 (Base),https://raw.githubusercontent.com/Uniswap/hooklist/65ef4121419193a5aad9a493d2f4d9710d2f7653/hooks/base/0x23321f11a6d44fd1ab790044fdfde5758c902fdc.json,"{""name"": ""Flaunch POSM v4 (Base)"", ""description"": ""Flaunch's PositionManager is a Uniswap v4 hook that manages the full lifecycle of memecoin launches, from token creation and fair-launch phase to ongoing swaps. It incorporates an InternalSwapPool for protocol fee accumulation, a BidWall for native-token liquidity support, and a FeeDistributor that routes swap fees to creators and optional referrers encoded in hookData."", ""deployer"": """"}"
0x23321f11a6d44fd1ab790044fdfde5758c902fdc,document,4,KyberSwap dex-lib (PositionManager),https://raw.githubusercontent.com/KyberNetwork/kyberswap-dex-lib/0867b088e490608f731e4e37eaf49ea72e7846b3/pkg/liquidity-source/uniswap/v4/hooks/flaunch/constant.go,"	common.HexToAddress(""0x23321f11a6d44Fd1ab790044FdFDE5758c902FDc""),"
0x23321f11a6d44fd1ab790044fdfde5758c902fdc,document,4,Uniswap routing-api allowlist (PositionManager),https://raw.githubusercontent.com/Uniswap/routing-api/main/lib/util/hooksAddressesAllowlist.ts,export const FLAUNCH_POSM_V4_ON_BASE = '0x23321f11a6d44fd1ab790044fdfde5758c902fdc'
0x23321f11a6d44fd1ab790044fdfde5758c902fdc,blockscout,5,PositionManager,https://base.blockscout.com/address/0x23321f11a6d44fd1ab790044fdfde5758c902fdc,"""name"": ""PositionManager"", ""is_verified"": true"
0xdd5eeaff7bd481ad55db083062b13a3cdf0a68cc,document,1,Clanker (ClankerHookStaticFee),https://clanker.gitbook.io/documentation/references/deployed-contracts,0xDd5EeaFf7BD481AD55Db083062b13a3cdf0A68CC
0xdd5eeaff7bd481ad55db083062b13a3cdf0a68cc,document,1,Clanker (ClankerHookStaticFee),https://raw.githubusercontent.com/clanker-devco/DOCS/main/references/deployed-contracts.md,| ClankerHookStaticFee         | 0xDd5EeaFf7BD481AD55Db083062b13a3cdf0A68CC |
0xdd5eeaff7bd481ad55db083062b13a3cdf0a68cc,document,1,Clanker (ClankerHookStaticFee),https://raw.githubusercontent.com/clanker-devco/clanker-sdk/main/src/utils/clankers.ts,"      feeStaticHook: '0xDd5EeaFf7BD481AD55Db083062b13a3cdf0A68CC',"
0xdd5eeaff7bd481ad55db083062b13a3cdf0a68cc,document,1,Clanker (ClankerHookStaticFee),https://raw.githubusercontent.com/clanker-devco/v4-contracts/main/README.md,- ClankerHookStaticFee: [0xDd5EeaFf7BD481AD55Db083062b13a3cdf0A68CC](https://basescan.org/address/0xDd5EeaFf7BD481AD55Db083062b13a3cdf0A68CC)
0xdd5eeaff7bd481ad55db083062b13a3cdf0a68cc,document,1,Clanker (ClankerHookStaticFee),https://raw.githubusercontent.com/clanker-devco/v4-contracts/main/README.md,- ClankerHookStaticFee: [0xDd5EeaFf7BD481AD55Db083062b13a3cdf0A68CC](https://basescan.org/address/0xDd5EeaFf7BD481AD55Db083062b13a3cdf0A68CC)
0xdd5eeaff7bd481ad55db083062b13a3cdf0a68cc,uniswap_hooklist,3,Clanker Static Fee Hook (Base),https://raw.githubusercontent.com/Uniswap/hooklist/65ef4121419193a5aad9a493d2f4d9710d2f7653/hooks/base/0xdd5eeaff7bd481ad55db083062b13a3cdf0a68cc.json,"{""name"": ""Clanker Static Fee Hook (Base)"", ""description"": ""A Uniswap v4 hook for the Clanker token launch platform that enforces separate, pre-configured LP fees for the clanker token and its paired token by updating the dynamic LP fee on each swap. It collects a 20% protocol fee from paired-token swaps and supports an optional MEV protection module active during the first two minutes after pool creation."", ""deployer"": """"}"
0xdd5eeaff7bd481ad55db083062b13a3cdf0a68cc,document,4,KyberSwap dex-lib (ClankerHookStaticFee),https://raw.githubusercontent.com/KyberNetwork/kyberswap-dex-lib/0867b088e490608f731e4e37eaf49ea72e7846b3/pkg/liquidity-source/uniswap/v4/hooks/clanker/constant.go,"		common.HexToAddress(""0xDd5EeaFf7BD481AD55Db083062b13a3cdf0A68CC""), // base v4.0.0"
0xdd5eeaff7bd481ad55db083062b13a3cdf0a68cc,document,4,Uniswap routing-api allowlist (ClankerHookStaticFee),https://raw.githubusercontent.com/Uniswap/routing-api/main/lib/util/hooksAddressesAllowlist.ts,export const CLANKER_STATIC_FEE_HOOKS_ADDRESS_ON_BASE = '0xdd5eeaff7bd481ad55db083062b13a3cdf0a68cc'
0xdd5eeaff7bd481ad55db083062b13a3cdf0a68cc,blockscout,5,ClankerHookStaticFee,https://base.blockscout.com/address/0xdd5eeaff7bd481ad55db083062b13a3cdf0a68cc,"""name"": ""ClankerHookStaticFee"", ""is_verified"": true"
0x5bf219b3cc11e3f6dd8dc8fc89d7d1deb0431040,zora_onchain_registry,2,Zora (ZoraHookRegistry tag=CONTENT version=1.1.1),https://base.blockscout.com/tx/0x7b5f063c0743b1721297abbe673e64fccf26fcd8e3f5d65f9087e391ff5e8ea4,"ZoraHookRegistered(hook=0x5bf219b3cc11e3f6dd8dc8fc89d7d1deb0431040, tag=CONTENT, version=1.1.1) block 34512951 log 458"
0x5bf219b3cc11e3f6dd8dc8fc89d7d1deb0431040,uniswap_hooklist,3,Zora Post Hook v1.1.1.1 (Base),https://raw.githubusercontent.com/Uniswap/hooklist/65ef4121419193a5aad9a493d2f4d9710d2f7653/hooks/base/0x5bf219b3cc11e3f6dd8dc8fc89d7d1deb0431040.json,"{""name"": ""Zora Post Hook v1.1.1.1 (Base)"", ""description"": ""A Zora content coin hook that mints multiple Doppler-style liquidity positions on pool initialization and, on every swap, collects LP fees, swaps them to a backing currency, and distributes rewards to coin holders and optional trade referrers encoded in hookData. It supports a governance-gated liquidity migration path to successor hook implementations."", ""deployer"": """"}"
0x5bf219b3cc11e3f6dd8dc8fc89d7d1deb0431040,document,4,Uniswap routing-api allowlist (ContentCoinHook),https://raw.githubusercontent.com/Uniswap/routing-api/main/lib/util/hooksAddressesAllowlist.ts,export const ZORA_POST_HOOK_ON_BASE_v1_1_1_1 = '0x5bf219b3cc11e3f6dd8dc8fc89d7d1deb0431040'
0x5bf219b3cc11e3f6dd8dc8fc89d7d1deb0431040,blockscout,5,ContentCoinHook,https://base.blockscout.com/address/0x5bf219b3cc11e3f6dd8dc8fc89d7d1deb0431040,"""name"": ""ContentCoinHook"", ""is_verified"": true"
0xa1ebdd5ca6470bbd67114331387f2dda7bfad040,zora_onchain_registry,2,Zora (ZoraHookRegistry tag=CONTENT version=),https://base.blockscout.com/tx/0x7b5f063c0743b1721297abbe673e64fccf26fcd8e3f5d65f9087e391ff5e8ea4,"ZoraHookRegistered(hook=0xa1ebdd5ca6470bbd67114331387f2dda7bfad040, tag=CONTENT, version=) block 34512951 log 454"
0xa1ebdd5ca6470bbd67114331387f2dda7bfad040,uniswap_hooklist,3,Zora Post Hook v1 (Base),https://raw.githubusercontent.com/Uniswap/hooklist/65ef4121419193a5aad9a493d2f4d9710d2f7653/hooks/base/0xa1ebdd5ca6470bbd67114331387f2dda7bfad040.json,"{""name"": ""Zora Post Hook v1 (Base)"", ""description"": ""A Uniswap v4 hook for Zora coin pools that sets up multi-position liquidity on pool initialization and, after each swap, collects accrued LP fees, converts them to a backing currency, and distributes rewards to creators, referrers, and the protocol."", ""deployer"": """"}"
0xa1ebdd5ca6470bbd67114331387f2dda7bfad040,document,4,Uniswap routing-api allowlist (ZoraV4CoinHook),https://raw.githubusercontent.com/Uniswap/routing-api/main/lib/util/hooksAddressesAllowlist.ts,export const ZORA_POST_HOOK_ON_BASE_v1 = '0xa1ebdd5ca6470bbd67114331387f2dda7bfad040'
0xa1ebdd5ca6470bbd67114331387f2dda7bfad040,blockscout,5,ZoraV4CoinHook,https://base.blockscout.com/address/0xa1ebdd5ca6470bbd67114331387f2dda7bfad040,"""name"": ""ZoraV4CoinHook"", ""is_verified"": true"
0x892d3c2b4abeaaf67d52a7b29783e2161b7cad40,uniswap_hooklist,3,UniswapV4MulticurveInitializerHook,https://raw.githubusercontent.com/Uniswap/hooklist/65ef4121419193a5aad9a493d2f4d9710d2f7653/hooks/base/0x892d3c2b4abeaaf67d52a7b29783e2161b7cad40.json,"{""name"": ""UniswapV4MulticurveInitializerHook"", ""description"": ""Hook used by the Uniswap V4 Multicurve Initializer to restrict pool initialization and liquidity additions to the designated initializer contract. Emits events on liquidity modifications and swaps; afterSwap is observation-only with no delta modification."", ""deployer"": """"}"
0x892d3c2b4abeaaf67d52a7b29783e2161b7cad40,blockscout,5,UniswapV4MulticurveInitializerHook,https://base.blockscout.com/address/0x892d3c2b4abeaaf67d52a7b29783e2161b7cad40,"""name"": ""UniswapV4MulticurveInitializerHook"", ""is_verified"": true"
0x1258e5f3c71ca9dce95ce734ba5759532e46d040,zora_onchain_registry,2,Zora (ZoraHookRegistry tag=CreatorCoinHook version=2.2.1),https://base.blockscout.com/tx/0x0a135d96f8a7af7587a197a0b6e5c50fc021df93c2afb06f8a89be94f7499acd,"ZoraHookRegistered(hook=0x1258e5f3c71ca9dce95ce734ba5759532e46d040, tag=CreatorCoinHook, version=2.2.1) block 35754098 log 307"
0x1258e5f3c71ca9dce95ce734ba5759532e46d040,uniswap_hooklist,3,Zora Creator Hook v2.2.1 (Base),https://raw.githubusercontent.com/Uniswap/hooklist/65ef4121419193a5aad9a493d2f4d9710d2f7653/hooks/base/0x1258e5f3c71ca9dce95ce734ba5759532e46d040.json,"{""name"": ""Zora Creator Hook v2.2.1 (Base)"", ""description"": ""A Uniswap V4 hook for Zora's Creator Coin protocol that automatically collects LP fees after each swap, converts them to a backing currency via multi-hop paths, and distributes rewards to creators and trade referrers. On pool initialization, it sets up multiple liquidity positions based on the coin's Doppler multi-curve configuration."", ""deployer"": """"}"
0x1258e5f3c71ca9dce95ce734ba5759532e46d040,document,4,Uniswap routing-api allowlist (CreatorCoinHook),https://raw.githubusercontent.com/Uniswap/routing-api/main/lib/util/hooksAddressesAllowlist.ts,export const ZORA_CREATOR_HOOK_ON_BASE_v2_2_1 = '0x1258e5f3c71ca9dce95ce734ba5759532e46d040'
0x1258e5f3c71ca9dce95ce734ba5759532e46d040,blockscout,5,CreatorCoinHook,https://base.blockscout.com/address/0x1258e5f3c71ca9dce95ce734ba5759532e46d040,"""name"": ""CreatorCoinHook"", ""is_verified"": true"
0xf785bb58059fab6fb19bdda2cb9078d9e546efdc,document,1,Flaunch (PositionManager),https://raw.githubusercontent.com/flayerlabs/flaunch-gitbook/main/readme/for-aggregators.md,"<table><thead><tr><th width=""265.08203125"">Contract</th><th>Address</th></tr></thead><tbody><tr><td>Position Manager V1</td><td>0x51bba15255406cfe7099a42183302640ba7dafdc</td></tr><tr><td>Position Manager V2</td><td>0xf785bb58059fab6fb19bdda2cb9078d9e546efdc</td></tr><tr><td>Position Manager V3</td><td>0xb903b0ab7bcee8f5e4d8c9b10a71aac7135d6fdc</td></tr><tr><td>Position Manager V4</td><td>0x23321f11a6d44fd1ab790044fdfde5758c902fdc</td></tr><tr><td>Any Position Manager V1</td><td>0x8dc3b85e1dc1c846ebf3971179a751896842e5dc</td></tr></tbody></table>"
0xf785bb58059fab6fb19bdda2cb9078d9e546efdc,document,1,Flaunch (PositionManager),https://raw.githubusercontent.com/flayerlabs/flaunch-sdk/bef27f90b946a63fe3c215a409b487ad38b1c685/src/addresses.ts,"  [base.id]: ""0xf785bb58059fab6fb19bdda2cb9078d9e546efdc"","
0xf785bb58059fab6fb19bdda2cb9078d9e546efdc,uniswap_hooklist,3,Flaunch POSM v2 (Base),https://raw.githubusercontent.com/Uniswap/hooklist/65ef4121419193a5aad9a493d2f4d9710d2f7653/hooks/base/0xf785bb58059fab6fb19bdda2cb9078d9e546efdc.json,"{""name"": ""Flaunch POSM v2 (Base)"", ""description"": ""Flaunch's PositionManager hook manages the full lifecycle of fair-launch memecoins on Uniswap v4, including a fair launch window, internal swap pool for fee conversion, a bid wall for automated buy-side liquidity, and fee distribution to creators, protocol, and optional referrers via hookData."", ""deployer"": """"}"
0xf785bb58059fab6fb19bdda2cb9078d9e546efdc,document,4,KyberSwap dex-lib (PositionManager),https://raw.githubusercontent.com/KyberNetwork/kyberswap-dex-lib/0867b088e490608f731e4e37eaf49ea72e7846b3/pkg/liquidity-source/uniswap/v4/hooks/flaunch/constant.go,"	common.HexToAddress(""0xF785bb58059FAB6fb19bDdA2CB9078d9E546Efdc""),"
0xf785bb58059fab6fb19bdda2cb9078d9e546efdc,document,4,Uniswap routing-api allowlist (PositionManager),https://raw.githubusercontent.com/Uniswap/routing-api/main/lib/util/hooksAddressesAllowlist.ts,export const FLAUNCH_POSM_V2_ON_BASE = '0xf785bb58059fab6fb19bdda2cb9078d9e546efdc'
0xf785bb58059fab6fb19bdda2cb9078d9e546efdc,blockscout,5,PositionManager,https://base.blockscout.com/address/0xf785bb58059fab6fb19bdda2cb9078d9e546efdc,"""name"": ""PositionManager"", ""is_verified"": true"
0x985c14baa2a18316ffda0aefb3a632fadfca2acc,uniswap_hooklist,3,LaunchHook,https://raw.githubusercontent.com/Uniswap/hooklist/65ef4121419193a5aad9a493d2f4d9710d2f7653/hooks/base/0x985c14baa2a18316ffda0aefb3a632fadfca2acc.json,"{""name"": ""LaunchHook"", ""description"": ""Shared Uniswap v4 hook for B20 token launches that gates pool creation to a factory, permanently locks single-sided liquidity, and charges a time-decaying anti-snipe fee (split among creator, platform, and optional referrer) on every swap. Exact-output swaps are blocked while the anti-snipe surcharge is active."", ""deployer"": """"}"
0x985c14baa2a18316ffda0aefb3a632fadfca2acc,blockscout,5,LaunchHook,https://base.blockscout.com/address/0x985c14baa2a18316ffda0aefb3a632fadfca2acc,"""name"": ""LaunchHook"", ""is_verified"": true"
0x34a45c6b61876d739400bd71228cbcbd4f53e8cc,document,1,Clanker (ClankerHookDynamicFee),https://clanker.gitbook.io/documentation/references/deployed-contracts,0x34a45c6B61876d739400Bd71228CbcbD4F53E8cC
0x34a45c6b61876d739400bd71228cbcbd4f53e8cc,document,1,Clanker (ClankerHookDynamicFee),https://raw.githubusercontent.com/clanker-devco/DOCS/main/references/deployed-contracts.md,| ClankerHookDynamicFee        | 0x34a45c6B61876d739400Bd71228CbcbD4F53E8cC |
0x34a45c6b61876d739400bd71228cbcbd4f53e8cc,document,1,Clanker (ClankerHookDynamicFee),https://raw.githubusercontent.com/clanker-devco/clanker-sdk/main/src/utils/clankers.ts,"      feeDynamicHook: '0x34a45c6B61876d739400Bd71228CbcbD4F53E8cC',"
0x34a45c6b61876d739400bd71228cbcbd4f53e8cc,document,1,Clanker (ClankerHookDynamicFee),https://raw.githubusercontent.com/clanker-devco/v4-contracts/main/README.md,- ClankerHookDynamicFee: [0x34a45c6B61876d739400Bd71228CbcbD4F53E8cC](https://basescan.org/address/0x34a45c6B61876d739400Bd71228CbcbD4F53E8cC)
0x34a45c6b61876d739400bd71228cbcbd4f53e8cc,document,1,Clanker (ClankerHookDynamicFee),https://raw.githubusercontent.com/clanker-devco/v4-contracts/main/README.md,- ClankerHookDynamicFee: [0x34a45c6B61876d739400Bd71228CbcbD4F53E8cC](https://basescan.org/address/0x34a45c6B61876d739400Bd71228CbcbD4F53E8cC)
0x34a45c6b61876d739400bd71228cbcbd4f53e8cc,uniswap_hooklist,3,Clanker Dynamic Fee Hook (Base),https://raw.githubusercontent.com/Uniswap/hooklist/65ef4121419193a5aad9a493d2f4d9710d2f7653/hooks/base/0x34a45c6b61876d739400bd71228cbcbd4f53e8cc.json,"{""name"": ""Clanker Dynamic Fee Hook (Base)"", ""description"": ""A Clanker hook that dynamically adjusts LP fees based on tick volatility accumulation, updating pool fees on every swap via updateDynamicLPFee. It also applies a protocol fee by capturing a portion of swaps as EIP-6909 claims, and optionally forwards hookData to an external MEV module during a post-launch window."", ""deployer"": """"}"
0x34a45c6b61876d739400bd71228cbcbd4f53e8cc,document,4,KyberSwap dex-lib (ClankerHookDynamicFee),https://raw.githubusercontent.com/KyberNetwork/kyberswap-dex-lib/0867b088e490608f731e4e37eaf49ea72e7846b3/pkg/liquidity-source/uniswap/v4/hooks/clanker/constant.go,"		common.HexToAddress(""0x34a45c6B61876d739400Bd71228CbcbD4F53E8cC""), // base v4.0.0"
0x34a45c6b61876d739400bd71228cbcbd4f53e8cc,document,4,Uniswap routing-api allowlist (ClankerHookDynamicFee),https://raw.githubusercontent.com/Uniswap/routing-api/main/lib/util/hooksAddressesAllowlist.ts,export const CLANKER_DYNAMIC_FEE_HOOKS_ADDRESS_ON_BASE = '0x34a45c6b61876d739400bd71228cbcbd4f53e8cc'
0x34a45c6b61876d739400bd71228cbcbd4f53e8cc,blockscout,5,ClankerHookDynamicFee,https://base.blockscout.com/address/0x34a45c6b61876d739400bd71228cbcbd4f53e8cc,"""name"": ""ClankerHookDynamicFee"", ""is_verified"": true"
0x5e5d19d22c85a4aef7c1fdf25fb22a5a38f71040,zora_onchain_registry,2,Zora (ZoraHookRegistry tag=CREATOR version=1.1.1),https://base.blockscout.com/tx/0x7b5f063c0743b1721297abbe673e64fccf26fcd8e3f5d65f9087e391ff5e8ea4,"ZoraHookRegistered(hook=0x5e5d19d22c85a4aef7c1fdf25fb22a5a38f71040, tag=CREATOR, version=1.1.1) block 34512951 log 463"
0x5e5d19d22c85a4aef7c1fdf25fb22a5a38f71040,uniswap_hooklist,3,Zora Creator Hook v1.1.1.1 (Base),https://raw.githubusercontent.com/Uniswap/hooklist/65ef4121419193a5aad9a493d2f4d9710d2f7653/hooks/base/0x5e5d19d22c85a4aef7c1fdf25fb22a5a38f71040.json,"{""name"": ""Zora Creator Hook v1.1.1.1 (Base)"", ""description"": ""A Uniswap v4 hook for Zora creator coins that collects LP fees on every swap, converts them to a backing currency, and distributes them as rewards. Supports optional trade referrals via hookData and gated liquidity migration to new hook versions."", ""deployer"": """"}"
0x5e5d19d22c85a4aef7c1fdf25fb22a5a38f71040,document,4,Uniswap routing-api allowlist,https://raw.githubusercontent.com/Uniswap/routing-api/main/lib/util/hooksAddressesAllowlist.ts,export const ZORA_CREATOR_HOOK_ON_BASE_v1_1_1_1 = '0x5e5d19d22c85a4aef7c1fdf25fb22a5a38f71040'
0x3e342a06f9592459d75721d6956b570f02ef2dc0,uniswap_hooklist,3,UniswapV4ScheduledMulticurveInitializerHook,https://raw.githubusercontent.com/Uniswap/hooklist/65ef4121419193a5aad9a493d2f4d9710d2f7653/hooks/base/0x3e342a06f9592459d75721d6956b570f02ef2dc0.json,"{""name"": ""UniswapV4ScheduledMulticurveInitializerHook"", ""description"": ""A Uniswap v4 hook that restricts pool initialization and liquidity additions to a designated initializer contract, enforces a per-pool scheduled start time before which swaps revert with CannotSwapBeforeStartingTime, and emits events for liquidity modifications and swaps."", ""deployer"": """"}"
0x3e342a06f9592459d75721d6956b570f02ef2dc0,blockscout,5,UniswapV4ScheduledMulticurveInitializerHook,https://base.blockscout.com/address/0x3e342a06f9592459d75721d6956b570f02ef2dc0,"""name"": ""UniswapV4ScheduledMulticurveInitializerHook"", ""is_verified"": true"
0x3aa3f28ae7c829a98359f31f3ddc5dae0a57afdc,uniswap_hooklist,3,BoardHook,https://raw.githubusercontent.com/Uniswap/hooklist/65ef4121419193a5aad9a493d2f4d9710d2f7653/hooks/base/0x3aa3f28ae7c829a98359f31f3ddc5dae0a57afdc.json,"{""name"": ""BoardHook"", ""description"": ""A fair-launch token launchpad hook that manages a time-gated fair launch period (buy-only, optional Merkle whitelist), closes the fair launch position after expiry while burning unsold tokens, and captures and distributes swap fees among protocol, creator, referrer, and \""inspired\"" recipients on every swap."", ""deployer"": """"}"
0x3aa3f28ae7c829a98359f31f3ddc5dae0a57afdc,blockscout,5,BoardHook,https://base.blockscout.com/address/0x3aa3f28ae7c829a98359f31f3ddc5dae0a57afdc,"""name"": ""BoardHook"", ""is_verified"": true"
0xb476c448da4453208df4e371fee26f4e630d3044,uniswap_hooklist,3,SPAWN (Base),https://raw.githubusercontent.com/Uniswap/hooklist/65ef4121419193a5aad9a493d2f4d9710d2f7653/hooks/base/0xb476c448da4453208df4e371fee26f4e630d3044.json,"{""name"": ""SPAWN (Base)"", ""description"": ""SpawnerHook is a Uniswap V4 hook for the SPAWN token ecosystem that takes a configurable fee on each swap and distributes it among token creators, parent token chains, and the protocol. After each swap, it also triggers automatic creation of a new \""spawn\"" token via the Spawner contract."", ""deployer"": """"}"
0xb476c448da4453208df4e371fee26f4e630d3044,blockscout,5,SpawnerHook,https://base.blockscout.com/address/0xb476c448da4453208df4e371fee26f4e630d3044,"""name"": ""SpawnerHook"", ""is_verified"": true"
0x9b47e436e216b2cb54d6f24154f86d946098d040,uniswap_hooklist,3,ContentCoinHook,https://raw.githubusercontent.com/Uniswap/hooklist/65ef4121419193a5aad9a493d2f4d9710d2f7653/hooks/base/0x9b47e436e216b2cb54d6f24154f86d946098d040.json,"{""name"": ""ContentCoinHook"", ""description"": ""Uniswap v4 hook for Zora content coins that, on every swap, collects accrued LP fees from all positions, converts them to a backing currency via multi-hop swap paths, and distributes the proceeds as market rewards. On pool initialization, it creates multiple Doppler-curve liquidity positions."", ""deployer"": """"}"
0x9b47e436e216b2cb54d6f24154f86d946098d040,blockscout,5,ContentCoinHook,https://base.blockscout.com/address/0x9b47e436e216b2cb54d6f24154f86d946098d040,"""name"": ""ContentCoinHook"", ""is_verified"": true"
0x9811f10cd549c754fa9e5785989c422a762c28cc,uniswap_hooklist,3,LiquidHookStaticFeeV2,https://raw.githubusercontent.com/Uniswap/hooklist/65ef4121419193a5aad9a493d2f4d9710d2f7653/hooks/base/0x9811f10cd549c754fa9e5785989c422a762c28cc.json,"{""name"": ""LiquidHookStaticFeeV2"", ""description"": ""A Liquid Protocol hook that enforces a static LP fee per pool (configured at initialization with separate rates for buying and selling the liquid token) and collects a 20% protocol fee on swaps. Includes optional MEV protection that can temporarily raise fees for up to 2 minutes after pool creation."", ""deployer"": """"}"
0x9811f10cd549c754fa9e5785989c422a762c28cc,document,4,KyberSwap dex-lib (LiquidHookStaticFeeV2),https://raw.githubusercontent.com/KyberNetwork/kyberswap-dex-lib/0867b088e490608f731e4e37eaf49ea72e7846b3/pkg/liquidity-source/uniswap/v4/hooks/clanker/constant.go,"		common.HexToAddress(""0x9811f10Cd549c754Fa9E5785989c422A762c28cc""), // base v2 v4.1.0 TODO mevModule"
0x9811f10cd549c754fa9e5785989c422a762c28cc,blockscout,5,LiquidHookStaticFeeV2,https://base.blockscout.com/address/0x9811f10cd549c754fa9e5785989c422a762c28cc,"""name"": ""LiquidHookStaticFeeV2"", ""is_verified"": true"
0xd3d133469adc85e01a4887404d8ac12d630e9040,uniswap_hooklist,3,ContentCoinHook,https://raw.githubusercontent.com/Uniswap/hooklist/65ef4121419193a5aad9a493d2f4d9710d2f7653/hooks/base/0xd3d133469adc85e01a4887404d8ac12d630e9040.json,"{""name"": ""ContentCoinHook"", ""description"": ""A Zora v4 coin hook that, on every swap, collects accrued LP fees from all managed positions, converts them to a backing currency via multi-hop Uniswap v4 swaps, and distributes the proceeds as rewards to creators, trade referrers, and the protocol. On pool initialization it mints multiple Doppler-curve liquidity positions."", ""deployer"": """"}"
0xd3d133469adc85e01a4887404d8ac12d630e9040,blockscout,5,ContentCoinHook,https://base.blockscout.com/address/0xd3d133469adc85e01a4887404d8ac12d630e9040,"""name"": ""ContentCoinHook"", ""is_verified"": true"
0x1f91c998e7c2f4b690d75bdbf6502bdcd6e02acc,uniswap_hooklist,3,LaunchHook,https://raw.githubusercontent.com/Uniswap/hooklist/65ef4121419193a5aad9a493d2f4d9710d2f7653/hooks/base/0x1f91c998e7c2f4b690d75bdbf6502bdcd6e02acc.json,"{""name"": ""LaunchHook"", ""description"": ""A shared Uniswap v4 launchpad hook that gates pool creation and liquidity management to a factory, permanently locks single-sided token liquidity, and charges configurable fees on swaps\u2014split among creator, platform, referrer, and fixed recipients\u2014with a linearly-decaying anti-snipe surcharge in a configurable window after launch."", ""deployer"": """"}"
0x1f91c998e7c2f4b690d75bdbf6502bdcd6e02acc,blockscout,5,LaunchHook,https://base.blockscout.com/address/0x1f91c998e7c2f4b690d75bdbf6502bdcd6e02acc,"""name"": ""LaunchHook"", ""is_verified"": true"
0x8218fa8d7922e22aed3556a09d5a715f16ad5040,zora_onchain_registry,2,Zora (ZoraHookRegistry tag=CreatorCoinHook version=2.2.0),https://base.blockscout.com/tx/0x0a135d96f8a7af7587a197a0b6e5c50fc021df93c2afb06f8a89be94f7499acd,"ZoraHookRegistered(hook=0x8218fa8d7922e22aed3556a09d5a715f16ad5040, tag=CreatorCoinHook, version=2.2.0) block 35754098 log 305"
0x8218fa8d7922e22aed3556a09d5a715f16ad5040,uniswap_hooklist,3,Zora Creator Hook v2.2 (Base),https://raw.githubusercontent.com/Uniswap/hooklist/65ef4121419193a5aad9a493d2f4d9710d2f7653/hooks/base/0x8218fa8d7922e22aed3556a09d5a715f16ad5040.json,"{""name"": ""Zora Creator Hook v2.2 (Base)"", ""description"": ""A Uniswap v4 hook for Zora Creator Coins that creates multiple Doppler-curve liquidity positions upon pool initialization, and on every swap automatically collects accrued LP fees, converts them to a backing currency, and distributes the proceeds as creator rewards."", ""deployer"": """"}"
0x8218fa8d7922e22aed3556a09d5a715f16ad5040,document,4,Uniswap routing-api allowlist (CreatorCoinHook),https://raw.githubusercontent.com/Uniswap/routing-api/main/lib/util/hooksAddressesAllowlist.ts,export const ZORA_CREATOR_HOOK_ON_BASE_v2_2 = '0x8218fa8d7922e22aed3556a09d5a715f16ad5040'
0x8218fa8d7922e22aed3556a09d5a715f16ad5040,blockscout,5,CreatorCoinHook,https://base.blockscout.com/address/0x8218fa8d7922e22aed3556a09d5a715f16ad5040,"""name"": ""CreatorCoinHook"", ""is_verified"": true"
0xa068cf4c52abdd3479145c4b3cbd8e3d71542a44,uniswap_hooklist,3,LaunchHook,https://raw.githubusercontent.com/Uniswap/hooklist/65ef4121419193a5aad9a493d2f4d9710d2f7653/hooks/base/0xa068cf4c52abdd3479145c4b3cbd8e3d71542a44.json,"{""name"": ""LaunchHook"", ""description"": ""Shared hook for token launchpads that gates pool initialization and liquidity changes to a factory, permanently locks single-sided token liquidity, and collects a configurable fee (creator/platform/referrer split with a block-decaying anti-snipe surcharge) on every swap via afterSwapReturnsDelta."", ""deployer"": """"}"
0xa068cf4c52abdd3479145c4b3cbd8e3d71542a44,blockscout,5,LaunchHook,https://base.blockscout.com/address/0xa068cf4c52abdd3479145c4b3cbd8e3d71542a44,"""name"": ""LaunchHook"", ""is_verified"": true"
0x51bba15255406cfe7099a42183302640ba7dafdc,document,1,Flaunch (PositionManager),https://raw.githubusercontent.com/flayerlabs/flaunch-gitbook/main/readme/for-aggregators.md,"<table><thead><tr><th width=""265.08203125"">Contract</th><th>Address</th></tr></thead><tbody><tr><td>Position Manager V1</td><td>0x51bba15255406cfe7099a42183302640ba7dafdc</td></tr><tr><td>Position Manager V2</td><td>0xf785bb58059fab6fb19bdda2cb9078d9e546efdc</td></tr><tr><td>Position Manager V3</td><td>0xb903b0ab7bcee8f5e4d8c9b10a71aac7135d6fdc</td></tr><tr><td>Position Manager V4</td><td>0x23321f11a6d44fd1ab790044fdfde5758c902fdc</td></tr><tr><td>Any Position Manag"
0x51bba15255406cfe7099a42183302640ba7dafdc,document,1,Flaunch (PositionManager),https://raw.githubusercontent.com/flayerlabs/flaunch-sdk/bef27f90b946a63fe3c215a409b487ad38b1c685/src/addresses.ts,"  [base.id]: ""0x51Bba15255406Cfe7099a42183302640ba7dAFDC"","
0x51bba15255406cfe7099a42183302640ba7dafdc,uniswap_hooklist,3,Flaunch POSM v1,https://raw.githubusercontent.com/Uniswap/hooklist/65ef4121419193a5aad9a493d2f4d9710d2f7653/hooks/base/0x51bba15255406cfe7099a42183302640ba7dafdc.json,"{""name"": ""Flaunch POSM v1"", ""description"": ""The Flaunch PositionManager is a Uniswap v4 hook that manages the full lifecycle of memecoin creation and trading, including a fair launch window, an internal swap pool for fee reinvestment, and fee distribution to token creators and referrers."", ""deployer"": """"}"
0x51bba15255406cfe7099a42183302640ba7dafdc,document,4,KyberSwap dex-lib (PositionManager),https://raw.githubusercontent.com/KyberNetwork/kyberswap-dex-lib/0867b088e490608f731e4e37eaf49ea72e7846b3/pkg/liquidity-source/uniswap/v4/hooks/flaunch/constant.go,"	common.HexToAddress(""0x51Bba15255406Cfe7099a42183302640ba7dAFDC""),"
0x51bba15255406cfe7099a42183302640ba7dafdc,document,4,Uniswap routing-api allowlist (PositionManager),https://raw.githubusercontent.com/Uniswap/routing-api/main/lib/util/hooksAddressesAllowlist.ts,export const FLAUNCH_POSM_V1_ON_BASE = '0x51bba15255406cfe7099a42183302640ba7dafdc'
0x51bba15255406cfe7099a42183302640ba7dafdc,blockscout,5,PositionManager,https://base.blockscout.com/address/0x51bba15255406cfe7099a42183302640ba7dafdc,"""name"": ""PositionManager"", ""is_verified"": true"
0x9278f6e55ce58519c79dc1ab0ad3b29ea7821040,uniswap_hooklist,3,CreatorCoinHook,https://raw.githubusercontent.com/Uniswap/hooklist/65ef4121419193a5aad9a493d2f4d9710d2f7653/hooks/base/0x9278f6e55ce58519c79dc1ab0ad3b29ea7821040.json,"{""name"": ""CreatorCoinHook"", ""description"": ""A Zora creator coin hook that on every swap collects LP fees from all positions, converts them to a backing currency via multi-hop swap paths, and distributes rewards to the creator and market participants. On pool initialization, it mints multiple Doppler-curve liquidity positions for the coin."", ""deployer"": """"}"
0x9278f6e55ce58519c79dc1ab0ad3b29ea7821040,blockscout,5,CreatorCoinHook,https://base.blockscout.com/address/0x9278f6e55ce58519c79dc1ab0ad3b29ea7821040,"""name"": ""CreatorCoinHook"", ""is_verified"": true"
0x84bbab8cac69bf6711ba81f9915dc346f4cf2088,uniswap_hooklist,3,RwagmiHookV2,https://raw.githubusercontent.com/Uniswap/hooklist/65ef4121419193a5aad9a493d2f4d9710d2f7653/hooks/base/0x84bbab8cac69bf6711ba81f9915dc346f4cf2088.json,"{""name"": ""RwagmiHookV2"", ""description"": ""RWAGMI Hook V2 is a Uniswap v4 launch hook for Base B20 Asset/WETH pools. It gates pool initialization so pools are created only through the RWAGMI launcher, supports optional dynamic LP fee overrides, and runs a mandatory launch-auction module during the first swaps to redirect early launch MEV into the pool's locker/reward split. After the auction window ends, swaps continue normally through the v4 pool."", ""deployer"": ""0xb206ee1b465c46B75D3381f96de1598AC8E2DB20""}"
0x84bbab8cac69bf6711ba81f9915dc346f4cf2088,blockscout,5,RwagmiHookV2,https://base.blockscout.com/address/0x84bbab8cac69bf6711ba81f9915dc346f4cf2088,"""name"": ""RwagmiHookV2"", ""is_verified"": true"
0xfff800b76768da8ab6aab527021e4a6a91219040,uniswap_hooklist,3,CreatorCoinHook,https://raw.githubusercontent.com/Uniswap/hooklist/65ef4121419193a5aad9a493d2f4d9710d2f7653/hooks/base/0xfff800b76768da8ab6aab527021e4a6a91219040.json,"{""name"": ""CreatorCoinHook"", ""description"": ""A Uniswap v4 hook for Zora creator coins that collects LP fees after each swap, converts them to a backing currency via multi-hop swaps, and distributes rewards to creators and trade referrers. On pool initialization, it creates multiple Doppler-curve liquidity positions for the coin's pool."", ""deployer"": """"}"
0xfff800b76768da8ab6aab527021e4a6a91219040,blockscout,5,CreatorCoinHook,https://base.blockscout.com/address/0xfff800b76768da8ab6aab527021e4a6a91219040,"""name"": ""CreatorCoinHook"", ""is_verified"": true"
0x7c672f3850afadcb8f83478e0a2a90d109fa6044,uniswap_hooklist,3,AdvancedFeeHookV6,https://raw.githubusercontent.com/Uniswap/hooklist/65ef4121419193a5aad9a493d2f4d9710d2f7653/hooks/base/0x7c672f3850afadcb8f83478e0a2a90d109fa6044.json,"{""name"": ""AdvancedFeeHookV6"", ""description"": ""Token launch hook for the BaseStonk launchpad on Base that collects configurable buy/sell taxes (up to 10%) in afterSwap, distributing fees between a platform treasury, creator payees, an optional burn address, and optional single-sided liquidity positions. Includes a time-limited sniper-protection window with elevated buy fees decaying linearly to the base rate."", ""deployer"": """"}"
0x7c672f3850afadcb8f83478e0a2a90d109fa6044,blockscout,5,AdvancedFeeHookV6,https://base.blockscout.com/address/0x7c672f3850afadcb8f83478e0a2a90d109fa6044,"""name"": ""AdvancedFeeHookV6"", ""is_verified"": true"
0xacf358b129423f0107b0bf892b3eff6c770128cc,uniswap_hooklist,3,ZNS Launchpad,https://raw.githubusercontent.com/Uniswap/hooklist/65ef4121419193a5aad9a493d2f4d9710d2f7653/hooks/base/0xacf358b129423f0107b0bf892b3eff6c770128cc.json,"{""name"": ""ZNS Launchpad"", ""description"": ""A token launchpad hook that sets directional LP fees (separate rates for buying vs. selling the launched token) via updateDynamicLPFee. Includes an optional MEV protection module active for up to 2 minutes after pool creation that can temporarily raise fees, and blocks liquidity additions during the MEV window."", ""deployer"": """"}"
0xacf358b129423f0107b0bf892b3eff6c770128cc,blockscout,5,ZnsHookStaticFee,https://base.blockscout.com/address/0xacf358b129423f0107b0bf892b3eff6c770128cc,"""name"": ""ZnsHookStaticFee"", ""is_verified"": true"
0x588c683ecc450f8b2aadb13d7f63792b840425dc,document,1,Flaunch (PositionManager),https://raw.githubusercontent.com/flayerlabs/flaunch-sdk/bef27f90b946a63fe3c215a409b487ad38b1c685/src/addresses.ts,"  [base.id]: ""0x588c683ecc450f8b2aadb13d7f63792b840425dc"","
0x588c683ecc450f8b2aadb13d7f63792b840425dc,document,1,Flaunch (PositionManager),https://raw.githubusercontent.com/flayerlabs/flaunch-sdk/bef27f90b946a63fe3c215a409b487ad38b1c685/src/addresses.ts,"    ""0x588c683ecc450f8b2aadb13d7f63792b840425dc"", // v1.3.1 PositionManager (CREATE3, shared with Base)"
0x588c683ecc450f8b2aadb13d7f63792b840425dc,document,1,Flaunch (PositionManager),https://raw.githubusercontent.com/flayerlabs/flaunch-sdk/bef27f90b946a63fe3c215a409b487ad38b1c685/src/addresses.ts,"  [base.id]: ""0x588c683ecc450f8b2aadb13d7f63792b840425dc"","
0x588c683ecc450f8b2aadb13d7f63792b840425dc,document,1,Flaunch (PositionManager),https://raw.githubusercontent.com/flayerlabs/flaunch-sdk/bef27f90b946a63fe3c215a409b487ad38b1c685/src/addresses.ts,"    ""0x588c683ecc450f8b2aadb13d7f63792b840425dc"": ""0x1B8065a099AdcD7aa7c5e241e3596B56ec98bA5a"", // v1.3.1 PM, gate 0xBdbF…"
0x588c683ecc450f8b2aadb13d7f63792b840425dc,document,1,Flaunch (PositionManager),https://raw.githubusercontent.com/flayerlabs/flaunch-sdk/bef27f90b946a63fe3c215a409b487ad38b1c685/src/addresses.ts,"    ""0x588c683ecc450f8b2aadb13d7f63792b840425dc"": ""0xD33dD3B3Aea607F2cC38cdd154eF5d48847Aa764"", // v1.3.1 PM, gate 0xB246…"
0x588c683ecc450f8b2aadb13d7f63792b840425dc,document,1,Flaunch (PositionManager),https://raw.githubusercontent.com/flayerlabs/flaunchgg-contracts/main/README.md,| PositionManager (hook) | `0xb741a710E456FC6d7f76c88F5C56B27D05e8A5DC` | `0xCAb62e007AB6656877Ab556cEa330De27AE025DC` | `0x588C683EcC450F8b2aAdb13D7f63792b840425DC` | `0x8D346f24278C5CD786309161aAC0fC2bbe4c25dc` | `0x8D346f24278C5CD786309161aAC0fC2bbe4c25dc` |
0x588c683ecc450f8b2aadb13d7f63792b840425dc,uniswap_hooklist,3,Flaunch PositionManager,https://raw.githubusercontent.com/Uniswap/hooklist/65ef4121419193a5aad9a493d2f4d9710d2f7653/hooks/base/0x588c683ecc450f8b2aadb13d7f63792b840425dc.json,"{""name"": ""Flaunch PositionManager"", ""description"": ""Flaunch's core hook managing memecoin token launches (\""flaunches\"") with single-sided liquidity seeding, an internal swap pool for fee-token conversion, multi-recipient fee distribution (creator, protocol, BidWall), temporal gating for scheduled launches, and per-swap TWAP oracle recording."", ""deployer"": """"}"
0x588c683ecc450f8b2aadb13d7f63792b840425dc,document,4,KyberSwap dex-lib (PositionManager),https://raw.githubusercontent.com/KyberNetwork/kyberswap-dex-lib/0867b088e490608f731e4e37eaf49ea72e7846b3/pkg/liquidity-source/uniswap/v4/hooks/flaunch/constant.go,"	common.HexToAddress(""0x588C683EcC450F8b2aAdb13D7f63792b840425DC""),"
0x588c683ecc450f8b2aadb13d7f63792b840425dc,blockscout,5,PositionManager,https://base.blockscout.com/address/0x588c683ecc450f8b2aadb13d7f63792b840425dc,"""name"": ""PositionManager"", ""is_verified"": true"
0x3b2b979df21036cee51b8debb13100e2cb8deacc,uniswap_hooklist,3,LaunchHook,https://raw.githubusercontent.com/Uniswap/hooklist/65ef4121419193a5aad9a493d2f4d9710d2f7653/hooks/base/0x3b2b979df21036cee51b8debb13100e2cb8deacc.json,"{""name"": ""LaunchHook"", ""description"": ""A shared Uniswap v4 hook for token launchpad pools that locks liquidity to a single-sided position, charges a time-decaying anti-snipe fee on the quote currency around launch, and distributes fees among creator, platform, and optional referrer via a FeeEscrow contract."", ""deployer"": """"}"
0x3b2b979df21036cee51b8debb13100e2cb8deacc,blockscout,5,LaunchHook,https://base.blockscout.com/address/0x3b2b979df21036cee51b8debb13100e2cb8deacc,"""name"": ""LaunchHook"", ""is_verified"": true"
0x80e2f7dc8c2c880bbc4bdf80a5fb0eb8b1db68cc,uniswap_hooklist,3,LiquidHookDynamicFeeV2,https://raw.githubusercontent.com/Uniswap/hooklist/65ef4121419193a5aad9a493d2f4d9710d2f7653/hooks/base/0x80e2f7dc8c2c880bbc4bdf80a5fb0eb8b1db68cc.json,"{""name"": ""LiquidHookDynamicFeeV2"", ""description"": ""Liquid Protocol's dynamic fee hook that adjusts LP fees based on realized volatility (tick movement across swaps) and collects a 20% protocol fee on paired token swaps. It includes a time-limited MEV protection module that can temporarily increase fees and an optional pool extension system for post-swap callbacks."", ""deployer"": """"}"
0x80e2f7dc8c2c880bbc4bdf80a5fb0eb8b1db68cc,document,4,KyberSwap dex-lib (LiquidHookDynamicFeeV2),https://raw.githubusercontent.com/KyberNetwork/kyberswap-dex-lib/0867b088e490608f731e4e37eaf49ea72e7846b3/pkg/liquidity-source/uniswap/v4/hooks/clanker/constant.go,"		common.HexToAddress(""0x80E2F7dC8C2C880BbC4BDF80A5Fb0eB8B1DB68CC""), // base v2 v4.1.0"
0x80e2f7dc8c2c880bbc4bdf80a5fb0eb8b1db68cc,blockscout,5,LiquidHookDynamicFeeV2,https://base.blockscout.com/address/0x80e2f7dc8c2c880bbc4bdf80a5fb0eb8b1db68cc,"""name"": ""LiquidHookDynamicFeeV2"", ""is_verified"": true"
0x8dc3b85e1dc1c846ebf3971179a751896842e5dc,document,1,Flaunch (AnyPositionManager),https://raw.githubusercontent.com/flayerlabs/flaunch-gitbook/main/readme/for-aggregators.md,<td>Position Manager V2</td><td>0xf785bb58059fab6fb19bdda2cb9078d9e546efdc</td></tr><tr><td>Position Manager V3</td><td>0xb903b0ab7bcee8f5e4d8c9b10a71aac7135d6fdc</td></tr><tr><td>Position Manager V4</td><td>0x23321f11a6d44fd1ab790044fdfde5758c902fdc</td></tr><tr><td>Any Position Manager V1</td><td>0x8dc3b85e1dc1c846ebf3971179a751896842e5dc</td></tr></tbody></table>
0x8dc3b85e1dc1c846ebf3971179a751896842e5dc,document,1,Flaunch (AnyPositionManager),https://raw.githubusercontent.com/flayerlabs/flaunch-sdk/bef27f90b946a63fe3c215a409b487ad38b1c685/src/addresses.ts,"  [base.id]: ""0x8DC3b85e1dc1C846ebf3971179a751896842e5dC"","
0x8dc3b85e1dc1c846ebf3971179a751896842e5dc,uniswap_hooklist,3,Flaunch AnyPOSM v1 (Base),https://raw.githubusercontent.com/Uniswap/hooklist/65ef4121419193a5aad9a493d2f4d9710d2f7653/hooks/base/0x8dc3b85e1dc1c846ebf3971179a751896842e5dc.json,"{""name"": ""Flaunch AnyPOSM v1 (Base)"", ""description"": ""The Flaunch AnyPositionManager hook enables any ERC20 token to use a BidWall and community fee distribution on Uniswap v4. It supports an internal swap pool, fair launch mechanics, referrer fee sharing via hookData, and emits comprehensive pool event tracking."", ""deployer"": """"}"
0x8dc3b85e1dc1c846ebf3971179a751896842e5dc,document,4,KyberSwap dex-lib (AnyPositionManager),https://raw.githubusercontent.com/KyberNetwork/kyberswap-dex-lib/0867b088e490608f731e4e37eaf49ea72e7846b3/pkg/liquidity-source/uniswap/v4/hooks/flaunch/constant.go,"	common.HexToAddress(""0x8DC3b85e1dc1C846ebf3971179a751896842e5dC""),"
0x8dc3b85e1dc1c846ebf3971179a751896842e5dc,document,4,Uniswap routing-api allowlist (AnyPositionManager),https://raw.githubusercontent.com/Uniswap/routing-api/main/lib/util/hooksAddressesAllowlist.ts,export const FLAUNCH_ANYPOSM_V1_ON_BASE = '0x8dc3b85e1dc1c846ebf3971179a751896842e5dc'
0x8dc3b85e1dc1c846ebf3971179a751896842e5dc,blockscout,5,AnyPositionManager,https://base.blockscout.com/address/0x8dc3b85e1dc1c846ebf3971179a751896842e5dc,"""name"": ""AnyPositionManager"", ""is_verified"": true"
0xa52ee9411402a4c44cc87948343c6ce50258a8cc,uniswap_hooklist,3,CornersHookStaticFee,https://raw.githubusercontent.com/Uniswap/hooklist/65ef4121419193a5aad9a493d2f4d9710d2f7653/hooks/base/0xa52ee9411402a4c44cc87948343c6ce50258a8cc.json,"{""name"": ""CornersHookStaticFee"", ""description"": ""A Uniswap v4 hook for Corners token pools that sets configurable static LP fees per swap direction (corners vs. paired token), collects a 20% protocol fee on the non-corners token side of each swap using BeforeSwapDelta/AfterSwapDelta, and optionally runs an MEV protection module for the first 2 minutes after pool creation."", ""deployer"": """"}"
0xa52ee9411402a4c44cc87948343c6ce50258a8cc,blockscout,5,CornersHookStaticFee,https://base.blockscout.com/address/0xa52ee9411402a4c44cc87948343c6ce50258a8cc,"""name"": ""CornersHookStaticFee"", ""is_verified"": true"
0x4ab61d774b170d0610fdcc5559aae2c356c600c8,uniswap_hooklist,3,Pubhouse Hook,https://raw.githubusercontent.com/Uniswap/hooklist/65ef4121419193a5aad9a493d2f4d9710d2f7653/hooks/base/0x4ab61d774b170d0610fdcc5559aae2c356c600c8.json,"{""name"": ""Pubhouse Hook"", ""description"": ""A token launchpad hook that performs internal swaps using accumulated token fees to fill buy orders, distributes LP fees between token creators and the protocol team, and automatically buybacks and burns the protocol token when accumulated ETH exceeds a threshold."", ""deployer"": """"}"
0x4ab61d774b170d0610fdcc5559aae2c356c600c8,document,4,Uniswap routing-api allowlist (PubhouseHook),https://raw.githubusercontent.com/Uniswap/routing-api/main/lib/util/hooksAddressesAllowlist.ts,export const PUBHOUSE_HOOK_ON_BASE = '0x4ab61d774b170d0610fdcc5559aae2c356c600c8'
0x4ab61d774b170d0610fdcc5559aae2c356c600c8,blockscout,5,PubhouseHook,https://base.blockscout.com/address/0x4ab61d774b170d0610fdcc5559aae2c356c600c8,"""name"": ""PubhouseHook"", ""is_verified"": true"
0x5b409184204b86f708d3aebb3cad3f02835f68cc,uniswap_hooklist,3,Fey Hook (Base),https://raw.githubusercontent.com/Uniswap/hooklist/65ef4121419193a5aad9a493d2f4d9710d2f7653/hooks/base/0x5b409184204b86f708d3aebb3cad3f02835f68cc.json,"{""name"": ""Fey Hook (Base)"", ""description"": ""A Uniswap v4 hook for Fey Protocol that manages paired-token pools with per-direction static LP fees and a 20% protocol fee. It includes MEV protection active for 2 minutes post-launch, optional pool extensions, and LP locker integration for automatic fee collection."", ""deployer"": """"}"
0x5b409184204b86f708d3aebb3cad3f02835f68cc,document,4,Uniswap routing-api allowlist (FeyHookStaticFeeV2),https://raw.githubusercontent.com/Uniswap/routing-api/main/lib/util/hooksAddressesAllowlist.ts,export const FEY_ON_BASE = '0x5b409184204b86f708d3aebb3cad3f02835f68cc'
0x5b409184204b86f708d3aebb3cad3f02835f68cc,blockscout,5,FeyHookStaticFeeV2,https://base.blockscout.com/address/0x5b409184204b86f708d3aebb3cad3f02835f68cc,"""name"": ""FeyHookStaticFeeV2"", ""is_verified"": true"
0x3e83479b2276ecfb7c7181f67b5d092d3511e0c4,uniswap_hooklist,3,TruthMarketHook,https://raw.githubusercontent.com/Uniswap/hooklist/65ef4121419193a5aad9a493d2f4d9710d2f7653/hooks/base/0x3e83479b2276ecfb7c7181f67b5d092d3511e0c4.json,"{""name"": ""TruthMarketHook"", ""description"": ""A prediction market hook that records pre-swap tick, then in afterSwap calls an external OrderManager to settle limit orders triggered by tick movement. Optionally collects a configurable fee on the unspecified token amount via afterSwapReturnsDelta, and supports per-pool pausing by an operator role."", ""deployer"": """"}"
0x3e83479b2276ecfb7c7181f67b5d092d3511e0c4,blockscout,5,TruthMarketHook,https://base.blockscout.com/address/0x3e83479b2276ecfb7c7181f67b5d092d3511e0c4,"""name"": ""TruthMarketHook"", ""is_verified"": true"
0xaa096f558f3d4c9226de77e7cc05f18e180b2544,uniswap_hooklist,3,DopplerHookInitializer,https://raw.githubusercontent.com/Uniswap/hooklist/65ef4121419193a5aad9a493d2f4d9710d2f7653/hooks/base/0xaa096f558f3d4c9226de77e7cc05f18e180b2544.json,"{""name"": ""DopplerHookInitializer"", ""description"": ""Uniswap v4 pool initializer for the Doppler protocol that distributes liquidity across multiple bonding curve positions and supports optional Doppler Hook callbacks for dynamic LP fee adjustment and pool graduation lifecycle management."", ""deployer"": """"}"
0xaa096f558f3d4c9226de77e7cc05f18e180b2544,blockscout,5,DopplerHookInitializer,https://base.blockscout.com/address/0xaa096f558f3d4c9226de77e7cc05f18e180b2544,"""name"": ""DopplerHookInitializer"", ""is_verified"": true"
0x130b18baa7f6f0d7b3730acc605aabe56df028cc,uniswap_hooklist,3,BerylPadHookStaticFeeV2,https://raw.githubusercontent.com/Uniswap/hooklist/65ef4121419193a5aad9a493d2f4d9710d2f7653/hooks/base/0x130b18baa7f6f0d7b3730acc605aabe56df028cc.json,"{""name"": ""BerylPadHookStaticFeeV2"", ""description"": ""A BerylPad launchpad hook that enforces asymmetric static LP fees (separate buy and sell rates for the launched token) and collects a 20% protocol fee on every swap via BeforeSwapDelta and AfterSwapDelta adjustments. Includes a time-limited MEV protection module active immediately after pool launch and optional configurable pool extensions."", ""deployer"": """"}"
0x130b18baa7f6f0d7b3730acc605aabe56df028cc,blockscout,5,BerylPadHookStaticFeeV2,https://base.blockscout.com/address/0x130b18baa7f6f0d7b3730acc605aabe56df028cc,"""name"": ""BerylPadHookStaticFeeV2"", ""is_verified"": true"
0x4cd3be8768aea2a0297c22c17a7a3cae65adc0cc,uniswap_hooklist,3,Politiswap,https://raw.githubusercontent.com/Uniswap/hooklist/65ef4121419193a5aad9a493d2f4d9710d2f7653/hooks/base/0x4cd3be8768aea2a0297c22c17a7a3cae65adc0cc.json,"{""name"": ""Politiswap"", ""description"": ""A hook that manages political token ETH/ERC20 pools, taking a 2% fee on each swap and redirecting it to a fee collector. It tracks daily net ETH inflows per pool, determines which pool had the highest inflow each day, and allows holders of that day's winning token to claim governance token rewards."", ""deployer"": """"}"
0x4cd3be8768aea2a0297c22c17a7a3cae65adc0cc,blockscout,5,Politiswap,https://base.blockscout.com/address/0x4cd3be8768aea2a0297c22c17a7a3cae65adc0cc,"""name"": ""Politiswap"", ""is_verified"": true"
0x0ae73dfa41f1acacf32ad050924384b295e968cc,uniswap_hooklist,3,ClankerHookStaticFeeV2,https://raw.githubusercontent.com/Uniswap/hooklist/65ef4121419193a5aad9a493d2f4d9710d2f7653/hooks/base/0x0ae73dfa41f1acacf32ad050924384b295e968cc.json,"{""name"": ""ClankerHookStaticFeeV2"", ""description"": ""A Uniswap v4 hook for Clanker token pools that applies directional static LP fees (configurable per-pool for buying vs. selling the Clanker token), collects protocol fees by modifying swap deltas via beforeSwapReturnsDelta and afterSwapReturnsDelta, and supports optional MEV modules (temporary high-fee anti-sniping) and pool extensions during the swap lifecycle."", ""deployer"": """"}"
0x0ae73dfa41f1acacf32ad050924384b295e968cc,blockscout,5,ClankerHookStaticFeeV2,https://base.blockscout.com/address/0x0ae73dfa41f1acacf32ad050924384b295e968cc,"""name"": ""ClankerHookStaticFeeV2"", ""is_verified"": true"
0x9c7155d7216454d9d894f792c8b5c564f2c66acc,blockscout,5,TaxLaunchHook,https://base.blockscout.com/address/0x9c7155d7216454d9d894f792c8b5c564f2c66acc,"""name"": ""TaxLaunchHook"", ""is_verified"": true"
0x97edfabcc578743e3b1e77a03c7772eea28c40c8,uniswap_hooklist,3,ThryxAntiSniperHookV5,https://raw.githubusercontent.com/Uniswap/hooklist/65ef4121419193a5aad9a493d2f4d9710d2f7653/hooks/base/0x97edfabcc578743e3b1e77a03c7772eea28c40c8.json,"{""name"": ""ThryxAntiSniperHookV5"", ""description"": ""An anti-sniper hook for token launches that applies a time-decaying fee (up to 80% at t=0, decaying over a configurable window to a permanent 1% base) on exact-input swaps, with fees split between pool creators and the protocol. Supports per-pool parameter overrides, a block-multiplier surcharge for rapid sequential swaps, and an optional agent credential bypass via signed hookData."", ""deployer"": """"}"
0x97edfabcc578743e3b1e77a03c7772eea28c40c8,blockscout,5,ThryxAntiSniperHookV5,https://base.blockscout.com/address/0x97edfabcc578743e3b1e77a03c7772eea28c40c8,"""name"": ""ThryxAntiSniperHookV5"", ""is_verified"": true"
0x4440854b2d02c57a0dc5c58b7a884562d875c0c4,uniswap_hooklist,3,UniswapV4KEMHook,https://raw.githubusercontent.com/Uniswap/hooklist/65ef4121419193a5aad9a493d2f4d9710d2f7653/hooks/base/0x4440854b2d02c57a0dc5c58b7a884562d875c0c4.json,"{""name"": ""UniswapV4KEMHook"", ""description"": ""A Uniswap v4 hook that enforces signed quotes for exact-input swaps. Each swap requires hookData containing a valid signature from an authorized quoteSigner; if the swap yields more output than the quoted maximum exchange rate allows, the excess is minted as ERC6909 tokens to an admin-controlled recipient."", ""deployer"": """"}"
0x4440854b2d02c57a0dc5c58b7a884562d875c0c4,blockscout,5,UniswapV4KEMHook,https://base.blockscout.com/address/0x4440854b2d02c57a0dc5c58b7a884562d875c0c4,"""name"": ""UniswapV4KEMHook"", ""is_verified"": true"
0xf85f1f3082cfbc5e1149972309b25054e4d420cc,uniswap_hooklist,3,B20Hook,https://raw.githubusercontent.com/Uniswap/hooklist/65ef4121419193a5aad9a493d2f4d9710d2f7653/hooks/base/0xf85f1f3082cfbc5e1149972309b25054e4d420cc.json,"{""name"": ""B20Hook"", ""description"": ""A fee-collection hook for the klik.finance B20 launchpad that takes market-cap-tiered ETH fees on exact-input buy swaps, distributing them between a platform treasury and the token creator. Includes a launch-window anti-snipe guard that blocks buys in the deployment block and caps per-origin ETH spend in the first few blocks."", ""deployer"": """"}"
0xf85f1f3082cfbc5e1149972309b25054e4d420cc,blockscout,5,B20Hook,https://base.blockscout.com/address/0xf85f1f3082cfbc5e1149972309b25054e4d420cc,"""name"": ""B20Hook"", ""is_verified"": true"
0x7debe6943acefe85c4ee81aadd736466e07528cc,uniswap_hooklist,3,ClankerHookDynamicFeeV2,https://raw.githubusercontent.com/Uniswap/hooklist/65ef4121419193a5aad9a493d2f4d9710d2f7653/hooks/base/0x7debe6943acefe85c4ee81aadd736466e07528cc.json,"{""name"": ""ClankerHookDynamicFeeV2"", ""description"": ""Uniswap v4 hook for Clanker token pools that dynamically adjusts LP fees based on a tick-volatility accumulator model, and takes a protocol fee (20% of the LP fee) on swaps involving the non-Clanker paired token. Includes an optional MEV-protection module active for up to 2 minutes after pool creation."", ""deployer"": ""0x3B5AEdd9Ab921E592d2Fccaa6e33CF893e7EEb70""}"
0x7debe6943acefe85c4ee81aadd736466e07528cc,blockscout,5,ClankerHookDynamicFeeV2,https://base.blockscout.com/address/0x7debe6943acefe85c4ee81aadd736466e07528cc,"""name"": ""ClankerHookDynamicFeeV2"", ""is_verified"": true"
0x963e91a45148b39737b9df10c5b897b55ca9e8cc,uniswap_hooklist,3,Bonker Dynamic Fee Hook (Base),https://raw.githubusercontent.com/Uniswap/hooklist/65ef4121419193a5aad9a493d2f4d9710d2f7653/hooks/base/0x963e91a45148b39737b9df10c5b897b55ca9e8cc.json,"{""name"": ""Bonker Dynamic Fee Hook (Base)"", ""description"": ""A volume-based dynamic-fee Uniswap v4 hook for the Bonker token launch platform on Base. Adjusts LP fees via `updateDynamicLPFee()` based on volume accumulation, takes a 20% protocol fee on each swap via delta returns, and includes a time-limited MEV module (up to 2 minutes post-launch) that can temporarily raise fees during the launch window."", ""deployer"": ""0x21b109ce8E663FB63CF0B2529324A2e75AeAf87D""}"
0x963e91a45148b39737b9df10c5b897b55ca9e8cc,blockscout,5,BonkerHookDynamicFeeV2,https://base.blockscout.com/address/0x963e91a45148b39737b9df10c5b897b55ca9e8cc,"""name"": ""BonkerHookDynamicFeeV2"", ""is_verified"": true"
0x03d2434d5a9ab7fb46bd3c7956a7c62e0cd46044,uniswap_hooklist,3,AdvancedFeeHook,https://raw.githubusercontent.com/Uniswap/hooklist/65ef4121419193a5aad9a493d2f4d9710d2f7653/hooks/base/0x03d2434d5a9ab7fb46bd3c7956a7c62e0cd46044.json,"{""name"": ""AdvancedFeeHook"", ""description"": ""Charges a configurable tax on each swap (up to 10%), split between a platform treasury, a burn address, single-sided liquidity re-injection, and up to 8 creator payees. Pool initialization is restricted to a designated launcher address."", ""deployer"": """"}"
0x03d2434d5a9ab7fb46bd3c7956a7c62e0cd46044,blockscout,5,AdvancedFeeHook,https://base.blockscout.com/address/0x03d2434d5a9ab7fb46bd3c7956a7c62e0cd46044,"""name"": ""AdvancedFeeHook"", ""is_verified"": true"
0x1aea38f06dece45c252ef1ac5af989d51dc8e8cc,uniswap_hooklist,3,ClankerHookStaticFeeV2,https://raw.githubusercontent.com/Uniswap/hooklist/65ef4121419193a5aad9a493d2f4d9710d2f7653/hooks/base/0x1aea38f06dece45c252ef1ac5af989d51dc8e8cc.json,"{""name"": ""ClankerHookStaticFeeV2"", ""description"": ""Clanker protocol hook that configures asymmetric static LP fees per pool (separate buy and sell rates for the clanker token), collects protocol fees from swaps via BeforeSwapDelta and AfterSwapDelta, and includes an optional MEV module that can temporarily raise fees to deter sandwich attacks during the initial liquidity deployment window."", ""deployer"": """"}"
0x1aea38f06dece45c252ef1ac5af989d51dc8e8cc,blockscout,5,ClankerHookStaticFeeV2,https://base.blockscout.com/address/0x1aea38f06dece45c252ef1ac5af989d51dc8e8cc,"""name"": ""ClankerHookStaticFeeV2"", ""is_verified"": true"
0x4951d0e1cfb915f64ab19aed153bd6305a244088,uniswap_hooklist,3,Vvveity Fee Hook V2,https://raw.githubusercontent.com/Uniswap/hooklist/65ef4121419193a5aad9a493d2f4d9710d2f7653/hooks/base/0x4951d0e1cfb915f64ab19aed153bd6305a244088.json,"{""name"": ""Vvveity Fee Hook V2"", ""description"": ""Charges a flat immutable fee (in basis points) on every swap via beforeSwap, forwarding the fee inline to either a platform address or the token creator, determined by trade direction and token registration."", ""deployer"": """"}"
0x4951d0e1cfb915f64ab19aed153bd6305a244088,blockscout,5,VvveityFeeHookV2,https://base.blockscout.com/address/0x4951d0e1cfb915f64ab19aed153bd6305a244088,"""name"": ""VvveityFeeHookV2"", ""is_verified"": true"
0x1cfead8e66cebc5e51093dfd247ad34f841740c4,uniswap_hooklist,3,TruthMarketHook,https://raw.githubusercontent.com/Uniswap/hooklist/65ef4121419193a5aad9a493d2f4d9710d2f7653/hooks/base/0x1cfead8e66cebc5e51093dfd247ad34f841740c4.json,"{""name"": ""TruthMarketHook"", ""description"": ""A Uniswap v4 hook for TrueMarkets prediction pools that tracks tick movements across swaps to trigger range-order settlement via an OrderManager, optionally validates swaps against tick boundaries via a configurable SwapValidator, and deducts a configurable protocol fee from swap output using afterSwapReturnsDelta."", ""deployer"": """"}"
0x1cfead8e66cebc5e51093dfd247ad34f841740c4,blockscout,5,TruthMarketHook,https://base.blockscout.com/address/0x1cfead8e66cebc5e51093dfd247ad34f841740c4,"""name"": ""TruthMarketHook"", ""is_verified"": true"
0x0000fe59823933ac763611a69c88f91d45f81888,uniswap_hooklist,3,BunniHook,https://raw.githubusercontent.com/Uniswap/hooklist/65ef4121419193a5aad9a493d2f4d9710d2f7653/hooks/base/0x0000fe59823933ac763611a69c88f91d45f81888.json,"{""name"": ""BunniHook"", ""description"": ""Uniswap v4 hook for Bunni v2 concentrated liquidity pools that handles the entire swap lifecycle in beforeSwap using custom Liquidity Density Function math, dynamic surge fees, a TWAP oracle, am-AMM auction-based LVR/MEV recapture, and automated FloodPlain-based rebalancing."", ""deployer"": """"}"
0x0000fe59823933ac763611a69c88f91d45f81888,blockscout,5,BunniHook,https://base.blockscout.com/address/0x0000fe59823933ac763611a69c88f91d45f81888,"""name"": ""BunniHook"", ""is_verified"": true"
0x000052423c1db6b7ff8641b85a7eefc7b2791888,uniswap_hooklist,3,BunniHook,https://raw.githubusercontent.com/Uniswap/hooklist/65ef4121419193a5aad9a493d2f4d9710d2f7653/hooks/base/0x000052423c1db6b7ff8641b85a7eefc7b2791888.json,"{""name"": ""BunniHook"", ""description"": ""Core Uniswap v4 hook for the Bunni v2 protocol. Replaces standard AMM swap execution with custom Liquidity Density Functions (LDFs), dynamic surge-fee pricing, optional am-AMM for fee management, a TWAP oracle, auto-rebalancing via Flood, and a per-pool hooklet plugin system."", ""deployer"": """"}"
0x000052423c1db6b7ff8641b85a7eefc7b2791888,blockscout,5,BunniHook,https://base.blockscout.com/address/0x000052423c1db6b7ff8641b85a7eefc7b2791888,"""name"": ""BunniHook"", ""is_verified"": true"
0xa10a6f4b918e963ec8694d37aa22e438706fe8cc,uniswap_hooklist,3,ClankerHookStaticFeeV2,https://raw.githubusercontent.com/Uniswap/hooklist/65ef4121419193a5aad9a493d2f4d9710d2f7653/hooks/base/0xa10a6f4b918e963ec8694d37aa22e438706fe8cc.json,"{""name"": ""ClankerHookStaticFeeV2"", ""description"": ""Clanker protocol hook that applies per-direction static LP fees (separate rates for buying and selling the Clanker token) and collects protocol fees on each swap via delta manipulation in beforeSwap and afterSwap. Supports optional MEV protection modules and pool extensions for factory-deployed pools."", ""deployer"": """"}"
0xa10a6f4b918e963ec8694d37aa22e438706fe8cc,blockscout,5,ClankerHookStaticFeeV2,https://base.blockscout.com/address/0xa10a6f4b918e963ec8694d37aa22e438706fe8cc,"""name"": ""ClankerHookStaticFeeV2"", ""is_verified"": true"
0xd5252a67935fc6b913c4441ac0e5ebf3219faaa8,uniswap_hooklist,3,PlayerCurveHook,https://raw.githubusercontent.com/Uniswap/hooklist/65ef4121419193a5aad9a493d2f4d9710d2f7653/hooks/base/0xd5252a67935fc6b913c4441ac0e5ebf3219faaa8.json,"{""name"": ""PlayerCurveHook"", ""description"": ""Bonding curve hook for player token / country token pairs. Intercepts all swaps via beforeSwapReturnsDelta, applying a custom pricing formula with a 5% fee (fully burned). Swaps are gated on per-country phase 2 activation (all packs sold) and an owner-controlled pause."", ""deployer"": """"}"
0xd5252a67935fc6b913c4441ac0e5ebf3219faaa8,blockscout,5,PlayerCurveHook,https://base.blockscout.com/address/0xd5252a67935fc6b913c4441ac0e5ebf3219faaa8,"""name"": ""PlayerCurveHook"", ""is_verified"": true"
0x4d667e420bd4a42969cb27251a3f9a24661fd0cc,blockscout,5,BasedBidHook,https://base.blockscout.com/address/0x4d667e420bd4a42969cb27251a3f9a24661fd0cc,"""name"": ""BasedBidHook"", ""is_verified"": true"
0x3e6b46810b1fd5085086fd1417e8adb02f34a044,blockscout,5,AdvancedFeeHookV6B,https://base.blockscout.com/address/0x3e6b46810b1fd5085086fd1417e8adb02f34a044,"""name"": ""AdvancedFeeHookV6B"", ""is_verified"": true"
0xbeff407b7062e2fe15928960a58aec93b0c76044,uniswap_hooklist,3,AdvancedFeeHookV3,https://raw.githubusercontent.com/Uniswap/hooklist/65ef4121419193a5aad9a493d2f4d9710d2f7653/hooks/base/0xbeff407b7062e2fe15928960a58aec93b0c76044.json,"{""name"": ""AdvancedFeeHookV3"", ""description"": ""A Uniswap v4 hook for the BaseStonk token launchpad that collects configurable swap taxes in afterSwap, distributing fees between a platform treasury, creator payees, optional token burns (to a dead address), and single-sided liquidity additions. Pool initialization is restricted to the launcher address."", ""deployer"": """"}"
0xbeff407b7062e2fe15928960a58aec93b0c76044,blockscout,5,AdvancedFeeHookV3,https://base.blockscout.com/address/0xbeff407b7062e2fe15928960a58aec93b0c76044,"""name"": ""AdvancedFeeHookV3"", ""is_verified"": true"
0xd60a6a0f0d5e3fd451449c7256bbbdc59561e888,uniswap_hooklist,3,Generic4626Router,https://raw.githubusercontent.com/Uniswap/hooklist/65ef4121419193a5aad9a493d2f4d9710d2f7653/hooks/base/0xd60a6a0f0d5e3fd451449c7256bbbdc59561e888.json,"{""name"": ""Generic4626Router"", ""description"": ""A hook-based router for symmetric ERC4626 vault pairs that intercepts swaps to perform vault deposits (underlying \u2192 shares) or redeems (shares \u2192 underlying) in place of standard AMM swaps. Pool initialization is gated through the hook; direct liquidity addition is blocked entirely."", ""deployer"": """"}"
0xd60a6a0f0d5e3fd451449c7256bbbdc59561e888,blockscout,5,Generic4626Router,https://base.blockscout.com/address/0xd60a6a0f0d5e3fd451449c7256bbbdc59561e888,"""name"": ""Generic4626Router"", ""is_verified"": true"
0x4db263809e6ea36d223161535173a01b5b3240c0,uniswap_hooklist,3,DynamicFeeHookV2,https://raw.githubusercontent.com/Uniswap/hooklist/65ef4121419193a5aad9a493d2f4d9710d2f7653/hooks/base/0x4db263809e6ea36d223161535173a01b5b3240c0.json,"{""name"": ""DynamicFeeHookV2"", ""description"": ""Implements a linearly decaying LP fee that starts high at launch and decreases to a steady-state fee over a configurable duration (anti-sniper mechanism). Records an on-chain TWAP oracle after each swap using a cumulative sqrtPrice accumulator."", ""deployer"": """"}"
0x4db263809e6ea36d223161535173a01b5b3240c0,blockscout,5,DynamicFeeHookV2,https://base.blockscout.com/address/0x4db263809e6ea36d223161535173a01b5b3240c0,"""name"": ""DynamicFeeHookV2"", ""is_verified"": true"
0x35b9b5b023897da8c7375ba6141245b8416460cc,uniswap_hooklist,3,Wassblaster Hook,https://raw.githubusercontent.com/Uniswap/hooklist/65ef4121419193a5aad9a493d2f4d9710d2f7653/hooks/base/0x35b9b5b023897da8c7375ba6141245b8416460cc.json,"{""name"": ""Wassblaster Hook"", ""description"": ""A hook for wASS/memecoin pairs that charges a 1% total fee (0.3% to LPs, 0.7% to the hook) and routes a configurable portion of buys through an in-swap OTC mechanism at the actual pool rate, distributing wASS fee proceeds to stakers and accumulating memecoin fees as OTC inventory."", ""deployer"": """"}"
0x35b9b5b023897da8c7375ba6141245b8416460cc,document,4,Uniswap routing-api allowlist (wASSBLASTER),https://raw.githubusercontent.com/Uniswap/routing-api/main/lib/util/hooksAddressesAllowlist.ts,export const WASSBLASTER_HOOK_ON_BASE = '0x35b9b5b023897da8c7375ba6141245b8416460cc'
0x35b9b5b023897da8c7375ba6141245b8416460cc,blockscout,5,wASSBLASTER,https://base.blockscout.com/address/0x35b9b5b023897da8c7375ba6141245b8416460cc,"""name"": ""wASSBLASTER"", ""is_verified"": true"
0xd55bfda89980b3a517719f2e6fbd53be565b0844,uniswap_hooklist,3,AutoFeeCollectionHook,https://raw.githubusercontent.com/Uniswap/hooklist/65ef4121419193a5aad9a493d2f4d9710d2f7653/hooks/base/0xd55bfda89980b3a517719f2e6fbd53be565b0844.json,"{""name"": ""AutoFeeCollectionHook"", ""description"": ""Collects a fixed 1% fee on every swap via afterSwap delta return, taking the fee from the pool manager and transferring it to a per-pool creator address configured on the first liquidity addition."", ""deployer"": """"}"
0x5da2b7e2a88216d5ad129a0147a5e59aad4aea44,uniswap_hooklist,3,TokenFab,https://raw.githubusercontent.com/Uniswap/hooklist/65ef4121419193a5aad9a493d2f4d9710d2f7653/hooks/base/0x5da2b7e2a88216d5ad129a0147a5e59aad4aea44.json,"{""name"": ""TokenFab"", ""description"": ""A token launch factory hook that deploys ERC20 tokens and manages them through a bonding curve pool. Once a token's bonding curve supply cap is reached, the hook automatically migrates liquidity to a standard AMM pool, charging a 1% swap fee split equally between creator and platform fee recipients."", ""deployer"": """"}"
0x5da2b7e2a88216d5ad129a0147a5e59aad4aea44,blockscout,5,TokenFab,https://base.blockscout.com/address/0x5da2b7e2a88216d5ad129a0147a5e59aad4aea44,"""name"": ""TokenFab"", ""is_verified"": true"
0x721eeec896f413ca7b971e0ef3cad2cd16b350c0,uniswap_hooklist,3,ZoraV4CoinHook,https://raw.githubusercontent.com/Uniswap/hooklist/65ef4121419193a5aad9a493d2f4d9710d2f7653/hooks/base/0x721eeec896f413ca7b971e0ef3cad2cd16b350c0.json,"{""name"": ""ZoraV4CoinHook"", ""description"": ""Uniswap v4 hook for Zora Coins that sets a dynamic launch fee decaying linearly from 99% to 1% over a short window after coin creation. On every swap, it collects accrued LP fees, mints LP rewards, swaps fees to a backing currency via multi-hop paths, distributes rewards to recipients, and fills Zora limit orders based on tick movement."", ""deployer"": """"}"
0x721eeec896f413ca7b971e0ef3cad2cd16b350c0,blockscout,5,ZoraV4CoinHook,https://base.blockscout.com/address/0x721eeec896f413ca7b971e0ef3cad2cd16b350c0,"""name"": ""ZoraV4CoinHook"", ""is_verified"": true"
0x570a48f96035c2874de1c0f13c5075a05683b0cc,uniswap_hooklist,3,Deli Hook (Base),https://raw.githubusercontent.com/Uniswap/hooklist/65ef4121419193a5aad9a493d2f4d9710d2f7653/hooks/base/0x570a48f96035c2874de1c0f13c5075a05683b0cc.json,"{""name"": ""Deli Hook (Base)"", ""description"": ""Collects swap fees always in wBLT and forwards them to a FeeProcessor contract, while enforcing that all pools include wBLT as a token and use dynamic LP fees (overriding them to 0 at swap time). Syncs DailyEpochGauge and IncentiveGauge on every swap to support incentive accounting."", ""deployer"": """"}"
0x570a48f96035c2874de1c0f13c5075a05683b0cc,document,4,Uniswap routing-api allowlist (DeliHook),https://raw.githubusercontent.com/Uniswap/routing-api/main/lib/util/hooksAddressesAllowlist.ts,export const DELI_HOOK_ADDRESS_ON_BASE = '0x570a48f96035c2874de1c0f13c5075a05683b0cc'
0x570a48f96035c2874de1c0f13c5075a05683b0cc,blockscout,5,DeliHook,https://base.blockscout.com/address/0x570a48f96035c2874de1c0f13c5075a05683b0cc,"""name"": ""DeliHook"", ""is_verified"": true"
0x7b0957aec2fb2a6cadef57a537a9d086849b60c4,uniswap_hooklist,3,TruthMarketHook,https://raw.githubusercontent.com/Uniswap/hooklist/65ef4121419193a5aad9a493d2f4d9710d2f7653/hooks/base/0x7b0957aec2fb2a6cadef57a537a9d086849b60c4.json,"{""name"": ""TruthMarketHook"", ""description"": ""A hook for prediction market pools that gates pool initialization to authorized addresses, tracks tick movements via transient storage to notify an external order manager for limit-order settlement, optionally validates swaps via a configurable validator contract, and collects a configurable protocol fee from the unspecified token side of each swap. Pools can be paused by a governance operator."", ""deployer"": """"}"
0x7b0957aec2fb2a6cadef57a537a9d086849b60c4,blockscout,5,TruthMarketHook,https://base.blockscout.com/address/0x7b0957aec2fb2a6cadef57a537a9d086849b60c4,"""name"": ""TruthMarketHook"", ""is_verified"": true"
0x56f25473dd2c2e8cd37b68ff38f3bddeb19daaa8,uniswap_hooklist,3,CurveHook,https://raw.githubusercontent.com/Uniswap/hooklist/65ef4121419193a5aad9a493d2f4d9710d2f7653/hooks/base/0x56f25473dd2c2e8cd37b68ff38f3bddeb19daaa8.json,"{""name"": ""CurveHook"", ""description"": ""A custom bonding curve AMM hook for FIFA/Country token pairs using a virtual reserve formula to price buys and sells. Charges a 5% fee per swap (burned), fully replaces pool liquidity mechanics (all direct add/remove liquidity and donate operations revert), and gates trading behind a phase-activation flag set by an authorized pack opener."", ""deployer"": """"}"
0x56f25473dd2c2e8cd37b68ff38f3bddeb19daaa8,blockscout,5,CurveHook,https://base.blockscout.com/address/0x56f25473dd2c2e8cd37b68ff38f3bddeb19daaa8,"""name"": ""CurveHook"", ""is_verified"": true"
0x6e5388d971015f3608b08f3c38fea80d0e685040,uniswap_hooklist,3,CreatorCoinHook,https://raw.githubusercontent.com/Uniswap/hooklist/65ef4121419193a5aad9a493d2f4d9710d2f7653/hooks/base/0x6e5388d971015f3608b08f3c38fea80d0e685040.json,"{""name"": ""CreatorCoinHook"", ""description"": ""A Zora protocol hook for creator coin pools that collects LP fees on every swap, converts them to a backing currency via multi-hop paths, and distributes market rewards to the creator (including triggering vested coin claims) and other recipients."", ""deployer"": """"}"
0x6e5388d971015f3608b08f3c38fea80d0e685040,blockscout,5,CreatorCoinHook,https://base.blockscout.com/address/0x6e5388d971015f3608b08f3c38fea80d0e685040,"""name"": ""CreatorCoinHook"", ""is_verified"": true"
0xb4a13777525ddc151603e6d6b7db86352848eaa8,uniswap_hooklist,3,CurveHook,https://raw.githubusercontent.com/Uniswap/hooklist/65ef4121419193a5aad9a493d2f4d9710d2f7653/hooks/base/0xb4a13777525ddc151603e6d6b7db86352848eaa8.json,"{""name"": ""CurveHook"", ""description"": ""A bonding-curve AMM hook that fully intercepts all swaps between a FIFA token and per-country ERC-20 tokens, executing trades via a virtual constant-product formula with a 5% fee split between burns and treasury. Add/remove liquidity and donations are blocked."", ""deployer"": """"}"
0xb4a13777525ddc151603e6d6b7db86352848eaa8,blockscout,5,CurveHook,https://base.blockscout.com/address/0xb4a13777525ddc151603e6d6b7db86352848eaa8,"""name"": ""CurveHook"", ""is_verified"": true"
0xcae7ebfa18755d1f35ee8e0f3356f375ed5b2aa8,uniswap_hooklist,3,CurveHook,https://raw.githubusercontent.com/Uniswap/hooklist/65ef4121419193a5aad9a493d2f4d9710d2f7653/hooks/base/0xcae7ebfa18755d1f35ee8e0f3356f375ed5b2aa8.json,"{""name"": ""CurveHook"", ""description"": ""A bonding-curve AMM hook that manages swaps between a FIFA token and CountryToken ERC-20s using a virtual constant-product formula. Fully intercepts swap execution via beforeSwapReturnsDelta, minting or burning CountryToken supply on each trade while burning a 5% FIFA fee. Standard liquidity add/remove and donate operations are all blocked."", ""deployer"": """"}"
0xcae7ebfa18755d1f35ee8e0f3356f375ed5b2aa8,blockscout,5,CurveHook,https://base.blockscout.com/address/0xcae7ebfa18755d1f35ee8e0f3356f375ed5b2aa8,"""name"": ""CurveHook"", ""is_verified"": true"
0x26541922c531ad24e26437f51fa77ff8c6ef90c0,uniswap_hooklist,3,ZoraV4CoinHook,https://raw.githubusercontent.com/Uniswap/hooklist/65ef4121419193a5aad9a493d2f4d9710d2f7653/hooks/base/0x26541922c531ad24e26437f51fa77ff8c6ef90c0.json,"{""name"": ""ZoraV4CoinHook"", ""description"": ""Zora Coin hook that initializes Doppler multi-curve liquidity positions on pool creation, charges a dynamic LP fee each swap, and in afterSwap collects accrued fees, converts them to a backing currency, distributes market rewards, and fills limit orders if the price tick moved."", ""deployer"": """"}"
0x26541922c531ad24e26437f51fa77ff8c6ef90c0,blockscout,5,ZoraV4CoinHook,https://base.blockscout.com/address/0x26541922c531ad24e26437f51fa77ff8c6ef90c0,"""name"": ""ZoraV4CoinHook"", ""is_verified"": true"
0xadfe042ded16b4bfee0af065dfa85af0c9196a44,uniswap_hooklist,3,TokenFab,https://raw.githubusercontent.com/Uniswap/hooklist/65ef4121419193a5aad9a493d2f4d9710d2f7653/hooks/base/0xadfe042ded16b4bfee0af065dfa85af0c9196a44.json,"{""name"": ""TokenFab"", ""description"": ""Token launch platform implementing a bonding curve that automatically transitions to a two-sided AMM pool once the bonding curve supply is fully purchased. Charges a 1% fee on swaps (split 50/50 between creator and platform), and only permits swaps where the launched token amount is the specified side."", ""deployer"": """"}"
0xadfe042ded16b4bfee0af065dfa85af0c9196a44,blockscout,5,TokenFab,https://base.blockscout.com/address/0xadfe042ded16b4bfee0af065dfa85af0c9196a44,"""name"": ""TokenFab"", ""is_verified"": true"
0xc8b624ad72059c41b6e324c7840651e1dfa268cc,uniswap_hooklist,3,ClankerHookDynamicFeeV2,https://raw.githubusercontent.com/Uniswap/hooklist/65ef4121419193a5aad9a493d2f4d9710d2f7653/hooks/base/0xc8b624ad72059c41b6e324c7840651e1dfa268cc.json,"{""name"": ""ClankerHookDynamicFeeV2"", ""description"": ""Uniswap v4 hook for Clanker token pools that computes dynamic LP fees from volatility (tick-distance accumulation relative to a reference price), collects protocol fees via beforeSwap/afterSwap delta hooks, and supports an optional MEV-protection module that can temporarily raise fees during pool launch and a pluggable pool extension for afterSwap actions."", ""deployer"": """"}"
0xc8b624ad72059c41b6e324c7840651e1dfa268cc,blockscout,5,ClankerHookDynamicFeeV2,https://base.blockscout.com/address/0xc8b624ad72059c41b6e324c7840651e1dfa268cc,"""name"": ""ClankerHookDynamicFeeV2"", ""is_verified"": true"
0x63e0ff2e9c38db24c56a075b69653d99c412c880,uniswap_hooklist,3,RampHook,https://raw.githubusercontent.com/Uniswap/hooklist/65ef4121419193a5aad9a493d2f4d9710d2f7653/hooks/base/0x63e0ff2e9c38db24c56a075b69653d99c412c880.json,"{""name"": ""RampHook"", ""description"": ""A Uniswap v4 hook for bonding curve pools that enforces a dynamic LP fee returned in beforeSwap (with an elevated anti-snipe fee during a configurable window after each pool's first liquidity event), and restricts liquidity additions to an owner-managed allowlist of approved callers."", ""deployer"": """"}"
0x63e0ff2e9c38db24c56a075b69653d99c412c880,blockscout,5,RampHook,https://base.blockscout.com/address/0x63e0ff2e9c38db24c56a075b69653d99c412c880,"""name"": ""RampHook"", ""is_verified"": true"
0x09a1db744e7353f95cf1cc080f692e2bff73eacc,uniswap_hooklist,3,DiemCatLaunchHook,https://raw.githubusercontent.com/Uniswap/hooklist/65ef4121419193a5aad9a493d2f4d9710d2f7653/hooks/base/0x09a1db744e7353f95cf1cc080f692e2bff73eacc.json,"{""name"": ""DiemCatLaunchHook"", ""description"": ""A token launch hook that seeds initial liquidity and applies a time-decaying snipe-protection fee during a configurable window after launch. Token-side fees are burned to a dead address; quote-side fees are split between creator and platform. Liquidity is locked after seeding\u2014adds are restricted to the factory/hook and removes always revert."", ""deployer"": """"}"
0x09a1db744e7353f95cf1cc080f692e2bff73eacc,blockscout,5,DiemCatLaunchHook,https://base.blockscout.com/address/0x09a1db744e7353f95cf1cc080f692e2bff73eacc,"""name"": ""DiemCatLaunchHook"", ""is_verified"": true"
0x6ae11676c7b3ec082989ce12ba462d46180fc0c4,uniswap_hooklist,3,TruthMarketHook,https://raw.githubusercontent.com/Uniswap/hooklist/65ef4121419193a5aad9a493d2f4d9710d2f7653/hooks/base/0x6ae11676c7b3ec082989ce12ba462d46180fc0c4.json,"{""name"": ""TruthMarketHook"", ""description"": ""A prediction market hook that tracks tick movements between before and after swap to trigger limit order settlement via an external OrderManager. Optionally collects an admin-configurable fee on the unspecified swap token using afterSwapReturnsDelta, and supports pluggable swap validation via an optional ISwapValidator."", ""deployer"": """"}"
0x6ae11676c7b3ec082989ce12ba462d46180fc0c4,blockscout,5,TruthMarketHook,https://base.blockscout.com/address/0x6ae11676c7b3ec082989ce12ba462d46180fc0c4,"""name"": ""TruthMarketHook"", ""is_verified"": true"
0x805975d27518e3e23c4838802d9dda7302dca044,uniswap_hooklist,3,AdvancedFeeHook,https://raw.githubusercontent.com/Uniswap/hooklist/65ef4121419193a5aad9a493d2f4d9710d2f7653/hooks/base/0x805975d27518e3e23c4838802d9dda7302dca044.json,"{""name"": ""AdvancedFeeHook"", ""description"": ""Charges a configurable tax (up to 10%) on each swap's output token, splitting proceeds between a platform treasury and up to 8 configurable payees. A portion of the creator share can be sent to a burn address or reinvested as single-sided liquidity via nested pool calls. Pool initialization is restricted to a designated launcher address."", ""deployer"": """"}"
0x805975d27518e3e23c4838802d9dda7302dca044,blockscout,5,AdvancedFeeHook,https://base.blockscout.com/address/0x805975d27518e3e23c4838802d9dda7302dca044,"""name"": ""AdvancedFeeHook"", ""is_verified"": true"
0x8a524135d425331d88603ea8cfe23adbe75680cc,uniswap_hooklist,3,TripoolsAntiSnipeHook,https://raw.githubusercontent.com/Uniswap/hooklist/65ef4121419193a5aad9a493d2f4d9710d2f7653/hooks/base/0x8a524135d425331d88603ea8cfe23adbe75680cc.json,"{""name"": ""TripoolsAntiSnipeHook"", ""description"": ""A shared Uniswap v4 hook for all TripoolsLaunchFactory pools that enforces a 50% anti-snipe tax during a 6-second launch window for non-whitelisted buyers. Ordinary buys and sells follow a dynamic tiered tax schedule (cycling between the creator's base rate and fixed tiers), with 80% of taxes accruing to the pool creator and 20% sent directly to the protocol treasury in ETH."", ""deployer"": """"}"
0x8a524135d425331d88603ea8cfe23adbe75680cc,blockscout,5,TripoolsAntiSnipeHook,https://base.blockscout.com/address/0x8a524135d425331d88603ea8cfe23adbe75680cc,"""name"": ""TripoolsAntiSnipeHook"", ""is_verified"": true"
0xd2f43d17307e31a706f83055ebc82a0738bda8cc,uniswap_hooklist,3,CornersHookStaticFee,https://raw.githubusercontent.com/Uniswap/hooklist/65ef4121419193a5aad9a493d2f4d9710d2f7653/hooks/base/0xd2f43d17307e31a706f83055ebc82a0738bda8cc.json,"{""name"": ""CornersHookStaticFee"", ""description"": ""A Corners protocol hook that manages Uniswap v4 pools with two configurable static LP fees (one for buying the \""corners\"" token, one for selling it), collects a 20% protocol cut of each swap fee, and runs an optional MEV-protection module during the first 2 minutes after pool creation."", ""deployer"": """"}"
0xd2f43d17307e31a706f83055ebc82a0738bda8cc,blockscout,5,CornersHookStaticFee,https://base.blockscout.com/address/0xd2f43d17307e31a706f83055ebc82a0738bda8cc,"""name"": ""CornersHookStaticFee"", ""is_verified"": true"
0x10f775c7f82e57577b47e6401de31dfc9bade0cc,uniswap_hooklist,3,LiqpadLaunchHook,https://raw.githubusercontent.com/Uniswap/hooklist/65ef4121419193a5aad9a493d2f4d9710d2f7653/hooks/base/0x10f775c7f82e57577b47e6401de31dfc9bade0cc.json,"{""name"": ""LiqpadLaunchHook"", ""description"": ""Factory-gated launch pool hook for B20/VVV token pairs. Collects a 1% fee on each swap: B20 (launch token) fees are burned via the token contract, while VVV fees are routed to an immutable FeeRouter that splits 70% to the token creator and 30% to the protocol. Only pools registered and initialized by the factory may be swapped."", ""deployer"": """"}"
0x10f775c7f82e57577b47e6401de31dfc9bade0cc,blockscout,5,LiqpadLaunchHook,https://base.blockscout.com/address/0x10f775c7f82e57577b47e6401de31dfc9bade0cc,"""name"": ""LiqpadLaunchHook"", ""is_verified"": true"
0x121f94835dab08ebaf084809a97e525b69e400cc,uniswap_hooklist,3,AI Protocol Swap Fee Hook v1 (Base),https://raw.githubusercontent.com/Uniswap/hooklist/65ef4121419193a5aad9a493d2f4d9710d2f7653/hooks/base/0x121f94835dab08ebaf084809a97e525b69e400cc.json,"{""name"": ""AI Protocol Swap Fee Hook v1 (Base)"", ""description"": ""A Uniswap v4 hook that charges a configurable fee on swaps involving a designated fee token. Fees are collected in beforeSwap and afterSwap based on whether the operation is a buy or sell and whether the swap is exact-in or exact-out, then forwarded to a configured fee recipient contract."", ""deployer"": """"}"
0x121f94835dab08ebaf084809a97e525b69e400cc,document,4,Uniswap routing-api allowlist (UniswapV4SwapFeeHookV1),https://raw.githubusercontent.com/Uniswap/routing-api/main/lib/util/hooksAddressesAllowlist.ts,export const AI_PROTOCOL_SWAP_FEE_HOOK_V1_ON_BASE = '0x121f94835dab08ebaf084809a97e525b69e400cc'
0x121f94835dab08ebaf084809a97e525b69e400cc,blockscout,5,UniswapV4SwapFeeHookV1,https://base.blockscout.com/address/0x121f94835dab08ebaf084809a97e525b69e400cc,"""name"": ""UniswapV4SwapFeeHookV1"", ""is_verified"": true"
0x070e47ba89e6e0ece8fe3e4083b8c74814c54844,uniswap_hooklist,3,CabalFeeHook,https://raw.githubusercontent.com/Uniswap/hooklist/65ef4121419193a5aad9a493d2f4d9710d2f7653/hooks/base/0x070e47ba89e6e0ece8fe3e4083b8c74814c54844.json,"{""name"": ""CabalFeeHook"", ""description"": ""Platform fee hook that charges a configurable fee (default 1%) on every swap via afterSwapReturnsDelta. ETH fees are forwarded directly to a fee receiver; token fees are sent to a CabalFeeExecutor contract that sells them for ETH before distribution. Supports time-based launch fees with optional half-parabola decay curve."", ""deployer"": """"}"
0x070e47ba89e6e0ece8fe3e4083b8c74814c54844,blockscout,5,CabalFeeHook,https://base.blockscout.com/address/0x070e47ba89e6e0ece8fe3e4083b8c74814c54844,"""name"": ""CabalFeeHook"", ""is_verified"": true"
0xba83ee6969d09ceb8a4827c3ed77413c75392044,uniswap_hooklist,3,AdvancedFeeHookV5,https://raw.githubusercontent.com/Uniswap/hooklist/65ef4121419193a5aad9a493d2f4d9710d2f7653/hooks/base/0xba83ee6969d09ceb8a4827c3ed77413c75392044.json,"{""name"": ""AdvancedFeeHookV5"", ""description"": ""A token launchpad hook (BaseStonk) that collects configurable swap fees (up to 10%) in afterSwap, splitting proceeds between a platform treasury, creator payees, a burn address, and single-sided liquidity provisions. Pool initialization is gated to a trusted launcher address."", ""deployer"": """"}"
0xba83ee6969d09ceb8a4827c3ed77413c75392044,blockscout,5,AdvancedFeeHookV5,https://base.blockscout.com/address/0xba83ee6969d09ceb8a4827c3ed77413c75392044,"""name"": ""AdvancedFeeHookV5"", ""is_verified"": true"
0xcb9d09fba2195cb59d979df042fee667f2b15acc,blockscout,5,BasedBidHook,https://base.blockscout.com/address/0xcb9d09fba2195cb59d979df042fee667f2b15acc,"""name"": ""BasedBidHook"", ""is_verified"": true"
0x0010d0d5db05933fa0d9f7038d365e1541a41888,uniswap_hooklist,3,BunniHook,https://raw.githubusercontent.com/Uniswap/hooklist/65ef4121419193a5aad9a493d2f4d9710d2f7653/hooks/base/0x0010d0d5db05933fa0d9f7038d365e1541a41888.json,"{""name"": ""BunniHook"", ""description"": ""A Uniswap v4 hook that fully handles swap execution via custom BunniSwapMath, computing output amounts and fees directly rather than delegating to the pool manager. Features a TWAP oracle, dynamic surge-based fees, am-AMM manager fee support, and a hooklet plugin system for extensible fee and price overrides."", ""deployer"": """"}"
0x0010d0d5db05933fa0d9f7038d365e1541a41888,blockscout,5,BunniHook,https://base.blockscout.com/address/0x0010d0d5db05933fa0d9f7038d365e1541a41888,"""name"": ""BunniHook"", ""is_verified"": true"
0xa10104b0d43d63701328b61699a902795d9e6acc,uniswap_hooklist,3,TokenFab,https://raw.githubusercontent.com/Uniswap/hooklist/65ef4121419193a5aad9a493d2f4d9710d2f7653/hooks/base/0xa10104b0d43d63701328b61699a902795d9e6acc.json,"{""name"": ""TokenFab"", ""description"": ""A bonding curve token launchpad hook that manages token launches, collects configurable platform and creator fees on swaps, and automatically migrates fully-bonded tokens from the bonding curve pool to a standard AMM pool upon reaching the target supply."", ""deployer"": """"}"
0xa10104b0d43d63701328b61699a902795d9e6acc,blockscout,5,TransparentUpgradeableProxy,https://base.blockscout.com/address/0xa10104b0d43d63701328b61699a902795d9e6acc,"""name"": ""TransparentUpgradeableProxy"", ""is_verified"": true"
0xca975b9daf772c71161f3648437c3616e5be0088,uniswap_hooklist,3,Simple Sell Tax Hook,https://raw.githubusercontent.com/Uniswap/hooklist/65ef4121419193a5aad9a493d2f4d9710d2f7653/hooks/base/0xca975b9daf772c71161f3648437c3616e5be0088.json,"{""name"": ""Simple Sell Tax Hook"", ""description"": ""Applies a configurable basis-point sell tax when tokens are swapped against ETH or wrapped native assets. The fee is taken from the pool in beforeSwap and sent to a recipient address configured per-token by the token owner."", ""deployer"": """"}"
0xca975b9daf772c71161f3648437c3616e5be0088,document,4,Uniswap routing-api allowlist (SimpleSellTaxHook),https://raw.githubusercontent.com/Uniswap/routing-api/main/lib/util/hooksAddressesAllowlist.ts,export const SIMPLE_SELL_TAX_HOOK_ON_BASE = '0xca975b9daf772c71161f3648437c3616e5be0088'
0xca975b9daf772c71161f3648437c3616e5be0088,blockscout,5,SimpleSellTaxHook,https://base.blockscout.com/address/0xca975b9daf772c71161f3648437c3616e5be0088,"""name"": ""SimpleSellTaxHook"", ""is_verified"": true"
0xdf933bdb27f41cd517cc19452268d8e2ade1c0cc,blockscout,5,TSTFeeHook,https://base.blockscout.com/address/0xdf933bdb27f41cd517cc19452268d8e2ade1c0cc,"""name"": ""TSTFeeHook"", ""is_verified"": true"
0x5b0a864213d49f23ed2a6635cc42b3b4fe7720cc,blockscout,5,AnyHook,https://base.blockscout.com/address/0x5b0a864213d49f23ed2a6635cc42b3b4fe7720cc,"""name"": ""AnyHook"", ""is_verified"": true"
0x0a10576d56379b951317e07363301c1e8c7e9fcc,uniswap_hooklist,3,TupleOracleHook,https://raw.githubusercontent.com/Uniswap/hooklist/65ef4121419193a5aad9a493d2f4d9710d2f7653/hooks/base/0x0a10576d56379b951317e07363301c1e8c7e9fcc.json,"{""name"": ""TupleOracleHook"", ""description"": ""A Uniswap v4 hook that maintains a TWAP oracle (truncated observations) and a liquidity book tracking liquidity distribution across tick buckets. It records collateralized debt positions via hookData on liquidity operations, overrides swap fees based on direction (zero fee for tuple\u2192wrapped-native swaps, fixed LP_FEE otherwise), and donates wrapped-native fees back to LPs on qualifying swaps."", ""deployer"": """"}"
0x0a10576d56379b951317e07363301c1e8c7e9fcc,blockscout,5,TupleOracleHook,https://base.blockscout.com/address/0x0a10576d56379b951317e07363301c1e8c7e9fcc,"""name"": ""TupleOracleHook"", ""is_verified"": true"
0xf95e48163f68c20b14a4e82525dccc4bdbaaa8cc,uniswap_hooklist,3,ClankerHookStaticFeeV2,https://raw.githubusercontent.com/Uniswap/hooklist/65ef4121419193a5aad9a493d2f4d9710d2f7653/hooks/base/0xf95e48163f68c20b14a4e82525dccc4bdbaaa8cc.json,"{""name"": ""ClankerHookStaticFeeV2"", ""description"": ""Clanker protocol hook for token launch pools with asymmetric buy/sell LP fees configured at initialization. Dynamically updates fees per swap via updateDynamicLPFee, collects protocol fees by manipulating BeforeSwapDelta/AfterSwapDelta, and supports a temporary MEV-protection module that can raise fees for the first 2 minutes after pool creation."", ""deployer"": """"}"
0xf95e48163f68c20b14a4e82525dccc4bdbaaa8cc,blockscout,5,ClankerHookStaticFeeV2,https://base.blockscout.com/address/0xf95e48163f68c20b14a4e82525dccc4bdbaaa8cc,"""name"": ""ClankerHookStaticFeeV2"", ""is_verified"": true"
0xf679fcb0090d6b444296cdacf91884537072ea44,uniswap_hooklist,3,TokenFab,https://raw.githubusercontent.com/Uniswap/hooklist/65ef4121419193a5aad9a493d2f4d9710d2f7653/hooks/base/0xf679fcb0090d6b444296cdacf91884537072ea44.json,"{""name"": ""TokenFab"", ""description"": ""TokenFab is a bonding curve factory hook that manages token launches on Uniswap v4. It deploys new ERC-20 tokens into bonding curve pools, charges a 1% swap fee split between creator and platform, and automatically migrates to a standard AMM pool once the bonding curve supply target is reached."", ""deployer"": """"}"
0xf679fcb0090d6b444296cdacf91884537072ea44,blockscout,5,TokenFab,https://base.blockscout.com/address/0xf679fcb0090d6b444296cdacf91884537072ea44,"""name"": ""TokenFab"", ""is_verified"": true"
0x201c4916c085032fb49f0b778efa98df23672044,uniswap_hooklist,3,AdvancedFeeHookV5,https://raw.githubusercontent.com/Uniswap/hooklist/65ef4121419193a5aad9a493d2f4d9710d2f7653/hooks/base/0x201c4916c085032fb49f0b778efa98df23672044.json,"{""name"": ""AdvancedFeeHookV5"", ""description"": ""Collects a configurable swap fee (up to 10%) in afterSwap, splitting it between a platform treasury and per-pool creator payees; portions of the creator share may be burned or reinvested as single-sided liquidity. Pool initialization is gated to a designated launcher address."", ""deployer"": """"}"
0x201c4916c085032fb49f0b778efa98df23672044,blockscout,5,AdvancedFeeHookV5,https://base.blockscout.com/address/0x201c4916c085032fb49f0b778efa98df23672044,"""name"": ""AdvancedFeeHookV5"", ""is_verified"": true"
0x95afbc0fccf974b41380f24e562f15b6dd90fac8,uniswap_hooklist,3,Deli Constant Product Hook (Base),https://raw.githubusercontent.com/Uniswap/hooklist/65ef4121419193a5aad9a493d2f4d9710d2f7653/hooks/base/0x95afbc0fccf974b41380f24e562f15b6dd90fac8.json,"{""name"": ""Deli Constant Product Hook (Base)"", ""description"": ""Implements a constant product (x\u00b7y=k) AMM within Uniswap v4, replacing concentrated liquidity with traditional V2-style pool mechanics and integrating epoch-based incentive gauges and a fee processor for reward distribution."", ""deployer"": """"}"
0x95afbc0fccf974b41380f24e562f15b6dd90fac8,document,4,Uniswap routing-api allowlist (DeliHookConstantProduct),https://raw.githubusercontent.com/Uniswap/routing-api/main/lib/util/hooksAddressesAllowlist.ts,export const DELI_HOOK_CONSTANT_PRODUCT_ON_BASE = '0x95afbc0fccf974b41380f24e562f15b6dd90fac8'
0x95afbc0fccf974b41380f24e562f15b6dd90fac8,blockscout,5,DeliHookConstantProduct,https://base.blockscout.com/address/0x95afbc0fccf974b41380f24e562f15b6dd90fac8,"""name"": ""DeliHookConstantProduct"", ""is_verified"": true"
0xa3898644f517e3f7dd4d8a958b97e3658ced60cc,uniswap_hooklist,3,FlowHookV3,https://raw.githubusercontent.com/Uniswap/hooklist/65ef4121419193a5aad9a493d2f4d9710d2f7653/hooks/base/0xa3898644f517e3f7dd4d8a958b97e3658ced60cc.json,"{""name"": ""FlowHookV3"", ""description"": ""A USDG-denominated tax hook for token/USDG pools. On every swap it takes a configurable fee (plus an anti-snipe time-decaying surcharge) in USDG via beforeSwap/afterSwap return deltas, then routes proceeds across five buckets: holder baskets, LP auto-add above spot, treasury, token buyback-and-burn, and referral payouts, with a tiered platform cut split between a burn pot and a platform wallet."", ""deployer"": """"}"
0xa3898644f517e3f7dd4d8a958b97e3658ced60cc,blockscout,5,FlowHookV3,https://base.blockscout.com/address/0xa3898644f517e3f7dd4d8a958b97e3658ced60cc,"""name"": ""FlowHookV3"", ""is_verified"": true"
0xd6fecff347c6203a41874e8d77de669b54e7a500,uniswap_hooklist,3,UniswapV4MigratorHook,https://raw.githubusercontent.com/Uniswap/hooklist/65ef4121419193a5aad9a493d2f4d9710d2f7653/hooks/base/0xd6fecff347c6203a41874e8d77de669b54e7a500.json,"{""name"": ""UniswapV4MigratorHook"", ""description"": ""A hook that restricts pool initialization to a designated UniswapV4Migrator contract address and emits ModifyLiquidity events after liquidity is added or removed."", ""deployer"": """"}"
0xd6fecff347c6203a41874e8d77de669b54e7a500,blockscout,5,UniswapV4MigratorHook,https://base.blockscout.com/address/0xd6fecff347c6203a41874e8d77de669b54e7a500,"""name"": ""UniswapV4MigratorHook"", ""is_verified"": true"
0xde2f9244e183b051070ff6be80afdb63abc3e000,blockscout,5,PairV4Hook,https://base.blockscout.com/address/0xde2f9244e183b051070ff6be80afdb63abc3e000,"""name"": ""PairV4Hook"", ""is_verified"": true"
0x1120bbc5b26d20e5d5b8170e46be56c05c4110c8,uniswap_hooklist,3,GeneralLaunchHook,https://raw.githubusercontent.com/Uniswap/hooklist/65ef4121419193a5aad9a493d2f4d9710d2f7653/hooks/base/0x1120bbc5b26d20e5d5b8170e46be56c05c4110c8.json,"{""name"": ""GeneralLaunchHook"", ""description"": ""A meme-token launch hook for Uniswap v4 that applies configurable buy/sell taxes and a time-decaying anti-snipe tax during the launch window. Tax proceeds are routed to configurable sinks (burn via buyback-and-burn, holder reflection, auto-LP deepening, creator, and extra wallets). Tracks price-multiple milestones (\""Chad Levels\"") per pool."", ""deployer"": """"}"
0x1120bbc5b26d20e5d5b8170e46be56c05c4110c8,blockscout,5,GeneralLaunchHook,https://base.blockscout.com/address/0x1120bbc5b26d20e5d5b8170e46be56c05c4110c8,"""name"": ""GeneralLaunchHook"", ""is_verified"": true"
0x8e7640e6bbcc483be39c9898a41dae86013368cc,uniswap_hooklist,3,ClankerHookStaticFeeV2,https://raw.githubusercontent.com/Uniswap/hooklist/65ef4121419193a5aad9a493d2f4d9710d2f7653/hooks/base/0x8e7640e6bbcc483be39c9898a41dae86013368cc.json,"{""name"": ""ClankerHookStaticFeeV2"", ""description"": ""Clanker protocol hook that applies asymmetric static LP fees (separate rates for buying vs. selling the launched token) and collects a protocol fee on each swap via delta manipulation. Optionally integrates MEV-protection modules (active for up to 30 days post-launch) and pool extensions."", ""deployer"": """"}"
0x8e7640e6bbcc483be39c9898a41dae86013368cc,blockscout,5,ClankerHookStaticFeeV2,https://base.blockscout.com/address/0x8e7640e6bbcc483be39c9898a41dae86013368cc,"""name"": ""ClankerHookStaticFeeV2"", ""is_verified"": true"
0x8c0986c564025903b0f1c7c87cba1760cb4faacc,uniswap_hooklist,3,LaunchHook,https://raw.githubusercontent.com/Uniswap/hooklist/65ef4121419193a5aad9a493d2f4d9710d2f7653/hooks/base/0x8c0986c564025903b0f1c7c87cba1760cb4faacc.json,"{""name"": ""LaunchHook"", ""description"": ""A token launch hook that seeds initial liquidity and applies a time-decaying anti-snipe fee. Fees are taken via BeforeSwapDelta/AfterSwapDelta and split between creator and platform through a FeeEscrow. Liquidity is locked after seeding; exact-output swaps are blocked while the elevated snipe fee is active."", ""deployer"": """"}"
0x8c0986c564025903b0f1c7c87cba1760cb4faacc,blockscout,5,LaunchHook,https://base.blockscout.com/address/0x8c0986c564025903b0f1c7c87cba1760cb4faacc,"""name"": ""LaunchHook"", ""is_verified"": true"
0x3a5357b375904cfaa9df07fba7252baa491c6fdc,uniswap_hooklist,3,BoardHook,https://raw.githubusercontent.com/Uniswap/hooklist/65ef4121419193a5aad9a493d2f4d9710d2f7653/hooks/base/0x3a5357b375904cfaa9df07fba7252baa491c6fdc.json,"{""name"": ""BoardHook"", ""description"": ""A Uniswap v4 hook implementing a token launch platform with a fair launch mechanism that fills purchases from a dedicated position, enforces time-gated access control (pre-launch block), optional Merkle-proof whitelisting, and distributes swap fees across protocol, creator, inspired, and referral recipients."", ""deployer"": """"}"
0x3a5357b375904cfaa9df07fba7252baa491c6fdc,blockscout,5,BoardHook,https://base.blockscout.com/address/0x3a5357b375904cfaa9df07fba7252baa491c6fdc,"""name"": ""BoardHook"", ""is_verified"": true"
0x73e0ae5d6b6950155db0415a60e5bb9a89a310c0,uniswap_hooklist,3,ZoraV4CoinHook,https://raw.githubusercontent.com/Uniswap/hooklist/65ef4121419193a5aad9a493d2f4d9710d2f7653/hooks/base/0x73e0ae5d6b6950155db0415a60e5bb9a89a310c0.json,"{""name"": ""ZoraV4CoinHook"", ""description"": ""Uniswap v4 hook for Zora Coins that collects LP fees from multiple positions on every swap, converts them to a backing currency via multi-hop swaps, and distributes rewards to creators, referrers, and the protocol. Supports limit order filling and liquidity migration to new hook implementations."", ""deployer"": """"}"
0x73e0ae5d6b6950155db0415a60e5bb9a89a310c0,blockscout,5,ZoraV4CoinHook,https://base.blockscout.com/address/0x73e0ae5d6b6950155db0415a60e5bb9a89a310c0,"""name"": ""ZoraV4CoinHook"", ""is_verified"": true"
0x766d77aa976ad92fa785dc505228dca7a36f80cc,uniswap_hooklist,3,TaxHook,https://raw.githubusercontent.com/Uniswap/hooklist/65ef4121419193a5aad9a493d2f4d9710d2f7653/hooks/base/0x766d77aa976ad92fa785dc505228dca7a36f80cc.json,"{""name"": ""TaxHook"", ""description"": ""A Uniswap v4 hook that taxes swaps on a designated token (boomToken), overriding LP fees to zero and collecting configurable team and per-pool developer taxes (in basis points) on both buys and sells."", ""deployer"": """"}"
0x766d77aa976ad92fa785dc505228dca7a36f80cc,blockscout,5,TaxHook,https://base.blockscout.com/address/0x766d77aa976ad92fa785dc505228dca7a36f80cc,"""name"": ""TaxHook"", ""is_verified"": true"
0x8defd6da5b578f50b22a358c4d859d5b538e9088,uniswap_hooklist,3,GitlawnchHook,https://raw.githubusercontent.com/Uniswap/hooklist/65ef4121419193a5aad9a493d2f4d9710d2f7653/hooks/base/0x8defd6da5b578f50b22a358c4d859d5b538e9088.json,"{""name"": ""GitlawnchHook"", ""description"": ""Skims a flat 1% fee on exact-input swaps, taking the fee directly into a Locker contract that splits it 80% to the token creator and 20% to the platform. Pools are created with LP fee 0, making this the sole trading fee mechanism."", ""deployer"": """"}"
0x8defd6da5b578f50b22a358c4d859d5b538e9088,blockscout,5,GitlawnchHook,https://base.blockscout.com/address/0x8defd6da5b578f50b22a358c4d859d5b538e9088,"""name"": ""GitlawnchHook"", ""is_verified"": true"
0xac4b3944c351b6641fdd85a192cf6ddf84b3facc,uniswap_hooklist,3,BDeFiHook,https://raw.githubusercontent.com/Uniswap/hooklist/65ef4121419193a5aad9a493d2f4d9710d2f7653/hooks/base/0xac4b3944c351b6641fdd85a192cf6ddf84b3facc.json,"{""name"": ""BDeFiHook"", ""description"": ""Applies buy/sell taxes and fulfills fee queues on swaps using TWAP oracle pricing. Gates trading until all LPs are initialized and records pool observations via a truncated geometric oracle. Part of the BDeFi protocol on Base."", ""deployer"": """"}"
0xac4b3944c351b6641fdd85a192cf6ddf84b3facc,blockscout,5,BDeFiHook,https://base.blockscout.com/address/0xac4b3944c351b6641fdd85a192cf6ddf84b3facc,"""name"": ""BDeFiHook"", ""is_verified"": true"
0xaf07116f1892c5fae4b55234a57ea20cf4e960cc,uniswap_hooklist,3,FlashHook,https://raw.githubusercontent.com/Uniswap/hooklist/65ef4121419193a5aad9a493d2f4d9710d2f7653/hooks/base/0xaf07116f1892c5fae4b55234a57ea20cf4e960cc.json,"{""name"": ""FlashHook"", ""description"": ""FLASH v2 protocol hook for WETH-rooted token ecosystems. Routes buys through an OTC order book and AMM aggregator, charges dynamic sell taxes (including price-impact taxes), and distributes proceeds to stakers, pool creators, and protocol treasury. Requires governance to activate a directional protocol fee before any swaps are permitted."", ""deployer"": """"}"
0xaf07116f1892c5fae4b55234a57ea20cf4e960cc,blockscout,5,Flash,https://base.blockscout.com/address/0xaf07116f1892c5fae4b55234a57ea20cf4e960cc,"""name"": ""Flash"", ""is_verified"": true"
0xe6b2b3e59d5df7827eb0a7915675db66ab12a044,uniswap_hooklist,3,AdvancedFeeHookV3,https://raw.githubusercontent.com/Uniswap/hooklist/65ef4121419193a5aad9a493d2f4d9710d2f7653/hooks/base/0xe6b2b3e59d5df7827eb0a7915675db66ab12a044.json,"{""name"": ""AdvancedFeeHookV3"", ""description"": ""A token launchpad fee hook for the BaseStonk platform that collects configurable swap taxes in afterSwap, distributing proceeds among a platform treasury, creator payees, a buyback-and-burn mechanism, and optional single-sided liquidity re-injection. Pool initialization is restricted to a privileged launcher address."", ""deployer"": """"}"
0xe6b2b3e59d5df7827eb0a7915675db66ab12a044,blockscout,5,AdvancedFeeHookV3,https://base.blockscout.com/address/0xe6b2b3e59d5df7827eb0a7915675db66ab12a044,"""name"": ""AdvancedFeeHookV3"", ""is_verified"": true"
0x64746dca345c5652bc251597bd99562216a7a0cc,uniswap_hooklist,3,StockHook,https://raw.githubusercontent.com/Uniswap/hooklist/65ef4121419193a5aad9a493d2f4d9710d2f7653/hooks/base/0x64746dca345c5652bc251597bd99562216a7a0cc.json,"{""name"": ""StockHook"", ""description"": ""Fee hook for klik.finance token/stock pools on Uniswap v4. Applies market-cap-tiered fees (0.10%\u20131.00%) with anti-snipe launch protection, collecting fees via ERC-6909 claims deferred to the next swap and split between a platform treasury and token creator."", ""deployer"": """"}"
0x64746dca345c5652bc251597bd99562216a7a0cc,blockscout,5,StockHook,https://base.blockscout.com/address/0x64746dca345c5652bc251597bd99562216a7a0cc,"""name"": ""StockHook"", ""is_verified"": true"
0x4ff4935dc3387455879f8d4ee66490317388d040,uniswap_hooklist,3,CreatorCoinHook,https://raw.githubusercontent.com/Uniswap/hooklist/65ef4121419193a5aad9a493d2f4d9710d2f7653/hooks/base/0x4ff4935dc3387455879f8d4ee66490317388d040.json,"{""name"": ""CreatorCoinHook"", ""description"": ""A Zora protocol hook for creator coin pools that collects LP fees after each swap, converts them to a backing currency via multi-hop swaps, and distributes rewards to the creator and protocol. On pool initialization, it mints multiple liquidity positions and, on each swap, also triggers creator vesting."", ""deployer"": """"}"
0x4ff4935dc3387455879f8d4ee66490317388d040,blockscout,5,CreatorCoinHook,https://base.blockscout.com/address/0x4ff4935dc3387455879f8d4ee66490317388d040,"""name"": ""CreatorCoinHook"", ""is_verified"": true"
0x66ee9adb1d644bb818e654aaed1824618c116fdc,uniswap_hooklist,3,BoardHook,https://raw.githubusercontent.com/Uniswap/hooklist/65ef4121419193a5aad9a493d2f4d9710d2f7653/hooks/base/0x66ee9adb1d644bb818e654aaed1824618c116fdc.json,"{""name"": ""BoardHook"", ""description"": ""A Uniswap v4 hook that manages token fair launches with time-gated trading windows, optional Merkle-proof whitelist enforcement during the fair launch period, and custom fee distribution to protocol, creator, referrer, and inspired parties. Unsold tokens at the end of the fair launch are burned."", ""deployer"": """"}"
0x66ee9adb1d644bb818e654aaed1824618c116fdc,blockscout,5,BoardHook,https://base.blockscout.com/address/0x66ee9adb1d644bb818e654aaed1824618c116fdc,"""name"": ""BoardHook"", ""is_verified"": true"
0xe702d70654fc7fd003b9079646b4cfd9c425ea44,uniswap_hooklist,3,TokenFab,https://raw.githubusercontent.com/Uniswap/hooklist/65ef4121419193a5aad9a493d2f4d9710d2f7653/hooks/base/0xe702d70654fc7fd003b9079646b4cfd9c425ea44.json,"{""name"": ""TokenFab"", ""description"": ""A bonding curve token launchpad hook that blocks external liquidity and enforces a progressive price curve for newly launched ERC-20 tokens. Once the bonding curve supply is exhausted, the hook automatically migrates liquidity to a standard AMM pool and extracts a 1% swap fee on the base-token side, split 50/50 between creator and platform."", ""deployer"": """"}"
0x221fab939d3c966122da95cea963e1b8d3f410c0,uniswap_hooklist,3,ZoraV4CoinHook,https://raw.githubusercontent.com/Uniswap/hooklist/65ef4121419193a5aad9a493d2f4d9710d2f7653/hooks/base/0x221fab939d3c966122da95cea963e1b8d3f410c0.json,"{""name"": ""ZoraV4CoinHook"", ""description"": ""Uniswap v4 hook for Zora Coins that initializes multiple Doppler-curve liquidity positions on pool creation. On every swap, collects LP fees, converts them to a backing currency, and distributes rewards. Features a dynamic launch fee decaying from 99% to 1% over 10 seconds post-creation, and triggers Zora limit order book fills on each swap."", ""deployer"": """"}"
0x221fab939d3c966122da95cea963e1b8d3f410c0,blockscout,5,ZoraV4CoinHook,https://base.blockscout.com/address/0x221fab939d3c966122da95cea963e1b8d3f410c0,"""name"": ""ZoraV4CoinHook"", ""is_verified"": true"
0xd3c1f2174f37f88811f99b1b1b4c1356c0246000,uniswap_hooklist,3,Aquinas Hook (Base),https://raw.githubusercontent.com/Uniswap/hooklist/65ef4121419193a5aad9a493d2f4d9710d2f7653/hooks/base/0xd3c1f2174f37f88811f99b1b1b4c1356c0246000.json,"{""name"": ""Aquinas Hook (Base)"", ""description"": ""Restricts Uniswap v4 pool initialization to factory-authorized Safe addresses for Aquinas DAOs, preventing frontrunning of LP initialization by requiring the caller to be pre-approved by the Aquinas factory."", ""deployer"": """"}"
0xd3c1f2174f37f88811f99b1b1b4c1356c0246000,document,4,Uniswap routing-api allowlist (AquinasPoolHook),https://raw.githubusercontent.com/Uniswap/routing-api/main/lib/util/hooksAddressesAllowlist.ts,export const AQUINAS_HOOK_ADDRESS_ON_BASE = '0xd3c1f2174f37f88811f99b1b1b4c1356c0246000'
0xd3c1f2174f37f88811f99b1b1b4c1356c0246000,blockscout,5,AquinasPoolHook,https://base.blockscout.com/address/0xd3c1f2174f37f88811f99b1b1b4c1356c0246000,"""name"": ""AquinasPoolHook"", ""is_verified"": true"
0x24e081f4da1ce6f8c194a031ae7aecb7910968cc,uniswap_hooklist,3,ClankerHookStaticFeeV2,https://raw.githubusercontent.com/Uniswap/hooklist/65ef4121419193a5aad9a493d2f4d9710d2f7653/hooks/base/0x24e081f4da1ce6f8c194a031ae7aecb7910968cc.json,"{""name"": ""ClankerHookStaticFeeV2"", ""description"": ""Clanker v2 hook that applies configurable static LP fees with separate rates per swap direction (clanker-in vs. paired-token-in), collects protocol fees via BeforeSwap/AfterSwap return deltas, and supports optional MEV module (temporary high-fee anti-MEV window) and pool extension integrations."", ""deployer"": """"}"
0x24e081f4da1ce6f8c194a031ae7aecb7910968cc,blockscout,5,ClankerHookStaticFeeV2,https://base.blockscout.com/address/0x24e081f4da1ce6f8c194a031ae7aecb7910968cc,"""name"": ""ClankerHookStaticFeeV2"", ""is_verified"": true"
0x80887f4ce589c973ebb1f6f81b6f6bb492106fdc,uniswap_hooklist,3,BoardHook,https://raw.githubusercontent.com/Uniswap/hooklist/65ef4121419193a5aad9a493d2f4d9710d2f7653/hooks/base/0x80887f4ce589c973ebb1f6f81b6f6bb492106fdc.json,"{""name"": ""BoardHook"", ""description"": ""A token-launch hook that manages a FairLaunch mechanism: it gates swaps temporally until a configurable launch timestamp, enforces an optional Merkle-proof allowlist during the fair launch window, intercepts swap input/output via BeforeSwapDelta to sell tokens from a one-sided position, and captures custom swap fees redistributed to protocol, token creators, referrers, and a Muse manager via AfterSwapDelta."", ""deployer"": """"}"
0x80887f4ce589c973ebb1f6f81b6f6bb492106fdc,blockscout,5,BoardHook,https://base.blockscout.com/address/0x80887f4ce589c973ebb1f6f81b6f6bb492106fdc,"""name"": ""BoardHook"", ""is_verified"": true"
0x8e04235b0a61dab93ab99c0bef82a407a8af5040,uniswap_hooklist,3,ZoraV4CoinHook,https://raw.githubusercontent.com/Uniswap/hooklist/65ef4121419193a5aad9a493d2f4d9710d2f7653/hooks/base/0x8e04235b0a61dab93ab99c0bef82a407a8af5040.json,"{""name"": ""ZoraV4CoinHook"", ""description"": ""A Uniswap v4 hook for Zora coin pools that mints liquidity positions on pool initialization and, after each swap, collects accrued LP fees, converts them to a payout currency via an on-chain swap path, and distributes the proceeds to the coin creator, trade/create referrers, and protocol."", ""deployer"": """"}"
0xd103012ad40bcd053fdda1ae80f62f39366ca080,uniswap_hooklist,3,ForgeHook,https://raw.githubusercontent.com/Uniswap/hooklist/65ef4121419193a5aad9a493d2f4d9710d2f7653/hooks/base/0xd103012ad40bcd053fdda1ae80f62f39366ca080.json,"{""name"": ""ForgeHook"", ""description"": ""Shared hook for all Forge V4 pools that enforces factory-only pool initialization and applies a time-decaying MEV fee: starts at 80% and decays parabolically to a 1.5% base fee over a 30-second window after pool creation."", ""deployer"": """"}"
0xd103012ad40bcd053fdda1ae80f62f39366ca080,blockscout,5,ForgeHook,https://base.blockscout.com/address/0xd103012ad40bcd053fdda1ae80f62f39366ca080,"""name"": ""ForgeHook"", ""is_verified"": true"
0xce5d52c0c2345260502872b6108d0ce2559280cc,uniswap_hooklist,3,OmniHook,https://raw.githubusercontent.com/Uniswap/hooklist/65ef4121419193a5aad9a493d2f4d9710d2f7653/hooks/base/0xce5d52c0c2345260502872b6108d0ce2559280cc.json,"{""name"": ""OmniHook"", ""description"": ""Charges a fixed 10 bps fee on every swap's output amount (covering both exact-input and exact-output paths), splitting the cut among five hardcoded addresses via a pull-based ledger. The fee is mandatory and non-configurable; no owner or admin exists."", ""deployer"": """"}"
0xce5d52c0c2345260502872b6108d0ce2559280cc,blockscout,5,OmniHook,https://base.blockscout.com/address/0xce5d52c0c2345260502872b6108d0ce2559280cc,"""name"": ""OmniHook"", ""is_verified"": true"
0xf5ee090f78bb3aa9e8719c776449bfa1587828cc,uniswap_hooklist,3,ClankerHookStaticFeeV2,https://raw.githubusercontent.com/Uniswap/hooklist/65ef4121419193a5aad9a493d2f4d9710d2f7653/hooks/base/0xf5ee090f78bb3aa9e8719c776449bfa1587828cc.json,"{""name"": ""ClankerHookStaticFeeV2"", ""description"": ""Manages Uniswap v4 pools for Clanker-deployed tokens with asymmetric static fees (separate clankerFee and pairedFee per direction), collecting a protocol cut via BeforeSwapDelta/AfterSwapDelta on each swap. Supports an optional time-limited MEV protection module that can temporarily raise fees, and LP locker fee auto-claiming."", ""deployer"": """"}"
0xf5ee090f78bb3aa9e8719c776449bfa1587828cc,blockscout,5,ClankerHookStaticFeeV2,https://base.blockscout.com/address/0xf5ee090f78bb3aa9e8719c776449bfa1587828cc,"""name"": ""ClankerHookStaticFeeV2"", ""is_verified"": true"
0x6773a2c211748e328d094e54c2b9f6b68208c088,uniswap_hooklist,3,VvveityFeeHook,https://raw.githubusercontent.com/Uniswap/hooklist/65ef4121419193a5aad9a493d2f4d9710d2f7653/hooks/base/0x6773a2c211748e328d094e54c2b9f6b68208c088.json,"{""name"": ""VvveityFeeHook"", ""description"": ""Charges an immutable flat fee (in basis points, capped at 10%) on every swap by skimming the specified amount in beforeSwap and forwarding it to an immutable fee recipient. Fee rate and recipient are fixed at deployment with no admin, upgrade path, or pause mechanism."", ""deployer"": """"}"
0x6773a2c211748e328d094e54c2b9f6b68208c088,blockscout,5,VvveityFeeHook,https://base.blockscout.com/address/0x6773a2c211748e328d094e54c2b9f6b68208c088,"""name"": ""VvveityFeeHook"", ""is_verified"": true"
0x73669cea70473f28af31fd1e7750e51dcfe5ea20,blockscout,5,LaunchGuardHook,https://base.blockscout.com/address/0x73669cea70473f28af31fd1e7750e51dcfe5ea20,"""name"": ""LaunchGuardHook"", ""is_verified"": true"
0xa74562863529b72b04368ca5efafd96c4741aaec,uniswap_hooklist,3,ForgeHookV4,https://raw.githubusercontent.com/Uniswap/hooklist/65ef4121419193a5aad9a493d2f4d9710d2f7653/hooks/base/0xa74562863529b72b04368ca5efafd96c4741aaec.json,"{""name"": ""ForgeHookV4"", ""description"": ""Custom fee hook for managed token launches that collects configurable buy/sell fees on every swap and distributes them across platform, creator, rewards, and utility recipients. Enforces a single-position launch authorization flow (controlled by a launchManager) and permanently blocks liquidity removal."", ""deployer"": """"}"
0xa74562863529b72b04368ca5efafd96c4741aaec,blockscout,5,ForgeHookV4,https://base.blockscout.com/address/0xa74562863529b72b04368ca5efafd96c4741aaec,"""name"": ""ForgeHookV4"", ""is_verified"": true"
0x19945cf328faad357df4e1cc809a2fb39bc300cc,uniswap_hooklist,3,TripoolsAntiSnipeHook,https://raw.githubusercontent.com/Uniswap/hooklist/65ef4121419193a5aad9a493d2f4d9710d2f7653/hooks/base/0x19945cf328faad357df4e1cc809a2fb39bc300cc.json,"{""name"": ""TripoolsAntiSnipeHook"", ""description"": ""A Uniswap v4 hook for Tripools launch factory pools that enforces a 6-second anti-snipe window (50% tax for non-whitelisted buyers) and collects dynamic tiered ETH swap fees, splitting revenue between the protocol treasury and the pool creator via TripoolsFeeLocker."", ""deployer"": """"}"
0x19945cf328faad357df4e1cc809a2fb39bc300cc,blockscout,5,TripoolsAntiSnipeHook,https://base.blockscout.com/address/0x19945cf328faad357df4e1cc809a2fb39bc300cc,"""name"": ""TripoolsAntiSnipeHook"", ""is_verified"": true"
0x64b54c01afcb36a405a2615e65b5e22a52b28044,blockscout,5,AccumulateHook,https://base.blockscout.com/address/0x64b54c01afcb36a405a2615e65b5e22a52b28044,"""name"": ""AccumulateHook"", ""is_verified"": true"
0x0a4c262633120f0161d751b856acd051810ca8cc,uniswap_hooklist,3,ClankerHookDynamicFeeV2,https://raw.githubusercontent.com/Uniswap/hooklist/65ef4121419193a5aad9a493d2f4d9710d2f7653/hooks/base/0x0a4c262633120f0161d751b856acd051810ca8cc.json,"{""name"": ""ClankerHookDynamicFeeV2"", ""description"": ""A Clanker protocol hook that dynamically adjusts LP fees based on a volatility accumulator derived from tick movement, takes a 20% protocol fee on each swap, and runs an optional MEV-protection module during the initial 2-minute window after pool creation."", ""deployer"": """"}"
0xa3885fff57cb16cad60a3cac7e49b0273f562840,uniswap_hooklist,3,VieTokenPoolHook,https://raw.githubusercontent.com/Uniswap/hooklist/65ef4121419193a5aad9a493d2f4d9710d2f7653/hooks/base/0xa3885fff57cb16cad60a3cac7e49b0273f562840.json,"{""name"": ""VieTokenPoolHook"", ""description"": ""A Uniswap v4 hook for the Vie platform that gates pool initialization to a factory, enforces a 2-block delay before external liquidity additions, and after every swap sweeps accumulated LP fees from the pool's single managed position into a vault, splitting them between a token fee recipient and a platform fee recipient."", ""deployer"": """"}"
0xadaccf778c96772fb06b042212b7ff0c434e00cc,uniswap_hooklist,3,Politiswap,https://raw.githubusercontent.com/Uniswap/hooklist/65ef4121419193a5aad9a493d2f4d9710d2f7653/hooks/base/0xadaccf778c96772fb06b042212b7ff0c434e00cc.json,"{""name"": ""Politiswap"", ""description"": ""Manages a set of ETH/political-token (PolToken) pools, routing all swaps through a per-pool allowlist (only the PolToken contract itself may be the swap sender). Charges a fixed 2% fee on each swap in ETH, tracks net daily ETH inflows per pool, and distributes governance token (POL) rewards to holders of whichever pool attracted the highest daily ETH inflow."", ""deployer"": """"}"
0xadaccf778c96772fb06b042212b7ff0c434e00cc,blockscout,5,Politiswap,https://base.blockscout.com/address/0xadaccf778c96772fb06b042212b7ff0c434e00cc,"""name"": ""Politiswap"", ""is_verified"": true"
0xc1d439d52dd5ea6a7910df9ee97bff7eb4ae2844,uniswap_hooklist,3,TokenFab,https://raw.githubusercontent.com/Uniswap/hooklist/65ef4121419193a5aad9a493d2f4d9710d2f7653/hooks/base/0xc1d439d52dd5ea6a7910df9ee97bff7eb4ae2844.json,"{""name"": ""TokenFab"", ""description"": ""A token launchpad hook implementing a bonding curve via staged Uniswap v4 liquidity positions. Once the bonding curve supply (240 tokens) is fully sold, liquidity is automatically removed and migrated to a full-range AMM pool. Swaps incur a 1% fee split equally between the token creator and the platform."", ""deployer"": """"}"
0xc1d439d52dd5ea6a7910df9ee97bff7eb4ae2844,blockscout,5,TokenFab,https://base.blockscout.com/address/0xc1d439d52dd5ea6a7910df9ee97bff7eb4ae2844,"""name"": ""TokenFab"", ""is_verified"": true"
0xdda9bc41e324ef379e774ae1f7b062d23ea8aacc,uniswap_hooklist,3,LaunchHook,https://raw.githubusercontent.com/Uniswap/hooklist/65ef4121419193a5aad9a493d2f4d9710d2f7653/hooks/base/0xdda9bc41e324ef379e774ae1f7b062d23ea8aacc.json,"{""name"": ""LaunchHook"", ""description"": ""A shared Uniswap v4 hook for launchpad-created pools that gates pool creation to the factory, locks all liquidity (blocking third-party adds/removes), and charges time-decaying anti-snipe fees on swaps. Fees are split into configurable per-pool components (creator, platform, referrer) and distributed via ERC-6909 claims to a FeeEscrow contract."", ""deployer"": """"}"
0x2588587e21d5df55c80abccd555c3d9b9365e8c8,uniswap_hooklist,3,AutoBurnHook,https://raw.githubusercontent.com/Uniswap/hooklist/65ef4121419193a5aad9a493d2f4d9710d2f7653/hooks/base/0x2588587e21d5df55c80abccd555c3d9b9365e8c8.json,"{""name"": ""AutoBurnHook"", ""description"": ""A Uniswap v4 hook for ETH-paired pools (currency0 must be ETH) that charges a configurable per-swap fee (default 1%). On ETH\u2192token swaps, the collected ETH fee is routed through a nested swap via SwapExecutor and the resulting tokens are burned to the dead address. On token\u2192ETH swaps, the collected token fee is transferred directly to the dead address."", ""deployer"": """"}"
0x89bc845938b5e1481cc1c5484d2d55a9c0523fff,uniswap_hooklist,3,AgentUniswapHook,https://raw.githubusercontent.com/Uniswap/hooklist/65ef4121419193a5aad9a493d2f4d9710d2f7653/hooks/base/0x89bc845938b5e1481cc1c5484d2d55a9c0523fff.json,"{""name"": ""AgentUniswapHook"", ""description"": ""A UUPS-upgradeable Uniswap v4 hook that collects configurable fees on each swap, distributing them to designated recipients, and burns the agent token (via IBurnable) in afterSwap. Fee recipients and burn percentages are set per token pair by an owner or controller."", ""deployer"": """"}"
0x89bc845938b5e1481cc1c5484d2d55a9c0523fff,blockscout,5,ERC1967Proxy,https://base.blockscout.com/address/0x89bc845938b5e1481cc1c5484d2d55a9c0523fff,"""name"": ""ERC1967Proxy"", ""is_verified"": true"
0x4ac4aff2eede61556bfbc45879a87d440a3c68cc,uniswap_hooklist,3,LiquidHookDynamicFeeV2,https://raw.githubusercontent.com/Uniswap/hooklist/65ef4121419193a5aad9a493d2f4d9710d2f7653/hooks/base/0x4ac4aff2eede61556bfbc45879a87d440a3c68cc.json,"{""name"": ""LiquidHookDynamicFeeV2"", ""description"": ""A Uniswap v4 hook that adjusts LP fees dynamically based on a volatility accumulator derived from tick movement between swaps, and collects protocol fees on each swap by modulating swap deltas via beforeSwapReturnsDelta and afterSwapReturnsDelta. Supports optional MEV module and pool extension integrations."", ""deployer"": """"}"
0xb053e410725d988f8f3c979d0a4727ae173360cc,uniswap_hooklist,3,BaldpadFeeHookV3,https://raw.githubusercontent.com/Uniswap/hooklist/65ef4121419193a5aad9a493d2f4d9710d2f7653/hooks/base/0xb053e410725d988f8f3c979d0a4727ae173360cc.json,"{""name"": ""BaldpadFeeHookV3"", ""description"": ""A Uniswap v4 hook for the Baldpad protocol that charges directional quote-currency fees on swaps, splitting revenue between a per-pool creator and a platform treasury. Supports a configurable opening fee that linearly decays to a base rate over a set time window, implemented via BeforeSwapDelta and afterSwapReturnDelta."", ""deployer"": """"}"
0xc384b99a6e5cd1a800b2d83ab71bab7bd712b0cc,uniswap_hooklist,3,DeliHook,https://raw.githubusercontent.com/Uniswap/hooklist/65ef4121419193a5aad9a493d2f4d9710d2f7653/hooks/base/0xc384b99a6e5cd1a800b2d83ab71bab7bd712b0cc.json,"{""name"": ""DeliHook"", ""description"": ""Uniswap v4 hook for wBLT-paired pools that replaces standard LP fee collection with custom fee handling: overrides the dynamic LP fee to 0 and takes fees always in wBLT, forwarding them to a FeeProcessor. Syncs DailyEpochGauge and IncentiveGauge on every swap. Pools must include wBLT as one of the two currencies and must use dynamic LP fees."", ""deployer"": """"}"
0x1f5d1feec5186a4200b047c94ca6c4619d392fdc,uniswap_hooklist,3,Flaunch PositionManager,https://raw.githubusercontent.com/Uniswap/hooklist/65ef4121419193a5aad9a493d2f4d9710d2f7653/hooks/base/0x1f5d1feec5186a4200b047c94ca6c4619d392fdc.json,"{""name"": ""Flaunch PositionManager"", ""description"": ""The Flaunch protocol's central Uniswap v4 hook managing the full memecoin lifecycle: a time-gated fair launch phase (buy-only), an internal swap pool that recycles accumulated fees as liquidity before hitting the Uniswap pool, protocol and creator fee distribution, and a bid wall for buy-side liquidity support."", ""deployer"": """"}"
0x2f9354bbb0edef5c2a5c4b78d0c59d73412a28cc,uniswap_hooklist,3,ClawnchHookStaticFeeV2,https://raw.githubusercontent.com/Uniswap/hooklist/65ef4121419193a5aad9a493d2f4d9710d2f7653/hooks/base/0x2f9354bbb0edef5c2a5c4b78d0c59d73412a28cc.json,"{""name"": ""ClawnchHookStaticFeeV2"", ""description"": ""A Uniswap v4 hook for Clawnch token deployments that sets distinct static LP fees for clawnch-direction vs. paired-direction swaps, and collects a 20% protocol fee on each swap by adjusting swap amounts via beforeSwap and afterSwap return deltas."", ""deployer"": """"}"
0x2f9354bbb0edef5c2a5c4b78d0c59d73412a28cc,document,4,Uniswap routing-api allowlist,https://raw.githubusercontent.com/Uniswap/routing-api/main/lib/util/hooksAddressesAllowlist.ts,export const CLAUNCH_HOOK_ON_BASE = '0x2f9354bbb0edef5c2a5c4b78d0c59d73412a28cc'
0x4a32872bf122d1aeae22f3c9da36650c14b66acc,uniswap_hooklist,3,TokenFab,https://raw.githubusercontent.com/Uniswap/hooklist/65ef4121419193a5aad9a493d2f4d9710d2f7653/hooks/base/0x4a32872bf122d1aeae22f3c9da36650c14b66acc.json,"{""name"": ""TokenFab"", ""description"": ""Token launch platform hook implementing a bonding curve for new ERC-20 tokens. Collects configurable platform and creator fees on swaps via BeforeSwapDelta and AfterSwapDelta, and automatically graduates tokens to a full AMM pool when the bonding curve supply target is reached."", ""deployer"": """"}"
0x6cbc61fc9c667ec84936f6da623689b95a3c1040,uniswap_hooklist,3,ContentCoinHook,https://raw.githubusercontent.com/Uniswap/hooklist/65ef4121419193a5aad9a493d2f4d9710d2f7653/hooks/base/0x6cbc61fc9c667ec84936f6da623689b95a3c1040.json,"{""name"": ""ContentCoinHook"", ""description"": ""A Uniswap v4 hook for Zora's content coin protocol that, on each swap, collects accrued LP fees from all positions, converts them to a backing currency via multi-hop swaps, and distributes rewards to creators, trade referrers, and LPs. On pool initialization, it mints multiple Doppler-curve liquidity positions."", ""deployer"": """"}"
0x8f66d6821dfa255f7a008e76efdefb96992b5ae4,uniswap_hooklist,3,UniClawHookV4,https://raw.githubusercontent.com/Uniswap/hooklist/65ef4121419193a5aad9a493d2f4d9710d2f7653/hooks/base/0x8f66d6821dfa255f7a008e76efdefb96992b5ae4.json,"{""name"": ""UniClawHookV4"", ""description"": ""Dual-mode Uniswap v4 hook supporting agent-only and public pools. For agent-only pools, swaps and liquidity actions are gated to verified agents via an on-chain registry. After each swap, a configurable fee (optionally scaled by the swapper's on-chain reputation score) is extracted from the output token and accumulated for the pool creator to collect."", ""deployer"": """"}"
0x924add3c0e75a8d22db0a4c75abc91c0a2202aec,blockscout,5,EmbowHook,https://base.blockscout.com/address/0x924add3c0e75a8d22db0a4c75abc91c0a2202aec,"""name"": ""EmbowHook"", ""is_verified"": true"
0x01edc739f4893df3c0658fb1b57d5a6ca05c1000,uniswap_hooklist,3,SaturnOmnichainV4Hook,https://raw.githubusercontent.com/Uniswap/hooklist/65ef4121419193a5aad9a493d2f4d9710d2f7653/hooks/base/0x01edc739f4893df3c0658fb1b57d5a6ca05c1000.json,"{""name"": ""SaturnOmnichainV4Hook"", ""description"": ""A Uniswap v4 hook for Saturn Omnichain with only the afterInitialize permission. The afterInitialize callback is a no-op stub. Pool setup is handled externally via initializePools(), which delegates to a linked ISaturnOmnichainLiquidityBootstrapper to set the initial tick and mark the pool as initialized."", ""deployer"": """"}"
0x03fd23758e8790768fbb6a684b17fdda3b9a9000,uniswap_hooklist,3,SaturnOmnichainV4Hook,https://raw.githubusercontent.com/Uniswap/hooklist/65ef4121419193a5aad9a493d2f4d9710d2f7653/hooks/base/0x03fd23758e8790768fbb6a684b17fdda3b9a9000.json,"{""name"": ""SaturnOmnichainV4Hook"", ""description"": ""Saturn Omnichain hook that uses only the afterInitialize permission as a no-op callback. Exposes an initializePools() function that delegates to an ISaturnOmnichainLiquidityBootstrapper contract to seed initial liquidity and records the resulting initial tick."", ""deployer"": """"}"
0x04e6b08a4cfe0ac68ac8857cf1aab924fde35000,uniswap_hooklist,3,SaturnOmnichainV4Hook,https://raw.githubusercontent.com/Uniswap/hooklist/65ef4121419193a5aad9a493d2f4d9710d2f7653/hooks/base/0x04e6b08a4cfe0ac68ac8857cf1aab924fde35000.json,"{""name"": ""SaturnOmnichainV4Hook"", ""description"": ""A Uniswap v4 hook for the Saturn Omnichain project with only the afterInitialize permission enabled; the callback is a no-op that performs no on-chain action. A separate initializePools() function (callable externally) delegates to a liquidity bootstrapper contract to record the initial tick. All swap behavior is entirely unmodified."", ""deployer"": """"}"
0x11d7ab8cdf007e4f66929a9e231f419574ec1000,uniswap_hooklist,3,SaturnOmnichainV4Hook,https://raw.githubusercontent.com/Uniswap/hooklist/65ef4121419193a5aad9a493d2f4d9710d2f7653/hooks/base/0x11d7ab8cdf007e4f66929a9e231f419574ec1000.json,"{""name"": ""SaturnOmnichainV4Hook"", ""description"": ""A Uniswap v4 hook for the Saturn Omnichain project that enables afterInitialize but performs no action in the callback. Provides an external initializePools() function that calls a separate liquidity bootstrapper contract to seed initial pool liquidity and record the starting tick."", ""deployer"": """"}"
0x1e898f8f35f139a79a16d93537ab9b4097b21000,uniswap_hooklist,3,SaturnOmnichainV4Hook,https://raw.githubusercontent.com/Uniswap/hooklist/65ef4121419193a5aad9a493d2f4d9710d2f7653/hooks/base/0x1e898f8f35f139a79a16d93537ab9b4097b21000.json,"{""name"": ""SaturnOmnichainV4Hook"", ""description"": ""A minimal hook with only the afterInitialize permission, which is a no-op. Provides an initializePools() function that delegates to an external liquidity bootstrapper contract to seed initial pool liquidity and record the starting tick."", ""deployer"": """"}"
0x1ed3afa8c99b4ab597c48a9f56cad6457d255000,uniswap_hooklist,3,SaturnOmnichainV4Hook,https://raw.githubusercontent.com/Uniswap/hooklist/65ef4121419193a5aad9a493d2f4d9710d2f7653/hooks/base/0x1ed3afa8c99b4ab597c48a9f56cad6457d255000.json,"{""name"": ""SaturnOmnichainV4Hook"", ""description"": ""A Uniswap v4 hook for the Saturn Omnichain project that only subscribes to afterInitialize. An external liquidity bootstrapper contract supplies the initial tick, which is stored in public state. All swap, liquidity, and donate callbacks are pure no-ops that return their respective selectors with no side effects."", ""deployer"": """"}"
0x23873ed5308b9f48ce3185fe8d17279e2c9e9000,uniswap_hooklist,3,SaturnOmnichainV4Hook,https://raw.githubusercontent.com/Uniswap/hooklist/65ef4121419193a5aad9a493d2f4d9710d2f7653/hooks/base/0x23873ed5308b9f48ce3185fe8d17279e2c9e9000.json,"{""name"": ""SaturnOmnichainV4Hook"", ""description"": ""A Uniswap v4 hook for the Saturn Omnichain project that implements only afterInitialize as a no-op callback. An external initializePools() function delegates to a liquidity bootstrapper contract to seed initial liquidity and record the pool's starting tick."", ""deployer"": """"}"
0x2a3d8748d4de2efcea0c1c63da49eb3fd4d09000,uniswap_hooklist,3,SaturnOmnichainV4Hook,https://raw.githubusercontent.com/Uniswap/hooklist/65ef4121419193a5aad9a493d2f4d9710d2f7653/hooks/base/0x2a3d8748d4de2efcea0c1c63da49eb3fd4d09000.json,"{""name"": ""SaturnOmnichainV4Hook"", ""description"": ""A minimal hook for the Saturn Omnichain project that implements only afterInitialize (no-op). Provides an initializePools() function that delegates to an external ISaturnOmnichainLiquidityBootstrapper contract to bootstrap initial liquidity and records the initial tick on-chain."", ""deployer"": """"}"
0x2d135c0e411959c1daaaa33829568866afafd000,uniswap_hooklist,3,ProjectHook,https://raw.githubusercontent.com/Uniswap/hooklist/65ef4121419193a5aad9a493d2f4d9710d2f7653/hooks/base/0x2d135c0e411959c1daaaa33829568866afafd000.json,"{""name"": ""ProjectHook"", ""description"": ""Emits a ProjectPoolInitialized event on pool initialization, recording the pool ID, project token, and sender. Requires one of the pool's currencies to be native ETH; reverts if neither currency is the zero address."", ""deployer"": """"}"
0x2ddaeea2ce544ac44e0e9b6d11a4cc75187b5000,uniswap_hooklist,3,SaturnOmnichainV4Hook,https://raw.githubusercontent.com/Uniswap/hooklist/65ef4121419193a5aad9a493d2f4d9710d2f7653/hooks/base/0x2ddaeea2ce544ac44e0e9b6d11a4cc75187b5000.json,"{""name"": ""SaturnOmnichainV4Hook"", ""description"": ""A hook with only the afterInitialize permission, implemented as a no-op stub. Delegates pool initialization and liquidity bootstrapping to an external ISaturnOmnichainLiquidityBootstrapper contract; all swap, liquidity, and donate callbacks are pass-through stubs with no custom logic."", ""deployer"": """"}"
0x2ef9ff1fd204a3b94b7882917e65940ff5951000,uniswap_hooklist,3,SaturnOmnichainV4Hook,https://raw.githubusercontent.com/Uniswap/hooklist/65ef4121419193a5aad9a493d2f4d9710d2f7653/hooks/base/0x2ef9ff1fd204a3b94b7882917e65940ff5951000.json,"{""name"": ""SaturnOmnichainV4Hook"", ""description"": ""A Uniswap v4 hook for the Saturn Omnichain project that registers only the afterInitialize permission. The afterInitialize callback is a no-op (returns the selector only). Includes an initializePools() function that delegates to an external ISaturnOmnichainLiquidityBootstrapper to bootstrap liquidity and record the initial tick."", ""deployer"": """"}"
0x3f67d62bbe3bc3d816c0adda020151008daa5000,uniswap_hooklist,3,SaturnOmnichainV4Hook,https://raw.githubusercontent.com/Uniswap/hooklist/65ef4121419193a5aad9a493d2f4d9710d2f7653/hooks/base/0x3f67d62bbe3bc3d816c0adda020151008daa5000.json,"{""name"": ""SaturnOmnichainV4Hook"", ""description"": ""A minimal hook with only afterInitialize enabled; the callback is a no-op that returns the selector. Exposes an initializePools() function that delegates to an external liquidity bootstrapper to seed initial positions and records the resulting tick."", ""deployer"": """"}"
0x3f704abd271515b0056f68d3e477f00ec1f6d000,uniswap_hooklist,3,SaturnOmnichainV4Hook,https://raw.githubusercontent.com/Uniswap/hooklist/65ef4121419193a5aad9a493d2f4d9710d2f7653/hooks/base/0x3f704abd271515b0056f68d3e477f00ec1f6d000.json,"{""name"": ""SaturnOmnichainV4Hook"", ""description"": ""A minimal hook for the Saturn Omnichain project with only the `afterInitialize` permission active. The `afterInitialize` callback is a pure no-op stub; the contract also exposes `initializePools()` which calls an external `ISaturnOmnichainLiquidityBootstrapper` to bootstrap pool liquidity."", ""deployer"": """"}"
0x491508a9389490b5f8cdadc23393ade022ee1000,uniswap_hooklist,3,SaturnOmnichainV4Hook,https://raw.githubusercontent.com/Uniswap/hooklist/65ef4121419193a5aad9a493d2f4d9710d2f7653/hooks/base/0x491508a9389490b5f8cdadc23393ade022ee1000.json,"{""name"": ""SaturnOmnichainV4Hook"", ""description"": ""Minimal hook for the Saturn Omnichain protocol that records the initial tick after pool initialization via a liquidity bootstrapper contract. Only afterInitialize is active; all swap callbacks are no-ops and swap behavior is fully standard Uniswap v4."", ""deployer"": """"}"
0x4c9cb1962718e867df8c800f24b26e9a70ef9000,uniswap_hooklist,3,SaturnOmnichainV4Hook,https://raw.githubusercontent.com/Uniswap/hooklist/65ef4121419193a5aad9a493d2f4d9710d2f7653/hooks/base/0x4c9cb1962718e867df8c800f24b26e9a70ef9000.json,"{""name"": ""SaturnOmnichainV4Hook"", ""description"": ""A Uniswap v4 hook for the Saturn Omnichain project with only the afterInitialize flag set. The afterInitialize callback is a no-op; the contract exposes a separate initializePools() function that delegates to an external liquidity bootstrapper contract to set up initial liquidity and record the starting tick."", ""deployer"": """"}"
0x5e738993237611ea8def9e104b013ba622e1d000,uniswap_hooklist,3,SaturnOmnichainV4Hook,https://raw.githubusercontent.com/Uniswap/hooklist/65ef4121419193a5aad9a493d2f4d9710d2f7653/hooks/base/0x5e738993237611ea8def9e104b013ba622e1d000.json,"{""name"": ""SaturnOmnichainV4Hook"", ""description"": ""Saturn Omnichain hook that holds an `afterInitialize` permission but performs no action in the callback. Exposes an `initializePools()` function that calls an external `LiquidityBootstrapper` to set up liquidity and records the initial tick. Has no swap, fee, or liquidity modification logic."", ""deployer"": """"}"
0x692a5bd7fdced31853634cf423d4c0d46d7a5000,uniswap_hooklist,3,SaturnOmnichainV4Hook,https://raw.githubusercontent.com/Uniswap/hooklist/65ef4121419193a5aad9a493d2f4d9710d2f7653/hooks/base/0x692a5bd7fdced31853634cf423d4c0d46d7a5000.json,"{""name"": ""SaturnOmnichainV4Hook"", ""description"": ""A minimal hook for the Saturn Omnichain project that enables the afterInitialize permission (as a no-op callback) and delegates pool liquidity setup to a separate ISaturnOmnichainLiquidityBootstrapper contract via an external initializePools() call. It does not modify swap behavior in any way."", ""deployer"": """"}"
0x6f43871c25acf149d68629490af33774d09c1000,uniswap_hooklist,3,SaturnOmnichainV4Hook,https://raw.githubusercontent.com/Uniswap/hooklist/65ef4121419193a5aad9a493d2f4d9710d2f7653/hooks/base/0x6f43871c25acf149d68629490af33774d09c1000.json,"{""name"": ""SaturnOmnichainV4Hook"", ""description"": ""A minimal hook for the Saturn Omnichain protocol that implements only afterInitialize as a no-op. Exposes initializePools() which delegates liquidity bootstrapping to an external ISaturnOmnichainLiquidityBootstrapper contract and stores the returned initial tick in contract storage."", ""deployer"": """"}"
0x886313bb1b7a17c00a189995dba8534ce2715000,uniswap_hooklist,3,SaturnOmnichainV4Hook,https://raw.githubusercontent.com/Uniswap/hooklist/65ef4121419193a5aad9a493d2f4d9710d2f7653/hooks/base/0x886313bb1b7a17c00a189995dba8534ce2715000.json,"{""name"": ""SaturnOmnichainV4Hook"", ""description"": ""A minimal hook for the Saturn Omnichain protocol with only the `afterInitialize` permission, which is a no-op. Provides an `initializePools()` function that calls an external liquidity bootstrapper contract to seed initial positions and record the initial tick."", ""deployer"": """"}"
0x922826f26bacb89e9e9165951b4964f5436fd000,uniswap_hooklist,3,SaturnOmnichainV4Hook,https://raw.githubusercontent.com/Uniswap/hooklist/65ef4121419193a5aad9a493d2f4d9710d2f7653/hooks/base/0x922826f26bacb89e9e9165951b4964f5436fd000.json,"{""name"": ""SaturnOmnichainV4Hook"", ""description"": ""Saturn Omnichain hook that integrates with an external liquidity bootstrapper to record the initial tick after pool setup. The afterInitialize callback is a no-op; pool initialization is triggered externally via initializePools(), which calls the bootstrapper and stores the resulting tick."", ""deployer"": """"}"
0xa060a690e9c5a9a65043cedd5c07877e371fd000,uniswap_hooklist,3,SaturnOmnichainV4Hook,https://raw.githubusercontent.com/Uniswap/hooklist/65ef4121419193a5aad9a493d2f4d9710d2f7653/hooks/base/0xa060a690e9c5a9a65043cedd5c07877e371fd000.json,"{""name"": ""SaturnOmnichainV4Hook"", ""description"": ""A minimal hook for the Saturn Omnichain protocol that stores pool configuration constants and a reference to a liquidity bootstrapper contract. The afterInitialize callback is a no-op; pool initialization is triggered externally via initializePools(), which delegates to the bootstrapper."", ""deployer"": """"}"
0xa167f8781351e27e5f98dccec86a82d952f69000,uniswap_hooklist,3,SaturnOmnichainV4Hook,https://raw.githubusercontent.com/Uniswap/hooklist/65ef4121419193a5aad9a493d2f4d9710d2f7653/hooks/base/0xa167f8781351e27e5f98dccec86a82d952f69000.json,"{""name"": ""SaturnOmnichainV4Hook"", ""description"": ""A minimal Uniswap v4 hook for the Saturn omnichain protocol with only the afterInitialize permission. It records a poolInitialized flag and the initial tick after pool creation, delegating liquidity bootstrapping to an external ISaturnOmnichainLiquidityBootstrapper contract."", ""deployer"": """"}"
0xa2c0d9e0f0c1660b2f4ecd0414d2f18f999d5000,uniswap_hooklist,3,SaturnOmnichainV4Hook,https://raw.githubusercontent.com/Uniswap/hooklist/65ef4121419193a5aad9a493d2f4d9710d2f7653/hooks/base/0xa2c0d9e0f0c1660b2f4ecd0414d2f18f999d5000.json,"{""name"": ""SaturnOmnichainV4Hook"", ""description"": ""A minimal Uniswap v4 hook for the Saturn Omnichain project with only the afterInitialize permission set. All hook callbacks are no-ops returning their selector. Provides an initializePools() function that delegates to a liquidity bootstrapper contract to seed initial liquidity and record the initial tick."", ""deployer"": """"}"
0xb2147ce309edea49f21a01fd5b777992e7375000,uniswap_hooklist,3,SaturnOmnichainV4Hook,https://raw.githubusercontent.com/Uniswap/hooklist/65ef4121419193a5aad9a493d2f4d9710d2f7653/hooks/base/0xb2147ce309edea49f21a01fd5b777992e7375000.json,"{""name"": ""SaturnOmnichainV4Hook"", ""description"": ""A hook with afterInitialize registered but implemented as a no-op. Provides a separate initializePools() function that calls an external ISaturnOmnichainLiquidityBootstrapper.bootstrap() to record the initial tick. All hook callbacks return their selectors unchanged without performing any logic."", ""deployer"": """"}"
0xb99c5b4c603a607db02a984ed0a69fb45edc9000,uniswap_hooklist,3,SaturnOmnichainV4Hook,https://raw.githubusercontent.com/Uniswap/hooklist/65ef4121419193a5aad9a493d2f4d9710d2f7653/hooks/base/0xb99c5b4c603a607db02a984ed0a69fb45edc9000.json,"{""name"": ""SaturnOmnichainV4Hook"", ""description"": ""A Uniswap v4 hook for the Saturn Omnichain project that implements only afterInitialize (as a no-op) and exposes an initializePools() function that delegates to an external LiquidityBootstrapper to seed pools and record the initial tick. Has no swap, liquidity, or donate logic."", ""deployer"": """"}"
0xc084969baec7910f8df71bdcd90d9c37d3919000,uniswap_hooklist,3,SaturnOmnichainV4Hook,https://raw.githubusercontent.com/Uniswap/hooklist/65ef4121419193a5aad9a493d2f4d9710d2f7653/hooks/base/0xc084969baec7910f8df71bdcd90d9c37d3919000.json,"{""name"": ""SaturnOmnichainV4Hook"", ""description"": ""A Uniswap v4 hook for the Saturn Omnichain protocol with a no-op afterInitialize callback. Exposes an initializePools() function that delegates to an external LiquidityBootstrapper contract to seed liquidity and record the initial tick."", ""deployer"": """"}"
0xc6b5a5d3f73a24645c25faa833ef411947385000,uniswap_hooklist,3,SaturnOmnichainV4Hook,https://raw.githubusercontent.com/Uniswap/hooklist/65ef4121419193a5aad9a493d2f4d9710d2f7653/hooks/base/0xc6b5a5d3f73a24645c25faa833ef411947385000.json,"{""name"": ""SaturnOmnichainV4Hook"", ""description"": ""A minimal hook for the Saturn Omnichain protocol with only afterInitialize active. The afterInitialize callback is a no-op; pool setup is handled via a separate initializePools() function that delegates to an external ISaturnOmnichainLiquidityBootstrapper contract to bootstrap liquidity and record the initial tick."", ""deployer"": """"}"
0xc981b010edb021b8765f383ccd3f896ed47e1000,uniswap_hooklist,3,SaturnOmnichainV4Hook,https://raw.githubusercontent.com/Uniswap/hooklist/65ef4121419193a5aad9a493d2f4d9710d2f7653/hooks/base/0xc981b010edb021b8765f383ccd3f896ed47e1000.json,"{""name"": ""SaturnOmnichainV4Hook"", ""description"": ""Uniswap v4 hook for the Saturn Omnichain project that enables only the afterInitialize permission as a no-op stub. Pool initialization and initial tick recording are performed via the separate `initializePools()` function, which calls an external liquidity bootstrapper contract."", ""deployer"": """"}"
0xca5ba7e14f7b815b1c18e1485157afae33795000,uniswap_hooklist,3,SaturnOmnichainV4Hook,https://raw.githubusercontent.com/Uniswap/hooklist/65ef4121419193a5aad9a493d2f4d9710d2f7653/hooks/base/0xca5ba7e14f7b815b1c18e1485157afae33795000.json,"{""name"": ""SaturnOmnichainV4Hook"", ""description"": ""Minimal hook for the Saturn Omnichain project that holds the afterInitialize flag but performs no logic in any callback. Liquidity bootstrapping is delegated to an external ISaturnOmnichainLiquidityBootstrapper contract via a separate initializePools() call."", ""deployer"": """"}"
0xd3aee1d3d02ae89a7fae8e13e2868a473d4b9000,uniswap_hooklist,3,SaturnOmnichainV4Hook,https://raw.githubusercontent.com/Uniswap/hooklist/65ef4121419193a5aad9a493d2f4d9710d2f7653/hooks/base/0xd3aee1d3d02ae89a7fae8e13e2868a473d4b9000.json,"{""name"": ""SaturnOmnichainV4Hook"", ""description"": ""A minimal hook that implements only afterInitialize, storing the initial pool tick via an external ISaturnOmnichainLiquidityBootstrapper. All swap, liquidity, and donate callbacks are no-ops that return their selectors without modifying behavior."", ""deployer"": """"}"
0xd53fe0aa99500ec696aa451272efaedf0b659000,uniswap_hooklist,3,SaturnOmnichainV4Hook,https://raw.githubusercontent.com/Uniswap/hooklist/65ef4121419193a5aad9a493d2f4d9710d2f7653/hooks/base/0xd53fe0aa99500ec696aa451272efaedf0b659000.json,"{""name"": ""SaturnOmnichainV4Hook"", ""description"": ""Initialization hook for the Saturn Omnichain project that records the initial tick from an external liquidity bootstrapper contract after pool setup. Has no swap, liquidity, or donation logic."", ""deployer"": """"}"
0xd971ac7ae52166fca2035440f699a5eff1815000,uniswap_hooklist,3,SaturnOmnichainV4Hook,https://raw.githubusercontent.com/Uniswap/hooklist/65ef4121419193a5aad9a493d2f4d9710d2f7653/hooks/base/0xd971ac7ae52166fca2035440f699a5eff1815000.json,"{""name"": ""SaturnOmnichainV4Hook"", ""description"": ""Minimal Uniswap v4 hook for the Saturn Omnichain protocol. Holds the afterInitialize permission but performs no action in it; a separate initializePools() function calls an external ISaturnOmnichainLiquidityBootstrapper to seed initial liquidity and records the initial tick. Does not modify swap, add-liquidity, or remove-liquidity behavior."", ""deployer"": """"}"
0xdd59ecae4b2c2515faf7de27982d82954acfd000,uniswap_hooklist,3,SaturnOmnichainV4Hook,https://raw.githubusercontent.com/Uniswap/hooklist/65ef4121419193a5aad9a493d2f4d9710d2f7653/hooks/base/0xdd59ecae4b2c2515faf7de27982d82954acfd000.json,"{""name"": ""SaturnOmnichainV4Hook"", ""description"": ""A minimal hook for the Saturn Omnichain project with only the afterInitialize flag set. The afterInitialize callback is a no-op (returns the selector only), and initializePools() delegates to an external LiquidityBootstrapper contract to seed initial liquidity after pool creation."", ""deployer"": """"}"
0xe79f5e8dcd3a258394332afcdc9dbe955bff5000,uniswap_hooklist,3,SaturnOmnichainV4Hook,https://raw.githubusercontent.com/Uniswap/hooklist/65ef4121419193a5aad9a493d2f4d9710d2f7653/hooks/base/0xe79f5e8dcd3a258394332afcdc9dbe955bff5000.json,"{""name"": ""SaturnOmnichainV4Hook"", ""description"": ""A minimal hook for the Saturn Omnichain project that registers only the afterInitialize permission. The afterInitialize callback is a pure no-op stub; pool initialization and liquidity bootstrapping is coordinated externally via an ISaturnOmnichainLiquidityBootstrapper contract called through initializePools()."", ""deployer"": """"}"
0xed1698c29928a6c44cddb0c75ab0e5d47eb72a80,uniswap_hooklist,3,TWAMM Hook (Base),https://raw.githubusercontent.com/Uniswap/hooklist/65ef4121419193a5aad9a493d2f4d9710d2f7653/hooks/base/0xed1698c29928a6c44cddb0c75ab0e5d47eb72a80.json,"{""name"": ""TWAMM Hook (Base)"", ""description"": ""Implements the Time-Weighted Average Market Maker (TWAMM) strategy, allowing users to place long-horizon token swap orders that are executed gradually over time against the AMM. Before each swap, liquidity add, or liquidity remove, the hook executes any pending TWAMM orders up to the current timestamp."", ""deployer"": """"}"
0xed1698c29928a6c44cddb0c75ab0e5d47eb72a80,document,4,Uniswap routing-api allowlist (TWAMM),https://raw.githubusercontent.com/Uniswap/routing-api/main/lib/util/hooksAddressesAllowlist.ts,export const TWAMM_HOOKS_ADDRESS_ON_BASE = '0xed1698c29928a6c44cddb0c75ab0e5d47eb72a80'
0xed1698c29928a6c44cddb0c75ab0e5d47eb72a80,blockscout,5,TWAMM,https://base.blockscout.com/address/0xed1698c29928a6c44cddb0c75ab0e5d47eb72a80,"""name"": ""TWAMM"", ""is_verified"": true"
0xf04e5e679019f70314f1c898d83977617af3d000,uniswap_hooklist,3,SaturnOmnichainV4Hook,https://raw.githubusercontent.com/Uniswap/hooklist/65ef4121419193a5aad9a493d2f4d9710d2f7653/hooks/base/0xf04e5e679019f70314f1c898d83977617af3d000.json,"{""name"": ""SaturnOmnichainV4Hook"", ""description"": ""A minimal hook with only the afterInitialize flag enabled; the afterInitialize callback is a no-op that simply returns the selector. Pool liquidity bootstrapping is coordinated externally via a separate ISaturnOmnichainLiquidityBootstrapper contract called through initializePools()."", ""deployer"": """"}"
0xfdeb47f7e84d33bd85340919a1de1dcef9139000,uniswap_hooklist,3,SaturnOmnichainV4Hook,https://raw.githubusercontent.com/Uniswap/hooklist/65ef4121419193a5aad9a493d2f4d9710d2f7653/hooks/base/0xfdeb47f7e84d33bd85340919a1de1dcef9139000.json,"{""name"": ""SaturnOmnichainV4Hook"", ""description"": ""A minimal hook for the Saturn Omnichain project that captures the afterInitialize permission. All hook callbacks are pure no-ops returning their respective selectors. An external initializePools() function calls a liquidity bootstrapper contract to set up initial positions and records the initial tick."", ""deployer"": """"}"
0xffd39ccd8baea0c8f809a500806386242d3a1000,uniswap_hooklist,3,SaturnOmnichainV4Hook,https://raw.githubusercontent.com/Uniswap/hooklist/65ef4121419193a5aad9a493d2f4d9710d2f7653/hooks/base/0xffd39ccd8baea0c8f809a500806386242d3a1000.json,"{""name"": ""SaturnOmnichainV4Hook"", ""description"": ""Hook for Saturn Omnichain that records pool initialization state via a separate liquidity bootstrapper contract. The afterInitialize callback is a no-op stub; no swap or liquidity logic is modified."", ""deployer"": """"}"
0x68627a87133ecae7d4cda0723384a7f0652f9ae4,uniswap_hooklist,3,UniClawHookV4,https://raw.githubusercontent.com/Uniswap/hooklist/65ef4121419193a5aad9a493d2f4d9710d2f7653/hooks/base/0x68627a87133ecae7d4cda0723384a7f0652f9ae4.json,"{""name"": ""UniClawHookV4"", ""description"": ""Uniswap v4 hook supporting dual pool types (agent-only and public) with an on-chain agent registry allowlist for agent-only pools. Collects a configurable percentage fee from swap output via afterSwapReturnsDelta, with optional reputation-based fee tiers that discount fees for higher-reputation agents."", ""deployer"": """"}"
0x7c4ebb457cf1e8f08a139ac17716d71d9eecafdc,uniswap_hooklist,3,BoardHook,https://raw.githubusercontent.com/Uniswap/hooklist/65ef4121419193a5aad9a493d2f4d9710d2f7653/hooks/base/0x7c4ebb457cf1e8f08a139ac17716d71d9eecafdc.json,"{""name"": ""BoardHook"", ""description"": ""A Uniswap v4 hook for a token launchpad that manages fair launch phases, temporal access control, and fee distribution. During fair launch, it fills buy-side swaps from a one-sided position and optionally enforces Merkle-proof whitelisting. After launch, it captures swap fees and distributes them to creators, protocol, inspirers, and referrers via delta manipulation."", ""deployer"": """"}"
0x7c4ebb457cf1e8f08a139ac17716d71d9eecafdc,blockscout,5,BoardHook,https://base.blockscout.com/address/0x7c4ebb457cf1e8f08a139ac17716d71d9eecafdc,"""name"": ""BoardHook"", ""is_verified"": true"
0xe753a351fb498051a09dc130fcc29aebc76525dc,document,1,Flaunch,https://raw.githubusercontent.com/flayerlabs/flaunch-sdk/bef27f90b946a63fe3c215a409b487ad38b1c685/src/addresses.ts,"    ""0xe753a351fb498051a09dc130fcc29aebc76525dc"": ""0x206cD26d8567Ea76Ffa719995251a3878073Fb8A"", // vested AnyPM (CREATE3 parity, deployed 2026-09-17): the v2 gate approves this PoolSwap"
0xe753a351fb498051a09dc130fcc29aebc76525dc,document,1,Flaunch,https://raw.githubusercontent.com/flayerlabs/flaunch-sdk/bef27f90b946a63fe3c215a409b487ad38b1c685/src/addresses.ts,"    ""0xe753a351fb498051a09dc130fcc29aebc76525dc"": ""0x05c6C717B2a985809a83D27F779044c2da27fd56"", // vested AnyPM (CREATE3 parity, deployed 2026-09-21): the v1 and v2 gates both approve this PoolSwap"
0xe753a351fb498051a09dc130fcc29aebc76525dc,document,1,Flaunch,https://raw.githubusercontent.com/flayerlabs/flaunch-sdk/bef27f90b946a63fe3c215a409b487ad38b1c685/src/addresses.ts,"    ""0xe753a351fb498051a09dc130fcc29aebc76525dc"": ""0x1B8065a099AdcD7aa7c5e241e3596B56ec98bA5a"", // vested AnyPM (CREATE3 parity, deployed 2026-09-17): the v2 gate approves this PoolSwap"
0xe753a351fb498051a09dc130fcc29aebc76525dc,document,1,Flaunch,https://raw.githubusercontent.com/flayerlabs/flaunch-sdk/bef27f90b946a63fe3c215a409b487ad38b1c685/src/addresses.ts,"    ""0xe753a351fb498051a09dc130fcc29aebc76525dc"": ""0xb32a99502f433f78454a4d20304e654cdda75c5c"", // vested AnyPM (AnyFlaunchZap generation, 2026-09-11): same dispatcher + gate 0x54cd… as the v1.3.3 PM. Gate 0x54cd… approves BOTH the legacy 0xF0f3… and the protected 0xb32a… routers; the SDK swaps via swapExactInput, which only the protected one ha"
0xe753a351fb498051a09dc130fcc29aebc76525dc,document,1,Flaunch,https://raw.githubusercontent.com/flayerlabs/flaunch-sdk/bef27f90b946a63fe3c215a409b487ad38b1c685/src/addresses.ts,"    ""0xe753a351fb498051a09dc130fcc29aebc76525dc"": ""0xD33dD3B3Aea607F2cC38cdd154eF5d48847Aa764"", // vested AnyPM (CREATE3 parity, deployed 2026-09-17)"
0xe753a351fb498051a09dc130fcc29aebc76525dc,document,1,Flaunch,https://raw.githubusercontent.com/flayerlabs/flaunch-sdk/bef27f90b946a63fe3c215a409b487ad38b1c685/src/addresses.ts,"  [arbitrum.id]: ""0xE753a351FB498051a09Dc130fcC29aEBc76525DC"","
0xe753a351fb498051a09dc130fcc29aebc76525dc,document,1,Flaunch,https://raw.githubusercontent.com/flayerlabs/flaunch-sdk/bef27f90b946a63fe3c215a409b487ad38b1c685/src/addresses.ts,"  [mainnet.id]: ""0xE753a351FB498051a09Dc130fcC29aEBc76525DC"","
0xe753a351fb498051a09dc130fcc29aebc76525dc,document,1,Flaunch,https://raw.githubusercontent.com/flayerlabs/flaunch-sdk/bef27f90b946a63fe3c215a409b487ad38b1c685/src/addresses.ts,"  [base.id]: ""0xE753a351FB498051a09Dc130fcC29aEBc76525DC"","
0xe753a351fb498051a09dc130fcc29aebc76525dc,document,1,Flaunch,https://raw.githubusercontent.com/flayerlabs/flaunch-sdk/bef27f90b946a63fe3c215a409b487ad38b1c685/src/addresses.ts,"  [baseSepolia.id]: ""0xE753a351FB498051a09Dc130fcC29aEBc76525DC"","
0xe753a351fb498051a09dc130fcc29aebc76525dc,document,1,Flaunch,https://raw.githubusercontent.com/flayerlabs/flaunch-sdk/bef27f90b946a63fe3c215a409b487ad38b1c685/src/addresses.ts,"  [robinhood.id]: ""0xE753a351FB498051a09Dc130fcC29aEBc76525DC"","
0xe753a351fb498051a09dc130fcc29aebc76525dc,document,1,Flaunch,https://raw.githubusercontent.com/flayerlabs/flaunchgg-contracts/main/README.md,| AnyPositionManager (vested hook) | `0xE753a351FB498051a09Dc130fcC29aEBc76525DC` | `0xE753a351FB498051a09Dc130fcC29aEBc76525DC` | `0xE753a351FB498051a09Dc130fcC29aEBc76525DC` | `0xE753a351FB498051a09Dc130fcC29aEBc76525DC` | `0xE753a351FB498051a09Dc130fcC29aEBc76525DC` |
0xe753a351fb498051a09dc130fcc29aebc76525dc,document,1,Flaunch,https://raw.githubusercontent.com/flayerlabs/flaunchgg-contracts/main/README.md,| AnyPositionManager (vested hook) | `0xE753a351FB498051a09Dc130fcC29aEBc76525DC` | `0xE753a351FB498051a09Dc130fcC29aEBc76525DC` | `0xE753a351FB498051a09Dc130fcC29aEBc76525DC` | `0xE753a351FB498051a09Dc130fcC29aEBc76525DC` | `0xE753a351FB498051a09Dc130fcC29aEBc76525DC` |
0xe753a351fb498051a09dc130fcc29aebc76525dc,document,1,Flaunch,https://raw.githubusercontent.com/flayerlabs/flaunchgg-contracts/main/README.md,| AnyPositionManager (vested hook) | `0xE753a351FB498051a09Dc130fcC29aEBc76525DC` | `0xE753a351FB498051a09Dc130fcC29aEBc76525DC` | `0xE753a351FB498051a09Dc130fcC29aEBc76525DC` | `0xE753a351FB498051a09Dc130fcC29aEBc76525DC` | `0xE753a351FB498051a09Dc130fcC29aEBc76525DC` |
0xe753a351fb498051a09dc130fcc29aebc76525dc,document,1,Flaunch,https://raw.githubusercontent.com/flayerlabs/flaunchgg-contracts/main/README.md,| AnyPositionManager (vested hook) | `0xE753a351FB498051a09Dc130fcC29aEBc76525DC` | `0xE753a351FB498051a09Dc130fcC29aEBc76525DC` | `0xE753a351FB498051a09Dc130fcC29aEBc76525DC` | `0xE753a351FB498051a09Dc130fcC29aEBc76525DC` | `0xE753a351FB498051a09Dc130fcC29aEBc76525DC` |
0xe753a351fb498051a09dc130fcc29aebc76525dc,document,1,Flaunch,https://raw.githubusercontent.com/flayerlabs/flaunchgg-contracts/main/README.md,| AnyPositionManager (vested hook) | `0xE753a351FB498051a09Dc130fcC29aEBc76525DC` | `0xE753a351FB498051a09Dc130fcC29aEBc76525DC` | `0xE753a351FB498051a09Dc130fcC29aEBc76525DC` | `0xE753a351FB498051a09Dc130fcC29aEBc76525DC` | `0xE753a351FB498051a09Dc130fcC29aEBc76525DC` |
0xe753a351fb498051a09dc130fcc29aebc76525dc,uniswap_hooklist,3,AnyPositionManager (Flaunch vested launch hook),https://raw.githubusercontent.com/Uniswap/hooklist/65ef4121419193a5aad9a493d2f4d9710d2f7653/hooks/base/0xe753a351fb498051a09dc130fcc29aebc76525dc.json,"{""name"": ""AnyPositionManager (Flaunch vested launch hook)"", ""description"": ""A Uniswap v4 hook for fair-launch memecoin pools. Implements an internal swap pool that fills swaps against fee inventory before they reach the AMM, a BidWall for liquidity support, creator fee distribution with optional referrer payouts via hookData, and temporal launch gating (pools revert until a configurable flaunchesAt timestamp passes)."", ""deployer"": ""0xB8A70b4d1547bf6193bd67A73F4F98ea9FD0A973""}"
0xe753a351fb498051a09dc130fcc29aebc76525dc,document,4,KyberSwap dex-lib,https://raw.githubusercontent.com/KyberNetwork/kyberswap-dex-lib/0867b088e490608f731e4e37eaf49ea72e7846b3/pkg/liquidity-source/uniswap/v4/hooks/flaunch/constant.go,"	common.HexToAddress(""0xE753a351FB498051a09Dc130fcC29aEBc76525DC""),"
0xea9346e83952840e69beb36df365c4e68de0e080,uniswap_hooklist,3,Liquid Launch Hook,https://raw.githubusercontent.com/Uniswap/hooklist/65ef4121419193a5aad9a493d2f4d9710d2f7653/hooks/base/0xea9346e83952840e69beb36df365c4e68de0e080.json,"{""name"": ""Liquid Launch Hook"", ""description"": ""Access-controlled initialization hook for a liquid launch system. Only strategies authorized via a factory may initialize pools. In beforeSwap, automatically converts accumulated protocol fees to the pool's preferred token (token0 or token1) via nested swaps on the same pool; fee claiming is permissionless but always routes to the strategy's designated fee recipient."", ""deployer"": """"}"
0xea9346e83952840e69beb36df365c4e68de0e080,document,4,Uniswap routing-api allowlist,https://raw.githubusercontent.com/Uniswap/routing-api/main/lib/util/hooksAddressesAllowlist.ts,export const LIQUID_LAUNCH_HOOK_ON_BASE = '0xea9346e83952840e69beb36df365c4e68de0e080'
0x23fffd008fb451356db5f874adabe4e909fc6844,uniswap_hooklist,3,TokenFab,https://raw.githubusercontent.com/Uniswap/hooklist/65ef4121419193a5aad9a493d2f4d9710d2f7653/hooks/base/0x23fffd008fb451356db5f874adabe4e909fc6844.json,"{""name"": ""TokenFab"", ""description"": ""A Uniswap v4 hook implementing a bonding curve token launch platform. Deploys new ERC20 tokens with configurable multi-chunk liquidity curves backed by a base token, collects a 1% swap fee split equally between creator and platform fee receivers, and automatically graduates tokens to a standard full-range AMM pool when the bonding curve supply is exhausted."", ""deployer"": """"}"
0x23fffd008fb451356db5f874adabe4e909fc6844,blockscout,5,TokenFab,https://base.blockscout.com/address/0x23fffd008fb451356db5f874adabe4e909fc6844,"""name"": ""TokenFab"", ""is_verified"": true"
0x2c56c1302b6224b2bb1906c46f554622e12f10c4,uniswap_hooklist,3,BVCC Dynamic Fee Hook (Base),https://raw.githubusercontent.com/Uniswap/hooklist/65ef4121419193a5aad9a493d2f4d9710d2f7653/hooks/base/0x2c56c1302b6224b2bb1906c46f554622e12f10c4.json,"{""name"": ""BVCC Dynamic Fee Hook (Base)"", ""description"": ""An advanced dynamic fee hook by BlockVenture Chain Capital that adjusts LP fees based on gas price, price volatility, and 24-hour trade volume, while applying anti-bot cooldown penalties for repeated swaps. It also collects a small protocol fee on each swap output via afterSwapReturnsDelta."", ""deployer"": """"}"
0x2c56c1302b6224b2bb1906c46f554622e12f10c4,document,4,Uniswap routing-api allowlist,https://raw.githubusercontent.com/Uniswap/routing-api/main/lib/util/hooksAddressesAllowlist.ts,export const BVCC_DYNAMIC_FEE_HOOK_ON_BASE = '0x2c56c1302b6224b2bb1906c46f554622e12f10c4'
0x6fad8d06a053c81bf95f59e27a3a7257e4a768cc,uniswap_hooklist,3,CornersHookStaticFee,https://raw.githubusercontent.com/Uniswap/hooklist/65ef4121419193a5aad9a493d2f4d9710d2f7653/hooks/base/0x6fad8d06a053c81bf95f59e27a3a7257e4a768cc.json,"{""name"": ""CornersHookStaticFee"", ""description"": ""A Uniswap v4 hook for the Corners protocol that applies asymmetric static LP fees per pool based on swap direction (corners token vs. paired token), takes a 20% protocol fee on each swap by manipulating BeforeSwapDelta/AfterSwapDelta, and optionally runs an MEV protection module during the first 2 minutes after pool creation."", ""deployer"": """"}"
0x9fee91910961d1d6f33aae546bd821e38696efdc,uniswap_hooklist,3,BoardHook,https://raw.githubusercontent.com/Uniswap/hooklist/65ef4121419193a5aad9a493d2f4d9710d2f7653/hooks/base/0x9fee91910961d1d6f33aae546bd821e38696efdc.json,"{""name"": ""BoardHook"", ""description"": ""A token launchpad hook that manages fair launch pools for newly issued tokens. It enforces a temporal trading gate (tokens cannot be swapped before their scheduled launch time), supports optional Merkle-proof whitelisting during the fair launch window, burns unsold supply at fair launch close, and distributes swap fees to protocol, creator, referrer, and inspired-fee recipients."", ""deployer"": """"}"
0x9fee91910961d1d6f33aae546bd821e38696efdc,blockscout,5,BoardHook,https://base.blockscout.com/address/0x9fee91910961d1d6f33aae546bd821e38696efdc,"""name"": ""BoardHook"", ""is_verified"": true"
0xbb2a9c2d09bfb205b82f93ae75b8fc51865b50c0,uniswap_hooklist,3,ZoraV4CoinHook,https://raw.githubusercontent.com/Uniswap/hooklist/65ef4121419193a5aad9a493d2f4d9710d2f7653/hooks/base/0xbb2a9c2d09bfb205b82f93ae75b8fc51865b50c0.json,"{""name"": ""ZoraV4CoinHook"", ""description"": ""Uniswap v4 hook for Zora Coins that creates multi-curve liquidity positions on pool initialization. On every swap, collects LP fees from all positions, swaps them to a backing currency, and distributes rewards. Applies a time-decaying dynamic launch fee (99% to 1% over 10 seconds) and fills Zora limit orders when ticks cross."", ""deployer"": """"}"
0xc5a48b447f01e9ce3ede71e4c1c2038c38bd9000,uniswap_hooklist,3,Graduation Hook (Base),https://raw.githubusercontent.com/Uniswap/hooklist/65ef4121419193a5aad9a493d2f4d9710d2f7653/hooks/base/0xc5a48b447f01e9ce3ede71e4c1c2038c38bd9000.json,"{""name"": ""Graduation Hook (Base)"", ""description"": ""Restricts pool initialization to a designated Moxie bonding curve address, ensuring Uniswap v4 pools can only be initialized through the authorized bonding curve as part of a token graduation process."", ""deployer"": """"}"
0xc5a48b447f01e9ce3ede71e4c1c2038c38bd9000,document,4,Uniswap routing-api allowlist (GraduationHook),https://raw.githubusercontent.com/Uniswap/routing-api/main/lib/util/hooksAddressesAllowlist.ts,export const GRADUATION_HOOKS_ADDRESS_ON_BASE = '0xc5a48b447f01e9ce3ede71e4c1c2038c38bd9000'
0xc5a48b447f01e9ce3ede71e4c1c2038c38bd9000,blockscout,5,GraduationHook,https://base.blockscout.com/address/0xc5a48b447f01e9ce3ede71e4c1c2038c38bd9000,"""name"": ""GraduationHook"", ""is_verified"": true"
0x5ee3602f499cfeaa4e13d27b4f7d2661906b28cc,uniswap_hooklist,3,ClankerHookStaticFee,https://raw.githubusercontent.com/Uniswap/hooklist/65ef4121419193a5aad9a493d2f4d9710d2f7653/hooks/base/0x5ee3602f499cfeaa4e13d27b4f7d2661906b28cc.json,"{""name"": ""ClankerHookStaticFee"", ""description"": ""A Clanker factory hook that launches ERC-20 tokens into Uniswap v4 pools with configurable static LP fees per trade direction (clanker-buy vs. clanker-sell). On every swap it sets the dynamic LP fee via updateDynamicLPFee, collects a protocol fee by modifying the swap delta, auto-claims LP locker rewards, and optionally runs a time-limited (2-minute) MEV protection module."", ""deployer"": """"}"
0x7a092a63065748d1999101430ba456324afa28cc,uniswap_hooklist,3,ClankerHookStaticFeeV2,https://raw.githubusercontent.com/Uniswap/hooklist/65ef4121419193a5aad9a493d2f4d9710d2f7653/hooks/base/0x7a092a63065748d1999101430ba456324afa28cc.json,"{""name"": ""ClankerHookStaticFeeV2"", ""description"": ""Clanker v2 hook that applies asymmetric static LP fees per pool (separate rates for buying vs selling the Clanker token), collects a 20% protocol fee on all swaps by manipulating beforeSwap/afterSwap deltas, and optionally runs a MEV protection module active for 2 minutes post-launch plus pool extension callbacks."", ""deployer"": """"}"
0x9d11f9505ca92f4b6983c1285d1ac0aaff7ec0c0,uniswap_hooklist,3,Limit Order Hook (Base),https://raw.githubusercontent.com/Uniswap/hooklist/65ef4121419193a5aad9a493d2f4d9710d2f7653/hooks/base/0x9d11f9505ca92f4b6983c1285d1ac0aaff7ec0c0.json,"{""name"": ""Limit Order Hook (Base)"", ""description"": ""A limit order hook that records the tick before each swap and triggers limit order execution after the swap completes by delegating to a LimitOrderManager contract. It also supports role-based dynamic LP fee management via AccessControl."", ""deployer"": """"}"
0x9d11f9505ca92f4b6983c1285d1ac0aaff7ec0c0,document,4,Uniswap routing-api allowlist,https://raw.githubusercontent.com/Uniswap/routing-api/main/lib/util/hooksAddressesAllowlist.ts,export const LIMIT_ORDER_HOOKS_ADDRESS_ON_BASE = '0x9d11f9505ca92f4b6983c1285d1ac0aaff7ec0c0'
0xcb7b9d68582939e439f4d369fd81d1c19b0ba8cc,uniswap_hooklist,3,GlassHookStaticFeeV2,https://raw.githubusercontent.com/Uniswap/hooklist/65ef4121419193a5aad9a493d2f4d9710d2f7653/hooks/base/0xcb7b9d68582939e439f4d369fd81d1c19b0ba8cc.json,"{""name"": ""GlassHookStaticFeeV2"", ""description"": ""A Uniswap v4 hook for Glass token launchpad pools that applies direction-dependent static LP fees (different rates for buying vs. selling the glass token), collects a ~20% protocol fee via BeforeSwapDelta/AfterSwapDelta, and includes an optional MEV-protection module that can temporarily raise fees for up to 2 minutes after pool creation."", ""deployer"": """"}"
0xd19b2924c37cf6c88ddd395c801e9a7299b7c044,uniswap_hooklist,3,MineSwapHookV2,https://raw.githubusercontent.com/Uniswap/hooklist/65ef4121419193a5aad9a493d2f4d9710d2f7653/hooks/base/0xd19b2924c37cf6c88ddd395c801e9a7299b7c044.json,"{""name"": ""MineSwapHookV2"", ""description"": ""A universal fee-capture hook that deducts 0.15% of output tokens on every exact-input swap via afterSwapReturnsDelta, accumulating tokens in the contract. Anyone can trigger fee processing, which swaps accumulated tokens to BG via Uniswap V3, then splits the result: 50% burned to 0xdead, 49% sent to a rebate tracker for volume-based rewards, and 1% paid to the caller as a mining reward."", ""deployer"": """"}"
0xad347a63c12fa6e87f893acca0e565b9e9698088,uniswap_hooklist,3,HaberdasheryHook,https://raw.githubusercontent.com/Uniswap/hooklist/65ef4121419193a5aad9a493d2f4d9710d2f7653/hooks/base/0xad347a63c12fa6e87f893acca0e565b9e9698088.json,"{""name"": ""HaberdasheryHook"", ""description"": ""A fee-taking hook that charges a 1% fee on each swap via beforeSwapReturnsDelta, capturing the input-side token as protocol revenue retained by the contract. The owner can withdraw accumulated fees, with non-Habs tokens automatically swapped to a designated Habs token through an internal pool swap."", ""deployer"": """"}"
0xb3086becb80c2a82f93a47d773c3dac8958d2aa8,uniswap_hooklist,3,IconCurveHook,https://raw.githubusercontent.com/Uniswap/hooklist/65ef4121419193a5aad9a493d2f4d9710d2f7653/hooks/base/0xb3086becb80c2a82f93a47d773c3dac8958d2aa8.json,"{""name"": ""IconCurveHook"", ""description"": ""A bonding-curve AMM hook for player (\""icon\"") tokens paired with country tokens. It intercepts every swap to price buys/sells using a virtual-reserves formula, mints/burns PlayerToken on demand, and burns a 5% fee on each trade. Trading is gated behind a phase2Active governance flag set by the owner or pack-opener."", ""deployer"": """"}"
0x00c9da9abc5303219ead3cf0307b5a8a7644bac8,uniswap_hooklist,3,DeliHookConstantProduct,https://raw.githubusercontent.com/Uniswap/hooklist/65ef4121419193a5aad9a493d2f4d9710d2f7653/hooks/base/0x00c9da9abc5303219ead3cf0307b5a8a7644bac8.json,"{""name"": ""DeliHookConstantProduct"", ""description"": ""A constant-product (x*y=k) AMM hook that replaces Uniswap v4's concentrated liquidity with a Uniswap v2-style curve. Manages pool reserves directly, collects swap fees in wBLT, forwards fees to a FeeProcessor, and notifies gauge contracts on swaps and liquidity changes."", ""deployer"": """"}"
0x01ace8bc990270fbb742b27892b149a7f0e71000,uniswap_hooklist,3,SaturnOmnichainV4Hook,https://raw.githubusercontent.com/Uniswap/hooklist/65ef4121419193a5aad9a493d2f4d9710d2f7653/hooks/base/0x01ace8bc990270fbb742b27892b149a7f0e71000.json,"{""name"": ""SaturnOmnichainV4Hook"", ""description"": ""A Uniswap v4 hook for the Saturn Omnichain project. Only the afterInitialize permission is active; the callback itself is a no-op. Pool setup is handled externally via initializePools(), which calls a LiquidityBootstrapper contract and records the initial tick."", ""deployer"": """"}"
0x099ac33b384b467a9b00bda79a48ebc4fa945000,uniswap_hooklist,3,SaturnOmnichainV4Hook,https://raw.githubusercontent.com/Uniswap/hooklist/65ef4121419193a5aad9a493d2f4d9710d2f7653/hooks/base/0x099ac33b384b467a9b00bda79a48ebc4fa945000.json,"{""name"": ""SaturnOmnichainV4Hook"", ""description"": ""A minimal hook for the Saturn Omnichain project that subscribes only to afterInitialize (as a no-op selector return) and exposes an initializePools() function that delegates to a liquidity bootstrapper contract to record the pool's initial tick."", ""deployer"": """"}"
0x0a64921a53e1daed380d5b44817befc4b5d39000,uniswap_hooklist,3,SaturnOmnichainV4Hook,https://raw.githubusercontent.com/Uniswap/hooklist/65ef4121419193a5aad9a493d2f4d9710d2f7653/hooks/base/0x0a64921a53e1daed380d5b44817befc4b5d39000.json,"{""name"": ""SaturnOmnichainV4Hook"", ""description"": ""A Uniswap v4 hook for the Saturn Omnichain project with only afterInitialize active (as a no-op selector return). Provides an initializePools() function that calls an external liquidity bootstrapper contract to record the initial tick and mark the pool as initialized."", ""deployer"": """"}"
0x111157d643499ed3870cb7bdb848303c85fb9000,uniswap_hooklist,3,SaturnOmnichainV4Hook,https://raw.githubusercontent.com/Uniswap/hooklist/65ef4121419193a5aad9a493d2f4d9710d2f7653/hooks/base/0x111157d643499ed3870cb7bdb848303c85fb9000.json,"{""name"": ""SaturnOmnichainV4Hook"", ""description"": ""A minimal Uniswap v4 hook for the Saturn Omnichain protocol that registers afterInitialize permission but performs no swap-modifying logic. Exposes an initializePools() function that delegates to an external LiquidityBootstrapper contract to set up initial liquidity and record the initial tick."", ""deployer"": """"}"
0x256a0e100d31c65fdce12822e4af472697699000,uniswap_hooklist,3,SaturnOmnichainV4Hook,https://raw.githubusercontent.com/Uniswap/hooklist/65ef4121419193a5aad9a493d2f4d9710d2f7653/hooks/base/0x256a0e100d31c65fdce12822e4af472697699000.json,"{""name"": ""SaturnOmnichainV4Hook"", ""description"": ""A Uniswap v4 hook for the Saturn Omnichain project that records the initial tick after pool initialization via an external liquidity bootstrapper contract. All swap-related callbacks are no-ops; swap behavior is identical to a standard Uniswap v4 pool."", ""deployer"": """"}"
0x2c59f71726e45fd9622bfabf34ca5c2842ce9000,uniswap_hooklist,3,SaturnOmnichainV4Hook,https://raw.githubusercontent.com/Uniswap/hooklist/65ef4121419193a5aad9a493d2f4d9710d2f7653/hooks/base/0x2c59f71726e45fd9622bfabf34ca5c2842ce9000.json,"{""name"": ""SaturnOmnichainV4Hook"", ""description"": ""A Uniswap v4 hook for the Saturn Omnichain protocol that sets the afterInitialize permission (callback is a no-op). Pool tick initialization is performed externally via initializePools(), which calls an external liquidity bootstrapper contract. No swap flags are set and swap behavior is entirely vanilla."", ""deployer"": """"}"
0x2fda9343c6e60dbcc3b98d39881c546d7c395000,uniswap_hooklist,3,SaturnOmnichainV4Hook,https://raw.githubusercontent.com/Uniswap/hooklist/65ef4121419193a5aad9a493d2f4d9710d2f7653/hooks/base/0x2fda9343c6e60dbcc3b98d39881c546d7c395000.json,"{""name"": ""SaturnOmnichainV4Hook"", ""description"": ""A minimal Uniswap v4 hook for the Saturn Omnichain protocol. The afterInitialize callback is a no-op; the contract provides an external initializePools() function that delegates to a LiquidityBootstrapper contract to set the initial tick and mark the pool as initialized."", ""deployer"": """"}"
0x32d36eb0c06fb9fa6a652236684d8a0e6c78d000,uniswap_hooklist,3,SaturnOmnichainV4Hook,https://raw.githubusercontent.com/Uniswap/hooklist/65ef4121419193a5aad9a493d2f4d9710d2f7653/hooks/base/0x32d36eb0c06fb9fa6a652236684d8a0e6c78d000.json,"{""name"": ""SaturnOmnichainV4Hook"", ""description"": ""A minimal hook for the Saturn Omnichain protocol that registers an afterInitialize permission but performs no action in that callback. The contract exposes a separate initializePools() function that calls an external liquidity bootstrapper to record the initial tick."", ""deployer"": """"}"
0x33429c62fe58e26c88dda820cdf6d8d0481a1000,uniswap_hooklist,3,SaturnOmnichainV4Hook,https://raw.githubusercontent.com/Uniswap/hooklist/65ef4121419193a5aad9a493d2f4d9710d2f7653/hooks/base/0x33429c62fe58e26c88dda820cdf6d8d0481a1000.json,"{""name"": ""SaturnOmnichainV4Hook"", ""description"": ""Hook for the Saturn Omnichain protocol that records the initial tick after pool initialization via an external liquidity bootstrapper contract. All hook callbacks are no-ops; the only active flag is afterInitialize, which returns the selector without modifying state."", ""deployer"": """"}"
0x338d3e188dd9ceba7278311bd2647c26abed1000,uniswap_hooklist,3,SaturnOmnichainV4Hook,https://raw.githubusercontent.com/Uniswap/hooklist/65ef4121419193a5aad9a493d2f4d9710d2f7653/hooks/base/0x338d3e188dd9ceba7278311bd2647c26abed1000.json,"{""name"": ""SaturnOmnichainV4Hook"", ""description"": ""A Uniswap v4 hook for the Saturn Omnichain project that encodes the afterInitialize permission in its address. The afterInitialize callback is a no-op stub. Pool setup is performed via a separate initializePools() function that calls an external ISaturnOmnichainLiquidityBootstrapper.bootstrap() and records the resulting tick."", ""deployer"": """"}"
0x35839b084137f4b79ad5e994714dd5cdcc985000,uniswap_hooklist,3,SaturnOmnichainV4Hook,https://raw.githubusercontent.com/Uniswap/hooklist/65ef4121419193a5aad9a493d2f4d9710d2f7653/hooks/base/0x35839b084137f4b79ad5e994714dd5cdcc985000.json,"{""name"": ""SaturnOmnichainV4Hook"", ""description"": ""An omnichain hook for the Saturn protocol that records the initial tick after pool initialization and coordinates liquidity bootstrapping via an external bootstrapper contract. The hook has no swap-time logic; all swap callbacks are no-ops."", ""deployer"": """"}"
0x47de683e522c5b6952089f8e0564236250435000,uniswap_hooklist,3,SaturnOmnichainV4Hook,https://raw.githubusercontent.com/Uniswap/hooklist/65ef4121419193a5aad9a493d2f4d9710d2f7653/hooks/base/0x47de683e522c5b6952089f8e0564236250435000.json,"{""name"": ""SaturnOmnichainV4Hook"", ""description"": ""A minimal hook for the Saturn Omnichain project that implements only afterInitialize as a pass-through. Provides an initializePools() function that delegates to an external ISaturnOmnichainLiquidityBootstrapper to bootstrap liquidity and record the initial tick."", ""deployer"": """"}"
0x49a2ff98ae45040011c8fde8c75ec418325d5000,uniswap_hooklist,3,SaturnOmnichainV4Hook,https://raw.githubusercontent.com/Uniswap/hooklist/65ef4121419193a5aad9a493d2f4d9710d2f7653/hooks/base/0x49a2ff98ae45040011c8fde8c75ec418325d5000.json,"{""name"": ""SaturnOmnichainV4Hook"", ""description"": ""A hook for the Saturn Omnichain project that enables only afterInitialize (as a no-op) and provides an initializePools() function that delegates to an external liquidity bootstrapper contract to set up initial liquidity positions and record the initial tick."", ""deployer"": """"}"
0x58e3d3832a252111210b9417506979aa4be7d000,uniswap_hooklist,3,SaturnOmnichainV4Hook,https://raw.githubusercontent.com/Uniswap/hooklist/65ef4121419193a5aad9a493d2f4d9710d2f7653/hooks/base/0x58e3d3832a252111210b9417506979aa4be7d000.json,"{""name"": ""SaturnOmnichainV4Hook"", ""description"": ""A minimal Uniswap v4 hook for the Saturn Omnichain protocol that responds to pool initialization. The afterInitialize callback is a no-op; the hook exposes an initializePools() function that delegates to an external LiquidityBootstrapper contract to set initial liquidity and records the initial tick."", ""deployer"": """"}"
0x5a6b5e06cc0e964f2147945a95759bfed1e15000,uniswap_hooklist,3,SaturnOmnichainV4Hook,https://raw.githubusercontent.com/Uniswap/hooklist/65ef4121419193a5aad9a493d2f4d9710d2f7653/hooks/base/0x5a6b5e06cc0e964f2147945a95759bfed1e15000.json,"{""name"": ""SaturnOmnichainV4Hook"", ""description"": ""A hook for the Saturn Omnichain project that only implements afterInitialize as a no-op stub. Pool and liquidity setup is handled externally via initializePools(), which calls an ISaturnOmnichainLiquidityBootstrapper to bootstrap positions and record the initial tick. No swap logic is present."", ""deployer"": """"}"
0x5b23d8abc7b4b0b156322c8fd1c614d49fde1000,uniswap_hooklist,3,SaturnOmnichainV4Hook,https://raw.githubusercontent.com/Uniswap/hooklist/65ef4121419193a5aad9a493d2f4d9710d2f7653/hooks/base/0x5b23d8abc7b4b0b156322c8fd1c614d49fde1000.json,"{""name"": ""SaturnOmnichainV4Hook"", ""description"": ""A minimal hook for the Saturn Omnichain protocol that registers afterInitialize but performs no logic in that callback. Liquidity bootstrapping and pool state initialization are handled externally via initializePools(), which calls an ISaturnOmnichainLiquidityBootstrapper contract."", ""deployer"": """"}"
0x5ed9a793f7ce3f23c9077121f3e47ea259b6d000,uniswap_hooklist,3,SaturnOmnichainV4Hook,https://raw.githubusercontent.com/Uniswap/hooklist/65ef4121419193a5aad9a493d2f4d9710d2f7653/hooks/base/0x5ed9a793f7ce3f23c9077121f3e47ea259b6d000.json,"{""name"": ""SaturnOmnichainV4Hook"", ""description"": ""A Uniswap v4 hook for the Saturn Omnichain project that registers the afterInitialize permission (callback is a no-op). Pool initialization is performed via the separate `initializePools()` function, which delegates liquidity bootstrapping to an `ISaturnOmnichainLiquidityBootstrapper` contract and records the initial tick and initialized state."", ""deployer"": """"}"
0x65a53b487252fcb958d9cfeb39fb29b6e5b8eac8,uniswap_hooklist,3,BondingCurveHook,https://raw.githubusercontent.com/Uniswap/hooklist/65ef4121419193a5aad9a493d2f4d9710d2f7653/hooks/base/0x65a53b487252fcb958d9cfeb39fb29b6e5b8eac8.json,"{""name"": ""BondingCurveHook"", ""description"": ""A bonding curve hook for memecoin launchpad pools. Pre-graduation, it overrides all swap math via beforeSwapReturnsDelta using a constant-product curve; post-graduation, swaps fall through to standard V4 math. Includes a block-number anti-snipe gate and blocks external LP additions until graduation."", ""deployer"": """"}"
0x66e51deab56975bb1c64413bd3ab01fa95b82acc,uniswap_hooklist,3,XDHook,https://raw.githubusercontent.com/Uniswap/hooklist/65ef4121419193a5aad9a493d2f4d9710d2f7653/hooks/base/0x66e51deab56975bb1c64413bd3ab01fa95b82acc.json,"{""name"": ""XDHook"", ""description"": ""A launchpad hook that collects swap fees (initially 2%) via ERC-6909 claims, preferring WETH when possible. Pre-graduation, pool initialization, liquidity, and swaps are restricted to allowlisted actors via an authority registry; post-graduation, access control is lifted and the fee is capped at 0.15%."", ""deployer"": """"}"
0x6b9f01218afa5f7e24036b4e3770e8f4f09a9000,uniswap_hooklist,3,SaturnOmnichainV4Hook,https://raw.githubusercontent.com/Uniswap/hooklist/65ef4121419193a5aad9a493d2f4d9710d2f7653/hooks/base/0x6b9f01218afa5f7e24036b4e3770e8f4f09a9000.json,"{""name"": ""SaturnOmnichainV4Hook"", ""description"": ""Minimal Uniswap v4 hook for the Saturn Omnichain protocol that uses only the afterInitialize permission; all other hook callbacks are no-ops. Provides an initializePools() function that delegates to an external ISaturnOmnichainLiquidityBootstrapper to seed the pool's initial tick."", ""deployer"": """"}"
0x75c19fdd847803c68ffe3b7df216b531b0a45000,uniswap_hooklist,3,SaturnOmnichainV4Hook,https://raw.githubusercontent.com/Uniswap/hooklist/65ef4121419193a5aad9a493d2f4d9710d2f7653/hooks/base/0x75c19fdd847803c68ffe3b7df216b531b0a45000.json,"{""name"": ""SaturnOmnichainV4Hook"", ""description"": ""A minimal hook with only the afterInitialize permission set, but performing no logic in that callback. Exposes an initializePools() function that calls an external ISaturnOmnichainLiquidityBootstrapper contract to record an initial tick and mark the pool as initialized. All swap, liquidity, and donate callbacks are no-op stubs."", ""deployer"": """"}"
0x7a68c85746679b45031b97e114ce3d612951d000,uniswap_hooklist,3,SaturnOmnichainV4Hook,https://raw.githubusercontent.com/Uniswap/hooklist/65ef4121419193a5aad9a493d2f4d9710d2f7653/hooks/base/0x7a68c85746679b45031b97e114ce3d612951d000.json,"{""name"": ""SaturnOmnichainV4Hook"", ""description"": ""A Uniswap v4 hook for the Saturn Omnichain protocol that holds only the afterInitialize permission (a no-op). Provides an initializePools() function that calls an external liquidity bootstrapper contract to record the initial tick and mark the pool as initialized."", ""deployer"": """"}"
0x7b1ce7d1c40ec53d6e8a426282b30d493b4c9000,uniswap_hooklist,3,SaturnOmnichainV4Hook,https://raw.githubusercontent.com/Uniswap/hooklist/65ef4121419193a5aad9a493d2f4d9710d2f7653/hooks/base/0x7b1ce7d1c40ec53d6e8a426282b30d493b4c9000.json,"{""name"": ""SaturnOmnichainV4Hook"", ""description"": ""A Uniswap v4 hook for the Saturn Omnichain project that records the initial tick via an external liquidity bootstrapper contract. Only afterInitialize is enabled; swap behavior is entirely vanilla."", ""deployer"": """"}"
0x807cc83fc83bb3e07ec2f5cfed023c8bd8d19000,uniswap_hooklist,3,SaturnOmnichainV4Hook,https://raw.githubusercontent.com/Uniswap/hooklist/65ef4121419193a5aad9a493d2f4d9710d2f7653/hooks/base/0x807cc83fc83bb3e07ec2f5cfed023c8bd8d19000.json,"{""name"": ""SaturnOmnichainV4Hook"", ""description"": ""A Uniswap v4 hook for the Saturn Omnichain project that implements only afterInitialize as a no-op stub. All swap, liquidity, and donate callbacks return their selectors with zero deltas. An external initializePools() function calls a LiquidityBootstrapper contract to record the initial tick and mark the pool as initialized."", ""deployer"": """"}"
0x81b9e42d03ecafb5f66b42b4f70bad3c83ce1000,uniswap_hooklist,3,SaturnOmnichainV4Hook,https://raw.githubusercontent.com/Uniswap/hooklist/65ef4121419193a5aad9a493d2f4d9710d2f7653/hooks/base/0x81b9e42d03ecafb5f66b42b4f70bad3c83ce1000.json,"{""name"": ""SaturnOmnichainV4Hook"", ""description"": ""A Uniswap v4 hook for the Saturn Omnichain protocol that records the initial pool tick after initialization via an external liquidity bootstrapper contract. All hook callbacks are no-ops; no swap-time logic is implemented."", ""deployer"": """"}"
0x82521ce403f5ac2d3f3db92245a2a97ed765d000,uniswap_hooklist,3,SaturnOmnichainV4Hook,https://raw.githubusercontent.com/Uniswap/hooklist/65ef4121419193a5aad9a493d2f4d9710d2f7653/hooks/base/0x82521ce403f5ac2d3f3db92245a2a97ed765d000.json,"{""name"": ""SaturnOmnichainV4Hook"", ""description"": ""A Uniswap v4 hook for the Saturn Omnichain protocol that records the initial tick after liquidity bootstrapping. The afterInitialize callback is a no-op; liquidity initialization is triggered externally via initializePools(), which calls an ISaturnOmnichainLiquidityBootstrapper contract to bootstrap pools and store the initial tick."", ""deployer"": """"}"
0x83647f76b2961029ab305036546df71d4c0b5000,uniswap_hooklist,3,SaturnOmnichainV4Hook,https://raw.githubusercontent.com/Uniswap/hooklist/65ef4121419193a5aad9a493d2f4d9710d2f7653/hooks/base/0x83647f76b2961029ab305036546df71d4c0b5000.json,"{""name"": ""SaturnOmnichainV4Hook"", ""description"": ""A hook for the Saturn Omnichain project that holds afterInitialize permission but performs no action in the callback. Exposes an initializePools() function that calls an external ISaturnOmnichainLiquidityBootstrapper contract to bootstrap initial liquidity and record the initial tick."", ""deployer"": """"}"
0x85924013546818b73e99ce5b441ab6c594519000,uniswap_hooklist,3,SaturnOmnichainV4Hook,https://raw.githubusercontent.com/Uniswap/hooklist/65ef4121419193a5aad9a493d2f4d9710d2f7653/hooks/base/0x85924013546818b73e99ce5b441ab6c594519000.json,"{""name"": ""SaturnOmnichainV4Hook"", ""description"": ""A minimal hook that only implements afterInitialize (as a no-op) to satisfy the Uniswap v4 address bitmask. It exposes an initializePools() function that delegates liquidity bootstrapping to an external ISaturnOmnichainLiquidityBootstrapper contract and records the initial tick."", ""deployer"": """"}"
0x8af658f4b23c4c9f6fdf22e69b0b82350691a844,uniswap_hooklist,3,TokenFab,https://raw.githubusercontent.com/Uniswap/hooklist/65ef4121419193a5aad9a493d2f4d9710d2f7653/hooks/base/0x8af658f4b23c4c9f6fdf22e69b0b82350691a844.json,"{""name"": ""TokenFab"", ""description"": ""Token launchpad hook that deploys new ERC-20 tokens with a configurable bonding curve pool. Blocks external pool initialization and liquidity additions, reserving those operations for its own factory flow. On each swap it collects a 1% fee (split 50/50 between creator and platform via afterSwapReturnsDelta), and automatically migrates liquidity to a new full-range AMM pool once the bonding curve supply is exhausted."", ""deployer"": """"}"
0x8af658f4b23c4c9f6fdf22e69b0b82350691a844,blockscout,5,TokenFab,https://base.blockscout.com/address/0x8af658f4b23c4c9f6fdf22e69b0b82350691a844,"""name"": ""TokenFab"", ""is_verified"": true"
0x8ddebd7f31c744beeaad6d3759f195f9e05e1000,uniswap_hooklist,3,SaturnOmnichainV4Hook,https://raw.githubusercontent.com/Uniswap/hooklist/65ef4121419193a5aad9a493d2f4d9710d2f7653/hooks/base/0x8ddebd7f31c744beeaad6d3759f195f9e05e1000.json,"{""name"": ""SaturnOmnichainV4Hook"", ""description"": ""A Uniswap v4 hook for the Saturn Omnichain project that records pool initialization state and delegates initial liquidity bootstrapping to an external contract. The hook itself has no swap, liquidity modification, or donate logic; only afterInitialize is flagged, and its implementation is a no-op stub."", ""deployer"": """"}"
0x9147abfc25e446e5a1c2aafdead8cf3e707ad000,uniswap_hooklist,3,SaturnOmnichainV4Hook,https://raw.githubusercontent.com/Uniswap/hooklist/65ef4121419193a5aad9a493d2f4d9710d2f7653/hooks/base/0x9147abfc25e446e5a1c2aafdead8cf3e707ad000.json,"{""name"": ""SaturnOmnichainV4Hook"", ""description"": ""A minimal hook for the Saturn Omnichain project that implements only afterInitialize. Provides an initializePools() function that delegates to an external LiquidityBootstrapper contract and records the resulting initial tick; all other hook callbacks are no-ops."", ""deployer"": """"}"
0x96b18f9db4a90a92bad3ae026dfe97fb452a1000,uniswap_hooklist,3,SaturnOmnichainV4Hook,https://raw.githubusercontent.com/Uniswap/hooklist/65ef4121419193a5aad9a493d2f4d9710d2f7653/hooks/base/0x96b18f9db4a90a92bad3ae026dfe97fb452a1000.json,"{""name"": ""SaturnOmnichainV4Hook"", ""description"": ""Minimal hook for the Saturn Omnichain project with only afterInitialize enabled (a no-op callback). Provides a separate initializePools() function that delegates liquidity bootstrapping to an external ISaturnOmnichainLiquidityBootstrapper contract and records the initial tick."", ""deployer"": """"}"
0x9c99ed3c8127977311d1e8cc37e882c421141000,uniswap_hooklist,3,SaturnOmnichainV4Hook,https://raw.githubusercontent.com/Uniswap/hooklist/65ef4121419193a5aad9a493d2f4d9710d2f7653/hooks/base/0x9c99ed3c8127977311d1e8cc37e882c421141000.json,"{""name"": ""SaturnOmnichainV4Hook"", ""description"": ""A Uniswap v4 hook for the Saturn Omnichain token that records the initial tick on pool initialization and exposes an initializePools() function to trigger an external liquidity bootstrapper contract. All swap and liquidity hook callbacks are no-ops."", ""deployer"": """"}"
0xa35ebf7184f6cbdb2bcf21f41c0f29bffd4e00cc,uniswap_hooklist,3,Politiswap,https://raw.githubusercontent.com/Uniswap/hooklist/65ef4121419193a5aad9a493d2f4d9710d2f7653/hooks/base/0xa35ebf7184f6cbdb2bcf21f41c0f29bffd4e00cc.json,"{""name"": ""Politiswap"", ""description"": ""A political meme token trading hook that deploys ETH/POL token pools and tracks daily net ETH inflows per pool. Takes a 2% fee on all swaps (ETH\u2192POL in beforeSwap, POL\u2192ETH in afterSwap), forwards fees to a collector address, and records flows to determine each day's highest-inflow pool. Holders of the winning pool's token can claim governance token rewards."", ""deployer"": """"}"
0xa35ebf7184f6cbdb2bcf21f41c0f29bffd4e00cc,blockscout,5,Politiswap,https://base.blockscout.com/address/0xa35ebf7184f6cbdb2bcf21f41c0f29bffd4e00cc,"""name"": ""Politiswap"", ""is_verified"": true"
0xa513fe0c7f99d18fd898030582095d034d5f5000,uniswap_hooklist,3,SaturnOmnichainV4Hook,https://raw.githubusercontent.com/Uniswap/hooklist/65ef4121419193a5aad9a493d2f4d9710d2f7653/hooks/base/0xa513fe0c7f99d18fd898030582095d034d5f5000.json,"{""name"": ""SaturnOmnichainV4Hook"", ""description"": ""A minimal Uniswap v4 hook for the Saturn Omnichain project with only afterInitialize permission enabled. All hook callbacks are no-ops; pool initialization is delegated to an external ISaturnOmnichainLiquidityBootstrapper contract that sets the initial tick and liquidity positions."", ""deployer"": """"}"
0xa6c9f8ceed4b35daa104bd2eb7b8edc2174c5000,uniswap_hooklist,3,SaturnOmnichainV4Hook,https://raw.githubusercontent.com/Uniswap/hooklist/65ef4121419193a5aad9a493d2f4d9710d2f7653/hooks/base/0xa6c9f8ceed4b35daa104bd2eb7b8edc2174c5000.json,"{""name"": ""SaturnOmnichainV4Hook"", ""description"": ""A minimal hook for the Saturn Omnichain project that implements only afterInitialize as a no-op. Pool setup is coordinated externally via initializePools(), which calls an ISaturnOmnichainLiquidityBootstrapper contract to bootstrap liquidity and records the initial tick and poolInitialized flag."", ""deployer"": """"}"
0xab89cc08ef864dd00e561c38cf71fbfb3ceee8cc,uniswap_hooklist,3,SpawnHookStaticFeeV2,https://raw.githubusercontent.com/Uniswap/hooklist/65ef4121419193a5aad9a493d2f4d9710d2f7653/hooks/base/0xab89cc08ef864dd00e561c38cf71fbfb3ceee8cc.json,"{""name"": ""SpawnHookStaticFeeV2"", ""description"": ""A Uniswap v4 hook for the Spawn token-launch platform that applies directional static LP fees (different rates for buying vs selling the spawn token, configured at pool initialization). Protocol fees are explicitly disabled (PROTOCOL_FEE_NUMERATOR = 0). The hook also supports a temporary MEV-protection module that can raise LP fees during the first hour after pool creation."", ""deployer"": """"}"
0xbe4b993be32558eaf50ac7140607e927f13e5000,uniswap_hooklist,3,SaturnOmnichainV4Hook,https://raw.githubusercontent.com/Uniswap/hooklist/65ef4121419193a5aad9a493d2f4d9710d2f7653/hooks/base/0xbe4b993be32558eaf50ac7140607e927f13e5000.json,"{""name"": ""SaturnOmnichainV4Hook"", ""description"": ""Minimal hook with only an afterInitialize permission (no-op callback). Exposes an initializePools() function that delegates to an external liquidity bootstrapper to seed pool liquidity and records the resulting initial tick."", ""deployer"": """"}"
0xc129dcdf7fd062dc2c2fbc75a27c63b300059000,uniswap_hooklist,3,SaturnOmnichainV4Hook,https://raw.githubusercontent.com/Uniswap/hooklist/65ef4121419193a5aad9a493d2f4d9710d2f7653/hooks/base/0xc129dcdf7fd062dc2c2fbc75a27c63b300059000.json,"{""name"": ""SaturnOmnichainV4Hook"", ""description"": ""A Uniswap v4 hook for the Saturn Omnichain protocol that records pool initialization state. The afterInitialize callback is a no-op; actual liquidity bootstrapping is delegated to an external ISaturnOmnichainLiquidityBootstrapper contract invoked via initializePools()."", ""deployer"": """"}"
0xc1523e353260130a61f9482103366d74d2b51000,uniswap_hooklist,3,SaturnOmnichainV4Hook,https://raw.githubusercontent.com/Uniswap/hooklist/65ef4121419193a5aad9a493d2f4d9710d2f7653/hooks/base/0xc1523e353260130a61f9482103366d74d2b51000.json,"{""name"": ""SaturnOmnichainV4Hook"", ""description"": ""A minimal hook for the Saturn Omnichain project with only the afterInitialize flag enabled. The afterInitialize callback is a no-op; initial liquidity is bootstrapped separately via an external ISaturnOmnichainLiquidityBootstrapper contract called through the initializePools() function, which records the initial tick."", ""deployer"": """"}"
0xc52608f91f617bec7ff57505e02fb2886f975000,uniswap_hooklist,3,SaturnOmnichainV4Hook,https://raw.githubusercontent.com/Uniswap/hooklist/65ef4121419193a5aad9a493d2f4d9710d2f7653/hooks/base/0xc52608f91f617bec7ff57505e02fb2886f975000.json,"{""name"": ""SaturnOmnichainV4Hook"", ""description"": ""A Uniswap v4 hook for the Saturn Omnichain project. Only the afterInitialize flag is set (no-op implementation). Exposes an initializePools() function that delegates to an external ISaturnOmnichainLiquidityBootstrapper to bootstrap liquidity and record the initial tick."", ""deployer"": """"}"
0xcc67f01797bfa6a31535d2037d2116f76fc49000,uniswap_hooklist,3,SaturnOmnichainV4Hook,https://raw.githubusercontent.com/Uniswap/hooklist/65ef4121419193a5aad9a493d2f4d9710d2f7653/hooks/base/0xcc67f01797bfa6a31535d2037d2116f76fc49000.json,"{""name"": ""SaturnOmnichainV4Hook"", ""description"": ""A minimal hook for the Saturn Omnichain project that uses only the afterInitialize permission (as a no-op) and exposes an initializePools() function that delegates liquidity bootstrapping to an external ISaturnOmnichainLiquidityBootstrapper contract, recording the initial tick."", ""deployer"": """"}"
0xd9b04d5a2f40b17e448459bb9b23b420594b5000,uniswap_hooklist,3,SaturnOmnichainV4Hook,https://raw.githubusercontent.com/Uniswap/hooklist/65ef4121419193a5aad9a493d2f4d9710d2f7653/hooks/base/0xd9b04d5a2f40b17e448459bb9b23b420594b5000.json,"{""name"": ""SaturnOmnichainV4Hook"", ""description"": ""A Uniswap v4 hook for Saturn Omnichain that hooks only into afterInitialize. Pool initialization is delegated to an external liquidity bootstrapper contract, whose returned tick is stored on-chain. All swap, liquidity, and donate callbacks are no-ops."", ""deployer"": """"}"
0xda81a254c9e4de59e5d68b48ae6e2f4e1d201000,uniswap_hooklist,3,SaturnOmnichainV4Hook,https://raw.githubusercontent.com/Uniswap/hooklist/65ef4121419193a5aad9a493d2f4d9710d2f7653/hooks/base/0xda81a254c9e4de59e5d68b48ae6e2f4e1d201000.json,"{""name"": ""SaturnOmnichainV4Hook"", ""description"": ""A minimal hook with only afterInitialize enabled (as a no-op). Provides an initializePools() function that delegates liquidity bootstrapping to an external LiquidityBootstrapper contract and records the initial tick. No swap logic or access control."", ""deployer"": """"}"
0xdf0a0a033c4012e27f75a5677a09473f4b941000,uniswap_hooklist,3,SaturnOmnichainV4Hook,https://raw.githubusercontent.com/Uniswap/hooklist/65ef4121419193a5aad9a493d2f4d9710d2f7653/hooks/base/0xdf0a0a033c4012e27f75a5677a09473f4b941000.json,"{""name"": ""SaturnOmnichainV4Hook"", ""description"": ""A minimal hook for the Saturn Omnichain project that registers afterInitialize (as a no-op callback) and exposes an initializePools() function that delegates to an external ISaturnOmnichainLiquidityBootstrapper to bootstrap liquidity and record the initial tick."", ""deployer"": """"}"
0xe452db2f3d107c4674b7d516afde027574109000,uniswap_hooklist,3,SaturnOmnichainV4Hook,https://raw.githubusercontent.com/Uniswap/hooklist/65ef4121419193a5aad9a493d2f4d9710d2f7653/hooks/base/0xe452db2f3d107c4674b7d516afde027574109000.json,"{""name"": ""SaturnOmnichainV4Hook"", ""description"": ""Minimal hook for the Saturn Omnichain project with only afterInitialize enabled; the hook callback performs no action beyond returning its selector. A separate initializePools() function delegates liquidity bootstrapping to an ISaturnOmnichainLiquidityBootstrapper contract and records the initial tick."", ""deployer"": """"}"
0xf2044415506826f71a9c0f17937ab86d7580d000,uniswap_hooklist,3,SaturnOmnichainV4Hook,https://raw.githubusercontent.com/Uniswap/hooklist/65ef4121419193a5aad9a493d2f4d9710d2f7653/hooks/base/0xf2044415506826f71a9c0f17937ab86d7580d000.json,"{""name"": ""SaturnOmnichainV4Hook"", ""description"": ""A Uniswap v4 hook for the Saturn Omnichain protocol that only sets the afterInitialize flag (as a no-op selector return). Holds pool configuration constants and delegates liquidity bootstrapping to an external ISaturnOmnichainLiquidityBootstrapper contract via initializePools()."", ""deployer"": """"}"
0xf7311f0fe6a17495ddf2f60a069a48fd525f9000,uniswap_hooklist,3,SaturnOmnichainV4Hook,https://raw.githubusercontent.com/Uniswap/hooklist/65ef4121419193a5aad9a493d2f4d9710d2f7653/hooks/base/0xf7311f0fe6a17495ddf2f60a069a48fd525f9000.json,"{""name"": ""SaturnOmnichainV4Hook"", ""description"": ""A Uniswap v4 hook for the Saturn Omnichain project. Only the afterInitialize flag is set (passthrough). Provides an initializePools() function that calls an external LiquidityBootstrapper contract to set an initial tick and mark the pool as initialized; no swap-path logic is present."", ""deployer"": """"}"
0xf9807122bd9a493703d093e22ac780d5e182d000,uniswap_hooklist,3,SaturnOmnichainV4Hook,https://raw.githubusercontent.com/Uniswap/hooklist/65ef4121419193a5aad9a493d2f4d9710d2f7653/hooks/base/0xf9807122bd9a493703d093e22ac780d5e182d000.json,"{""name"": ""SaturnOmnichainV4Hook"", ""description"": ""A minimal hook for the Saturn Omnichain protocol. Only afterInitialize is enabled, but its callback is a pure no-op. The contract also exposes an `initializePools()` function that calls an external liquidity bootstrapper to record an initial tick, but this is independent of the hook mechanism."", ""deployer"": """"}"
0x1873a43a3fb43fa792fe05b6a345f401505000cc,uniswap_hooklist,3,OriginFeeHook,https://raw.githubusercontent.com/Uniswap/hooklist/65ef4121419193a5aad9a493d2f4d9710d2f7653/hooks/base/0x1873a43a3fb43fa792fe05b6a345f401505000cc.json,"{""name"": ""OriginFeeHook"", ""description"": ""A shared Uniswap v4 hook for native ETH/TOKEN pools that charges a configurable 1.5\u20133.5% fee on every exact-input swap, with optional linear anti-sniper fee decay from 80% down to the base rate. Fees are collected in native ETH via BeforeSwapDelta (buys) and AfterSwapDelta (sells); exact-output swaps are blocked."", ""deployer"": """"}"
0x3bd394adc3af627a89c6620e9774b6e7c4fbafdc,uniswap_hooklist,3,BoardHook,https://raw.githubusercontent.com/Uniswap/hooklist/65ef4121419193a5aad9a493d2f4d9710d2f7653/hooks/base/0x3bd394adc3af627a89c6620e9774b6e7c4fbafdc.json,"{""name"": ""BoardHook"", ""description"": ""A token launch hook that creates and manages ERC20 token pools with a fair launch mechanism. During the fair launch window, the hook provides a one-sided liquidity position, restricts sells, optionally enforces Merkle proof whitelisting, and blocks swaps before a configurable launch timestamp. Swap fees are distributed to creators, protocol, inspired fee recipients, and referrers."", ""deployer"": """"}"
0x3ca21fa01f5d97a87679d0b892ebbf60fcf368cc,uniswap_hooklist,3,ClankerHookStaticFeeV2,https://raw.githubusercontent.com/Uniswap/hooklist/65ef4121419193a5aad9a493d2f4d9710d2f7653/hooks/base/0x3ca21fa01f5d97a87679d0b892ebbf60fcf368cc.json,"{""name"": ""ClankerHookStaticFeeV2"", ""description"": ""A Uniswap v4 hook for Clanker-launched token pools that enforces directional static LP fees (separate rates for buying vs. selling the Clanker token) via updateDynamicLPFee, deducts protocol fees from each swap using return deltas, optionally integrates a MEV protection module, and supports pool extensions via external callbacks."", ""deployer"": """"}"
0x704268ac7043aeef50f47b6a03ae68ccf808e044,uniswap_hooklist,3,BTC ACC Hook (Base),https://raw.githubusercontent.com/Uniswap/hooklist/65ef4121419193a5aad9a493d2f4d9710d2f7653/hooks/base/0x704268ac7043aeef50f47b6a03ae68ccf808e044.json,"{""name"": ""BTC ACC Hook (Base)"", ""description"": ""A hook that takes a configurable fee (1-10%) on each swap and deposits it into a Bitcoin accumulation contract, converting swap fees from ETH, WETH, USDC, or cbBTC into Bitcoin for the swapper. The beforeInitialize hook enforces that pools must pair exactly one allowed base token (ETH/WETH/USDC/cbBTC) with a non-base token."", ""deployer"": """"}"
0x704268ac7043aeef50f47b6a03ae68ccf808e044,document,4,Uniswap routing-api allowlist,https://raw.githubusercontent.com/Uniswap/routing-api/main/lib/util/hooksAddressesAllowlist.ts,export const BTC_ACC_ON_BASE = '0x704268ac7043aeef50f47b6a03ae68ccf808e044'
0x8d774909f5f82d3add1863407b9bb06bdeff6fdc,uniswap_hooklist,3,BoardHook,https://raw.githubusercontent.com/Uniswap/hooklist/65ef4121419193a5aad9a493d2f4d9710d2f7653/hooks/base/0x8d774909f5f82d3add1863407b9bb06bdeff6fdc.json,"{""name"": ""BoardHook"", ""description"": ""A full-featured token launch and fee-management hook that enforces a fair launch phase with optional Merkle whitelist, blocking sells and liquidity modifications during the launch window. Captures custom swap fees via hook deltas and distributes them among protocol, creator, referrer, and inspired parties."", ""deployer"": """"}"
0x8fc6d67a68b1001b11320cc73901a874016dea44,uniswap_hooklist,3,TokenFab,https://raw.githubusercontent.com/Uniswap/hooklist/65ef4121419193a5aad9a493d2f4d9710d2f7653/hooks/base/0x8fc6d67a68b1001b11320cc73901a874016dea44.json,"{""name"": ""TokenFab"", ""description"": ""Token launch factory hook that creates ERC-20 tokens with bonding curve pools. Blocks external liquidity modifications and manages supply internally. When bonding curve supply is exhausted, automatically migrates liquidity to a standard AMM pool. Takes a 1% fee on each swap, split equally between the token creator and the platform."", ""deployer"": """"}"
0x96e3b4e76b409f10e2f89501f6ca5abfcd92ea80,uniswap_hooklist,3,TWAMM,https://raw.githubusercontent.com/Uniswap/hooklist/65ef4121419193a5aad9a493d2f4d9710d2f7653/hooks/base/0x96e3b4e76b409f10e2f89501f6ca5abfcd92ea80.json,"{""name"": ""TWAMM"", ""description"": ""A Time-Weighted Average Market Maker (TWAMM) hook that enables users to submit long-running token swap orders executed gradually over time. Before each swap, liquidity addition, or removal, the hook executes pending virtual orders by performing nested swaps against the pool via poolManager.swap()."", ""deployer"": """"}"
0x9c91eb3879c469a124a6ed6e95dfc485b7dd60cc,uniswap_hooklist,3,FlashV2,https://raw.githubusercontent.com/Uniswap/hooklist/65ef4121419193a5aad9a493d2f4d9710d2f7653/hooks/base/0x9c91eb3879c469a124a6ed6e95dfc485b7dd60cc.json,"{""name"": ""FlashV2"", ""description"": ""Robinhood's Flash DEX hook for Uniswap v4 supporting OTC-AMM hybrid execution, impact-scaled sell taxes distributed to stakers, creators, and treasury, multiple pool types (main, sub, stock, perp pairs), and churn-based reward sweeping via delegatecall to an external routing module."", ""deployer"": """"}"
0xa31cc9cd9580db458a11744661141269b98ce844,uniswap_hooklist,3,TokenFab,https://raw.githubusercontent.com/Uniswap/hooklist/65ef4121419193a5aad9a493d2f4d9710d2f7653/hooks/base/0xa31cc9cd9580db458a11744661141269b98ce844.json,"{""name"": ""TokenFab"", ""description"": ""Token launch factory hook implementing a bonding curve for newly deployed ERC20 tokens. Liquidity is distributed across multiple tick ranges; when the bonding curve supply threshold is reached, liquidity is removed and migrated to a new full-range AMM pool. Collects a 1% swap fee on the base-token side, split equally between the token creator and the platform."", ""deployer"": """"}"
0xb36f4a2fb18b745ef8ed31452781a463d2b3f0cc,uniswap_hooklist,3,BondingCurveHook,https://raw.githubusercontent.com/Uniswap/hooklist/65ef4121419193a5aad9a493d2f4d9710d2f7653/hooks/base/0xb36f4a2fb18b745ef8ed31452781a463d2b3f0cc.json,"{""name"": ""BondingCurveHook"", ""description"": ""Routes swaps through a custom bonding curve during the token's bonding phase by intercepting beforeSwap and executing buys/sells via the BondkitToken contract. After migration to DEX phase, collects LP fees from the hook-owned position in afterSwap and distributes them via a DexPhaseSplitter contract."", ""deployer"": """"}"
0xc942072fdd8ab5eb97abefcd4bd08e918472a8cc,uniswap_hooklist,3,ClankerHookDynamicFeeV2,https://raw.githubusercontent.com/Uniswap/hooklist/65ef4121419193a5aad9a493d2f4d9710d2f7653/hooks/base/0xc942072fdd8ab5eb97abefcd4bd08e918472a8cc.json,"{""name"": ""ClankerHookDynamicFeeV2"", ""description"": ""Clanker token launch hook that computes a volatility-responsive dynamic LP fee from tick movement between swaps, takes protocol fees on swaps via BeforeSwapDelta/AfterSwapDelta, and supports optional MEV protection modules and pool extensions."", ""deployer"": """"}"
0xd376f5e29c3215859ec9facbcd63ed6fd87c30c0,uniswap_hooklist,3,NGUHook,https://raw.githubusercontent.com/Uniswap/hooklist/65ef4121419193a5aad9a493d2f4d9710d2f7653/hooks/base/0xd376f5e29c3215859ec9facbcd63ed6fd87c30c0.json,"{""name"": ""NGUHook"", ""description"": ""Attempts to enforce a 30-minute initial buy limit of 0.5 ETH after pool deployment and a 20% fee on sell swaps transferred to a fixed fee recipient. The temporal buy limit is never enforced (poolDeploymentTime is never set), and the sell fee transfer is likely non-functional (no afterSwapReturnsDelta claimed)."", ""deployer"": """"}"
0xd4f185382cc4a2c01584e8c0f54b36d85a8980cc,uniswap_hooklist,3,UniswapV4SwapFeeHookV1,https://raw.githubusercontent.com/Uniswap/hooklist/65ef4121419193a5aad9a493d2f4d9710d2f7653/hooks/base/0xd4f185382cc4a2c01584e8c0f54b36d85a8980cc.json,"{""name"": ""UniswapV4SwapFeeHookV1"", ""description"": ""A Uniswap v4 hook that charges configurable buy and sell fees (in basis points) on swaps involving a designated fee token. Fees are collected in the fee token via BeforeSwapDelta and AfterSwapDelta return values and forwarded to a configurable recipient contract, with separate rates for buy and sell operations."", ""deployer"": """"}"
0xd98aa10b3e8191290ca77d7dbfe1f884ac725040,uniswap_hooklist,3,ZoraV4CoinHook,https://raw.githubusercontent.com/Uniswap/hooklist/65ef4121419193a5aad9a493d2f4d9710d2f7653/hooks/base/0xd98aa10b3e8191290ca77d7dbfe1f884ac725040.json,"{""name"": ""ZoraV4CoinHook"", ""description"": ""A Zora v4 coin hook that creates multiple liquidity positions on pool initialization and, on every swap, collects accrued LP fees from all positions, converts them to a backing currency via multi-hop swap, and distributes rewards to creators, referrers, and the protocol."", ""deployer"": """"}"
0xf500d19f77827b55ef187fc2599a895844a59040,uniswap_hooklist,3,ZoraV4CoinHook,https://raw.githubusercontent.com/Uniswap/hooklist/65ef4121419193a5aad9a493d2f4d9710d2f7653/hooks/base/0xf500d19f77827b55ef187fc2599a895844a59040.json,"{""name"": ""ZoraV4CoinHook"", ""description"": ""A hook for Zora Coin v4 pools that initializes multi-curve LP positions on pool creation, then after each swap collects LP fees and distributes them as market rewards to creators, platform referrers, optional trade referrers (passed via hookData), the protocol, and Doppler. Also emits detailed swap events."", ""deployer"": """"}"
0xf9527fb5a34ac6fbc579e4fbc3bf292ed57d4880,uniswap_hooklist,3,Arrakis Private Hook (Base),https://raw.githubusercontent.com/Uniswap/hooklist/65ef4121419193a5aad9a493d2f4d9710d2f7653/hooks/base/0xf9527fb5a34ac6fbc579e4fbc3bf292ed57d4880.json,"{""name"": ""Arrakis Private Hook (Base)"", ""description"": ""A Uniswap v4 hook for Arrakis private vaults that restricts liquidity additions to the vault's authorized module and dynamically overrides LP fees per swap direction."", ""deployer"": """"}"
0xf9527fb5a34ac6fbc579e4fbc3bf292ed57d4880,document,4,Uniswap routing-api allowlist,https://raw.githubusercontent.com/Uniswap/routing-api/main/lib/util/hooksAddressesAllowlist.ts,export const ARRAKIS_PRIVATE_HOOK_ON_BASE = '0xf9527fb5a34ac6fbc579e4fbc3bf292ed57d4880'
0xf9527fb5a34ac6fbc579e4fbc3bf292ed57d4880,document,4,Uniswap routing-api allowlist,https://raw.githubusercontent.com/Uniswap/routing-api/main/lib/util/hooksAddressesAllowlist.ts,export const ARRAKIS_PRIVATE_HOOK_ON_MAINNET = '0xf9527fb5a34ac6fbc579e4fbc3bf292ed57d4880'
0xcac7f6e1d63f859e47262d439a75e61e3725b888,blockscout,5,FlashPerpsHookV3,https://base.blockscout.com/address/0xcac7f6e1d63f859e47262d439a75e61e3725b888,"""name"": ""FlashPerpsHookV3"", ""is_verified"": true"
0x06a0244c73924ec6b176206058341e5622f79ae4,uniswap_hooklist,3,UniClawHookV4,https://raw.githubusercontent.com/Uniswap/hooklist/65ef4121419193a5aad9a493d2f4d9710d2f7653/hooks/base/0x06a0244c73924ec6b176206058341e5622f79ae4.json,"{""name"": ""UniClawHookV4"", ""description"": ""Dual-mode Uniswap v4 hook supporting agent-only pools (requiring on-chain agent registry verification) and public pools. Captures swap fees via afterSwapReturnDelta with optional reputation-based fee discounts for verified agents."", ""deployer"": """"}"
0x50b2cd1492b1bc4141bf3f1a446e9f88161bc0c0,uniswap_hooklist,3,DynamicFeeHookV2,https://raw.githubusercontent.com/Uniswap/hooklist/65ef4121419193a5aad9a493d2f4d9710d2f7653/hooks/base/0x50b2cd1492b1bc4141bf3f1a446e9f88161bc0c0.json,"{""name"": ""DynamicFeeHookV2"", ""description"": ""Implements a linearly-decaying dynamic LP fee (anti-sniper) that transitions from a high start fee to a lower end fee over a configurable duration, then locks in the end fee permanently. Maintains an internal TWAP oracle via a cumulative sqrt-price accumulator updated on each swap."", ""deployer"": """"}"
0x57366c70236ba8558cfa289c52f32345d8fac040,uniswap_hooklist,3,TokenFactory,https://raw.githubusercontent.com/Uniswap/hooklist/65ef4121419193a5aad9a493d2f4d9710d2f7653/hooks/base/0x57366c70236ba8558cfa289c52f32345d8fac040.json,"{""name"": ""TokenFactory"", ""description"": ""A token launch factory that deploys ERC-20 tokens, initializes Uniswap v4 pools with permanently locked liquidity, and collects a 0.5% tax on token purchase swaps (non-WETH output) via the afterSwap hook, forwarding the tax to a fee recipient."", ""deployer"": """"}"
0x7eeba3e74a38269351f42ec030077a19adc00080,uniswap_hooklist,3,DynamicFeeHook,https://raw.githubusercontent.com/Uniswap/hooklist/65ef4121419193a5aad9a493d2f4d9710d2f7653/hooks/base/0x7eeba3e74a38269351f42ec030077a19adc00080.json,"{""name"": ""DynamicFeeHook"", ""description"": ""A Uniswap v4 hook that dynamically adjusts the LP fee on every swap. An owner can set the active fee to any value between 1% (10000) and 2% (20000) via setFee(); the current fee is returned as an lpFeeOverride in beforeSwap."", ""deployer"": """"}"
0x83f8cbfae5d6f07c169cbacf6ee6c8ba42e71040,uniswap_hooklist,3,ZoraV4CoinHook,https://raw.githubusercontent.com/Uniswap/hooklist/65ef4121419193a5aad9a493d2f4d9710d2f7653/hooks/base/0x83f8cbfae5d6f07c169cbacf6ee6c8ba42e71040.json,"{""name"": ""ZoraV4CoinHook"", ""description"": ""A Zora V4 Coin hook that registers Doppler multi-curve LP positions on pool initialization and, after each swap, collects accumulated fees, routes them to a target currency via nested pool swaps, and distributes market rewards to protocol participants and an optional trade referrer encoded in hookData."", ""deployer"": """"}"
0x89047b063114ea59f603258b4e94d5df706640cc,uniswap_hooklist,3,TokenMesaHook,https://raw.githubusercontent.com/Uniswap/hooklist/65ef4121419193a5aad9a493d2f4d9710d2f7653/hooks/base/0x89047b063114ea59f603258b4e94d5df706640cc.json,"{""name"": ""TokenMesaHook"", ""description"": ""Collects a configurable USDC-denominated fee (up to 1% in basis points) on swaps by intercepting input amounts via BeforeSwapDelta, using an on-chain TWAP oracle (circular buffer of 100 tick observations) to convert non-USDC swap amounts into USDC-equivalent fee values. Fees are forwarded to a configurable recipient."", ""deployer"": """"}"
0x8a86f6e03e3a8e31b8f57baa06aeca9a532500c4,uniswap_hooklist,3,TruthMarketHook,https://raw.githubusercontent.com/Uniswap/hooklist/65ef4121419193a5aad9a493d2f4d9710d2f7653/hooks/base/0x8a86f6e03e3a8e31b8f57baa06aeca9a532500c4.json,"{""name"": ""TruthMarketHook"", ""description"": ""A prediction market hook that tracks pool tick movements and notifies an IOrderManager to settle tick-range orders after each swap. Optionally applies an admin-configurable fee on swaps by minting tokens to a fee collector, and supports an optional ISwapValidator for post-swap validation."", ""deployer"": """"}"
0xb5710f7f80c44359cedc09c82c2966be28399000,uniswap_hooklist,3,HookToken,https://raw.githubusercontent.com/Uniswap/hooklist/65ef4121419193a5aad9a493d2f4d9710d2f7653/hooks/base/0xb5710f7f80c44359cedc09c82c2966be28399000.json,"{""name"": ""HookToken"", ""description"": ""Maintains a registry of project tokens and enforces that only pre-registered tokens (paired with native ETH) can be used to initialize Uniswap v4 pools. On afterInitialize, it validates the pool's token is registered and records the pool ID \u2192 token mapping."", ""deployer"": """"}"
0xb865a612b65c893d3dfa8e0484ea2197fced6880,uniswap_hooklist,3,C402DynamicFeeHook,https://raw.githubusercontent.com/Uniswap/hooklist/65ef4121419193a5aad9a493d2f4d9710d2f7653/hooks/base/0xb865a612b65c893d3dfa8e0484ea2197fced6880.json,"{""name"": ""C402DynamicFeeHook"", ""description"": ""A hook that restricts pool initialization to whitelisted launchers, enforces one-time liquidity addition per pool, and applies a time-based dynamic LP fee (2.5% for the first 24 hours after pool creation, then 1% thereafter)."", ""deployer"": """"}"
0xd09f2e56bcfad16b052008ccc905a7478971e0cc,uniswap_hooklist,3,Arcmind,https://raw.githubusercontent.com/Uniswap/hooklist/65ef4121419193a5aad9a493d2f4d9710d2f7653/hooks/base/0xd09f2e56bcfad16b052008ccc905a7478971e0cc.json,"{""name"": ""Arcmind"", ""description"": ""A token launchpad hook that creates ETH-only paired pools, adds initial liquidity, and collects a configurable BPS fee on ETH-side swaps using beforeSwap/afterSwap delta returns. Fees are split between the token creator and the platform owner; deployed as a transparent upgradeable proxy."", ""deployer"": """"}"
0xd28fb66001820af4353d615cbc252eb938f31088,uniswap_hooklist,3,HaberdasheryHook,https://raw.githubusercontent.com/Uniswap/hooklist/65ef4121419193a5aad9a493d2f4d9710d2f7653/hooks/base/0xd28fb66001820af4353d615cbc252eb938f31088.json,"{""name"": ""HaberdasheryHook"", ""description"": ""A fee-collecting hook that charges a configurable percentage fee (default 1%, max 10%) on each swap by taking the fee amount via beforeSwapReturnsDelta, accumulating fees per pool by currency. The owner can withdraw accumulated fees, automatically converting non-Habs token balances to the Habs token via an internal pool swap."", ""deployer"": """"}"
0xdf6780468bef6f61f10e0205f08d9e220f05d040,uniswap_hooklist,3,CreatorCoinHook,https://raw.githubusercontent.com/Uniswap/hooklist/65ef4121419193a5aad9a493d2f4d9710d2f7653/hooks/base/0xdf6780468bef6f61f10e0205f08d9e220f05d040.json,"{""name"": ""CreatorCoinHook"", ""description"": ""A Uniswap v4 hook for Zora creator coin pools that creates multiple liquidity positions via a Doppler multi-curve configuration on pool initialization, and on every swap collects accrued LP fees from all positions, converts them to a backing currency via multi-hop swap paths, and distributes the proceeds as rewards to the creator, referrers, and protocol."", ""deployer"": """"}"
0xe3ac6282074d6ec69a2b607fdc91c157051dafdc,uniswap_hooklist,3,BoardHook,https://raw.githubusercontent.com/Uniswap/hooklist/65ef4121419193a5aad9a493d2f4d9710d2f7653/hooks/base/0xe3ac6282074d6ec69a2b607fdc91c157051dafdc.json,"{""name"": ""BoardHook"", ""description"": ""A Uniswap v4 hook for token launches that manages a fair launch phase (one-sided liquidity position with temporal gating and optional Merkle-proof whitelisting), captures and distributes swap fees to protocol, creator, referrer, and swapper recipients, and blocks direct pool initialization \u2014 requiring tokens to be deployed through the hook's own `publiphi` function."", ""deployer"": """"}"
0xf70b71605f1c0a8ff7580557645bb7e29fe495c8,uniswap_hooklist,3,JBUniswapV4Hook,https://raw.githubusercontent.com/Uniswap/hooklist/65ef4121419193a5aad9a493d2f4d9710d2f7653/hooks/base/0xf70b71605f1c0a8ff7580557645bb7e29fe495c8.json,"{""name"": ""JBUniswapV4Hook"", ""description"": ""A Juicebox-integrated Uniswap v4 hook that routes exact-input swaps through either the V4 AMM or a Juicebox terminal (buy or sell side), choosing whichever path offers better output. It also maintains a TWAP oracle by recording price observations after each swap, add-liquidity, and remove-liquidity event."", ""deployer"": """"}"
0x24b22caa8ca9caeef8cf67607bcbae2afc74e040,uniswap_hooklist,3,ExponentialLiquidityHook,https://raw.githubusercontent.com/Uniswap/hooklist/65ef4121419193a5aad9a493d2f4d9710d2f7653/hooks/base/0x24b22caa8ca9caeef8cf67607bcbae2afc74e040.json,"{""name"": ""ExponentialLiquidityHook"", ""description"": ""A bonding curve hook that deploys ERC20 tokens paired with WBTC. It manages segmented liquidity across 10 tick intervals within a fixed price range. When a swap moves the price past the bonding curve's end threshold, the hook removes all liquidity segments and calls enablePackOpening() on the token, graduating it from the bonding curve. Direct pool initialization is blocked; pools must be created via deployERC20Token()."", ""deployer"": """"}"
0x277083fbdb0ea476224013a375575c072b3cea44,uniswap_hooklist,3,TokenFab,https://raw.githubusercontent.com/Uniswap/hooklist/65ef4121419193a5aad9a493d2f4d9710d2f7653/hooks/base/0x277083fbdb0ea476224013a375575c072b3cea44.json,"{""name"": ""TokenFab"", ""description"": ""A token launchpad hook that deploys ERC20 tokens via a bonding curve on Uniswap v4, blocking external liquidity additions and removals. When the bonding curve supply is exhausted, it automatically migrates liquidity to a full-range AMM pool. Collects a 5% fee on swaps (1% creator, 1% platform, 3% protocol) distributed to configurable fee receivers via afterSwapReturnsDelta."", ""deployer"": """"}"
0x3dbae27044b0c2f5524627c5fe69ef8adb8cefdc,uniswap_hooklist,3,BoardHook,https://raw.githubusercontent.com/Uniswap/hooklist/65ef4121419193a5aad9a493d2f4d9710d2f7653/hooks/base/0x3dbae27044b0c2f5524627c5fe69ef8adb8cefdc.json,"{""name"": ""BoardHook"", ""description"": ""A Uniswap v4 hook powering a token launchpad (\""publiphi\"") with fair launch mechanics: it enforces a temporal launch window (blocking swaps before launch time), fills buys directly from a one-sided fair launch position during the launch window, and captures fees after every swap distributing them across protocol, creator, referrer, and swapper recipients."", ""deployer"": """"}"
0x42507d88ef61e0eb090135443e4b1c8ed24ae888,uniswap_hooklist,3,FlashPerpsHook,https://raw.githubusercontent.com/Uniswap/hooklist/65ef4121419193a5aad9a493d2f4d9710d2f7653/hooks/base/0x42507d88ef61e0eb090135443e4b1c8ed24ae888.json,"{""name"": ""FlashPerpsHook"", ""description"": ""Custom-curve perpetuals hook that acts as the sole market maker for PERP/USDG pools. Buy swaps mint new perp exposure from a registered vault; sell swaps unwind it. A fixed 0.30% USDG fee on all trades is routed to a FLASH buyback module. No passive liquidity or external LPs are permitted."", ""deployer"": """"}"
0x5c989a282a05e967f2d291467cc6d6c4500cd5c8,uniswap_hooklist,3,JBUniswapV4Hook,https://raw.githubusercontent.com/Uniswap/hooklist/65ef4121419193a5aad9a493d2f4d9710d2f7653/hooks/base/0x5c989a282a05e967f2d291467cc6d6c4500cd5c8.json,"{""name"": ""JBUniswapV4Hook"", ""description"": ""A Uniswap V4 hook that routes swaps to whichever venue (V4 pool or Juicebox terminal) offers more output tokens, using a 30-minute TWAP oracle for manipulation-resistant price comparison. Also maintains a TWAP oracle by recording observations after pool initialization, liquidity changes, and swaps."", ""deployer"": """"}"
0x6eca32ee9a1ce801c704a4d5166cbefe52f6acc4,uniswap_hooklist,3,PoolStartegyHooks,https://raw.githubusercontent.com/Uniswap/hooklist/65ef4121419193a5aad9a493d2f4d9710d2f7653/hooks/base/0x6eca32ee9a1ce801c704a4d5166cbefe52f6acc4.json,"{""name"": ""PoolStartegyHooks"", ""description"": ""NFT strategy hook that gates pool initialization and liquidity addition to the factory contract, collects time-decaying swap fees (starting at 99% and decreasing every 5 blocks), converts non-ETH fees via nested swaps, and distributes fees among a vault, optional strategy fee recipient, and protocol address. Blocks exact-output swaps."", ""deployer"": """"}"
0x975b0b7fd6dce2d4b7ea9c28c72acbb7a0e52044,uniswap_hooklist,3,ExponentialLiquidityHook,https://raw.githubusercontent.com/Uniswap/hooklist/65ef4121419193a5aad9a493d2f4d9710d2f7653/hooks/base/0x975b0b7fd6dce2d4b7ea9c28c72acbb7a0e52044.json,"{""name"": ""ExponentialLiquidityHook"", ""description"": ""A bonding curve hook that creates Uniswap v4 pools for newly deployed ERC20 pack tokens, distributing liquidity across exponentially spaced tick ranges. In afterSwap, it enforces whole-token sales, takes a 1% protocol fee via delta return, and when the full bonding curve supply is sold, removes all liquidity and transfers collected base tokens to a PackERC20 contract to enable Chainlink VRF-based pack opening."", ""deployer"": """"}"
0x9983171696dcb389360f850eb7ae8761a8a8a0cc,uniswap_hooklist,3,EthOnlyFeeHook,https://raw.githubusercontent.com/Uniswap/hooklist/65ef4121419193a5aad9a493d2f4d9710d2f7653/hooks/base/0x9983171696dcb389360f850eb7ae8761a8a8a0cc.json,"{""name"": ""EthOnlyFeeHook"", ""description"": ""Restricts pool initialization to ETH/token pairs with zero LP fee, and charges a configurable BPS fee on the ETH side of every swap via beforeSwap and afterSwap return deltas. Accumulated fees are minted as ERC-6909 claims and can be claimed by the owner, split between a creator and platform address."", ""deployer"": """"}"
0xa08a0e766e94d6b258e6ec353dcb099ea0cca080,uniswap_hooklist,3,DecayFeeHook,https://raw.githubusercontent.com/Uniswap/hooklist/65ef4121419193a5aad9a493d2f4d9710d2f7653/hooks/base/0xa08a0e766e94d6b258e6ec353dcb099ea0cca080.json,"{""name"": ""DecayFeeHook"", ""description"": ""A Uniswap v4 hook that applies a linearly decaying launch fee (anti-snipe) from a configurable START_FEE down to END_FEE over DECAY_SECONDS, then charges a flat fee. Pool initialization is restricted to a fixed MULTI_POOL address set at deployment."", ""deployer"": """"}"
0xa13fbf508e8c6666560e15b8627a0ac8ac7540c4,uniswap_hooklist,3,LaunchHookV2,https://raw.githubusercontent.com/Uniswap/hooklist/65ef4121419193a5aad9a493d2f4d9710d2f7653/hooks/base/0xa13fbf508e8c6666560e15b8627a0ac8ac7540c4.json,"{""name"": ""LaunchHookV2"", ""description"": ""Launch guard hook that applies a 90% buy-side fee override during a configurable block window post-launch, then collects a 1% protocol/creator fee split on all swaps via afterSwapReturnsDelta."", ""deployer"": """"}"
0xa4e6f5500e88691fdcb289aa0e99067481434880,uniswap_hooklist,3,ArrakisPrivateHook,https://raw.githubusercontent.com/Uniswap/hooklist/65ef4121419193a5aad9a493d2f4d9710d2f7653/hooks/base/0xa4e6f5500e88691fdcb289aa0e99067481434880.json,"{""name"": ""ArrakisPrivateHook"", ""description"": ""A Uniswap v4 hook for Arrakis private vaults that restricts liquidity additions to the authorized vault module and applies per-direction dynamic fee overrides in beforeSwap based on fees configured by the vault executor."", ""deployer"": """"}"
0xabf3b3081492743cdb09965af8a75726249af000,uniswap_hooklist,3,MoonsendFeeHook_BASE,https://raw.githubusercontent.com/Uniswap/hooklist/65ef4121419193a5aad9a493d2f4d9710d2f7653/hooks/base/0xabf3b3081492743cdb09965af8a75726249af000.json,"{""name"": ""MoonsendFeeHook_BASE"", ""description"": ""A factory-gated Uniswap v4 hook that enforces pool pre-registration before initialization and sets a one-time dynamic LP fee (from a fixed set of tiers: 1.33%\u20134.20%) via updateDynamicLPFee() in afterInitialize. Has no swap callbacks, imposing zero gas overhead per swap."", ""deployer"": """"}"
0xb9761e89bb79918944799d17b94c30fe5bfaa0cc,uniswap_hooklist,3,B20FeeHook,https://raw.githubusercontent.com/Uniswap/hooklist/65ef4121419193a5aad9a493d2f4d9710d2f7653/hooks/base/0xb9761e89bb79918944799d17b94c30fe5bfaa0cc.json,"{""name"": ""B20FeeHook"", ""description"": ""A dynamic fee hook for native ETH/TOKEN pools that charges 1\u20135% fees in ETH on both buys (via beforeSwap delta) and sells (via afterSwap delta). The fee scales with the previous swap's tick movement as a volatility measure. Pool creation is factory-gated via beforeInitialize; exact-output swaps are reverted."", ""deployer"": """"}"
0xbca7774615c74b7991a111f1c7b2d0efea61aacc,uniswap_hooklist,3,LaunchHook,https://raw.githubusercontent.com/Uniswap/hooklist/65ef4121419193a5aad9a493d2f4d9710d2f7653/hooks/base/0xbca7774615c74b7991a111f1c7b2d0efea61aacc.json,"{""name"": ""LaunchHook"", ""description"": ""A shared Uniswap v4 hook for B20 token launchpads that gates pool creation to a factory, permanently locks single-sided liquidity, and charges a configurable swap fee (split among creator, platform, and optional referrer) plus a timestamp-anchored anti-snipe surcharge that decays to the base fee over a configurable window."", ""deployer"": """"}"
0xf1f168b981e771f8a2179b8e9e2890c5c8102a44,uniswap_hooklist,3,TokenFab,https://raw.githubusercontent.com/Uniswap/hooklist/65ef4121419193a5aad9a493d2f4d9710d2f7653/hooks/base/0xf1f168b981e771f8a2179b8e9e2890c5c8102a44.json,"{""name"": ""TokenFab"", ""description"": ""Bonding curve token launchpad hook. New ERC20 tokens launch on a concentrated bonding curve pool; once the curve supply is exhausted, the hook automatically transitions liquidity to a standard AMM pool split into base-only and token-only legs. A fixed 1% fee on each swap is split 50/50 between the token creator and the platform."", ""deployer"": """"}"
0x01e7d042aaf3099acc7df5346e78c021ab46c0cc,uniswap_hooklist,3,TokenMesaHook,https://raw.githubusercontent.com/Uniswap/hooklist/65ef4121419193a5aad9a493d2f4d9710d2f7653/hooks/base/0x01e7d042aaf3099acc7df5346e78c021ab46c0cc.json,"{""name"": ""TokenMesaHook"", ""description"": ""Collects a configurable USDC-denominated fee (up to 1%) on every swap using an internal TWAP oracle (circular buffer of 100 tick observations) to convert token amounts to USDC. Fees are deducted via beforeSwap/afterSwap return deltas and forwarded to a configurable recipient address controlled by the owner."", ""deployer"": """"}"
0x105fd73f5027a8bfa26e7b8eb041304ec8fe50c0,uniswap_hooklist,3,ZoraV4CoinHook,https://raw.githubusercontent.com/Uniswap/hooklist/65ef4121419193a5aad9a493d2f4d9710d2f7653/hooks/base/0x105fd73f5027a8bfa26e7b8eb041304ec8fe50c0.json,"{""name"": ""ZoraV4CoinHook"", ""description"": ""Uniswap v4 hook for Zora Coins that collects LP fees on every swap, converts them to a backing currency via multi-hop paths, and distributes them as rewards. On initialization it provisions multiple liquidity positions per coin configuration, and after each swap it fills Zora limit orders based on the tick range crossed."", ""deployer"": """"}"
0x2afeacbe0907fba9f86ed3a38b3643bdb9ffa8cc,uniswap_hooklist,3,LayerMemeHookStaticFeeV2,https://raw.githubusercontent.com/Uniswap/hooklist/65ef4121419193a5aad9a493d2f4d9710d2f7653/hooks/base/0x2afeacbe0907fba9f86ed3a38b3643bdb9ffa8cc.json,"{""name"": ""LayerMemeHookStaticFeeV2"", ""description"": ""A meme token launchpad hook that enforces separate static LP fees for buying vs. selling the meme token, collects a 20% protocol fee on each swap via before/afterSwap delta returns, and optionally integrates an MEV protection module (active for up to 2 minutes post-launch) and a pluggable pool extension."", ""deployer"": """"}"
0x2fd54aaf84023eda60bd65edb5914c1a306850cc,uniswap_hooklist,3,SeedifyFeeHook,https://raw.githubusercontent.com/Uniswap/hooklist/65ef4121419193a5aad9a493d2f4d9710d2f7653/hooks/base/0x2fd54aaf84023eda60bd65edb5914c1a306850cc.json,"{""name"": ""SeedifyFeeHook"", ""description"": ""A time-based fundraise fee hook for Uniswap v4 that charges configurable fees on swaps involving a designated fundraise token, with a higher initial rate during a launch window that drops to a lower rate afterward. Fees are split between platform and creator treasuries and accumulated for on-demand withdrawal."", ""deployer"": """"}"
0x2fd54aaf84023eda60bd65edb5914c1a306850cc,document,4,Uniswap routing-api allowlist,https://raw.githubusercontent.com/Uniswap/routing-api/main/lib/util/hooksAddressesAllowlist.ts,export const SEEDIFY_SPARK_HOOK_ON_BASE = '0x2fd54aaf84023eda60bd65edb5914c1a306850cc'
0x31947292202fb9a48386cef1059299f518842a44,uniswap_hooklist,3,TokenFab,https://raw.githubusercontent.com/Uniswap/hooklist/65ef4121419193a5aad9a493d2f4d9710d2f7653/hooks/base/0x31947292202fb9a48386cef1059299f518842a44.json,"{""name"": ""TokenFab"", ""description"": ""A bonding curve token launch platform hook that manages ERC-20 token launches through a fixed bonding curve phase, collects 1% swap fees split 50/50 between creator and platform fee recipients, and automatically migrates fully-bonded tokens to a standard AMM pool with split single-sided liquidity positions."", ""deployer"": """"}"
0x3ba1921f1652d332c6bbfb98f77ad1df72d56844,uniswap_hooklist,3,TokenFab,https://raw.githubusercontent.com/Uniswap/hooklist/65ef4121419193a5aad9a493d2f4d9710d2f7653/hooks/base/0x3ba1921f1652d332c6bbfb98f77ad1df72d56844.json,"{""name"": ""TokenFab"", ""description"": ""Token launch factory hook implementing a bonding curve for newly deployed ERC-20 tokens. Blocks external pool initialization and liquidity additions, collects a 1% swap fee on the base token split between creator and platform, and automatically graduates tokens to a full-range AMM pool when the bonding curve supply threshold is reached."", ""deployer"": """"}"
0x77293c0fe01c3d4badc669d8694e0ae6b344e044,uniswap_hooklist,3,DecayFeeHook,https://raw.githubusercontent.com/Uniswap/hooklist/65ef4121419193a5aad9a493d2f4d9710d2f7653/hooks/base/0x77293c0fe01c3d4badc669d8694e0ae6b344e044.json,"{""name"": ""DecayFeeHook"", ""description"": ""Charges a linearly decaying swap fee on the unspecified currency (via afterSwapReturnsDelta), from a configurable start rate down to an end rate over a fixed decay window. When the fee is denominated in the launched token, it converts it to stock via a nested pool swap and credits all proceeds to a MultiPool contract as ERC-6909 claims."", ""deployer"": """"}"
0x7d21abcbac5d3b6794ccd582d86b8a42b1f12fdc,uniswap_hooklist,3,BoardHook,https://raw.githubusercontent.com/Uniswap/hooklist/65ef4121419193a5aad9a493d2f4d9710d2f7653/hooks/base/0x7d21abcbac5d3b6794ccd582d86b8a42b1f12fdc.json,"{""name"": ""BoardHook"", ""description"": ""A Uniswap v4 hook implementing a fair launch token issuance system. Manages one-sided liquidity positions during a time-gated launch window with optional Merkle-proof whitelisting, burns unsold tokens on expiry, and distributes custom swap fees among creator, protocol, referrer, and swapper recipients."", ""deployer"": """"}"
0x813e9991bd15aad8670ded90e48d84d733d62a44,uniswap_hooklist,3,TokenFab,https://raw.githubusercontent.com/Uniswap/hooklist/65ef4121419193a5aad9a493d2f4d9710d2f7653/hooks/base/0x813e9991bd15aad8670ded90e48d84d733d62a44.json,"{""name"": ""TokenFab"", ""description"": ""A token launch hook implementing a bonding curve for initial price discovery. When the bonding curve supply cap (15.75M tokens) is reached, it automatically removes liquidity and graduates to an AMM pool. Collects a 1% swap fee split 50/50 between creator and platform fee recipients. External liquidity management is blocked."", ""deployer"": """"}"
0x84129dc46b712614471131e8b9dadd64c7d21bc0,uniswap_hooklist,3,Hook_V2,https://raw.githubusercontent.com/Uniswap/hooklist/65ef4121419193a5aad9a493d2f4d9710d2f7653/hooks/base/0x84129dc46b712614471131e8b9dadd64c7d21bc0.json,"{""name"": ""Hook_V2"", ""description"": ""EMA-based dynamic fee hook for Uniswap V4. Calculates swap fees using Exponential Moving Average of price, with 30-step fee schedule (0.01%-3.00%) and 300-block anti-JIT protection via tx.origin. No owner, no admin functions, fully immutable."", ""deployer"": ""0xbE048D30fa1b5144694D33f8bd482D469028Da99""}"
0xa2c3b47008fc2bf86332dc5cfa1045722ccd80cc,uniswap_hooklist,3,LaunchFeeHook,https://raw.githubusercontent.com/Uniswap/hooklist/65ef4121419193a5aad9a493d2f4d9710d2f7653/hooks/base/0xa2c3b47008fc2bf86332dc5cfa1045722ccd80cc.json,"{""name"": ""LaunchFeeHook"", ""description"": ""A launchpad fee hook that charges a configurable fee (default 2%, max 3%) on every swap denominated in the quote asset using beforeSwap/afterSwap return deltas. For dual-pool tokens (coin + NFT floor token), it mirrors 50% of each trade through the paired collection pool to keep both markets synchronized."", ""deployer"": """"}"
0xa2f9ef299771f00ecca388ec46d3f4d30baaeac4,uniswap_hooklist,3,LeveragedLiquidityHook,https://raw.githubusercontent.com/Uniswap/hooklist/65ef4121419193a5aad9a493d2f4d9710d2f7653/hooks/base/0xa2f9ef299771f00ecca388ec46d3f4d30baaeac4.json,"{""name"": ""LeveragedLiquidityHook"", ""description"": ""A JIT-liquidity hook for Morpho-backed leveraged tokens. Each swap atomically mints or redeems vault positions via a primary hook, installs a transaction-scoped concentrated liquidity position sized to match the swap, executes through the pool, then removes it in afterSwap. External liquidity additions are blocked; swaps use a dynamic fee override at a fixed 30 bps protocol charge."", ""deployer"": """"}"
0xb3ae7c0495fe4d20786cf6d119c7a821f83f40cc,uniswap_hooklist,3,BurnOnSwapHook,https://raw.githubusercontent.com/Uniswap/hooklist/65ef4121419193a5aad9a493d2f4d9710d2f7653/hooks/base/0xb3ae7c0495fe4d20786cf6d119c7a821f83f40cc.json,"{""name"": ""BurnOnSwapHook"", ""description"": ""Burns a configurable percentage (up to 3%) of a designated token on each swap by taking a portion of the swap amount from the pool manager and calling burn() on the token contract. Configuration is per-pool and owner-controlled."", ""deployer"": """"}"
0xbd2597a08627f119ed50c1a252f888f5bfd31b80,uniswap_hooklist,3,DynamicFeeHook,https://raw.githubusercontent.com/Uniswap/hooklist/65ef4121419193a5aad9a493d2f4d9710d2f7653/hooks/base/0xbd2597a08627f119ed50c1a252f888f5bfd31b80.json,"{""name"": ""DynamicFeeHook"", ""description"": ""A Uniswap v4 hook implementing a 14-step dynamic fee schedule (0.03%\u20131.00%) based on price volatility, with anti-JIT liquidity protection that enforces a 300-block (~10 min) minimum hold period before liquidity can be removed."", ""deployer"": """"}"
0xed14ee7501fb212f876714a68308564cd6772000,uniswap_hooklist,3,TokenLaunchpad,https://raw.githubusercontent.com/Uniswap/hooklist/65ef4121419193a5aad9a493d2f4d9710d2f7653/hooks/base/0xed14ee7501fb212f876714a68308564cd6772000.json,"{""name"": ""TokenLaunchpad"", ""description"": ""A permissionless fixed-supply token launchpad hook for Uniswap v4. The beforeInitialize callback always reverts for external callers, ensuring only the launchpad itself can initialize launch pools via its createToken function, which atomically deploys a token, sets up a pool, and seeds permanent liquidity positions."", ""deployer"": """"}"
0xf3cbc5c10940a4ea5a62fc6844b4f004bbf4a888,uniswap_hooklist,3,FlashPerpsHook,https://raw.githubusercontent.com/Uniswap/hooklist/65ef4121419193a5aad9a493d2f4d9710d2f7653/hooks/base/0xf3cbc5c10940a4ea5a62fc6844b4f004bbf4a888.json,"{""name"": ""FlashPerpsHook"", ""description"": ""Custom-curve perpetuals issuance hook where each registered PERP/USDG pool mints or unwinds leveraged perp exposure through Morpho-backed vaults. All swaps are fully intercepted via BeforeSwapDelta (no passive liquidity); a fixed 0.30% USDG fee routes to a buyback module."", ""deployer"": """"}"
0x70473d2106f1ed529fbe8768b8912615b67bb800,blockscout,5,MoonbaseHook,https://base.blockscout.com/address/0x70473d2106f1ed529fbe8768b8912615b67bb800,"""name"": ""MoonbaseHook"", ""is_verified"": true"
0x0e97f67d63ae989e37344b6a753c8a2c799dafdc,uniswap_hooklist,3,BoardHook,https://raw.githubusercontent.com/Uniswap/hooklist/65ef4121419193a5aad9a493d2f4d9710d2f7653/hooks/base/0x0e97f67d63ae989e37344b6a753c8a2c799dafdc.json,"{""name"": ""BoardHook"", ""description"": ""A Uniswap v4 hook for a token launch platform that manages fair launch token sales (one-sided positions with time-gating, optional Merkle whitelist, and premine for creators), captures protocol swap fees and distributes them to the protocol, creator, and inspired-by recipients, and blocks direct pool initialization (pools must be created via the `publiphi` function)."", ""deployer"": """"}"
0x1111a2074da79d99cd0aeca93ad5515281295000,uniswap_hooklist,3,SaturnOmnichainV4Hook,https://raw.githubusercontent.com/Uniswap/hooklist/65ef4121419193a5aad9a493d2f4d9710d2f7653/hooks/base/0x1111a2074da79d99cd0aeca93ad5515281295000.json,"{""name"": ""SaturnOmnichainV4Hook"", ""description"": ""A minimal hook for the Saturn Omnichain project that records the initial tick after pool initialization via an external liquidity bootstrapper contract. Only the afterInitialize permission is enabled; swap behavior is fully vanilla."", ""deployer"": """"}"
0x337c6562c09329576642a373dae459b2068c6fdc,uniswap_hooklist,3,BoardHook,https://raw.githubusercontent.com/Uniswap/hooklist/65ef4121419193a5aad9a493d2f4d9710d2f7653/hooks/base/0x337c6562c09329576642a373dae459b2068c6fdc.json,"{""name"": ""BoardHook"", ""description"": ""A Uniswap v4 hook for token launches with a time-gated FairLaunch period: it blocks trading before a scheduled publish timestamp, fills buy-only swaps from a pre-seeded one-sided liquidity position during FairLaunch, and distributes custom swap fees to referrers, creators, protocol, and inspired parties after the FairLaunch closes."", ""deployer"": """"}"
0x34eab37f62cb0e003d3caab84d7408f4c2c02a44,uniswap_hooklist,3,TokenFab,https://raw.githubusercontent.com/Uniswap/hooklist/65ef4121419193a5aad9a493d2f4d9710d2f7653/hooks/base/0x34eab37f62cb0e003d3caab84d7408f4c2c02a44.json,"{""name"": ""TokenFab"", ""description"": ""A bonding curve token launch hook that blocks external liquidity management (beforeInitialize/beforeAddLiquidity/beforeRemoveLiquidity all revert). Newly launched tokens trade on a bonding curve until the supply cap is reached, then the hook automatically migrates liquidity to a standard AMM pool. Each swap incurs a 1% fee split 50/50 between the creator and platform, taken via afterSwapReturnsDelta."", ""deployer"": """"}"
0x3a3fbb4d70bf8e396003e4bf01070b1de73faa44,uniswap_hooklist,3,TokenFab,https://raw.githubusercontent.com/Uniswap/hooklist/65ef4121419193a5aad9a493d2f4d9710d2f7653/hooks/base/0x3a3fbb4d70bf8e396003e4bf01070b1de73faa44.json,"{""name"": ""TokenFab"", ""description"": ""A bonding curve token launchpad hook that deploys new ERC20 tokens into dedicated Uniswap v4 bonding curve pools. When bonding curve supply is exhausted, the hook automatically removes liquidity and migrates it into a standard AMM pool. A fixed 1% swap fee is collected via afterSwapReturnsDelta and split 50/50 between a creator fee receiver and a platform fee recipient."", ""deployer"": """"}"
0x45178a8d6d368d612b7552b217802b7f97262000,uniswap_hooklist,3,UniswapV4MigratorHook,https://raw.githubusercontent.com/Uniswap/hooklist/65ef4121419193a5aad9a493d2f4d9710d2f7653/hooks/base/0x45178a8d6d368d612b7552b217802b7f97262000.json,"{""name"": ""UniswapV4MigratorHook"", ""description"": ""Restricts Uniswap v4 pool initialization to only the UniswapV4Migrator contract by reverting in beforeInitialize if the caller is not the designated migrator address. Has no swap-related hooks."", ""deployer"": """"}"
0x5ac8dc2926419ad5a35792ab8389355f777c6844,uniswap_hooklist,3,IpStrategyHook,https://raw.githubusercontent.com/Uniswap/hooklist/65ef4121419193a5aad9a493d2f4d9710d2f7653/hooks/base/0x5ac8dc2926419ad5a35792ab8389355f777c6844.json,"{""name"": ""IpStrategyHook"", ""description"": ""A Uniswap v4 hook that gates pool initialization and liquidity addition to an IpStrategyFactory contract, and collects a 2.5% fee on each swap. Non-ETH fees are converted to ETH via a nested pool swap, then distributed to the strategy's NFT vault, owner, and platform via the factory."", ""deployer"": """"}"
0x5cd525c621afca515bf58631d4733fba7b72aae4,uniswap_hooklist,3,Coinbase Verified Hook (Base),https://raw.githubusercontent.com/Uniswap/hooklist/65ef4121419193a5aad9a493d2f4d9710d2f7653/hooks/base/0x5cd525c621afca515bf58631d4733fba7b72aae4.json,"{""name"": ""Coinbase Verified Hook (Base)"", ""description"": ""A Coinbase-authored access-control hook for Verified Pools that restricts pool initialization, liquidity operations, swaps, and donations to addresses verified by configurable on-chain policies. Also collects an optional configurable bips-based hook fee on swaps via afterSwapReturnsDelta."", ""deployer"": """"}"
0x601e542e73a07718785c0554418a5a8ced6a10cc,uniswap_hooklist,3,BluestonkHook,https://raw.githubusercontent.com/Uniswap/hooklist/65ef4121419193a5aad9a493d2f4d9710d2f7653/hooks/base/0x601e542e73a07718785c0554418a5a8ced6a10cc.json,"{""name"": ""BluestonkHook"", ""description"": ""Skims a flat 2% fee on every swap denominated in the quote asset (currency1), split 50/50 between a platform wallet and the registered token creator. LP fee is forced to zero so all fees flow through the hook via beforeSwap and afterSwap delta returns."", ""deployer"": """"}"
0x785319f8fce23cd733de94fd7f34b74a5caa1000,uniswap_hooklist,3,UniV4Hook,https://raw.githubusercontent.com/Uniswap/hooklist/65ef4121419193a5aad9a493d2f4d9710d2f7653/hooks/base/0x785319f8fce23cd733de94fd7f34b74a5caa1000.json,"{""name"": ""UniV4Hook"", ""description"": ""Sets a dynamic LP fee (2% initially) on pool initialization via afterInitialize, and allows the owner to update the fee at any time via forceUpdateLPFee. Has no swap hooks; fee changes take effect on subsequent swaps through the pool manager's dynamic fee mechanism."", ""deployer"": """"}"
0x7e0648deaded459a201fa35231189e214b1aa8cc,uniswap_hooklist,3,ClankerHookDynamicFeeV2,https://raw.githubusercontent.com/Uniswap/hooklist/65ef4121419193a5aad9a493d2f4d9710d2f7653/hooks/base/0x7e0648deaded459a201fa35231189e214b1aa8cc.json,"{""name"": ""ClankerHookDynamicFeeV2"", ""description"": ""A Uniswap v4 hook for the Clanker token launchpad that dynamically adjusts LP fees based on a volatility accumulator derived from tick movement across swaps. Collects a configurable protocol fee on each swap of the paired (non-Clanker) token via before/afterSwap delta manipulation, and supports an optional MEV-protection module and pool extension."", ""deployer"": """"}"
0x88c9ff9fc0b22cca42265d3f1d1c2c39e41cdacc,uniswap_hooklist,3,Aegis v3 Hook (Base),https://raw.githubusercontent.com/Uniswap/hooklist/65ef4121419193a5aad9a493d2f4d9710d2f7653/hooks/base/0x88c9ff9fc0b22cca42265d3f1d1c2c39e41cdacc.json,"{""name"": ""Aegis v3 Hook (Base)"", ""description"": ""Spot is a Uniswap v4 hook that implements surge-based dynamic fees using a truncated geometric oracle, charges protocol fees (POL share) on swaps, and manages a full-range liquidity position that automatically reinvests accrued fees."", ""deployer"": """"}"
0x88c9ff9fc0b22cca42265d3f1d1c2c39e41cdacc,document,4,Uniswap routing-api allowlist,https://raw.githubusercontent.com/Uniswap/routing-api/main/lib/util/hooksAddressesAllowlist.ts,export const AEGIS_V3 = '0x88c9ff9fc0b22cca42265d3f1d1c2c39e41cdacc'
0x8dd4c756f183513850e874f7d1ffd0d7cb498080,uniswap_hooklist,3,Bonsai DefaultHook,https://raw.githubusercontent.com/Uniswap/hooklist/65ef4121419193a5aad9a493d2f4d9710d2f7653/hooks/base/0x8dd4c756f183513850e874f7d1ffd0d7cb498080.json,"{""name"": ""Bonsai DefaultHook"", ""description"": ""A Uniswap v4 hook for the Bonsai trading app that overrides the LP swap fee dynamically based on the caller's Bonsai NFT balance: NFT holders pay 0% while non-holders pay 1.5%."", ""deployer"": """"}"
0x8f29bd5c8429730fa4c46e6295c4e679ededd0cc,uniswap_hooklist,3,Aegis,https://raw.githubusercontent.com/Uniswap/hooklist/65ef4121419193a5aad9a493d2f4d9710d2f7653/hooks/base/0x8f29bd5c8429730fa4c46e6295c4e679ededd0cc.json,"{""name"": ""Aegis"", ""description"": ""AegisHook charges dynamic swap fees set per-swap by DynamicFeeManager, collects additional hook fees on each swap, and periodically reinvests them as full-range liquidity via AegisEngine. It manages oracle observation cardinality growth and notifies LimitOrderManager and OracleManager after each swap."", ""deployer"": """"}"
0xb46d25ffb9c147f5470effdc71559634870b2fdc,uniswap_hooklist,3,BoardHook,https://raw.githubusercontent.com/Uniswap/hooklist/65ef4121419193a5aad9a493d2f4d9710d2f7653/hooks/base/0xb46d25ffb9c147f5470effdc71559634870b2fdc.json,"{""name"": ""BoardHook"", ""description"": ""Token launchpad hook implementing fair launch periods with temporal gating and optional Merkle-proof allowlisting. Fills buy swaps from a pre-seeded position during the fair launch window, captures swap fees, and distributes them to protocol, creators, referrers, and other recipients via afterSwapReturnsDelta."", ""deployer"": """"}"
0xbe031587de8f5d36672a4a96d6b690b9c7b200c0,uniswap_hooklist,3,DynamicFeeHookV2,https://raw.githubusercontent.com/Uniswap/hooklist/65ef4121419193a5aad9a493d2f4d9710d2f7653/hooks/base/0xbe031587de8f5d36672a4a96d6b690b9c7b200c0.json,"{""name"": ""DynamicFeeHookV2"", ""description"": ""Implements a dynamic LP fee that linearly decays from a high launch fee to a flat end fee over a configurable duration (anti-sniper mechanism), then holds the end fee permanently. Maintains a TWAP price oracle via per-swap sqrt-price accumulator updates. No pause or access control of any kind can halt swaps."", ""deployer"": """"}"
0xc15f260357d542334605e7a949a504f8e3fc8ac0,uniswap_hooklist,3,Counter,https://raw.githubusercontent.com/Uniswap/hooklist/65ef4121419193a5aad9a493d2f4d9710d2f7653/hooks/base/0xc15f260357d542334605e7a949a504f8e3fc8ac0.json,"{""name"": ""Counter"", ""description"": ""A minimal hook that counts beforeSwap, afterSwap, beforeAddLiquidity, and beforeRemoveLiquidity calls per pool. Does not modify swap behavior or fees."", ""deployer"": """"}"
0xdaddb8705e31ebdc65975808fb4531d44b01a0cc,uniswap_hooklist,3,BallisticFeeHookV3,https://raw.githubusercontent.com/Uniswap/hooklist/65ef4121419193a5aad9a493d2f4d9710d2f7653/hooks/base/0xdaddb8705e31ebdc65975808fb4531d44b01a0cc.json,"{""name"": ""BallisticFeeHookV3"", ""description"": ""Charges time-decaying swap fees on the quote currency, splitting them between a pool creator and a platform treasury. Fees start at a configurable opening rate and decay to a base rate over a configured duration, with fees taken directly via beforeSwap and afterSwap return deltas."", ""deployer"": """"}"
0xdca7a1dc2eadb34387630d2353e30f6cc0398ac0,uniswap_hooklist,3,SwapHook,https://raw.githubusercontent.com/Uniswap/hooklist/65ef4121419193a5aad9a493d2f4d9710d2f7653/hooks/base/0xdca7a1dc2eadb34387630d2353e30f6cc0398ac0.json,"{""name"": ""SwapHook"", ""description"": ""Observation hook that counts the number of beforeSwap and afterSwap calls per pool ID. beforeAddLiquidity and beforeRemoveLiquidity are implemented as no-ops that simply return their selector."", ""deployer"": """"}"
0xe3351661c4af528669ca4c997a5b98818ab000cc,uniswap_hooklist,3,TradingFeeHook,https://raw.githubusercontent.com/Uniswap/hooklist/65ef4121419193a5aad9a493d2f4d9710d2f7653/hooks/base/0xe3351661c4af528669ca4c997a5b98818ab000cc.json,"{""name"": ""TradingFeeHook"", ""description"": ""Collects a 5% trading fee on every swap (0.5% commission to treasury, 4.5% to token creator via RevenueVault), using beforeSwapReturnDelta for exact-input buys and afterSwapReturnDelta for sells and exact-output buys. Pools must be registered by the LaunchVault to have fees enabled; unregistered pools swap without any fee."", ""deployer"": """"}"
0xea1a3a47b55c50d432e536237fb3a05e1544a080,uniswap_hooklist,3,ForgeHook,https://raw.githubusercontent.com/Uniswap/hooklist/65ef4121419193a5aad9a493d2f4d9710d2f7653/hooks/base/0xea1a3a47b55c50d432e536237fb3a05e1544a080.json,"{""name"": ""ForgeHook"", ""description"": ""A shared hook for all Forge V4 pools that enforces factory-authorized pool initialization and applies a parabolic time-decaying MEV fee: starting at 80% and decaying to a 1.5% base fee over a 30-second window after pool creation."", ""deployer"": """"}"
0xec2a47b403977343b7fa730015e830908a33ea44,uniswap_hooklist,3,TokenFab,https://raw.githubusercontent.com/Uniswap/hooklist/65ef4121419193a5aad9a493d2f4d9710d2f7653/hooks/base/0xec2a47b403977343b7fa730015e830908a33ea44.json,"{""name"": ""TokenFab"", ""description"": ""A token launchpad hook that deploys new ERC20 tokens on a Uniswap v4 bonding curve pool; once the bonding curve supply is exhausted, it graduates the token to a full AMM pool with two-sided liquidity. Takes a hardcoded 1% fee on every swap, split equally between the token creator and platform fee recipient."", ""deployer"": """"}"
0xf45f8e3495ef8f5213a567094797e46e55aca8c0,uniswap_hooklist,3,HowdyHook,https://raw.githubusercontent.com/Uniswap/hooklist/65ef4121419193a5aad9a493d2f4d9710d2f7653/hooks/base/0xf45f8e3495ef8f5213a567094797e46e55aca8c0.json,"{""name"": ""HowdyHook"", ""description"": ""A Uniswap v4 hook for TOKEN/HOWDY pools implementing phased launches with optional Merkle-based allowlist access control and MEV protection. During the MEV window, LP fees decay linearly from a high initial rate to 0.5%. Liquidity additions are blocked during the active MEV window, and allowlist-phase swaps require a Merkle proof in hookData."", ""deployer"": """"}"
0xf991f3f1bb06b62dc54b41d954479a49205b28cc,uniswap_hooklist,3,CornersHookDynamicFee,https://raw.githubusercontent.com/Uniswap/hooklist/65ef4121419193a5aad9a493d2f4d9710d2f7653/hooks/base/0xf991f3f1bb06b62dc54b41d954479a49205b28cc.json,"{""name"": ""CornersHookDynamicFee"", ""description"": ""A Uniswap v4 hook for the Corners protocol that implements volatility-based dynamic LP fees (derived from tick movement between swaps) and collects a 20% protocol fee on the paired-token side of each swap. Includes an optional MEV protection module active for the first 2 minutes after pool creation, and restricts liquidity additions during that window."", ""deployer"": """"}"
0xfad27bc5ef16a0a2aa3049953c25a48e8858b0c0,uniswap_hooklist,3,TransparentUpgradeableProxy,https://raw.githubusercontent.com/Uniswap/hooklist/65ef4121419193a5aad9a493d2f4d9710d2f7653/hooks/base/0xfad27bc5ef16a0a2aa3049953c25a48e8858b0c0.json,"{""name"": ""TransparentUpgradeableProxy"", ""description"": ""Transparent upgradeable proxy (ERC-1967) that delegates all hook calls to a separate implementation contract. The proxy supports admin-controlled upgrades via upgradeTo/upgradeToAndCall; behavioral properties depend on the unverified implementation."", ""deployer"": """"}"
0x181dd61311fe431fa794b0a1a177d9f0fd5a20cc,uniswap_hooklist,3,FlashHookV4,https://raw.githubusercontent.com/Uniswap/hooklist/65ef4121419193a5aad9a493d2f4d9710d2f7653/hooks/base/0x181dd61311fe431fa794b0a1a177d9f0fd5a20cc.json,"{""name"": ""FlashHookV4"", ""description"": ""Manages token launches on Uniswap v4 with OTC buy fills from an on-chain order book, realized sell taxes distributed to stakers and creators, multi-venue routing for sells, and periodic churn sweeps to forward WETH proceeds to treasury."", ""deployer"": """"}"
0x18ad8c9b72d33e69d8f02fda61e3c7fae4e728cc,uniswap_hooklist,3,ClankerHookStaticFee,https://raw.githubusercontent.com/Uniswap/hooklist/65ef4121419193a5aad9a493d2f4d9710d2f7653/hooks/base/0x18ad8c9b72d33e69d8f02fda61e3c7fae4e728cc.json,"{""name"": ""ClankerHookStaticFee"", ""description"": ""A Uniswap v4 hook for the Clanker token factory that applies asymmetric static LP fees (separate rates for buying vs. selling the clanker token), collects a protocol fee (20% of LP fee) on each swap via BeforeSwapDelta/AfterSwapDelta adjustments, and includes a time-limited MEV protection module active for the first 2 minutes of a pool's life."", ""deployer"": """"}"
0x20dd071ac822c8224137d17b800056d707503880,uniswap_hooklist,3,DynamicFeeHook,https://raw.githubusercontent.com/Uniswap/hooklist/65ef4121419193a5aad9a493d2f4d9710d2f7653/hooks/base/0x20dd071ac822c8224137d17b800056d707503880.json,"{""name"": ""DynamicFeeHook"", ""description"": ""Restricts pool creation to whitelisted EOAs via an external whitelist contract and records the initializer as the pool creator. Limits liquidity additions to that creator only, and overrides the swap fee with a fixed rate (in pips) set at deployment time."", ""deployer"": """"}"
0x22266a74902ef7546ab80156539e7a349ad20040,uniswap_hooklist,3,BpegHook,https://raw.githubusercontent.com/Uniswap/hooklist/65ef4121419193a5aad9a493d2f4d9710d2f7653/hooks/base/0x22266a74902ef7546ab80156539e7a349ad20040.json,"{""name"": ""BpegHook"", ""description"": ""An afterSwap hook that syncs NFT metadata with token balance. \nWhen a user buys BPEG tokens, the hook mints NFT metadata \nproportional to their integer balance. When they sell, it burns \nNFT metadata accordingly. Uses tx.origin to identify the end user."", ""deployer"": ""0x0F5162779F6bfc140B12e7392A7770f839910299""}"
0x2e4811fc91db21d4cc285612306b34c3eefa5088,uniswap_hooklist,3,GitlawnchHook,https://raw.githubusercontent.com/Uniswap/hooklist/65ef4121419193a5aad9a493d2f4d9710d2f7653/hooks/base/0x2e4811fc91db21d4cc285612306b34c3eefa5088.json,"{""name"": ""GitlawnchHook"", ""description"": ""Fee-skimming hook that intercepts each swap via beforeSwap, takes a configurable percentage fee (default 1%) on the input currency using BeforeSwapDelta, and forwards it to a Locker contract for distribution among platform, creator, and LP recipients."", ""deployer"": """"}"
0x3275500413ba7d3200ff769938552cd712aba040,uniswap_hooklist,3,ExponentialLiquidityHook,https://raw.githubusercontent.com/Uniswap/hooklist/65ef4121419193a5aad9a493d2f4d9710d2f7653/hooks/base/0x3275500413ba7d3200ff769938552cd712aba040.json,"{""name"": ""ExponentialLiquidityHook"", ""description"": ""A bonding curve token launch hook that deploys ERC20 tokens paired with WBTC, distributing initial liquidity across 10 exponential tick ranges. In afterSwap, it tracks circulating supply and removes all pool liquidity when the full bonding curve supply has been distributed."", ""deployer"": """"}"
0x376e3aacc6ed23ad99702272c7ff767a517cc5c7,uniswap_hooklist,3,TokenMesaHook,https://raw.githubusercontent.com/Uniswap/hooklist/65ef4121419193a5aad9a493d2f4d9710d2f7653/hooks/base/0x376e3aacc6ed23ad99702272c7ff767a517cc5c7.json,"{""name"": ""TokenMesaHook"", ""description"": ""A Uniswap v4 hook that collects a configurable USDC fee (up to 1%) on swaps and liquidity operations via afterSwap/afterLiquidity delta returns, and maintains a per-pool TWAP oracle using a circular buffer of tick observations recorded before each swap."", ""deployer"": """"}"
0x38c8c2840285c6be91b6492ad34f25eacbdd20c0,uniswap_hooklist,3,MM,https://raw.githubusercontent.com/Uniswap/hooklist/65ef4121419193a5aad9a493d2f4d9710d2f7653/hooks/base/0x38c8c2840285c6be91b6492ad34f25eacbdd20c0.json,"{""name"": ""MM"", ""description"": ""Oracle-based automated market maker hook that rebalances pool liquidity before each swap: removes all current liquidity, executes an internal price-adjustment swap to align the pool price with an external oracle, and re-adds liquidity centered around the oracle price. After each swap, it adjusts hedging positions via an external hedge pool to manage net token exposure."", ""deployer"": """"}"
0x49a6eff5f20bacfec83d160de408022099afa080,uniswap_hooklist,3,ForgeHook,https://raw.githubusercontent.com/Uniswap/hooklist/65ef4121419193a5aad9a493d2f4d9710d2f7653/hooks/base/0x49a6eff5f20bacfec83d160de408022099afa080.json,"{""name"": ""ForgeHook"", ""description"": ""A shared hook for Forge V4 pools that enforces factory-only pool initialization and applies a parabolic descending MEV protection fee, starting at 80% and decaying to 1.5% over a 30-second window after pool creation."", ""deployer"": """"}"
0x4c9a551878343eb7670fea1b431df91a7adfa888,uniswap_hooklist,3,FlashPerpsHook,https://raw.githubusercontent.com/Uniswap/hooklist/65ef4121419193a5aad9a493d2f4d9710d2f7653/hooks/base/0x4c9a551878343eb7670fea1b431df91a7adfa888.json,"{""name"": ""FlashPerpsHook"", ""description"": ""A custom-curve (NoOp) Uniswap v4 hook implementing a perpetuals issuance market: buys mint new perp exposure through a registered vault and sells unwind it, with a flat 0.3% USDG fee routed to a buyback escrow. Passive LP liquidity is blocked entirely via beforeAddLiquidity revert."", ""deployer"": """"}"
0x59f39091fd6f47e9d0bcb466f74e305f1709bac4,uniswap_hooklist,3,BackGeoOracle,https://raw.githubusercontent.com/Uniswap/hooklist/65ef4121419193a5aad9a493d2f4d9710d2f7653/hooks/base/0x59f39091fd6f47e9d0bcb466f74e305f1709bac4.json,"{""name"": ""BackGeoOracle"", ""description"": ""A TWAP oracle hook that performs partial backruns after price-impacting swaps: when a swap moves the tick beyond a threshold, the hook executes an inverse swap via poolManager.swap() and credits the surplus to the original sender as ERC6909 tokens. Only exactIn swaps are supported; routers must implement IMsgSender() to identify the recipient for backrun proceeds."", ""deployer"": ""0x080f08076e8EAdC66006C3CbFEd28a34918A1fA6""}"
0x5db041c70af719eb8a6b23654006cc8d9e5628c4,uniswap_hooklist,3,NFTStrategyHook,https://raw.githubusercontent.com/Uniswap/hooklist/65ef4121419193a5aad9a493d2f4d9710d2f7653/hooks/base/0x5db041c70af719eb8a6b23654006cc8d9e5628c4.json,"{""name"": ""NFTStrategyHook"", ""description"": ""Charges a 15% flat fee on all swaps via afterSwap delta, distributing 14% to a vault FeeContract and 1% split between two founder wallets. Pool initialization and liquidity addition are gated to authorized factory operations, and fees collected in non-ETH tokens are swapped back to ETH before distribution."", ""deployer"": """"}"
0x702b1fe403ec993a102adde47f2ab52eb2eadacc,uniswap_hooklist,3,StonkHook,https://raw.githubusercontent.com/Uniswap/hooklist/65ef4121419193a5aad9a493d2f4d9710d2f7653/hooks/base/0x702b1fe403ec993a102adde47f2ab52eb2eadacc.json,"{""name"": ""StonkHook"", ""description"": ""A hook that gates swaps via an external `isTradingOpen()` oracle, withholds a configurable fee (up to 5%) from the asset leg of every swap using beforeSwap/afterSwap return-deltas, permanently locks liquidity (any negative liquidityDelta reverts), restricts liquidity additions to the factory only, and overrides the native LP fee to zero via OVERRIDE_FEE_FLAG."", ""deployer"": ""0x1E6F0A86B56Fa66c133F7c08EdE527184eC7EbFB""}"
0x70e163cf92b4565a0eeba7d12d2cfcebd51c40cc,uniswap_hooklist,3,FloorPad Floor Hook,https://raw.githubusercontent.com/Uniswap/hooklist/65ef4121419193a5aad9a493d2f4d9710d2f7653/hooks/base/0x70e163cf92b4565a0eeba7d12d2cfcebd51c40cc.json,"{""name"": ""FloorPad Floor Hook"", ""description"": ""Singleton Uniswap v4 hook serving all FloorPad memecoins (per-pool state keyed by poolId). On each buy, diverts a dynamic cut of the WETH input into a per-pool vault and fees to protocol/creator; on each sell, skims a fee from the WETH output. The vault backs a WETH-per-token redemption floor that ratchets up only on buys; holders can burn coins to redeem at the floor at any time."", ""deployer"": ""0x31567D977ed6fD5389C6C3D6cCcb374f7bAb3489""}"
0x755776c51399f7ee15d47ddaf47347d26f5ca840,uniswap_hooklist,3,Basememe Hook (Base),https://raw.githubusercontent.com/Uniswap/hooklist/65ef4121419193a5aad9a493d2f4d9710d2f7653/hooks/base/0x755776c51399f7ee15d47ddaf47347d26f5ca840.json,"{""name"": ""Basememe Hook (Base)"", ""description"": ""A meme token launchpad hook that restricts pool initialization and liquidity addition to a factory contract, enforcing a token graduation lifecycle. After each swap, it triggers reward collection via an LP manager and optionally tracks trade referrals passed through hookData."", ""deployer"": """"}"
0x755776c51399f7ee15d47ddaf47347d26f5ca840,document,4,Uniswap routing-api allowlist,https://raw.githubusercontent.com/Uniswap/routing-api/main/lib/util/hooksAddressesAllowlist.ts,export const BASEMEME_HOOK_ADDRESS_ON_BASE = '0x755776c51399f7ee15d47ddaf47347d26f5ca840'
0x761de69195091b4a099a9b97b2dd85f73848efdc,uniswap_hooklist,3,BoardHook,https://raw.githubusercontent.com/Uniswap/hooklist/65ef4121419193a5aad9a493d2f4d9710d2f7653/hooks/base/0x761de69195091b4a099a9b97b2dd85f73848efdc.json,"{""name"": ""BoardHook"", ""description"": ""A Uniswap v4 hook for token launch management (\""publiphi\"") featuring a time-gated fair launch mechanism with optional Merkle-proof whitelist, custom fee capture distributed to creators, referrers, and protocol, and BeforeSwapDelta fills from a managed one-sided fair launch liquidity position."", ""deployer"": """"}"
0x76db52918cd01e26459e251c1ab576793a859000,uniswap_hooklist,3,UniV4Hook,https://raw.githubusercontent.com/Uniswap/hooklist/65ef4121419193a5aad9a493d2f4d9710d2f7653/hooks/base/0x76db52918cd01e26459e251c1ab576793a859000.json,"{""name"": ""UniV4Hook"", ""description"": ""Sets a 2% initial LP fee on pool initialization via afterInitialize and allows the owner to update the dynamic LP fee at any time via forceUpdateLPFee."", ""deployer"": """"}"
0x77e180e90130fa6e6a4bf4d07cf2032f5f2b70c8,uniswap_hooklist,3,SuperStrat,https://raw.githubusercontent.com/Uniswap/hooklist/65ef4121419193a5aad9a493d2f4d9710d2f7653/hooks/base/0x77e180e90130fa6e6a4bf4d07cf2032f5f2b70c8.json,"{""name"": ""SuperStrat"", ""description"": ""Skims 2.30% from each swap (2.00% to hook reserves, 0.30% to a protocol fee manager) using BeforeSwapDelta, accumulates fees per pool, and reinvests them into Uniswap v4 LP positions via the PositionManager. Supports multi-pool liquidity management for both ETH and ERC20 pools with owner-controlled pause functionality."", ""deployer"": """"}"
0x7e037c6c5d2b9c79fe37fa3c6c565647992ae844,uniswap_hooklist,3,TokenFab,https://raw.githubusercontent.com/Uniswap/hooklist/65ef4121419193a5aad9a493d2f4d9710d2f7653/hooks/base/0x7e037c6c5d2b9c79fe37fa3c6c565647992ae844.json,"{""name"": ""TokenFab"", ""description"": ""A token factory hook that deploys new ERC20 tokens on bonding curve Uniswap v4 pools. Blocks external pool initialization and liquidity additions; collects a fixed 1% swap fee split equally between a creator and platform fee receiver via afterSwapReturnsDelta; migrates all liquidity to a full-range AMM pool once the bonding curve supply is fully absorbed."", ""deployer"": """"}"
0x8f4f18bae09f39acd20b508ee0a6715b6751a040,uniswap_hooklist,3,RetardV112PoolGuardHook,https://raw.githubusercontent.com/Uniswap/hooklist/65ef4121419193a5aad9a493d2f4d9710d2f7653/hooks/base/0x8f4f18bae09f39acd20b508ee0a6715b6751a040.json,"{""name"": ""RetardV112PoolGuardHook"", ""description"": ""A non-accounting guard hook for one-sided ETH/coin pools. beforeInitialize authenticates that the pool is canonical (correct fee/tickSpacing, coin must identify the initializer as its market). afterSwap reverts if the post-swap price exceeds the pool's opening tick boundary, preventing a partial sell from walking the pool above its real-native opening price."", ""deployer"": """"}"
0x968520de27fb61be8104fe8dce67a9844bd860cc,uniswap_hooklist,3,Flash,https://raw.githubusercontent.com/Uniswap/hooklist/65ef4121419193a5aad9a493d2f4d9710d2f7653/hooks/base/0x968520de27fb61be8104fe8dce67a9844bd860cc.json,"{""name"": ""Flash"", ""description"": ""A Uniswap v4 hook for the FLASH protocol implementing WETH-rooted token pools with a static 0.6% LP fee, sell taxes distributed to stakers, pool creators, and protocol, OTC buy-side fills from an on-chain inventory deck, and multi-venue buy aggregation. Swaps require a governance-activated directional protocol fee to be set before executing."", ""deployer"": """"}"
0x983dd6ef6a9360331ba80ed6322ea47feb9ad000,uniswap_hooklist,3,UniV4Hook,https://raw.githubusercontent.com/Uniswap/hooklist/65ef4121419193a5aad9a493d2f4d9710d2f7653/hooks/base/0x983dd6ef6a9360331ba80ed6322ea47feb9ad000.json,"{""name"": ""UniV4Hook"", ""description"": ""Owner-controlled dynamic LP fee hook that sets an initial 2% fee on pool initialization via afterInitialize and allows the owner to manually update the fee rate at any time through forceUpdateLPFee."", ""deployer"": """"}"
0x9c754dd8fa7f32847ef0505a7c120c99c11828c4,uniswap_hooklist,3,NFTStrategyHook,https://raw.githubusercontent.com/Uniswap/hooklist/65ef4121419193a5aad9a493d2f4d9710d2f7653/hooks/base/0x9c754dd8fa7f32847ef0505a7c120c99c11828c4.json,"{""name"": ""NFTStrategyHook"", ""description"": ""A hook for NFT strategy tokens that applies a time-decaying buy fee (starting at 95%, decaying to a flat 15% over blocks) and a flat 15% sell fee, collected via afterSwapReturnsDelta. Fees are split between an active FeeContract vault and protocol wallets; pool initialization and liquidity addition are restricted to authorized NFT strategies only."", ""deployer"": """"}"
0xa54cbcf7449421e5842c483cc30d992ced301000,uniswap_hooklist,3,UniV4Hook,https://raw.githubusercontent.com/Uniswap/hooklist/65ef4121419193a5aad9a493d2f4d9710d2f7653/hooks/base/0xa54cbcf7449421e5842c483cc30d992ced301000.json,"{""name"": ""UniV4Hook"", ""description"": ""A Uniswap v4 hook that manages a dynamic LP fee for pools. On initialization, it sets a 2% default fee (20000 bps) via updateDynamicLPFee, and exposes an owner-only forceUpdateLPFee function to update the pool's dynamic LP fee thereafter."", ""deployer"": """"}"
0xa579b4a9180ec5c151b9dbca6b6c4a4d1af378c4,uniswap_hooklist,3,UmiaHook,https://raw.githubusercontent.com/Uniswap/hooklist/65ef4121419193a5aad9a493d2f4d9710d2f7653/hooks/base/0xa579b4a9180ec5c151b9dbca6b6c4a4d1af378c4.json,"{""name"": ""UmiaHook"", ""description"": ""Singleton Uniswap v4 hook for Umia LBP (Liquidity Bootstrapping Pool) pools. Enforces full-range-only liquidity positions, maintains a TWAP oracle (ring-buffer observations written before each swap and liquidity event), and deducts a configurable protocol fee from each swap's output side via afterSwapReturnsDelta, crediting it to a per-pool fee recipient."", ""deployer"": """"}"
0xa77e357381a6f72077930976894d55ad814ca0cc,uniswap_hooklist,3,LaunchHook,https://raw.githubusercontent.com/Uniswap/hooklist/65ef4121419193a5aad9a493d2f4d9710d2f7653/hooks/base/0xa77e357381a6f72077930976894d55ad814ca0cc.json,"{""name"": ""LaunchHook"", ""description"": ""Singleton hook for factory-launched token pools that collects trading fees on the stock side (currency0) on every swap, splitting them between a platform treasury (30%), the token creator, and token holders via a FeeDistributor. Pool initialization and fee config are restricted to the factory; any user may swap in a registered pool."", ""deployer"": """"}"
0xb2401c5369aacf62f8d615623c7f68f84da428cc,uniswap_hooklist,3,LiquidHookStaticFeeV2,https://raw.githubusercontent.com/Uniswap/hooklist/65ef4121419193a5aad9a493d2f4d9710d2f7653/hooks/base/0xb2401c5369aacf62f8d615623c7f68f84da428cc.json,"{""name"": ""LiquidHookStaticFeeV2"", ""description"": ""A Uniswap v4 hook that applies separate static LP fee tiers for the \""liquid\"" token and the paired token, with a 20% protocol fee extracted from each swap via beforeSwap/afterSwap return deltas. Supports an optional MEV module that can temporarily raise fees during pool launch and optional pool extension callbacks for custom post-swap logic."", ""deployer"": """"}"
0xc8a3db277864c79583764134024bbf36efd770c0,uniswap_hooklist,3,DynamicFeeHook,https://raw.githubusercontent.com/Uniswap/hooklist/65ef4121419193a5aad9a493d2f4d9710d2f7653/hooks/base/0xc8a3db277864c79583764134024bbf36efd770c0.json,"{""name"": ""DynamicFeeHook"", ""description"": ""A Uniswap v4 hook that adjusts LP fees dynamically based on swap volume tiers (0.05%\u20133%), with circuit breakers that limit fee increases per block, a minimum-blocks-at-elevated-fee MEV protection window, price-deviation-based manipulation detection, and an owner-controlled emergency mode."", ""deployer"": """"}"
0xd34c6db313656c100d35b609f5e27b8e8d072fdc,uniswap_hooklist,3,BoardHook,https://raw.githubusercontent.com/Uniswap/hooklist/65ef4121419193a5aad9a493d2f4d9710d2f7653/hooks/base/0xd34c6db313656c100d35b609f5e27b8e8d072fdc.json,"{""name"": ""BoardHook"", ""description"": ""A Uniswap v4 hook that powers a token launch platform (\""publiphi\""), implementing a fair launch mechanism with optional Merkle-based whitelisting, temporal release scheduling (tokens cannot be swapped before a configurable timestamp), and custom fee distribution that splits swap fees among protocol, token creator, and \""inspired\"" recipients."", ""deployer"": """"}"
0xf3d612e8ba81306aa7817563e4d41ceb2ab1a8cc,uniswap_hooklist,3,ClankerHookStaticFeeV2,https://raw.githubusercontent.com/Uniswap/hooklist/65ef4121419193a5aad9a493d2f4d9710d2f7653/hooks/base/0xf3d612e8ba81306aa7817563e4d41ceb2ab1a8cc.json,"{""name"": ""ClankerHookStaticFeeV2"", ""description"": ""Uniswap v4 hook for Clanker token pools that enforces asymmetric static LP fees \u2014 separate rates for buying vs. selling the clanker token \u2014 updated each swap via updateDynamicLPFee. Includes a time-limited MEV protection module (active for up to 2 minutes post-launch), automatic protocol fee collection (20% of LP fee), and LP locker fee claiming on every swap."", ""deployer"": """"}"
0x0000000000000000000000000000000000000020,document,4,Uniswap routing-api allowlist,https://raw.githubusercontent.com/Uniswap/routing-api/main/lib/util/hooksAddressesAllowlist.ts,export const extraHooksAddressesOnSepolia = '0x0000000000000000000000000000000000000020'
0x000000258c397d8f759f70444d6dbf3622c22ac0,uniswap_hooklist,3,DualPoolHook,https://raw.githubusercontent.com/Uniswap/hooklist/65ef4121419193a5aad9a493d2f4d9710d2f7653/hooks/base/0x000000258c397d8f759f70444d6dbf3622c22ac0.json,"{""name"": ""DualPoolHook"", ""description"": ""A JIT liquidity hook by Uniswap Labs that deploys concentrated LP positions across multiple tick ranges (\""buckets\"") before each swap and removes them after, with ERC-4626 vault rehypothecation for idle assets between swaps. Supports owner-configurable liquidity distribution, static fees fixed at pool creation, and per-pool emergency pause."", ""deployer"": """"}"
0x008c6209c47692d504aa2652fcd0710883b568c4,uniswap_hooklist,3,NFTStrategyHook,https://raw.githubusercontent.com/Uniswap/hooklist/65ef4121419193a5aad9a493d2f4d9710d2f7653/hooks/base/0x008c6209c47692d504aa2652fcd0710883b568c4.json,"{""name"": ""NFTStrategyHook"", ""description"": ""A Uniswap v4 hook for NFT strategy pools that charges time-decaying buy fees (starting at 95%, decaying to 15%) and flat 15% sell fees, taken via afterSwapReturnsDelta. Collected fees are distributed in ETH to a FeeContract vault (93.33%), founder wallets, and an optional buy-and-burn mechanism for a brand asset token. Pool initialization and liquidity additions are restricted to the NFT strategy factory."", ""deployer"": """"}"
0x012750426ee75c075053b0a8f67c49a1c8383aec,uniswap_hooklist,3,ApexYieldHookV4,https://raw.githubusercontent.com/Uniswap/hooklist/65ef4121419193a5aad9a493d2f4d9710d2f7653/hooks/base/0x012750426ee75c075053b0a8f67c49a1c8383aec.json,"{""name"": ""ApexYieldHookV4"", ""description"": ""Oracle-priced vault hook that fully handles swaps using Pyth, Chainlink, or manual price feeds instead of the AMM curve. Applies zone-based dynamic fees derived from vault token weights and routes liquidity through an external vault contract via BeforeSwapDelta."", ""deployer"": """"}"
0x01dd303283e23d2d852fc07c24a5aad2dd9800cc,uniswap_hooklist,3,TokenMesaHook,https://raw.githubusercontent.com/Uniswap/hooklist/65ef4121419193a5aad9a493d2f4d9710d2f7653/hooks/base/0x01dd303283e23d2d852fc07c24a5aad2dd9800cc.json,"{""name"": ""TokenMesaHook"", ""description"": ""A Uniswap v4 hook that collects a configurable USDC-denominated fee (up to 1% in basis points) on each swap via beforeSwapReturnDelta and afterSwapReturnDelta, directing fees to a designated recipient. Also maintains a simple on-chain TWAP oracle using a circular buffer of up to 100 tick observations recorded per swap."", ""deployer"": """"}"
0x03f9e4aa26850d458128d7933e248aaac37ac244,uniswap_hooklist,3,BaseFunLaunchHook,https://raw.githubusercontent.com/Uniswap/hooklist/65ef4121419193a5aad9a493d2f4d9710d2f7653/hooks/base/0x03f9e4aa26850d458128d7933e248aaac37ac244.json,"{""name"": ""BaseFunLaunchHook"", ""description"": ""A launchpad hook that locks all liquidity permanently (beforeRemoveLiquidity always reverts) and collects a fixed 1% swap fee from the non-specified token (the output for exact-input swaps, the input for exact-output swaps), directing it to a configured fee sink contract via afterSwapReturnsDelta."", ""deployer"": """"}"
0x0c550d3b725de6485ef9bb73b4b7f0dd191bfaec,uniswap_hooklist,3,ApexYieldHookV4,https://raw.githubusercontent.com/Uniswap/hooklist/65ef4121419193a5aad9a493d2f4d9710d2f7653/hooks/base/0x0c550d3b725de6485ef9bb73b4b7f0dd191bfaec.json,"{""name"": ""ApexYieldHookV4"", ""description"": ""An oracle-driven custom AMM hook that prices swaps using Pyth oracle rates and zone-based dynamic fees, with liquidity backed by an external vault. Includes a circuit breaker, owner-controlled pause/pool-registration, and full beforeSwap delta fulfillment that bypasses the pool's internal AMM math."", ""deployer"": """"}"
0x105c835e7af068bbf53429df76064c7681f02044,uniswap_hooklist,3,B420MemeHook,https://raw.githubusercontent.com/Uniswap/hooklist/65ef4121419193a5aad9a493d2f4d9710d2f7653/hooks/base/0x105c835e7af068bbf53429df76064c7681f02044.json,"{""name"": ""B420MemeHook"", ""description"": ""Singleton Uniswap v4 hook for graduated B420 meme token pools. Collects protocol fees and creator taxes on each swap via afterSwap with a return delta, optionally converts memecoin-denominated fees to the quote currency inline per-swap, and supports a buyback-and-lock mechanism that swaps accumulated quote fees back into the memecoin and vests them in a five-year buyback vault."", ""deployer"": """"}"
0x11f6db41d793079350a02a06e378aae76487a0cc,uniswap_hooklist,3,FlashHook,https://raw.githubusercontent.com/Uniswap/hooklist/65ef4121419193a5aad9a493d2f4d9710d2f7653/hooks/base/0x11f6db41d793079350a02a06e378aae76487a0cc.json,"{""name"": ""FlashHook"", ""description"": ""A Uniswap v4 hook for the FLASH protocol implementing OTC buy fills from an on-chain inventory deck, realized sell taxes with dynamic basis points, multi-venue sell routing, and staking reward distribution. Taxes are split among stakers, pool admins, and a protocol owner; pool launches require a pre-staged intent and initializer validation."", ""deployer"": """"}"
0x1216eefa98a268d5c610ffdd9c0eb2d6b1290aec,uniswap_hooklist,3,Apex Yield,https://raw.githubusercontent.com/Uniswap/hooklist/65ef4121419193a5aad9a493d2f4d9710d2f7653/hooks/base/0x1216eefa98a268d5c610ffdd9c0eb2d6b1290aec.json,"{""name"": ""Apex Yield"", ""description"": ""Oracle-priced market maker hook that intercepts swaps at Pyth oracle price + dynamic fee. Fees accumulate in-pool and are distributed as dual-token rewards to LP depositors via a Synthetix-style accumulator. ~285K gas per swap."", ""deployer"": """"}"
0x1427050c1b5886471ca7ce656ab6ec22e86e40c8,uniswap_hooklist,3,TrinityHookV5,https://raw.githubusercontent.com/Uniswap/hooklist/65ef4121419193a5aad9a493d2f4d9710d2f7653/hooks/base/0x1427050c1b5886471ca7ce656ab6ec22e86e40c8.json,"{""name"": ""TrinityHookV5"", ""description"": ""Manages concentrated LP bands to approximate a linear bonding curve. Extracts a fixed 1% fee on exact-input swaps before the AMM executes (buy fees forwarded to a multisig, sell fees burned to 0xdead), then rebalances LP positions across configured tick bands after each swap."", ""deployer"": """"}"
0x1573146c5b0cc3e6353fbe6fa78e9a1005f768cc,uniswap_hooklist,3,CornersHookStaticFee,https://raw.githubusercontent.com/Uniswap/hooklist/65ef4121419193a5aad9a493d2f4d9710d2f7653/hooks/base/0x1573146c5b0cc3e6353fbe6fa78e9a1005f768cc.json,"{""name"": ""CornersHookStaticFee"", ""description"": ""A Uniswap v4 hook that configures directional static LP fees per pool (separate rates for corners-token swaps vs paired-token swaps), collects a 20% protocol fee on each swap via BeforeSwapDelta/AfterSwapDelta, and runs an optional MEV protection module for the first 2 minutes after pool creation."", ""deployer"": """"}"
0x1577d729dba7811b259e5caf75a7be20f02540c8,uniswap_hooklist,3,TrinityHookV5,https://raw.githubusercontent.com/Uniswap/hooklist/65ef4121419193a5aad9a493d2f4d9710d2f7653/hooks/base/0x1577d729dba7811b259e5caf75a7be20f02540c8.json,"{""name"": ""TrinityHookV5"", ""description"": ""A Uniswap v4 hook that extracts a 1% fee from exact-input swaps before the AMM executes (routing buy fees to a multisig and burning sell fees to 0xdead), then rebalances concentrated liquidity bands after each swap to approximate a linear bonding curve."", ""deployer"": """"}"
0x17cd03d93888b67cadf5521f872c12bb66e4fa80,uniswap_hooklist,3,UmiaHook,https://raw.githubusercontent.com/Uniswap/hooklist/65ef4121419193a5aad9a493d2f4d9710d2f7653/hooks/base/0x17cd03d93888b67cadf5521f872c12bb66e4fa80.json,"{""name"": ""UmiaHook"", ""description"": ""Singleton Uniswap v4 hook for Umia LBP pools that maintains a spot-market TWAP oracle and restricts liquidity add/remove to the registered operator. Swaps are unrestricted \u2014 beforeSwap only records an oracle observation with no fee delta or access control."", ""deployer"": """"}"
0x1ab8ae9e6e215ae101546b974fd330e66bc1c844,uniswap_hooklist,3,CabalFeeHook,https://raw.githubusercontent.com/Uniswap/hooklist/65ef4121419193a5aad9a493d2f4d9710d2f7653/hooks/base/0x1ab8ae9e6e215ae101546b974fd330e66bc1c844.json,"{""name"": ""CabalFeeHook"", ""description"": ""Takes a configurable percentage fee from swap output in afterSwap, forwarding ETH fees directly to a designated receiver and token fees via a CabalFeeExecutor that sells them for ETH. Supports optional time-based launch fees with separate buy/sell rates for newly initialized pools."", ""deployer"": """"}"
0x2063a2b535a59911532cdf4d1cf28501099f0aec,uniswap_hooklist,3,SnapBackHook,https://raw.githubusercontent.com/Uniswap/hooklist/65ef4121419193a5aad9a493d2f4d9710d2f7653/hooks/base/0x2063a2b535a59911532cdf4d1cf28501099f0aec.json,"{""name"": ""SnapBackHook"", ""description"": ""Oracle-based market maker using Pyth price feeds, dynamic fees, and atomic multi-DEX rebalancing"", ""deployer"": """"}"
0x21411ada5ba2bf1ed416a2573e037cda070ce080,uniswap_hooklist,3,MoonsendFeeHook_BASE,https://raw.githubusercontent.com/Uniswap/hooklist/65ef4121419193a5aad9a493d2f4d9710d2f7653/hooks/base/0x21411ada5ba2bf1ed416a2573e037cda070ce080.json,"{""name"": ""MoonsendFeeHook_BASE"", ""description"": ""A Uniswap v4 hook that enforces per-pool dynamic LP fee overrides. Pools must be pre-registered by an authorized factory before initialization; `beforeSwap` returns the registered fee with the OVERRIDE_FEE_FLAG set, overriding the pool's LP fee on every swap."", ""deployer"": """"}"
0x21419a0480c7f798463eb0330b40212b4d3a30c0,uniswap_hooklist,3,DynamicFeeHook,https://raw.githubusercontent.com/Uniswap/hooklist/65ef4121419193a5aad9a493d2f4d9710d2f7653/hooks/base/0x21419a0480c7f798463eb0330b40212b4d3a30c0.json,"{""name"": ""DynamicFeeHook"", ""description"": ""Adjusts LP fees dynamically based on per-swap volume thresholds, calling updateDynamicLPFee() on every swap. Implements a price-deviation circuit breaker that locks the fee when price moves outside configurable bounds, caps fee increases per block, enforces a minimum number of blocks at elevated fees for MEV protection, and provides an owner-controlled emergency mode that overrides fees globally."", ""deployer"": """"}"
0x241a885675555e8d1d925c8920408774bf7e6fdc,uniswap_hooklist,3,BoardHook,https://raw.githubusercontent.com/Uniswap/hooklist/65ef4121419193a5aad9a493d2f4d9710d2f7653/hooks/base/0x241a885675555e8d1d925c8920408774bf7e6fdc.json,"{""name"": ""BoardHook"", ""description"": ""A token launchpad hook that manages fair launch periods using one-sided liquidity positions, enforces a scheduled pool activation timestamp, and distributes swap fees to creators, protocol, and referrers via delta interception."", ""deployer"": """"}"
0x2677fdcb72f59766d03d9ee4a6c7390bf3ed0800,uniswap_hooklist,3,DCAHook,https://raw.githubusercontent.com/Uniswap/hooklist/65ef4121419193a5aad9a493d2f4d9710d2f7653/hooks/base/0x2677fdcb72f59766d03d9ee4a6c7390bf3ed0800.json,"{""name"": ""DCAHook"", ""description"": ""A hook that gates liquidity additions on two specific pools: limits the ETH/DCA pool to a single initial liquidity add, and enforces full-range tick bounds (\u00b1887200) for the DCA/SPX6900 pool via beforeAddLiquidity."", ""deployer"": """"}"
0x28d605b268a5ecfa88510a569d3db34eb8ab10c8,uniswap_hooklist,3,TwinHook,https://raw.githubusercontent.com/Uniswap/hooklist/65ef4121419193a5aad9a493d2f4d9710d2f7653/hooks/base/0x28d605b268a5ecfa88510a569d3db34eb8ab10c8.json,"{""name"": ""TwinHook"", ""description"": ""Fee-routing hook for stock-paired meme tokens (\""twins\"") on Uniswap v4. Applies a decaying anti-snipe launch tax on buys, publishes a Chad Premium (current/launch price multiple), ratchets a Chad Level on confirmed price milestones, and dispatches creator LP fees to configurable sinks: burn (with buyback guard), reflection to holders, auto-LP, bonders yield pool, or direct payout."", ""deployer"": """"}"
0x2a2f73cdda098d639bd8bbcd7df2bf24e06728cc,uniswap_hooklist,3,LiquidHookDynamicFeeV2,https://raw.githubusercontent.com/Uniswap/hooklist/65ef4121419193a5aad9a493d2f4d9710d2f7653/hooks/base/0x2a2f73cdda098d639bd8bbcd7df2bf24e06728cc.json,"{""name"": ""LiquidHookDynamicFeeV2"", ""description"": ""Uniswap v4 hook with volatility-based dynamic LP fees adjusted per-swap using tick movement relative to a reference price, plus a 20% protocol fee collected via beforeSwap/afterSwap return deltas. Supports an optional MEV protection module active for up to 2 minutes after pool creation and an optional pool extension for post-swap callbacks."", ""deployer"": """"}"
0x2b62bdccb8602fee9add46ae2b182d6e17a940c8,uniswap_hooklist,3,TrinityHookV4,https://raw.githubusercontent.com/Uniswap/hooklist/65ef4121419193a5aad9a493d2f4d9710d2f7653/hooks/base/0x2b62bdccb8602fee9add46ae2b182d6e17a940c8.json,"{""name"": ""TrinityHookV4"", ""description"": ""Manages concentrated LP bands to approximate a linear bonding curve. Extracts a 1% fee from exact-input swaps in beforeSwap (buy fees forwarded to a configurable multisig, sell fees burned to 0xdead), and rebalances LP bands in afterSwap when price crosses band boundaries."", ""deployer"": """"}"
0x36671afd57d31d7d15b8b4d4620bc8a7cf226444,uniswap_hooklist,3,CDHook,https://raw.githubusercontent.com/Uniswap/hooklist/65ef4121419193a5aad9a493d2f4d9710d2f7653/hooks/base/0x36671afd57d31d7d15b8b4d4620bc8a7cf226444.json,"{""name"": ""CDHook"", ""description"": ""Uniswap v4 hook for CoinDAT token pools that collects a time-decaying fee in afterSwap (starting at 99%, decreasing by 1% per minute to a 7% floor) and distributes it among the CD token (72%), a protocol treasury (14%), and the pool deployer (14%). Only ETH/CD-token pools deployed via the CoinDAT factory are supported."", ""deployer"": """"}"
0x3994497d9c9fa5d9c47e67d1e8dc38c7ef2fe0cc,uniswap_hooklist,3,FlashHookV3,https://raw.githubusercontent.com/Uniswap/hooklist/65ef4121419193a5aad9a493d2f4d9710d2f7653/hooks/base/0x3994497d9c9fa5d9c47e67d1e8dc38c7ef2fe0cc.json,"{""name"": ""FlashHookV3"", ""description"": ""A Uniswap v4 hook that aggregates OTC buy routing and realized sell taxes for WETH-rooted token ecosystems, routing execution across native v4 pools and external venues, with fees distributed to stakers, pool admins, and a protocol treasury."", ""deployer"": """"}"
0x3afdfd442e3d8764261d4f274bb9ce5e08b1ea44,uniswap_hooklist,3,TokenFab,https://raw.githubusercontent.com/Uniswap/hooklist/65ef4121419193a5aad9a493d2f4d9710d2f7653/hooks/base/0x3afdfd442e3d8764261d4f274bb9ce5e08b1ea44.json,"{""name"": ""TokenFab"", ""description"": ""A bonding curve and AMM graduation hook for token launches. Sells newly-minted tokens through a single-sided Uniswap v4 bonding curve pool until the supply cap is reached, then automatically migrates liquidity to a full-range AMM pool. Charges a 5% swap fee on each trade, split 1% platform, 1% creator, and 3% to a reward pool via afterSwapReturnsDelta."", ""deployer"": """"}"
0x425238a2ed23dda086e8de7be02ccf0b792b40cc,uniswap_hooklist,3,Politiswap,https://raw.githubusercontent.com/Uniswap/hooklist/65ef4121419193a5aad9a493d2f4d9710d2f7653/hooks/base/0x425238a2ed23dda086e8de7be02ccf0b792b40cc.json,"{""name"": ""Politiswap"", ""description"": ""A hook that manages Uniswap v4 ETH/political-token pools, collecting a 2% fee on each swap and tracking daily net ETH inflows per pool. Holders of the highest-inflow pool's token each day earn POLITISWAP token rewards distributed via quadratic decay over 365 days. Accumulated ETH fees trigger a buy-and-burn mechanism for POLITISWAP tokens."", ""deployer"": """"}"
0x47ec48c74f3069e9ae69406197821996d80200cc,uniswap_hooklist,3,StockifyFeeHook,https://raw.githubusercontent.com/Uniswap/hooklist/65ef4121419193a5aad9a493d2f4d9710d2f7653/hooks/base/0x47ec48c74f3069e9ae69406197821996d80200cc.json,"{""name"": ""StockifyFeeHook"", ""description"": ""Takes a fixed 3% fee on ETH-specified swaps in beforeSwap and STFY-specified swaps in afterSwap, routing fees to an immutable DividendVault address via poolManager.take(). Designed for a single ETH/STFY Uniswap v4 pool."", ""deployer"": """"}"
0x4aa8a95417f8c81baf01d1b113f87a66344180c0,uniswap_hooklist,3,DynamicFeeHook,https://raw.githubusercontent.com/Uniswap/hooklist/65ef4121419193a5aad9a493d2f4d9710d2f7653/hooks/base/0x4aa8a95417f8c81baf01d1b113f87a66344180c0.json,"{""name"": ""DynamicFeeHook"", ""description"": ""Overrides LP swap fees with a configurable linear decay schedule (anti-sniper), declining from a high start fee to a stable end fee over a short duration. Also maintains a manipulation-resistant TWAP oracle via afterSwap, with an owner/guardian-controlled emergency pause that halts all swaps."", ""deployer"": """"}"
0x500caabab0dce54cdf5687459060f5df53302fdc,uniswap_hooklist,3,BoardHook,https://raw.githubusercontent.com/Uniswap/hooklist/65ef4121419193a5aad9a493d2f4d9710d2f7653/hooks/base/0x500caabab0dce54cdf5687459060f5df53302fdc.json,"{""name"": ""BoardHook"", ""description"": ""A Uniswap v4 hook that manages token launches with a time-gated fair launch window, optional Merkle-proof whitelist, and custom fee capture distributed to creators, protocol, referrers, and a muse manager. Swaps are blocked until the scheduled launch timestamp and sell orders are prevented during the fair launch period."", ""deployer"": """"}"
0x5798a5e371346c8e4af1dbc166549d360e008044,uniswap_hooklist,3,Adaptive Burn Hook,https://raw.githubusercontent.com/Uniswap/hooklist/65ef4121419193a5aad9a493d2f4d9710d2f7653/hooks/base/0x5798a5e371346c8e4af1dbc166549d360e008044.json,"{""name"": ""Adaptive Burn Hook"", ""description"": ""Automatically burns a configurable percentage of PR token output on buys and captures ETH into a vault on sells. Burn and capture rates are admin-adjustable within bounds, capped at a maximum of 5%."", ""deployer"": null}"
0x5a30ff8f8872999123341d48a306c57851c788cc,uniswap_hooklist,3,UniswapV4Hook,https://raw.githubusercontent.com/Uniswap/hooklist/65ef4121419193a5aad9a493d2f4d9710d2f7653/hooks/base/0x5a30ff8f8872999123341d48a306c57851c788cc.json,"{""name"": ""UniswapV4Hook"", ""description"": ""A token launchpad hook that implements a fixed-price \""fair launch\"" primary market phase, then transitions to standard Uniswap pool trading once the fair launch period expires. It collects protocol and NFT-owner fees on swaps and uses BeforeSwapDelta/AfterSwapDelta to redirect fee amounts."", ""deployer"": """"}"
0x63762c07f0568327a8d5fb7856f9ed0a0d93a040,uniswap_hooklist,3,ExponentialLiquidityHook,https://raw.githubusercontent.com/Uniswap/hooklist/65ef4121419193a5aad9a493d2f4d9710d2f7653/hooks/base/0x63762c07f0568327a8d5fb7856f9ed0a0d93a040.json,"{""name"": ""ExponentialLiquidityHook"", ""description"": ""A bonding curve hook for token launches paired with WBTC. Deploys ERC20 tokens (PackERC20) with liquidity distributed across exponential price segments. After each swap, if the price crosses a threshold, the hook removes all liquidity, transfers WBTC proceeds to the token contract, and enables a Chainlink VRF-based pack-opening mechanic. Pool initialization via the Uniswap v4 pool manager is blocked \u2014 beforeInitialize always reverts, preventing any pool from being initialized with this hook."", ""deployer"": """"}"
0x65d35acdb6ce1fdf67a38c5ad0a211f73e24c0cc,uniswap_hooklist,3,Politiswap,https://raw.githubusercontent.com/Uniswap/hooklist/65ef4121419193a5aad9a493d2f4d9710d2f7653/hooks/base/0x65d35acdb6ce1fdf67a38c5ad0a211f73e24c0cc.json,"{""name"": ""Politiswap"", ""description"": ""A hook that creates Uniswap v4 pools for political-themed ERC-20 tokens (PolTokens), enforcing that only the token contract (currency1) can initiate swaps. It extracts a fixed 2% fee on each swap via beforeSwap/afterSwap delta returns, tracks daily net ETH flows per pool, and allows users to claim governance token rewards for trading in the highest-inflow pool each day."", ""deployer"": """"}"
0x6695ac555510e5b0001d151185354ba6667c20c0,uniswap_hooklist,3,MM,https://raw.githubusercontent.com/Uniswap/hooklist/65ef4121419193a5aad9a493d2f4d9710d2f7653/hooks/base/0x6695ac555510e5b0001d151185354ba6667c20c0.json,"{""name"": ""MM"", ""description"": ""Oracle-driven market maker hook that repositions liquidity to the oracle price before each swap (by removing all liquidity, executing an internal price-adjusting swap, and re-adding liquidity at a new range), then notifies an external hedge pool to adjust the hedged position after each swap."", ""deployer"": """"}"
0x6a3fa0f505991668167005b9e2bb19a4d2ec0088,uniswap_hooklist,3,MineSwapV4Hook,https://raw.githubusercontent.com/Uniswap/hooklist/65ef4121419193a5aad9a493d2f4d9710d2f7653/hooks/base/0x6a3fa0f505991668167005b9e2bb19a4d2ec0088.json,"{""name"": ""MineSwapV4Hook"", ""description"": ""Protocol fee hook for MineSwap DEX that skims a configurable fee (default 0.15%) from every swap via beforeSwapReturnsDelta. Collected fees are periodically processed by anyone to buy back and burn BG tokens (50% burned, 49% rebate pool, 1% caller reward)."", ""deployer"": """"}"
0x6e5adf7b73b6d4b006ecbe164472d9b9dbe380cc,uniswap_hooklist,3,Politiswap,https://raw.githubusercontent.com/Uniswap/hooklist/65ef4121419193a5aad9a493d2f4d9710d2f7653/hooks/base/0x6e5adf7b73b6d4b006ecbe164472d9b9dbe380cc.json,"{""name"": ""Politiswap"", ""description"": ""A multi-pool hook that tracks daily ETH inflows across registered token pools, collects a 2% fee on each swap, and distributes Congress token rewards to holders of the highest-inflow pool's token using a quadratic decay emission schedule over 365 days."", ""deployer"": """"}"
0x6ec5c87935e13450f82e24cb4133f9475e574888,uniswap_hooklist,3,TrinityHook,https://raw.githubusercontent.com/Uniswap/hooklist/65ef4121419193a5aad9a493d2f4d9710d2f7653/hooks/base/0x6ec5c87935e13450f82e24cb4133f9475e574888.json,"{""name"": ""TrinityHook"", ""description"": ""Uniswap v4 hook implementing a linear bonding curve that fully replaces AMM pricing for TRI token pools. Handles buy swaps (1% quote fee) and sell swaps (1% TRI burn) using quadratic math, settling tokens directly from hook reserves, while blocking all external liquidity additions."", ""deployer"": """"}"
0x723b16ef13a1b9a2bd63238bec47cdf1d4a010c4,uniswap_hooklist,3,DynamicFee,https://raw.githubusercontent.com/Uniswap/hooklist/65ef4121419193a5aad9a493d2f4d9710d2f7653/hooks/base/0x723b16ef13a1b9a2bd63238bec47cdf1d4a010c4.json,"{""name"": ""DynamicFee"", ""description"": ""Adjusts the LP fee dynamically based on tick movement from the previous swap \u2014 larger moves increase the fee (up to 5%), smaller moves reduce it (floor 0.05%). Inherits AeonFee, which takes a mandatory 10 bps protocol fee on every swap routed to a fixed hardcoded recipient via afterSwap return-delta."", ""deployer"": ""0x0DE98e661606EcFC448da7A8276DdE4de45200C8""}"
0x7d66fb5f3dd613a502d8f7abfbdc19be28db20cc,uniswap_hooklist,3,wASSBLASTER420,https://raw.githubusercontent.com/Uniswap/hooklist/65ef4121419193a5aad9a493d2f4d9710d2f7653/hooks/base/0x7d66fb5f3dd613a502d8f7abfbdc19be28db20cc.json,"{""name"": ""wASSBLASTER420"", ""description"": ""A Uniswap v4 hook for the wASS token that charges a 0.7% fee on the wASS side of every swap, distributing fees equally between an Apple Staking contract and the protocol owner. Registered market makers are exempt from fees; fee capture uses beforeSwapReturnsDelta for wASS sells and afterSwapReturnsDelta for wASS buys."", ""deployer"": """"}"
0x7e111ebca80f535155f959cea035d0b66ded90c0,uniswap_hooklist,3,ZoraV4CoinHook,https://raw.githubusercontent.com/Uniswap/hooklist/65ef4121419193a5aad9a493d2f4d9710d2f7653/hooks/base/0x7e111ebca80f535155f959cea035d0b66ded90c0.json,"{""name"": ""ZoraV4CoinHook"", ""description"": ""Uniswap v4 hook for Zora coin pools that, on every swap, collects LP fees from all positions, converts them to the coin's backing currency via multi-hop swap paths, distributes market rewards to stakeholders, and triggers Zora limit order fills."", ""deployer"": """"}"
0x8265be7eb9d7e40c1fab6cbd8dbc626b31a0aac8,uniswap_hooklist,3,ClawclickHook,https://raw.githubusercontent.com/Uniswap/hooklist/65ef4121419193a5aad9a493d2f4d9710d2f7653/hooks/base/0x8265be7eb9d7e40c1fab6cbd8dbc626b31a0aac8.json,"{""name"": ""ClawclickHook"", ""description"": ""A two-phase token launch hook that applies a decaying buy/sell tax (50%\u21926.25%) collected via BeforeSwapDelta during Phase 1 (protected), then transitions to a 1% pool LP fee override after the token achieves 16x market cap growth (graduation). Enforces max transaction and wallet limits that scale dynamically with market cap during Phase 1."", ""deployer"": """"}"
0x89b726743d6dbff5d1a2e49bdbd347641415aa44,uniswap_hooklist,3,SigilHook,https://raw.githubusercontent.com/Uniswap/hooklist/65ef4121419193a5aad9a493d2f4d9710d2f7653/hooks/base/0x89b726743d6dbff5d1a2e49bdbd347641415aa44.json,"{""name"": ""SigilHook"", ""description"": ""A fee-collecting hook for Sigil protocol pools that takes a 1% cut from every swap output, routing 80% to the verified pool creator and 20% to the protocol treasury via a SigilFeeVault. Liquidity is permanently locked: only the factory can add initial liquidity, and all LP removal is blocked."", ""deployer"": """"}"
0x8d34ff3de81395859e14267f2678a3044344d040,uniswap_hooklist,3,LimitOrderHookImpl,https://raw.githubusercontent.com/Uniswap/hooklist/65ef4121419193a5aad9a493d2f4d9710d2f7653/hooks/base/0x8d34ff3de81395859e14267f2678a3044344d040.json,"{""name"": ""LimitOrderHookImpl"", ""description"": ""A limit order hook that lets users place orders at out-of-range ticks. When a swap crosses those ticks, the afterSwap callback automatically fills matched orders by removing their liquidity from the pool and minting the proceeds as ERC6909 claims, which order placers can later withdraw."", ""deployer"": """"}"
0x90d9960e70d737a5433bbe725a8364128d9ca8cc,uniswap_hooklist,3,ClankerHookDynamicFeeV2,https://raw.githubusercontent.com/Uniswap/hooklist/65ef4121419193a5aad9a493d2f4d9710d2f7653/hooks/base/0x90d9960e70d737a5433bbe725a8364128d9ca8cc.json,"{""name"": ""ClankerHookDynamicFeeV2"", ""description"": ""A Clanker protocol hook that applies a volatility-based dynamic LP fee by simulating each swap to estimate the post-swap tick, then updating the pool fee via updateDynamicLPFee. It also collects a protocol fee on each swap using beforeSwap and afterSwap deltas, and supports optional MEV protection modules and post-swap pool extensions."", ""deployer"": """"}"
0x93a03bb1662978033ff0d86f67d5555c31238844,uniswap_hooklist,3,CabalFeeHook,https://raw.githubusercontent.com/Uniswap/hooklist/65ef4121419193a5aad9a493d2f4d9710d2f7653/hooks/base/0x93a03bb1662978033ff0d86f67d5555c31238844.json,"{""name"": ""CabalFeeHook"", ""description"": ""Charges a configurable PPM fee on swaps by taking a portion of the output via afterSwapReturnsDelta. ETH fees are forwarded directly to a configurable fee receiver; token fees are sent to a CabalFeeExecutor which sells them for ETH via a nested pool swap and forwards proceeds. Supports time-based launch fees with optional curved decay."", ""deployer"": """"}"
0x944252105c1e8c131da28f9a2fed80b81e35e088,uniswap_hooklist,3,LaunchHook,https://raw.githubusercontent.com/Uniswap/hooklist/65ef4121419193a5aad9a493d2f4d9710d2f7653/hooks/base/0x944252105c1e8c131da28f9a2fed80b81e35e088.json,"{""name"": ""LaunchHook"", ""description"": ""Fee-splitting hook that extracts a configurable platform fee (up to 5%) and a per-pool creator fee (up to 20%) from each exact-input swap via BeforeSwapDelta. Only pools registered by the factory are subject to fees; pool initialization is gated to the factory, and exact-output swaps always revert."", ""deployer"": """"}"
0x97cb0e2ad43b0bb84ea90cf2543fc893576ba044,uniswap_hooklist,3,ExponentialLiquidityHook,https://raw.githubusercontent.com/Uniswap/hooklist/65ef4121419193a5aad9a493d2f4d9710d2f7653/hooks/base/0x97cb0e2ad43b0bb84ea90cf2543fc893576ba044.json,"{""name"": ""ExponentialLiquidityHook"", ""description"": ""A bonding curve hook for newly deployed ERC20 tokens that distributes liquidity exponentially across multiple tick ranges. In afterSwap, it collects a 1% fee from swaps (returned via afterSwapReturnsDelta) and removes all pool liquidity when the token supply threshold of 10,000 tokens is reached, graduating the token from the bonding curve phase."", ""deployer"": """"}"
0x98aa253a44497dfa77ec1170e69f851cb17c2000,uniswap_hooklist,3,AquinasPoolHook,https://raw.githubusercontent.com/Uniswap/hooklist/65ef4121419193a5aad9a493d2f4d9710d2f7653/hooks/base/0x98aa253a44497dfa77ec1170e69f851cb17c2000.json,"{""name"": ""AquinasPoolHook"", ""description"": ""A Uniswap v4 hook that restricts pool initialization to addresses pre-authorized by the Aquinas factory. Only the designated Safe address for a given pool may call PoolManager.initialize(), preventing unauthorized parties from initializing pools for Aquinas DAOs."", ""deployer"": """"}"
0x98aa253a44497dfa77ec1170e69f851cb17c2000,document,4,Uniswap routing-api allowlist,https://raw.githubusercontent.com/Uniswap/routing-api/main/lib/util/hooksAddressesAllowlist.ts,export const AQUINAS_HOOK_ADDRESS_ON_BASE_2 = '0x98Aa253a44497dfa77ec1170e69f851cB17C2000'
0x9c3fb59c7a27a8d141a5e3a664ece6798eab28c4,uniswap_hooklist,3,NFTStrategyHook,https://raw.githubusercontent.com/Uniswap/hooklist/65ef4121419193a5aad9a493d2f4d9710d2f7653/hooks/base/0x9c3fb59c7a27a8d141a5e3a664ece6798eab28c4.json,"{""name"": ""NFTStrategyHook"", ""description"": ""A Uniswap v4 hook for NFT-backed token pools that applies a decaying buy fee (starting at 95%, dropping to a 15% flat fee over blocks) and a flat 15% sell fee. Fees are taken via afterSwapReturnsDelta, converted to ETH via nested swaps when needed, and distributed to a FeeContract vault, founder wallets, or used to buy-and-burn a configurable brand asset token."", ""deployer"": """"}"
0xa13c625468a6fd4779c4500063741243b2496acc,uniswap_hooklist,3,TokenFab,https://raw.githubusercontent.com/Uniswap/hooklist/65ef4121419193a5aad9a493d2f4d9710d2f7653/hooks/base/0xa13c625468a6fd4779c4500063741243b2496acc.json,"{""name"": ""TokenFab"", ""description"": ""A bonding curve token launch factory hook that deploys new ERC20 tokens with associated Uniswap v4 pools. Swaps follow a bonding curve until a supply cap is reached, at which point liquidity graduates to a separate AMM pool. Platform and creator fees are collected on each swap and distributed to fee receivers."", ""deployer"": """"}"
0xa48f3fe21c5896cebb3ae8f7cce65eb45feb6ac8,uniswap_hooklist,3,ClawclickHook,https://raw.githubusercontent.com/Uniswap/hooklist/65ef4121419193a5aad9a493d2f4d9710d2f7653/hooks/base/0xa48f3fe21c5896cebb3ae8f7cce65eb45feb6ac8.json,"{""name"": ""ClawclickHook"", ""description"": ""A two-phase token launch hook that applies a decaying swap tax (up to 50%, halving each epoch) with per-user position limits during Phase 1, then graduates to a passive 1% LP fee mode after 16x market cap growth. Fees are collected via BeforeSwapDelta with a 70/30 beneficiary/platform split."", ""deployer"": """"}"
0xa845207e014e71daefa17bdc4ebf16019bfe4500,uniswap_hooklist,3,PyreBurnHook,https://raw.githubusercontent.com/Uniswap/hooklist/65ef4121419193a5aad9a493d2f4d9710d2f7653/hooks/base/0xa845207e014e71daefa17bdc4ebf16019bfe4500.json,"{""name"": ""PyreBurnHook"", ""description"": ""Launchpad liquidity manager hook that holds pool liquidity positions on behalf of a designated controller. The controller can add or remove liquidity with slippage protection and transfer tokens held by the hook. The afterAddLiquidity and afterRemoveLiquidity callbacks are enabled but perform no additional logic beyond returning ZERO_DELTA."", ""deployer"": """"}"
0xa8a3c6c5598518e8aaf823f4d26d3f4f54c98888,uniswap_hooklist,3,YieldNestHook,https://raw.githubusercontent.com/Uniswap/hooklist/65ef4121419193a5aad9a493d2f4d9710d2f7653/hooks/base/0xa8a3c6c5598518e8aaf823f4d26d3f4f54c98888.json,"{""name"": ""YieldNestHook"", ""description"": ""Charges a configurable commission fee (in basis points) on every swap via beforeSwapReturnsDelta, taking tokens from the swap input and forwarding them to a designated fee collector. The owner can update the commission rate and fee collector address. The beforeAddLiquidity hook is registered but performs no access control logic."", ""deployer"": """"}"
0xa94dd722b44800a49ffa21152a0a8d86f30600cc,uniswap_hooklist,3,TokenMesaHook,https://raw.githubusercontent.com/Uniswap/hooklist/65ef4121419193a5aad9a493d2f4d9710d2f7653/hooks/base/0xa94dd722b44800a49ffa21152a0a8d86f30600cc.json,"{""name"": ""TokenMesaHook"", ""description"": ""Collects a configurable USDC-denominated fee (up to 1%, adjustable by owner) on every swap by shaving the fee from the input amount via BeforeSwapDelta, then taking the USDC to a designated recipient in afterSwap. Also maintains a 100-slot circular-buffer TWAP oracle recording per-block tick observations."", ""deployer"": """"}"
0xb000f242eefbd4467b13a4b0c758c048eacdc088,uniswap_hooklist,3,TrinityHook,https://raw.githubusercontent.com/Uniswap/hooklist/65ef4121419193a5aad9a493d2f4d9710d2f7653/hooks/base/0xb000f242eefbd4467b13a4b0c758c048eacdc088.json,"{""name"": ""TrinityHook"", ""description"": ""Implements a linear bonding curve that fully replaces AMM pricing for TRI token pools. Handles buy/sell swaps against hook-held reserves, applying a 1% fee on buys (sent to a fee recipient) and a 1% token burn on sells."", ""deployer"": """"}"
0xb216070c3509047ea597e2e626a29cea427a60c8,uniswap_hooklist,3,GlueHook,https://raw.githubusercontent.com/Uniswap/hooklist/65ef4121419193a5aad9a493d2f4d9710d2f7653/hooks/base/0xb216070c3509047ea597e2e626a29cea427a60c8.json,"{""name"": ""GlueHook"", ""description"": ""A buyback-and-burn hook that maintains a donation pot per pool: on sells of the designated main token, the pot absorbs the trade at the pool's own execution price (shield, via BeforeSwapDelta); on buys, it spends pot funds to buy more main (pump). Optionally runs an LP fee program with auto-compounding and configurable fee splits per pool."", ""deployer"": """"}"
0xb26ba193f5e6ef53cc0240a231e89868075c80cc,uniswap_hooklist,3,Politiswap,https://raw.githubusercontent.com/Uniswap/hooklist/65ef4121419193a5aad9a493d2f4d9710d2f7653/hooks/base/0xb26ba193f5e6ef53cc0240a231e89868075c80cc.json,"{""name"": ""Politiswap"", ""description"": ""A Uniswap v4 hook that charges a 2% fee on ETH/token swaps, tracks daily net ETH inflows per registered pool, and rewards holders of the highest-inflow pool's token with daily CongressToken emissions using a quadratic decay schedule over one year."", ""deployer"": """"}"
0xb675bb9337bf662e6f9484845edaffedfee85040,uniswap_hooklist,3,ZoraV4CoinHook,https://raw.githubusercontent.com/Uniswap/hooklist/65ef4121419193a5aad9a493d2f4d9710d2f7653/hooks/base/0xb675bb9337bf662e6f9484845edaffedfee85040.json,"{""name"": ""ZoraV4CoinHook"", ""description"": ""Uniswap V4 hook for Zora coins that on every swap collects accrued LP fees from all positions, converts a portion to a backing currency via multi-hop swap paths, and distributes market rewards to configured recipients. On pool initialization, creates multiple liquidity positions based on the coin's pool configuration."", ""deployer"": """"}"
0xc0a9902292ca22b86220a819739f48def67180c0,uniswap_hooklist,3,UniSwapMonsters,https://raw.githubusercontent.com/Uniswap/hooklist/65ef4121419193a5aad9a493d2f4d9710d2f7653/hooks/base/0xc0a9902292ca22b86220a819739f48def67180c0.json,"{""name"": ""UniSwapMonsters"", ""description"": ""Restricts swaps to USDC as the input token with a minimum of 1 USDC (6 decimals), and mints an ERC721 NFT (\""UniSwap Monsters\"") to the PoolManager (msg.sender in afterSwap, not the swapper) after each successful swap."", ""deployer"": """"}"
0xc2cba312b9b31424900c067c80ac34aaa07140cc,uniswap_hooklist,3,QubitorFeeHook,https://raw.githubusercontent.com/Uniswap/hooklist/65ef4121419193a5aad9a493d2f4d9710d2f7653/hooks/base/0xc2cba312b9b31424900c067c80ac34aaa07140cc.json,"{""name"": ""QubitorFeeHook"", ""description"": ""Charges a flat fee in basis points (up to 25%) on swaps involving a configured quote currency, extracting fees via poolManager.take() in both beforeSwap and afterSwap and forwarding them to a configurable fee collector. The fee rate can only be decreased (never increased) by the owner after deployment."", ""deployer"": """"}"
0xcc88564dac1f83d10e831f36e78dca186cb12aa8,uniswap_hooklist,3,RehypHook,https://raw.githubusercontent.com/Uniswap/hooklist/65ef4121419193a5aad9a493d2f4d9710d2f7653/hooks/base/0xcc88564dac1f83d10e831f36e78dca186cb12aa8.json,"{""name"": ""RehypHook"", ""description"": ""A custom AMM hook that implements a bonding-curve market maker between ERC-20 assets and a yield-bearing token (REHYP). It intercepts all swaps via beforeSwap with full delta returns, rehypothecates deposited assets into Aave to earn yield, and burns harvested yield against REHYP supply. Liquidity and swap operations are managed entirely by the hook's internal pricing logic."", ""deployer"": """"}"
0xd4c98e09e0b6430ed683dee24189f6894ebf8888,uniswap_hooklist,3,TrinityHook,https://raw.githubusercontent.com/Uniswap/hooklist/65ef4121419193a5aad9a493d2f4d9710d2f7653/hooks/base/0xd4c98e09e0b6430ed683dee24189f6894ebf8888.json,"{""name"": ""TrinityHook"", ""description"": ""A linear bonding curve hook that fully replaces AMM pricing for TRI token pools. Intercepts all swaps to compute buy/sell prices via a quadratic formula, charges a 1% fee on buys (sent to a fee recipient), burns 1% of TRI on sells, and blocks all external liquidity additions."", ""deployer"": """"}"
0xd96c7b6dc37071fa62b085c94260cc5cba7340cc,uniswap_hooklist,3,Politiswap,https://raw.githubusercontent.com/Uniswap/hooklist/65ef4121419193a5aad9a493d2f4d9710d2f7653/hooks/base/0xd96c7b6dc37071fa62b085c94260cc5cba7340cc.json,"{""name"": ""Politiswap"", ""description"": ""Manages ETH/pol-token pools with a 2% hook fee on swaps, tracking daily net ETH inflows per pool and minting token rewards to users who swapped into the pool with the highest daily inflow."", ""deployer"": """"}"
0xdab972649175adb746b94580d96ea0e99f8b90cc,uniswap_hooklist,3,AegisHook,https://raw.githubusercontent.com/Uniswap/hooklist/65ef4121419193a5aad9a493d2f4d9710d2f7653/hooks/base/0xdab972649175adb746b94580d96ea0e99f8b90cc.json,"{""name"": ""AegisHook"", ""description"": ""A Uniswap v4 hook that applies dynamic LP fees via an external DynamicFeeManager, charges a configurable hook fee on each swap (deducted from the input token using BeforeSwapDelta/afterSwap delta), records price observations via an OracleManager, integrates with a LimitOrderManager, and periodically reinvests accumulated hook fees into full-range LP positions through AegisEngine."", ""deployer"": """"}"
0xdd361d0730be3182eaeb28ba6c5fb0481b087aec,uniswap_hooklist,3,ApexYieldHookV4,https://raw.githubusercontent.com/Uniswap/hooklist/65ef4121419193a5aad9a493d2f4d9710d2f7653/hooks/base/0xdd361d0730be3182eaeb28ba6c5fb0481b087aec.json,"{""name"": ""ApexYieldHookV4"", ""description"": ""An oracle-driven hook that prices swaps using a Pyth/Chainlink/manual oracle cascade, applies zone-based directional fees, and routes funds through a linked vault. Supports owner-controlled pause, per-pool activation, circuit-breaker cooldown, and a fee-exempt allowlist."", ""deployer"": """"}"
0xdfe0f6d6cdda8f8ea47d6c5bddbdea51425290c0,uniswap_hooklist,3,HomelanderUniV4Plugin,https://raw.githubusercontent.com/Uniswap/hooklist/65ef4121419193a5aad9a493d2f4d9710d2f7653/hooks/base/0xdfe0f6d6cdda8f8ea47d6c5bddbdea51425290c0.json,"{""name"": ""HomelanderUniV4Plugin"", ""description"": ""A Uniswap v4 hook that runs on-chain MEV arbitrage after each swap via an external executor contract, applies a configurable dynamic LP fee (waived for the MEV executor address), and registers new pools with an external routing contract on initialization."", ""deployer"": """"}"
0xe215b87b41197463b3ce635210e1443d96e368cc,uniswap_hooklist,3,CornersHookStaticFee,https://raw.githubusercontent.com/Uniswap/hooklist/65ef4121419193a5aad9a493d2f4d9710d2f7653/hooks/base/0xe215b87b41197463b3ce635210e1443d96e368cc.json,"{""name"": ""CornersHookStaticFee"", ""description"": ""A Uniswap v4 hook for the Corners protocol that applies configurable static directional LP fees (cornersFee vs. pairedFee) per pool via updateDynamicLPFee, collects a 20% protocol fee on swaps using BeforeSwapDelta and AfterSwapDelta, distributes fees through an LP locker, and temporarily activates an MEV protection module for the first 2 minutes after pool creation."", ""deployer"": """"}"
0xe87be9bc8e462de016760aa83bac56d608836aa8,uniswap_hooklist,3,RehypHook,https://raw.githubusercontent.com/Uniswap/hooklist/65ef4121419193a5aad9a493d2f4d9710d2f7653/hooks/base/0xe87be9bc8e462de016760aa83bac56d608836aa8.json,"{""name"": ""RehypHook"", ""description"": ""A custom bonding-curve AMM hook that owns all pool liquidity internally, blocking external LP deposits and donations. Swaps exchange WETH/USDC/GHO for REHYP tokens using reserve-based pricing; excess assets are deposited into Aave V3 to earn yield, which can be harvested to increase reserves and burn REHYP supply."", ""deployer"": ""0x7F4C1A4ED0be550d4D18B5FdB78a2104A674D6e8""}"
0xe89a658e4bec91caea242ad032280a5d3015c8c8,uniswap_hooklist,3,TrinityHookV6,https://raw.githubusercontent.com/Uniswap/hooklist/65ef4121419193a5aad9a493d2f4d9710d2f7653/hooks/base/0xe89a658e4bec91caea242ad032280a5d3015c8c8.json,"{""name"": ""TrinityHookV6"", ""description"": ""Manages concentrated liquidity across price bands for a token, automatically rebalancing LP positions after each swap. Extracts a 1% fee on all swaps: buy fees go to a community treasury, sell fees are burned. Blocks external LP additions so only the hook controls liquidity. Only exactInput swaps are supported."", ""deployer"": """"}"
0xeb03478993cd2848e44809699eeda6c7957d80cc,uniswap_hooklist,3,Politiswap,https://raw.githubusercontent.com/Uniswap/hooklist/65ef4121419193a5aad9a493d2f4d9710d2f7653/hooks/base/0xeb03478993cd2848e44809699eeda6c7957d80cc.json,"{""name"": ""Politiswap"", ""description"": ""A Uniswap v4 hook that charges a 2% fee on ETH/token swaps across owner-registered pools, tracks daily net ETH inflows per pool via delta returns, and allows users to claim minted rewards based on participation in the pool with the highest daily ETH inflow."", ""deployer"": """"}"
0xecb362137296a321009297fbc919172c43766cc4,uniswap_hooklist,3,NFTStrategyHook,https://raw.githubusercontent.com/Uniswap/hooklist/65ef4121419193a5aad9a493d2f4d9710d2f7653/hooks/base/0xecb362137296a321009297fbc919172c43766cc4.json,"{""name"": ""NFTStrategyHook"", ""description"": ""Manages NFT-backed strategy pools with gated initialization and liquidity (only callable via a factory), and applies time-decaying buy fees that start at 99% and decrease every 5 blocks. Fees are taken from swaps via afterSwapReturnsDelta and distributed to a vault, collection owner, and protocol address; if the fee is in a non-ETH token, it is first swapped back to ETH internally."", ""deployer"": """"}"
0xf0559f57e2dc028d6fd5c41663b4acfaf9a66aa8,uniswap_hooklist,3,StableSwapHooks,https://raw.githubusercontent.com/Uniswap/hooklist/65ef4121419193a5aad9a493d2f4d9710d2f7653/hooks/base/0xf0559f57e2dc028d6fd5c41663b4acfaf9a66aa8.json,"{""name"": ""StableSwapHooks"", ""description"": ""Curve-style (StableSwap) AMM hook for Uniswap v4 supporting multi-currency stable pools (2\u20134 tokens). Executes full StableSwap invariant math in beforeSwap with optional rate oracle support, and blocks direct PoolManager liquidity operations in favor of its own add/remove liquidity flow."", ""deployer"": """"}"
0xf516c23cc9ef0767f9d47d68940e4393b49dfbfd,uniswap_hooklist,3,ApexYieldHookV4,https://raw.githubusercontent.com/Uniswap/hooklist/65ef4121419193a5aad9a493d2f4d9710d2f7653/hooks/base/0xf516c23cc9ef0767f9d47d68940e4393b49dfbfd.json,"{""name"": ""ApexYieldHookV4"", ""description"": ""Oracle-based swap hook that prices trades using Pyth and Chainlink feeds and executes them against an external vault (IApexVault) by returning a BeforeSwapDelta in beforeSwap. Applies zone-based dynamic fees, enforces vault liquidity checks, and includes an owner-triggered circuit breaker that halts swaps when oracle prices move too rapidly."", ""deployer"": """"}"
0xf584d807aed2f681fa4420bb7e670abfcc5b9888,uniswap_hooklist,3,NomadHook,https://raw.githubusercontent.com/Uniswap/hooklist/65ef4121419193a5aad9a493d2f4d9710d2f7653/hooks/base/0xf584d807aed2f681fa4420bb7e670abfcc5b9888.json,"{""name"": ""NomadHook"", ""description"": ""Uniswap v4 hook implementing a custom AMM with configurable liquidity density functions (LDFs), an auction-managed AMM (am-AMM) to recapture LVR and MEV by auctioning swap fee rights, automatic pool rebalancing via FloodPlain fill orders, a TWAP oracle, and dynamic surge fees."", ""deployer"": """"}"
0xf6ccc6388b957a9e13d98bfeadf8601edd1500cc,uniswap_hooklist,3,MixpadHook,https://raw.githubusercontent.com/Uniswap/hooklist/65ef4121419193a5aad9a493d2f4d9710d2f7653/hooks/base/0xf6ccc6388b957a9e13d98bfeadf8601edd1500cc.json,"{""name"": ""MixpadHook"", ""description"": ""Collects a platform swap fee on every Mixpad-launched token trade, splitting proceeds between the token creator and treasury with optional buyback-and-burn. Applies a block-decaying anti-snipe surcharge on early buys and a time-decaying dump surcharge on sells by the original deployer."", ""deployer"": """"}"
0xf92c1c75061729263da5860a7f4c7668b2752040,uniswap_hooklist,3,StockPadHook,https://raw.githubusercontent.com/Uniswap/hooklist/65ef4121419193a5aad9a493d2f4d9710d2f7653/hooks/base/0xf92c1c75061729263da5860a7f4c7668b2752040.json,"{""name"": ""StockPadHook"", ""description"": ""Enforces a per-swap maximum buy size on the launched token for StockPad launch pools. Configuration (token address and max buy limit) is set once by the launcher at pool creation and is immutable thereafter; the hook holds no funds and collects no fees."", ""deployer"": """"}"
0xfebcdfec8fec75afb56ddbded4b2a2fd5240a844,uniswap_hooklist,3,IpStrategyHook,https://raw.githubusercontent.com/Uniswap/hooklist/65ef4121419193a5aad9a493d2f4d9710d2f7653/hooks/base/0xfebcdfec8fec75afb56ddbded4b2a2fd5240a844.json,"{""name"": ""IpStrategyHook"", ""description"": ""A Uniswap v4 hook that restricts pool initialization and liquidity additions to an IpStrategyFactory contract. After each swap, it takes a 2.5% fee from the output token, converts non-ETH fees to ETH via a nested pool swap, then distributes the ETH to the strategy's NFT vault, owner, and platform through the factory."", ""deployer"": """"}"
0xfee99b847f90d7a7f87e273097b72e33d3490440,uniswap_hooklist,3,BpegHook,https://raw.githubusercontent.com/Uniswap/hooklist/65ef4121419193a5aad9a493d2f4d9710d2f7653/hooks/base/0xfee99b847f90d7a7f87e273097b72e33d3490440.json,"{""name"": ""BpegHook"", ""description"": ""An afterSwap and afterAddLiquidity hook for the BPEG DN-404 token on Base mainnet. afterAddLiquidity sets the pool address on the token contract on first liquidity add. afterSwap syncs NFT metadata count with the user BPEG balance using tx.origin: buying BPEG mints NFT metadata proportional to integer balance, selling burns accordingly. Wallet-to-wallet transfers move NFT metadata alongside tokens. vanillaSwap: false"", ""deployer"": ""0x0F5162779F6bfc140B12e7392A7770f839910299""}"
0xff02680c7afe8c63e91c07efa985c81efa6b68c4,uniswap_hooklist,3,StockTokenHook,https://raw.githubusercontent.com/Uniswap/hooklist/65ef4121419193a5aad9a493d2f4d9710d2f7653/hooks/base/0xff02680c7afe8c63e91c07efa985c81efa6b68c4.json,"{""name"": ""StockTokenHook"", ""description"": ""A hook for stock token pools that enforces configurable trading-hours windows and charges time-decaying buy/sell fees (decaying from a start rate to an end rate over 48 hours from the first trade), redistributing collected fees between a developer wallet and the StockToken vault contract."", ""deployer"": """"}"
0x03d482cb3ff339c2d29736818d0f72c66dd6a040,uniswap_hooklist,3,GlueHook,https://raw.githubusercontent.com/Uniswap/hooklist/65ef4121419193a5aad9a493d2f4d9710d2f7653/hooks/base/0x03d482cb3ff339c2d29736818d0f72c66dd6a040.json,"{""name"": ""GlueHook"", ""description"": ""A permissionless Uniswap v4 hook that executes a per-pool buyback of the pool's main asset after every swap. It auto-harvests LP fee splits and runs a time-gated pump sized by fee and liquidity depth, distributing bought tokens via configurable splits (autocompound, burn cascade, or recipient). Pump failures are isolated via try/catch so swaps are never blocked."", ""deployer"": ""0xe9009763480C401174Eed353256C242Dd2D3F60D""}"
0x046d9cc1b44a98cf28316de6c5dfac5392d3c040,uniswap_hooklist,3,FeeCollectHook,https://raw.githubusercontent.com/Uniswap/hooklist/65ef4121419193a5aad9a493d2f4d9710d2f7653/hooks/base/0x046d9cc1b44a98cf28316de6c5dfac5392d3c040.json,"{""name"": ""FeeCollectHook"", ""description"": ""A post-swap hook that tracks trade counts per registered LP token position in authorized pools, designed to trigger fee processing via an external LeveragedLPManager contract on each swap. The fee collection call is currently disabled (commented out in source), so afterSwap only records trade counts and emits debug events."", ""deployer"": """"}"
0x5e178bb3407f80f29f542129853244e7ef409040,uniswap_hooklist,3,LimitOrderHook,https://raw.githubusercontent.com/Uniswap/hooklist/65ef4121419193a5aad9a493d2f4d9710d2f7653/hooks/base/0x5e178bb3407f80f29f542129853244e7ef409040.json,"{""name"": ""LimitOrderHook"", ""description"": ""A Uniswap v4 Hook that enables on-chain limit orders on supported liquidity pools.\n\nUsers can set a target price, and when the pool price reaches the specified price, the Hook automatically executes the order. This enables users to place limit orders directly on Uniswap v4."", ""deployer"": ""0xAAD81Ac687f7f9454901dAFE2ef6Ebb26C907498""}"
0x04f4cca485013a5507c3c1bd7a6beeb82b5c60cc,uniswap_hooklist,3,MaybeHook,https://raw.githubusercontent.com/Uniswap/hooklist/65ef4121419193a5aad9a493d2f4d9710d2f7653/hooks/base/0x04f4cca485013a5507c3c1bd7a6beeb82b5c60cc.json,"{""name"": ""MaybeHook"", ""description"": ""A probabilistic Uniswap v4 hook for an ETH/MAYBE pool that implements \""maybification\"": when a user opts in via hookData on an ETH\u2192MAYBE exactIn swap, the MAYBE output is burned and Chainlink VRF randomness is used to determine whether the user wins a multiplied MAYBE payout (based on a configurable probability in basis points) or loses. LP fees are donated as MAYBE to liquidity providers."", ""deployer"": """"}"
0x072e70e10485bb8034d0ef8fe50ed7a09edb8600,uniswap_hooklist,3,UmpLiquidityLockHook,https://raw.githubusercontent.com/Uniswap/hooklist/65ef4121419193a5aad9a493d2f4d9710d2f7653/hooks/base/0x072e70e10485bb8034d0ef8fe50ed7a09edb8600.json,"{""name"": ""UmpLiquidityLockHook"", ""description"": ""A liquidity time-lock hook that optionally records a per-user unlock timestamp when liquidity is added (via encoded hookData), and reverts any liquidity removal attempt until the user's lock period has expired."", ""deployer"": """"}"
0x088744b7c06be18594bc8665bc716986e36140c0,uniswap_hooklist,3,LimitOrderHook,https://raw.githubusercontent.com/Uniswap/hooklist/65ef4121419193a5aad9a493d2f4d9710d2f7653/hooks/base/0x088744b7c06be18594bc8665bc716986e36140c0.json,"{""name"": ""LimitOrderHook"", ""description"": ""Records the pre-swap tick in transient storage, then after each swap calls an external ILimitOrderManager to execute limit orders based on tick movement. Supports role-gated dynamic LP fee updates via poolManager.updateDynamicLPFee()."", ""deployer"": """"}"
0x099531bdb6aa48148be6c3365e6d20fc42ac40c0,uniswap_hooklist,3,LimitOrderHook,https://raw.githubusercontent.com/Uniswap/hooklist/65ef4121419193a5aad9a493d2f4d9710d2f7653/hooks/base/0x099531bdb6aa48148be6c3365e6d20fc42ac40c0.json,"{""name"": ""LimitOrderHook"", ""description"": ""A limit order hook that captures the current tick before each swap using transient storage, then triggers a LimitOrderManager after the swap to execute any limit orders whose price range was crossed. Supports role-gated dynamic LP fee updates via poolManager.updateDynamicLPFee()."", ""deployer"": """"}"
0x09acd27cd9b2556c925e473a74a13b883abaaa44,uniswap_hooklist,3,TokenFab,https://raw.githubusercontent.com/Uniswap/hooklist/65ef4121419193a5aad9a493d2f4d9710d2f7653/hooks/base/0x09acd27cd9b2556c925e473a74a13b883abaaa44.json,"{""name"": ""TokenFab"", ""description"": ""A token launch hook implementing a bonding curve that sells newly deployed ERC20 tokens against a configurable base token. When the bonding curve supply is exhausted, it automatically migrates liquidity to a standard AMM pool. Takes a 5% swap fee on base token output, split among platform, creator, and reward pool recipients."", ""deployer"": """"}"
0x0a519a7a34d89f3feb398a0a6bc66d0abddba844,uniswap_hooklist,3,TokenFab,https://raw.githubusercontent.com/Uniswap/hooklist/65ef4121419193a5aad9a493d2f4d9710d2f7653/hooks/base/0x0a519a7a34d89f3feb398a0a6bc66d0abddba844.json,"{""name"": ""TokenFab"", ""description"": ""A token launchpad hook that manages bonding curve liquidity for newly deployed ERC20 tokens. Blocks external pool initialization and liquidity additions, charges a 1% swap fee split between creator and platform, and automatically graduates tokens to a standard full-range AMM pool when the bonding curve supply threshold is reached."", ""deployer"": """"}"
0x0a914acb246063b4ed0f3a0fc13d0c0e8c8500c4,uniswap_hooklist,3,CapGate,https://raw.githubusercontent.com/Uniswap/hooklist/65ef4121419193a5aad9a493d2f4d9710d2f7653/hooks/base/0x0a914acb246063b4ed0f3a0fc13d0c0e8c8500c4.json,"{""name"": ""CapGate"", ""description"": ""Reverts swaps where the absolute amount specified exceeds MAX_TRADE (100e18 units). Inherits AeonFee, which takes a mandatory 10 bps fee on the unspecified (output) currency of every swap via afterSwap return delta, routing it to a hardcoded recipient."", ""deployer"": ""0x0DE98e661606EcFC448da7A8276DdE4de45200C8""}"
0x0d4379a719d901b009933f185fc9a2c078feb0cc,uniswap_hooklist,3,BondingCurveHook,https://raw.githubusercontent.com/Uniswap/hooklist/65ef4121419193a5aad9a493d2f4d9710d2f7653/hooks/base/0x0d4379a719d901b009933f185fc9a2c078feb0cc.json,"{""name"": ""BondingCurveHook"", ""description"": ""A hook implementing a two-phase bonding curve mechanism for token launches. During the bonding phase, swaps are intercepted in beforeSwap and routed to the BondkitToken bonding curve contract; after migration to the DEX phase, swaps proceed normally through the pool with a 3% fee collected via afterSwapReturnsDelta."", ""deployer"": """"}"
0x0da796c2356080cb0e5172e3d3abd33137fa60cc,uniswap_hooklist,3,FlashHook,https://raw.githubusercontent.com/Uniswap/hooklist/65ef4121419193a5aad9a493d2f4d9710d2f7653/hooks/base/0x0da796c2356080cb0e5172e3d3abd33137fa60cc.json,"{""name"": ""FlashHook"", ""description"": ""A token launch and trading hook for WETH-rooted ecosystems that enforces a static 0.6% LP fee, applies realized sell taxes distributed to stakers and pool admins, and routes buy-side volume through an OTC deck before hitting the AMM."", ""deployer"": """"}"
0x0e6917480b51c18c49e315d53aa5b7b9dd1ae0cc,uniswap_hooklist,3,FlashHook,https://raw.githubusercontent.com/Uniswap/hooklist/65ef4121419193a5aad9a493d2f4d9710d2f7653/hooks/base/0x0e6917480b51c18c49e315d53aa5b7b9dd1ae0cc.json,"{""name"": ""FlashHook"", ""description"": ""Uniswap v4 hook for the FLASH protocol implementing OTC buy fills, realized sell taxes distributed to stakers, creators, and protocol, and multi-venue routing using custom accounting deltas (BeforeSwapDelta/AfterSwapDelta) to route portions of swaps off-AMM."", ""deployer"": """"}"
0x0f41715dc432692b66a5adf8dcfef6ac407b20c8,uniswap_hooklist,3,GlueHook,https://raw.githubusercontent.com/Uniswap/hooklist/65ef4121419193a5aad9a493d2f4d9710d2f7653/hooks/base/0x0f41715dc432692b66a5adf8dcfef6ac407b20c8.json,"{""name"": ""GlueHook"", ""description"": ""Implements a shield-and-pump mechanism for configured pools: beforeSwap intercepts sells of a designated main token by absorbing them from a pre-funded secondary-token pot (returning a BeforeSwapDelta), while afterSwap amplifies buys by spending pot reserves on a nested pump swap and auto-harvests LP fees on every swap."", ""deployer"": """"}"
0x116a5ba00ef2524ca3d2fef8b73358cc24592080,uniswap_hooklist,3,MM,https://raw.githubusercontent.com/Uniswap/hooklist/65ef4121419193a5aad9a493d2f4d9710d2f7653/hooks/base/0x116a5ba00ef2524ca3d2fef8b73358cc24592080.json,"{""name"": ""MM"", ""description"": ""An oracle-driven market maker hook that, on every swap, removes all existing liquidity, executes an internal pool swap to align the price with an external oracle, and re-adds liquidity around the new oracle price using asset-ratio-weighted tick bounds."", ""deployer"": """"}"
0x128bedebaa9304db74726efba848a98e7fb53a80,uniswap_hooklist,3,UmiaHook,https://raw.githubusercontent.com/Uniswap/hooklist/65ef4121419193a5aad9a493d2f4d9710d2f7653/hooks/base/0x128bedebaa9304db74726efba848a98e7fb53a80.json,"{""name"": ""UmiaHook"", ""description"": ""Singleton oracle-only hook for Umia LBP pools that maintains dual-ring TWAP oracles (per-block fine ring and hourly coarse ring) and restricts liquidity management to a registered operator (SpotLiquidityVault). Swaps execute as vanilla Uniswap v4 swaps with no fee override or delta modification."", ""deployer"": """"}"
0x132063414f7b5b6c3f1c8098623e30d1528ee000,uniswap_hooklist,3,EZKLDynFeeHook,https://raw.githubusercontent.com/Uniswap/hooklist/65ef4121419193a5aad9a493d2f4d9710d2f7653/hooks/base/0x132063414f7b5b6c3f1c8098623e30d1528ee000.json,"{""name"": ""EZKLDynFeeHook"", ""description"": ""Dynamic fee hook for Uniswap v4 that accepts ZK-proof-verified (EZKL/Halo2Verifier) fee updates signed by a Lit Protocol public key, then publishes them on-chain via updateDynamicLPFee. Restricts pool initialization to dynamic-fee-enabled pools (fee == 0x800000)."", ""deployer"": """"}"
0x15295f301d41a9befa05d06261dc9d3d7ee340cc,uniswap_hooklist,3,TaxHook,https://raw.githubusercontent.com/Uniswap/hooklist/65ef4121419193a5aad9a493d2f4d9710d2f7653/hooks/base/0x15295f301d41a9befa05d06261dc9d3d7ee340cc.json,"{""name"": ""TaxHook"", ""description"": ""A Uniswap v4 hook that applies configurable buy and sell taxes on a specific token (boomToken) across all pools, splitting proceeds between a global team address and a per-pool developer address, while overriding LP fees to zero so only hook-defined taxes apply."", ""deployer"": """"}"
0x16f283e288d233eae358c56efb4c85882d895800,uniswap_hooklist,3,BlockAddLiquidityHook,https://raw.githubusercontent.com/Uniswap/hooklist/65ef4121419193a5aad9a493d2f4d9710d2f7653/hooks/base/0x16f283e288d233eae358c56efb4c85882d895800.json,"{""name"": ""BlockAddLiquidityHook"", ""description"": ""Records tx.origin as the pool creator on initialization; restricts beforeAddLiquidity so only the original creator's EOA transaction origin can add liquidity, reverting with AddLiquidityBlocked for all others."", ""deployer"": """"}"
0x19b50f88aa0bfd6b9eb7fb482ef26fb1a6b710c0,uniswap_hooklist,3,ZoraV4CoinHook,https://raw.githubusercontent.com/Uniswap/hooklist/65ef4121419193a5aad9a493d2f4d9710d2f7653/hooks/base/0x19b50f88aa0bfd6b9eb7fb482ef26fb1a6b710c0.json,"{""name"": ""ZoraV4CoinHook"", ""description"": ""Uniswap v4 hook for Zora Coins that creates multiple liquidity positions on pool initialization, then on every swap collects accrued LP fees, converts them to a backing currency via multi-hop paths, and distributes the converted fees as market rewards. Also integrates with a Zora limit order book to fill limit orders crossed during each swap."", ""deployer"": """"}"
0x1d118173e0d717d70746adfe730bd4b89d2de044,uniswap_hooklist,3,AdvancedFeeHookV5,https://raw.githubusercontent.com/Uniswap/hooklist/65ef4121419193a5aad9a493d2f4d9710d2f7653/hooks/base/0x1d118173e0d717d70746adfe730bd4b89d2de044.json,"{""name"": ""AdvancedFeeHookV5"", ""description"": ""A post-swap tax hook for a token launchpad that deducts a configurable percentage fee from each swap's output token, splitting it between a platform treasury and creator-defined payees. The creator share can optionally be partially burned and/or reinvested as single-sided liquidity. Pool initialization is gated to a designated launcher address."", ""deployer"": """"}"
0x1e0c810a30fb82391df936602c1161421381b0c8,uniswap_hooklist,3,SuperStrategy Hook (Base),https://raw.githubusercontent.com/Uniswap/hooklist/65ef4121419193a5aad9a493d2f4d9710d2f7653/hooks/base/0x1e0c810a30fb82391df936602c1161421381b0c8.json,"{""name"": ""SuperStrategy Hook (Base)"", ""description"": ""A Uniswap v4 hook that collects a 2% fee on each swap and auto-compounds the accumulated reserves back into pool liquidity. It forwards 0.30% to a protocol fee receiver, allows admin-designated market makers to trade fee-free, and supports multi-pool liquidity management with configurable auto-compounding thresholds."", ""deployer"": """"}"
0x1e0c810a30fb82391df936602c1161421381b0c8,document,4,Uniswap routing-api allowlist,https://raw.githubusercontent.com/Uniswap/routing-api/main/lib/util/hooksAddressesAllowlist.ts,export const SUPERSTRATEGY_HOOK_ON_BASE = '0x1e0c810a30fb82391df936602c1161421381b0c8'
0x1efa69bdabe1c0281771b3439d7b6f5b3b4c40cc,uniswap_hooklist,3,UniswapV4SwapFeeHookV1,https://raw.githubusercontent.com/Uniswap/hooklist/65ef4121419193a5aad9a493d2f4d9710d2f7653/hooks/base/0x1efa69bdabe1c0281771b3439d7b6f5b3b4c40cc.json,"{""name"": ""UniswapV4SwapFeeHookV1"", ""description"": ""Charges configurable buy and sell fees (in basis points) on swaps involving a designated fee token, taking the fee amount via BeforeSwapDelta/AfterSwapDelta and forwarding it to a fee recipient contract. Separate fee rates apply for buy and sell directions, with fees capped at 50%."", ""deployer"": """"}"
0x20535951e277866fcf0cb22992c2ca91f8e7ed66,uniswap_hooklist,3,SUKOClankerHook,https://raw.githubusercontent.com/Uniswap/hooklist/65ef4121419193a5aad9a493d2f4d9710d2f7653/hooks/base/0x20535951e277866fcf0cb22992c2ca91f8e7ed66.json,"{""name"": ""SUKOClankerHook"", ""description"": ""Accumulates estimated trading fees after each swap and periodically converts them into concentrated liquidity positions around the current tick. Maintains a configurable virtual liquidity display multiplier and optionally triggers reward collection via an external fee conversion locker contract."", ""deployer"": """"}"
0x21253dbe734f906c4096ce6208a7259df4662a44,uniswap_hooklist,3,TokenFab,https://raw.githubusercontent.com/Uniswap/hooklist/65ef4121419193a5aad9a493d2f4d9710d2f7653/hooks/base/0x21253dbe734f906c4096ce6208a7259df4662a44.json,"{""name"": ""TokenFab"", ""description"": ""A token launchpad hook that manages bonding curve pools for newly deployed ERC20 tokens, blocking external liquidity modifications and charging a fixed 1% swap fee split between creator and platform. When the bonding curve supply is fully purchased, it automatically migrates liquidity to a standard AMM pool."", ""deployer"": """"}"
0x22e5342496326bffd834ad85bedc4c89f3996acc,uniswap_hooklist,3,TokenFab,https://raw.githubusercontent.com/Uniswap/hooklist/65ef4121419193a5aad9a493d2f4d9710d2f7653/hooks/base/0x22e5342496326bffd834ad85bedc4c89f3996acc.json,"{""name"": ""TokenFab"", ""description"": ""A token launch platform implementing a bonding curve phase followed by automatic graduation to a Uniswap v4 AMM pool. The hook manages custom swap fees, controls all liquidity internally, and transitions each token from the bonding curve to a new AMM pool once the bonding curve supply is exhausted."", ""deployer"": """"}"
0x27e626d191cbc159ee161facbd58b366fb82c8c0,uniswap_hooklist,3,JITRangeHook,https://raw.githubusercontent.com/Uniswap/hooklist/65ef4121419193a5aad9a493d2f4d9710d2f7653/hooks/base/0x27e626d191cbc159ee161facbd58b366fb82c8c0.json,"{""name"": ""JITRangeHook"", ""description"": ""A sole-operator JIT market maker that injects a one-tick liquidity range at an operator-pushed price before each swap and removes it afterward, with configurable spread, skew, staleness bounds, and window-based notional risk controls. Third-party liquidity is blocked; the hook is the sole LP."", ""deployer"": """"}"
0x2860d975c1094690ff4c6fb07789f55601732a44,uniswap_hooklist,3,TokenFab,https://raw.githubusercontent.com/Uniswap/hooklist/65ef4121419193a5aad9a493d2f4d9710d2f7653/hooks/base/0x2860d975c1094690ff4c6fb07789f55601732a44.json,"{""name"": ""TokenFab"", ""description"": ""Bonding curve token launch platform that deploys ERC20 tokens as Uniswap v4 pools. Tokens trade through a restricted bonding curve (blocking external liquidity additions/removals) until fully purchased, then automatically transition liquidity to a standard full-range AMM pool; a 1% swap fee is split evenly between the token creator and platform."", ""deployer"": """"}"
0x29065ddb4fddead3aa37825486c29e25821f0044,uniswap_hooklist,3,SimpleTempleHook,https://raw.githubusercontent.com/Uniswap/hooklist/65ef4121419193a5aad9a493d2f4d9710d2f7653/hooks/base/0x29065ddb4fddead3aa37825486c29e25821f0044.json,"{""name"": ""SimpleTempleHook"", ""description"": ""A Uniswap v4 hook that deducts a configurable percentage (default 5%, max 30%) of each swap's output amount and transfers it directly to a designated charity address, using the afterSwap return delta pattern so the user pays the donation fee."", ""deployer"": """"}"
0x2ae90fd0b15dac6844f4e515abfd1856c0f12acc,uniswap_hooklist,3,TokenFab,https://raw.githubusercontent.com/Uniswap/hooklist/65ef4121419193a5aad9a493d2f4d9710d2f7653/hooks/base/0x2ae90fd0b15dac6844f4e515abfd1856c0f12acc.json,"{""name"": ""TokenFab"", ""description"": ""A token launch platform hook that manages a bonding curve phase for newly minted tokens. Fees (platform + creator) are collected in the base token via BeforeSwapDelta/AfterSwapDelta. Once the bonding curve supply is exhausted, liquidity is automatically migrated to a standard AMM pool with split single-sided positions."", ""deployer"": """"}"
0x2c6397d37093a94ffc27c54e02770f56ae886844,uniswap_hooklist,3,TokenFab,https://raw.githubusercontent.com/Uniswap/hooklist/65ef4121419193a5aad9a493d2f4d9710d2f7653/hooks/base/0x2c6397d37093a94ffc27c54e02770f56ae886844.json,"{""name"": ""TokenFab"", ""description"": ""A bonding curve token launch hook that creates new ERC-20 tokens with graduated liquidity positions. Once the bonding curve supply threshold is reached, it automatically removes the bonding curve liquidity and migrates to a new standard AMM pool, taking a fixed 1% fee on each swap split 50/50 between the token creator and the platform."", ""deployer"": """"}"
0x2c83183efe2283f2623bd711a168c6755417a844,uniswap_hooklist,3,TokenFab,https://raw.githubusercontent.com/Uniswap/hooklist/65ef4121419193a5aad9a493d2f4d9710d2f7653/hooks/base/0x2c83183efe2283f2623bd711a168c6755417a844.json,"{""name"": ""TokenFab"", ""description"": ""Token launchpad hook implementing a bonding curve for newly deployed ERC-20 tokens. Blocks external pool initialization and liquidity addition, collects a fixed 1% swap fee split 50/50 between creator and platform via afterSwapReturnsDelta, and automatically migrates liquidity to a full-range AMM pool once the bonding curve supply is exhausted."", ""deployer"": """"}"
0x2e549daee489800344da221abf9f3da445dae844,uniswap_hooklist,3,TokenFab,https://raw.githubusercontent.com/Uniswap/hooklist/65ef4121419193a5aad9a493d2f4d9710d2f7653/hooks/base/0x2e549daee489800344da221abf9f3da445dae844.json,"{""name"": ""TokenFab"", ""description"": ""A bonding-curve token launchpad hook that deploys ERC-20 tokens with configurable liquidity ranges, blocks external pool initialization and liquidity additions, and collects a 1% swap fee split between creator and platform. When the bonding curve supply threshold is reached, it removes bonding-curve liquidity and migrates to a full-range AMM pool."", ""deployer"": """"}"
0x30a5d57fa743d60e0700ff017e3d03dc9c3190c0,uniswap_hooklist,3,ClankerHookV2,https://raw.githubusercontent.com/Uniswap/hooklist/65ef4121419193a5aad9a493d2f4d9710d2f7653/hooks/base/0x30a5d57fa743d60e0700ff017e3d03dc9c3190c0.json,"{""name"": ""ClankerHookV2"", ""description"": ""A dynamic fee hook that adjusts LP fees based on swap size (0.5%\u20132% base, up to 4% for sells) and direction, charging double fees for sells (capped at 4%). An owner can activate per-pool emergency mode to enforce the maximum 4% fee. Tracks cumulative volume and swap counts per pool."", ""deployer"": """"}"
0x30d339e906e91b523c60e615b193d8450e9deacc,uniswap_hooklist,3,TokenFab,https://raw.githubusercontent.com/Uniswap/hooklist/65ef4121419193a5aad9a493d2f4d9710d2f7653/hooks/base/0x30d339e906e91b523c60e615b193d8450e9deacc.json,"{""name"": ""TokenFab"", ""description"": ""A Uniswap v4 hook implementing a bonding curve token launchpad. New tokens launch on a bonding curve pool managed entirely by the hook; once the bonding curve supply is sold out, liquidity is automatically migrated to a standard AMM pool. Configurable platform and creator fees are collected in the base currency on every swap."", ""deployer"": """"}"
0x310092b46a4677eaf8aa42c2c8a32e4eda9d2844,uniswap_hooklist,3,TokenFab,https://raw.githubusercontent.com/Uniswap/hooklist/65ef4121419193a5aad9a493d2f4d9710d2f7653/hooks/base/0x310092b46a4677eaf8aa42c2c8a32e4eda9d2844.json,"{""name"": ""TokenFab"", ""description"": ""Bonding-curve token launch hook that deploys new ERC-20 tokens into concentrated multi-chunk liquidity ranges, collects a 1% swap fee (split 50/50 between creator and platform fee receivers via afterSwapReturnsDelta), and automatically removes bonding-curve liquidity and migrates it to a full-range AMM pool once the bonding curve supply threshold is reached."", ""deployer"": """"}"
0x339fa4d01830857dbae87d3cc25baa8ccf2000cc,uniswap_hooklist,3,TaxHook,https://raw.githubusercontent.com/Uniswap/hooklist/65ef4121419193a5aad9a493d2f4d9710d2f7653/hooks/base/0x339fa4d01830857dbae87d3cc25baa8ccf2000cc.json,"{""name"": ""TaxHook"", ""description"": ""A Uniswap v4 hook that taxes a specific ERC-20 token (\""boomToken\"") on every swap \u2014 deducting a configurable team fee and a per-pool dev fee on both inflows (beforeSwap) and outflows (afterSwap) \u2014 and accumulates those taxes for withdrawal by the owner and registered dev addresses. LP fees are overridden to zero so only the hook-defined taxes apply."", ""deployer"": """"}"
0x352487cf769016805b332607dbfda6ca46404044,uniswap_hooklist,3,HookFee,https://raw.githubusercontent.com/Uniswap/hooklist/65ef4121419193a5aad9a493d2f4d9710d2f7653/hooks/base/0x352487cf769016805b332607dbfda6ca46404044.json,"{""name"": ""HookFee"", ""description"": ""Charges a fixed 3% fee on the unspecified token of every swap by using afterSwapReturnsDelta to take tokens from the pool manager and retain them in the hook contract, increasing the effective cost for swappers."", ""deployer"": """"}"
0x360bda5245baa26300c96f33cff91576f98d20c0,uniswap_hooklist,3,MM,https://raw.githubusercontent.com/Uniswap/hooklist/65ef4121419193a5aad9a493d2f4d9710d2f7653/hooks/base/0x360bda5245baa26300c96f33cff91576f98d20c0.json,"{""name"": ""MM"", ""description"": ""Market maker hook that rebalances concentrated liquidity to an oracle-quoted price before each swap (removing liquidity, executing an internal rebalancing swap, and re-adding liquidity at a new tick range), then adjusts an external hedge pool position after each swap based on the non-quote token balance change."", ""deployer"": """"}"
0x3765e0791a745f086acaa63a46837298d32fa8cc,uniswap_hooklist,3,ClankerHookDynamicFeeV2,https://raw.githubusercontent.com/Uniswap/hooklist/65ef4121419193a5aad9a493d2f4d9710d2f7653/hooks/base/0x3765e0791a745f086acaa63a46837298d32fa8cc.json,"{""name"": ""ClankerHookDynamicFeeV2"", ""description"": ""A Clanker token launch hook with volatility-based dynamic LP fees. It simulates swaps to estimate tick movement, computes LP fees from a volatility accumulator, and collects a 20% protocol fee on paired-token flows via beforeSwap/afterSwap delta manipulation. Supports an optional MEV module that can temporarily spike fees during the first 2 minutes after pool creation."", ""deployer"": """"}"
0x376934211c891c8fafcf36550388b651c41feacc,uniswap_hooklist,3,TokenFabV2,https://raw.githubusercontent.com/Uniswap/hooklist/65ef4121419193a5aad9a493d2f4d9710d2f7653/hooks/base/0x376934211c891c8fafcf36550388b651c41feacc.json,"{""name"": ""TokenFabV2"", ""description"": ""A token launchpad hook that manages bonding curve pools for newly launched tokens, collecting platform and creator fees on trades via BeforeSwapDelta and afterSwapReturnsDelta, and automatically removing liquidity and initializing an AMM pool once the bonding curve supply is exhausted."", ""deployer"": """"}"
0x377c8eebcb67eec166f0632867ce9e6555b36a44,uniswap_hooklist,3,TokenFab,https://raw.githubusercontent.com/Uniswap/hooklist/65ef4121419193a5aad9a493d2f4d9710d2f7653/hooks/base/0x377c8eebcb67eec166f0632867ce9e6555b36a44.json,"{""name"": ""TokenFab"", ""description"": ""A token launch hook implementing a bonding curve mechanism. Manages liquidity for newly launched tokens, automatically migrating liquidity to a full-range AMM pool when the bonding curve supply is exhausted. Applies a 5% fee on swaps split between platform, creator, and reward pool recipients."", ""deployer"": """"}"
0x3825adfdaaca18072fe75b960d821a48503cd040,uniswap_hooklist,3,ZoraV4CoinHook,https://raw.githubusercontent.com/Uniswap/hooklist/65ef4121419193a5aad9a493d2f4d9710d2f7653/hooks/base/0x3825adfdaaca18072fe75b960d821a48503cd040.json,"{""name"": ""ZoraV4CoinHook"", ""description"": ""Uniswap v4 hook for Zora coin pools. On initialization, creates multiple liquidity positions based on the coin's pool configuration. On every swap, collects accrued LP fees from all positions, swaps them to a backing currency via multi-hop paths, and distributes the converted fees as rewards to creators, referrers, and the protocol."", ""deployer"": """"}"
0x3a2cc36ffb84c2f6af182fd86c11975460afeacc,uniswap_hooklist,3,TokenFab,https://raw.githubusercontent.com/Uniswap/hooklist/65ef4121419193a5aad9a493d2f4d9710d2f7653/hooks/base/0x3a2cc36ffb84c2f6af182fd86c11975460afeacc.json,"{""name"": ""TokenFab"", ""description"": ""A token launch platform hook implementing a bonding curve for newly deployed ERC-20 tokens. Manages a fixed-range liquidity position during the bonding phase with custom fee capture via BeforeSwapDelta and afterSwapReturnsDelta. When bonding curve supply is fully absorbed, automatically removes liquidity and migrates it to a separate standard AMM pool."", ""deployer"": """"}"
0x3c08bfb6c9d38a1ebcb579a46ac9df80eb8b5088,uniswap_hooklist,3,SUKOBondingCurveHook,https://raw.githubusercontent.com/Uniswap/hooklist/65ef4121419193a5aad9a493d2f4d9710d2f7653/hooks/base/0x3c08bfb6c9d38a1ebcb579a46ac9df80eb8b5088.json,"{""name"": ""SUKOBondingCurveHook"", ""description"": ""A Uniswap v4 hook that replaces standard AMM pricing with a linear bonding curve for SUKO token. It intercepts swaps via BeforeSwapDelta, applying custom buy/sell pricing and collecting a 2% fee split between a protocol recipient (60%) and a creator (40%)."", ""deployer"": """"}"
0x3cbe902f4f7ef4b3bbde383251cc93d1300880cc,uniswap_hooklist,3,TaxHook,https://raw.githubusercontent.com/Uniswap/hooklist/65ef4121419193a5aad9a493d2f4d9710d2f7653/hooks/base/0x3cbe902f4f7ef4b3bbde383251cc93d1300880cc.json,"{""name"": ""TaxHook"", ""description"": ""A Uniswap v4 hook that collects configurable buy and sell taxes on a designated token (boomToken) per pool, splitting proceeds between a global team treasury and a per-pool developer address. LP fees are overridden to zero; taxes are deducted from swap inputs (beforeSwap) and outputs (afterSwap) via delta accounting."", ""deployer"": """"}"
0x446038d1b76435e703ca06a681ac64cac863aa44,uniswap_hooklist,3,TokenFab,https://raw.githubusercontent.com/Uniswap/hooklist/65ef4121419193a5aad9a493d2f4d9710d2f7653/hooks/base/0x446038d1b76435e703ca06a681ac64cac863aa44.json,"{""name"": ""TokenFab"", ""description"": ""A token launch factory hook that runs a bonding curve pool for newly deployed ERC20 tokens, blocking external liquidity and initialization. Once the bonding curve supply (15.75M tokens) is fully purchased, it automatically graduates the token to a full-range AMM pool and splits a 1% swap fee 50/50 between the creator and the platform."", ""deployer"": """"}"
0x44bd98918fac94263bde7803b06b651432c46a44,uniswap_hooklist,3,TokenFab,https://raw.githubusercontent.com/Uniswap/hooklist/65ef4121419193a5aad9a493d2f4d9710d2f7653/hooks/base/0x44bd98918fac94263bde7803b06b651432c46a44.json,"{""name"": ""TokenFab"", ""description"": ""Token launch factory hook that manages a bonding curve phase for newly deployed ERC-20 tokens; when the bonding curve supply is exhausted, it automatically migrates liquidity to a wider AMM pool and collects a 5% swap fee split among the creator, platform, and a reward pool."", ""deployer"": """"}"
0x452943c356e844e55b1a9b195857c38f41276acc,uniswap_hooklist,3,TokenFab,https://raw.githubusercontent.com/Uniswap/hooklist/65ef4121419193a5aad9a493d2f4d9710d2f7653/hooks/base/0x452943c356e844e55b1a9b195857c38f41276acc.json,"{""name"": ""TokenFab"", ""description"": ""A bonding curve hook that manages ERC-20 token launches: it runs a fee-charging bonding curve phase (collecting platform and creator fees via BeforeSwapDelta/AfterSwapDelta), then automatically migrates liquidity to a standard AMM pool when the bonding curve supply cap is reached."", ""deployer"": """"}"
0x46ea944beff1545ab5f6b047310aa227c7dc8080,uniswap_hooklist,3,DefaultHook,https://raw.githubusercontent.com/Uniswap/hooklist/65ef4121419193a5aad9a493d2f4d9710d2f7653/hooks/base/0x46ea944beff1545ab5f6b047310aa227c7dc8080.json,"{""name"": ""DefaultHook"", ""description"": ""A Uniswap v4 beforeSwap hook that overrides the LP fee on every swap by reading a configurable fee from an external DefaultSettings contract. The fee (default 0.3%) can be updated at any time by the DefaultSettings owner via setDefaultFee()."", ""deployer"": """"}"
0x48a011cb654327c3209c00110832190a364760cc,uniswap_hooklist,3,FlashHook,https://raw.githubusercontent.com/Uniswap/hooklist/65ef4121419193a5aad9a493d2f4d9710d2f7653/hooks/base/0x48a011cb654327c3209c00110832190a364760cc.json,"{""name"": ""FlashHook"", ""description"": ""A WETH-rooted token launch and trading hook for the FLASH protocol that enforces realized sell taxes, routes token buys through an on-chain OTC deck and multi-venue aggregator, and distributes fees to stakers, pool creators, and the protocol owner. Pool initialization requires a staged launch intent and governance must activate directional protocol fees before any swap can execute."", ""deployer"": """"}"
0x4940bbf36a628202c6400bc5d5808fbe64fe40cc,uniswap_hooklist,3,TokenMesaHook,https://raw.githubusercontent.com/Uniswap/hooklist/65ef4121419193a5aad9a493d2f4d9710d2f7653/hooks/base/0x4940bbf36a628202c6400bc5d5808fbe64fe40cc.json,"{""name"": ""TokenMesaHook"", ""description"": ""Collects a configurable USDC-denominated fee (up to 1%) on swaps by shaving the input amount via BeforeSwapDelta in beforeSwap and taking the USDC to a designated fee recipient in afterSwap. Maintains a simple TWAP oracle by recording per-block tick observations in a per-pool circular buffer of up to 100 entries."", ""deployer"": """"}"
0x49a538ec5402b9eef56a010fa439f42dfa7f0044,uniswap_hooklist,3,ADRIANSimpleTaxHook,https://raw.githubusercontent.com/Uniswap/hooklist/65ef4121419193a5aad9a493d2f4d9710d2f7653/hooks/base/0x49a538ec5402b9eef56a010fa439f42dfa7f0044.json,"{""name"": ""ADRIANSimpleTaxHook"", ""description"": ""After-swap hook that deducts a configurable tax (default 10%, max 20%) on ADRIAN token purchases from a pool, taking the tax from PoolManager via `take()` and forwarding it to a designated tax recipient address. Tax rate and recipient are mutable by the contract owner."", ""deployer"": """"}"
0x49f37409337276abae9f0ff77757a91c65fc30c0,uniswap_hooklist,3,PriceReactiveDynamicFeeHook,https://raw.githubusercontent.com/Uniswap/hooklist/65ef4121419193a5aad9a493d2f4d9710d2f7653/hooks/base/0x49f37409337276abae9f0ff77757a91c65fc30c0.json,"{""name"": ""PriceReactiveDynamicFeeHook"", ""description"": ""Dynamic fee hook that adjusts LP fees based on estimated price volatility, selecting from five fee tiers (0.5%\u20132%) via `updateDynamicLPFee`. Includes an owner-controlled emergency mode that overrides the fee to a fixed value."", ""deployer"": """"}"
0x4bc5a221cdcc2fe28b974ed3674171ad3b76a044,uniswap_hooklist,3,AdvancedFeeHookV3,https://raw.githubusercontent.com/Uniswap/hooklist/65ef4121419193a5aad9a493d2f4d9710d2f7653/hooks/base/0x4bc5a221cdcc2fe28b974ed3674171ad3b76a044.json,"{""name"": ""AdvancedFeeHookV3"", ""description"": ""A token launchpad hook (BaseStonk) that collects configurable swap taxes in afterSwap, splitting fees between a platform treasury, per-pool creator payees, a token burn address, and single-sided liquidity reinvestment. Pool initialization is restricted to a trusted launcher address."", ""deployer"": """"}"
0x4c257f7154658e8a347694308342f4a8dbfbc0cc,uniswap_hooklist,3,BaseSunMoonUsdcFeeV4Hook,https://raw.githubusercontent.com/Uniswap/hooklist/65ef4121419193a5aad9a493d2f4d9710d2f7653/hooks/base/0x4c257f7154658e8a347694308342f4a8dbfbc0cc.json,"{""name"": ""BaseSunMoonUsdcFeeV4Hook"", ""description"": ""Collects USDC fees on SunToken-USDC and MoonToken-USDC pool swaps, routing a portion to a SunCurve liquidity pool and a portion to a protocol budget address. Uses BeforeSwap and AfterSwap return deltas to capture fees directly from USDC in the swap; owner controls a pause flag and per-pool allowlists."", ""deployer"": """"}"
0x4df8d3f28ff9cfcd4dc6ef204ef7f24b7e6dea44,uniswap_hooklist,3,TokenFab,https://raw.githubusercontent.com/Uniswap/hooklist/65ef4121419193a5aad9a493d2f4d9710d2f7653/hooks/base/0x4df8d3f28ff9cfcd4dc6ef204ef7f24b7e6dea44.json,"{""name"": ""TokenFab"", ""description"": ""Bonding-curve launchpad hook that manages the full token lifecycle: blocks external pool/liquidity operations, enforces a fixed-range bonding curve selling 75% of supply, collects a 1% afterSwap fee (split 50/50 between creator and platform), and upon graduation removes bonding-curve liquidity and initialises a new AMM pool seeded with the remaining 20% token supply and a configured base-token amount."", ""deployer"": """"}"
0x4e03aa9e8b419f6ef4fd058c7d70d5825741a040,uniswap_hooklist,3,StockPadHook,https://raw.githubusercontent.com/Uniswap/hooklist/65ef4121419193a5aad9a493d2f4d9710d2f7653/hooks/base/0x4e03aa9e8b419f6ef4fd058c7d70d5825741a040.json,"{""name"": ""StockPadHook"", ""description"": ""Shared Uniswap v4 hook for StockPad token launch pools that enforces a per-swap buy cap on the launched token. Pools must be pre-registered by a designated launcher with a maxBuyPerSwap limit; afterSwap reverts if any swap would extract more than the configured cap."", ""deployer"": """"}"
0x4eab53f199b49d4382400532bb781d47d57400cc,uniswap_hooklist,3,FeeHook,https://raw.githubusercontent.com/Uniswap/hooklist/65ef4121419193a5aad9a493d2f4d9710d2f7653/hooks/base/0x4eab53f199b49d4382400532bb781d47d57400cc.json,"{""name"": ""FeeHook"", ""description"": ""Collects protocol fees on swaps by taking a configurable basis-point fee from the input token before the swap and from the output token after the swap. Fees are configurable per pool or via a default rate, controlled by an admin role, and accumulated in the contract for withdrawal to a designated fee recipient."", ""deployer"": """"}"
0x4fea24f88468e7a93acdeb91ad3fed799dc92acc,uniswap_hooklist,3,TokenFab,https://raw.githubusercontent.com/Uniswap/hooklist/65ef4121419193a5aad9a493d2f4d9710d2f7653/hooks/base/0x4fea24f88468e7a93acdeb91ad3fed799dc92acc.json,"{""name"": ""TokenFab"", ""description"": ""Bonding curve token launch hook that deploys new ERC20 tokens into a bonding curve pool, collects swap fees split between the creator and platform, and automatically migrates liquidity to a standard AMM pool when the bonding curve supply is fully bought."", ""deployer"": """"}"
0x50d7be5402ab4b46a1db2edc0aa82f7754592844,uniswap_hooklist,3,TokenFab,https://raw.githubusercontent.com/Uniswap/hooklist/65ef4121419193a5aad9a493d2f4d9710d2f7653/hooks/base/0x50d7be5402ab4b46a1db2edc0aa82f7754592844.json,"{""name"": ""TokenFab"", ""description"": ""Bonding curve hook for launching ERC-20 tokens with chunked liquidity. Blocks external pool initialization and liquidity addition; collects a 1% swap fee split between creator and platform fee receivers. When the bonding curve supply threshold is reached, removes bonding curve liquidity and migrates to a standard full-range AMM pool."", ""deployer"": """"}"
0x521578b3db6a31d72c43f8a2bd96e1b791852080,uniswap_hooklist,3,MM,https://raw.githubusercontent.com/Uniswap/hooklist/65ef4121419193a5aad9a493d2f4d9710d2f7653/hooks/base/0x521578b3db6a31d72c43f8a2bd96e1b791852080.json,"{""name"": ""MM"", ""description"": ""A full-range liquidity market maker hook that rebalances the pool on every swap: removes all current liquidity, executes an internal swap to shift the pool price toward a configurable target price multiplier, re-adds liquidity at the new price, and donates remaining token balances back to the pool."", ""deployer"": """"}"
0x529785a7262e4fae020902a1c0cf16b16440a8cc,uniswap_hooklist,3,LayerMemeHookDynamicFeeV2,https://raw.githubusercontent.com/Uniswap/hooklist/65ef4121419193a5aad9a493d2f4d9710d2f7653/hooks/base/0x529785a7262e4fae020902a1c0cf16b16440a8cc.json,"{""name"": ""LayerMemeHookDynamicFeeV2"", ""description"": ""Volatility-based dynamic LP fee hook for LayerMeme token pools. Computes fees from tick movement using a volatility accumulator, takes a 20% protocol fee on swaps involving the LayerMeme token via beforeSwap/afterSwap delta manipulation, and supports optional MEV protection and pool extensions."", ""deployer"": """"}"
0x5369cbb4762d4843cbc6e13df5e63b1ba31880cc,uniswap_hooklist,3,UV4FeeDeltaHook,https://raw.githubusercontent.com/Uniswap/hooklist/65ef4121419193a5aad9a493d2f4d9710d2f7653/hooks/base/0x5369cbb4762d4843cbc6e13df5e63b1ba31880cc.json,"{""name"": ""UV4FeeDeltaHook"", ""description"": ""A fee-collecting hook that skims a configurable fee (default 0.2%) in a designated feeCurrency on each swap involving that currency. Fees are accumulated as ERC-6909 claims on the PoolManager via beforeSwap/afterSwap return deltas, and are withdrawable by the owner. Whitelisted aggregators and simulation quotes bypass fee collection."", ""deployer"": """"}"
0x5496f7c21ed56e23a0e285ab928be957534cea44,uniswap_hooklist,3,TokenFab,https://raw.githubusercontent.com/Uniswap/hooklist/65ef4121419193a5aad9a493d2f4d9710d2f7653/hooks/base/0x5496f7c21ed56e23a0e285ab928be957534cea44.json,"{""name"": ""TokenFab"", ""description"": ""A Uniswap v4 bonding curve token launchpad that deploys new ERC-20 tokens with a concentrated liquidity bonding curve (75% of supply). When the bonding curve supply is exhausted, the hook migrates liquidity into two single-sided concentrated positions in a new AMM pool. A fixed 1% fee on each swap is split equally between the token creator and a platform fee recipient via the afterSwapReturnsDelta mechanism."", ""deployer"": """"}"
0x550ce8e1e1e1ca33e7a59568903c3f0e549c6880,uniswap_hooklist,3,C402DynamicFeeHook,https://raw.githubusercontent.com/Uniswap/hooklist/65ef4121419193a5aad9a493d2f4d9710d2f7653/hooks/base/0x550ce8e1e1e1ca33e7a59568903c3f0e549c6880.json,"{""name"": ""C402DynamicFeeHook"", ""description"": ""A whitelist-gated hook that charges a 2.5% LP fee for the first 24 hours after pool creation, then drops to 1%. Only whitelisted launchers can initialize pools, and liquidity can be added only once per pool."", ""deployer"": """"}"
0x5849081ecf87395e7f3e7c5a9fc1a9ee6adac0c0,uniswap_hooklist,3,LimitOrderHook,https://raw.githubusercontent.com/Uniswap/hooklist/65ef4121419193a5aad9a493d2f4d9710d2f7653/hooks/base/0x5849081ecf87395e7f3e7c5a9fc1a9ee6adac0c0.json,"{""name"": ""LimitOrderHook"", ""description"": ""Records the pre-swap tick in transient storage, then triggers limit order execution via an external LimitOrderManager for all ticks crossed during the swap. Supports role-gated dynamic LP fee updates via FEE_MANAGER_ROLE."", ""deployer"": """"}"
0x59710b871dce170907bfeb24534f1c97d2806044,uniswap_hooklist,3,PackERC20Factory,https://raw.githubusercontent.com/Uniswap/hooklist/65ef4121419193a5aad9a493d2f4d9710d2f7653/hooks/base/0x59710b871dce170907bfeb24534f1c97d2806044.json,"{""name"": ""PackERC20Factory"", ""description"": ""A factory hook that creates pack-based ERC20 tokens backed by Chainlink VRF randomness. The beforeInitialize blocks direct pool creation; pools are initialized internally by the factory via enablePackOpening(). After each swap, a 1% fee is taken from the base token as an afterSwapReturnsDelta, and swaps are rejected if the base token is the specified side of the swap."", ""deployer"": """"}"
0x5a1df43ea6dc96a53a58d36510d4ca952594f0c0,uniswap_hooklist,3,AntiSnipeHookWithFeeSplit,https://raw.githubusercontent.com/Uniswap/hooklist/65ef4121419193a5aad9a493d2f4d9710d2f7653/hooks/base/0x5a1df43ea6dc96a53a58d36510d4ca952594f0c0.json,"{""name"": ""AntiSnipeHookWithFeeSplit"", ""description"": ""Applies a time-decaying dynamic LP fee that starts high (anti-snipe) and drops to a lower rate after a configured duration. After each swap, collected fees are split among up to three configured recipients, with an optional portion sent to a vault address to build a floor price."", ""deployer"": """"}"
0x5c062f56e7f1a5cf25b95e626af15176f52fb0c8,uniswap_hooklist,3,SuperStrategy,https://raw.githubusercontent.com/Uniswap/hooklist/65ef4121419193a5aad9a493d2f4d9710d2f7653/hooks/base/0x5c062f56e7f1a5cf25b95e626af15176f52fb0c8.json,"{""name"": ""SuperStrategy"", ""description"": ""A Uniswap v4 hook that collects percentage-based swap fees using BeforeSwapDelta, splitting proceeds between a per-pool hook reserve and a configurable protocol fee receiver. Manages concentrated liquidity positions per pool with cooldown-gated rebalancing logic."", ""deployer"": """"}"
0x5eceaa3a155fb6fde00fd7a0fbab291304e320cc,uniswap_hooklist,3,wASSBLASTER420,https://raw.githubusercontent.com/Uniswap/hooklist/65ef4121419193a5aad9a493d2f4d9710d2f7653/hooks/base/0x5eceaa3a155fb6fde00fd7a0fbab291304e320cc.json,"{""name"": ""wASSBLASTER420"", ""description"": ""A Uniswap v4 hook that charges a 0.7% fee on the wASS token in registered pools, splitting the fee 50/50 between an apple staking contract and a protocol owner. Fees are taken via beforeSwapReturnsDelta on wASS sells and via manager.take() in afterSwap on wASS buys. Market makers are exempt from hook fees."", ""deployer"": """"}"
0x6097ad4c4ae6e1eed783ab3122ca4ab00b3820cc,uniswap_hooklist,3,Flash,https://raw.githubusercontent.com/Uniswap/hooklist/65ef4121419193a5aad9a493d2f4d9710d2f7653/hooks/base/0x6097ad4c4ae6e1eed783ab3122ca4ab00b3820cc.json,"{""name"": ""Flash"", ""description"": ""Uniswap v4 hook for the FLASH protocol implementing realized sell taxes with multi-venue routing, OTC desk fills for buys, price impact mitigation, and staking reward distribution across WETH-rooted main and sub-token pools."", ""deployer"": """"}"
0x61f002725e1da649253bde88fa07f1b5c30700c0,uniswap_hooklist,3,LimitOrderHook,https://raw.githubusercontent.com/Uniswap/hooklist/65ef4121419193a5aad9a493d2f4d9710d2f7653/hooks/base/0x61f002725e1da649253bde88fa07f1b5c30700c0.json,"{""name"": ""LimitOrderHook"", ""description"": ""Records the pool tick before each swap in transient storage, then triggers limit order execution via an external ILimitOrderManager based on the tick range crossed. Supports role-controlled dynamic LP fee updates via poolManager.updateDynamicLPFee()."", ""deployer"": """"}"
0x62f0f235d5baf8e249201800db5f2258478de8cc,uniswap_hooklist,3,RallyHookU4,https://raw.githubusercontent.com/Uniswap/hooklist/65ef4121419193a5aad9a493d2f4d9710d2f7653/hooks/base/0x62f0f235d5baf8e249201800db5f2258478de8cc.json,"{""name"": ""RallyHookU4"", ""description"": ""A Uniswap v4 hook implementing Rally protocol's bonding curve token launch system. Acts as the sole LP for launch pools, enforcing a dynamic anti-snipe LP fee schedule during the curve phase, collecting quote-denominated fees on sells via BeforeSwapDelta, and automatically latching breakout when the price exits the bonding curve range."", ""deployer"": """"}"
0x63f8110155318b1a1641d2b8f0126bd0d7c400c4,uniswap_hooklist,3,LightspeedPoolHook,https://raw.githubusercontent.com/Uniswap/hooklist/65ef4121419193a5aad9a493d2f4d9710d2f7653/hooks/base/0x63f8110155318b1a1641d2b8f0126bd0d7c400c4.json,"{""name"": ""LightspeedPoolHook"", ""description"": ""Takes a fixed 0.3% fee from the canonical currency (e.g. SPEED) on every swap and forwards it to a FeeCollector address via afterSwap delta return. Tracks accumulated fees per epoch per pool for trustless ranking in launch pool competitions."", ""deployer"": """"}"
0x6646b048fba0a70a692f7690ae6dad83bcacb0c8,uniswap_hooklist,3,SuperStrategy,https://raw.githubusercontent.com/Uniswap/hooklist/65ef4121419193a5aad9a493d2f4d9710d2f7653/hooks/base/0x6646b048fba0a70a692f7690ae6dad83bcacb0c8.json,"{""name"": ""SuperStrategy"", ""description"": ""A Uniswap v4 hook that skims 2.3% from each swap (2% retained in hook reserves for auto-compounding, 0.3% forwarded to a protocol fee receiver) via BeforeSwapDelta. Accumulated reserves are periodically compounded back into pool liquidity positions (one NFT position per pool), with an incentive mechanism rewarding callers who trigger the compounding."", ""deployer"": """"}"
0x67f1587aad8bd5bbf631f71f363192c53413ea44,uniswap_hooklist,3,TokenFab,https://raw.githubusercontent.com/Uniswap/hooklist/65ef4121419193a5aad9a493d2f4d9710d2f7653/hooks/base/0x67f1587aad8bd5bbf631f71f363192c53413ea44.json,"{""name"": ""TokenFab"", ""description"": ""A token launch platform hook that operates bonding curves for newly deployed ERC-20 tokens. When a token's bonding curve supply is exhausted, liquidity is automatically migrated to a standard AMM pool. Charges a 5% fee on every swap (1% platform, 1% creator, 3% reward pool) taken via afterSwapReturnsDelta. External liquidity additions, removals, and pool initialization are all blocked."", ""deployer"": """"}"
0x6b5d44884e86c26a7c4c0b2ed8dd1af03451a0cc,uniswap_hooklist,3,FlashHook,https://raw.githubusercontent.com/Uniswap/hooklist/65ef4121419193a5aad9a493d2f4d9710d2f7653/hooks/base/0x6b5d44884e86c26a7c4c0b2ed8dd1af03451a0cc.json,"{""name"": ""FlashHook"", ""description"": ""Uniswap v4 hook for the FLASH protocol implementing WETH-rooted token ecosystems with a static 0.6% LP fee, realized sell taxes distributed to stakers/creator/protocol, full-fill-or-skip OTC buy decks, and multi-venue external sell routing. Swaps are blocked until governance configures the directional protocol fee."", ""deployer"": """"}"
0x6c91f056443249a1c3bbd9da2e5160fece9480c0,uniswap_hooklist,3,LimitOrderHook,https://raw.githubusercontent.com/Uniswap/hooklist/65ef4121419193a5aad9a493d2f4d9710d2f7653/hooks/base/0x6c91f056443249a1c3bbd9da2e5160fece9480c0.json,"{""name"": ""LimitOrderHook"", ""description"": ""Captures the pre-swap tick in transient storage during beforeSwap, then executes limit orders via an external ILimitOrderManager in afterSwap using the tick range crossed. Supports dynamic LP fee updates restricted to accounts with FEE_MANAGER_ROLE."", ""deployer"": """"}"
0x739a8d7053e2c8809ff44e804e1a8d8c5c596844,uniswap_hooklist,3,TokenFab,https://raw.githubusercontent.com/Uniswap/hooklist/65ef4121419193a5aad9a493d2f4d9710d2f7653/hooks/base/0x739a8d7053e2c8809ff44e804e1a8d8c5c596844.json,"{""name"": ""TokenFab"", ""description"": ""A bonding-curve token launchpad hook that deploys new ERC-20 tokens into Uniswap v4 pools with a structured liquidity curve. Blocks external pool initialization and liquidity additions. Charges a 1% swap fee split equally between the token creator and the platform. When a token's bonding curve supply is exhausted, automatically removes liquidity and migrates the token to a standard full-range AMM pool."", ""deployer"": """"}"
0x743946a55d6555e8cbdaf170fc88b13f03f76a44,uniswap_hooklist,3,TokenFab,https://raw.githubusercontent.com/Uniswap/hooklist/65ef4121419193a5aad9a493d2f4d9710d2f7653/hooks/base/0x743946a55d6555e8cbdaf170fc88b13f03f76a44.json,"{""name"": ""TokenFab"", ""description"": ""A token launchpad hook implementing a bonding curve mechanism. Blocks external liquidity modifications, manages token supply progression along the bonding curve, and on graduation removes bonding curve liquidity and seeds a new AMM pool. Takes a 1% fee per swap (split between creator and platform) via afterSwapReturnsDelta."", ""deployer"": """"}"
0x74ce27dfc55a1c2ff3fb0012953233cceeac90cc,uniswap_hooklist,3,SwapFeeHook,https://raw.githubusercontent.com/Uniswap/hooklist/65ef4121419193a5aad9a493d2f4d9710d2f7653/hooks/base/0x74ce27dfc55a1c2ff3fb0012953233cceeac90cc.json,"{""name"": ""SwapFeeHook"", ""description"": ""Charges a time-decaying fee on USDC-paired pools, starting at 99% and linearly decreasing to a configurable rate over a set adjustment period. Fees are collected via BeforeSwapDelta (for USDC-in swaps) and afterSwap return delta (for non-USDC-in swaps), then distributed to a designated fee recipient. Only exact-input swaps are permitted."", ""deployer"": """"}"
0x752e82933b1629cdf1a50f4d71f8d1c9eb1c7a80,uniswap_hooklist,3,UmiaHook,https://raw.githubusercontent.com/Uniswap/hooklist/65ef4121419193a5aad9a493d2f4d9710d2f7653/hooks/base/0x752e82933b1629cdf1a50f4d71f8d1c9eb1c7a80.json,"{""name"": ""UmiaHook"", ""description"": ""Singleton Uniswap v4 hook for Umia LBP pools that maintains a TWAP oracle (SpotMarketOracle) and gates liquidity additions/removals to a registered per-pool operator, while allowing unrestricted swaps with no fee delta."", ""deployer"": """"}"
0x7706ea3232cbca17e0c7ec417919a4b7a6202844,uniswap_hooklist,3,TokenFab,https://raw.githubusercontent.com/Uniswap/hooklist/65ef4121419193a5aad9a493d2f4d9710d2f7653/hooks/base/0x7706ea3232cbca17e0c7ec417919a4b7a6202844.json,"{""name"": ""TokenFab"", ""description"": ""A bonding curve hook for token launches that blocks external pool initialization and liquidity additions. It collects a 1% swap fee split between creator and platform fee receivers, tracks token supply sold through swaps, and automatically migrates liquidity to a full-range AMM pool once the bonding curve supply threshold is reached."", ""deployer"": """"}"
0x7964f8faeea54a2392b23cda982027d6303ae8c0,uniswap_hooklist,3,V4LaunchHook,https://raw.githubusercontent.com/Uniswap/hooklist/65ef4121419193a5aad9a493d2f4d9710d2f7653/hooks/base/0x7964f8faeea54a2392b23cda982027d6303ae8c0.json,"{""name"": ""V4LaunchHook"", ""description"": ""A bonding-curve launch hook that seeds single-sided concentrated liquidity for token launches. Blocks external LPs, enforces exact-input-only swaps with a 1% dynamic fee override, and automatically graduates the pool to a permanent full-range position once the graduation price tick is reached."", ""deployer"": """"}"
0x7cbbff9c4fcd74b221c535f4fb4b1db04f1b9044,uniswap_hooklist,3,Alphix LVR Fee Hook,https://raw.githubusercontent.com/Uniswap/hooklist/65ef4121419193a5aad9a493d2f4d9710d2f7653/hooks/base/0x7cbbff9c4fcd74b221c535f4fb4b1db04f1b9044.json,"{""name"": ""Alphix LVR Fee Hook"", ""description"": ""Dynamic LP fee hook that applies admin-controlled per-pool LP fees via `updateDynamicLPFee` and charges a configurable per-pool protocol fee on each swap's output via `afterSwap` with delta return. Accumulated protocol fees are held as ERC-6909 claims and can be swept to a treasury address by calling `handleHookFees()`."", ""deployer"": """"}"
0x800c97be2401f4ec8dccf831af926f83a9b980c0,uniswap_hooklist,3,AgenticHook,https://raw.githubusercontent.com/Uniswap/hooklist/65ef4121419193a5aad9a493d2f4d9710d2f7653/hooks/base/0x800c97be2401f4ec8dccf831af926f83a9b980c0.json,"{""name"": ""AgenticHook"", ""description"": ""A dynamic-fee hook that scales LP fees (0.30%\u20131.50%) based on per-block swap intensity: fees rise as more swaps occur within the same block. Emits structured AgenticFlow and AgenticFeeQuoted events after each swap for external agents to consume."", ""deployer"": """"}"
0x80d86b6106942fb41786169340b1b7f250a24440,uniswap_hooklist,3,BpegHook,https://raw.githubusercontent.com/Uniswap/hooklist/65ef4121419193a5aad9a493d2f4d9710d2f7653/hooks/base/0x80d86b6106942fb41786169340b1b7f250a24440.json,"{""name"": ""BpegHook"", ""description"": ""Calls `start` on a configured ERC token when the first liquidity is added to its pool, and updates an on-chain random seed (using block entropy) on each swap involving that token."", ""deployer"": """"}"
0x80d8e09988556f1d2422be14adaf74fd0f6a2000,uniswap_hooklist,3,AquinasPoolHook,https://raw.githubusercontent.com/Uniswap/hooklist/65ef4121419193a5aad9a493d2f4d9710d2f7653/hooks/base/0x80d8e09988556f1d2422be14adaf74fd0f6a2000.json,"{""name"": ""AquinasPoolHook"", ""description"": ""A Uniswap v4 hook for Aquinas DAOs that gates pool initialization to factory-authorized addresses. The factory registers a Safe address as the authorized initializer for each pool; any other caller is reverted, preventing frontrunning of LP initialization. Has no swap-path logic."", ""deployer"": """"}"
0x80e3e52cea8ffac24263bcad153ab9221471c0cc,uniswap_hooklist,3,UpHook,https://raw.githubusercontent.com/Uniswap/hooklist/65ef4121419193a5aad9a493d2f4d9710d2f7653/hooks/base/0x80e3e52cea8ffac24263bcad153ab9221471c0cc.json,"{""name"": ""UpHook"", ""description"": ""Fee-collecting hook for ETH/token pools that deducts buy fees before the swap and sell fees after, splitting ETH proceeds among protocol, referral, and creator addresses. Restricts swap access to a trusted-router/quoter allowlist and tracks per-user token holdings for governance contribution attribution."", ""deployer"": """"}"
0x81606bd0efeed480b4c2ff51aab91926f4f56acc,uniswap_hooklist,3,TokenFab,https://raw.githubusercontent.com/Uniswap/hooklist/65ef4121419193a5aad9a493d2f4d9710d2f7653/hooks/base/0x81606bd0efeed480b4c2ff51aab91926f4f56acc.json,"{""name"": ""TokenFab"", ""description"": ""A bonding curve token launchpad hook that deploys new ERC-20 tokens into a bonding curve pool. Collects platform and creator fees on swaps via return deltas, blocks external liquidity management, and automatically graduates liquidity to a full-range AMM pool when the bonding curve supply is exhausted. Uses a transparent upgradeable proxy."", ""deployer"": """"}"
0x8203122461a8b511785cd0c58f369eecd36560cc,uniswap_hooklist,3,GazzFeeHook,https://raw.githubusercontent.com/Uniswap/hooklist/65ef4121419193a5aad9a493d2f4d9710d2f7653/hooks/base/0x8203122461a8b511785cd0c58f369eecd36560cc.json,"{""name"": ""GazzFeeHook"", ""description"": ""Charges a flat ETH fee (2% platform + up to 2% optional community fee) on every swap in gazz.fun v4 pools, always denominated in native ETH regardless of swap direction. Forwards platform fees to GazzFeeSplitter and community fees to GazzCommunityRouter; restricts pool initialization to native ETH pairs only."", ""deployer"": """"}"
0x8274b637351b53df330dd2bba0503f0c7586f0c0,uniswap_hooklist,3,MevHookPGAUpgradeableV2,https://raw.githubusercontent.com/Uniswap/hooklist/65ef4121419193a5aad9a493d2f4d9710d2f7653/hooks/base/0x8274b637351b53df330dd2bba0503f0c7586f0c0.json,"{""name"": ""MevHookPGAUpgradeableV2"", ""description"": ""A UUPS-upgradeable MEV-protection hook requiring EIP-712 signed authorization from a designated SIGNER_ROLE holder, or a pre-paid `unlock()` ETH donation, to allow swaps. Collects configurable swap fees minted to a fee recipient, and restricts pool initialization to native ETH pairs."", ""deployer"": """"}"
0x8544dd532c609ad7aea6a38322e910b59d3d70c0,uniswap_hooklist,3,AntiSnipeHookWithFeeSplit,https://raw.githubusercontent.com/Uniswap/hooklist/65ef4121419193a5aad9a493d2f4d9710d2f7653/hooks/base/0x8544dd532c609ad7aea6a38322e910b59d3d70c0.json,"{""name"": ""AntiSnipeHookWithFeeSplit"", ""description"": ""A Uniswap v4 hook that applies a time-decaying dynamic fee to deter sniping after token launch, splitting collected swap fees among up to three configurable recipients plus an optional vault."", ""deployer"": """"}"
0x871ce8144e9c7503d425d41d434b8cc767d0afdc,uniswap_hooklist,3,BoardHook,https://raw.githubusercontent.com/Uniswap/hooklist/65ef4121419193a5aad9a493d2f4d9710d2f7653/hooks/base/0x871ce8144e9c7503d425d41d434b8cc767d0afdc.json,"{""name"": ""BoardHook"", ""description"": ""Uniswap v4 hook for token fair launches that gates swaps behind a scheduled launch timestamp, manages a one-sided fair launch liquidity position (with optional Merkle-proof whitelist), intercepts swaps to fill from the fair launch supply, and distributes captured fees to protocol, token creators, and referrers. Closes the fair launch position and burns unsold tokens when the window expires."", ""deployer"": """"}"
0x872d17c75e77d29db39896ec8fa73dac9f6a68c8,uniswap_hooklist,3,SlotMachineHook,https://raw.githubusercontent.com/Uniswap/hooklist/65ef4121419193a5aad9a493d2f4d9710d2f7653/hooks/base/0x872d17c75e77d29db39896ec8fa73dac9f6a68c8.json,"{""name"": ""SlotMachineHook"", ""description"": ""A gamified hook that collects a configurable fee (default 2%) on all swaps via BeforeSwapDelta, splitting it into dual per-pool ETH jackpots. On qualifying ETH buys (above a configurable minimum), it triggers a slot machine spin for the buyer; winning combinations (pair, two-pair, three-of-a-kind, four-of-a-kind) pay out ETH directly. Sell fees are converted to ETH via a JackpotSellExecutor. Buyers receive SpinToken ERC-20 tokens for additional spins."", ""deployer"": """"}"
0x8a2a83545f4b38ae14e01a3d15f7d41006dfaa44,uniswap_hooklist,3,TokenFab,https://raw.githubusercontent.com/Uniswap/hooklist/65ef4121419193a5aad9a493d2f4d9710d2f7653/hooks/base/0x8a2a83545f4b38ae14e01a3d15f7d41006dfaa44.json,"{""name"": ""TokenFab"", ""description"": ""A token launchpad hook that manages a bonding curve phase for newly launched ERC-20 tokens. Blocks external liquidity and pool initialization; automatically transitions to a Uniswap v4 AMM pool when the bonding curve supply cap is reached. Takes a 5% swap fee on each trade, split among creator, platform, and a reward pool via afterSwapReturnsDelta."", ""deployer"": """"}"
0x8c8b279a0b80061c2b6fe9a84d82f60ff045e0cc,uniswap_hooklist,3,TaxHook,https://raw.githubusercontent.com/Uniswap/hooklist/65ef4121419193a5aad9a493d2f4d9710d2f7653/hooks/base/0x8c8b279a0b80061c2b6fe9a84d82f60ff045e0cc.json,"{""name"": ""TaxHook"", ""description"": ""Collects configurable buy and sell taxes (up to 10%) on a designated HOUSE token in registered pools, diverting a portion of each swap to a treasury address via BeforeSwapDelta (sell tax) and AfterSwapDelta (buy tax) mechanics."", ""deployer"": """"}"
0x8e34f9af5f5793c65b90dd6ec4e764aa788840cc,uniswap_hooklist,3,TaxHook,https://raw.githubusercontent.com/Uniswap/hooklist/65ef4121419193a5aad9a493d2f4d9710d2f7653/hooks/base/0x8e34f9af5f5793c65b90dd6ec4e764aa788840cc.json,"{""name"": ""TaxHook"", ""description"": ""A Uniswap v4 hook that applies configurable buy and sell taxes on a designated token across pools, splitting collected fees between a global team treasury and a per-pool developer address. LP fees are overridden to zero; all value capture occurs via the hook's tax mechanism."", ""deployer"": """"}"
0x8f5d6e3fe0a48a078e18bcd8b4fc205a31eae0cc,uniswap_hooklist,3,Flash,https://raw.githubusercontent.com/Uniswap/hooklist/65ef4121419193a5aad9a493d2f4d9710d2f7653/hooks/base/0x8f5d6e3fe0a48a078e18bcd8b4fc205a31eae0cc.json,"{""name"": ""Flash"", ""description"": ""A Uniswap v4 hook for the FLASH protocol that charges dynamic sell taxes on protocol token sells, routes buy orders through a combined OTC deck and AMM, and distributes collected fees to stakers, pool creators, and a treasury. Pools require pre-registration via stagePoolLaunch and operate with a static 0.6% LP fee."", ""deployer"": """"}"
0x99a8b29eb4ee9b14ec5607f553d4be6f2e182000,uniswap_hooklist,3,ExponentialLiquidityHook,https://raw.githubusercontent.com/Uniswap/hooklist/65ef4121419193a5aad9a493d2f4d9710d2f7653/hooks/base/0x99a8b29eb4ee9b14ec5607f553d4be6f2e182000.json,"{""name"": ""ExponentialLiquidityHook"", ""description"": ""Deploys new ERC20 token pools paired against a configured base token with one-sided concentrated liquidity, positioning all liquidity either above or below the initial price. External pool initialization is blocked via `beforeInitialize` (always reverts), and liquidity withdrawal is disabled."", ""deployer"": """"}"
0x9a0194f92284421e6953e332c6217fa6cfa568cc,uniswap_hooklist,3,ClankerHookStaticFeeV2,https://raw.githubusercontent.com/Uniswap/hooklist/65ef4121419193a5aad9a493d2f4d9710d2f7653/hooks/base/0x9a0194f92284421e6953e332c6217fa6cfa568cc.json,"{""name"": ""ClankerHookStaticFeeV2"", ""description"": ""A Clanker token launch hook with static directional LP fees \u2014 separate configurable rates for swaps buying vs. selling the Clanker token \u2014 plus a 20% protocol fee collected on each swap. Includes a time-limited MEV protection module (active for 2 minutes post-launch) and an optional pool extension system."", ""deployer"": """"}"
0x9a82bfcf5fd939cb7256f2d41479bc0dc67968cc,uniswap_hooklist,3,ClankerHookDynamicFeeV2,https://raw.githubusercontent.com/Uniswap/hooklist/65ef4121419193a5aad9a493d2f4d9710d2f7653/hooks/base/0x9a82bfcf5fd939cb7256f2d41479bc0dc67968cc.json,"{""name"": ""ClankerHookDynamicFeeV2"", ""description"": ""A Uniswap v4 hook for Clanker token pools that implements a volatility-based dynamic LP fee, extracting a 20% protocol fee on each swap via beforeSwap and afterSwap delta overrides. Includes a time-limited MEV protection module (active up to 2 minutes post-deployment) and optional pool extension support."", ""deployer"": """"}"
0x9a82bfcf5fd939cb7256f2d41479bc0dc67968cc,document,4,KyberSwap dex-lib,https://raw.githubusercontent.com/KyberNetwork/kyberswap-dex-lib/0867b088e490608f731e4e37eaf49ea72e7846b3/pkg/liquidity-source/uniswap/v4/hooks/clanker/constant.go,"		common.HexToAddress(""0x9A82BfCf5fd939CB7256f2d41479Bc0DC67968cC""), // base v2 v4.1.0"
0x9aba9b393ab17c0a2cfcdf168a03b30a44a3e0cc,uniswap_hooklist,3,FlashHook,https://raw.githubusercontent.com/Uniswap/hooklist/65ef4121419193a5aad9a493d2f4d9710d2f7653/hooks/base/0x9aba9b393ab17c0a2cfcdf168a03b30a44a3e0cc.json,"{""name"": ""FlashHook"", ""description"": ""A Uniswap v4 hook implementing a WETH-rooted token launch ecosystem with OTC buy fills, realized sell taxes distributed to stakers/creators/protocol, and multi-venue sell routing via external aggregators. Swaps are gated on an active Uniswap v4 protocol fee set by governance."", ""deployer"": """"}"
0x9c663b5826c9adf36d4d8e54c6d301c652de0044,uniswap_hooklist,3,GitlawbAgentHook,https://raw.githubusercontent.com/Uniswap/hooklist/65ef4121419193a5aad9a493d2f4d9710d2f7653/hooks/base/0x9c663b5826c9adf36d4d8e54c6d301c652de0044.json,"{""name"": ""GitlawbAgentHook"", ""description"": ""Charges a configurable output fee (in basis points, max 10%) on each swap and transfers it to a treasury address using afterSwap with afterSwapReturnsDelta. The fee rate and treasury address are mutable by the immutable owner."", ""deployer"": """"}"
0x9e6095812b9aff02cf9bd2acfd0e70269152c440,uniswap_hooklist,3,BpegHook,https://raw.githubusercontent.com/Uniswap/hooklist/65ef4121419193a5aad9a493d2f4d9710d2f7653/hooks/base/0x9e6095812b9aff02cf9bd2acfd0e70269152c440.json,"{""name"": ""BpegHook"", ""description"": ""Syncs BPEG token holder NFT counts after swaps by calling syncSwap() on the BPEG contract in afterSwap, and sets the pool address on the BPEG contract in afterAddLiquidity when the first liquidity is added."", ""deployer"": """"}"
0x9f420053deff67d788255fb2538e39f83f162844,uniswap_hooklist,3,TokenFab,https://raw.githubusercontent.com/Uniswap/hooklist/65ef4121419193a5aad9a493d2f4d9710d2f7653/hooks/base/0x9f420053deff67d788255fb2538e39f83f162844.json,"{""name"": ""TokenFab"", ""description"": ""Token factory hook implementing a bonding curve for newly launched ERC20 tokens. Blocks external pool initialization and liquidity addition; collects a 1% fee on each swap (split equally between creator and platform fee receivers); automatically removes bonding curve liquidity and migrates to a full-range AMM pool when the bonding curve supply threshold is reached."", ""deployer"": """"}"
0xa31d6caccf377030c392f618479ff331ff6adacc,uniswap_hooklist,3,Spot,https://raw.githubusercontent.com/Uniswap/hooklist/65ef4121419193a5aad9a493d2f4d9710d2f7653/hooks/base/0xa31d6caccf377030c392f618479ff331ff6adacc.json,"{""name"": ""Spot"", ""description"": ""A Uniswap v4 hook with dynamic swap fees driven by a truncated geometric TWAP oracle; collects a configurable protocol fee share from swaps and automatically reinvests it as full-range liquidity via an integrated liquidity manager."", ""deployer"": """"}"
0xa71022f7b689a42f531b07ca320890ad3f2b6888,uniswap_hooklist,3,FlashPerpsHook,https://raw.githubusercontent.com/Uniswap/hooklist/65ef4121419193a5aad9a493d2f4d9710d2f7653/hooks/base/0xa71022f7b689a42f531b07ca320890ad3f2b6888.json,"{""name"": ""FlashPerpsHook"", ""description"": ""A custom-curve (NoOp) perpetuals hook where each registered PERP/USDG pool is a single-venue market; swaps mint new perp exposure (buy) or unwind existing positions (sell) through registered vaults, charging a flat 0.3% USDG fee routed to a buyback escrow. No passive liquidity providers exist; `beforeAddLiquidity` always reverts."", ""deployer"": """"}"
0xa753f6e1fd29b80f31da442a73fd272660b62a44,uniswap_hooklist,3,TokenFab,https://raw.githubusercontent.com/Uniswap/hooklist/65ef4121419193a5aad9a493d2f4d9710d2f7653/hooks/base/0xa753f6e1fd29b80f31da442a73fd272660b62a44.json,"{""name"": ""TokenFab"", ""description"": ""A bonding curve token launchpad hook that creates and manages ERC-20 token pools with a fixed bonding curve supply; takes 5% swap fees distributed among creator, platform, and protocol fee receivers, and automatically migrates liquidity to a standard AMM pool once the bonding curve supply cap is reached."", ""deployer"": """"}"
0xa9c20b3d6a83e654b3183d630192b70c6e980088,uniswap_hooklist,3,Bute,https://raw.githubusercontent.com/Uniswap/hooklist/65ef4121419193a5aad9a493d2f4d9710d2f7653/hooks/base/0xa9c20b3d6a83e654b3183d630192b70c6e980088.json,"{""name"": ""Bute"", ""description"": ""A bonding-curve ERC-20 token (BUTE) that uses beforeSwap to intercept ETH-in swaps: it mints BUTE via a multi-factor curve (temporal decay, burn echo, peak bonus) and returns a BeforeSwapDelta, routing buys through the hook's own ETH reserve. Sell-side swaps pass through unmodified; selling BUTE is handled via a direct sell() function."", ""deployer"": """"}"
0xab604e2456a509dad329018c9361b233492630cc,uniswap_hooklist,3,BondingCurveHook,https://raw.githubusercontent.com/Uniswap/hooklist/65ef4121419193a5aad9a493d2f4d9710d2f7653/hooks/base/0xab604e2456a509dad329018c9361b233492630cc.json,"{""name"": ""BondingCurveHook"", ""description"": ""A Uniswap v4 hook that implements a two-phase bonding curve token launch mechanism. During the bonding phase, swaps are fully intercepted and routed through a custom bonding curve (BondkitToken) rather than the standard AMM. Once the funding threshold is reached, liquidity migrates to the DEX phase where the hook collects LP fees and distributes them to the creator and treasury via DexPhaseSplitter."", ""deployer"": """"}"
0xb0a3860e68328bf53840efae15a97b73b5a198c0,uniswap_hooklist,3,LuckyPoolHook,https://raw.githubusercontent.com/Uniswap/hooklist/65ef4121419193a5aad9a493d2f4d9710d2f7653/hooks/base/0xb0a3860e68328bf53840efae15a97b73b5a198c0.json,"{""name"": ""LuckyPoolHook"", ""description"": ""Implements dynamic LP fees for a specific protocol token (LUCKY) pool, applying buy fees, sell fees, and time-windowed penalty fees for traders who sell more than a threshold within a rolling window. Fee context is passed from beforeSwap to afterSwap, where a protocol revenue contract accrues a share."", ""deployer"": """"}"
0xb0b24b89db0dafbe43c5b40226b63a179f592880,uniswap_hooklist,3,V4AlphaHook,https://raw.githubusercontent.com/Uniswap/hooklist/65ef4121419193a5aad9a493d2f4d9710d2f7653/hooks/base/0xb0b24b89db0dafbe43c5b40226b63a179f592880.json,"{""name"": ""V4AlphaHook"", ""description"": ""A hook that restricts pool initialization to the contract owner and gates swaps via a configurable start timestamp (temporal access control). Liquidity additions are blocked for non-owners until the pool's start time is reached."", ""deployer"": """"}"
0xb0ec867e6f4bb19889373860600008237b4b9000,uniswap_hooklist,3,LaunchFeeHook,https://raw.githubusercontent.com/Uniswap/hooklist/65ef4121419193a5aad9a493d2f4d9710d2f7653/hooks/base/0xb0ec867e6f4bb19889373860600008237b4b9000.json,"{""name"": ""LaunchFeeHook"", ""description"": ""Sets a creator-specified dynamic LP fee (1%\u20133%) on pool initialization via afterInitialize. Only the authorized launchpad can open pools; the fee is read from launchpad.pendingLpFee() and written once using poolManager.updateDynamicLPFee()."", ""deployer"": """"}"
0xb3091055aa9af5d94ac25b04a65722327acaaa44,uniswap_hooklist,3,TokenFab,https://raw.githubusercontent.com/Uniswap/hooklist/65ef4121419193a5aad9a493d2f4d9710d2f7653/hooks/base/0xb3091055aa9af5d94ac25b04a65722327acaaa44.json,"{""name"": ""TokenFab"", ""description"": ""A bonding-curve token launch platform that creates ERC20 token pools with configurable supply and price curves, collects a fixed 1% swap fee split between creator and platform, and automatically migrates liquidity to a standard AMM pool once the bonding curve supply is exhausted."", ""deployer"": """"}"
0xb5a18cf5c711681ab1ac5973474e66471fb36a44,uniswap_hooklist,3,TokenFab,https://raw.githubusercontent.com/Uniswap/hooklist/65ef4121419193a5aad9a493d2f4d9710d2f7653/hooks/base/0xb5a18cf5c711681ab1ac5973474e66471fb36a44.json,"{""name"": ""TokenFab"", ""description"": ""A token launchpad hook that runs a bonding curve for newly launched ERC-20 tokens, blocking external liquidity additions and managing all liquidity internally. When the bonding curve supply cap is reached, liquidity migrates to a full-range AMM pool. A 5% swap fee is collected via afterSwapReturnsDelta, split between the platform (1%), creator (1%), and a reward pool (3%)."", ""deployer"": """"}"
0xb5cb737f55225bbe6eed74d7198bddc5498285c7,uniswap_hooklist,3,TokenMesaHook,https://raw.githubusercontent.com/Uniswap/hooklist/65ef4121419193a5aad9a493d2f4d9710d2f7653/hooks/base/0xb5cb737f55225bbe6eed74d7198bddc5498285c7.json,"{""name"": ""TokenMesaHook"", ""description"": ""A Uniswap v4 hook that collects a configurable percentage fee (up to 1%) in USDC on swaps, liquidity additions, and removals, while recording tick observations for a TWAP oracle (circular buffer of up to 100 price points per pool)."", ""deployer"": """"}"
0xb6483a25e665e1f54ee6b33b11aab7e51f2795c0,uniswap_hooklist,3,GridHook,https://raw.githubusercontent.com/Uniswap/hooklist/65ef4121419193a5aad9a493d2f4d9710d2f7653/hooks/base/0xb6483a25e665e1f54ee6b33b11aab7e51f2795c0.json,"{""name"": ""GridHook"", ""description"": ""A Uniswap v4 hook implementing per-user grid liquidity management. Users configure and deploy grid orders across price ranges; the hook tracks cumulative tick movement per block and reverts swaps that exceed a maximum price impact of 500 ticks per block to protect against excessive volatility."", ""deployer"": """"}"
0xb91ca876220674c2efc20ced68de110a075250c0,uniswap_hooklist,3,HomelanderUniV4Plugin,https://raw.githubusercontent.com/Uniswap/hooklist/65ef4121419193a5aad9a493d2f4d9710d2f7653/hooks/base/0xb91ca876220674c2efc20ced68de110a075250c0.json,"{""name"": ""HomelanderUniV4Plugin"", ""description"": ""A Uniswap v4 hook that dynamically overrides the LP fee in beforeSwap (zero for a privileged MEV executor, configurable for all others) and runs on-chain arbitrage in afterSwap by delegating to an external MEV router and executor, distributing captured profits via a configurable profit distributor."", ""deployer"": """"}"
0xba51cec5140bff8515dee046b97795435a3f80cc,uniswap_hooklist,3,TradingFeeHook,https://raw.githubusercontent.com/Uniswap/hooklist/65ef4121419193a5aad9a493d2f4d9710d2f7653/hooks/base/0xba51cec5140bff8515dee046b97795435a3f80cc.json,"{""name"": ""TradingFeeHook"", ""description"": ""Collects a fixed 5% trading fee on swaps in registered pools, routing 0.5% to a treasury and 4.5% to token creators via a RevenueVault. Uses beforeSwap for exact-input buys and afterSwap for sells and exact-output buys, with WETH unwrapped to ETH before distribution."", ""deployer"": """"}"
0xbf19d8d426c2548453a19c139bc4ff66d7068040,uniswap_hooklist,3,Swap,https://raw.githubusercontent.com/Uniswap/hooklist/65ef4121419193a5aad9a493d2f4d9710d2f7653/hooks/base/0xbf19d8d426c2548453a19c139bc4ff66d7068040.json,"{""name"": ""Swap"", ""description"": ""Pays out TOKEN_A or TOKEN_B from the hook's own balance to swappers in ETH/TOKEN_A or ETH/TOKEN_B pools, with payout amount equal to the absolute swap delta of the paired token. Recipient is decoded from hookData or falls back to tx.origin."", ""deployer"": """"}"
0xc025186214711638070af4e27b57b3d4b10b7fff,uniswap_hooklist,3,Alphix,https://raw.githubusercontent.com/Uniswap/hooklist/65ef4121419193a5aad9a493d2f4d9710d2f7653/hooks/base/0xc025186214711638070af4e27b57b3d4b10b7fff.json,"{""name"": ""Alphix"", ""description"": ""Uniswap v4 hook that delegates all hook logic to a swappable AlphixLogic contract. Implements a dynamic LP fee algorithm adjusted via off-chain `poke` calls based on pool ratios. Supports multiple pool types (stable, standard, volatile), requires owner-controlled pool initialization and activation, and includes global pause and per-pool activation controls."", ""deployer"": """"}"
0xc1db4dacc87acf58148a0007f8857aca2f5468cc,uniswap_hooklist,3,ClankerCompatibleHook,https://raw.githubusercontent.com/Uniswap/hooklist/65ef4121419193a5aad9a493d2f4d9710d2f7653/hooks/base/0xc1db4dacc87acf58148a0007f8857aca2f5468cc.json,"{""name"": ""ClankerCompatibleHook"", ""description"": ""Dynamic fee hook that adjusts LP fees based on swap volume across five tiers (0.5%\u20132%), with periodic price tracking to estimate volatility. An owner-controlled emergency mode can override fees at any time."", ""deployer"": """"}"
0xc3faf92b6f883136ce6bd7ceff7fa02ff4152ac4,uniswap_hooklist,3,LeveragedLiquidityHook,https://raw.githubusercontent.com/Uniswap/hooklist/65ef4121419193a5aad9a493d2f4d9710d2f7653/hooks/base/0xc3faf92b6f883136ce6bd7ceff7fa02ff4152ac4.json,"{""name"": ""LeveragedLiquidityHook"", ""description"": ""Implements atomic JIT (just-in-time) liquidity for Morpho-backed leveraged tokens. On each swap, issues or redeems vault shares through a primary pool, installs a single-tick liquidity position, executes the swap, and removes the position in afterSwap\u2014all within one transaction, with a zero LP fee override."", ""deployer"": """"}"
0xc5a862dd09df3585e0a5d3bc32ac4fe7efe0a0cc,uniswap_hooklist,3,LiqpadLaunchHook,https://raw.githubusercontent.com/Uniswap/hooklist/65ef4121419193a5aad9a493d2f4d9710d2f7653/hooks/base/0xc5a862dd09df3585e0a5d3bc32ac4fe7efe0a0cc.json,"{""name"": ""LiqpadLaunchHook"", ""description"": ""Launch hook for B20/VVV token pair pools that collects a 1% fee on each swap: B20 input fees are burned via IBurnableB20, while VVV input fees are routed to a FeeRouter for 70/30 accounting. Only factory-registered and initialized pools may be used; exact-output swaps are disabled."", ""deployer"": """"}"
0xc6947856f3d741c0d3187e95a0344d8819d540c0,uniswap_hooklist,3,OrkidKineticHook,https://raw.githubusercontent.com/Uniswap/hooklist/65ef4121419193a5aad9a493d2f4d9710d2f7653/hooks/base/0xc6947856f3d741c0d3187e95a0344d8819d540c0.json,"{""name"": ""OrkidKineticHook"", ""description"": ""A Uniswap v4 hook that applies dynamic LP fee adjustments in beforeSwap based on route scores from an external PhysicsValidator contract (aligned flow \u2192 0%, misaligned \u2192 0.1%). In afterSwap, whitelisted bots can trigger JIT arbitrage via poolManager flash accounting (vacuum execution); non-whitelisted callers receive only fee gating."", ""deployer"": """"}"
0xc77e884e82fdc9274bf17bf28b6c89d05b6d8ac0,uniswap_hooklist,3,SwapHook,https://raw.githubusercontent.com/Uniswap/hooklist/65ef4121419193a5aad9a493d2f4d9710d2f7653/hooks/base/0xc77e884e82fdc9274bf17bf28b6c89d05b6d8ac0.json,"{""name"": ""SwapHook"", ""description"": ""A minimal counter hook that increments per-pool counters on each beforeSwap and afterSwap call. It does not modify swap behavior, fees, or token flows \u2014 purely observational."", ""deployer"": """"}"
0xc83b481e103cacf36d17651f40b80300835b2fdc,uniswap_hooklist,3,BoardHook,https://raw.githubusercontent.com/Uniswap/hooklist/65ef4121419193a5aad9a493d2f4d9710d2f7653/hooks/base/0xc83b481e103cacf36d17651f40b80300835b2fdc.json,"{""name"": ""BoardHook"", ""description"": ""A Uniswap v4 hook that manages token launches (\""publiphi\"") with a fair launch window, blocking sells and enforcing an optional whitelist during the launch period. Swap fees are captured and distributed to protocol, token creators, and swappers; swaps before the scheduled launch timestamp are rejected."", ""deployer"": """"}"
0xc8da6f806e9d89196f2d6e9301d6f936587328cc,uniswap_hooklist,3,LayerMemeHookStaticFeeV2,https://raw.githubusercontent.com/Uniswap/hooklist/65ef4121419193a5aad9a493d2f4d9710d2f7653/hooks/base/0xc8da6f806e9d89196f2d6e9301d6f936587328cc.json,"{""name"": ""LayerMemeHookStaticFeeV2"", ""description"": ""A Uniswap v4 hook for LayerMeme token pools that applies configurable per-direction static LP fees (separate rates for buying vs. selling the LayerMeme token) via updateDynamicLPFee, and collects a 20% protocol fee on each swap through delta adjustments. Includes a time-limited (2-minute) MEV protection module and supports optional pool extensions."", ""deployer"": """"}"
0xca51c787e7136db1cbfd92a24287ea8e9363b0c8,uniswap_hooklist,3,Super Strategy,https://raw.githubusercontent.com/Uniswap/hooklist/65ef4121419193a5aad9a493d2f4d9710d2f7653/hooks/base/0xca51c787e7136db1cbfd92a24287ea8e9363b0c8.json,"{""name"": ""Super Strategy"", ""description"": ""A fee-collecting hook that skims a 2.3% fee on each swap (2% hook reserves + 0.3% protocol) via beforeSwapReturnsDelta, accumulating reserves per pool. Pools are registered automatically on initialization. The owner can pause trading and claim LP fees; anyone can trigger liquidity management (minting or adding to positions via Uniswap v4's PositionManager) and receives a 0.1% caller incentive for doing so."", ""deployer"": """"}"
0xcbfbaad81765c724edc4b090ac4bf3aa9494e844,uniswap_hooklist,3,TokenFab,https://raw.githubusercontent.com/Uniswap/hooklist/65ef4121419193a5aad9a493d2f4d9710d2f7653/hooks/base/0xcbfbaad81765c724edc4b090ac4bf3aa9494e844.json,"{""name"": ""TokenFab"", ""description"": ""Token launchpad hook implementing a bonding curve for newly launched ERC-20 tokens. Locks liquidity in chunked tick ranges during the curve phase, collects a 1% fee in the base currency on each swap split between creator and platform, and automatically migrates all liquidity to a full-range AMM pool once the bonding curve supply threshold is reached."", ""deployer"": """"}"
0xcced56dd425743417358fe891e3d047b94dd80cc,uniswap_hooklist,3,FaunaHook,https://raw.githubusercontent.com/Uniswap/hooklist/65ef4121419193a5aad9a493d2f4d9710d2f7653/hooks/base/0xcced56dd425743417358fe891e3d047b94dd80cc.json,"{""name"": ""FaunaHook"", ""description"": ""A Uniswap v4 hook for the FAUNA NFT pool that skims a 1% ETH fee on every swap in afterSwap, forwarding it to a configurable fee recipient. Also optionally notifies an external renderer contract after each swap; beforeSwap is a no-op."", ""deployer"": """"}"
0xd1c5eb0e244c14f14784fbbc0bd3b9eaa763c040,uniswap_hooklist,3,CustomFeesHook,https://raw.githubusercontent.com/Uniswap/hooklist/65ef4121419193a5aad9a493d2f4d9710d2f7653/hooks/base/0xd1c5eb0e244c14f14784fbbc0bd3b9eaa763c040.json,"{""name"": ""CustomFeesHook"", ""description"": ""Stub hook with afterSwap permission enabled but all fee-collection logic commented out. The contract stores an immutable fee recipient and swap fee in BIPS, but afterSwap returns a zero delta without executing any fee or token transfer logic."", ""deployer"": """"}"
0xd1df7ac84596286a8451506664119519e0236a44,uniswap_hooklist,3,TokenFab,https://raw.githubusercontent.com/Uniswap/hooklist/65ef4121419193a5aad9a493d2f4d9710d2f7653/hooks/base/0xd1df7ac84596286a8451506664119519e0236a44.json,"{""name"": ""TokenFab"", ""description"": ""Bonding curve launchpad hook for ERC-20 tokens on Uniswap v4. Manages token pools through a bonding curve phase, automatically graduating to a standard AMM pool when the bonding curve supply is exhausted. Takes a 5% swap fee (1% creator, 1% platform, 3% protocol) via afterSwapReturnsDelta. External liquidity additions, removals, and pool initializations are blocked to this hook only."", ""deployer"": """"}"
0xd3f19db910e7d72be22a1f1feef13b0e6e680044,uniswap_hooklist,3,SixHook,https://raw.githubusercontent.com/Uniswap/hooklist/65ef4121419193a5aad9a493d2f4d9710d2f7653/hooks/base/0xd3f19db910e7d72be22a1f1feef13b0e6e680044.json,"{""name"": ""SixHook"", ""description"": ""Takes a configurable fee (default 6%) on exact-input swaps via afterSwapReturnsDelta, directing output tokens to a designated fee recipient. Blocks exact-output swaps. Includes optional off-chain USDC distribution logic to an artist address and NFT holders via a public distributeFees() function."", ""deployer"": """"}"
0xd476156732ef0277db6abc58e490ae63caff4080,uniswap_hooklist,3,PepFitLaunchHook,https://raw.githubusercontent.com/Uniswap/hooklist/65ef4121419193a5aad9a493d2f4d9710d2f7653/hooks/base/0xd476156732ef0277db6abc58e490ae63caff4080.json,"{""name"": ""PepFitLaunchHook"", ""description"": ""A controlled-launch hook that blocks all swaps until the owner calls enableTrading(). Includes an optional anti-snipe mechanism capping individual swap size (in ETH) for the first 5 blocks after launch. After trading is open, the hook is a pass-through with no effect on swap math."", ""deployer"": """"}"
0xd5531fc0a56835fc8db97f0ae2cb270525e06444,uniswap_hooklist,3,CDHook,https://raw.githubusercontent.com/Uniswap/hooklist/65ef4121419193a5aad9a493d2f4d9710d2f7653/hooks/base/0xd5531fc0a56835fc8db97f0ae2cb270525e06444.json,"{""name"": ""CDHook"", ""description"": ""A Uniswap v4 hook for CoinDAT (CD) token ETH pools that implements time-decaying swap fees starting at 99% and decreasing to 7% over ~92 minutes. After each swap, it collects fees via afterSwapReturnsDelta and distributes them to the CD token accumulation contract (72%), protocol treasury (14%), and token deployer (14%)."", ""deployer"": """"}"
0xd58ac94f71e5c15b256ea775cd5a7c03ca1040c4,uniswap_hooklist,3,LaunchGuardV4Hook,https://raw.githubusercontent.com/Uniswap/hooklist/65ef4121419193a5aad9a493d2f4d9710d2f7653/hooks/base/0xd58ac94f71e5c15b256ea775cd5a7c03ca1040c4.json,"{""name"": ""LaunchGuardV4Hook"", ""description"": ""Applies a decaying sell tax on token-to-WETH swaps: starts at 99% and linearly decays to 2% over 194 minutes post-launch. Collected WETH accumulates in an on-hook reserve and can be compounded into locked liquidity every 8 hours via an authorized router, with a keeper reward of up to 0.005 ETH paid to the caller."", ""deployer"": """"}"
0xd64f6f648d2ffa6c9b9b217e81b09a0f96884040,uniswap_hooklist,3,TokenFactory,https://raw.githubusercontent.com/Uniswap/hooklist/65ef4121419193a5aad9a493d2f4d9710d2f7653/hooks/base/0xd64f6f648d2ffa6c9b9b217e81b09a0f96884040.json,"{""name"": ""TokenFactory"", ""description"": ""Token factory that deploys ERC20 tokens with Uniswap v4 pools (1% fee tier), seeding them with 99% of total supply as single-sided liquidity. The afterSwap hook is a no-op; LP fees accumulate in the pool and token creators can claim them via claimLPFees()."", ""deployer"": """"}"
0xdac86cd5c44acd3987bddea47a6c6003c4988040,uniswap_hooklist,3,TokenFactory,https://raw.githubusercontent.com/Uniswap/hooklist/65ef4121419193a5aad9a493d2f4d9710d2f7653/hooks/base/0xdac86cd5c44acd3987bddea47a6c6003c4988040.json,"{""name"": ""TokenFactory"", ""description"": ""A token factory that deploys ERC20 tokens, creates Uniswap v4 pools with initial liquidity, and allows token creators to claim accumulated LP fees. The afterSwap hook is a no-op that simply returns its selector."", ""deployer"": """"}"
0xdc8f0c4e5dbd7b8c96fb7b8e8eaac4dbf6b3c044,uniswap_hooklist,3,FlamingStarHook,https://raw.githubusercontent.com/Uniswap/hooklist/65ef4121419193a5aad9a493d2f4d9710d2f7653/hooks/base/0xdc8f0c4e5dbd7b8c96fb7b8e8eaac4dbf6b3c044.json,"{""name"": ""FlamingStarHook"", ""description"": ""Takes a configurable fee (default 6%) from the output of exact-input swaps and routes it to a designated recipient; blocks exact-output swaps. Separately, a public distributeFees() function burns a custom ERC20 token and distributes accumulated USDC 50/50 between an artist address and NFT holders proportionally."", ""deployer"": """"}"
0xdd362815dd2e9d95e6d7c73ae7ad1e0de05dea44,uniswap_hooklist,3,TokenFab,https://raw.githubusercontent.com/Uniswap/hooklist/65ef4121419193a5aad9a493d2f4d9710d2f7653/hooks/base/0xdd362815dd2e9d95e6d7c73ae7ad1e0de05dea44.json,"{""name"": ""TokenFab"", ""description"": ""A bonding curve launchpad hook that deploys ERC20 tokens paired against a configurable base token. Manages single-sided tick-range liquidity during a bonding curve phase, then transitions to a standard AMM pool once the supply cap is reached, charging a 1% fee split between the token creator and platform on each swap."", ""deployer"": """"}"
0xdf1ed3311c77fc425af2d4336ec3daf2c3078244,uniswap_hooklist,3,BaseFunLaunchHook,https://raw.githubusercontent.com/Uniswap/hooklist/65ef4121419193a5aad9a493d2f4d9710d2f7653/hooks/base/0xdf1ed3311c77fc425af2d4336ec3daf2c3078244.json,"{""name"": ""BaseFunLaunchHook"", ""description"": ""A launchpad hook that charges a fixed 1% swap fee via afterSwap, routing fee proceeds to a configurable fee sink contract, while permanently locking liquidity by reverting all remove-liquidity calls."", ""deployer"": """"}"
0xe45a3fcb6d7ea33d34de0d4c503bb37f95102a44,uniswap_hooklist,3,TokenFab,https://raw.githubusercontent.com/Uniswap/hooklist/65ef4121419193a5aad9a493d2f4d9710d2f7653/hooks/base/0xe45a3fcb6d7ea33d34de0d4c503bb37f95102a44.json,"{""name"": ""TokenFab"", ""description"": ""A token launch hook that manages a bonding curve for newly deployed ERC-20 tokens. Swaps on the bonding curve pool collect a 5% fee (split between platform, creator, and a reward pool via afterSwapReturnsDelta), and once the bonding curve supply cap is reached, liquidity automatically migrates to a full-range AMM pool."", ""deployer"": """"}"
0xe9326cc126cd6dd3e914d40853d239709ca780cc,uniswap_hooklist,3,UpHook,https://raw.githubusercontent.com/Uniswap/hooklist/65ef4121419193a5aad9a493d2f4d9710d2f7653/hooks/base/0xe9326cc126cd6dd3e914d40853d239709ca780cc.json,"{""name"": ""UpHook"", ""description"": ""A fee-charging hook for ETH/token pools that pre-charges buy fees in beforeSwap via BeforeSwapDelta and post-charges sell fees in afterSwap via afterSwapReturnsDelta, splitting revenue among protocol, referral, and token creator. Only owner-configured trusted routers and quoters may swap; exact-output swaps are disabled."", ""deployer"": """"}"
0xe97dc8b79855f65ac4da26c985cb37b7367a6ac8,uniswap_hooklist,3,ClawclickHook,https://raw.githubusercontent.com/Uniswap/hooklist/65ef4121419193a5aad9a493d2f4d9710d2f7653/hooks/base/0xe97dc8b79855f65ac4da26c985cb37b7367a6ac8.json,"{""name"": ""ClawclickHook"", ""description"": ""A two-phase token launch hook that imposes a decaying tax (up to 50%, floor 1%) and per-user position limits in Phase 1, graduating to a 1% LP fee model after 16x market cap growth. Fees are split 70/30 between the token beneficiary and the platform, with configurable multi-wallet fee distribution."", ""deployer"": """"}"
0xe99a97aa3c4be3237e6b0768245743bbca9eea44,uniswap_hooklist,3,TokenFab,https://raw.githubusercontent.com/Uniswap/hooklist/65ef4121419193a5aad9a493d2f4d9710d2f7653/hooks/base/0xe99a97aa3c4be3237e6b0768245743bbca9eea44.json,"{""name"": ""TokenFab"", ""description"": ""A token launch hook that operates a bonding curve for newly deployed tokens, blocking external initialization and liquidity modifications. Swaps drive the bonding curve until the supply cap is reached, at which point liquidity migrates to a full-range AMM pool; a 1% fee on each swap is split evenly between the token creator and the platform."", ""deployer"": """"}"
0xecae291740c80351e64b96128efd25ddee48a888,uniswap_hooklist,3,RetardV111DelayedHookProxy,https://raw.githubusercontent.com/Uniswap/hooklist/65ef4121419193a5aad9a493d2f4d9710d2f7653/hooks/base/0xecae291740c80351e64b96128efd25ddee48a888.json,"{""name"": ""RetardV111DelayedHookProxy"", ""description"": ""Upgradeable proxy for the retard.market v111 AMM hook, delegating all calls to an implementation via delegatecall with a time-delayed upgrade path (minimum 1-day delay). Implements beforeSwap with delta returns for custom pricing based on virtual depth and fixed entry fees."", ""deployer"": """"}"
0xf0b8dde19510ee7d6d50be289c4257ecd14c60cc,uniswap_hooklist,3,UnifiedFeeHook,https://raw.githubusercontent.com/Uniswap/hooklist/65ef4121419193a5aad9a493d2f4d9710d2f7653/hooks/base/0xf0b8dde19510ee7d6d50be289c4257ecd14c60cc.json,"{""name"": ""UnifiedFeeHook"", ""description"": ""A shared fee hook for Direct and Bond token launches. On buys, it deducts platform and creator fees in native currency via beforeSwap delta. On sells, it burns a token fee before the swap and deducts a platform fee from native output via afterSwap delta. Only pools pre-authorized by admin-controlled lockers can use this hook."", ""deployer"": """"}"
0xf202c8bbfea7c9675714a62a9baf5d0f2d4f6888,uniswap_hooklist,3,RetardV111DelayedHookProxy,https://raw.githubusercontent.com/Uniswap/hooklist/65ef4121419193a5aad9a493d2f4d9710d2f7653/hooks/base/0xf202c8bbfea7c9675714a62a9baf5d0f2d4f6888.json,"{""name"": ""RetardV111DelayedHookProxy"", ""description"": ""A time-delayed upgradeable proxy for a Uniswap v4 hook using EIP-1967 storage slots and delegatecall. The proxied implementation handles beforeSwap (with delta return), beforeAddLiquidity, and beforeInitialize. Upgrades require a minimum 1-day delay, must be scheduled then executed by an authority address, and are validated for storage-version and config compatibility."", ""deployer"": """"}"
0xf42e7812050331832ac8a5aaddc32768416a8044,uniswap_hooklist,3,KnightV4TaxHook,https://raw.githubusercontent.com/Uniswap/hooklist/65ef4121419193a5aad9a493d2f4d9710d2f7653/hooks/base/0xf42e7812050331832ac8a5aaddc32768416a8044.json,"{""name"": ""KnightV4TaxHook"", ""description"": ""A Uniswap v4 hook that levies a fixed 5% trade tax on every swap by taking the fee from the output currency in afterSwap via afterSwapReturnDelta. Accrued fees are held by the hook contract and can be withdrawn by the owner via claimFees()."", ""deployer"": """"}"
0xf5c5ce2ae4500d5c012ac78660d466bba883c0c0,uniswap_hooklist,3,AvillHook,https://raw.githubusercontent.com/Uniswap/hooklist/65ef4121419193a5aad9a493d2f4d9710d2f7653/hooks/base/0xf5c5ce2ae4500d5c012ac78660d466bba883c0c0.json,"{""name"": ""AvillHook"", ""description"": ""Enforces a dynamic price floor for the Avill token in USDC/USDT pools. beforeSwap reverts sell orders when the current pool price falls below a floor derived from cumulative stable inflows and Avill sold; afterSwap updates those accumulators after each trade."", ""deployer"": """"}"
0xf6f424267e1db57d54e1b5da3aaca987a3d250c0,uniswap_hooklist,3,ERC1967Proxy,https://raw.githubusercontent.com/Uniswap/hooklist/65ef4121419193a5aad9a493d2f4d9710d2f7653/hooks/base/0xf6f424267e1db57d54e1b5da3aaca987a3d250c0.json,"{""name"": ""ERC1967Proxy"", ""description"": ""An ERC-1967 upgradeable proxy pointing to an unverified implementation contract at 0xc1a9db4e8a16123f3397582a0eff555d01780149. The proxy delegates all calls (including hook callbacks) to the implementation. Hook behavior (beforeSwap, afterSwap, afterInitialize) cannot be analyzed because the implementation source is not verified on-chain."", ""deployer"": """"}"
0xfa4a80592d9511c48d32ab81c2a437840ad9aa44,uniswap_hooklist,3,TokenFab,https://raw.githubusercontent.com/Uniswap/hooklist/65ef4121419193a5aad9a493d2f4d9710d2f7653/hooks/base/0xfa4a80592d9511c48d32ab81c2a437840ad9aa44.json,"{""name"": ""TokenFab"", ""description"": ""TokenFab is a bonding curve launchpad hook that manages token launches through a bonding curve phase, graduating to a standard AMM pool upon reaching the supply cap. It blocks external liquidity modifications, charges a 5% swap fee (split among creator, platform, and reward pool), and handles pool initialization and liquidity settlement internally."", ""deployer"": """"}"
0xfab63b53750707221d0cad0cb674ad57d3132a44,uniswap_hooklist,3,TokenFab,https://raw.githubusercontent.com/Uniswap/hooklist/65ef4121419193a5aad9a493d2f4d9710d2f7653/hooks/base/0xfab63b53750707221d0cad0cb674ad57d3132a44.json,"{""name"": ""TokenFab"", ""description"": ""A bonding-curve token launchpad hook that initializes permissioned pools for newly created ERC-20 tokens, tracks sold supply against a configurable cap, collects a 5% swap fee split among platform, creator, and a reward pool via afterSwapReturnsDelta, and automatically migrates liquidity to a separate AMM pool when the bonding curve supply cap is reached."", ""deployer"": """"}"
0xfb555fd8e56a5294ddd79e8b88ec8f56acdd6a44,uniswap_hooklist,3,TokenFab,https://raw.githubusercontent.com/Uniswap/hooklist/65ef4121419193a5aad9a493d2f4d9710d2f7653/hooks/base/0xfb555fd8e56a5294ddd79e8b88ec8f56acdd6a44.json,"{""name"": ""TokenFab"", ""description"": ""A token launchpad hook implementing a bonding curve that blocks external liquidity management and collects a 5% swap fee split among platform, creator, and a reward pool. When the bonding curve supply cap is reached, the hook automatically removes bonding curve liquidity and migrates it to a new AMM pool."", ""deployer"": """"}"
0xfcc2dd47ca14f0a30b8c350967287e38b1a8e088,uniswap_hooklist,3,LaunchHook,https://raw.githubusercontent.com/Uniswap/hooklist/65ef4121419193a5aad9a493d2f4d9710d2f7653/hooks/base/0xfcc2dd47ca14f0a30b8c350967287e38b1a8e088.json,"{""name"": ""LaunchHook"", ""description"": ""Fee-splitting hook that skims a fixed 1% platform fee plus a configurable creator fee (0\u201320%) from every exact-input swap via BeforeSwapDelta, forwarding creator fees directly to the token contract. Pool initialization is gated to a factory address; exact-output swaps are unconditionally rejected."", ""deployer"": """"}"
0xfdd0c00576d1913ea91bb635f3bed8d0547e68c8,uniswap_hooklist,3,SlotMachineHook,https://raw.githubusercontent.com/Uniswap/hooklist/65ef4121419193a5aad9a493d2f4d9710d2f7653/hooks/base/0xfdd0c00576d1913ea91bb635f3bed8d0547e68c8.json,"{""name"": ""SlotMachineHook"", ""description"": ""A hook that collects a configurable fee (default 2%) on all ETH/token swaps and splits it into dual per-pool jackpots (main and side). ETH buy swaps meeting a minimum threshold trigger a randomized slot machine game, awarding ETH payouts from the jackpots for matching symbol combinations; sell-side fees are converted to ETH via a nested swap executor."", ""deployer"": """"}"
0xfecf43150d53b3c3e6089b504aa838807ac16fdc,uniswap_hooklist,3,BoardHook,https://raw.githubusercontent.com/Uniswap/hooklist/65ef4121419193a5aad9a493d2f4d9710d2f7653/hooks/base/0xfecf43150d53b3c3e6089b504aa838807ac16fdc.json,"{""name"": ""BoardHook"", ""description"": ""A Uniswap v4 hook managing token launches (\""publiphi\"") with a timed fair launch period, scheduled pool opening, optional Merkle whitelist, and fee distribution across creators, protocol, referrers, and swappers. During the fair launch window, sells are blocked and buys are filled from a hook-managed position; after it closes, standard AMM swaps apply with hook-captured fees."", ""deployer"": """"}"
0xffaf09ca1ecee27d84140f7363660eb46358c0c0,uniswap_hooklist,3,LimitOrderHook,https://raw.githubusercontent.com/Uniswap/hooklist/65ef4121419193a5aad9a493d2f4d9710d2f7653/hooks/base/0xffaf09ca1ecee27d84140f7363660eb46358c0c0.json,"{""name"": ""LimitOrderHook"", ""description"": ""A Uniswap v4 hook that captures the current tick before each swap via transient storage, then executes limit orders in afterSwap when the tick crosses order boundaries. Supports role-based dynamic LP fee management via poolManager.updateDynamicLPFee()."", ""deployer"": """"}"
0xd8af5550399ca920fc6dbda22f50433095032044,uniswap_hooklist,3,PadFeeHook,https://raw.githubusercontent.com/Uniswap/hooklist/65ef4121419193a5aad9a493d2f4d9710d2f7653/hooks/base/0xd8af5550399ca920fc6dbda22f50433095032044.json,"{""name"": ""PadFeeHook"", ""description"": ""Restricts pool initialization to a designated graduate contract and takes a 1% fee on the unspecified currency of every swap via afterSwapReturnsDelta, splitting it 70% to the pool creator and 30% to a treasury address."", ""deployer"": ""0x1EC388e024730DE754D4A9F7A0C620725b4Ce09C""}"
0x01287700b39b16a837419bb40921b737bd5b6888,uniswap_hooklist,3,PhiEthHooks,https://raw.githubusercontent.com/Uniswap/hooklist/65ef4121419193a5aad9a493d2f4d9710d2f7653/hooks/base/0x01287700b39b16a837419bb40921b737bd5b6888.json,"{""name"": ""PhiEthHooks"", ""description"": ""Implements a 1:1 ETH/phiEth custom swap curve via beforeSwap by taking the input token from the PoolManager, wrapping or unwrapping ETH through the phiEth contract, and returning a BeforeSwapDelta to bypass AMM pricing entirely. Liquidity addition to the pool is blocked."", ""deployer"": """"}"
0x015723e069e043d27edca80073e0a37e4a44e888,uniswap_hooklist,3,PhiEthHooks,https://raw.githubusercontent.com/Uniswap/hooklist/65ef4121419193a5aad9a493d2f4d9710d2f7653/hooks/base/0x015723e069e043d27edca80073e0a37e4a44e888.json,"{""name"": ""PhiEthHooks"", ""description"": ""Implements a 1:1 ETH \u2194 phiEth swap as a custom AMM curve via beforeSwap with BeforeSwapDelta returns, bypassing concentrated liquidity entirely. Prevents direct liquidity addition and restricts pool initialization to ETH/phiEth pairs with zero fee."", ""deployer"": """"}"
0x01f0c88684dd2267061cdc805350f8725f88a888,uniswap_hooklist,3,PhiEthHooks,https://raw.githubusercontent.com/Uniswap/hooklist/65ef4121419193a5aad9a493d2f4d9710d2f7653/hooks/base/0x01f0c88684dd2267061cdc805350f8725f88a888.json,"{""name"": ""PhiEthHooks"", ""description"": ""A 1:1 ETH/phiEth swap hook that implements a custom constant-price curve by intercepting swaps in beforeSwap: it takes the input token from the PoolManager, converts it via phiEth.deposit/withdraw, settles the output token, and returns a BeforeSwapDelta to bypass the standard AMM. Liquidity additions are blocked."", ""deployer"": """"}"
0x0213cca43490d4933966ba94bac9cf4aab3d2888,uniswap_hooklist,3,PhiEthHooks,https://raw.githubusercontent.com/Uniswap/hooklist/65ef4121419193a5aad9a493d2f4d9710d2f7653/hooks/base/0x0213cca43490d4933966ba94bac9cf4aab3d2888.json,"{""name"": ""PhiEthHooks"", ""description"": ""A custom-curve hook for 1:1 ETH\u2194phiETH swaps that intercepts swaps in beforeSwap to take the input token, convert via phiEth.deposit or phiEth.withdraw, and settle the output \u2014 bypassing concentrated liquidity entirely via beforeSwapReturnsDelta. Liquidity additions are blocked."", ""deployer"": """"}"
0x028f598ea8493fed4f4e865e12ebf6d11b812888,uniswap_hooklist,3,PhiEthHooks,https://raw.githubusercontent.com/Uniswap/hooklist/65ef4121419193a5aad9a493d2f4d9710d2f7653/hooks/base/0x028f598ea8493fed4f4e865e12ebf6d11b812888.json,"{""name"": ""PhiEthHooks"", ""description"": ""Implements a 1:1 ETH\u2194phiEth custom-curve swap hook that bypasses concentrated liquidity. In beforeSwap, takes the input token from the PoolManager, converts it via phiEth deposit/withdraw, settles the output, and returns a full BeforeSwapDelta to no-op the AMM. Blocks all direct liquidity additions to the pool."", ""deployer"": """"}"
0x0290fa8174888b5f466432ece9fff6cfacee2888,uniswap_hooklist,3,PhiEthHooks,https://raw.githubusercontent.com/Uniswap/hooklist/65ef4121419193a5aad9a493d2f4d9710d2f7653/hooks/base/0x0290fa8174888b5f466432ece9fff6cfacee2888.json,"{""name"": ""PhiEthHooks"", ""description"": ""A 1:1 ETH/phiEth swap hook implementing a custom constant-price curve. In beforeSwap, it takes the input token from the PoolManager, calls phiEth.deposit or phiEth.withdraw to convert, then settles the output \u2014 returning a full BeforeSwapDelta to bypass concentrated liquidity entirely. Direct liquidity addition is permanently blocked."", ""deployer"": """"}"
0x02d038cdf73af8a35cef30365363fd5480082888,uniswap_hooklist,3,PhiEthHooks,https://raw.githubusercontent.com/Uniswap/hooklist/65ef4121419193a5aad9a493d2f4d9710d2f7653/hooks/base/0x02d038cdf73af8a35cef30365363fd5480082888.json,"{""name"": ""PhiEthHooks"", ""description"": ""Implements a 1:1 ETH/phiEth custom swap curve via beforeSwap, using beforeSwapReturnsDelta to fully handle swaps by depositing or withdrawing phiEth rather than using concentrated liquidity. Liquidity additions are blocked; only ETH/phiEth pools with zero fee are accepted."", ""deployer"": """"}"
0x033461521c092e105b6b523187a0d9c83bb6e888,uniswap_hooklist,3,PhiEthHooks,https://raw.githubusercontent.com/Uniswap/hooklist/65ef4121419193a5aad9a493d2f4d9710d2f7653/hooks/base/0x033461521c092e105b6b523187a0d9c83bb6e888.json,"{""name"": ""PhiEthHooks"", ""description"": ""Implements a 1:1 custom swap curve for ETH/phiEth pools by intercepting swaps via beforeSwap, converting between ETH and phiEth using deposit/withdraw, and settling the output directly. Blocks liquidity addition to force all swaps through the hook's custom curve."", ""deployer"": """"}"
0x036a4397873a45af006e8f5cd752fc40fe7ce888,uniswap_hooklist,3,PhiEthHooks,https://raw.githubusercontent.com/Uniswap/hooklist/65ef4121419193a5aad9a493d2f4d9710d2f7653/hooks/base/0x036a4397873a45af006e8f5cd752fc40fe7ce888.json,"{""name"": ""PhiEthHooks"", ""description"": ""A 1:1 ETH/phiEth swap hook implementing a custom constant-price curve. It intercepts swaps via beforeSwap, takes the full input amount, wraps or unwraps ETH via the phiEth contract, and settles the output directly, bypassing the concentrated liquidity pool. Liquidity additions are blocked."", ""deployer"": """"}"
0x03b3992a8c957fd07071db56e779eaf9ad00e888,uniswap_hooklist,3,PhiEthHooks,https://raw.githubusercontent.com/Uniswap/hooklist/65ef4121419193a5aad9a493d2f4d9710d2f7653/hooks/base/0x03b3992a8c957fd07071db56e779eaf9ad00e888.json,"{""name"": ""PhiEthHooks"", ""description"": ""Implements a custom 1:1 ETH\u2194phiETH swap curve using beforeSwap return delta, bypassing concentrated liquidity. Mints phiETH on ETH-in swaps and redeems phiETH on ETH-out swaps. Blocks all direct liquidity additions to the pool."", ""deployer"": """"}"
0x03ec763cb2de9122d2ada5aca3ee739f7ceee888,uniswap_hooklist,3,PhiEthHooks,https://raw.githubusercontent.com/Uniswap/hooklist/65ef4121419193a5aad9a493d2f4d9710d2f7653/hooks/base/0x03ec763cb2de9122d2ada5aca3ee739f7ceee888.json,"{""name"": ""PhiEthHooks"", ""description"": ""A custom curve hook that implements 1:1 ETH/phiEth swaps by taking input from the PoolManager, depositing or withdrawing via the phiEth contract, and settling the output \u2014 bypassing concentrated liquidity entirely. Adding liquidity to the pool is blocked."", ""deployer"": """"}"
0x040c2e6efa2700eb1759a73299583705f98a2888,uniswap_hooklist,3,PhiEthHooks,https://raw.githubusercontent.com/Uniswap/hooklist/65ef4121419193a5aad9a493d2f4d9710d2f7653/hooks/base/0x040c2e6efa2700eb1759a73299583705f98a2888.json,"{""name"": ""PhiEthHooks"", ""description"": ""A 1:1 ETH/phiEth swap hook implementing a custom constant-price curve via BeforeSwapDelta. On each swap it mints or burns phiEth directly, bypassing pool liquidity entirely. Liquidity additions are blocked; only ETH/phiEth pools with zero fee are accepted."", ""deployer"": """"}"
0x049cd1f782785815772df9965f4203cc44fe1800,uniswap_hooklist,3,TrinityHookV10Collect,https://raw.githubusercontent.com/Uniswap/hooklist/65ef4121419193a5aad9a493d2f4d9710d2f7653/hooks/base/0x049cd1f782785815772df9965f4203cc44fe1800.json,"{""name"": ""TrinityHookV10Collect"", ""description"": ""A Uniswap v4 hook that manages a single owner-controlled liquidity position with an allowlisted LP set and a dynamic fee configured at pool initialization. Accrued LP fees are harvested off the swap path via permissionless collectFees(), forwarding both the token-side and quote-side fees to a treasury feeRecipient multisig Safe."", ""deployer"": """"}"
0x04bcb31940fa8bf9fed538589e70a516288fa888,uniswap_hooklist,3,PhiEthHooks,https://raw.githubusercontent.com/Uniswap/hooklist/65ef4121419193a5aad9a493d2f4d9710d2f7653/hooks/base/0x04bcb31940fa8bf9fed538589e70a516288fa888.json,"{""name"": ""PhiEthHooks"", ""description"": ""Implements a 1:1 custom-curve swap between ETH and phiEth (an ETH wrapper), bypassing concentrated liquidity via beforeSwapReturnsDelta. On each swap, the hook takes input from the pool manager, calls phiEth.deposit() or phiEth.withdraw() to convert, then settles the output. Liquidity addition to the pool is permanently blocked."", ""deployer"": """"}"
0x0507140088aa5b266d6b44eef02ad55cf1fb40c0,uniswap_hooklist,3,FeeHook,https://raw.githubusercontent.com/Uniswap/hooklist/65ef4121419193a5aad9a493d2f4d9710d2f7653/hooks/base/0x0507140088aa5b266d6b44eef02ad55cf1fb40c0.json,"{""name"": ""FeeHook"", ""description"": ""Uniswap v4 hook that overrides the LP fee per swap using a pluggable fee policy constrained to a 0.10%\u20131.00% corridor, and tracks per-wallet swap volume by season in the pool's USD leg. Only swaps routed through a trusted portal router receive personalized fees and volume tracking; all other swaps pay the maximum fee. No custody or swap delta."", ""deployer"": """"}"
0x0679b17686bce798161b6a916219c9f3cc96a888,uniswap_hooklist,3,PhiEthHooks,https://raw.githubusercontent.com/Uniswap/hooklist/65ef4121419193a5aad9a493d2f4d9710d2f7653/hooks/base/0x0679b17686bce798161b6a916219c9f3cc96a888.json,"{""name"": ""PhiEthHooks"", ""description"": ""Implements a 1:1 ETH/phiETH custom curve swap hook with zero fee. The hook intercepts swaps directly, depositing or withdrawing via the phiETH contract instead of using concentrated liquidity, and blocks any direct liquidity additions to the pool."", ""deployer"": """"}"
0x06c8d0d64fb60f085205fda66d0a4abfe78fa888,uniswap_hooklist,3,PhiEthHooks,https://raw.githubusercontent.com/Uniswap/hooklist/65ef4121419193a5aad9a493d2f4d9710d2f7653/hooks/base/0x06c8d0d64fb60f085205fda66d0a4abfe78fa888.json,"{""name"": ""PhiEthHooks"", ""description"": ""Implements a 1:1 custom swap curve between native ETH and phiEth token by intercepting swaps in beforeSwap, taking input from the PoolManager, converting via phiEth deposit/withdraw, and settling the output\u2014no-oping the standard AMM concentrated liquidity swap. Direct liquidity addition is blocked; only ETH/phiEth pools with zero fee are accepted."", ""deployer"": """"}"
0x06fb2fbcbce0a212106bd7f0c8d2713ab2628888,uniswap_hooklist,3,TrinityHookV8,https://raw.githubusercontent.com/Uniswap/hooklist/65ef4121419193a5aad9a493d2f4d9710d2f7653/hooks/base/0x06fb2fbcbce0a212106bd7f0c8d2713ab2628888.json,"{""name"": ""TrinityHookV8"", ""description"": ""A token-launch hook that maintains a single continuous concentrated liquidity position. On each exact-input swap, it extracts a symmetric fee: buy fees are forwarded to a configurable treasury address, sell fees are burned by transferring to 0xdead. External liquidity additions are permanently blocked; only the hook owner may seed the pool via addLiquidity()."", ""deployer"": """"}"
0x078a6fa4ba7e45dd4ee4e8f8b7a2490daec66888,uniswap_hooklist,3,PhiEthHooks,https://raw.githubusercontent.com/Uniswap/hooklist/65ef4121419193a5aad9a493d2f4d9710d2f7653/hooks/base/0x078a6fa4ba7e45dd4ee4e8f8b7a2490daec66888.json,"{""name"": ""PhiEthHooks"", ""description"": ""Implements a 1:1 custom swap curve between ETH and phiEth (a 1:1 ETH wrapper token), minting phiEth on ETH-in swaps and burning it on ETH-out swaps via beforeSwapReturnsDelta. Direct liquidity provision is disabled; the pool acts solely as a gasless conversion mechanism between ETH and phiEth."", ""deployer"": """"}"
0x07cd1505846bc1a0a7b38065684e7dcbde6f2000,uniswap_hooklist,3,LpGuardHook,https://raw.githubusercontent.com/Uniswap/hooklist/65ef4121419193a5aad9a493d2f4d9710d2f7653/hooks/base/0x07cd1505846bc1a0a7b38065684e7dcbde6f2000.json,"{""name"": ""LpGuardHook"", ""description"": ""A hook that restricts pool initialization to a single whitelisted launcher address, reverting any attempt to initialize a pool from an unauthorized caller."", ""deployer"": """"}"
0x0855d12094daade3bc2441b04a09eb57a65fa888,uniswap_hooklist,3,PhiEthHooks,https://raw.githubusercontent.com/Uniswap/hooklist/65ef4121419193a5aad9a493d2f4d9710d2f7653/hooks/base/0x0855d12094daade3bc2441b04a09eb57a65fa888.json,"{""name"": ""PhiEthHooks"", ""description"": ""Implements a 1:1 custom curve swap between ETH and phiEth (a wrapped ETH token) by intercepting swaps in beforeSwap: takes input tokens from the PoolManager, converts via phiEth deposit/withdraw, and settles the output \u2014 fully bypassing concentrated liquidity. Direct liquidity additions are blocked via beforeAddLiquidity."", ""deployer"": """"}"
0x08d2b0ece064a5b1456f5cc49cdecf7da6c6a888,uniswap_hooklist,3,PhiEthHooks,https://raw.githubusercontent.com/Uniswap/hooklist/65ef4121419193a5aad9a493d2f4d9710d2f7653/hooks/base/0x08d2b0ece064a5b1456f5cc49cdecf7da6c6a888.json,"{""name"": ""PhiEthHooks"", ""description"": ""Implements a custom 1:1 ETH/phiEth swap curve by intercepting swaps in beforeSwap: takes input from the PoolManager, converts ETH\u2194phiEth via deposit/withdraw, and settles the output directly, bypassing the concentrated liquidity AMM. Liquidity additions are permanently blocked."", ""deployer"": """"}"
0x09166d0cf3cf3ad97924398e72e0da3908d32888,uniswap_hooklist,3,PhiEthHooks,https://raw.githubusercontent.com/Uniswap/hooklist/65ef4121419193a5aad9a493d2f4d9710d2f7653/hooks/base/0x09166d0cf3cf3ad97924398e72e0da3908d32888.json,"{""name"": ""PhiEthHooks"", ""description"": ""A custom-curve hook that enables 1:1 swapping between ETH and phiEth (an ETH wrapper) by intercepting swaps, taking the input, depositing/withdrawing via the phiEth contract, and settling the output directly \u2014 bypassing concentrated liquidity entirely. Liquidity additions are blocked and only ETH/phiEth pools with zero fee are permitted."", ""deployer"": """"}"
0x09ac04b0ddd4743a9de52b42e99798f4e332a888,uniswap_hooklist,3,PhiEthHooks,https://raw.githubusercontent.com/Uniswap/hooklist/65ef4121419193a5aad9a493d2f4d9710d2f7653/hooks/base/0x09ac04b0ddd4743a9de52b42e99798f4e332a888.json,"{""name"": ""PhiEthHooks"", ""description"": ""Implements a 1:1 ETH/phiEth custom curve by intercepting swaps in beforeSwap, minting or burning phiEth tokens directly via deposit/withdraw, and returning a BeforeSwapDelta to fully bypass concentrated liquidity. Liquidity additions to the pool are blocked."", ""deployer"": """"}"
0x0a4bcd7658f5393a5e7c814c2f7706aeb6052888,uniswap_hooklist,3,PhiEthHooks,https://raw.githubusercontent.com/Uniswap/hooklist/65ef4121419193a5aad9a493d2f4d9710d2f7653/hooks/base/0x0a4bcd7658f5393a5e7c814c2f7706aeb6052888.json,"{""name"": ""PhiEthHooks"", ""description"": ""A 1:1 custom curve hook for swapping between ETH and phiETH (a wrapped ETH token), implemented via beforeSwapReturnsDelta to bypass concentrated liquidity AMM. Restricts pool initialization to ETH/phiETH pairs with zero fee and blocks direct liquidity additions."", ""deployer"": """"}"
0x0b8fbfa9861af89d7d2cf2e55f61cee982a22080,uniswap_hooklist,3,GovernedLBPStrategy,https://raw.githubusercontent.com/Uniswap/hooklist/65ef4121419193a5aad9a493d2f4d9710d2f7653/hooks/base/0x0b8fbfa9861af89d7d2cf2e55f61cee982a22080.json,"{""name"": ""GovernedLBPStrategy"", ""description"": ""A governance-controlled Liquidity Bootstrapping Pool (LBP) strategy hook that restricts pool initialization to the contract itself and blocks all swaps until a designated governance address approves migration."", ""deployer"": ""0xBc869216dAD02E1A95c1478a459D064b16F41B24""}"
0x0bbac9986fab6bca7359493faf4b028e16e22040,uniswap_hooklist,3,ExponentialLiquidityHook,https://raw.githubusercontent.com/Uniswap/hooklist/65ef4121419193a5aad9a493d2f4d9710d2f7653/hooks/base/0x0bbac9986fab6bca7359493faf4b028e16e22040.json,"{""name"": ""ExponentialLiquidityHook"", ""description"": ""A bonding curve hook that deploys new ERC20/WBTC pools with exponentially-distributed liquidity across tick segments. After each swap, checks if the price has crossed the bonding curve endpoint; if so, removes all liquidity and transfers accumulated WBTC to the token contract, enabling \""pack opening\"" on the associated PackERC20."", ""deployer"": """"}"
0x0bd04f1461371143a2ad62d53d06839afe1e6888,uniswap_hooklist,3,PhiEthHooks,https://raw.githubusercontent.com/Uniswap/hooklist/65ef4121419193a5aad9a493d2f4d9710d2f7653/hooks/base/0x0bd04f1461371143a2ad62d53d06839afe1e6888.json,"{""name"": ""PhiEthHooks"", ""description"": ""A custom-curve hook that implements 1:1 ETH\u2194phiEth swaps via beforeSwap with return delta, bypassing the AMM entirely: it takes input from the pool manager, mints or burns phiEth, and settles output directly. Liquidity addition is blocked; only ETH/phiEth pools with zero fee are permitted."", ""deployer"": """"}"
0x0bf1941958ec42696296311be072eb04312e90c0,uniswap_hooklist,3,ZoraV4CoinHook,https://raw.githubusercontent.com/Uniswap/hooklist/65ef4121419193a5aad9a493d2f4d9710d2f7653/hooks/base/0x0bf1941958ec42696296311be072eb04312e90c0.json,"{""name"": ""ZoraV4CoinHook"", ""description"": ""Zora Coins V4 hook that collects LP fees on every swap, converts them to a backing currency via multi-hop paths, and distributes rewards. Applies dynamic swap fees computed by an external FeeManager and supports pool migration to newer hook versions via a permissioned upgrade gate."", ""deployer"": """"}"
0x0d020c33e3a905d5dfa742a3a0d48b6a0f3e6888,uniswap_hooklist,3,PhiEthHooks,https://raw.githubusercontent.com/Uniswap/hooklist/65ef4121419193a5aad9a493d2f4d9710d2f7653/hooks/base/0x0d020c33e3a905d5dfa742a3a0d48b6a0f3e6888.json,"{""name"": ""PhiEthHooks"", ""description"": ""A 1:1 ETH/phiEth custom curve hook that intercepts swaps in beforeSwap, minting or burning phiEth tokens directly and returning a full BeforeSwapDelta to bypass concentrated liquidity entirely. Zero-fee pools only; direct liquidity additions are blocked."", ""deployer"": """"}"
0x0d25ac21c91c4828c6a20048b9ed159aa9546888,uniswap_hooklist,3,PhiEthHooks,https://raw.githubusercontent.com/Uniswap/hooklist/65ef4121419193a5aad9a493d2f4d9710d2f7653/hooks/base/0x0d25ac21c91c4828c6a20048b9ed159aa9546888.json,"{""name"": ""PhiEthHooks"", ""description"": ""A custom-curve hook for a phiEth/ETH pool that performs 1:1 ETH\u2194phiEth conversions via beforeSwap, bypassing concentrated liquidity entirely. The hook takes input from the PoolManager, converts via phiEth.deposit() or phiEth.withdraw(), and settles the output; direct liquidity addition is blocked."", ""deployer"": """"}"
0x0dbe21d8050457e2f0a828d6762a488a88ba6888,uniswap_hooklist,3,PhiEthHooks,https://raw.githubusercontent.com/Uniswap/hooklist/65ef4121419193a5aad9a493d2f4d9710d2f7653/hooks/base/0x0dbe21d8050457e2f0a828d6762a488a88ba6888.json,"{""name"": ""PhiEthHooks"", ""description"": ""A custom-curve hook that enables 1:1 ETH\u2194phiETH swaps by taking input tokens from the PoolManager, minting or burning phiETH via deposit/withdraw, and returning a BeforeSwapDelta that no-ops the AMM. Liquidity additions are blocked; only ETH/phiETH zero-fee pools are permitted."", ""deployer"": """"}"
0x0e6f1f754b16da0d5b2d6bf5d9bcac5c87dfa888,uniswap_hooklist,3,PhiEthHooks,https://raw.githubusercontent.com/Uniswap/hooklist/65ef4121419193a5aad9a493d2f4d9710d2f7653/hooks/base/0x0e6f1f754b16da0d5b2d6bf5d9bcac5c87dfa888.json,"{""name"": ""PhiEthHooks"", ""description"": ""Implements a 1:1 ETH/phiEth custom curve hook. In beforeSwap, it takes input from the PoolManager, calls phiEth.deposit or phiEth.withdraw to convert between ETH and phiEth, settles the output, and returns a full BeforeSwapDelta to bypass concentrated liquidity. Liquidity addition is permanently blocked."", ""deployer"": """"}"
0x0e745157444c86e72da42784f3653b1489dca888,uniswap_hooklist,3,PhiEthHooks,https://raw.githubusercontent.com/Uniswap/hooklist/65ef4121419193a5aad9a493d2f4d9710d2f7653/hooks/base/0x0e745157444c86e72da42784f3653b1489dca888.json,"{""name"": ""PhiEthHooks"", ""description"": ""A 1:1 ETH/phiEth exchange hook that replaces normal pool swap logic with direct deposit/withdraw calls to the phiEth contract. Swaps are processed at par with zero fee; liquidity additions are blocked, and only ETH/phiEth pairs with zero fee are accepted."", ""deployer"": """"}"
0x0f4e57ed4875c7150f8e35a3ac5c0ed0870d2888,uniswap_hooklist,3,PhiEthHooks,https://raw.githubusercontent.com/Uniswap/hooklist/65ef4121419193a5aad9a493d2f4d9710d2f7653/hooks/base/0x0f4e57ed4875c7150f8e35a3ac5c0ed0870d2888.json,"{""name"": ""PhiEthHooks"", ""description"": ""A custom-curve hook for ETH/phiEth pools that implements 1:1 swaps via beforeSwapReturnsDelta, performing ETH deposits or withdrawals through the phiEth contract and settling balances directly with the PoolManager. Liquidity addition to the pool is always blocked."", ""deployer"": """"}"
0x0fcdd0dcd65deef83e649f270086e5b1f69950cc,uniswap_hooklist,3,TreasuryHook,https://raw.githubusercontent.com/Uniswap/hooklist/65ef4121419193a5aad9a493d2f4d9710d2f7653/hooks/base/0x0fcdd0dcd65deef83e649f270086e5b1f69950cc.json,"{""name"": ""TreasuryHook"", ""description"": ""A Uniswap v4 hook that charges a 3% buy tax on ETH\u2192token swaps (deducted in beforeSwap) and a 3% sell tax on token\u2192ETH swaps (deducted in afterSwap), routing fees to a treasury address. Trading is gated behind an owner-controlled enableTrading() switch, with an optional max-wallet restriction on buys."", ""deployer"": """"}"
0x0fd17dc291cd04fedd6d2f1fa6c1f247e6546a40,uniswap_hooklist,3,OwnerManagedRangeHook,https://raw.githubusercontent.com/Uniswap/hooklist/65ef4121419193a5aad9a493d2f4d9710d2f7653/hooks/base/0x0fd17dc291cd04fedd6d2f1fa6c1f247e6546a40.json,"{""name"": ""OwnerManagedRangeHook"", ""description"": ""Owner-managed concentrated liquidity hook for a single SLEUTH/USDC pool on Base. Maintains two hook-owned positions (a main concentrated range and a single-sided USDC bid), with owner-controlled seeding, reanchoring, and optional auto-compounding of accrued fees triggered on each swap."", ""deployer"": """"}"
0x0fdcfdd6c8b94176942348a607fd2aab6f99e888,uniswap_hooklist,3,PhiEthHooks,https://raw.githubusercontent.com/Uniswap/hooklist/65ef4121419193a5aad9a493d2f4d9710d2f7653/hooks/base/0x0fdcfdd6c8b94176942348a607fd2aab6f99e888.json,"{""name"": ""PhiEthHooks"", ""description"": ""Implements a 1:1 custom swap curve between ETH and phiEth by intercepting swaps via beforeSwapReturnsDelta: it takes the input token from the PoolManager, calls phiEth.deposit() or phiEth.withdraw() to convert, then settles the output, fully bypassing concentrated liquidity. Liquidity additions are blocked unconditionally, and the hook only initializes on zero-fee ETH/phiEth pools."", ""deployer"": """"}"
0x1099fc9a67e3b3bd02ebef22a12f7ab8607f2888,uniswap_hooklist,3,PhiEthHooks,https://raw.githubusercontent.com/Uniswap/hooklist/65ef4121419193a5aad9a493d2f4d9710d2f7653/hooks/base/0x1099fc9a67e3b3bd02ebef22a12f7ab8607f2888.json,"{""name"": ""PhiEthHooks"", ""description"": ""Implements a 1:1 custom AMM curve for ETH/phiEth swaps by intercepting beforeSwap, taking input tokens from the PoolManager, converting via phiEth deposit/withdraw, and settling the output \u2014 bypassing concentrated liquidity entirely. Direct liquidity additions are blocked."", ""deployer"": """"}"
0x11112d0042da957999f439649988684c1cd55000,uniswap_hooklist,3,SaturnOmnichainV4Hook,https://raw.githubusercontent.com/Uniswap/hooklist/65ef4121419193a5aad9a493d2f4d9710d2f7653/hooks/base/0x11112d0042da957999f439649988684c1cd55000.json,"{""name"": ""SaturnOmnichainV4Hook"", ""description"": ""Minimal hook for the Saturn Omnichain project; the afterInitialize callback itself is a no-op. A separate initializePool() function on the contract records the initial pool tick and sets a poolInitialized flag. Has no effect on swaps, liquidity operations, or fees."", ""deployer"": """"}"
0x11f94f1177242678b4284fb358cd1543ded22888,uniswap_hooklist,3,PhiEthHooks,https://raw.githubusercontent.com/Uniswap/hooklist/65ef4121419193a5aad9a493d2f4d9710d2f7653/hooks/base/0x11f94f1177242678b4284fb358cd1543ded22888.json,"{""name"": ""PhiEthHooks"", ""description"": ""Hook implementing a 1:1 custom-curve swap between ETH and phiEth (a wrapped-ETH token), handling deposit/withdraw in beforeSwap via a BeforeSwapDelta return. Pool initialization is restricted to ETH/phiEth pairs with zero fee, and direct liquidity addition always reverts."", ""deployer"": """"}"
0x123cbea7f4d2c30171339f6d8dd02b4f6a7c6888,uniswap_hooklist,3,PhiEthHooks,https://raw.githubusercontent.com/Uniswap/hooklist/65ef4121419193a5aad9a493d2f4d9710d2f7653/hooks/base/0x123cbea7f4d2c30171339f6d8dd02b4f6a7c6888.json,"{""name"": ""PhiEthHooks"", ""description"": ""A custom-curve hook implementing 1:1 ETH/phiETH swaps by intercepting beforeSwap, taking input from the PoolManager, minting or burning phiETH via deposit/withdraw, and settling output directly \u2014 bypassing concentrated liquidity entirely. Direct liquidity additions to the pool are permanently blocked."", ""deployer"": """"}"
0x124e578e6ce93949072b850cff388399111008c0,uniswap_hooklist,3,JITRangeHook,https://raw.githubusercontent.com/Uniswap/hooklist/65ef4121419193a5aad9a493d2f4d9710d2f7653/hooks/base/0x124e578e6ce93949072b850cff388399111008c0.json,"{""name"": ""JITRangeHook"", ""description"": ""A sole-operator JIT liquidity hook that prices each swap via an internal quote engine, then injects a single-sided one-tick liquidity range at a computed effective price tick in beforeSwap and removes it in afterSwap, enforcing full fill and window-based notional caps. Blocks third-party LPs via beforeAddLiquidity revert; requires operator to push prices off-chain and fund inventory as ERC-6909 claims."", ""deployer"": """"}"
0x12d4d49701953467486a5023863024f19706a888,uniswap_hooklist,3,PhiEthHooks,https://raw.githubusercontent.com/Uniswap/hooklist/65ef4121419193a5aad9a493d2f4d9710d2f7653/hooks/base/0x12d4d49701953467486a5023863024f19706a888.json,"{""name"": ""PhiEthHooks"", ""description"": ""A custom-curve hook that implements 1:1 ETH\u2194phiETH swaps by intercepting beforeSwap to take the input token from the pool manager, convert it via phiEth deposit/withdraw, and settle the output \u2014 bypassing concentrated liquidity entirely. Liquidity addition to the pool is permanently blocked."", ""deployer"": """"}"
0x12dc697d98bdd8e1451edfb8a2720470841b2888,uniswap_hooklist,3,PhiEthHooks,https://raw.githubusercontent.com/Uniswap/hooklist/65ef4121419193a5aad9a493d2f4d9710d2f7653/hooks/base/0x12dc697d98bdd8e1451edfb8a2720470841b2888.json,"{""name"": ""PhiEthHooks"", ""description"": ""A custom-curve hook that implements 1:1 ETH\u2194phiEth swaps by taking the input from the PoolManager, wrapping or unwrapping ETH via the phiEth contract, and settling the output \u2014 completely bypassing concentrated liquidity. Direct liquidity additions are blocked via revert in beforeAddLiquidity."", ""deployer"": """"}"
0x12ef9e12a0706941935b8b24ad1448d09d95e888,uniswap_hooklist,3,PhiEthHooks,https://raw.githubusercontent.com/Uniswap/hooklist/65ef4121419193a5aad9a493d2f4d9710d2f7653/hooks/base/0x12ef9e12a0706941935b8b24ad1448d09d95e888.json,"{""name"": ""PhiEthHooks"", ""description"": ""A custom-curve hook implementing 1:1 ETH/phiETH swaps by taking input from the pool manager, depositing or withdrawing via the phiEth wrapper contract, and settling output directly. Liquidity addition is blocked and fee must be zero; swaps execute at exact parity with no concentrated liquidity involved."", ""deployer"": """"}"
0x15d37fafdfe5069eda37648e2fb3874e538ae888,uniswap_hooklist,3,PhiEthHooks,https://raw.githubusercontent.com/Uniswap/hooklist/65ef4121419193a5aad9a493d2f4d9710d2f7653/hooks/base/0x15d37fafdfe5069eda37648e2fb3874e538ae888.json,"{""name"": ""PhiEthHooks"", ""description"": ""Custom curve hook for a phiEth/ETH pool that enforces 1:1 swaps. It intercepts swaps via beforeSwap, calls phiEth.deposit or phiEth.withdraw directly, settles the output, and returns a BeforeSwapDelta to no-op the AMM's concentrated liquidity math. The pool must be fee-zero, and liquidity addition is permanently blocked."", ""deployer"": """"}"
0x15d8f926cb3b1606a795c62d10401fcb9b85a888,uniswap_hooklist,3,PhiEthHooks,https://raw.githubusercontent.com/Uniswap/hooklist/65ef4121419193a5aad9a493d2f4d9710d2f7653/hooks/base/0x15d8f926cb3b1606a795c62d10401fcb9b85a888.json,"{""name"": ""PhiEthHooks"", ""description"": ""Implements a custom 1:1 ETH/phiETH swap curve via beforeSwap: takes the full input amount from the PoolManager, deposits or withdraws through the phiEth contract, and settles the output \u2014 bypassing AMM concentrated liquidity via BeforeSwapDelta. Blocks direct liquidity additions and restricts pool initialization to ETH/phiETH pairs with zero fees."", ""deployer"": """"}"
0x163e833db40a244b4b11414472a9f147e875a888,uniswap_hooklist,3,PhiEthHooks,https://raw.githubusercontent.com/Uniswap/hooklist/65ef4121419193a5aad9a493d2f4d9710d2f7653/hooks/base/0x163e833db40a244b4b11414472a9f147e875a888.json,"{""name"": ""PhiEthHooks"", ""description"": ""A custom-curve hook implementing 1:1 ETH \u2194 phiETH swaps. It intercepts beforeSwap to take the input token, convert via phiETH deposit/withdraw, settle the output, and return a full BeforeSwapDelta to bypass concentrated liquidity. Direct liquidity additions are blocked with a revert."", ""deployer"": """"}"
0x17472783083c5269e795c785992a98488c10e888,uniswap_hooklist,3,PhiEthHooks,https://raw.githubusercontent.com/Uniswap/hooklist/65ef4121419193a5aad9a493d2f4d9710d2f7653/hooks/base/0x17472783083c5269e795c785992a98488c10e888.json,"{""name"": ""PhiEthHooks"", ""description"": ""A custom-curve hook that implements 1:1 ETH/phiEth swaps by intercepting beforeSwap to take the input token, convert it via phiEth deposit/withdraw, and settle the output directly with the pool manager. Liquidity additions to the pool are permanently blocked via beforeAddLiquidity revert."", ""deployer"": """"}"
0x180d1981ee8d6cc878df230a05787cd831f70040,uniswap_hooklist,3,SpectraHook,https://raw.githubusercontent.com/Uniswap/hooklist/65ef4121419193a5aad9a493d2f4d9710d2f7653/hooks/base/0x180d1981ee8d6cc878df230a05787cd831f70040.json,"{""name"": ""SpectraHook"", ""description"": ""Standalone afterSwap hook for SpectraLaunch token pools: after each swap, harvests the pool token's parked fee balance via takeFeeBalance(), auto-sells it for ETH via a nested poolManager.swap() call, then distributes the ETH proceeds to token holders pro-rata via the token's creditPoolFees() accumulator."", ""deployer"": """"}"
0x1811dabc277a3b1ff2c1cedba3950d5cb283e888,uniswap_hooklist,3,PhiEthHooks,https://raw.githubusercontent.com/Uniswap/hooklist/65ef4121419193a5aad9a493d2f4d9710d2f7653/hooks/base/0x1811dabc277a3b1ff2c1cedba3950d5cb283e888.json,"{""name"": ""PhiEthHooks"", ""description"": ""Implements a 1:1 ETH/phiEth custom swap curve by intercepting swaps in beforeSwap: takes the input from the pool manager, calls phiEth.deposit or phiEth.withdraw to convert, then settles the output directly. Blocks all direct liquidity additions to the pool."", ""deployer"": """"}"
0x1858c55bbbda8226d4f1265feee41f07ec89e888,uniswap_hooklist,3,PhiEthHooks,https://raw.githubusercontent.com/Uniswap/hooklist/65ef4121419193a5aad9a493d2f4d9710d2f7653/hooks/base/0x1858c55bbbda8226d4f1265feee41f07ec89e888.json,"{""name"": ""PhiEthHooks"", ""description"": ""A custom-curve hook for ETH/phiETH pools that implements 1:1 swaps via beforeSwap delta returns, converting between ETH and phiETH using the phiEth contract. Liquidity provision is permanently blocked; only zero-fee ETH/phiETH pools may use this hook."", ""deployer"": """"}"
0x18638c43e56c8968ba3edfa22eff8af14647a888,uniswap_hooklist,3,PhiEthHooks,https://raw.githubusercontent.com/Uniswap/hooklist/65ef4121419193a5aad9a493d2f4d9710d2f7653/hooks/base/0x18638c43e56c8968ba3edfa22eff8af14647a888.json,"{""name"": ""PhiEthHooks"", ""description"": ""A custom-curve hook implementing 1:1 ETH/phiEth swaps. In beforeSwap, it takes the input token from the pool manager, converts via phiEth deposit or withdraw, settles the output, and returns a delta that no-ops the concentrated liquidity math. Adding liquidity to the pool is always reverted."", ""deployer"": """"}"
0x188434fbb9fe628b32684ca3df7a003c5c666888,uniswap_hooklist,3,PhiEthHooks,https://raw.githubusercontent.com/Uniswap/hooklist/65ef4121419193a5aad9a493d2f4d9710d2f7653/hooks/base/0x188434fbb9fe628b32684ca3df7a003c5c666888.json,"{""name"": ""PhiEthHooks"", ""description"": ""Implements a 1:1 custom swap curve for ETH\u2194phiEth token pairs by intercepting beforeSwap to take input, call phiEth.deposit/withdraw, and settle output directly \u2014 bypassing concentrated liquidity entirely. Prevents direct liquidity addition and restricts pool initialization to zero-fee ETH/phiEth pools only."", ""deployer"": """"}"
0x18cf6f5a3cf772bfe4e2eb76c19b2f31a520a888,uniswap_hooklist,3,PhiEthHooks,https://raw.githubusercontent.com/Uniswap/hooklist/65ef4121419193a5aad9a493d2f4d9710d2f7653/hooks/base/0x18cf6f5a3cf772bfe4e2eb76c19b2f31a520a888.json,"{""name"": ""PhiEthHooks"", ""description"": ""Implements a 1:1 custom curve between ETH and phiEth by intercepting swaps in beforeSwap: takes the input from the PoolManager, converts via phiEth deposit/withdraw, then settles the output \u2014 fully bypassing concentrated liquidity. Liquidity additions are blocked via beforeAddLiquidity revert."", ""deployer"": """"}"
0x18f8631ae6c57417960e6032f4edf184ad446888,uniswap_hooklist,3,PhiEthHooks,https://raw.githubusercontent.com/Uniswap/hooklist/65ef4121419193a5aad9a493d2f4d9710d2f7653/hooks/base/0x18f8631ae6c57417960e6032f4edf184ad446888.json,"{""name"": ""PhiEthHooks"", ""description"": ""A 1:1 ETH/phiEth swap hook implementing a custom curve via `beforeSwap`: takes the full input, converts via phiEth deposit/withdraw, and settles the output directly. Liquidity addition is blocked; only zero-fee ETH/phiEth pools are accepted."", ""deployer"": """"}"
0x19189ed17a6cb3df20706ead02a4cff820602888,uniswap_hooklist,3,PhiEthHooks,https://raw.githubusercontent.com/Uniswap/hooklist/65ef4121419193a5aad9a493d2f4d9710d2f7653/hooks/base/0x19189ed17a6cb3df20706ead02a4cff820602888.json,"{""name"": ""PhiEthHooks"", ""description"": ""Implements a custom 1:1 ETH/phiETH swap curve by intercepting beforeSwap, taking the input via the pool manager, and minting or burning phiETH tokens directly. Liquidity addition is entirely blocked; all conversions execute at zero fee with no concentrated liquidity involved."", ""deployer"": """"}"
0x191e0b54f460efc5cc7302a8456b6b44cf052888,uniswap_hooklist,3,PhiEthHooks,https://raw.githubusercontent.com/Uniswap/hooklist/65ef4121419193a5aad9a493d2f4d9710d2f7653/hooks/base/0x191e0b54f460efc5cc7302a8456b6b44cf052888.json,"{""name"": ""PhiEthHooks"", ""description"": ""Implements a custom 1:1 ETH\u2194phiEth swap curve using beforeSwapReturnsDelta, taking input from the PoolManager, depositing/withdrawing via the phiEth contract, and settling output \u2014 bypassing concentrated liquidity entirely. Blocks direct liquidity additions and restricts pool initialization to ETH/phiEth pairs with zero fees."", ""deployer"": """"}"
0x192499a79cadb2e9ba221a252a3e3b7adc714880,uniswap_hooklist,3,ArrakisPrivateHook,https://raw.githubusercontent.com/Uniswap/hooklist/65ef4121419193a5aad9a493d2f4d9710d2f7653/hooks/base/0x192499a79cadb2e9ba221a252a3e3b7adc714880.json,"{""name"": ""ArrakisPrivateHook"", ""description"": ""A Uniswap v4 hook for Arrakis private vaults that overrides LP fees per swap direction (zeroForOne vs oneForZero) as configured by the vault executor, and restricts liquidity additions to the vault's active module."", ""deployer"": """"}"
0x192f159261a357c0df20de45f8c99b23f18f2888,uniswap_hooklist,3,PhiEthHooks,https://raw.githubusercontent.com/Uniswap/hooklist/65ef4121419193a5aad9a493d2f4d9710d2f7653/hooks/base/0x192f159261a357c0df20de45f8c99b23f18f2888.json,"{""name"": ""PhiEthHooks"", ""description"": ""A custom-curve hook implementing 1:1 ETH/phiEth swaps, bypassing concentrated liquidity by taking input from the PoolManager, converting via phiEth deposit/withdraw, and settling the output. Liquidity additions are blocked."", ""deployer"": """"}"
0x1a5419447ff20ebeb43da32d3c6f4d234d3ae888,uniswap_hooklist,3,PhiEthHooks,https://raw.githubusercontent.com/Uniswap/hooklist/65ef4121419193a5aad9a493d2f4d9710d2f7653/hooks/base/0x1a5419447ff20ebeb43da32d3c6f4d234d3ae888.json,"{""name"": ""PhiEthHooks"", ""description"": ""Implements a 1:1 custom swap curve between ETH and phiEth (a wrapped ETH token) by intercepting swaps in beforeSwap, taking input from the PoolManager, minting or burning phiEth accordingly, and returning a full delta to bypass concentrated liquidity. Blocks direct liquidity additions to the pool."", ""deployer"": """"}"
0x1a5fafac7cb98866cbcf0ac04d09842b3daae888,uniswap_hooklist,3,PhiEthHooks,https://raw.githubusercontent.com/Uniswap/hooklist/65ef4121419193a5aad9a493d2f4d9710d2f7653/hooks/base/0x1a5fafac7cb98866cbcf0ac04d09842b3daae888.json,"{""name"": ""PhiEthHooks"", ""description"": ""Implements a 1:1 ETH/phiEth swap by intercepting beforeSwap: takes input tokens from the PoolManager, calls phiEth.deposit() or withdraw() to convert, then settles the output \u2014 fully replacing concentrated liquidity execution. Direct liquidity addition is permanently blocked via beforeAddLiquidity revert."", ""deployer"": """"}"
0x1ab9e4195a2f3a367a8e6b2139ece0b87942a888,uniswap_hooklist,3,PhiEthHooks,https://raw.githubusercontent.com/Uniswap/hooklist/65ef4121419193a5aad9a493d2f4d9710d2f7653/hooks/base/0x1ab9e4195a2f3a367a8e6b2139ece0b87942a888.json,"{""name"": ""PhiEthHooks"", ""description"": ""Implements a 1:1 ETH/phiETH custom curve swap hook. In beforeSwap, it takes the input token from the PoolManager, converts it via phiEth.deposit() or phiEth.withdraw(), settles the output token, and returns a BeforeSwapDelta that no-ops the concentrated liquidity AMM math. Direct liquidity addition is blocked with a revert."", ""deployer"": """"}"
0x1afad1acbe9398b25d43224ab584504b0afda888,uniswap_hooklist,3,PhiEthHooks,https://raw.githubusercontent.com/Uniswap/hooklist/65ef4121419193a5aad9a493d2f4d9710d2f7653/hooks/base/0x1afad1acbe9398b25d43224ab584504b0afda888.json,"{""name"": ""PhiEthHooks"", ""description"": ""Implements a 1:1 ETH/phiEth custom swap curve with zero fee. In beforeSwap, the hook takes the input token, converts it via phiEth.deposit() or phiEth.withdraw(), and settles the output directly, bypassing the concentrated liquidity AMM entirely via a BeforeSwapDelta return. Only ETH/phiEth pairs with zero fee are accepted; adding liquidity directly to the pool is blocked."", ""deployer"": """"}"
0x1afdeac1a35550ca44c9cd4374d8ea1c5d5da888,uniswap_hooklist,3,PhiEthHooks,https://raw.githubusercontent.com/Uniswap/hooklist/65ef4121419193a5aad9a493d2f4d9710d2f7653/hooks/base/0x1afdeac1a35550ca44c9cd4374d8ea1c5d5da888.json,"{""name"": ""PhiEthHooks"", ""description"": ""A hook implementing a 1:1 ETH/phiETH custom swap curve that bypasses concentrated liquidity: it takes the full input from the PoolManager, mints or burns phiETH accordingly, and settles the output \u2014 returning a BeforeSwapDelta to no-op the AMM. Liquidity provision is disabled."", ""deployer"": """"}"
0x1b218c0dfbcc45d36406fc073ffe17d91a4de888,uniswap_hooklist,3,PhiEthHooks,https://raw.githubusercontent.com/Uniswap/hooklist/65ef4121419193a5aad9a493d2f4d9710d2f7653/hooks/base/0x1b218c0dfbcc45d36406fc073ffe17d91a4de888.json,"{""name"": ""PhiEthHooks"", ""description"": ""A 1:1 ETH/phiEth swap hook that implements a custom constant-price curve entirely within beforeSwap: it takes the input token from the PoolManager, calls phiEth.deposit or phiEth.withdraw to convert, settles the output, and returns a full BeforeSwapDelta to no-op the AMM. Direct liquidity additions are blocked."", ""deployer"": """"}"
0x1b9c15077d5af06dfd45eae6197fd5d4b36ea888,uniswap_hooklist,3,PhiEthHooks,https://raw.githubusercontent.com/Uniswap/hooklist/65ef4121419193a5aad9a493d2f4d9710d2f7653/hooks/base/0x1b9c15077d5af06dfd45eae6197fd5d4b36ea888.json,"{""name"": ""PhiEthHooks"", ""description"": ""Implements a custom 1:1 swap curve between ETH and phiEth (an ETH 1:1 wrapper token). In beforeSwap, it takes input tokens from the pool manager, calls phiEth.deposit() or phiEth.withdraw() to convert, then settles output \u2014 bypassing concentrated liquidity entirely. Direct liquidity additions are blocked; only ETH/phiEth zero-fee pools may use this hook."", ""deployer"": """"}"
0x1c0c00db76140b4e7deb997ccf1246d8d6b80440,uniswap_hooklist,3,A51peg Hook,https://raw.githubusercontent.com/Uniswap/hooklist/65ef4121419193a5aad9a493d2f4d9710d2f7653/hooks/base/0x1c0c00db76140b4e7deb997ccf1246d8d6b80440.json,"{""name"": ""A51peg Hook"", ""description"": ""A51pegHook locks the A51peg token pool on first liquidity addition, and in afterSwap opportunistically triggers NFT reveal when an unrevealed token is pending. Emits swap analytics events via AlienSwap. No swap access control."", ""deployer"": """"}"
0x1cd110108e4d2f61452d58992c0e7e1d17a8a888,uniswap_hooklist,3,PhiEthHooks,https://raw.githubusercontent.com/Uniswap/hooklist/65ef4121419193a5aad9a493d2f4d9710d2f7653/hooks/base/0x1cd110108e4d2f61452d58992c0e7e1d17a8a888.json,"{""name"": ""PhiEthHooks"", ""description"": ""Implements a custom 1:1 swap curve for ETH/phiEth pools by intercepting swaps in beforeSwap, minting or burning phiEth via deposit/withdraw, and returning a BeforeSwapDelta that no-ops the concentrated liquidity mechanism. Liquidity additions to the pool are permanently blocked."", ""deployer"": """"}"
0x1d3771e6a701ba4eaf9de85a36df624367996888,uniswap_hooklist,3,PhiEthHooks,https://raw.githubusercontent.com/Uniswap/hooklist/65ef4121419193a5aad9a493d2f4d9710d2f7653/hooks/base/0x1d3771e6a701ba4eaf9de85a36df624367996888.json,"{""name"": ""PhiEthHooks"", ""description"": ""Implements a 1:1 ETH/phiEth custom swap curve by intercepting beforeSwap to take input, convert via phiEth deposit/withdraw, and settle output \u2014 bypassing concentrated liquidity entirely. Blocks all direct liquidity additions to the pool."", ""deployer"": """"}"
0x1d9dcdda546c022286483cb9a1162ce920186888,uniswap_hooklist,3,PhiEthHooks,https://raw.githubusercontent.com/Uniswap/hooklist/65ef4121419193a5aad9a493d2f4d9710d2f7653/hooks/base/0x1d9dcdda546c022286483cb9a1162ce920186888.json,"{""name"": ""PhiEthHooks"", ""description"": ""Implements a 1:1 ETH\u2194phiEth custom curve by intercepting swaps in beforeSwap: takes the input token from the PoolManager, mints or burns phiEth accordingly, settles the output, and returns a full BeforeSwapDelta to no-op the AMM. Liquidity addition is blocked; only zero-fee ETH/phiEth pools are permitted."", ""deployer"": """"}"
0x1e930958f896d687447ad745c37e8e99d77ca888,uniswap_hooklist,3,PhiEthHooks,https://raw.githubusercontent.com/Uniswap/hooklist/65ef4121419193a5aad9a493d2f4d9710d2f7653/hooks/base/0x1e930958f896d687447ad745c37e8e99d77ca888.json,"{""name"": ""PhiEthHooks"", ""description"": ""A 1:1 custom-curve hook for ETH/phiEth pools. Intercepts swaps via beforeSwap with delta returns, calling phiEth.deposit() or phiEth.withdraw() to convert between ETH and phiEth at a 1:1 rate with zero fee. Liquidity addition is permanently blocked via beforeAddLiquidity revert."", ""deployer"": """"}"
0x1ea2b90787bf053bad569a24bc17835700a9e888,uniswap_hooklist,3,PhiEthHooks,https://raw.githubusercontent.com/Uniswap/hooklist/65ef4121419193a5aad9a493d2f4d9710d2f7653/hooks/base/0x1ea2b90787bf053bad569a24bc17835700a9e888.json,"{""name"": ""PhiEthHooks"", ""description"": ""A 1:1 custom-curve hook for ETH/phiEth pools that bypasses concentrated liquidity by intercepting beforeSwap to call phiEth.deposit or phiEth.withdraw, settling tokens 1:1 with no fee. Only ETH/phiEth pairs with zero fee are permitted, and direct liquidity addition to the pool is permanently blocked."", ""deployer"": """"}"
0x1f248d53153e67db8ba79bfcac1fe96e65a16888,uniswap_hooklist,3,PhiEthHooks,https://raw.githubusercontent.com/Uniswap/hooklist/65ef4121419193a5aad9a493d2f4d9710d2f7653/hooks/base/0x1f248d53153e67db8ba79bfcac1fe96e65a16888.json,"{""name"": ""PhiEthHooks"", ""description"": ""A custom-curve hook implementing 1:1 ETH/phiEth swaps: it intercepts all swaps via beforeSwap, takes the input currency from the pool manager, deposits or withdraws through the phiEth wrapper, settles the output, and returns a delta that bypasses concentrated liquidity pricing entirely. Liquidity additions are blocked."", ""deployer"": """"}"
0x1f2ac5b279b87e019371a0e99cf4241e05ed2888,uniswap_hooklist,3,PhiEthHooks,https://raw.githubusercontent.com/Uniswap/hooklist/65ef4121419193a5aad9a493d2f4d9710d2f7653/hooks/base/0x1f2ac5b279b87e019371a0e99cf4241e05ed2888.json,"{""name"": ""PhiEthHooks"", ""description"": ""A custom-curve hook for ETH/phiEth pools that implements 1:1 ETH\u2194phiEth swapping via the phiEth deposit/withdraw interface, returning a BeforeSwapDelta to bypass concentrated liquidity math. Direct liquidity addition is blocked; only pools with ETH as token0, phiEth as token1, and zero fee are accepted."", ""deployer"": """"}"
0x1f6c7744a0b0393db8e96d3aaa023146828028cc,uniswap_hooklist,3,ClankerHookStaticFeeV2,https://raw.githubusercontent.com/Uniswap/hooklist/65ef4121419193a5aad9a493d2f4d9710d2f7653/hooks/base/0x1f6c7744a0b0393db8e96d3aaa023146828028cc.json,"{""name"": ""ClankerHookStaticFeeV2"", ""description"": ""A Clanker protocol hook with configurable per-direction static LP fees (clanker vs paired token direction), dynamically updated on each swap via updateDynamicLPFee. Collects a 20% protocol fee on the non-clanker token per trade using BeforeSwapDelta and AfterSwapDelta, with optional MEV protection modules and pool extensions."", ""deployer"": ""0x3B5AEdd9Ab921E592d2Fccaa6e33CF893e7EEb70""}"
0x1fb9415d1a5a844851687927f9c3a5de819d2888,uniswap_hooklist,3,PhiEthHooks,https://raw.githubusercontent.com/Uniswap/hooklist/65ef4121419193a5aad9a493d2f4d9710d2f7653/hooks/base/0x1fb9415d1a5a844851687927f9c3a5de819d2888.json,"{""name"": ""PhiEthHooks"", ""description"": ""A custom-curve hook that enables 1:1 swapping between ETH and phiEth (a 1:1 ETH wrapper), bypassing concentrated liquidity by taking the full input, converting via deposit/withdraw, and settling the output via beforeSwap delta. Liquidity addition to the pool is permanently blocked."", ""deployer"": """"}"
0x1fe633e42343efb545ce471b6a261cd6845288c0,uniswap_hooklist,3,OmniPriceHook,https://raw.githubusercontent.com/Uniswap/hooklist/65ef4121419193a5aad9a493d2f4d9710d2f7653/hooks/base/0x1fe633e42343efb545ce471b6a261cd6845288c0.json,"{""name"": ""OmniPriceHook"", ""description"": ""Prices swaps against a threshold-signed global price using JIT one-tick liquidity bands; maintains a visible straddle book position between swaps. Applies a dynamic fee (widened when the signed price is stale or intra-version drift is high), blocks external liquidity, and distributes fees across four configured recipients."", ""deployer"": """"}"
0x1ff4d8a58c77315955cec0471ad03829b5532888,uniswap_hooklist,3,PhiEthHooks,https://raw.githubusercontent.com/Uniswap/hooklist/65ef4121419193a5aad9a493d2f4d9710d2f7653/hooks/base/0x1ff4d8a58c77315955cec0471ad03829b5532888.json,"{""name"": ""PhiEthHooks"", ""description"": ""A 1:1 ETH/phiETH swap hook implementing a custom flat curve via beforeSwapReturnsDelta. On each swap it takes the input from the PoolManager, converts it through the phiETH contract (deposit for ETH\u2192phiETH, withdraw for phiETH\u2192ETH), and settles the output. Liquidity addition to the pool is permanently blocked."", ""deployer"": """"}"
0x1ffb2e5f51bf99e7e1547a4a88ac503503df2888,uniswap_hooklist,3,PhiEthHooks,https://raw.githubusercontent.com/Uniswap/hooklist/65ef4121419193a5aad9a493d2f4d9710d2f7653/hooks/base/0x1ffb2e5f51bf99e7e1547a4a88ac503503df2888.json,"{""name"": ""PhiEthHooks"", ""description"": ""Implements a 1:1 custom-curve pool for ETH/phiEth swaps by taking the full input in beforeSwap, converting via phiEth deposit/withdraw, and settling the output \u2014 effectively bypassing Uniswap's concentrated liquidity. Blocks direct liquidity additions to the pool."", ""deployer"": """"}"
0x2016c0e4f8bb1d6fea777dc791be919e2eda40c0,document,4,Uniswap routing-api allowlist,https://raw.githubusercontent.com/Uniswap/routing-api/main/lib/util/hooksAddressesAllowlist.ts,export const LIMIT_ORDER_HOOKS_ADDRESS_ON_UNICHAIN = '0x2016c0e4f8bb1d6fea777dc791be919e2eda40c0'
0x2026a91fa7d87bc78f316b72f98152099a7b2888,uniswap_hooklist,3,PhiEthHooks,https://raw.githubusercontent.com/Uniswap/hooklist/65ef4121419193a5aad9a493d2f4d9710d2f7653/hooks/base/0x2026a91fa7d87bc78f316b72f98152099a7b2888.json,"{""name"": ""PhiEthHooks"", ""description"": ""Implements a 1:1 custom-curve swap between ETH and phiEth (a wrapped ETH token) by intercepting swaps in beforeSwap, taking input tokens, converting via phiEth.deposit/withdraw, and settling the output \u2014 bypassing concentrated liquidity entirely. Liquidity addition to the pool is permanently blocked."", ""deployer"": """"}"
0x20dfdace224fb1552598f45ca0ce671d44d32888,uniswap_hooklist,3,PhiEthHooks,https://raw.githubusercontent.com/Uniswap/hooklist/65ef4121419193a5aad9a493d2f4d9710d2f7653/hooks/base/0x20dfdace224fb1552598f45ca0ce671d44d32888.json,"{""name"": ""PhiEthHooks"", ""description"": ""A 1:1 ETH/phiEth swap hook that implements a custom constant-price curve using beforeSwapReturnsDelta. It intercepts all swaps, converts ETH to phiEth (via deposit) or phiEth to ETH (via withdrawal) at a strict 1:1 rate, bypassing Uniswap concentrated liquidity entirely. Liquidity addition to the pool is permanently blocked."", ""deployer"": """"}"
0x2161e999b64eb03973483e783690fefaff34e888,uniswap_hooklist,3,PhiEthHooks,https://raw.githubusercontent.com/Uniswap/hooklist/65ef4121419193a5aad9a493d2f4d9710d2f7653/hooks/base/0x2161e999b64eb03973483e783690fefaff34e888.json,"{""name"": ""PhiEthHooks"", ""description"": ""A 1:1 custom-curve hook for ETH/phiEth pools. On each swap, it takes the input from the PoolManager, converts it through the phiEth contract (deposit for ETH\u2192phiEth, withdraw for phiEth\u2192ETH), and settles the output \u2014 bypassing concentrated liquidity entirely. Liquidity addition is unconditionally blocked."", ""deployer"": """"}"
0x2217ee118122c20403064030c6080a8bed17e888,uniswap_hooklist,3,PhiEthHooks,https://raw.githubusercontent.com/Uniswap/hooklist/65ef4121419193a5aad9a493d2f4d9710d2f7653/hooks/base/0x2217ee118122c20403064030c6080a8bed17e888.json,"{""name"": ""PhiEthHooks"", ""description"": ""A 1:1 ETH/phiEth swap hook that bypasses AMM pricing by implementing a custom constant-price curve via beforeSwapReturnsDelta. On each swap it takes the input from the PoolManager, calls phiEth.deposit() or phiEth.withdraw() to convert tokens, and settles the output. Liquidity addition to the pool is permanently blocked."", ""deployer"": """"}"
0x232db50eb16c65e13d5fa209d9bc00b58b9b2888,uniswap_hooklist,3,PhiEthHooks,https://raw.githubusercontent.com/Uniswap/hooklist/65ef4121419193a5aad9a493d2f4d9710d2f7653/hooks/base/0x232db50eb16c65e13d5fa209d9bc00b58b9b2888.json,"{""name"": ""PhiEthHooks"", ""description"": ""A custom-curve hook that swaps ETH and phiEth 1:1 by intercepting beforeSwap, minting/burning phiEth as needed, and returning a BeforeSwapDelta to no-op the concentrated liquidity swap. Direct liquidity additions are permanently blocked."", ""deployer"": """"}"
0x23ab2e6d4ab0c5f872567098671f1ffb46fd2500,uniswap_hooklist,3,TELxIncentiveHook,https://raw.githubusercontent.com/Uniswap/hooklist/65ef4121419193a5aad9a493d2f4d9710d2f7653/hooks/base/0x23ab2e6d4ab0c5f872567098671f1ffb46fd2500.json,"{""name"": ""TELxIncentiveHook"", ""description"": ""Tracks LP positions and fee accruals in an external PositionRegistry to support off-chain incentive/reward distribution. Liquidity callbacks are restricted to an authorized position manager address; no swap logic is implemented."", ""deployer"": """"}"
0x24894235d67fef2fb4ada5a7c250d3cc4886e888,uniswap_hooklist,3,PhiEthHooks,https://raw.githubusercontent.com/Uniswap/hooklist/65ef4121419193a5aad9a493d2f4d9710d2f7653/hooks/base/0x24894235d67fef2fb4ada5a7c250d3cc4886e888.json,"{""name"": ""PhiEthHooks"", ""description"": ""A 1:1 ETH/phiEth swap hook that implements a custom curve in beforeSwap. It takes input tokens from the PoolManager, converts them via phiEth.deposit() or phiEth.withdraw(), and settles the output, bypassing concentrated liquidity math entirely. Adding liquidity to the pool is permanently blocked via a revert in beforeAddLiquidity."", ""deployer"": """"}"
0x24fe52159062f22a5013d1e73ebdc6a0392de888,uniswap_hooklist,3,PhiEthHooks,https://raw.githubusercontent.com/Uniswap/hooklist/65ef4121419193a5aad9a493d2f4d9710d2f7653/hooks/base/0x24fe52159062f22a5013d1e73ebdc6a0392de888.json,"{""name"": ""PhiEthHooks"", ""description"": ""Implements a 1:1 custom-curve swap between ETH and phiEth by intercepting beforeSwap, calling phiEth.deposit/withdraw, and returning a full BeforeSwapDelta to bypass concentrated liquidity. Liquidity addition is permanently disabled via a reverting beforeAddLiquidity hook."", ""deployer"": """"}"
0x250da2886d65e8b5056ab887e998b776dcb22888,uniswap_hooklist,3,PhiEthHooks,https://raw.githubusercontent.com/Uniswap/hooklist/65ef4121419193a5aad9a493d2f4d9710d2f7653/hooks/base/0x250da2886d65e8b5056ab887e998b776dcb22888.json,"{""name"": ""PhiEthHooks"", ""description"": ""A custom-curve hook that implements 1:1 ETH\u2194phiEth swaps, bypassing concentrated liquidity entirely. In beforeSwap, it takes the full input from PoolManager, wraps or unwraps ETH via the phiEth contract, and settles the output directly. Liquidity addition is blocked; only ETH/phiEth pools with zero fee are accepted."", ""deployer"": """"}"
0x2665f443a2b8ad340422eeeb36909655a3986888,uniswap_hooklist,3,PhiEthHooks,https://raw.githubusercontent.com/Uniswap/hooklist/65ef4121419193a5aad9a493d2f4d9710d2f7653/hooks/base/0x2665f443a2b8ad340422eeeb36909655a3986888.json,"{""name"": ""PhiEthHooks"", ""description"": ""Implements a 1:1 custom swap curve between ETH and phiEth (a 1:1 ETH wrapper token). In beforeSwap, the hook takes the full input amount from the PoolManager, mints or burns phiEth via deposit/withdraw, and settles the output\u2014fully bypassing concentrated liquidity. Liquidity addition is blocked; only ETH/phiEth pools with zero fee can use this hook."", ""deployer"": """"}"
0x2692868dd4ee7f2cb837107b806275cf72112888,uniswap_hooklist,3,PhiEthHooks,https://raw.githubusercontent.com/Uniswap/hooklist/65ef4121419193a5aad9a493d2f4d9710d2f7653/hooks/base/0x2692868dd4ee7f2cb837107b806275cf72112888.json,"{""name"": ""PhiEthHooks"", ""description"": ""A Uniswap v4 hook implementing a 1:1 ETH\u2194phiEth custom-curve exchange with zero fees. Swaps are handled entirely in `beforeSwap` by minting/burning phiEth and returning the full delta via `beforeSwapReturnsDelta`, bypassing the AMM. Liquidity addition is permanently blocked."", ""deployer"": """"}"
0x26aa3fac1b5b07471bd51ad57557a87fa55ea888,uniswap_hooklist,3,PhiEthHooks,https://raw.githubusercontent.com/Uniswap/hooklist/65ef4121419193a5aad9a493d2f4d9710d2f7653/hooks/base/0x26aa3fac1b5b07471bd51ad57557a87fa55ea888.json,"{""name"": ""PhiEthHooks"", ""description"": ""Implements a 1:1 custom-curve pool for swapping native ETH and phiEth tokens. In beforeSwap, it fully handles the exchange by taking input from the PoolManager, depositing or withdrawing via phiEth, and settling output \u2014 bypassing concentrated liquidity entirely. Adding liquidity is blocked; only ETH/phiEth pools with zero fee are accepted."", ""deployer"": """"}"
0x26cb75cd923128243ac9ba42a806247eadd5cacc,uniswap_hooklist,3,MultiPoolsHook,https://raw.githubusercontent.com/Uniswap/hooklist/65ef4121419193a5aad9a493d2f4d9710d2f7653/hooks/base/0x26cb75cd923128243ac9ba42a806247eadd5cacc.json,"{""name"": ""MultiPoolsHook"", ""description"": ""Fee-routing hook that extracts configurable swap fees (30\u2013500 bps) from ETH-paired pools, with a 3000 bps anti-sniper fee during the first 60 seconds post-launch. Fees are split among creator, buyback/burn, rewards distributor, and platform wallets. LP additions are locked to the initial auto-seeder after first seed; LP removals always revert."", ""deployer"": """"}"
0x26ebd6c282328625bce05dac77f9d5f2bc3568cc,uniswap_hooklist,3,WhaleAIHook,https://raw.githubusercontent.com/Uniswap/hooklist/65ef4121419193a5aad9a493d2f4d9710d2f7653/hooks/base/0x26ebd6c282328625bce05dac77f9d5f2bc3568cc.json,"{""name"": ""WhaleAIHook"", ""description"": ""A Uniswap v4 hook with parabolic fee decay that collects protocol fees via hook deltas on all swap directions (buy/sell, exact-input/exact-output), includes optional same-block MEV protection via hookData, and periodically auto-sells accumulated fees to ETH."", ""deployer"": """"}"
0x282b5e7d546b5e39963753d11b2bb6cd3c9da088,uniswap_hooklist,3,MoonpotHook,https://raw.githubusercontent.com/Uniswap/hooklist/65ef4121419193a5aad9a493d2f4d9710d2f7653/hooks/base/0x282b5e7d546b5e39963753d11b2bb6cd3c9da088.json,"{""name"": ""MoonpotHook"", ""description"": ""A USDC/TMP pool hook that applies dynamic defense taxes on TMP sells (scaled by distance above a configurable price floor), intercepts and burns excess TMP beyond the protocol liquidity cap via BeforeSwapDelta, and records a TWAP oracle to guard against sandwich attacks during liquidity injection."", ""deployer"": ""0xb2AC08BD330587BaEdca180e791426B901a937A9""}"
0x2934140dcf6ca98eed60e8e31d3816d038f92080,uniswap_hooklist,3,GovernedLBPStrategy,https://raw.githubusercontent.com/Uniswap/hooklist/65ef4121419193a5aad9a493d2f4d9710d2f7653/hooks/base/0x2934140dcf6ca98eed60e8e31d3816d038f92080.json,"{""name"": ""GovernedLBPStrategy"", ""description"": ""A Liquidity Bootstrapping Pool (LBP) strategy hook that restricts pool initialization to the hook contract itself and gates all swaps behind a governance-approved migration flag."", ""deployer"": ""0xBc869216dAD02E1A95c1478a459D064b16F41B24""}"
0x2939f2a7c2088da7dade49063dc1cda3fbc6a888,uniswap_hooklist,3,PhiEthHooks,https://raw.githubusercontent.com/Uniswap/hooklist/65ef4121419193a5aad9a493d2f4d9710d2f7653/hooks/base/0x2939f2a7c2088da7dade49063dc1cda3fbc6a888.json,"{""name"": ""PhiEthHooks"", ""description"": ""A custom-curve hook that implements 1:1 ETH/phiEth swaps by intercepting beforeSwap, taking input from the PoolManager, calling phiEth.deposit() or phiEth.withdraw() to convert, then settling the output \u2014 bypassing concentrated liquidity entirely. Adding liquidity is permanently blocked."", ""deployer"": """"}"
0x29bf8bc3d3be58d2cad8c872afe8a5cced01a888,uniswap_hooklist,3,PhiEthHooks,https://raw.githubusercontent.com/Uniswap/hooklist/65ef4121419193a5aad9a493d2f4d9710d2f7653/hooks/base/0x29bf8bc3d3be58d2cad8c872afe8a5cced01a888.json,"{""name"": ""PhiEthHooks"", ""description"": ""Custom-curve hook enabling 1:1 swaps between ETH and phiEth by intercepting beforeSwap, taking the input from PoolManager, converting via phiEth deposit/withdraw, and returning a full BeforeSwapDelta to bypass concentrated liquidity entirely. Liquidity addition to the pool is permanently blocked; only ETH/phiEth pairs with zero fee are accepted."", ""deployer"": """"}"
0x2a0d2af5051325dbb44144373eb1486d230ba888,uniswap_hooklist,3,PhiEthHooks,https://raw.githubusercontent.com/Uniswap/hooklist/65ef4121419193a5aad9a493d2f4d9710d2f7653/hooks/base/0x2a0d2af5051325dbb44144373eb1486d230ba888.json,"{""name"": ""PhiEthHooks"", ""description"": ""A 1:1 ETH/phiEth swap hook that implements a custom curve by taking input from the pool manager, converting via the phiEth contract (deposit/withdraw), and settling the output \u2014 bypassing concentrated liquidity. Direct liquidity addition is blocked; only ETH/phiEth pools with zero fee are permitted."", ""deployer"": """"}"
0x2a7cb531fec3622d79b08cd1059bca76e609a888,uniswap_hooklist,3,PhiEthHooks,https://raw.githubusercontent.com/Uniswap/hooklist/65ef4121419193a5aad9a493d2f4d9710d2f7653/hooks/base/0x2a7cb531fec3622d79b08cd1059bca76e609a888.json,"{""name"": ""PhiEthHooks"", ""description"": ""Implements a 1:1 ETH\u2194phiETH custom curve for Uniswap v4, bypassing concentrated liquidity. On every swap, the hook takes the full input from the pool manager, wraps or unwraps ETH via the phiETH contract, settles the output, and prevents any external liquidity additions to the pool."", ""deployer"": """"}"
0x2a7fc010288c77e1e87a8136b5d66672ab506888,uniswap_hooklist,3,PhiEthHooks,https://raw.githubusercontent.com/Uniswap/hooklist/65ef4121419193a5aad9a493d2f4d9710d2f7653/hooks/base/0x2a7fc010288c77e1e87a8136b5d66672ab506888.json,"{""name"": ""PhiEthHooks"", ""description"": ""A 1:1 custom-curve hook for a phiEth/ETH pool that intercepts swaps in beforeSwap, mints or burns phiEth via the phiEth contract, and returns a BeforeSwapDelta that completely bypasses the AMM concentrated liquidity curve. Direct liquidity additions to the pool are blocked."", ""deployer"": """"}"
0x2ac36df41fc7d8de229e95118e44baa71050e888,uniswap_hooklist,3,PhiEthHooks,https://raw.githubusercontent.com/Uniswap/hooklist/65ef4121419193a5aad9a493d2f4d9710d2f7653/hooks/base/0x2ac36df41fc7d8de229e95118e44baa71050e888.json,"{""name"": ""PhiEthHooks"", ""description"": ""A 1:1 exchange hook for ETH and phiEth (a wrapped ETH token). Implements a custom curve via beforeSwap that converts between ETH and phiEth and settles the output, returning a delta to no-op the concentrated liquidity swap. Liquidity addition to the pool is blocked."", ""deployer"": """"}"
0x2baf0884e92eea66a8426f4433e62c59940c6888,uniswap_hooklist,3,PhiEthHooks,https://raw.githubusercontent.com/Uniswap/hooklist/65ef4121419193a5aad9a493d2f4d9710d2f7653/hooks/base/0x2baf0884e92eea66a8426f4433e62c59940c6888.json,"{""name"": ""PhiEthHooks"", ""description"": ""A custom-curve hook enabling 1:1 ETH\u2194phiEth swaps by intercepting swaps in beforeSwap, minting or burning phiEth accordingly, and returning a full delta to no-op the concentrated liquidity math. Liquidity addition is permanently blocked; the hook itself acts as the sole reserve."", ""deployer"": """"}"
0x2ce41aef138c9fb5068a49046fdf07a4ba976888,uniswap_hooklist,3,PhiEthHooks,https://raw.githubusercontent.com/Uniswap/hooklist/65ef4121419193a5aad9a493d2f4d9710d2f7653/hooks/base/0x2ce41aef138c9fb5068a49046fdf07a4ba976888.json,"{""name"": ""PhiEthHooks"", ""description"": ""Implements a 1:1 custom swap curve between ETH and phiEth by intercepting beforeSwap to take input from the PoolManager, deposit or withdraw via the phiEth contract, and settle output directly. Returns a BeforeSwapDelta to bypass the concentrated liquidity math. Liquidity addition to the pool is permanently blocked."", ""deployer"": """"}"
0x2d2cf2238ed31fe7c2cc9401ae6c7a13c5326888,uniswap_hooklist,3,PhiEthHooks,https://raw.githubusercontent.com/Uniswap/hooklist/65ef4121419193a5aad9a493d2f4d9710d2f7653/hooks/base/0x2d2cf2238ed31fe7c2cc9401ae6c7a13c5326888.json,"{""name"": ""PhiEthHooks"", ""description"": ""Implements a 1:1 custom-curve swap between ETH and phiEth by intercepting swaps in beforeSwap, taking the input from the PoolManager, routing through phiEth deposit/withdraw, and settling the output \u2014 bypassing concentrated liquidity entirely. Liquidity addition to the pool is permanently blocked."", ""deployer"": """"}"
0x2db6043d3cd3a7d9d22d573a8853dc868331e888,uniswap_hooklist,3,PhiEthHooks,https://raw.githubusercontent.com/Uniswap/hooklist/65ef4121419193a5aad9a493d2f4d9710d2f7653/hooks/base/0x2db6043d3cd3a7d9d22d573a8853dc868331e888.json,"{""name"": ""PhiEthHooks"", ""description"": ""A Uniswap v4 hook implementing a 1:1 ETH/phiEth custom swap curve with zero fee. Liquidity additions are blocked; swaps are fulfilled by depositing or withdrawing via the phiEth contract and returning the full delta to settle through the pool manager."", ""deployer"": """"}"
0x2dfe63920894857e0943ed6d1b865c27ce66a888,uniswap_hooklist,3,PhiEthHooks,https://raw.githubusercontent.com/Uniswap/hooklist/65ef4121419193a5aad9a493d2f4d9710d2f7653/hooks/base/0x2dfe63920894857e0943ed6d1b865c27ce66a888.json,"{""name"": ""PhiEthHooks"", ""description"": ""A custom-curve hook for phiEth/ETH pools that implements 1:1 swapping by taking input tokens from the PoolManager, wrapping or unwrapping ETH via the phiEth contract, and returning a BeforeSwapDelta to fully short-circuit the concentrated liquidity swap. Blocks direct liquidity additions to the pool."", ""deployer"": """"}"
0x2e7f12737392cc6a47c8ee7e6b5dba1611c62888,uniswap_hooklist,3,PhiEthHooks,https://raw.githubusercontent.com/Uniswap/hooklist/65ef4121419193a5aad9a493d2f4d9710d2f7653/hooks/base/0x2e7f12737392cc6a47c8ee7e6b5dba1611c62888.json,"{""name"": ""PhiEthHooks"", ""description"": ""A hook that implements a gas-efficient 1:1 ETH/phiEth swap curve by handling the full conversion in beforeSwap via phiEth deposit/withdraw, bypassing the pool's concentrated liquidity entirely. Liquidity provision is blocked; all swaps are settled at exactly 1:1 with no fee."", ""deployer"": """"}"
0x2eb1b7474d82d0ce95c416b14d3d0feddcae6888,uniswap_hooklist,3,PhiEthHooks,https://raw.githubusercontent.com/Uniswap/hooklist/65ef4121419193a5aad9a493d2f4d9710d2f7653/hooks/base/0x2eb1b7474d82d0ce95c416b14d3d0feddcae6888.json,"{""name"": ""PhiEthHooks"", ""description"": ""A custom-curve hook enabling 1:1 swaps between ETH and phiEth by taking input from the PoolManager, minting or burning phiEth via deposit/withdraw, and settling output \u2014 bypassing concentrated liquidity entirely. Adding liquidity directly to the pool is blocked."", ""deployer"": """"}"
0x2fdeb1fdb51c05f4e984a82387640fdb22476888,uniswap_hooklist,3,PhiEthHooks,https://raw.githubusercontent.com/Uniswap/hooklist/65ef4121419193a5aad9a493d2f4d9710d2f7653/hooks/base/0x2fdeb1fdb51c05f4e984a82387640fdb22476888.json,"{""name"": ""PhiEthHooks"", ""description"": ""A custom curve hook enabling 1:1 ETH/phiETH swaps by intercepting beforeSwap, converting via phiEth deposit/withdraw, and returning a BeforeSwapDelta to bypass concentrated liquidity math. Direct liquidity addition is blocked; only ETH/phiETH pools with zero fee are accepted."", ""deployer"": """"}"
0x30621a087c70dbfa9391cf79def61cdbe51a6888,uniswap_hooklist,3,PhiEthHooks,https://raw.githubusercontent.com/Uniswap/hooklist/65ef4121419193a5aad9a493d2f4d9710d2f7653/hooks/base/0x30621a087c70dbfa9391cf79def61cdbe51a6888.json,"{""name"": ""PhiEthHooks"", ""description"": ""Implements a 1:1 ETH/phiEth custom swap curve via beforeSwap, bypassing concentrated liquidity. On each swap the hook takes the full input from the pool manager, converts between ETH and phiEth through the phiEth contract, and settles the output directly. Liquidity addition is permanently blocked; only ETH/phiEth pairs with zero fee are permitted."", ""deployer"": """"}"
0x326d1792238c8e20a7f97ccb7b56a1904cb5a888,uniswap_hooklist,3,PhiEthHooks,https://raw.githubusercontent.com/Uniswap/hooklist/65ef4121419193a5aad9a493d2f4d9710d2f7653/hooks/base/0x326d1792238c8e20a7f97ccb7b56a1904cb5a888.json,"{""name"": ""PhiEthHooks"", ""description"": ""Custom 1:1 ETH/phiEth swap hook that intercepts beforeSwap to mint or burn phiEth tokens directly, bypassing the concentrated liquidity pool entirely via beforeSwapReturnsDelta. Liquidity addition is permanently blocked; only ETH/phiEth pairs with zero fee are permitted."", ""deployer"": """"}"
0x34bceb5456ddff6845f912e9d11bb3fd62b6e888,uniswap_hooklist,3,PhiEthHooks,https://raw.githubusercontent.com/Uniswap/hooklist/65ef4121419193a5aad9a493d2f4d9710d2f7653/hooks/base/0x34bceb5456ddff6845f912e9d11bb3fd62b6e888.json,"{""name"": ""PhiEthHooks"", ""description"": ""Implements a 1:1 ETH/phiETH custom swap curve: takes the full input from the pool manager, converts via phiEth.deposit() or phiEth.withdraw(), and settles the output \u2014 bypassing concentrated liquidity entirely via BeforeSwapDelta. Liquidity addition is permanently blocked."", ""deployer"": """"}"
0x34eefa54599b394fd1f2ecbf787132d64aad2888,uniswap_hooklist,3,PhiEthHooks,https://raw.githubusercontent.com/Uniswap/hooklist/65ef4121419193a5aad9a493d2f4d9710d2f7653/hooks/base/0x34eefa54599b394fd1f2ecbf787132d64aad2888.json,"{""name"": ""PhiEthHooks"", ""description"": ""A custom-curve hook that implements 1:1 ETH/phiEth swaps by taking input from the PoolManager, minting or burning phiEth tokens, and settling the output directly. Prevents liquidity addition entirely and only allows ETH/phiEth pools with zero fee."", ""deployer"": """"}"
0x35bf1ed5e18e3570d48f6f1e5fc0a9592d096888,uniswap_hooklist,3,PhiEthHooks,https://raw.githubusercontent.com/Uniswap/hooklist/65ef4121419193a5aad9a493d2f4d9710d2f7653/hooks/base/0x35bf1ed5e18e3570d48f6f1e5fc0a9592d096888.json,"{""name"": ""PhiEthHooks"", ""description"": ""Custom-curve hook for 1:1 ETH\u2194phiEth swaps. In beforeSwap, takes the input token from the PoolManager, calls phiEth.deposit/withdraw to convert, and settles the output\u2014returning a full BeforeSwapDelta to bypass AMM math entirely. Blocks all direct liquidity additions."", ""deployer"": """"}"
0x367bf580a1a6cc784f30a77713e02eca76210044,uniswap_hooklist,3,UruLaunchHook,https://raw.githubusercontent.com/Uniswap/hooklist/65ef4121419193a5aad9a493d2f4d9710d2f7653/hooks/base/0x367bf580a1a6cc784f30a77713e02eca76210044.json,"{""name"": ""UruLaunchHook"", ""description"": ""Uniswap V4 hook for the URU token launch that collects a time-decaying sniper tax (up to 99% at launch, decaying to 1% over a configured duration) on each swap via afterSwapReturnsDelta, sending proceeds to a vault. Also tracks per-epoch URU/WETH volume to compute and emit an emission rate signal for external consumers."", ""deployer"": """"}"
0x3681a687af46089ca56c561ace7fb3e8c02b6888,uniswap_hooklist,3,PhiEthHooks,https://raw.githubusercontent.com/Uniswap/hooklist/65ef4121419193a5aad9a493d2f4d9710d2f7653/hooks/base/0x3681a687af46089ca56c561ace7fb3e8c02b6888.json,"{""name"": ""PhiEthHooks"", ""description"": ""PhiEthHooks implements a custom 1:1 ETH\u2194phiEth swap curve by intercepting swaps in beforeSwap, minting or burning phiEth to settle trades directly, and returning a delta that bypasses the AMM. Adding liquidity to the pool is permanently blocked; only ETH/phiEth pairs with zero fee may use this hook."", ""deployer"": """"}"
0x36f8f6274ee56482d86fe128b49d5481182ea888,uniswap_hooklist,3,PhiEthHooks,https://raw.githubusercontent.com/Uniswap/hooklist/65ef4121419193a5aad9a493d2f4d9710d2f7653/hooks/base/0x36f8f6274ee56482d86fe128b49d5481182ea888.json,"{""name"": ""PhiEthHooks"", ""description"": ""A custom-curve hook implementing 1:1 ETH\u2194phiEth swaps. In beforeSwap, it takes the full input from the PoolManager, calls phiEth.deposit or phiEth.withdraw to convert, then settles the output \u2014 fully bypassing concentrated liquidity. Liquidity addition is permanently disabled."", ""deployer"": """"}"
0x37ca10c307fa8caa772f3583b3fd1e923dee2aa8,uniswap_hooklist,3,StableSwapHooks,https://raw.githubusercontent.com/Uniswap/hooklist/65ef4121419193a5aad9a493d2f4d9710d2f7653/hooks/base/0x37ca10c307fa8caa772f3583b3fd1e923dee2aa8.json,"{""name"": ""StableSwapHooks"", ""description"": ""A Uniswap v4 hook implementing a Curve-style StableSwap AMM with full custom accounting. Supports 2\u20134 currencies with optional rate oracles and dynamic amplification coefficient (ramp). Executes swaps entirely in beforeSwap via BeforeSwapDelta, collecting LP, hook, and protocol fees. Issues its own ERC20 LP token (SSLP)."", ""deployer"": """"}"
0x389ae009ce4575e7c5cda29634bd7eb0734ba888,uniswap_hooklist,3,PhiEthHooks,https://raw.githubusercontent.com/Uniswap/hooklist/65ef4121419193a5aad9a493d2f4d9710d2f7653/hooks/base/0x389ae009ce4575e7c5cda29634bd7eb0734ba888.json,"{""name"": ""PhiEthHooks"", ""description"": ""A Uniswap v4 hook implementing a custom 1:1 ETH/phiETH swap curve: it intercepts swaps in beforeSwap, deposits or withdraws via the phiETH contract, and settles output tokens directly with the pool manager \u2014 bypassing concentrated liquidity entirely. Liquidity additions are permanently blocked."", ""deployer"": """"}"
0x391aa42ab42f50be30c4700435b4fc49c3bb0040,uniswap_hooklist,3,FeeCollectHook,https://raw.githubusercontent.com/Uniswap/hooklist/65ef4121419193a5aad9a493d2f4d9710d2f7653/hooks/base/0x391aa42ab42f50be30c4700435b4fc49c3bb0040.json,"{""name"": ""FeeCollectHook"", ""description"": ""Collects and processes fees for registered LP tokens after each swap by calling an external AutoRepayingManager contract in batches of up to 3. Pools and LP token IDs must be registered by the manager; unauthorized pools are skipped."", ""deployer"": """"}"
0x395c377497386bcf0a98e76104f769878a40e888,uniswap_hooklist,3,PhiEthHooks,https://raw.githubusercontent.com/Uniswap/hooklist/65ef4121419193a5aad9a493d2f4d9710d2f7653/hooks/base/0x395c377497386bcf0a98e76104f769878a40e888.json,"{""name"": ""PhiEthHooks"", ""description"": ""Implements a 1:1 ETH\u2194phiEth custom-curve swap hook that fully bypasses concentrated liquidity. In beforeSwap, it takes input tokens from the PoolManager, deposits/withdraws via the phiEth contract, and settles the output \u2014 returning a BeforeSwapDelta to no-op the AMM. Liquidity addition is permanently blocked."", ""deployer"": """"}"
0x3ab57c6221520a586d99807b70f5510e148d6888,uniswap_hooklist,3,PhiEthHooks,https://raw.githubusercontent.com/Uniswap/hooklist/65ef4121419193a5aad9a493d2f4d9710d2f7653/hooks/base/0x3ab57c6221520a586d99807b70f5510e148d6888.json,"{""name"": ""PhiEthHooks"", ""description"": ""A hook for phiEth/ETH pools that implements a 1:1 swap curve by fully handling swaps in beforeSwap: takes input, calls phiEth.deposit/withdraw for conversion, settles output to the pool manager, and returns a delta that no-ops the AMM. Liquidity addition is disabled; the pool exclusively supports ETH\u2194phiEth conversions at a fixed 1:1 rate with zero fee."", ""deployer"": """"}"
0x3ac04cfe0debbd8acb22493456a42f6b9e676888,uniswap_hooklist,3,PhiEthHooks,https://raw.githubusercontent.com/Uniswap/hooklist/65ef4121419193a5aad9a493d2f4d9710d2f7653/hooks/base/0x3ac04cfe0debbd8acb22493456a42f6b9e676888.json,"{""name"": ""PhiEthHooks"", ""description"": ""Hook implementing a 1:1 custom curve for ETH\u2194phiETH swaps. In beforeSwap, it takes the input from the pool manager, mints or burns phiETH via deposit/withdraw, settles the output, and returns a full BeforeSwapDelta to bypass concentrated liquidity. Direct liquidity additions to the pool are blocked."", ""deployer"": """"}"
0x3aec1d9d8b803ce6fe9231462dcb132300942888,uniswap_hooklist,3,PhiEthHooks,https://raw.githubusercontent.com/Uniswap/hooklist/65ef4121419193a5aad9a493d2f4d9710d2f7653/hooks/base/0x3aec1d9d8b803ce6fe9231462dcb132300942888.json,"{""name"": ""PhiEthHooks"", ""description"": ""Implements a custom 1:1 ETH\u27f7phiEth swap curve by intercepting all swaps in beforeSwap: takes the full input from the PoolManager, converts via phiEth deposit/withdraw, and settles the output directly. Blocks all direct liquidity additions to the pool."", ""deployer"": """"}"
0x3b0589ba93a455c482f0d15b5d69abb160f82888,uniswap_hooklist,3,PhiEthHooks,https://raw.githubusercontent.com/Uniswap/hooklist/65ef4121419193a5aad9a493d2f4d9710d2f7653/hooks/base/0x3b0589ba93a455c482f0d15b5d69abb160f82888.json,"{""name"": ""PhiEthHooks"", ""description"": ""A 1:1 ETH/phiEth swap hook implementing a custom constant-price curve via `beforeSwapReturnsDelta`. On each swap, it takes input from the PoolManager, converts via `phiEth.deposit`/`withdraw`, and settles output \u2014 bypassing concentrated liquidity entirely. Liquidity addition is blocked; only ETH/phiEth pools with zero fee are accepted."", ""deployer"": """"}"
0x3b7fb902fc3780cf58d0de01b15c115f8674e888,uniswap_hooklist,3,PhiEthHooks,https://raw.githubusercontent.com/Uniswap/hooklist/65ef4121419193a5aad9a493d2f4d9710d2f7653/hooks/base/0x3b7fb902fc3780cf58d0de01b15c115f8674e888.json,"{""name"": ""PhiEthHooks"", ""description"": ""A custom curve hook that enables 1:1 swapping between ETH and phiEth by intercepting swaps in beforeSwap, converting tokens via the phiEth contract, and returning a delta that bypasses the concentrated liquidity AMM. Liquidity addition to the pool is blocked via a revert in beforeAddLiquidity."", ""deployer"": """"}"
0x3b9c27096398fa7d0fd3f1ebd1e84c44be6fa888,uniswap_hooklist,3,PhiEthHooks,https://raw.githubusercontent.com/Uniswap/hooklist/65ef4121419193a5aad9a493d2f4d9710d2f7653/hooks/base/0x3b9c27096398fa7d0fd3f1ebd1e84c44be6fa888.json,"{""name"": ""PhiEthHooks"", ""description"": ""A 1:1 ETH\u2194phiEth custom-curve hook that intercepts swaps in beforeSwap: takes the full input, converts it via phiEth.deposit/withdraw, settles the output, and returns a BeforeSwapDelta to no-op the pool's concentrated liquidity. Liquidity addition is permanently blocked."", ""deployer"": """"}"
0x3c738f9a833bfe8aa2a4234c179071e2a1c32888,uniswap_hooklist,3,PhiEthHooks,https://raw.githubusercontent.com/Uniswap/hooklist/65ef4121419193a5aad9a493d2f4d9710d2f7653/hooks/base/0x3c738f9a833bfe8aa2a4234c179071e2a1c32888.json,"{""name"": ""PhiEthHooks"", ""description"": ""Implements a 1:1 ETH\u2194phiEth swap using a custom curve via beforeSwapReturnsDelta, bypassing concentrated liquidity entirely. It takes the full input, converts via the phiEth contract (deposit/withdraw), and settles the output directly. Direct liquidity additions to the pool are blocked."", ""deployer"": """"}"
0x3c8c11f43bc0b08b3e245244e476aea738d82888,uniswap_hooklist,3,PhiEthHooks,https://raw.githubusercontent.com/Uniswap/hooklist/65ef4121419193a5aad9a493d2f4d9710d2f7653/hooks/base/0x3c8c11f43bc0b08b3e245244e476aea738d82888.json,"{""name"": ""PhiEthHooks"", ""description"": ""Implements a 1:1 ETH\u2194phiEth custom swap curve using beforeSwapReturnsDelta to fully handle swap settlement via deposit/withdraw on the phiEth contract. Blocks direct liquidity additions and restricts pool initialization to ETH/phiEth pairs with zero fee."", ""deployer"": """"}"
0x3d60feef42518bb33c21a62e8e7b53126f25e888,uniswap_hooklist,3,PhiEthHooks,https://raw.githubusercontent.com/Uniswap/hooklist/65ef4121419193a5aad9a493d2f4d9710d2f7653/hooks/base/0x3d60feef42518bb33c21a62e8e7b53126f25e888.json,"{""name"": ""PhiEthHooks"", ""description"": ""Implements a 1:1 ETH/phiEth custom swap curve via beforeSwap with delta returns, converting between ETH and phiEth using deposit/withdraw and settling through the PoolManager. Direct liquidity addition to the pool is blocked."", ""deployer"": """"}"
0x3d8edfcf45680c555b7476203934f32339eae888,uniswap_hooklist,3,PhiEthHooks,https://raw.githubusercontent.com/Uniswap/hooklist/65ef4121419193a5aad9a493d2f4d9710d2f7653/hooks/base/0x3d8edfcf45680c555b7476203934f32339eae888.json,"{""name"": ""PhiEthHooks"", ""description"": ""A 1:1 ETH/phiEth AMM hook that implements a custom flat swap curve via beforeSwapReturnsDelta, bypassing concentrated liquidity entirely. Swaps are fulfilled by wrapping/unwrapping ETH through the phiEth contract; liquidity addition to the pool is permanently blocked."", ""deployer"": """"}"
0x3d8f119bd4248e6d0e34344ec7fceba40ca9a888,uniswap_hooklist,3,PhiEthHooks,https://raw.githubusercontent.com/Uniswap/hooklist/65ef4121419193a5aad9a493d2f4d9710d2f7653/hooks/base/0x3d8f119bd4248e6d0e34344ec7fceba40ca9a888.json,"{""name"": ""PhiEthHooks"", ""description"": ""A custom-curve hook that swaps ETH and phiEth 1:1 by intercepting the full amount in beforeSwap, depositing or withdrawing via the phiEth contract, and returning a BeforeSwapDelta to no-op the concentrated liquidity swap. Direct liquidity addition to the pool is blocked."", ""deployer"": """"}"
0x3df60d5587a2cb6802772a2bafc3f8df6c83a888,uniswap_hooklist,3,PhiEthHooks,https://raw.githubusercontent.com/Uniswap/hooklist/65ef4121419193a5aad9a493d2f4d9710d2f7653/hooks/base/0x3df60d5587a2cb6802772a2bafc3f8df6c83a888.json,"{""name"": ""PhiEthHooks"", ""description"": ""Implements a 1:1 ETH\u2194phiEth custom swap curve by intercepting swaps via beforeSwap, routing through phiEth's deposit/withdraw functions, and returning a BeforeSwapDelta to bypass concentrated liquidity math. Prevents direct liquidity addition and only accepts zero-fee ETH/phiEth pools."", ""deployer"": """"}"
0x3e7a8bf2134ec7695af6f89328132b15e53a10c0,document,1,Zora,https://raw.githubusercontent.com/ourzora/zora-protocol/main/packages/coins-deployments/.github/PR_TEMPLATE_UPGRADE_INSTRUCTIONS.md,- **ZoraV4CoinHook**: `0x3E7A8bf2134EC7695aF6F89328132b15e53A10C0` ([verified](https://basescan.org/address/0x3E7A8bf2134EC7695aF6F89328132b15e53A10C0))
0x3e7a8bf2134ec7695af6f89328132b15e53a10c0,document,1,Zora,https://raw.githubusercontent.com/ourzora/zora-protocol/main/packages/coins-deployments/.github/PR_TEMPLATE_UPGRADE_INSTRUCTIONS.md,- **ZoraV4CoinHook**: `0x3E7A8bf2134EC7695aF6F89328132b15e53A10C0` ([verified](https://basescan.org/address/0x3E7A8bf2134EC7695aF6F89328132b15e53A10C0))
0x3e7a8bf2134ec7695af6f89328132b15e53a10c0,document,1,Zora,https://raw.githubusercontent.com/ourzora/zora-protocol/main/packages/coins-deployments/.github/PR_TEMPLATE_UPGRADE_INSTRUCTIONS.md,"  ""ZORA_V4_COIN_HOOK"": ""0x3E7A8bf2134EC7695aF6F89328132b15e53A10C0"","
0x408c9c40b69fe17305096bea7552d022e6176888,uniswap_hooklist,3,PhiEthHooks,https://raw.githubusercontent.com/Uniswap/hooklist/65ef4121419193a5aad9a493d2f4d9710d2f7653/hooks/base/0x408c9c40b69fe17305096bea7552d022e6176888.json,"{""name"": ""PhiEthHooks"", ""description"": ""A custom-curve hook for an ETH/phiEth pool that performs 1:1 swaps between ETH and phiEth (a 1:1 ETH wrapper token) by taking input from the PoolManager, depositing or withdrawing via the phiEth contract, and settling output directly. Liquidity additions are blocked, and pool initialization is restricted to ETH/phiEth pairs with zero fee."", ""deployer"": """"}"
0x40abeed310e2bfb7a5ca504d5e89988956bf30cc,uniswap_hooklist,3,BaldpadRebaseHook,https://raw.githubusercontent.com/Uniswap/hooklist/65ef4121419193a5aad9a493d2f4d9710d2f7653/hooks/base/0x40abeed310e2bfb7a5ca504d5e89988956bf30cc.json,"{""name"": ""BaldpadRebaseHook"", ""description"": ""A Baldpad-ecosystem launch hook that charges WETH-denominated swap fees with a platform/creator split and a decaying opening-fee schedule. After each rebase interval, it contracts an elastic-supply token's total supply based on the pool price's deviation below a rising target tick, with an optional permissionless buyback mechanism that burns tokens using accrued opening fees."", ""deployer"": """"}"
0x4133f9c68d5f65570a2c8d938b0ac32509b6e888,uniswap_hooklist,3,PhiEthHooks,https://raw.githubusercontent.com/Uniswap/hooklist/65ef4121419193a5aad9a493d2f4d9710d2f7653/hooks/base/0x4133f9c68d5f65570a2c8d938b0ac32509b6e888.json,"{""name"": ""PhiEthHooks"", ""description"": ""A custom-curve hook implementing 1:1 ETH\u2194phiEth swapping. In beforeSwap, it takes the input from the pool manager, converts via phiEth deposit/withdraw, settles the output, and returns a BeforeSwapDelta to bypass concentrated liquidity entirely. Direct liquidity additions are blocked."", ""deployer"": """"}"
0x417458ea9bfe33134f0f1fde6abcb0b05064a888,uniswap_hooklist,3,PhiEthHooks,https://raw.githubusercontent.com/Uniswap/hooklist/65ef4121419193a5aad9a493d2f4d9710d2f7653/hooks/base/0x417458ea9bfe33134f0f1fde6abcb0b05064a888.json,"{""name"": ""PhiEthHooks"", ""description"": ""Implements a 1:1 custom-curve swap between ETH and phiEth (a 1:1 ETH wrapper token) by intercepting swaps in beforeSwap to take input, deposit/withdraw via the phiEth contract, and settle output \u2014 bypassing concentrated liquidity entirely. Liquidity additions are permanently blocked."", ""deployer"": """"}"
0x42391cda439f32cc03ade07f9087710c3c446888,uniswap_hooklist,3,PhiEthHooks,https://raw.githubusercontent.com/Uniswap/hooklist/65ef4121419193a5aad9a493d2f4d9710d2f7653/hooks/base/0x42391cda439f32cc03ade07f9087710c3c446888.json,"{""name"": ""PhiEthHooks"", ""description"": ""A 1:1 ETH/phiEth custom-curve hook that intercepts swaps via beforeSwap to bypass the AMM entirely. It takes input from the pool manager, converts via phiEth.deposit() or phiEth.withdraw(), settles the output, and returns a BeforeSwapDelta consuming the full swap amount. Adding liquidity directly to the pool is blocked."", ""deployer"": """"}"
0x428aae03841da25c740012118a9cb1ec8281e888,uniswap_hooklist,3,PhiEthHooks,https://raw.githubusercontent.com/Uniswap/hooklist/65ef4121419193a5aad9a493d2f4d9710d2f7653/hooks/base/0x428aae03841da25c740012118a9cb1ec8281e888.json,"{""name"": ""PhiEthHooks"", ""description"": ""A custom-curve hook that implements 1:1 ETH/phiETH swaps by taking input directly from the pool manager, converting via phiEth deposit/withdraw, and settling output\u2014bypassing Uniswap's concentrated liquidity pricing. Liquidity additions to the pool are blocked."", ""deployer"": """"}"
0x42b99ad62def397be70dc8dd7b5721cd86e728c4,uniswap_hooklist,3,PoolStrategyHooks,https://raw.githubusercontent.com/Uniswap/hooklist/65ef4121419193a5aad9a493d2f4d9710d2f7653/hooks/base/0x42b99ad62def397be70dc8dd7b5721cd86e728c4.json,"{""name"": ""PoolStrategyHooks"", ""description"": ""Manages Uniswap v4 liquidity pools for NFT strategy collections, gating initialization and liquidity addition to a designated factory. Charges a time-decaying buy fee (starting at 95%, decaying to 10% over blocks) and a fixed 10% sell fee, distributing ETH proceeds to the NFT vault, collection owner, and protocol fee address."", ""deployer"": """"}"
0x42d95b4c5c4e915878f9c3507e8dd38943ed2888,uniswap_hooklist,3,PhiEthHooks,https://raw.githubusercontent.com/Uniswap/hooklist/65ef4121419193a5aad9a493d2f4d9710d2f7653/hooks/base/0x42d95b4c5c4e915878f9c3507e8dd38943ed2888.json,"{""name"": ""PhiEthHooks"", ""description"": ""Implements a 1:1 ETH/phiETH swap via a custom curve in beforeSwap, converting tokens directly using phiETH deposit/withdraw and returning the full BeforeSwapDelta to bypass concentrated liquidity. Blocks all liquidity additions to the pool."", ""deployer"": """"}"
0x4307133c8bdb4f6b1e7d41370a4c93f0cde4e888,uniswap_hooklist,3,PhiEthHooks,https://raw.githubusercontent.com/Uniswap/hooklist/65ef4121419193a5aad9a493d2f4d9710d2f7653/hooks/base/0x4307133c8bdb4f6b1e7d41370a4c93f0cde4e888.json,"{""name"": ""PhiEthHooks"", ""description"": ""Custom 1:1 ETH/phiETH swap hook that implements its own curve in beforeSwap: takes the input token from PoolManager, converts it via phiEth.deposit/withdraw, and settles the output directly. Returns a BeforeSwapDelta to no-op the concentrated liquidity swap. Blocks all direct liquidity addition and enforces zero-fee ETH/phiETH pools only."", ""deployer"": """"}"
0x440f4148e323de5d8196582628971bfff802e8cc,uniswap_hooklist,3,LayerMeme Dynamic Fee Hook v2 (Base),https://raw.githubusercontent.com/Uniswap/hooklist/65ef4121419193a5aad9a493d2f4d9710d2f7653/hooks/base/0x440f4148e323de5d8196582628971bfff802e8cc.json,"{""name"": ""LayerMeme Dynamic Fee Hook v2 (Base)"", ""description"": ""A Uniswap v4 hook used by the LAYERMEME token launch platform. It dynamically adjusts LP fees based on volatility, collects a protocol fee on launched token swaps, and supports optional MEV protection modules and per-pool extensions via custom swap data. The source is verified on BaseScan and the hook is deployed on Base mainnet."", ""deployer"": ""0x5f05Daf1312d62Da92497edC6F3e39E265999103""}"
0x4480bc88601081b77e92206f82e373a398a7a888,uniswap_hooklist,3,PhiEthHooks,https://raw.githubusercontent.com/Uniswap/hooklist/65ef4121419193a5aad9a493d2f4d9710d2f7653/hooks/base/0x4480bc88601081b77e92206f82e373a398a7a888.json,"{""name"": ""PhiEthHooks"", ""description"": ""A 1:1 ETH/phiEth swap hook implementing a custom constant-sum curve: on each swap it takes input from the PoolManager, converts via phiEth deposit or withdraw, and settles output directly \u2014 bypassing concentrated liquidity math. Liquidity addition is permanently disabled, and the pool is restricted to ETH/phiEth pairs with zero fee."", ""deployer"": """"}"
0x4519e2b040ff1b64fa03abe2aef0bc99d7cceaa8,uniswap_hooklist,3,GPX Hook (Base),https://raw.githubusercontent.com/Uniswap/hooklist/65ef4121419193a5aad9a493d2f4d9710d2f7653/hooks/base/0x4519e2b040ff1b64fa03abe2aef0bc99d7cceaa8.json,"{""name"": ""GPX Hook (Base)"", ""description"": ""GPXHooks manages the Uniswap V4 GPX-USDC liquidity pool, collecting 1% fees per swap and distributing them across four destinations (GoldPesa Mines, Treasury, Pawn, and GPX Owner), while blocking unauthorized liquidity changes and periodically triggering automated pool rebalancing."", ""deployer"": """"}"
0x4519e2b040ff1b64fa03abe2aef0bc99d7cceaa8,document,4,Uniswap routing-api allowlist,https://raw.githubusercontent.com/Uniswap/routing-api/main/lib/util/hooksAddressesAllowlist.ts,export const GPX_HOOKS = '0x4519e2b040ff1b64fa03abe2aef0bc99d7cceaa8'
0x4604e1eae34c3854fa150d3a62e5651eb0722888,uniswap_hooklist,3,PhiEthHooks,https://raw.githubusercontent.com/Uniswap/hooklist/65ef4121419193a5aad9a493d2f4d9710d2f7653/hooks/base/0x4604e1eae34c3854fa150d3a62e5651eb0722888.json,"{""name"": ""PhiEthHooks"", ""description"": ""Hook implementing a 1:1 ETH\u2194phiETH swap custom curve: intercepts beforeSwap to take the full input, calls deposit/withdraw on the phiEth contract, and settles the full output via BeforeSwapDelta. Liquidity additions always revert, and pool initialization is restricted to ETH/phiETH pairs with zero fee."", ""deployer"": """"}"
0x4627812f40bdd47c8fa1a4daac8f40bc26ef8040,uniswap_hooklist,3,Spectra Launchpad,https://raw.githubusercontent.com/Uniswap/hooklist/65ef4121419193a5aad9a493d2f4d9710d2f7653/hooks/base/0x4627812f40bdd47c8fa1a4daac8f40bc26ef8040.json,"{""name"": ""Spectra Launchpad"", ""description"": ""Bonding-curve memecoin launchpad that raises ETH along a linear curve, then graduates into a Uniswap V4 ETH/token pool. ERC-20 balances are mirrored as NFTs (\""facets\""); pool swap fees are harvested and distributed pro-rata to facet holders in ETH."", ""deployer"": """"}"
0x46b8c74d89a647063311ad08c7456732d5e94888,uniswap_hooklist,3,WontonHook,https://raw.githubusercontent.com/Uniswap/hooklist/65ef4121419193a5aad9a493d2f4d9710d2f7653/hooks/base/0x46b8c74d89a647063311ad08c7456732d5e94888.json,"{""name"": ""WontonHook"", ""description"": ""Restricts liquidity additions to a single authorized manager address and gates buy-side swaps behind a governance-controlled `tradingEnabled` flag. Pre-launch exact-input buys are punished: the input token is taken but output is forced to zero via beforeSwapReturnsDelta."", ""deployer"": """"}"
0x46f4b349c657e11f7970b7982b5a1ae8093c6888,uniswap_hooklist,3,PhiEthHooks,https://raw.githubusercontent.com/Uniswap/hooklist/65ef4121419193a5aad9a493d2f4d9710d2f7653/hooks/base/0x46f4b349c657e11f7970b7982b5a1ae8093c6888.json,"{""name"": ""PhiEthHooks"", ""description"": ""Implements a 1:1 custom-curve swap between ETH and phiEth (a 1:1 ETH wrapper). On every swap, the hook takes the full input from the PoolManager, converts it via phiEth.deposit/withdraw, and settles the output directly, bypassing the concentrated liquidity mechanism entirely. Liquidity addition to the pool is permanently blocked."", ""deployer"": """"}"
0x476113a20e23237ff2401e00250975eef9182888,uniswap_hooklist,3,PhiEthHooks,https://raw.githubusercontent.com/Uniswap/hooklist/65ef4121419193a5aad9a493d2f4d9710d2f7653/hooks/base/0x476113a20e23237ff2401e00250975eef9182888.json,"{""name"": ""PhiEthHooks"", ""description"": ""A 1:1 ETH/phiEth swap hook that implements a custom curve in beforeSwap: it takes the full input via poolManager.take(), converts via phiEth.deposit()/withdraw(), and settles the output \u2014 completely bypassing concentrated liquidity. Direct liquidity additions to the pool are blocked."", ""deployer"": """"}"
0x47f6853123db90af33aea515154f0b0bb28870cc,uniswap_hooklist,3,DeliHook,https://raw.githubusercontent.com/Uniswap/hooklist/65ef4121419193a5aad9a493d2f4d9710d2f7653/hooks/base/0x47f6853123db90af33aea515154f0b0bb28870cc.json,"{""name"": ""DeliHook"", ""description"": ""Uniswap v4 hook for wBLT pools that intercepts swap fees and forwards them in wBLT to a FeeProcessor contract, while updating DailyEpochGauge and IncentiveGauge on every swap. Requires pools to include wBLT as one of the two tokens and to use a dynamic fee."", ""deployer"": """"}"
0x47f7e32337c1144dd178fb4bf1ee3bc3d5e9b0c4,uniswap_hooklist,3,Volatility Adaptive USDCWETH Hook V8,https://raw.githubusercontent.com/Uniswap/hooklist/65ef4121419193a5aad9a493d2f4d9710d2f7653/hooks/base/0x47f7e32337c1144dd178fb4bf1ee3bc3d5e9b0c4.json,"{""name"": ""Volatility Adaptive USDCWETH Hook V8"", ""description"": ""A single WETH/USDC pool hook on Base that dynamically adjusts LP fees (0.01%\u201399.99%) using signed off-chain multi-venue market reports cross-checked against Chainlink and Pyth price anchors. Fees fall back to 3% when market data is stale. Strategy fees are split 90% to LPs and 10% to an immutable Safe address, with an owner-controlled emergency pause mechanism."", ""deployer"": """"}"
0x482938c2f9de16e5abb702d168b565ce0a152888,uniswap_hooklist,3,PhiEthHooks,https://raw.githubusercontent.com/Uniswap/hooklist/65ef4121419193a5aad9a493d2f4d9710d2f7653/hooks/base/0x482938c2f9de16e5abb702d168b565ce0a152888.json,"{""name"": ""PhiEthHooks"", ""description"": ""Implements a 1:1 custom swap curve between ETH and phiEth tokens. In beforeSwap, the hook takes the input amount from the PoolManager, wraps or unwraps via the phiEth contract, and settles the output, returning a BeforeSwapDelta to bypass the AMM. Blocks direct liquidity addition and restricts pool initialization to ETH/phiEth pairs with zero fee."", ""deployer"": """"}"
0x48630519fe794d692ab17795efacc1b4e675e888,uniswap_hooklist,3,PhiEthHooks,https://raw.githubusercontent.com/Uniswap/hooklist/65ef4121419193a5aad9a493d2f4d9710d2f7653/hooks/base/0x48630519fe794d692ab17795efacc1b4e675e888.json,"{""name"": ""PhiEthHooks"", ""description"": ""Implements a 1:1 custom curve for swapping ETH and phiEth (an ETH wrapper) by intercepting swaps in beforeSwap, minting or burning phiEth via deposit/withdraw, and returning a BeforeSwapDelta to bypass concentrated liquidity entirely. Direct liquidity additions to the pool are blocked."", ""deployer"": """"}"
0x48ff9ea17ece09d5c49ffa2f655ab8d77442a888,uniswap_hooklist,3,PhiEthHooks,https://raw.githubusercontent.com/Uniswap/hooklist/65ef4121419193a5aad9a493d2f4d9710d2f7653/hooks/base/0x48ff9ea17ece09d5c49ffa2f655ab8d77442a888.json,"{""name"": ""PhiEthHooks"", ""description"": ""A custom-curve hook that swaps ETH and phiETH 1:1 by intercepting beforeSwap, taking the input, converting via phiEth.deposit/withdraw, and settling the output. Prevents liquidity from being added directly to the pool; all swaps are handled by the hook using BeforeSwapDelta to bypass the concentrated liquidity mechanism."", ""deployer"": """"}"
0x491a817b17e2e092579b3eefb73dd36fec2ba888,uniswap_hooklist,3,PhiEthHooks,https://raw.githubusercontent.com/Uniswap/hooklist/65ef4121419193a5aad9a493d2f4d9710d2f7653/hooks/base/0x491a817b17e2e092579b3eefb73dd36fec2ba888.json,"{""name"": ""PhiEthHooks"", ""description"": ""A custom-curve hook for a phiEth/ETH pool implementing 1:1 ETH\u2194phiEth swapping. It intercepts swaps via beforeSwapReturnsDelta, taking input from PoolManager, minting or burning phiEth, and settling output directly. Liquidity cannot be added to the pool."", ""deployer"": """"}"
0x49659b737c672324a221623f8d3f29e5687f28cc,uniswap_hooklist,3,JanpuHookDynamicFeeV2,https://raw.githubusercontent.com/Uniswap/hooklist/65ef4121419193a5aad9a493d2f4d9710d2f7653/hooks/base/0x49659b737c672324a221623f8d3f29e5687f28cc.json,"{""name"": ""JanpuHookDynamicFeeV2"", ""description"": ""JANPU Base launchpad hook that adjusts LP fees with a volatility accumulator, collects JANPU protocol fees on launched-token swaps, supports optional MEV fee protection and pool extensions, and accepts empty hook data for standard swaps."", ""deployer"": ""0x25EBD2106452415420fb6Eb7056bFF8d7b391d55""}"
0x49f960e93cf9ce27c2ee48c58ca3eafaef45a888,uniswap_hooklist,3,PhiEthHooks,https://raw.githubusercontent.com/Uniswap/hooklist/65ef4121419193a5aad9a493d2f4d9710d2f7653/hooks/base/0x49f960e93cf9ce27c2ee48c58ca3eafaef45a888.json,"{""name"": ""PhiEthHooks"", ""description"": ""Implements a 1:1 ETH/phiEth custom swap curve: on each swap, the hook takes the input from the pool manager, converts between ETH and phiEth via deposit/withdraw, and settles the output \u2014 bypassing concentrated liquidity entirely. Liquidity addition is permanently blocked."", ""deployer"": """"}"
0x4b15fcd7ddc99fbb251d8fc33f7bdb5f65092888,uniswap_hooklist,3,PhiEthHooks,https://raw.githubusercontent.com/Uniswap/hooklist/65ef4121419193a5aad9a493d2f4d9710d2f7653/hooks/base/0x4b15fcd7ddc99fbb251d8fc33f7bdb5f65092888.json,"{""name"": ""PhiEthHooks"", ""description"": ""A hook implementing a 1:1 ETH/phiETH custom swap curve. In beforeSwap, it takes the full input from the pool manager, wraps or unwraps via the phiEth contract, and settles the output, fully bypassing concentrated liquidity. Liquidity addition to the pool is permanently blocked."", ""deployer"": """"}"
0x4b5a87ecf39804b7373a0093e7dec8e67af92888,uniswap_hooklist,3,PhiEthHooks,https://raw.githubusercontent.com/Uniswap/hooklist/65ef4121419193a5aad9a493d2f4d9710d2f7653/hooks/base/0x4b5a87ecf39804b7373a0093e7dec8e67af92888.json,"{""name"": ""PhiEthHooks"", ""description"": ""A custom-curve hook implementing 1:1 ETH/phiEth swaps by intercepting beforeSwap to call phiEth.deposit() or phiEth.withdraw() and returning a BeforeSwapDelta that fully bypasses AMM pricing. Direct liquidity additions are blocked via beforeAddLiquidity revert."", ""deployer"": """"}"
0x4bdc29e013cefca538d1f3a58fb1db3dc90ea888,uniswap_hooklist,3,PhiEthHooks,https://raw.githubusercontent.com/Uniswap/hooklist/65ef4121419193a5aad9a493d2f4d9710d2f7653/hooks/base/0x4bdc29e013cefca538d1f3a58fb1db3dc90ea888.json,"{""name"": ""PhiEthHooks"", ""description"": ""A custom-curve hook that facilitates 1:1 swapping between ETH and phiEth (a 1:1 ETH wrapper). In beforeSwap, it takes the input token from the PoolManager, converts via phiEth.deposit()/phiEth.withdraw(), and settles the output \u2014 bypassing the AMM's concentrated liquidity entirely. Adding liquidity directly to the pool is blocked."", ""deployer"": """"}"
0x4cb5b55d55c2a90e2929d6d706a98d169be4a888,uniswap_hooklist,3,PhiEthHooks,https://raw.githubusercontent.com/Uniswap/hooklist/65ef4121419193a5aad9a493d2f4d9710d2f7653/hooks/base/0x4cb5b55d55c2a90e2929d6d706a98d169be4a888.json,"{""name"": ""PhiEthHooks"", ""description"": ""A custom-curve hook for a phiEth/ETH pool that implements 1:1 swapping by intercepting swaps via beforeSwap with a delta return. The hook takes input from the PoolManager, deposits or withdraws through the phiEth contract, and settles output back, while blocking all direct liquidity additions to the pool."", ""deployer"": """"}"
0x4d7b723bd4b95f48859927c1c27ebf9cb2c56888,uniswap_hooklist,3,PhiEthHooks,https://raw.githubusercontent.com/Uniswap/hooklist/65ef4121419193a5aad9a493d2f4d9710d2f7653/hooks/base/0x4d7b723bd4b95f48859927c1c27ebf9cb2c56888.json,"{""name"": ""PhiEthHooks"", ""description"": ""Implements a custom 1:1 ETH:phiEth swap curve using beforeSwap delta returns, taking input tokens from the PoolManager and converting via phiEth deposit/withdraw. Prevents direct liquidity additions and restricts pool initialization to ETH/phiEth pairs with zero fee."", ""deployer"": """"}"
0x4dae1c8d49a4821c35132d0de5e35c49ada3a888,uniswap_hooklist,3,PhiEthHooks,https://raw.githubusercontent.com/Uniswap/hooklist/65ef4121419193a5aad9a493d2f4d9710d2f7653/hooks/base/0x4dae1c8d49a4821c35132d0de5e35c49ada3a888.json,"{""name"": ""PhiEthHooks"", ""description"": ""A custom-curve hook for ETH/phiEth pools that implements 1:1 swapping between ETH and phiEth (a liquid ETH wrapper). It takes the input from the PoolManager, wraps or unwraps ETH via the phiEth contract, settles the output, and returns a full BeforeSwapDelta to bypass the AMM curve entirely. Liquidity additions always revert."", ""deployer"": """"}"
0x4dbaaea559bd5f9374f5078186f69ea4b4c1a888,uniswap_hooklist,3,PhiEthHooks,https://raw.githubusercontent.com/Uniswap/hooklist/65ef4121419193a5aad9a493d2f4d9710d2f7653/hooks/base/0x4dbaaea559bd5f9374f5078186f69ea4b4c1a888.json,"{""name"": ""PhiEthHooks"", ""description"": ""A 1:1 ETH/phiETH swap hook that implements a custom constant-sum curve: it takes the full input amount, converts it via the phiEth contract (deposit or withdraw), and settles the output \u2014 bypassing the concentrated liquidity AMM entirely. Adding liquidity to the pool is blocked."", ""deployer"": """"}"
0x4e07f7c30ff335e12a49470684ba3229fbf22888,uniswap_hooklist,3,PhiEthHooks,https://raw.githubusercontent.com/Uniswap/hooklist/65ef4121419193a5aad9a493d2f4d9710d2f7653/hooks/base/0x4e07f7c30ff335e12a49470684ba3229fbf22888.json,"{""name"": ""PhiEthHooks"", ""description"": ""Implements a 1:1 custom curve swap between ETH and phiEth (an ETH wrapper token) by intercepting swaps in beforeSwap \u2014 taking input, converting via phiEth deposit/withdraw, and settling output directly, bypassing the AMM entirely. Direct liquidity addition to the pool is blocked."", ""deployer"": """"}"
0x4e5bf5ab7fc36f05349a15aeacf9d274dd396888,uniswap_hooklist,3,PhiEthHooks,https://raw.githubusercontent.com/Uniswap/hooklist/65ef4121419193a5aad9a493d2f4d9710d2f7653/hooks/base/0x4e5bf5ab7fc36f05349a15aeacf9d274dd396888.json,"{""name"": ""PhiEthHooks"", ""description"": ""A 1:1 custom-curve hook for ETH/phiEth pools that intercepts every swap in beforeSwap, takes input from the PoolManager, calls phiEth.deposit() or phiEth.withdraw() to convert between ETH and phiEth at parity, and settles output back to the PoolManager via a BeforeSwapDelta. Liquidity addition is permanently blocked."", ""deployer"": """"}"
0x4f99c9767923185649282f3629ffcfba9069e888,uniswap_hooklist,3,PhiEthHooks,https://raw.githubusercontent.com/Uniswap/hooklist/65ef4121419193a5aad9a493d2f4d9710d2f7653/hooks/base/0x4f99c9767923185649282f3629ffcfba9069e888.json,"{""name"": ""PhiEthHooks"", ""description"": ""A Uniswap v4 hook implementing a 1:1 custom curve for ETH/phiEth swaps. In beforeSwap, it takes the input token from the pool manager, converts it via phiEth.deposit or phiEth.withdraw, and settles the output \u2014 fully bypassing concentrated liquidity. Adding liquidity to the pool is permanently blocked."", ""deployer"": """"}"
0x4ffc78a000a882c1799b78e9e9e63c210dca00cc,uniswap_hooklist,3,SwcHook,https://raw.githubusercontent.com/Uniswap/hooklist/65ef4121419193a5aad9a493d2f4d9710d2f7653/hooks/base/0x4ffc78a000a882c1799b78e9e9e63c210dca00cc.json,"{""name"": ""SwcHook"", ""description"": ""ERC20 token ($SWC) that is also a Uniswap v4 hook, charging a 1% buy and 1% sell tax on pool swaps by taking $SWC from the PoolManager and burning it. Token balances are mirrored to ERC-721 NFTs (DN404-style), minting or burning NFTs as balances cross whole-unit boundaries."", ""deployer"": """"}"
0x50e422e6798216393509bffeae214f3864b8e888,uniswap_hooklist,3,PhiEthHooks,https://raw.githubusercontent.com/Uniswap/hooklist/65ef4121419193a5aad9a493d2f4d9710d2f7653/hooks/base/0x50e422e6798216393509bffeae214f3864b8e888.json,"{""name"": ""PhiEthHooks"", ""description"": ""Implements a 1:1 ETH/phiEth custom curve using beforeSwapReturnsDelta to no-op AMM math; swaps are fulfilled by depositing or withdrawing through the phiEth contract at a 1:1 rate with zero fee. Direct liquidity additions are blocked entirely."", ""deployer"": """"}"
0x51b2c9e2488a9ab2e73d479b7a9fcb587e31c040,uniswap_hooklist,3,SquishHook,https://raw.githubusercontent.com/Uniswap/hooklist/65ef4121419193a5aad9a493d2f4d9710d2f7653/hooks/base/0x51b2c9e2488a9ab2e73d479b7a9fcb587e31c040.json,"{""name"": ""SquishHook"", ""description"": ""An afterSwap hook that sweeps a tick-triggered intent queue (SquishBook) at the end of every swap. When a swap moves the price past a registered tick threshold, the hook executes standing instructions (arbitrary external calls with escrowed bounties) and credits the bounties to the swapper; a try/catch ensures a failing intent never reverts the triggering swap."", ""deployer"": """"}"
0x5207ae6f3c9e8b6340dc10085348ca08493ce888,uniswap_hooklist,3,PhiEthHooks,https://raw.githubusercontent.com/Uniswap/hooklist/65ef4121419193a5aad9a493d2f4d9710d2f7653/hooks/base/0x5207ae6f3c9e8b6340dc10085348ca08493ce888.json,"{""name"": ""PhiEthHooks"", ""description"": ""A custom-curve hook that implements 1:1 ETH\u2194phiEth swaps by intercepting beforeSwap: it takes the input token from the PoolManager, calls phiEth.deposit() or phiEth.withdraw() to convert it, then settles the output \u2014 bypassing the AMM entirely. Liquidity addition is blocked; only ETH/phiEth pools with zero fee can use this hook."", ""deployer"": """"}"
0x52a22cda1d1e77f8997fceb2165c6fc76b808440,uniswap_hooklist,3,KPEGHook,https://raw.githubusercontent.com/Uniswap/hooklist/65ef4121419193a5aad9a493d2f4d9710d2f7653/hooks/base/0x52a22cda1d1e77f8997fceb2165c6fc76b808440.json,"{""name"": ""KPEGHook"", ""description"": ""Updates an on-chain randomness seed after each swap in pools containing the configured token, using block variables and swap metadata. On the first liquidity addition to a qualifying pool, calls start() on a lifecycle token contract."", ""deployer"": """"}"
0x52b31a51ef0aa028ae5f5883eabb712ea621a888,uniswap_hooklist,3,PhiEthHooks,https://raw.githubusercontent.com/Uniswap/hooklist/65ef4121419193a5aad9a493d2f4d9710d2f7653/hooks/base/0x52b31a51ef0aa028ae5f5883eabb712ea621a888.json,"{""name"": ""PhiEthHooks"", ""description"": ""A custom-curve hook that performs 1:1 ETH/phiETH swaps by taking the input from the PoolManager, converting via the phiEth contract (deposit or withdraw), and returning a BeforeSwapDelta to no-op the concentrated liquidity mechanism. Only ETH/phiETH pools with zero fee are permitted; liquidity addition is blocked."", ""deployer"": """"}"
0x52e4691fb9b4424f8be44d3871fd5f2303b77ac8,uniswap_hooklist,3,DeliHookConstantProduct,https://raw.githubusercontent.com/Uniswap/hooklist/65ef4121419193a5aad9a493d2f4d9710d2f7653/hooks/base/0x52e4691fb9b4424f8be44d3871fd5f2303b77ac8.json,"{""name"": ""DeliHookConstantProduct"", ""description"": ""Implements a Uniswap v2-style x*y=k constant product AMM as a v4 hook, requiring wBLT as one pool token. Fees are extracted from swaps and forwarded to a FeeProcessor contract, with DailyEpochGauge and IncentiveGauge integrations for liquidity incentives."", ""deployer"": """"}"
0x53f31d93d21b6ada71013d802741f3227d3ee888,uniswap_hooklist,3,PhiEthHooks,https://raw.githubusercontent.com/Uniswap/hooklist/65ef4121419193a5aad9a493d2f4d9710d2f7653/hooks/base/0x53f31d93d21b6ada71013d802741f3227d3ee888.json,"{""name"": ""PhiEthHooks"", ""description"": ""A hook implementing a 1:1 custom swap curve between ETH and phiEth, bypassing concentrated liquidity by taking and settling amounts directly through the pool manager while minting or burning phiEth. Liquidity addition is always reverted; the hook handles all swap execution internally."", ""deployer"": """"}"
0x542f8c17c69b71453aa3a5e3c723834d75226844,uniswap_hooklist,3,RarityHook,https://raw.githubusercontent.com/Uniswap/hooklist/65ef4121419193a5aad9a493d2f4d9710d2f7653/hooks/base/0x542f8c17c69b71453aa3a5e3c723834d75226844.json,"{""name"": ""RarityHook"", ""description"": ""A hook for Yunipals rarity pools that enforces two invariants: only the core contract may initialize pools or add liquidity (external LPs are blocked via beforeInitialize/beforeAddLiquidity), and 1% of the output side of every external exact-input swap is burned via afterSwap return delta. Includes a permissionless TWAP oracle updated on every swap."", ""deployer"": """"}"
0x547175372330100be87b5a1f8486c4a951fea888,uniswap_hooklist,3,PhiEthHooks,https://raw.githubusercontent.com/Uniswap/hooklist/65ef4121419193a5aad9a493d2f4d9710d2f7653/hooks/base/0x547175372330100be87b5a1f8486c4a951fea888.json,"{""name"": ""PhiEthHooks"", ""description"": ""A zero-fee, 1:1 ETH/phiEth custom curve hook. On each swap, it takes the input from the PoolManager, mints or burns phiEth accordingly, and settles the output \u2014 bypassing the concentrated liquidity AMM entirely via beforeSwapReturnsDelta. Adding liquidity to the pool is blocked."", ""deployer"": """"}"
0x54cf34a5694e527519bff822f464bca81ee71044,uniswap_hooklist,3,VerifyHook,https://raw.githubusercontent.com/Uniswap/hooklist/65ef4121419193a5aad9a493d2f4d9710d2f7653/hooks/base/0x54cf34a5694e527519bff822f464bca81ee71044.json,"{""name"": ""VerifyHook"", ""description"": ""A Uniswap v4 hook that applies a 1% swap tax: on buys (ETH\u2192token), 1% of received tokens is burned via the token contract; on sells (token\u2192ETH), 1% of received ETH is forwarded to a hardcoded deployer address."", ""deployer"": """"}"
0x5596beccc4421cf175c2773b0dda1dd70fec2888,uniswap_hooklist,3,PhiEthHooks,https://raw.githubusercontent.com/Uniswap/hooklist/65ef4121419193a5aad9a493d2f4d9710d2f7653/hooks/base/0x5596beccc4421cf175c2773b0dda1dd70fec2888.json,"{""name"": ""PhiEthHooks"", ""description"": ""Implements a 1:1 ETH/phiEth custom swap curve by intercepting swaps in beforeSwap: takes the input token from the PoolManager, converts via phiEth.deposit()/withdraw(), and settles the output directly, bypassing concentrated liquidity. Adding liquidity to the pool is permanently blocked."", ""deployer"": """"}"
0x55c94ea8218d495ebb1d2f15a5c490ae8c026888,uniswap_hooklist,3,PhiEthHooks,https://raw.githubusercontent.com/Uniswap/hooklist/65ef4121419193a5aad9a493d2f4d9710d2f7653/hooks/base/0x55c94ea8218d495ebb1d2f15a5c490ae8c026888.json,"{""name"": ""PhiEthHooks"", ""description"": ""A custom-curve hook that enables 1:1 ETH\u2194phiEth swapping. In beforeSwap, it takes the full input from the pool manager, calls phiEth.deposit() or phiEth.withdraw() to convert between ETH and phiEth, then settles the output back. Liquidity addition to the pool is blocked. Only ETH/phiEth pairs with zero fee may use this hook."", ""deployer"": """"}"
0x55eaf596e529df5012dfa72239ea47be2b13a888,uniswap_hooklist,3,PhiEthHooks,https://raw.githubusercontent.com/Uniswap/hooklist/65ef4121419193a5aad9a493d2f4d9710d2f7653/hooks/base/0x55eaf596e529df5012dfa72239ea47be2b13a888.json,"{""name"": ""PhiEthHooks"", ""description"": ""A custom-curve hook implementing 1:1 ETH/phiEth swaps by routing through the phiEth token's deposit and withdraw functions inside beforeSwap. Blocks direct liquidity additions, enforces zero fee, and restricts pool initialization to ETH/phiEth pairs only."", ""deployer"": """"}"
0x5601f4795bed5b0678e26549cf1f5e1003fb6888,uniswap_hooklist,3,PhiEthHooks,https://raw.githubusercontent.com/Uniswap/hooklist/65ef4121419193a5aad9a493d2f4d9710d2f7653/hooks/base/0x5601f4795bed5b0678e26549cf1f5e1003fb6888.json,"{""name"": ""PhiEthHooks"", ""description"": ""Implements a 1:1 ETH/phiETH custom swap curve that bypasses the concentrated liquidity AMM: beforeSwap takes the full input amount from the PoolManager, wraps or unwraps via the phiETH contract, and settles the output directly, returning a delta that no-ops the normal swap. Liquidity additions are permanently blocked."", ""deployer"": """"}"
0x5613c279e8db9815dbd0cdfbd10515eabd350088,uniswap_hooklist,3,GBPFv4Hook,https://raw.githubusercontent.com/Uniswap/hooklist/65ef4121419193a5aad9a493d2f4d9710d2f7653/hooks/base/0x5613c279e8db9815dbd0cdfbd10515eabd350088.json,"{""name"": ""GBPFv4Hook"", ""description"": ""A Uniswap v4 hook that intercepts all swaps against a USDS/GBPF pool and fully replaces pool math with primary-market mint or redeem operations against a vault, pricing trades via a GBP/USD oracle TWAP, a solvency-indexed spread curve, and a flat 20 bp protocol fee."", ""deployer"": ""0x398CA93b76806D3517DD3520F1aE09620Fcb5c24""}"
0x5705ce5066906d7d865a58f8bd0d3f4bd1946888,uniswap_hooklist,3,PhiEthHooks,https://raw.githubusercontent.com/Uniswap/hooklist/65ef4121419193a5aad9a493d2f4d9710d2f7653/hooks/base/0x5705ce5066906d7d865a58f8bd0d3f4bd1946888.json,"{""name"": ""PhiEthHooks"", ""description"": ""A custom-curve hook for ETH/phiEth pools that implements 1:1 ETH-to-phiEth conversion by intercepting swaps, calling phiEth deposit/withdraw, and returning a full BeforeSwapDelta to bypass concentrated liquidity. Blocks direct liquidity additions and restricts pool initialization to ETH/phiEth pairs with zero fee."", ""deployer"": """"}"
0x58165a756a9e6a10a64db2b4a9bb47bdd62120cc,uniswap_hooklist,3,PokeHook,https://raw.githubusercontent.com/Uniswap/hooklist/65ef4121419193a5aad9a493d2f4d9710d2f7653/hooks/base/0x58165a756a9e6a10a64db2b4a9bb47bdd62120cc.json,"{""name"": ""PokeHook"", ""description"": ""Pokeworld's swap hook that collects LP fees and dynamic sell-side charges (including rolling sell tax and price-impact fees) via BeforeSwapDelta, matches buy orders against an internal OTC token inventory, and delegates additional Aerodrome liquidity logic to an immutable hybrid module via delegatecall."", ""deployer"": """"}"
0x58c339f327de01e3b4137320cfbb529ab5e7b0c4,uniswap_hooklist,3,VolatilityAdaptiveUsdcWethHookV6,https://raw.githubusercontent.com/Uniswap/hooklist/65ef4121419193a5aad9a493d2f4d9710d2f7653/hooks/base/0x58c339f327de01e3b4137320cfbb529ab5e7b0c4.json,"{""name"": ""VolatilityAdaptiveUsdcWethHookV6"", ""description"": ""Dynamic-fee hook for the WETH/USDC pool on Base that computes LP fees and a hook fee per swap using signed off-chain market price reports anchored to Pyth, falls back to a higher static fee when market data is stale, and supports a Safe-controlled emergency pause with a 24-hour delayed unpause."", ""deployer"": """"}"
0x5974042f0617b1fa2aa36359148c2a0d85a26888,uniswap_hooklist,3,PhiEthHooks,https://raw.githubusercontent.com/Uniswap/hooklist/65ef4121419193a5aad9a493d2f4d9710d2f7653/hooks/base/0x5974042f0617b1fa2aa36359148c2a0d85a26888.json,"{""name"": ""PhiEthHooks"", ""description"": ""Hook implementing a 1:1 ETH \u2194 phiEth custom swap curve, bypassing concentrated liquidity by handling token conversion directly through the phiEth wrapper contract. Liquidity additions to the pool are blocked."", ""deployer"": """"}"
0x59aef9799dea01a7fb7da73bea10dfb08858a088,uniswap_hooklist,3,NARA Liquidity Growth Hook,https://raw.githubusercontent.com/Uniswap/hooklist/65ef4121419193a5aad9a493d2f4d9710d2f7653/hooks/base/0x59aef9799dea01a7fb7da73bea10dfb08858a088.json,"{""name"": ""NARA Liquidity Growth Hook"", ""description"": ""A Uniswap v4 hook for a single registered token/base pool that applies a configurable, block-level pressure-based fee to exact-input swaps only. Fee rates scale through tiered thresholds relative to a protocol-configured depth parameter; collected fees are taken from the swap input via poolManager.take() and forwarded to an external vault."", ""deployer"": ""0xDE9E3Cac08b7a31Db18c7432d4C45DF4584Fd646""}"
0x5a6925bd494169c6135eb2f03b50b7d705e7a888,uniswap_hooklist,3,PhiEthHooks,https://raw.githubusercontent.com/Uniswap/hooklist/65ef4121419193a5aad9a493d2f4d9710d2f7653/hooks/base/0x5a6925bd494169c6135eb2f03b50b7d705e7a888.json,"{""name"": ""PhiEthHooks"", ""description"": ""Custom curve hook implementing a 1:1 exchange between ETH and phiEth (a wrapped ETH token). In `beforeSwap`, it takes the input token from the PoolManager, converts via `phiEth.deposit`/`withdraw`, settles the output, and returns a full delta to bypass concentrated liquidity. Liquidity additions are blocked."", ""deployer"": """"}"
0x5aa76e42e21715abf980a1d8b34428da9938a888,uniswap_hooklist,3,PhiEthHooks,https://raw.githubusercontent.com/Uniswap/hooklist/65ef4121419193a5aad9a493d2f4d9710d2f7653/hooks/base/0x5aa76e42e21715abf980a1d8b34428da9938a888.json,"{""name"": ""PhiEthHooks"", ""description"": ""Implements a custom 1:1 ETH/phiETH swap curve using beforeSwapReturnsDelta: on each swap it takes the input from the PoolManager, deposits or withdraws via the phiETH wrapper, and settles the output, bypassing concentrated liquidity entirely. Direct liquidity addition to the pool is permanently blocked."", ""deployer"": """"}"
0x5ab9c064fd90bd25ba132869fd243d3246ce6888,uniswap_hooklist,3,PhiEthHooks,https://raw.githubusercontent.com/Uniswap/hooklist/65ef4121419193a5aad9a493d2f4d9710d2f7653/hooks/base/0x5ab9c064fd90bd25ba132869fd243d3246ce6888.json,"{""name"": ""PhiEthHooks"", ""description"": ""A custom-curve hook for ETH/phiEth pools that implements 1:1 swaps by taking input tokens from the PoolManager, converting via phiEth deposit/withdraw, and settling output \u2014 bypassing concentrated liquidity entirely via beforeSwapReturnsDelta. Liquidity addition to the pool is permanently blocked."", ""deployer"": """"}"
0x5acbc31036c179b1f00583ad5436d5415d140044,uniswap_hooklist,3,FeeHook,https://raw.githubusercontent.com/Uniswap/hooklist/65ef4121419193a5aad9a493d2f4d9710d2f7653/hooks/base/0x5acbc31036c179b1f00583ad5436d5415d140044.json,"{""name"": ""FeeHook"", ""description"": ""Charges a 10% fee on every swap by computing the fee on the output token (exact-in) or input token (exact-out) amount and minting it as ERC-6909 claims to a fixed fee recipient address via afterSwapReturnsDelta."", ""deployer"": """"}"
0x5b7d6a20ddad3356685194e6438fdde9e65da888,uniswap_hooklist,3,PhiEthHooks,https://raw.githubusercontent.com/Uniswap/hooklist/65ef4121419193a5aad9a493d2f4d9710d2f7653/hooks/base/0x5b7d6a20ddad3356685194e6438fdde9e65da888.json,"{""name"": ""PhiEthHooks"", ""description"": ""A custom-curve hook implementing 1:1 ETH/phiEth swaps. In beforeSwap, the hook takes the input token, converts it via phiEth deposit/withdraw, settles the output, and returns a full BeforeSwapDelta to bypass concentrated liquidity entirely. Liquidity addition is permanently blocked."", ""deployer"": """"}"
0x5bd276df15af6e028f7cf6f0858ed58c8cc96888,uniswap_hooklist,3,PhiEthHooks,https://raw.githubusercontent.com/Uniswap/hooklist/65ef4121419193a5aad9a493d2f4d9710d2f7653/hooks/base/0x5bd276df15af6e028f7cf6f0858ed58c8cc96888.json,"{""name"": ""PhiEthHooks"", ""description"": ""Custom-curve hook implementing 1:1 ETH/phiEth swapping. The beforeSwap hook takes the full input amount from the PoolManager, calls phiEth.deposit() or phiEth.withdraw() to convert between ETH and phiEth, settles the output, and returns a full delta to bypass concentrated liquidity. Direct liquidity additions always revert. Only ETH/phiEth pools with zero fee can use this hook."", ""deployer"": """"}"
0x5bec40b9db3bd37635a11d4675dce6f0404c6888,uniswap_hooklist,3,PhiEthHooks,https://raw.githubusercontent.com/Uniswap/hooklist/65ef4121419193a5aad9a493d2f4d9710d2f7653/hooks/base/0x5bec40b9db3bd37635a11d4675dce6f0404c6888.json,"{""name"": ""PhiEthHooks"", ""description"": ""A custom AMM hook that implements a 1:1 ETH/phiEth swap curve. In beforeSwap, it takes the input token from the PoolManager, calls phiEth.deposit or phiEth.withdraw to convert, then settles the output \u2014 bypassing concentrated liquidity entirely. Liquidity addition is permanently blocked."", ""deployer"": """"}"
0x5bfbe1ff1c034dbf3272b85ccc03b54bc38c2888,uniswap_hooklist,3,PhiEthHooks,https://raw.githubusercontent.com/Uniswap/hooklist/65ef4121419193a5aad9a493d2f4d9710d2f7653/hooks/base/0x5bfbe1ff1c034dbf3272b85ccc03b54bc38c2888.json,"{""name"": ""PhiEthHooks"", ""description"": ""A custom-curve hook that implements 1:1 ETH/phiEth swaps by intercepting beforeSwap to deposit or withdraw via the phiEth contract, returning a full BeforeSwapDelta to no-op the standard concentrated-liquidity AMM. Direct liquidity additions are blocked via beforeAddLiquidity revert."", ""deployer"": """"}"
0x5c4b7b85960d0c497c5acd1455ce134686d4a888,uniswap_hooklist,3,PhiEthHooks,https://raw.githubusercontent.com/Uniswap/hooklist/65ef4121419193a5aad9a493d2f4d9710d2f7653/hooks/base/0x5c4b7b85960d0c497c5acd1455ce134686d4a888.json,"{""name"": ""PhiEthHooks"", ""description"": ""Implements a 1:1 ETH\u2194phiEth custom-curve swap hook. Intercepts beforeSwap to directly convert ETH/phiEth via the phiEth protocol, bypassing concentrated liquidity entirely. Adding liquidity to the pool is blocked; only ETH/phiEth pools with zero fee are permitted."", ""deployer"": """"}"
0x5c53ad41bb0717ab10d3866a7fe9c9ccd305e888,uniswap_hooklist,3,PhiEthHooks,https://raw.githubusercontent.com/Uniswap/hooklist/65ef4121419193a5aad9a493d2f4d9710d2f7653/hooks/base/0x5c53ad41bb0717ab10d3866a7fe9c9ccd305e888.json,"{""name"": ""PhiEthHooks"", ""description"": ""Implements a 1:1 custom curve for ETH/phiETH swaps by intercepting beforeSwap to mint/burn phiETH via deposit/withdraw, returning a BeforeSwapDelta that bypasses concentrated liquidity entirely. Blocks direct liquidity additions to the pool."", ""deployer"": """"}"
0x5ca33d75df69c4f46093b7eb7f0f6dacace62080,uniswap_hooklist,3,GovernedLBPStrategy,https://raw.githubusercontent.com/Uniswap/hooklist/65ef4121419193a5aad9a493d2f4d9710d2f7653/hooks/base/0x5ca33d75df69c4f46093b7eb7f0f6dacace62080.json,"{""name"": ""GovernedLBPStrategy"", ""description"": ""A governance-gated Liquidity Bootstrapping Pool (LBP) strategy hook that blocks swaps until a designated governance address approves migration, then migrates token distribution from a bootstrapping phase to a full-range Uniswap v4 pool position."", ""deployer"": ""0xBc869216dAD02E1A95c1478a459D064b16F41B24""}"
0x5db34e852ae686807d843ec38862a5c4a3262888,uniswap_hooklist,3,PhiEthHooks,https://raw.githubusercontent.com/Uniswap/hooklist/65ef4121419193a5aad9a493d2f4d9710d2f7653/hooks/base/0x5db34e852ae686807d843ec38862a5c4a3262888.json,"{""name"": ""PhiEthHooks"", ""description"": ""Implements a 1:1 ETH\u27faphiEth swap curve entirely in beforeSwap: takes input from the pool manager, calls phiEth.deposit/withdraw to convert between ETH and phiEth, and settles output back. Direct liquidity addition is blocked; the hook operates as an AMM-less wrapper."", ""deployer"": """"}"
0x5de6a0b746841846415d70e9b3634f55e62de044,uniswap_hooklist,3,TokenStrategyHook,https://raw.githubusercontent.com/Uniswap/hooklist/65ef4121419193a5aad9a493d2f4d9710d2f7653/hooks/base/0x5de6a0b746841846415d70e9b3634f55e62de044.json,"{""name"": ""TokenStrategyHook"", ""description"": ""Charges a time-decaying fee on swaps in token pools: starts at 20% and decreases by 200 bps every 25 blocks until reaching 0%. Collected fees are converted to ETH via an internal pool swap and forwarded to a designated fee address. WETH pools always incur a 100% fee on the output token."", ""deployer"": """"}"
0x5e1273e2eb1f7bad5f26cfe6c2c9baacc894a888,uniswap_hooklist,3,PhiEthHooks,https://raw.githubusercontent.com/Uniswap/hooklist/65ef4121419193a5aad9a493d2f4d9710d2f7653/hooks/base/0x5e1273e2eb1f7bad5f26cfe6c2c9baacc894a888.json,"{""name"": ""PhiEthHooks"", ""description"": ""Implements a 1:1 custom swap curve for ETH/phiEth pools, bypassing the AMM by taking input from the pool manager, minting or burning phiEth directly, and settling the output. Blocks direct liquidity additions and enforces that pools use ETH/phiEth pairs with a zero fee."", ""deployer"": """"}"
0x5e7c81a61d9c9103057afeb0ddebbd085ef3e888,uniswap_hooklist,3,PhiEthHooks,https://raw.githubusercontent.com/Uniswap/hooklist/65ef4121419193a5aad9a493d2f4d9710d2f7653/hooks/base/0x5e7c81a61d9c9103057afeb0ddebbd085ef3e888.json,"{""name"": ""PhiEthHooks"", ""description"": ""Implements a 1:1 custom swap curve for ETH \u2194 phiEth (a wrapped ETH token), intercepting all swaps via beforeSwap to take input, convert via phiEth deposit/withdraw, and settle output \u2014 bypassing concentrated liquidity entirely. Liquidity addition to the pool is permanently blocked."", ""deployer"": """"}"
0x5f88cae973edac9e9961929f13d387e3dbac6888,uniswap_hooklist,3,PhiEthHooks,https://raw.githubusercontent.com/Uniswap/hooklist/65ef4121419193a5aad9a493d2f4d9710d2f7653/hooks/base/0x5f88cae973edac9e9961929f13d387e3dbac6888.json,"{""name"": ""PhiEthHooks"", ""description"": ""Custom curve hook implementing 1:1 ETH\u2194phiEth swaps. In beforeSwap, takes the full input from the PoolManager, wraps or unwraps ETH via the phiEth contract, and returns a BeforeSwapDelta that no-ops the underlying concentrated liquidity swap. Direct liquidity addition to the pool is unconditionally blocked."", ""deployer"": """"}"
0x5f9cfbb5e8302a35279a5cf8f060c03533bde888,uniswap_hooklist,3,PhiEthHooks,https://raw.githubusercontent.com/Uniswap/hooklist/65ef4121419193a5aad9a493d2f4d9710d2f7653/hooks/base/0x5f9cfbb5e8302a35279a5cf8f060c03533bde888.json,"{""name"": ""PhiEthHooks"", ""description"": ""A custom-curve hook for phiEth/ETH pools that executes 1:1 swaps between ETH and phiEth by taking and settling directly with the PoolManager, bypassing concentrated liquidity. Liquidity addition is blocked via revert."", ""deployer"": """"}"
0x5fbb22adf0a54aac413102071a5f4f7ef689e888,uniswap_hooklist,3,PhiEthHooks,https://raw.githubusercontent.com/Uniswap/hooklist/65ef4121419193a5aad9a493d2f4d9710d2f7653/hooks/base/0x5fbb22adf0a54aac413102071a5f4f7ef689e888.json,"{""name"": ""PhiEthHooks"", ""description"": ""Implements a 1:1 ETH/phiEth custom swap curve entirely in beforeSwap by taking input, minting or burning phiEth, and settling output directly\u2014bypassing normal AMM liquidity. Liquidity addition is blocked; only ETH/phiEth pools with zero fees are accepted."", ""deployer"": """"}"
0x6057bdab3c5795a124647b409a4941b6a1b62888,uniswap_hooklist,3,PhiEthHooks,https://raw.githubusercontent.com/Uniswap/hooklist/65ef4121419193a5aad9a493d2f4d9710d2f7653/hooks/base/0x6057bdab3c5795a124647b409a4941b6a1b62888.json,"{""name"": ""PhiEthHooks"", ""description"": ""Implements a 1:1 custom swap curve between ETH and phiEth (an ETH wrapper token). Intercepts swaps via beforeSwap to handle ETH\u2194phiEth conversion directly using phiEth.deposit/withdraw, bypassing concentrated liquidity via a BeforeSwapDelta, and blocks direct liquidity additions to the pool."", ""deployer"": """"}"
0x60c8df1a9d840277ec847eb8ea586525bc6f6888,uniswap_hooklist,3,PhiEthHooks,https://raw.githubusercontent.com/Uniswap/hooklist/65ef4121419193a5aad9a493d2f4d9710d2f7653/hooks/base/0x60c8df1a9d840277ec847eb8ea586525bc6f6888.json,"{""name"": ""PhiEthHooks"", ""description"": ""Implements a 1:1 custom swap curve between ETH and phiEth (a 1:1 ETH wrapper token), intercepting swaps in beforeSwap to take input, convert via the phiEth contract, and settle output \u2014 bypassing concentrated liquidity entirely via a BeforeSwapDelta. Liquidity addition to the pool is blocked."", ""deployer"": """"}"
0x60de5c3411dfd8ee251b8232182f170696be6888,uniswap_hooklist,3,PhiEthHooks,https://raw.githubusercontent.com/Uniswap/hooklist/65ef4121419193a5aad9a493d2f4d9710d2f7653/hooks/base/0x60de5c3411dfd8ee251b8232182f170696be6888.json,"{""name"": ""PhiEthHooks"", ""description"": ""A custom-curve hook implementing 1:1 ETH\u2194phiEth swaps by calling phiEth.deposit()/withdraw() inside beforeSwap and returning a full BeforeSwapDelta to bypass the concentrated liquidity mechanism. Liquidity provision to the pool is permanently blocked via a revert in beforeAddLiquidity."", ""deployer"": """"}"
0x6145a9cd8d6b597af774ea95b73684416848e088,uniswap_hooklist,3,MoonpotHook,https://raw.githubusercontent.com/Uniswap/hooklist/65ef4121419193a5aad9a493d2f4d9710d2f7653/hooks/base/0x6145a9cd8d6b597af774ea95b73684416848e088.json,"{""name"": ""MoonpotHook"", ""description"": ""A floor-price defense hook for a TMP/USDC pool. It applies a dynamic sell tax that ramps from a maximum rate near the floor tick down to a base rate as price rises above it, and intercepts and burns excess TMP tokens that would push the price below the protocol floor. Buys are charged a flat base defense tax."", ""deployer"": ""0xda669Fb34A24E7E64Ee2d3BAe98E4734945c4cDB""}"
0x618438778c3c75c6ab2e78e0acc016975d446888,uniswap_hooklist,3,PhiEthHooks,https://raw.githubusercontent.com/Uniswap/hooklist/65ef4121419193a5aad9a493d2f4d9710d2f7653/hooks/base/0x618438778c3c75c6ab2e78e0acc016975d446888.json,"{""name"": ""PhiEthHooks"", ""description"": ""A custom-curve hook implementing 1:1 ETH\u2194phiEth swaps by intercepting all swaps in beforeSwap: it takes the input via poolManager.take(), converts using phiEth.deposit()/withdraw(), and settles the exact output amount. Liquidity addition is permanently disabled; the pool enforces ETH/phiEth pairs and a zero fee."", ""deployer"": """"}"
0x61cac8cd5c32f5828b316ca314b437338ddea888,uniswap_hooklist,3,PhiEthHooks,https://raw.githubusercontent.com/Uniswap/hooklist/65ef4121419193a5aad9a493d2f4d9710d2f7653/hooks/base/0x61cac8cd5c32f5828b316ca314b437338ddea888.json,"{""name"": ""PhiEthHooks"", ""description"": ""Implements a 1:1 ETH\u2194phiEth custom-curve swap using beforeSwapReturnsDelta: it takes input from the pool manager, calls phiEth.deposit()/withdraw() to convert, and settles the output, bypassing concentrated liquidity entirely. Direct liquidity additions to the pool are blocked."", ""deployer"": """"}"
0x6275374994218fe22316e3b227e63e7b9144a888,uniswap_hooklist,3,PhiEthHooks,https://raw.githubusercontent.com/Uniswap/hooklist/65ef4121419193a5aad9a493d2f4d9710d2f7653/hooks/base/0x6275374994218fe22316e3b227e63e7b9144a888.json,"{""name"": ""PhiEthHooks"", ""description"": ""Custom curve hook that handles 1:1 ETH\u2194phiEth swaps by taking the input token from the PoolManager, converting via phiEth deposit/withdraw, and settling the output directly \u2014 bypassing the standard AMM entirely. Liquidity addition to the pool is permanently blocked via revert."", ""deployer"": """"}"
0x628c6cd3529d00eeb1ae38d8c4d7f6b35b87e888,uniswap_hooklist,3,PhiEthHooks,https://raw.githubusercontent.com/Uniswap/hooklist/65ef4121419193a5aad9a493d2f4d9710d2f7653/hooks/base/0x628c6cd3529d00eeb1ae38d8c4d7f6b35b87e888.json,"{""name"": ""PhiEthHooks"", ""description"": ""A 1:1 ETH/phiEth custom curve hook that intercepts all swaps in beforeSwap, wraps/unwraps ETH via the phiEth contract, and settles output directly \u2014 bypassing concentrated liquidity. Direct liquidity additions to the pool are blocked."", ""deployer"": """"}"
0x631352aaa9d6554848af674106bcd8bb9e59a5cf,uniswap_hooklist,3,Angstrom Hook,https://raw.githubusercontent.com/Uniswap/hooklist/65ef4121419193a5aad9a493d2f4d9710d2f7653/hooks/base/0x631352aaa9d6554848af674106bcd8bb9e59a5cf.json,"{""name"": ""Angstrom Hook"", ""description"": ""A Uniswap v4 hook that implements MEV-aware swap and liquidity taxes, distributing fees between the protocol, pool creator, and LPs via return deltas. Includes a governance-controlled withdraw-only mode that blocks new swaps and liquidity additions."", ""deployer"": """"}"
0x631352aaa9d6554848af674106bcd8bb9e59a5cf,document,4,Uniswap routing-api allowlist,https://raw.githubusercontent.com/Uniswap/routing-api/main/lib/util/hooksAddressesAllowlist.ts,export const ANSTROM_HOOK_ON_BASE = '0x631352aaa9d6554848af674106bcd8bb9e59a5cf'
0x633da5593d5df19de6556252e7451da032aea888,uniswap_hooklist,3,PhiEthHooks,https://raw.githubusercontent.com/Uniswap/hooklist/65ef4121419193a5aad9a493d2f4d9710d2f7653/hooks/base/0x633da5593d5df19de6556252e7451da032aea888.json,"{""name"": ""PhiEthHooks"", ""description"": ""A custom-curve hook that implements 1:1 ETH/phiEth swaps by taking the input via poolManager, calling phiEth.deposit() or phiEth.withdraw(), and settling the output \u2014 bypassing concentrated liquidity entirely via BeforeSwapDelta. Prevents direct liquidity additions to the pool and enforces a zero-fee configuration."", ""deployer"": """"}"
0x63fe0db4525a38e1dec16eb650419d8976d7e888,uniswap_hooklist,3,PhiEthHooks,https://raw.githubusercontent.com/Uniswap/hooklist/65ef4121419193a5aad9a493d2f4d9710d2f7653/hooks/base/0x63fe0db4525a38e1dec16eb650419d8976d7e888.json,"{""name"": ""PhiEthHooks"", ""description"": ""A custom-curve hook implementing 1:1 ETH\u2194phiETH swaps by taking input from the PoolManager, depositing or withdrawing via the phiEth contract, and settling output \u2014 bypassing concentrated liquidity entirely. Liquidity addition is blocked; the pool enforces zero fees and only accepts ETH/phiETH pairs."", ""deployer"": """"}"
0x64359a22e41a8d51508ed90b1867d8ff69dfa888,uniswap_hooklist,3,PhiEthHooks,https://raw.githubusercontent.com/Uniswap/hooklist/65ef4121419193a5aad9a493d2f4d9710d2f7653/hooks/base/0x64359a22e41a8d51508ed90b1867d8ff69dfa888.json,"{""name"": ""PhiEthHooks"", ""description"": ""Implements a 1:1 custom curve swap between native ETH and phiEth (a wrapped ETH token) by taking input from the PoolManager, wrapping/unwrapping via phiEth, and settling output directly, bypassing concentrated liquidity. Blocks all direct liquidity additions to the pool."", ""deployer"": """"}"
0x64a204ecf32c034a2a6fbe530bd2d38009df6888,uniswap_hooklist,3,PhiEthHooks,https://raw.githubusercontent.com/Uniswap/hooklist/65ef4121419193a5aad9a493d2f4d9710d2f7653/hooks/base/0x64a204ecf32c034a2a6fbe530bd2d38009df6888.json,"{""name"": ""PhiEthHooks"", ""description"": ""A 1:1 ETH\u2194phiEth swap hook for Uniswap v4 that implements a custom curve bypassing concentrated liquidity. Routes all swaps through phiEth deposit/withdraw, returning a full BeforeSwapDelta to no-op the AMM. Restricts pool initialization to ETH/phiEth pairs with zero fee and prevents direct liquidity addition."", ""deployer"": """"}"
0x64a419a8df53e95d691223f56540b7b05b9ae888,uniswap_hooklist,3,PhiEthHooks,https://raw.githubusercontent.com/Uniswap/hooklist/65ef4121419193a5aad9a493d2f4d9710d2f7653/hooks/base/0x64a419a8df53e95d691223f56540b7b05b9ae888.json,"{""name"": ""PhiEthHooks"", ""description"": ""Implements a 1:1 ETH/phiEth swap using a custom curve via beforeSwap: it takes the input token, deposits or withdraws via the phiEth contract, and settles the output \u2014 bypassing concentrated liquidity entirely. Direct liquidity additions are blocked; only ETH-to-phiEth and phiEth-to-ETH exchanges are supported."", ""deployer"": """"}"
0x64a928f9d0e25de8848d612e7a64eb5529a5e888,uniswap_hooklist,3,PhiEthHooks,https://raw.githubusercontent.com/Uniswap/hooklist/65ef4121419193a5aad9a493d2f4d9710d2f7653/hooks/base/0x64a928f9d0e25de8848d612e7a64eb5529a5e888.json,"{""name"": ""PhiEthHooks"", ""description"": ""Implements a 1:1 ETH\u2194phiEth custom curve that bypasses concentrated liquidity: on each swap it takes the input, converts via phiEth deposit/withdraw, and settles the output directly. Blocks direct liquidity additions and restricts initialization to ETH/phiEth pairs with zero fee."", ""deployer"": """"}"
0x64c2249181ecabda597212020e581300eaa8e888,uniswap_hooklist,3,PhiEthHooks,https://raw.githubusercontent.com/Uniswap/hooklist/65ef4121419193a5aad9a493d2f4d9710d2f7653/hooks/base/0x64c2249181ecabda597212020e581300eaa8e888.json,"{""name"": ""PhiEthHooks"", ""description"": ""Implements a 1:1 ETH/phiEth custom-curve swap hook that converts ETH to phiEth via deposit and phiEth to ETH via withdraw, bypassing the concentrated liquidity mechanism entirely via beforeSwapReturnsDelta. Direct liquidity additions to the pool are blocked."", ""deployer"": """"}"
0x65c66ac50b79b6933134e64663146dd821e8e888,uniswap_hooklist,3,PhiEthHooks,https://raw.githubusercontent.com/Uniswap/hooklist/65ef4121419193a5aad9a493d2f4d9710d2f7653/hooks/base/0x65c66ac50b79b6933134e64663146dd821e8e888.json,"{""name"": ""PhiEthHooks"", ""description"": ""A 1:1 ETH/phiETH swap hook that intercepts swaps via beforeSwap, converts ETH to phiETH (or vice versa) using phiEth.deposit()/phiEth.withdraw(), and returns a full delta to no-op the concentrated liquidity swap. Liquidity provision is blocked; the pool is restricted to an ETH/phiETH pair with zero fee."", ""deployer"": """"}"
0x66799c2eb2590006820f6cb826133176ecdda888,uniswap_hooklist,3,EstateHook,https://raw.githubusercontent.com/Uniswap/hooklist/65ef4121419193a5aad9a493d2f4d9710d2f7653/hooks/base/0x66799c2eb2590006820f6cb826133176ecdda888.json,"{""name"": ""EstateHook"", ""description"": ""A bonding curve AMM hook that replaces standard pool swaps with buy/sell actions against a logarithmic curve. Buyers mint EstateTokens by paying ETH; sellers burn tokens to receive ETH, with 10% of proceeds withheld as rental rewards distributed through the EstateToken contract."", ""deployer"": """"}"
0x667ecd8cc4122f3a7370216ca130e6fc1531e888,uniswap_hooklist,3,PhiEthHooks,https://raw.githubusercontent.com/Uniswap/hooklist/65ef4121419193a5aad9a493d2f4d9710d2f7653/hooks/base/0x667ecd8cc4122f3a7370216ca130e6fc1531e888.json,"{""name"": ""PhiEthHooks"", ""description"": ""A custom 1:1 ETH/phiEth swap hook that implements a fixed-price curve: it takes the full input from the PoolManager, converts via phiEth.deposit() or phiEth.withdraw(), and settles the output, returning a full BeforeSwapDelta to bypass concentrated liquidity math. Direct liquidity addition is blocked."", ""deployer"": """"}"
0x6762e680bee9251d0333e8b04cf17b7352e62888,uniswap_hooklist,3,PhiEthHooks,https://raw.githubusercontent.com/Uniswap/hooklist/65ef4121419193a5aad9a493d2f4d9710d2f7653/hooks/base/0x6762e680bee9251d0333e8b04cf17b7352e62888.json,"{""name"": ""PhiEthHooks"", ""description"": ""A Uniswap v4 hook that implements a custom 1:1 AMM curve for ETH/phiETH swaps. On each swap, it takes the input from the pool manager, wraps or unwraps ETH via the IPhiEth contract, settles the output, and returns a BeforeSwapDelta to bypass concentrated liquidity entirely. Adding liquidity is permanently blocked."", ""deployer"": """"}"
0x678ab9671a6f946bd527af83aede0741e3a22040,uniswap_hooklist,3,ExponentialLiquidityHook,https://raw.githubusercontent.com/Uniswap/hooklist/65ef4121419193a5aad9a493d2f4d9710d2f7653/hooks/base/0x678ab9671a6f946bd527af83aede0741e3a22040.json,"{""name"": ""ExponentialLiquidityHook"", ""description"": ""A bonding curve hook that deploys ERC20 tokens paired with WBTC, distributing liquidity across multiple tick ranges. When a swap moves the pool price past a configured threshold, the hook automatically removes all liquidity, transfers the accumulated WBTC via the pool manager, and calls enablePackOpening() on the deployed token contract."", ""deployer"": """"}"
0x67ba1d28872c63580e862f3fb265c05367e9e888,uniswap_hooklist,3,PhiEthHooks,https://raw.githubusercontent.com/Uniswap/hooklist/65ef4121419193a5aad9a493d2f4d9710d2f7653/hooks/base/0x67ba1d28872c63580e862f3fb265c05367e9e888.json,"{""name"": ""PhiEthHooks"", ""description"": ""Implements a 1:1 custom curve for ETH/phiEth pools by intercepting swaps in beforeSwap: takes the input token from the PoolManager, mints or burns phiEth accordingly, and settles the output \u2014 bypassing concentrated liquidity entirely. Liquidity provision is permanently blocked."", ""deployer"": """"}"
0x6828e8522a65226de90b7fa28d2fe6cc9dba6888,uniswap_hooklist,3,PhiEthHooks,https://raw.githubusercontent.com/Uniswap/hooklist/65ef4121419193a5aad9a493d2f4d9710d2f7653/hooks/base/0x6828e8522a65226de90b7fa28d2fe6cc9dba6888.json,"{""name"": ""PhiEthHooks"", ""description"": ""Implements a 1:1 ETH/phiEth custom curve swap by intercepting beforeSwap, converting ETH to phiEth via deposit or withdrawing phiEth to ETH, then settling output and returning a BeforeSwapDelta to bypass concentrated liquidity. Adding liquidity to the pool is blocked; the hook only supports the phiEth/ETH pair with zero fee."", ""deployer"": """"}"
0x684ad46da6f3015a0b9ac17c1b9f2102475d2888,uniswap_hooklist,3,PhiEthHooks,https://raw.githubusercontent.com/Uniswap/hooklist/65ef4121419193a5aad9a493d2f4d9710d2f7653/hooks/base/0x684ad46da6f3015a0b9ac17c1b9f2102475d2888.json,"{""name"": ""PhiEthHooks"", ""description"": ""Implements a 1:1 ETH\u2194phiEth custom swap curve using beforeSwapReturnsDelta to fully bypass the AMM. On each swap, it takes the input from the PoolManager, mints or burns phiEth accordingly, and settles the output at a fixed 1:1 ratio with zero fee. Direct liquidity addition is blocked."", ""deployer"": """"}"
0x6859a5c440c33eb14181e7e08f440680f775e888,uniswap_hooklist,3,PhiEthHooks,https://raw.githubusercontent.com/Uniswap/hooklist/65ef4121419193a5aad9a493d2f4d9710d2f7653/hooks/base/0x6859a5c440c33eb14181e7e08f440680f775e888.json,"{""name"": ""PhiEthHooks"", ""description"": ""Custom curve hook implementing 1:1 swapping between ETH and phiEth (a wrapped ETH token). Intercepts swaps in beforeSwap to handle deposits/withdrawals directly, returning a BeforeSwapDelta to no-op the standard AMM path. Liquidity addition is blocked entirely."", ""deployer"": """"}"
0x68754d8c86b731cbba9a2e6e49a2a442e244a888,uniswap_hooklist,3,PhiEthHooks,https://raw.githubusercontent.com/Uniswap/hooklist/65ef4121419193a5aad9a493d2f4d9710d2f7653/hooks/base/0x68754d8c86b731cbba9a2e6e49a2a442e244a888.json,"{""name"": ""PhiEthHooks"", ""description"": ""Implements a custom 1:1 swap curve between ETH and phiEth (an ETH wrapper token), intercepting all swaps via beforeSwap to take the input, mint/burn phiEth, and settle the output \u2014 fully bypassing concentrated liquidity. Direct liquidity addition to the pool is blocked."", ""deployer"": """"}"
0x688c0ad0230d0108dcf61be58f4bdeb1f2c2e888,uniswap_hooklist,3,PhiEthHooks,https://raw.githubusercontent.com/Uniswap/hooklist/65ef4121419193a5aad9a493d2f4d9710d2f7653/hooks/base/0x688c0ad0230d0108dcf61be58f4bdeb1f2c2e888.json,"{""name"": ""PhiEthHooks"", ""description"": ""Implements a 1:1 custom swap curve for ETH/phiETH pairs by intercepting swaps in beforeSwap, taking input tokens from the PoolManager, converting ETH\u2194phiETH via deposit/withdraw, and returning a BeforeSwapDelta that fully bypasses the AMM's concentrated liquidity. Liquidity additions to the pool are unconditionally reverted."", ""deployer"": """"}"
0x6904e65ce991a52feef01e64d08c6d81d1b1a888,uniswap_hooklist,3,PhiEthHooks,https://raw.githubusercontent.com/Uniswap/hooklist/65ef4121419193a5aad9a493d2f4d9710d2f7653/hooks/base/0x6904e65ce991a52feef01e64d08c6d81d1b1a888.json,"{""name"": ""PhiEthHooks"", ""description"": ""A custom curve hook implementing 1:1 ETH/phiEth swaps entirely in beforeSwap: it takes the input token from the PoolManager, deposits or withdraws via the phiEth wrapper, settles the output, and returns a BeforeSwapDelta that bypasses the AMM. Liquidity additions to the pool are unconditionally blocked."", ""deployer"": """"}"
0x6932d7e8a25dbb3f3f8387873df2f0e94a7ca888,uniswap_hooklist,3,PhiEthHooks,https://raw.githubusercontent.com/Uniswap/hooklist/65ef4121419193a5aad9a493d2f4d9710d2f7653/hooks/base/0x6932d7e8a25dbb3f3f8387873df2f0e94a7ca888.json,"{""name"": ""PhiEthHooks"", ""description"": ""Implements a 1:1 custom-curve swap between native ETH and phiEth (an ETH-wrapper ERC-20) by intercepting beforeSwap, taking the full input amount, converting via phiEth.deposit/withdraw, and returning the full BeforeSwapDelta to bypass concentrated liquidity. Liquidity additions are blocked and pool initialization is restricted to ETH/phiEth pairs with zero fee."", ""deployer"": """"}"
0x6a330bd50b1c2c94c2fe7ad9cf5cea19da34e888,uniswap_hooklist,3,PhiEthHooks,https://raw.githubusercontent.com/Uniswap/hooklist/65ef4121419193a5aad9a493d2f4d9710d2f7653/hooks/base/0x6a330bd50b1c2c94c2fe7ad9cf5cea19da34e888.json,"{""name"": ""PhiEthHooks"", ""description"": ""Implements a 1:1 custom curve for ETH/phiEth swaps. In beforeSwap, it takes the full input amount, converts between ETH and phiEth via deposit/withdraw on the phiEth contract, and settles the output \u2014 bypassing concentrated liquidity entirely. Liquidity additions to the pool are permanently blocked."", ""deployer"": """"}"
0x6ab1853df0f73f55f6ed388c0902f9e70cb5cacc,uniswap_hooklist,3,MultiPoolsHook,https://raw.githubusercontent.com/Uniswap/hooklist/65ef4121419193a5aad9a493d2f4d9710d2f7653/hooks/base/0x6ab1853df0f73f55f6ed388c0902f9e70cb5cacc.json,"{""name"": ""MultiPoolsHook"", ""description"": ""Collects configurable ETH swap fees on factory-registered pools, distributing them across creator, buyback/burn, rewards, auto-LP, and platform shares. Applies a 30% antisniper fee during a 60-second post-launch window and permanently locks LP removal."", ""deployer"": """"}"
0x6b4d98ca88fa0e3bb2b70582d5af1b59971f3acc,uniswap_hooklist,3,BotcoinWethFeeHook,https://raw.githubusercontent.com/Uniswap/hooklist/65ef4121419193a5aad9a493d2f4d9710d2f7653/hooks/base/0x6b4d98ca88fa0e3bb2b70582d5af1b59971f3acc.json,"{""name"": ""BotcoinWethFeeHook"", ""description"": ""A single-pool BOTCOIN/WETH hook that charges configurable input fees on every swap, routing fee revenue to a protocol vault for rewards, burns, and subsidies. NFT holders receive a discount, and a TWAP-gated botcoin conversion buffer fills buy-side swaps via beforeSwapReturnsDelta. Also lazily executes subsidy conversions and bonus campaigns during swap callbacks."", ""deployer"": """"}"
0x6b68a0597ff2fd0bdcbe32e0787480cc9ddf2888,uniswap_hooklist,3,PhiEthHooks,https://raw.githubusercontent.com/Uniswap/hooklist/65ef4121419193a5aad9a493d2f4d9710d2f7653/hooks/base/0x6b68a0597ff2fd0bdcbe32e0787480cc9ddf2888.json,"{""name"": ""PhiEthHooks"", ""description"": ""Implements a 1:1 ETH\u2194phiEth swap via a custom curve in beforeSwap: takes the full input, wraps/unwraps ETH through the phiEth contract, and returns full BeforeSwapDeltas to bypass concentrated liquidity pricing. Liquidity addition is permanently blocked."", ""deployer"": """"}"
0x6b80ce7c95b0206b14ce9977c904e11918d48040,uniswap_hooklist,3,SpectraLaunch,https://raw.githubusercontent.com/Uniswap/hooklist/65ef4121419193a5aad9a493d2f4d9710d2f7653/hooks/base/0x6b80ce7c95b0206b14ce9977c904e11918d48040.json,"{""name"": ""SpectraLaunch"", ""description"": ""SPECTRA launchpad afterSwap hook on Base \u2014 the token is its own Uniswap v4 hook (holding = LP). Token contract 0x6b80ce7c95b0206b14ce9977c904e11918d48040. Source verified on BaseScan."", ""deployer"": """"}"
0x6bdfbddda940bfcbc8f29e629af38578771ba888,uniswap_hooklist,3,PhiEthHooks,https://raw.githubusercontent.com/Uniswap/hooklist/65ef4121419193a5aad9a493d2f4d9710d2f7653/hooks/base/0x6bdfbddda940bfcbc8f29e629af38578771ba888.json,"{""name"": ""PhiEthHooks"", ""description"": ""A 1:1 ETH/phiEth conversion hook implementing a custom constant-price curve. In beforeSwap, it takes the full input amount from the PoolManager, wraps or unwraps ETH via the phiEth contract, and settles the output \u2014 bypassing the AMM entirely. Direct liquidity additions are blocked, and only ETH/phiEth pools with zero fee may use this hook."", ""deployer"": """"}"
0x6bfdee1391ef117c9eaf8ac059e252e558c16888,uniswap_hooklist,3,PhiEthHooks,https://raw.githubusercontent.com/Uniswap/hooklist/65ef4121419193a5aad9a493d2f4d9710d2f7653/hooks/base/0x6bfdee1391ef117c9eaf8ac059e252e558c16888.json,"{""name"": ""PhiEthHooks"", ""description"": ""Implements a 1:1 ETH/phiEth custom curve swap by consuming the full swap delta in beforeSwap, bypassing Uniswap v4 concentrated liquidity. Wraps ETH to phiEth or unwraps phiEth to ETH via the phiEth contract on each swap, and blocks direct liquidity additions to the pool."", ""deployer"": """"}"
0x6c1e5af98fb731839c862b4b7f4d4c3509826888,uniswap_hooklist,3,PhiEthHooks,https://raw.githubusercontent.com/Uniswap/hooklist/65ef4121419193a5aad9a493d2f4d9710d2f7653/hooks/base/0x6c1e5af98fb731839c862b4b7f4d4c3509826888.json,"{""name"": ""PhiEthHooks"", ""description"": ""Implements a 1:1 custom curve swap between native ETH and phiEth (an ETH-wrapper token) using beforeSwapReturnsDelta to intercept swaps and perform deposit/withdraw on the phiEth contract. Direct liquidity addition is blocked; all liquidity is handled through the hook's swap mechanism."", ""deployer"": """"}"
0x6c4060e359502d2df0c04dc8d560165048726888,uniswap_hooklist,3,PhiEthHooks,https://raw.githubusercontent.com/Uniswap/hooklist/65ef4121419193a5aad9a493d2f4d9710d2f7653/hooks/base/0x6c4060e359502d2df0c04dc8d560165048726888.json,"{""name"": ""PhiEthHooks"", ""description"": ""A custom-curve hook that implements 1:1 ETH/phiEth swaps by taking the full input, minting or burning phiEth via deposit/withdraw, and settling directly with the PoolManager \u2014 bypassing the AMM entirely. Direct liquidity addition is blocked; the pool is restricted to ETH/phiEth pairs with zero fee."", ""deployer"": """"}"
0x6c578fcc4f67e23c5e9ca333aaab59adfc13e888,uniswap_hooklist,3,PhiEthHooks,https://raw.githubusercontent.com/Uniswap/hooklist/65ef4121419193a5aad9a493d2f4d9710d2f7653/hooks/base/0x6c578fcc4f67e23c5e9ca333aaab59adfc13e888.json,"{""name"": ""PhiEthHooks"", ""description"": ""A hook that implements a 1:1 custom curve for ETH/phiEth swaps by intercepting beforeSwap to mint or burn phiEth (via deposit/withdraw), returning a full hookDelta to bypass concentrated liquidity entirely. Liquidity provision is blocked, and only zero-fee ETH/phiEth pools are permitted."", ""deployer"": """"}"
0x6cabe2fd9fb60c5afcab7de732b0a224fc382eec,uniswap_hooklist,3,GPO Hook (Base),https://raw.githubusercontent.com/Uniswap/hooklist/65ef4121419193a5aad9a493d2f4d9710d2f7653/hooks/base/0x6cabe2fd9fb60c5afcab7de732b0a224fc382eec.json,"{""name"": ""GPO Hook (Base)"", ""description"": ""An immutable, ownerless Uniswap v4 hook for the GoldPesa Option (GPO) token that deploys GPO, seeds a full-range liquidity position, and enforces a 10% USDC fee on every swap via BeforeSwapDelta and AfterSwapDelta. Liquidity is permanently locked after initial minting, and donations and unauthorized pool initialization are blocked."", ""deployer"": """"}"
0x6cabe2fd9fb60c5afcab7de732b0a224fc382eec,document,4,Uniswap routing-api allowlist,https://raw.githubusercontent.com/Uniswap/routing-api/main/lib/util/hooksAddressesAllowlist.ts,export const GPO_HOOKS = '0x6cabe2fd9fb60c5afcab7de732b0a224fc382eec'
0x6cfb83e0f565828c1e43bd2e7be589b0ffe92888,uniswap_hooklist,3,PhiEthHooks,https://raw.githubusercontent.com/Uniswap/hooklist/65ef4121419193a5aad9a493d2f4d9710d2f7653/hooks/base/0x6cfb83e0f565828c1e43bd2e7be589b0ffe92888.json,"{""name"": ""PhiEthHooks"", ""description"": ""Implements a 1:1 custom curve swap between ETH and phiEth (a wrapped ETH ERC-20) by taking the full input from the pool manager, invoking phiEth deposit or withdraw, and settling the output back. Blocks all direct liquidity additions and enforces a zero-fee pool."", ""deployer"": """"}"
0x6d3a4ba7a3ef646e7538fbea8ecad1f32c9be888,uniswap_hooklist,3,PhiEthHooks,https://raw.githubusercontent.com/Uniswap/hooklist/65ef4121419193a5aad9a493d2f4d9710d2f7653/hooks/base/0x6d3a4ba7a3ef646e7538fbea8ecad1f32c9be888.json,"{""name"": ""PhiEthHooks"", ""description"": ""Custom-curve hook that implements 1:1 ETH \u2194 phiEth swaps via beforeSwap. On each swap it takes input tokens, calls phiEth.deposit or phiEth.withdraw, and returns a full BeforeSwapDelta to bypass the AMM curve. Direct liquidity addition is blocked; only ETH/phiEth pools with zero fee are permitted."", ""deployer"": """"}"
0x6dbcf62ab0d55ddc3a4fab8bc420597f4ad9e888,uniswap_hooklist,3,PhiEthHooks,https://raw.githubusercontent.com/Uniswap/hooklist/65ef4121419193a5aad9a493d2f4d9710d2f7653/hooks/base/0x6dbcf62ab0d55ddc3a4fab8bc420597f4ad9e888.json,"{""name"": ""PhiEthHooks"", ""description"": ""A custom-curve hook for ETH/phiETH pools that implements 1:1 swapping by bypassing concentrated liquidity: it takes the full input from the pool manager, mints or burns phiETH via deposit/withdraw, and settles the output directly. Direct liquidity provision is permanently blocked."", ""deployer"": """"}"
0x6dd740efcd1eba01375297fb9dc1d264455d6888,uniswap_hooklist,3,PhiEthHooks,https://raw.githubusercontent.com/Uniswap/hooklist/65ef4121419193a5aad9a493d2f4d9710d2f7653/hooks/base/0x6dd740efcd1eba01375297fb9dc1d264455d6888.json,"{""name"": ""PhiEthHooks"", ""description"": ""Implements a 1:1 custom swap curve for ETH/phiETH pools by handling actual ETH deposits and phiETH withdrawals inside beforeSwap via BeforeSwapReturnsDelta, bypassing the AMM entirely. Prevents direct liquidity additions to the pool and enforces a zero-fee constraint on pool initialization."", ""deployer"": """"}"
0x6e95a2e4cf0eddf2373c6d584e75537f855a6888,uniswap_hooklist,3,PhiEthHooks,https://raw.githubusercontent.com/Uniswap/hooklist/65ef4121419193a5aad9a493d2f4d9710d2f7653/hooks/base/0x6e95a2e4cf0eddf2373c6d584e75537f855a6888.json,"{""name"": ""PhiEthHooks"", ""description"": ""Implements a 1:1 ETH/phiEth custom swap curve using beforeSwapReturnsDelta, routing all swap execution through phiEth deposit/withdraw rather than concentrated liquidity. Restricts pools to ETH/phiEth pairs with zero fee and blocks direct liquidity addition."", ""deployer"": """"}"
0x73c682a515fa16fe863c3128467598d44008a888,uniswap_hooklist,3,PhiEthHooks,https://raw.githubusercontent.com/Uniswap/hooklist/65ef4121419193a5aad9a493d2f4d9710d2f7653/hooks/base/0x73c682a515fa16fe863c3128467598d44008a888.json,"{""name"": ""PhiEthHooks"", ""description"": ""Implements a 1:1 custom swap curve between ETH (currency0) and phiEth (currency1), converting via phiEth deposit/withdraw and settling directly with the PoolManager \u2014 bypassing concentrated liquidity entirely. Adding liquidity to the pool is blocked via a revert in beforeAddLiquidity."", ""deployer"": """"}"
0x73e74c090446ad7c9745eba3c26f3e1a9680e8cc,uniswap_hooklist,3,ClankerHookStaticFee,https://raw.githubusercontent.com/Uniswap/hooklist/65ef4121419193a5aad9a493d2f4d9710d2f7653/hooks/base/0x73e74c090446ad7c9745eba3c26f3e1a9680e8cc.json,"{""name"": ""ClankerHookStaticFee"", ""description"": ""A Clanker factory hook that applies configurable, direction-sensitive LP fees (separate rates for buying vs selling the clanker token) using the dynamic fee mechanism, while also collecting a 20% protocol fee from the paired token on each swap. Includes a time-limited MEV protection module active for the first 2 minutes after pool creation."", ""deployer"": ""0x3B5AEdd9Ab921E592d2Fccaa6e33CF893e7EEb70""}"
0x74ae9da059f329e2966b2a8b7fdc9caaa73f6888,uniswap_hooklist,3,PhiEthHooks,https://raw.githubusercontent.com/Uniswap/hooklist/65ef4121419193a5aad9a493d2f4d9710d2f7653/hooks/base/0x74ae9da059f329e2966b2a8b7fdc9caaa73f6888.json,"{""name"": ""PhiEthHooks"", ""description"": ""A custom-curve hook for a phiEth/ETH pool that swaps ETH and phiEth 1:1 using a hook delta, bypassing concentrated liquidity. Liquidity additions are blocked; the hook handles all token conversions directly via phiEth deposit/withdraw."", ""deployer"": """"}"
0x755438ffabc210b14e69d0b082264df09d4de888,uniswap_hooklist,3,PhiEthHooks,https://raw.githubusercontent.com/Uniswap/hooklist/65ef4121419193a5aad9a493d2f4d9710d2f7653/hooks/base/0x755438ffabc210b14e69d0b082264df09d4de888.json,"{""name"": ""PhiEthHooks"", ""description"": ""A custom-curve hook implementing 1:1 swapping between ETH and phiEth (a wrapped ETH token). In beforeSwap, it takes the full input amount from the PoolManager, mints or burns phiEth accordingly, settles the output, and returns a BeforeSwapDelta that no-ops the AMM swap. Liquidity addition is blocked entirely, and pool initialization is restricted to ETH/phiEth pairs with zero fee."", ""deployer"": """"}"
0x761024fc9bc7eca9407523b27e9bbddbd3136888,uniswap_hooklist,3,PhiEthHooks,https://raw.githubusercontent.com/Uniswap/hooklist/65ef4121419193a5aad9a493d2f4d9710d2f7653/hooks/base/0x761024fc9bc7eca9407523b27e9bbddbd3136888.json,"{""name"": ""PhiEthHooks"", ""description"": ""Implements a 1:1 ETH\u2194phiEth custom curve swap by intercepting beforeSwap to take input tokens, mint or burn phiEth via deposit/withdraw, and settle the output \u2014 bypassing the pool's concentrated liquidity entirely. Direct liquidity additions are blocked via beforeAddLiquidity revert."", ""deployer"": """"}"
0x7624ac031ca94a9d6f732a74ef90ea10c5510040,uniswap_hooklist,3,SpectraLaunch,https://raw.githubusercontent.com/Uniswap/hooklist/65ef4121419193a5aad9a493d2f4d9710d2f7653/hooks/base/0x7624ac031ca94a9d6f732a74ef90ea10c5510040.json,"{""name"": ""SpectraLaunch"", ""description"": ""Spectra launchpad hook on Base. ERC-20 + Uniswap V4 afterSwap hook where holding the token is providing liquidity (swap fees accrue pro-rata to holders). Graduated from a bonding curve. Token contract: 0x7624aC031CA94a9D6f732A74EF90EA10c5510040."", ""deployer"": ""0x34054B1dF385595d8ce6345b856459b568FE7714""}"
0x7648cf3a806a07af0f9e42ff5614e461da0de888,uniswap_hooklist,3,PhiEthHooks,https://raw.githubusercontent.com/Uniswap/hooklist/65ef4121419193a5aad9a493d2f4d9710d2f7653/hooks/base/0x7648cf3a806a07af0f9e42ff5614e461da0de888.json,"{""name"": ""PhiEthHooks"", ""description"": ""Implements a 1:1 ETH/phiEth custom curve swap using beforeSwapReturnsDelta to bypass concentrated liquidity entirely. Restricts pool initialization to ETH/phiEth pairs with zero fee, and prevents direct liquidity addition by reverting in beforeAddLiquidity."", ""deployer"": """"}"
0x76a4dbc6230dbbd9f9fc5aa079e9bc206682e888,uniswap_hooklist,3,PhiEthHooks,https://raw.githubusercontent.com/Uniswap/hooklist/65ef4121419193a5aad9a493d2f4d9710d2f7653/hooks/base/0x76a4dbc6230dbbd9f9fc5aa079e9bc206682e888.json,"{""name"": ""PhiEthHooks"", ""description"": ""Implements a 1:1 custom swap curve between ETH and phiEth (an ETH wrapper token) by intercepting swaps in beforeSwap, converting via phiEth deposit/withdraw, and settling directly with the pool manager \u2014 bypassing the AMM entirely. Liquidity additions to the pool are permanently blocked."", ""deployer"": """"}"
0x76c03423a131323f59ec12ea836325e8dd79a888,uniswap_hooklist,3,PhiEthHooks,https://raw.githubusercontent.com/Uniswap/hooklist/65ef4121419193a5aad9a493d2f4d9710d2f7653/hooks/base/0x76c03423a131323f59ec12ea836325e8dd79a888.json,"{""name"": ""PhiEthHooks"", ""description"": ""A custom-curve hook that implements 1:1 ETH\u2194phiEth swaps by intercepting beforeSwap, taking the input from the pool manager, converting via phiEth.deposit/withdraw, settling the output, and returning a BeforeSwapDelta to bypass the concentrated liquidity AMM. Direct liquidity additions to the pool are unconditionally blocked."", ""deployer"": """"}"
0x773abddf56d79fa203e047c63227cd6d58a7a888,uniswap_hooklist,3,PhiEthHooks,https://raw.githubusercontent.com/Uniswap/hooklist/65ef4121419193a5aad9a493d2f4d9710d2f7653/hooks/base/0x773abddf56d79fa203e047c63227cd6d58a7a888.json,"{""name"": ""PhiEthHooks"", ""description"": ""A custom-curve hook that enables 1:1 ETH\u2194phiEth swaps by intercepting beforeSwap to take input, mint or burn phiEth tokens, and settle output \u2014 bypassing concentrated liquidity entirely. Liquidity additions are blocked, and the pool is restricted to ETH/phiEth pairs with zero fee."", ""deployer"": """"}"
0x776b0e5fb9b7da68b111f7c0b85ebd2669d46888,uniswap_hooklist,3,PhiEthHooks,https://raw.githubusercontent.com/Uniswap/hooklist/65ef4121419193a5aad9a493d2f4d9710d2f7653/hooks/base/0x776b0e5fb9b7da68b111f7c0b85ebd2669d46888.json,"{""name"": ""PhiEthHooks"", ""description"": ""A 1:1 ETH/phiETH wrapper hook implementing a custom constant-price curve. It prevents direct liquidity additions and handles swaps by depositing or withdrawing through the phiEth contract, then settling the full amount via the PoolManager with a BeforeSwapDelta that no-ops the concentrated liquidity swap."", ""deployer"": """"}"
0x77bb2a8f1ab2a384918a4c090cd8ae82dc5078e0,document,4,Uniswap routing-api allowlist,https://raw.githubusercontent.com/Uniswap/routing-api/main/lib/util/hooksAddressesAllowlist.ts,export const DOPPLER_HOOKS_ADDRESS_ON_BASE = '0x77bb2a8f1ab2a384918a4c090cd8ae82dc5078e0'
0x782fdf1ce6b8eba23ca45893aa366e35efbd6888,uniswap_hooklist,3,PhiEthHooks,https://raw.githubusercontent.com/Uniswap/hooklist/65ef4121419193a5aad9a493d2f4d9710d2f7653/hooks/base/0x782fdf1ce6b8eba23ca45893aa366e35efbd6888.json,"{""name"": ""PhiEthHooks"", ""description"": ""Implements a 1:1 ETH\u2194phiEth custom curve that bypasses the pool's concentrated liquidity AMM. On each swap, it takes the full input from the PoolManager, mints or burns phiEth accordingly, then settles the output \u2014 returning a full BeforeSwapDelta to no-op the standard swap. Liquidity additions are blocked entirely."", ""deployer"": """"}"
0x7851657e9d2fe52a147fa26551e88fc9e8b7a888,uniswap_hooklist,3,PhiEthHooks,https://raw.githubusercontent.com/Uniswap/hooklist/65ef4121419193a5aad9a493d2f4d9710d2f7653/hooks/base/0x7851657e9d2fe52a147fa26551e88fc9e8b7a888.json,"{""name"": ""PhiEthHooks"", ""description"": ""Implements a 1:1 ETH\u2194phiEth custom swap curve by intercepting swaps in beforeSwap: takes the input token from the PoolManager, calls phiEth.deposit() or phiEth.withdraw() to convert, settles the output, and returns a BeforeSwapDelta to bypass the AMM's concentrated liquidity. Direct liquidity additions are permanently blocked."", ""deployer"": """"}"
0x788f90451302b9119bc7941921ea6a885c5da888,uniswap_hooklist,3,PhiEthHooks,https://raw.githubusercontent.com/Uniswap/hooklist/65ef4121419193a5aad9a493d2f4d9710d2f7653/hooks/base/0x788f90451302b9119bc7941921ea6a885c5da888.json,"{""name"": ""PhiEthHooks"", ""description"": ""Implements a 1:1 ETH/phiEth custom curve hook that intercepts swaps in beforeSwap, wraps/unwraps ETH via phiEth.deposit()/withdraw(), settles the full amount directly, and returns a BeforeSwapDelta to bypass concentrated liquidity entirely. Blocks all direct liquidity additions and restricts pool initialization to zero-fee ETH/phiEth pairs only."", ""deployer"": """"}"
0x78dfbce3c5f416dedf81274ad697765833426888,uniswap_hooklist,3,PhiEthHooks,https://raw.githubusercontent.com/Uniswap/hooklist/65ef4121419193a5aad9a493d2f4d9710d2f7653/hooks/base/0x78dfbce3c5f416dedf81274ad697765833426888.json,"{""name"": ""PhiEthHooks"", ""description"": ""A custom-curve hook implementing 1:1 swapping between ETH and phiEth (an ETH wrapper token). The full swap is handled in beforeSwap by taking tokens from the PoolManager, calling phiEth deposit/withdraw, and settling back, bypassing concentrated liquidity entirely. Liquidity addition to the pool is permanently blocked."", ""deployer"": """"}"
0x796e25450dcf6a44dc1ff36156212a65ee4a6888,uniswap_hooklist,3,PhiEthHooks,https://raw.githubusercontent.com/Uniswap/hooklist/65ef4121419193a5aad9a493d2f4d9710d2f7653/hooks/base/0x796e25450dcf6a44dc1ff36156212a65ee4a6888.json,"{""name"": ""PhiEthHooks"", ""description"": ""A custom-curve hook that swaps ETH and phiEth 1:1 by minting or burning phiEth via deposit/withdraw in beforeSwap, fully bypassing the concentrated liquidity AMM. Direct liquidity addition is blocked; only ETH/phiEth pools with zero fee can use this hook."", ""deployer"": """"}"
0x79a6a4873722554c203e9adc936779a97471e888,uniswap_hooklist,3,PhiEthHooks,https://raw.githubusercontent.com/Uniswap/hooklist/65ef4121419193a5aad9a493d2f4d9710d2f7653/hooks/base/0x79a6a4873722554c203e9adc936779a97471e888.json,"{""name"": ""PhiEthHooks"", ""description"": ""A custom-curve hook that implements 1:1 swapping between ETH and phiEth by intercepting beforeSwap to wrap/unwrap ETH via the phiEth contract (deposit/withdraw), returning a BeforeSwapDelta to bypass concentrated liquidity entirely. Prevents direct liquidity addition and enforces ETH/phiEth-only, zero-fee pools."", ""deployer"": """"}"
0x79b9378de3c4be56d2ef293d00df6566dd462888,uniswap_hooklist,3,PhiEthHooks,https://raw.githubusercontent.com/Uniswap/hooklist/65ef4121419193a5aad9a493d2f4d9710d2f7653/hooks/base/0x79b9378de3c4be56d2ef293d00df6566dd462888.json,"{""name"": ""PhiEthHooks"", ""description"": ""Implements a 1:1 ETH\u2194phiEth custom curve swap by taking the full input, wrapping/unwrapping via the phiEth contract, and settling the output \u2014 using beforeSwapReturnsDelta to no-op the concentrated liquidity mechanism. Blocks direct liquidity additions and enforces a zero-fee ETH/phiEth pool."", ""deployer"": """"}"
0x79f9108859ec64c55ace1ae0a029275d94446888,uniswap_hooklist,3,PhiEthHooks,https://raw.githubusercontent.com/Uniswap/hooklist/65ef4121419193a5aad9a493d2f4d9710d2f7653/hooks/base/0x79f9108859ec64c55ace1ae0a029275d94446888.json,"{""name"": ""PhiEthHooks"", ""description"": ""A custom-curve hook that implements 1:1 ETH/phiEth swaps by intercepting beforeSwap, taking the full input amount, wrapping or unwrapping via the phiEth contract, and settling outputs directly with the PoolManager \u2014 bypassing concentrated liquidity entirely. Liquidity addition is blocked."", ""deployer"": """"}"
0x7ab3df9b3a50a714af1507c750b9d75216346888,uniswap_hooklist,3,PhiEthHooks,https://raw.githubusercontent.com/Uniswap/hooklist/65ef4121419193a5aad9a493d2f4d9710d2f7653/hooks/base/0x7ab3df9b3a50a714af1507c750b9d75216346888.json,"{""name"": ""PhiEthHooks"", ""description"": ""Implements a custom 1:1 ETH/phiEth swap curve using BeforeSwapDelta to fully handle swap execution: takes the input token from the PoolManager, converts via phiEth deposit/withdraw, and settles the output, bypassing concentrated liquidity. Liquidity addition is permanently blocked."", ""deployer"": """"}"
0x7afb450161ba8943420a7e2005a73c96e4516888,uniswap_hooklist,3,PhiEthHooks,https://raw.githubusercontent.com/Uniswap/hooklist/65ef4121419193a5aad9a493d2f4d9710d2f7653/hooks/base/0x7afb450161ba8943420a7e2005a73c96e4516888.json,"{""name"": ""PhiEthHooks"", ""description"": ""A custom-curve hook for 1:1 ETH \u2194 phiEth swaps. In beforeSwap, the hook takes the full input, wraps or unwraps via the phiEth contract, and settles the output directly \u2014 bypassing concentrated liquidity entirely. Liquidity additions are permanently blocked."", ""deployer"": """"}"
0x7b2c1be6689e2b33f1a8aca6a9d47ff4a18ca888,uniswap_hooklist,3,PhiEthHooks,https://raw.githubusercontent.com/Uniswap/hooklist/65ef4121419193a5aad9a493d2f4d9710d2f7653/hooks/base/0x7b2c1be6689e2b33f1a8aca6a9d47ff4a18ca888.json,"{""name"": ""PhiEthHooks"", ""description"": ""A custom-curve hook that implements a 1:1 ETH \u2194 phiEth swap by intercepting swaps in beforeSwap, taking the input from the PoolManager, calling phiEth.deposit() or phiEth.withdraw() to convert between ETH and phiEth, and settling the output \u2014 bypassing concentrated liquidity entirely. Direct liquidity addition to the pool is permanently blocked."", ""deployer"": """"}"
0x7c5f5a4bbd8fd63184577525326123b519429bdc,document,1,Flaunch,https://raw.githubusercontent.com/flayerlabs/flaunch-sdk/bef27f90b946a63fe3c215a409b487ad38b1c685/src/addresses.ts,"  [base.id]: ""0x7C5f5A4bBd8fD63184577525326123B519429bDc"","
0x7c5f5a4bbd8fd63184577525326123b519429bdc,document,1,Flaunch,https://raw.githubusercontent.com/flayerlabs/flaunchgg-contracts/main/README.md,| PositionManager       | `0x7C5f5A4bBd8fD63184577525326123B519429bDc` | `0x4B2C77d209D3405F41a037Ec6c77F7F5b8e2ca80` |
0x7c5f5a4bbd8fd63184577525326123b519429bdc,document,4,Uniswap docs,https://raw.githubusercontent.com/Uniswap/docs/main/content/protocols/v4/deployments.mdx,| [PositionManager](https://github.com/Uniswap/v4-periphery/blob/main/src/PositionManager.sol) | [`0x7c5f5a4bbd8fd63184577525326123b519429bdc`](https://basescan.org/address/0x7c5f5a4bbd8fd63184577525326123b519429bdc) |
0x7c5f5a4bbd8fd63184577525326123b519429bdc,document,4,Uniswap docs,https://raw.githubusercontent.com/Uniswap/docs/main/content/protocols/v4/deployments.mdx,| [PositionManager](https://github.com/Uniswap/v4-periphery/blob/main/src/PositionManager.sol) | [`0x7c5f5a4bbd8fd63184577525326123b519429bdc`](https://basescan.org/address/0x7c5f5a4bbd8fd63184577525326123b519429bdc) |
0x7d181686e9ef0ade0d47e8be275cc560eb91e888,uniswap_hooklist,3,PhiEthHooks,https://raw.githubusercontent.com/Uniswap/hooklist/65ef4121419193a5aad9a493d2f4d9710d2f7653/hooks/base/0x7d181686e9ef0ade0d47e8be275cc560eb91e888.json,"{""name"": ""PhiEthHooks"", ""description"": ""A 1:1 ETH/phiETH swap hook that bypasses concentrated liquidity: takes input tokens from the pool manager, calls phiEth.deposit() or withdraw() to convert, and settles the output at parity. Adding liquidity to the pool is permanently blocked."", ""deployer"": """"}"
0x7daf52a0ec3e9c78d69a1196e18194efb5d9e888,uniswap_hooklist,3,PhiEthHooks,https://raw.githubusercontent.com/Uniswap/hooklist/65ef4121419193a5aad9a493d2f4d9710d2f7653/hooks/base/0x7daf52a0ec3e9c78d69a1196e18194efb5d9e888.json,"{""name"": ""PhiEthHooks"", ""description"": ""A custom-curve hook enabling 1:1 ETH\u2194phiEth swaps by intercepting beforeSwap, taking input from the PoolManager, calling phiEth.deposit/withdraw for conversion, and settling the output\u2014fully bypassing concentrated liquidity. Liquidity addition to the pool is blocked via a beforeAddLiquidity revert. Only ETH/phiEth pools with zero fee are permitted."", ""deployer"": """"}"
0x7db23263e461fdfc08cecf03cdfa503391e64044,uniswap_hooklist,3,VenaHook,https://raw.githubusercontent.com/Uniswap/hooklist/65ef4121419193a5aad9a493d2f4d9710d2f7653/hooks/base/0x7db23263e461fdfc08cecf03cdfa503391e64044.json,"{""name"": ""VenaHook"", ""description"": ""Custom-accounting Uniswap v4 hook for ETH/VENA on Base. Uses afterSwap return delta (1% output fee), distributes 80% to NFT holders and 20% to treasury, and applies buy/sell NFT game logic."", ""deployer"": ""0x3b8C25CA63f901792570B1bbaDfF83369d25fF4c""}"
0x7df0c2d755ff5ad351b27ed75022493bb70e6888,uniswap_hooklist,3,PhiEthHooks,https://raw.githubusercontent.com/Uniswap/hooklist/65ef4121419193a5aad9a493d2f4d9710d2f7653/hooks/base/0x7df0c2d755ff5ad351b27ed75022493bb70e6888.json,"{""name"": ""PhiEthHooks"", ""description"": ""A 1:1 ETH/phiEth swap hook that implements a custom curve via beforeSwap: it takes input tokens from the PoolManager, mints or burns phiEth at a fixed 1:1 exchange rate, and settles the output back. Liquidity additions are blocked; all exchange is handled by the hook directly with no concentrated liquidity involved."", ""deployer"": """"}"
0x7f20ca624e15253bc5b38f63f0232388ca20a888,uniswap_hooklist,3,PhiEthHooks,https://raw.githubusercontent.com/Uniswap/hooklist/65ef4121419193a5aad9a493d2f4d9710d2f7653/hooks/base/0x7f20ca624e15253bc5b38f63f0232388ca20a888.json,"{""name"": ""PhiEthHooks"", ""description"": ""A custom-curve hook that enables 1:1 swaps between ETH and phiETH by intercepting beforeSwap to handle minting/burning via the phiETH contract, returning a full delta to bypass concentrated liquidity. Liquidity addition to the pool is blocked, and only zero-fee ETH/phiETH pools may use this hook."", ""deployer"": """"}"
0x7fa49d29481b6d168505ccde26635e204c09e5cf,uniswap_hooklist,3,AngstromL2,https://raw.githubusercontent.com/Uniswap/hooklist/65ef4121419193a5aad9a493d2f4d9710d2f7653/hooks/base/0x7fa49d29481b6d168505ccde26635e204c09e5cf.json,"{""name"": ""AngstromL2"", ""description"": ""Uniswap v4 hook that charges a priority-fee-based MEV tax on swaps and JIT liquidity additions/removals, distributing collected fees between pool creator and factory protocol while compensating LPs via a per-tick reward accumulator system. Only supports ETH-paired pools."", ""deployer"": """"}"
0x8014034115898b9d09481271aca95b28489d6888,uniswap_hooklist,3,PhiEthHooks,https://raw.githubusercontent.com/Uniswap/hooklist/65ef4121419193a5aad9a493d2f4d9710d2f7653/hooks/base/0x8014034115898b9d09481271aca95b28489d6888.json,"{""name"": ""PhiEthHooks"", ""description"": ""Custom-curve hook implementing 1:1 ETH\u2194phiEth swaps by intercepting beforeSwap to take input from the PoolManager, deposit/withdraw via the phiEth contract, and settle output \u2014 fully bypassing the AMM. Liquidity cannot be added directly to the pool; only ETH/phiEth pools with zero fee are permitted."", ""deployer"": """"}"
0x80314bfb70c0246e10e867820f2caee7f67de888,uniswap_hooklist,3,PhiEthHooks,https://raw.githubusercontent.com/Uniswap/hooklist/65ef4121419193a5aad9a493d2f4d9710d2f7653/hooks/base/0x80314bfb70c0246e10e867820f2caee7f67de888.json,"{""name"": ""PhiEthHooks"", ""description"": ""Implements a 1:1 custom-curve swap between ETH and phiEth (a 1:1 ETH wrapper token) using beforeSwapReturnsDelta to fully handle swaps within the hook, bypassing the AMM's concentrated liquidity. Direct liquidity addition to the pool is permanently blocked."", ""deployer"": """"}"
0x80d5179e59196ab9a4e69e5b384ad2ae6ceea888,uniswap_hooklist,3,PhiEthHooks,https://raw.githubusercontent.com/Uniswap/hooklist/65ef4121419193a5aad9a493d2f4d9710d2f7653/hooks/base/0x80d5179e59196ab9a4e69e5b384ad2ae6ceea888.json,"{""name"": ""PhiEthHooks"", ""description"": ""A custom-curve hook enabling 1:1 swaps between ETH and phiEth (an ETH wrapper token). It uses beforeSwapReturnsDelta to take input tokens, deposit or withdraw via the phiEth contract, and settle outputs directly, bypassing concentrated liquidity. Direct liquidity additions to the pool are permanently blocked."", ""deployer"": """"}"
0x81026ce9204cd69b23f994be78098db31dd16888,uniswap_hooklist,3,PhiEthHooks,https://raw.githubusercontent.com/Uniswap/hooklist/65ef4121419193a5aad9a493d2f4d9710d2f7653/hooks/base/0x81026ce9204cd69b23f994be78098db31dd16888.json,"{""name"": ""PhiEthHooks"", ""description"": ""Implements a custom 1:1 ETH/phiETH swap curve using beforeSwapReturnsDelta. On each swap, takes the full input from the PoolManager, converts it via phiEth deposit or withdraw, and settles the output directly \u2014 bypassing concentrated liquidity entirely. Blocks all direct liquidity additions to the pool."", ""deployer"": """"}"
0x81149fc002d10cc6401a017af57ab8d204e26888,uniswap_hooklist,3,PhiEthHooks,https://raw.githubusercontent.com/Uniswap/hooklist/65ef4121419193a5aad9a493d2f4d9710d2f7653/hooks/base/0x81149fc002d10cc6401a017af57ab8d204e26888.json,"{""name"": ""PhiEthHooks"", ""description"": ""A custom-curve 1:1 ETH/phiEth swap hook that bypasses concentrated liquidity: it takes the full input from the PoolManager, wraps or unwraps ETH via the phiEth contract, and settles the output directly, returning a BeforeSwapDelta to no-op the normal swap path. Liquidity additions are blocked, and the pool is restricted to a zero-fee ETH/phiEth pair."", ""deployer"": """"}"
0x819b2e9eefa31ebf9cb016d92bfb81935a422888,uniswap_hooklist,3,PhiEthHooks,https://raw.githubusercontent.com/Uniswap/hooklist/65ef4121419193a5aad9a493d2f4d9710d2f7653/hooks/base/0x819b2e9eefa31ebf9cb016d92bfb81935a422888.json,"{""name"": ""PhiEthHooks"", ""description"": ""Implements a 1:1 custom curve swap between ETH and phiEth (a wrapped ETH token) by intercepting swaps in beforeSwap, taking input from the PoolManager, wrapping or unwrapping via the phiEth contract, and settling the output \u2014 bypassing concentrated liquidity entirely. Direct liquidity addition to the pool is blocked."", ""deployer"": """"}"
0x82229adec3ceb499fab7227b7e42a57c71e86888,uniswap_hooklist,3,PhiEthHooks,https://raw.githubusercontent.com/Uniswap/hooklist/65ef4121419193a5aad9a493d2f4d9710d2f7653/hooks/base/0x82229adec3ceb499fab7227b7e42a57c71e86888.json,"{""name"": ""PhiEthHooks"", ""description"": ""A hook implementing a 1:1 ETH/phiEth custom curve by intercepting swaps: it takes the input amount from the pool manager, converts it via the phiEth contract (deposit or withdraw), settles the output, and blocks all direct liquidity additions to the pool."", ""deployer"": """"}"
0x82a3d728d5cb5979f81da02d31d01e65ebb5e888,uniswap_hooklist,3,PhiEthHooks,https://raw.githubusercontent.com/Uniswap/hooklist/65ef4121419193a5aad9a493d2f4d9710d2f7653/hooks/base/0x82a3d728d5cb5979f81da02d31d01e65ebb5e888.json,"{""name"": ""PhiEthHooks"", ""description"": ""Implements a 1:1 ETH/phiETH custom-curve swap hook that bypasses concentrated liquidity. It takes the full input amount, mints or redeems phiETH at a fixed 1:1 rate, and blocks all direct liquidity additions to the pool."", ""deployer"": """"}"
0x82d5eb2ebb55f01931cc5319bb786d4b503aa888,uniswap_hooklist,3,PhiEthHooks,https://raw.githubusercontent.com/Uniswap/hooklist/65ef4121419193a5aad9a493d2f4d9710d2f7653/hooks/base/0x82d5eb2ebb55f01931cc5319bb786d4b503aa888.json,"{""name"": ""PhiEthHooks"", ""description"": ""Implements a 1:1 custom swap curve between ETH and phiEth by intercepting beforeSwap to call poolManager.take(), convert via phiEth.deposit()/withdraw(), and settle \u2014 bypassing concentrated liquidity entirely. Liquidity addition is permanently blocked via beforeAddLiquidity revert."", ""deployer"": """"}"
0x8340e468da517edcfcdbd25309afccf249866888,uniswap_hooklist,3,PhiEthHooks,https://raw.githubusercontent.com/Uniswap/hooklist/65ef4121419193a5aad9a493d2f4d9710d2f7653/hooks/base/0x8340e468da517edcfcdbd25309afccf249866888.json,"{""name"": ""PhiEthHooks"", ""description"": ""A 1:1 ETH\u2194phiEth custom curve hook. In beforeSwap, it takes the input token from the PoolManager, mints or burns phiEth via the phiEth contract, settles the output token back, and returns a BeforeSwapDelta that cancels the AMM concentrated-liquidity swap. Liquidity addition is permanently blocked; only ETH/phiEth pools with zero fee are accepted at initialization."", ""deployer"": """"}"
0x835bd08ef8f2ba84b2a954eaa02e58af0c842888,uniswap_hooklist,3,PhiEthHooks,https://raw.githubusercontent.com/Uniswap/hooklist/65ef4121419193a5aad9a493d2f4d9710d2f7653/hooks/base/0x835bd08ef8f2ba84b2a954eaa02e58af0c842888.json,"{""name"": ""PhiEthHooks"", ""description"": ""Implements a 1:1 ETH/phiETH exchange as a custom curve hook, bypassing Uniswap v4's AMM entirely by taking input tokens from the pool manager, wrapping/unwrapping via the phiEth contract, and settling the output directly. Liquidity addition is blocked; only zero-fee ETH/phiETH pools may use this hook."", ""deployer"": """"}"
0x842212401b6c557cabe1986b04a921a71b969800,uniswap_hooklist,3,TrinityHookV10,https://raw.githubusercontent.com/Uniswap/hooklist/65ef4121419193a5aad9a493d2f4d9710d2f7653/hooks/base/0x842212401b6c557cabe1986b04a921a71b969800.json,"{""name"": ""TrinityHookV10"", ""description"": ""A Uniswap v4 hook that manages a hook-owned LP position with a fixed dynamic fee, restricts liquidity additions to an owner-managed allowlist via beforeAddLiquidity, and provides permissionless fee harvesting that burns the project token side to a dead address and best-effort forwards the quote side to a configurable fee recipient."", ""deployer"": """"}"
0x84a709806a8a380bbaddeb04659c4863104b2888,uniswap_hooklist,3,PhiEthHooks,https://raw.githubusercontent.com/Uniswap/hooklist/65ef4121419193a5aad9a493d2f4d9710d2f7653/hooks/base/0x84a709806a8a380bbaddeb04659c4863104b2888.json,"{""name"": ""PhiEthHooks"", ""description"": ""Implements a 1:1 custom-curve swap between ETH (currency0) and phiEth (currency1) by intercepting beforeSwap, taking the full input from the PoolManager, wrapping or unwrapping ETH via the phiEth contract, and returning a BeforeSwapDelta that bypasses concentrated liquidity entirely. Only ETH/phiEth pools with zero fee are permitted at initialization, and adding liquidity is permanently blocked."", ""deployer"": """"}"
0x85c6994e0f5c6ad6f61f55b1592af34d9698e888,uniswap_hooklist,3,PhiEthHooks,https://raw.githubusercontent.com/Uniswap/hooklist/65ef4121419193a5aad9a493d2f4d9710d2f7653/hooks/base/0x85c6994e0f5c6ad6f61f55b1592af34d9698e888.json,"{""name"": ""PhiEthHooks"", ""description"": ""Implements a 1:1 custom swap curve between ETH (currency0) and phiEth (currency1), bypassing the concentrated liquidity mechanism entirely. Liquidity additions are blocked; swaps are executed by taking tokens from the pool manager, depositing or withdrawing via the phiEth contract, and settling back at a fixed 1:1 rate with zero fees."", ""deployer"": """"}"
0x863557fe8895f1a0b178f457d5925523cdd96888,uniswap_hooklist,3,PhiEthHooks,https://raw.githubusercontent.com/Uniswap/hooklist/65ef4121419193a5aad9a493d2f4d9710d2f7653/hooks/base/0x863557fe8895f1a0b178f457d5925523cdd96888.json,"{""name"": ""PhiEthHooks"", ""description"": ""A custom-curve hook that implements permissionless 1:1 ETH\u2194phiEth swaps by intercepting beforeSwap, taking the input from the PoolManager, depositing/withdrawing via the phiEth contract, and settling the output \u2014 bypassing concentrated liquidity entirely. Direct liquidity additions are blocked, and only ETH/phiEth pools with zero fee may use this hook."", ""deployer"": """"}"
0x864630990299c6564f35c30221545820d132e888,uniswap_hooklist,3,PhiEthHooks,https://raw.githubusercontent.com/Uniswap/hooklist/65ef4121419193a5aad9a493d2f4d9710d2f7653/hooks/base/0x864630990299c6564f35c30221545820d132e888.json,"{""name"": ""PhiEthHooks"", ""description"": ""Implements a 1:1 custom curve for ETH/phiEth swaps by taking the full input amount from the PoolManager, depositing/withdrawing via the phiEth wrapper, and settling output directly. Liquidity addition is blocked; all swap execution is handled via BeforeSwapDelta."", ""deployer"": """"}"
0x86541c5e3e8ecd9a598889773178f3f2afc9a888,uniswap_hooklist,3,PhiEthHooks,https://raw.githubusercontent.com/Uniswap/hooklist/65ef4121419193a5aad9a493d2f4d9710d2f7653/hooks/base/0x86541c5e3e8ecd9a598889773178f3f2afc9a888.json,"{""name"": ""PhiEthHooks"", ""description"": ""A custom-curve hook implementing 1:1 ETH/phiEth swaps. In beforeSwap, the hook takes the full input from the PoolManager, calls phiEth.deposit or phiEth.withdraw to convert, and settles the output directly \u2014 bypassing concentrated liquidity entirely. Direct liquidity addition is blocked."", ""deployer"": """"}"
0x880bfa436d722bfde337eafc7c22123c17b90088,uniswap_hooklist,3,BuffetAMM,https://raw.githubusercontent.com/Uniswap/hooklist/65ef4121419193a5aad9a493d2f4d9710d2f7653/hooks/base/0x880bfa436d722bfde337eafc7c22123c17b90088.json,"{""name"": ""BuffetAMM"", ""description"": ""Hook that uses before swap deltas to swap with offchain quoted prices"", ""deployer"": """"}"
0x889715b8a85d376b4d74fa8b2b807c1729986888,uniswap_hooklist,3,PhiEthHooks,https://raw.githubusercontent.com/Uniswap/hooklist/65ef4121419193a5aad9a493d2f4d9710d2f7653/hooks/base/0x889715b8a85d376b4d74fa8b2b807c1729986888.json,"{""name"": ""PhiEthHooks"", ""description"": ""Implements a 1:1 ETH/phiETH swap curve by intercepting swaps in beforeSwap, taking the input token from the pool manager, converting via phiEth.deposit()/phiEth.withdraw(), and settling the output \u2014 fully bypassing concentrated liquidity. Liquidity additions are blocked; the pool supports only ETH/phiETH pairs with zero fee."", ""deployer"": """"}"
0x88cce6cae6c52bf9709d8076117dd0285d5ee888,uniswap_hooklist,3,PhiEthHooks,https://raw.githubusercontent.com/Uniswap/hooklist/65ef4121419193a5aad9a493d2f4d9710d2f7653/hooks/base/0x88cce6cae6c52bf9709d8076117dd0285d5ee888.json,"{""name"": ""PhiEthHooks"", ""description"": ""A custom-curve hook that implements 1:1 ETH\u2194phiEth swaps by intercepting beforeSwap, taking input tokens from the PoolManager, converting via phiEth deposit/withdraw, and settling the output \u2014 bypassing the AMM entirely via BeforeSwapDelta. Liquidity addition is blocked."", ""deployer"": """"}"
0x89085cafea124ea6bad8156969275a0704bae888,uniswap_hooklist,3,PhiEthHooks,https://raw.githubusercontent.com/Uniswap/hooklist/65ef4121419193a5aad9a493d2f4d9710d2f7653/hooks/base/0x89085cafea124ea6bad8156969275a0704bae888.json,"{""name"": ""PhiEthHooks"", ""description"": ""Implements a 1:1 ETH\u2194phiEth custom swap curve by directly handling conversions via phiEth deposit/withdraw and settling through the pool manager, bypassing concentrated liquidity math entirely. Liquidity additions are blocked; only zero-fee ETH/phiEth pools may use this hook."", ""deployer"": """"}"
0x8aca42fd42899bdec6c528dda67b676fe1306888,uniswap_hooklist,3,PhiEthHooks,https://raw.githubusercontent.com/Uniswap/hooklist/65ef4121419193a5aad9a493d2f4d9710d2f7653/hooks/base/0x8aca42fd42899bdec6c528dda67b676fe1306888.json,"{""name"": ""PhiEthHooks"", ""description"": ""A custom-curve hook for ETH/phiEth pools that performs 1:1 swaps by intercepting beforeSwap, converting tokens via phiEth.deposit()/withdraw(), settling output to PoolManager, and returning a BeforeSwapDelta to bypass concentrated liquidity AMM math. Direct liquidity addition to the pool is blocked via beforeAddLiquidity revert."", ""deployer"": """"}"
0x8d810b0841ffdcabd1f36842b24f87c86123e888,uniswap_hooklist,3,PhiEthHooks,https://raw.githubusercontent.com/Uniswap/hooklist/65ef4121419193a5aad9a493d2f4d9710d2f7653/hooks/base/0x8d810b0841ffdcabd1f36842b24f87c86123e888.json,"{""name"": ""PhiEthHooks"", ""description"": ""Implements a custom 1:1 ETH\u2194phiEth swap curve using beforeSwapReturnsDelta, fully bypassing Uniswap v4 concentrated liquidity. It mints phiEth on ETH-in swaps and burns phiEth on ETH-out swaps, prevents direct liquidity additions, and only allows ETH/phiEth pools with zero fees."", ""deployer"": """"}"
0x8e93a7060bbc54ab62a3c13efa5a35d18b6fe888,uniswap_hooklist,3,PhiEthHooks,https://raw.githubusercontent.com/Uniswap/hooklist/65ef4121419193a5aad9a493d2f4d9710d2f7653/hooks/base/0x8e93a7060bbc54ab62a3c13efa5a35d18b6fe888.json,"{""name"": ""PhiEthHooks"", ""description"": ""A 1:1 ETH/phiEth wrapper hook that intercepts all swaps via BeforeSwapDelta, calling phiEth.deposit() or phiEth.withdraw() directly to convert between ETH and phiEth without using concentrated liquidity. Liquidity provision to the pool is permanently blocked."", ""deployer"": """"}"
0x8f9db33cbef86c3e22852759556d443ca1bc2888,uniswap_hooklist,3,PhiEthHooks,https://raw.githubusercontent.com/Uniswap/hooklist/65ef4121419193a5aad9a493d2f4d9710d2f7653/hooks/base/0x8f9db33cbef86c3e22852759556d443ca1bc2888.json,"{""name"": ""PhiEthHooks"", ""description"": ""A Uniswap v4 hook that implements a 1:1 custom curve for swapping ETH and phiEth (an ETH wrapper token). It intercepts swaps via beforeSwap to directly mint/burn phiEth using deposit/withdraw, blocks all liquidity additions, and only allows ETH/phiEth pools with zero fee."", ""deployer"": """"}"
0x906277d417baf9a70e92e0485ea30a59aa8e2888,uniswap_hooklist,3,PhiEthHooks,https://raw.githubusercontent.com/Uniswap/hooklist/65ef4121419193a5aad9a493d2f4d9710d2f7653/hooks/base/0x906277d417baf9a70e92e0485ea30a59aa8e2888.json,"{""name"": ""PhiEthHooks"", ""description"": ""A custom-curve hook for ETH/phiEth pools that implements 1:1 ETH-to-phiEth swaps by intercepting beforeSwap, taking input from the PoolManager, converting via the phiEth contract's deposit/withdraw, and returning a delta that bypasses concentrated liquidity. Adding liquidity directly to the pool is blocked."", ""deployer"": """"}"
0x9100f42f5168d77a4810915d0b21583609d7a888,uniswap_hooklist,3,PhiEthHooks,https://raw.githubusercontent.com/Uniswap/hooklist/65ef4121419193a5aad9a493d2f4d9710d2f7653/hooks/base/0x9100f42f5168d77a4810915d0b21583609d7a888.json,"{""name"": ""PhiEthHooks"", ""description"": ""Implements a custom 1:1 ETH/phiEth swap curve that bypasses AMM concentrated liquidity: in beforeSwap, the hook takes the full input from the PoolManager, calls phiEth.deposit or phiEth.withdraw to convert tokens, then settles the full output, returning a delta that no-ops the standard AMM. Direct liquidity addition is blocked."", ""deployer"": """"}"
0x91269654a0ce40384c0745fe06e3397293146888,uniswap_hooklist,3,PhiEthHooks,https://raw.githubusercontent.com/Uniswap/hooklist/65ef4121419193a5aad9a493d2f4d9710d2f7653/hooks/base/0x91269654a0ce40384c0745fe06e3397293146888.json,"{""name"": ""PhiEthHooks"", ""description"": ""A custom-curve hook that implements 1:1 ETH\u2194phiEth swapping by minting or burning phiEth directly in beforeSwap and returning a BeforeSwapDelta to bypass the pool's concentrated liquidity math. Direct liquidity addition is permanently blocked."", ""deployer"": """"}"
0x91ec6d661379f2f17d5fe708fc7b7630c5c52888,uniswap_hooklist,3,PhiEthHooks,https://raw.githubusercontent.com/Uniswap/hooklist/65ef4121419193a5aad9a493d2f4d9710d2f7653/hooks/base/0x91ec6d661379f2f17d5fe708fc7b7630c5c52888.json,"{""name"": ""PhiEthHooks"", ""description"": ""Implements a 1:1 ETH/phiEth custom curve by intercepting swaps in beforeSwap: takes input tokens, wraps or unwraps via the phiEth contract, settles output to the PoolManager, and returns a full BeforeSwapDelta to bypass concentrated liquidity. Liquidity additions are permanently blocked via beforeAddLiquidity revert."", ""deployer"": """"}"
0x9247947d5a35dbbd7b7a22b10db60f85c1af2888,uniswap_hooklist,3,PhiEthHooks,https://raw.githubusercontent.com/Uniswap/hooklist/65ef4121419193a5aad9a493d2f4d9710d2f7653/hooks/base/0x9247947d5a35dbbd7b7a22b10db60f85c1af2888.json,"{""name"": ""PhiEthHooks"", ""description"": ""A custom-curve hook implementing 1:1 ETH\u2194phiEth swaps. In `beforeSwap`, it takes the input token from the pool manager, calls `phiEth.deposit()` or `phiEth.withdraw()` to convert, then settles the output \u2014 bypassing concentrated liquidity entirely via `BeforeSwapDelta`. Liquidity addition is permanently blocked."", ""deployer"": """"}"
0x92c8eea41e25f4ed467cd4ed7bace6b0a8532888,uniswap_hooklist,3,PhiEthHooks,https://raw.githubusercontent.com/Uniswap/hooklist/65ef4121419193a5aad9a493d2f4d9710d2f7653/hooks/base/0x92c8eea41e25f4ed467cd4ed7bace6b0a8532888.json,"{""name"": ""PhiEthHooks"", ""description"": ""A custom-curve hook that enables 1:1 swapping between ETH and phiEth by intercepting swaps via beforeSwapReturnsDelta, depositing or withdrawing from the phiEth wrapper contract. Direct liquidity addition to the pool is blocked."", ""deployer"": """"}"
0x92d0c16416ae526dc34e299c05eab93f7da6a888,uniswap_hooklist,3,PhiEthHooks,https://raw.githubusercontent.com/Uniswap/hooklist/65ef4121419193a5aad9a493d2f4d9710d2f7653/hooks/base/0x92d0c16416ae526dc34e299c05eab93f7da6a888.json,"{""name"": ""PhiEthHooks"", ""description"": ""A hook implementing a custom 1:1 ETH\u21c4phiEth swap curve using BeforeSwapDelta. On each swap it takes the input from the PoolManager, calls phiEth.deposit or phiEth.withdraw to convert, then settles the output \u2014 bypassing concentrated liquidity entirely. Direct liquidity addition is permanently blocked."", ""deployer"": """"}"
0x94082d51cd46b3dd248a40ce658ab8496661e888,uniswap_hooklist,3,PhiEthHooks,https://raw.githubusercontent.com/Uniswap/hooklist/65ef4121419193a5aad9a493d2f4d9710d2f7653/hooks/base/0x94082d51cd46b3dd248a40ce658ab8496661e888.json,"{""name"": ""PhiEthHooks"", ""description"": ""A custom-curve hook that enables 1:1 ETH/phiEth swaps by intercepting beforeSwap, calling phiEth.deposit or phiEth.withdraw, and returning a full BeforeSwapDelta to bypass concentrated liquidity math entirely. Direct liquidity addition to the pool is permanently blocked."", ""deployer"": """"}"
0x9410c5087955b5895b2219cc37cdd770f19c2888,uniswap_hooklist,3,PhiEthHooks,https://raw.githubusercontent.com/Uniswap/hooklist/65ef4121419193a5aad9a493d2f4d9710d2f7653/hooks/base/0x9410c5087955b5895b2219cc37cdd770f19c2888.json,"{""name"": ""PhiEthHooks"", ""description"": ""A hook implementing a custom 1:1 exchange curve between ETH and phiEth (a 1:1 ETH wrapper). Handles swaps by calling phiEth deposit/withdraw and settling via BeforeSwapDelta to bypass concentrated liquidity entirely. Blocks all liquidity provisioning."", ""deployer"": """"}"
0x9706b3a38df18a31e99d20cd4d249252ebafe888,uniswap_hooklist,3,PhiEthHooks,https://raw.githubusercontent.com/Uniswap/hooklist/65ef4121419193a5aad9a493d2f4d9710d2f7653/hooks/base/0x9706b3a38df18a31e99d20cd4d249252ebafe888.json,"{""name"": ""PhiEthHooks"", ""description"": ""Implements a 1:1 custom swap curve between ETH and phiEth (a 1:1 ETH wrapper token) using beforeSwap with a return delta to bypass the AMM. Handles ETH\u2194phiEth conversion via deposit/withdraw, blocks direct liquidity additions, and enforces a zero pool fee."", ""deployer"": """"}"
0x972fd516470c0e1841211c51c37ab2f7dfe44040,uniswap_hooklist,3,SpectraHook,https://raw.githubusercontent.com/Uniswap/hooklist/65ef4121419193a5aad9a493d2f4d9710d2f7653/hooks/base/0x972fd516470c0e1841211c51c37ab2f7dfe44040.json,"{""name"": ""SpectraHook"", ""description"": ""Uniswap v4 afterSwap hook for SpectraLaunch tokens that auto-harvests the token's parked fee balance after every swap, sells the tokens for ETH via a nested swap inside the same unlock context, and credits the ETH proceeds pro-rata to token holders."", ""deployer"": """"}"
0x974d3fa61a53d3514f5604baceff7c04f02a25cf,uniswap_hooklist,3,AngstromL2,https://raw.githubusercontent.com/Uniswap/hooklist/65ef4121419193a5aad9a493d2f4d9710d2f7653/hooks/base/0x974d3fa61a53d3514f5604baceff7c04f02a25cf.json,"{""name"": ""AngstromL2"", ""description"": ""A Uniswap v4 hook that charges MEV taxes on swaps and JIT liquidity events based on gas priority fees, distributes LP compensation rewards across tick ranges, and collects configurable protocol and creator swap fees. All pools must use native ETH as currency0."", ""deployer"": """"}"
0x97fd6daaed5543196856a2a294bcdef2e623e888,uniswap_hooklist,3,PhiEthHooks,https://raw.githubusercontent.com/Uniswap/hooklist/65ef4121419193a5aad9a493d2f4d9710d2f7653/hooks/base/0x97fd6daaed5543196856a2a294bcdef2e623e888.json,"{""name"": ""PhiEthHooks"", ""description"": ""A custom curve hook that enables 1:1 swapping between ETH and phiEth (an ETH-wrapping token). It intercepts swaps via beforeSwap, takes input from the PoolManager, deposits or withdraws via the phiEth contract, and returns a BeforeSwapDelta to fully bypass concentrated liquidity math. Direct liquidity additions are blocked."", ""deployer"": """"}"
0x9821ffb5fb73a25a06d5d10ca2a3f36b1fd52888,uniswap_hooklist,3,PhiEthHooks,https://raw.githubusercontent.com/Uniswap/hooklist/65ef4121419193a5aad9a493d2f4d9710d2f7653/hooks/base/0x9821ffb5fb73a25a06d5d10ca2a3f36b1fd52888.json,"{""name"": ""PhiEthHooks"", ""description"": ""A hook implementing a 1:1 ETH/phiEth custom swap curve that bypasses concentrated liquidity. On each swap, the hook takes the full input amount, converts it via phiEth.deposit() or phiEth.withdraw(), and settles the output directly. Liquidity additions to the pool are blocked; only ETH/phiEth pools with zero fee are permitted."", ""deployer"": """"}"
0x9850de90445233c2561dd29fc67aaa353b48a888,uniswap_hooklist,3,V4PoolHook,https://raw.githubusercontent.com/Uniswap/hooklist/65ef4121419193a5aad9a493d2f4d9710d2f7653/hooks/base/0x9850de90445233c2561dd29fc67aaa353b48a888.json,"{""name"": ""V4PoolHook"", ""description"": ""V4PoolHook charges a fixed 1% protocol fee on exact-input swaps by intercepting input tokens via poolManager.take() and returning a BeforeSwapDelta; exact-output swaps are unconditionally blocked. Accumulated fees are claimable by a designated FEE_COLLECTOR role, and liquidity addition is restricted to an lpManager until a CONFIG_ADMIN enables public liquidity."", ""deployer"": """"}"
0x98b11ce8a9a723dc972c8c326a8cf08f1b0e2888,uniswap_hooklist,3,PhiEthHooks,https://raw.githubusercontent.com/Uniswap/hooklist/65ef4121419193a5aad9a493d2f4d9710d2f7653/hooks/base/0x98b11ce8a9a723dc972c8c326a8cf08f1b0e2888.json,"{""name"": ""PhiEthHooks"", ""description"": ""Implements a 1:1 ETH/phiEth swap using a custom curve that bypasses concentrated liquidity, minting or burning phiEth via deposit/withdraw calls. Prevents direct liquidity additions and restricts pool initialization to ETH/phiEth pairs with zero fees."", ""deployer"": """"}"
0x994f0eefe7a9857698218205b721466ef0038ac0,uniswap_hooklist,3,SwayHookJIT,https://raw.githubusercontent.com/Uniswap/hooklist/65ef4121419193a5aad9a493d2f4d9710d2f7653/hooks/base/0x994f0eefe7a9857698218205b721466ef0038ac0.json,"{""name"": ""SwayHookJIT"", ""description"": ""JIT-LP hook for token launches with engine-based dynamic pricing (PowerCurve / Momentum / Hybrid). Hook holds 100% of token supply at launch and provides liquidity just-in-time during swaps via beforeSwap/afterSwap callbacks. Designed to look like a standard V4 pool to off-chain quoters."", ""deployer"": ""0x2bc2063bb53AF0Da20608364d47DE2BAC546EA0E""}"
0x996e85a41601d9304aea9cc77f824511380c2888,uniswap_hooklist,3,PhiEthHooks,https://raw.githubusercontent.com/Uniswap/hooklist/65ef4121419193a5aad9a493d2f4d9710d2f7653/hooks/base/0x996e85a41601d9304aea9cc77f824511380c2888.json,"{""name"": ""PhiEthHooks"", ""description"": ""A custom-curve hook for ETH/phiEth pools that implements 1:1 swapping by intercepting beforeSwap, taking the input token, converting it via phiEth deposit/withdraw, settling the output, and returning a BeforeSwapDelta that no-ops the AMM math. Liquidity addition is blocked; the hook enforces an ETH/phiEth token pair and zero fee at pool initialization."", ""deployer"": """"}"
0x9a11b3fa53a3c9cd52af6d6119deb3962a172888,uniswap_hooklist,3,PhiEthHooks,https://raw.githubusercontent.com/Uniswap/hooklist/65ef4121419193a5aad9a493d2f4d9710d2f7653/hooks/base/0x9a11b3fa53a3c9cd52af6d6119deb3962a172888.json,"{""name"": ""PhiEthHooks"", ""description"": ""A hook that implements a 1:1 ETH/phiEth custom curve, routing all swaps through phiEth deposit/withdraw rather than concentrated liquidity. Liquidity provision to the pool is blocked entirely; the hook settles both sides of the swap directly with the PoolManager."", ""deployer"": """"}"
0x9a4dd66b89f192a04653ad1788248bebe3b2e888,uniswap_hooklist,3,PhiEthHooks,https://raw.githubusercontent.com/Uniswap/hooklist/65ef4121419193a5aad9a493d2f4d9710d2f7653/hooks/base/0x9a4dd66b89f192a04653ad1788248bebe3b2e888.json,"{""name"": ""PhiEthHooks"", ""description"": ""A custom-curve hook that implements 1:1 ETH/phiEth swaps by taking tokens from the pool manager, wrapping or unwrapping via the phiEth contract, and settling the output\u2014bypassing concentrated liquidity entirely. Direct liquidity addition is blocked."", ""deployer"": """"}"
0x9ad2565246b280a58bbe92161129b19444632888,uniswap_hooklist,3,PhiEthHooks,https://raw.githubusercontent.com/Uniswap/hooklist/65ef4121419193a5aad9a493d2f4d9710d2f7653/hooks/base/0x9ad2565246b280a58bbe92161129b19444632888.json,"{""name"": ""PhiEthHooks"", ""description"": ""Implements a 1:1 ETH\u27f7phiEth swap curve by intercepting swaps in beforeSwap, taking input from the PoolManager, minting or redeeming phiEth via deposit/withdraw, and returning a full BeforeSwapDelta to bypass concentrated liquidity. Blocks direct liquidity additions and restricts pool initialization to ETH/phiEth pairs with zero fee."", ""deployer"": """"}"
0x9bb644dc88d3de2098401f378687a5fba91de888,uniswap_hooklist,3,PhiEthHooks,https://raw.githubusercontent.com/Uniswap/hooklist/65ef4121419193a5aad9a493d2f4d9710d2f7653/hooks/base/0x9bb644dc88d3de2098401f378687a5fba91de888.json,"{""name"": ""PhiEthHooks"", ""description"": ""Implements a 1:1 ETH/phiETH swap hook with a custom curve that bypasses the AMM. `beforeSwap` takes the input from the PoolManager, converts between ETH and phiETH via `phiEth.deposit()`/`withdraw()`, then settles the output. Liquidity addition to the pool is permanently blocked."", ""deployer"": """"}"
0x9c8469803fe4b8ccac3b5ede92449ac9bcb0e888,uniswap_hooklist,3,PhiEthHooks,https://raw.githubusercontent.com/Uniswap/hooklist/65ef4121419193a5aad9a493d2f4d9710d2f7653/hooks/base/0x9c8469803fe4b8ccac3b5ede92449ac9bcb0e888.json,"{""name"": ""PhiEthHooks"", ""description"": ""Implements a 1:1 custom swap curve between native ETH and phiETH (a wrapped ETH token). The entire swap is executed in beforeSwap via a delta return: input is taken from the PoolManager, phiETH is minted or burned through the phiEth contract, and output is settled back. Liquidity provision is blocked; the pool functions purely as a fee-free ETH\u2194phiETH conversion mechanism."", ""deployer"": """"}"
0x9e3451c07c791155f24613d61f9d66876d5b2888,uniswap_hooklist,3,PhiEthHooks,https://raw.githubusercontent.com/Uniswap/hooklist/65ef4121419193a5aad9a493d2f4d9710d2f7653/hooks/base/0x9e3451c07c791155f24613d61f9d66876d5b2888.json,"{""name"": ""PhiEthHooks"", ""description"": ""A hook implementing a 1:1 custom-curve swap between ETH and phiEth (a 1:1 ETH-backed wrapper token), bypassing concentrated liquidity via beforeSwapReturnsDelta. Direct liquidity provision to the pool is blocked; only ETH/phiEth pairs with zero fee are permitted."", ""deployer"": """"}"
0x9e433f32bb5481a9ca7dff5b3af74a7ed041a888,document,1,Flaunch,https://raw.githubusercontent.com/flayerlabs/flaunch-sdk/bef27f90b946a63fe3c215a409b487ad38b1c685/src/addresses.ts,"  [base.id]: ""0x9E433F32bb5481a9CA7DFF5b3af74A7ed041a888"","
0x9e433f32bb5481a9ca7dff5b3af74a7ed041a888,document,1,Flaunch,https://raw.githubusercontent.com/flayerlabs/flaunchgg-contracts/main/README.md,| flETHHooks            | `0x9e433f32bb5481a9ca7dff5b3af74a7ed041a888` | `0x4bd2ca15286c96e4e731337de8b375da6841e888` |
0x9e433f32bb5481a9ca7dff5b3af74a7ed041a888,uniswap_hooklist,3,ETH-flETH Auto Wrap Hook (Base),https://raw.githubusercontent.com/Uniswap/hooklist/65ef4121419193a5aad9a493d2f4d9710d2f7653/hooks/base/0x9e433f32bb5481a9ca7dff5b3af74a7ed041a888.json,"{""name"": ""ETH-flETH Auto Wrap Hook (Base)"", ""description"": ""A 1:1 ETH/flETH swap hook that fully handles swaps in beforeSwap by depositing/withdrawing from the flETH contract, acting as a custom curve with zero fees. Liquidity additions are blocked, and only the ETH/flETH pair is accepted."", ""deployer"": """"}"
0x9e433f32bb5481a9ca7dff5b3af74a7ed041a888,document,4,Uniswap routing-api allowlist,https://raw.githubusercontent.com/Uniswap/routing-api/main/lib/util/hooksAddressesAllowlist.ts,export const ETH_FLETH_AUTO_WRAP_HOOKS_ADDRESS_ON_BASE = '0x9e433f32bb5481a9ca7dff5b3af74a7ed041a888'
0x9e443c4adeaf8002fdabe5ea28953c78afca2888,uniswap_hooklist,3,PhiEthHooks,https://raw.githubusercontent.com/Uniswap/hooklist/65ef4121419193a5aad9a493d2f4d9710d2f7653/hooks/base/0x9e443c4adeaf8002fdabe5ea28953c78afca2888.json,"{""name"": ""PhiEthHooks"", ""description"": ""Implements a 1:1 ETH\u2194phiEth custom curve by intercepting beforeSwap to take input, mint or burn phiEth tokens, settle output, and return a full BeforeSwapDelta that bypasses the concentrated liquidity pool. Liquidity addition is permanently blocked."", ""deployer"": """"}"
0x9e5748fb4d718fe73c159fb3e8723b0a7aef2888,uniswap_hooklist,3,PhiEthHooks,https://raw.githubusercontent.com/Uniswap/hooklist/65ef4121419193a5aad9a493d2f4d9710d2f7653/hooks/base/0x9e5748fb4d718fe73c159fb3e8723b0a7aef2888.json,"{""name"": ""PhiEthHooks"", ""description"": ""Implements a 1:1 custom swap curve between ETH and phiEth (a wrapped-ETH token) by handling the full swap in beforeSwap via return deltas, bypassing concentrated liquidity entirely. Liquidity addition is always blocked; the pool operates as a pure ETH/phiEth conversion with zero fee."", ""deployer"": """"}"
0x9ec87015d53e93637a52e0f0234ba2b13f926888,uniswap_hooklist,3,PhiEthHooks,https://raw.githubusercontent.com/Uniswap/hooklist/65ef4121419193a5aad9a493d2f4d9710d2f7653/hooks/base/0x9ec87015d53e93637a52e0f0234ba2b13f926888.json,"{""name"": ""PhiEthHooks"", ""description"": ""Implements a 1:1 ETH/phiEth custom-curve swap by intercepting beforeSwap: takes input from the pool manager, converts via phiEth.deposit()/withdraw(), settles the output, and returns a BeforeSwapDelta to no-op the AMM. Liquidity addition is permanently blocked."", ""deployer"": """"}"
0x9f4364a416350d8b0938c63de2fcf217cd3d80cc,uniswap_hooklist,3,StashHook,https://raw.githubusercontent.com/Uniswap/hooklist/65ef4121419193a5aad9a493d2f4d9710d2f7653/hooks/base/0x9f4364a416350d8b0938c63de2fcf217cd3d80cc.json,"{""name"": ""StashHook"", ""description"": ""A Uniswap v4 hook that charges a flat 3% (300 bps) toll on the ETH leg of all four swap forms (exact-input and exact-output in both directions) in a single deployer-pinned pool, accumulating fees as ERC-6909 claims in the PoolManager. Anyone can call collect() to transfer the accumulated ETH fees to a fixed, immutable vault address set by the deployer."", ""deployer"": """"}"
0x9fb127cee75ecedac66b80df583a5d343bce2888,uniswap_hooklist,3,PhiEthHooks,https://raw.githubusercontent.com/Uniswap/hooklist/65ef4121419193a5aad9a493d2f4d9710d2f7653/hooks/base/0x9fb127cee75ecedac66b80df583a5d343bce2888.json,"{""name"": ""PhiEthHooks"", ""description"": ""A custom-curve hook that enables 1:1 ETH\u2194phiEth swaps by intercepting beforeSwap to wrap/unwrap via the phiEth contract, fully consuming the swap delta and preventing direct liquidity provision to the pool."", ""deployer"": """"}"
0x9fb3b9645f5ffc77bdc50cee10ce24876ee86888,uniswap_hooklist,3,PhiEthHooks,https://raw.githubusercontent.com/Uniswap/hooklist/65ef4121419193a5aad9a493d2f4d9710d2f7653/hooks/base/0x9fb3b9645f5ffc77bdc50cee10ce24876ee86888.json,"{""name"": ""PhiEthHooks"", ""description"": ""Implements a custom 1:1 swap curve between ETH and phiEth (an ETH wrapper token). In beforeSwap, the hook takes the full input from the PoolManager, converts it via phiEth deposit/withdraw, and settles the output \u2014 fully bypassing the concentrated liquidity mechanism via BeforeSwapDelta. Direct liquidity additions to the pool are blocked."", ""deployer"": """"}"
0xa061dd1931db1f4be9d2b0cc46212414d25de888,uniswap_hooklist,3,PhiEthHooks,https://raw.githubusercontent.com/Uniswap/hooklist/65ef4121419193a5aad9a493d2f4d9710d2f7653/hooks/base/0xa061dd1931db1f4be9d2b0cc46212414d25de888.json,"{""name"": ""PhiEthHooks"", ""description"": ""A custom-curve hook for ETH/phiETH pools that implements 1:1 swaps by intercepting beforeSwap: it takes the input token from the PoolManager, calls phiEth.deposit or phiEth.withdraw to convert, then settles the output directly \u2014 bypassing concentrated liquidity entirely. Direct liquidity additions to the pool are blocked via beforeAddLiquidity revert."", ""deployer"": """"}"
0xa09ff20120d0dc9b9840c3260ea4f2be7e6ce888,uniswap_hooklist,3,SuperTokenWrapperHook,https://raw.githubusercontent.com/Uniswap/hooklist/65ef4121419193a5aad9a493d2f4d9710d2f7653/hooks/base/0xa09ff20120d0dc9b9840c3260ea4f2be7e6ce888.json,"{""name"": ""SuperTokenWrapperHook"", ""description"": ""Hook for upgrading/downgrading (wrapping/unwrapping) SuperTokens (Wrapper Super Tokens) via Uniswap V4 pools. Inspired by the WETHHook from Uniswap V4 Periphery."", ""deployer"": """"}"
0xa1e307104052892089d1a3eca5acc1c8f5e8a0cc,uniswap_hooklist,3,BitGold,https://raw.githubusercontent.com/Uniswap/hooklist/65ef4121419193a5aad9a493d2f4d9710d2f7653/hooks/base/0xa1e307104052892089d1a3eca5acc1c8f5e8a0cc.json,"{""name"": ""BitGold"", ""description"": ""ERC20 token and Uniswap v4 hook implementing Bitcoin-like tokenomics: a fixed-price genesis mint phase seeds the ETH/BTG pool, followed by proof-of-work mining for the remaining supply. The hook collects a 1% swap fee on the ETH side of each trade, redirected to the contract for the controller to claim."", ""deployer"": """"}"
0xa36c96fd42194eefb6f1d6178d43860464ecc5cc,uniswap_hooklist,3,QueryMeter,https://raw.githubusercontent.com/Uniswap/hooklist/65ef4121419193a5aad9a493d2f4d9710d2f7653/hooks/base/0xa36c96fd42194eefb6f1d6178d43860464ecc5cc.json,"{""name"": ""QueryMeter"", ""description"": ""Meters a single designated QUERY/METAc pool per daily epoch, recording swap count, unique wallets, volume, and LP moves on-chain. Levies a 1% toll on the METAc leg of each swap, distributing 60% back to traders as rebates proportional to their epoch volume and routing the remainder to an owner-controlled treasury."", ""deployer"": """"}"
0xa385f8919b0f40f70165fd0ac5adbd46e471a888,uniswap_hooklist,3,PhiEthHooks,https://raw.githubusercontent.com/Uniswap/hooklist/65ef4121419193a5aad9a493d2f4d9710d2f7653/hooks/base/0xa385f8919b0f40f70165fd0ac5adbd46e471a888.json,"{""name"": ""PhiEthHooks"", ""description"": ""A custom-curve hook implementing 1:1 ETH\u2194phiEth swaps. In beforeSwap, it takes input from the PoolManager, calls phiEth.deposit() or phiEth.withdraw() to convert, settles output, and returns a BeforeSwapDelta to bypass concentrated liquidity entirely. Liquidity additions are blocked, and the hook only initializes ETH/phiEth pools with zero fee."", ""deployer"": """"}"
0xa3a157e68ad76c3a8b0779dbc94de9003e53e888,uniswap_hooklist,3,PhiEthHooks,https://raw.githubusercontent.com/Uniswap/hooklist/65ef4121419193a5aad9a493d2f4d9710d2f7653/hooks/base/0xa3a157e68ad76c3a8b0779dbc94de9003e53e888.json,"{""name"": ""PhiEthHooks"", ""description"": ""Implements a 1:1 custom curve swap between ETH and phiEth (an ETH wrapper token). In beforeSwap, it takes the full input from the PoolManager, calls phiEth.deposit or phiEth.withdraw to convert, then settles the output \u2014 bypassing concentrated liquidity entirely. Direct liquidity additions are blocked."", ""deployer"": """"}"
0xa43f38672376072dd0fedc28789a4adf34c5a888,uniswap_hooklist,3,PhiEthHooks,https://raw.githubusercontent.com/Uniswap/hooklist/65ef4121419193a5aad9a493d2f4d9710d2f7653/hooks/base/0xa43f38672376072dd0fedc28789a4adf34c5a888.json,"{""name"": ""PhiEthHooks"", ""description"": ""A custom-curve hook for ETH/phiETH pools that enforces 1:1 swapping: it takes the input from the PoolManager, converts via phiEth.deposit() or phiEth.withdraw(), and settles the output, bypassing concentrated liquidity entirely. Adding liquidity to the pool is permanently blocked."", ""deployer"": """"}"
0xa48c24c3b2dc6487e9d6f6569a62c4b020702888,uniswap_hooklist,3,PhiEthHooks,https://raw.githubusercontent.com/Uniswap/hooklist/65ef4121419193a5aad9a493d2f4d9710d2f7653/hooks/base/0xa48c24c3b2dc6487e9d6f6569a62c4b020702888.json,"{""name"": ""PhiEthHooks"", ""description"": ""A custom-curve hook implementing 1:1 ETH\u2194phiETH swaps by intercepting beforeSwap, taking input from the pool manager, converting via phiEth.deposit/withdraw, and settling output \u2014 bypassing concentrated liquidity entirely. Direct liquidity additions are blocked."", ""deployer"": """"}"
0xa4ad6567dcfe7e3c79464ac1ffe58003e58ce888,uniswap_hooklist,3,PhiEthHooks,https://raw.githubusercontent.com/Uniswap/hooklist/65ef4121419193a5aad9a493d2f4d9710d2f7653/hooks/base/0xa4ad6567dcfe7e3c79464ac1ffe58003e58ce888.json,"{""name"": ""PhiEthHooks"", ""description"": ""Implements a 1:1 custom curve for swapping ETH and phiEth (a wrapped ETH token). In beforeSwap, it takes the input, converts it via phiEth.deposit/withdraw, settles the output directly, and returns a full delta to no-op the standard AMM logic. Direct liquidity provision is blocked."", ""deployer"": """"}"
0xa4af753ed0cf9b3051c434efe42020bc17cb2888,uniswap_hooklist,3,PhiEthHooks,https://raw.githubusercontent.com/Uniswap/hooklist/65ef4121419193a5aad9a493d2f4d9710d2f7653/hooks/base/0xa4af753ed0cf9b3051c434efe42020bc17cb2888.json,"{""name"": ""PhiEthHooks"", ""description"": ""A custom-curve hook implementing 1:1 ETH/phiEth swaps by intercepting beforeSwap, taking the full input from the pool manager, wrapping or unwrapping via the phiEth contract, and settling the output directly \u2014 bypassing the concentrated liquidity AMM entirely. Liquidity addition is blocked; only ETH/phiEth pools with zero fee are permitted."", ""deployer"": """"}"
0xa4e5f934a1e3de75674e54bfdb34c2f8af2fe888,uniswap_hooklist,3,PhiEthHooks,https://raw.githubusercontent.com/Uniswap/hooklist/65ef4121419193a5aad9a493d2f4d9710d2f7653/hooks/base/0xa4e5f934a1e3de75674e54bfdb34c2f8af2fe888.json,"{""name"": ""PhiEthHooks"", ""description"": ""Implements a 1:1 ETH/phiEth custom swap curve using beforeSwapReturnsDelta to bypass concentrated liquidity; deposits or withdraws via the phiEth contract and settles directly with the PoolManager. Prevents direct liquidity additions to the pool."", ""deployer"": """"}"
0xa4ecbd2ea7400301cffc43477fc5ede501876888,uniswap_hooklist,3,PhiEthHooks,https://raw.githubusercontent.com/Uniswap/hooklist/65ef4121419193a5aad9a493d2f4d9710d2f7653/hooks/base/0xa4ecbd2ea7400301cffc43477fc5ede501876888.json,"{""name"": ""PhiEthHooks"", ""description"": ""A custom-curve hook that implements 1:1 ETH \u2194 phiEth swaps by taking input from the pool manager, converting via phiEth deposit/withdraw, and settling output directly \u2014 bypassing the concentrated liquidity AMM. Liquidity additions are blocked; the hook only accepts ETH/phiEth pools with zero fee."", ""deployer"": """"}"
0xa62cec73d7e92f2e55e8264114bfe6838fbea888,uniswap_hooklist,3,PhiEthHooks,https://raw.githubusercontent.com/Uniswap/hooklist/65ef4121419193a5aad9a493d2f4d9710d2f7653/hooks/base/0xa62cec73d7e92f2e55e8264114bfe6838fbea888.json,"{""name"": ""PhiEthHooks"", ""description"": ""A hook implementing a 1:1 ETH/phiETH swap using a custom curve. It intercepts swaps via beforeSwap to take input tokens, convert between ETH and phiETH via deposit/withdraw, then settle output \u2014 bypassing concentrated liquidity entirely via a BeforeSwapDelta. Direct liquidity addition to the pool is permanently blocked."", ""deployer"": """"}"
0xa6bc4d1bdbddafc7155ecf769ba6830b57766888,uniswap_hooklist,3,PhiEthHooks,https://raw.githubusercontent.com/Uniswap/hooklist/65ef4121419193a5aad9a493d2f4d9710d2f7653/hooks/base/0xa6bc4d1bdbddafc7155ecf769ba6830b57766888.json,"{""name"": ""PhiEthHooks"", ""description"": ""Hook implementing a 1:1 ETH\u2194phiETH custom swap curve: takes the full input, converts via phiEth.deposit()/withdraw(), and settles the output, bypassing concentrated liquidity. Liquidity provision to the pool is blocked."", ""deployer"": """"}"
0xa78916f1c8d55ee4f20398af98e80ba7aca76888,uniswap_hooklist,3,PhiEthHooks,https://raw.githubusercontent.com/Uniswap/hooklist/65ef4121419193a5aad9a493d2f4d9710d2f7653/hooks/base/0xa78916f1c8d55ee4f20398af98e80ba7aca76888.json,"{""name"": ""PhiEthHooks"", ""description"": ""A custom-curve hook that swaps ETH and phiETH 1:1 by taking the input, wrapping or unwrapping via the phiEth contract, and settling the output directly \u2014 bypassing the concentrated liquidity engine entirely. Direct liquidity additions to the pool are blocked."", ""deployer"": """"}"
0xa7a58feea1430b06f42c8e4f283902d3c689a888,uniswap_hooklist,3,PhiEthHooks,https://raw.githubusercontent.com/Uniswap/hooklist/65ef4121419193a5aad9a493d2f4d9710d2f7653/hooks/base/0xa7a58feea1430b06f42c8e4f283902d3c689a888.json,"{""name"": ""PhiEthHooks"", ""description"": ""Implements a 1:1 ETH/phiEth custom-curve pool: beforeSwap takes the input, converts it via phiEth deposit/withdraw, and settles the output using beforeSwapReturnsDelta to bypass concentrated liquidity entirely. Liquidity additions are permanently blocked; the pool fee is enforced to be zero."", ""deployer"": """"}"
0xa7b9b8b4554c0edfbbc18c2eef51e762ad3be888,uniswap_hooklist,3,PhiEthHooks,https://raw.githubusercontent.com/Uniswap/hooklist/65ef4121419193a5aad9a493d2f4d9710d2f7653/hooks/base/0xa7b9b8b4554c0edfbbc18c2eef51e762ad3be888.json,"{""name"": ""PhiEthHooks"", ""description"": ""Hook implementing a custom 1:1 ETH/phiEth swap curve by intercepting beforeSwap: takes the input token, converts via phiEth deposit/withdraw, and settles the output \u2014 bypassing concentrated liquidity entirely. Liquidity addition is permanently blocked; only zero-fee ETH/phiEth pools are permitted."", ""deployer"": """"}"
0xa81ea39aabd8fbd1ce1a9847ec39f6efc908a888,uniswap_hooklist,3,PhiEthHooks,https://raw.githubusercontent.com/Uniswap/hooklist/65ef4121419193a5aad9a493d2f4d9710d2f7653/hooks/base/0xa81ea39aabd8fbd1ce1a9847ec39f6efc908a888.json,"{""name"": ""PhiEthHooks"", ""description"": ""A 1:1 ETH/phiEth swap hook that implements a custom curve by handling token conversion (ETH\u2192phiEth via deposit, phiEth\u2192ETH via withdraw) directly in beforeSwap with a BeforeSwapDelta return. Liquidity addition to the pool is blocked and the pool operates at zero fee."", ""deployer"": """"}"
0xa9de6f34f9dcfaa7da90c94155e53d16dcf3c040,uniswap_hooklist,3,FeeCollectHook,https://raw.githubusercontent.com/Uniswap/hooklist/65ef4121419193a5aad9a493d2f4d9710d2f7653/hooks/base/0xa9de6f34f9dcfaa7da90c94155e53d16dcf3c040.json,"{""name"": ""FeeCollectHook"", ""description"": ""After each swap, decodes an LP token ID from hookData, increments a per-token trade counter, and every 10 swaps collects fees from the Uniswap V4 position manager and forwards them to a leveraged LP manager contract for processing."", ""deployer"": """"}"
0xaa226363fb5b8718d125357ddc6539a82489e0c4,uniswap_hooklist,3,Loyalty Volatility Dynamic Fee Hook,https://raw.githubusercontent.com/Uniswap/hooklist/65ef4121419193a5aad9a493d2f4d9710d2f7653/hooks/base/0xaa226363fb5b8718d125357ddc6539a82489e0c4.json,"{""name"": ""Loyalty Volatility Dynamic Fee Hook"", ""description"": ""Dynamic LP fee hook that adjusts the swap fee based on recent tick volatility (using configurable gamma and tick-delta threshold) and grants a discount to swappers holding a configured ERC-20 or ERC-721 loyalty token above a threshold. A fixed 0.01% developer fee is extracted from the unspecified currency on every swap via afterSwapReturnsDelta. Fee bounds and loyalty parameters are configurable per pool by the pool owner."", ""deployer"": ""0x0c75C07b3e29A5D51002C6D5cB94bB5196Fa2a63""}"
0xab3e4949781d1df22b8ee710c36da3a0e2642888,uniswap_hooklist,3,PhiEthHooks,https://raw.githubusercontent.com/Uniswap/hooklist/65ef4121419193a5aad9a493d2f4d9710d2f7653/hooks/base/0xab3e4949781d1df22b8ee710c36da3a0e2642888.json,"{""name"": ""PhiEthHooks"", ""description"": ""Implements a 1:1 custom curve swap between ETH and phiEth (a wrapped ETH token) by taking the full input amount, converting via phiEth.deposit/withdraw, settling the output, and returning a BeforeSwapDelta that no-ops the AMM concentrated liquidity math. Direct liquidity addition to the pool is permanently blocked."", ""deployer"": """"}"
0xab41d20b2057bd83a02e229e1c7000016ebb6888,uniswap_hooklist,3,PhiEthHooks,https://raw.githubusercontent.com/Uniswap/hooklist/65ef4121419193a5aad9a493d2f4d9710d2f7653/hooks/base/0xab41d20b2057bd83a02e229e1c7000016ebb6888.json,"{""name"": ""PhiEthHooks"", ""description"": ""A 1:1 ETH/phiEth custom-curve hook that intercepts swaps in beforeSwap to wrap or unwrap via the phiEth contract, settling directly with the PoolManager and returning a full delta to no-op the AMM. Enforces zero fee and ETH/phiEth-only pool initialization, and reverts on all liquidity additions."", ""deployer"": """"}"
0xab6c382c3064e015f9884bac7ef4d057eddf2888,uniswap_hooklist,3,PhiEthHooks,https://raw.githubusercontent.com/Uniswap/hooklist/65ef4121419193a5aad9a493d2f4d9710d2f7653/hooks/base/0xab6c382c3064e015f9884bac7ef4d057eddf2888.json,"{""name"": ""PhiEthHooks"", ""description"": ""Implements a 1:1 ETH/phiEth custom curve swap that bypasses concentrated liquidity entirely. In beforeSwap, the hook takes the full input amount from the PoolManager, converts it via the phiEth contract (deposit for ETH\u2192phiEth, withdraw for phiEth\u2192ETH), and settles the output; liquidity addition is permanently blocked."", ""deployer"": """"}"
0xabd898d14e9e1b0f7b1efae5a1b791b8b8116888,uniswap_hooklist,3,PhiEthHooks,https://raw.githubusercontent.com/Uniswap/hooklist/65ef4121419193a5aad9a493d2f4d9710d2f7653/hooks/base/0xabd898d14e9e1b0f7b1efae5a1b791b8b8116888.json,"{""name"": ""PhiEthHooks"", ""description"": ""Implements a 1:1 ETH\u2194phiEth custom curve pool: on each swap, the hook takes the input amount, mints or burns phiEth via deposit/withdraw, and settles the output directly via BeforeSwapDelta, bypassing concentrated liquidity math entirely. Liquidity addition to the pool is permanently blocked."", ""deployer"": """"}"
0xadc818b292843b5e03391c6a810f165f97cce888,uniswap_hooklist,3,PhiEthHooks,https://raw.githubusercontent.com/Uniswap/hooklist/65ef4121419193a5aad9a493d2f4d9710d2f7653/hooks/base/0xadc818b292843b5e03391c6a810f165f97cce888.json,"{""name"": ""PhiEthHooks"", ""description"": ""A custom-curve hook for ETH/phiEth pools implementing 1:1 swapping via the phiEth wrapper's deposit/withdraw. In beforeSwap, the hook takes input from the pool manager, converts it, and settles the output \u2014 bypassing the AMM entirely. Liquidity additions are blocked; the pool is restricted to ETH/phiEth pairs with zero fee."", ""deployer"": """"}"
0xadd2bb0cc3b5c475d2f69ab7ffd827b6233a8888,uniswap_hooklist,3,Rebalancer,https://raw.githubusercontent.com/Uniswap/hooklist/65ef4121419193a5aad9a493d2f4d9710d2f7653/hooks/base/0xadd2bb0cc3b5c475d2f69ab7ffd827b6233a8888.json,"{""name"": ""Rebalancer"", ""description"": ""A Uniswap v4 hook that intercepts swaps via beforeSwap with a return delta, decoding sender address and amountIn from required hookData to take a portion of the specified token from the pool manager and redirect it to the decoded sender. Liquidity additions are restricted to the hook contract itself. Swap behavior is gas-dependent."", ""deployer"": """"}"
0xae109b4becfa3d03faa8c3a224c5759e7ce96888,uniswap_hooklist,3,PhiEthHooks,https://raw.githubusercontent.com/Uniswap/hooklist/65ef4121419193a5aad9a493d2f4d9710d2f7653/hooks/base/0xae109b4becfa3d03faa8c3a224c5759e7ce96888.json,"{""name"": ""PhiEthHooks"", ""description"": ""Implements a 1:1 ETH/phiETH swap using a custom AMM curve via beforeSwap with delta return, bypassing concentrated liquidity. Converts ETH to phiETH (or vice versa) through deposit/withdraw, prevents direct liquidity additions, and only supports zero-fee ETH/phiETH pools."", ""deployer"": """"}"
0xb01a102bcac8ad2f2ffcea941968c2026c1e6888,uniswap_hooklist,3,PhiEthHooks,https://raw.githubusercontent.com/Uniswap/hooklist/65ef4121419193a5aad9a493d2f4d9710d2f7653/hooks/base/0xb01a102bcac8ad2f2ffcea941968c2026c1e6888.json,"{""name"": ""PhiEthHooks"", ""description"": ""A 1:1 ETH/phiEth swap hook that implements a custom linear curve: it takes the input token, mints or redeems phiEth accordingly, and settles the output via beforeSwapReturnsDelta to bypass the concentrated liquidity AMM. Direct liquidity addition to the pool is permanently blocked."", ""deployer"": """"}"
0xb080bbfac949e24488c8e4516bc87bc6f98c2888,uniswap_hooklist,3,PhiEthHooks,https://raw.githubusercontent.com/Uniswap/hooklist/65ef4121419193a5aad9a493d2f4d9710d2f7653/hooks/base/0xb080bbfac949e24488c8e4516bc87bc6f98c2888.json,"{""name"": ""PhiEthHooks"", ""description"": ""Implements a custom 1:1 ETH/phiEth swap curve by intercepting all swaps in beforeSwap: takes the full input from the PoolManager, mints or burns phiEth accordingly, and settles the output directly, bypassing concentrated liquidity entirely. Prevents direct liquidity additions to the pool by reverting in beforeAddLiquidity."", ""deployer"": """"}"
0xb08211d57032dd10b1974d4b876851a7f7596888,uniswap_hooklist,3,WETHHook,https://raw.githubusercontent.com/Uniswap/hooklist/65ef4121419193a5aad9a493d2f4d9710d2f7653/hooks/base/0xb08211d57032dd10b1974d4b876851a7f7596888.json,"{""name"": ""WETHHook"", ""description"": ""A 1:1 ETH/WETH wrapper hook that allows users to swap between ETH and WETH within Uniswap V4 pools. It intercepts swaps to perform native wrapping and unwrapping, blocks direct liquidity operations, and requires pools to be initialized with zero fee."", ""deployer"": """"}"
0xb08211d57032dd10b1974d4b876851a7f7596888,document,4,Uniswap routing-api allowlist,https://raw.githubusercontent.com/Uniswap/routing-api/main/lib/util/hooksAddressesAllowlist.ts,export const WETH_HOOKS_ADDRESS_ON_BASE = '0xb08211d57032dd10b1974d4b876851a7f7596888'
0xb0f1d670ff1281e24b4dcdd2bd523ec447dce888,uniswap_hooklist,3,PhiEthHooks,https://raw.githubusercontent.com/Uniswap/hooklist/65ef4121419193a5aad9a493d2f4d9710d2f7653/hooks/base/0xb0f1d670ff1281e24b4dcdd2bd523ec447dce888.json,"{""name"": ""PhiEthHooks"", ""description"": ""Custom hook implementing a 1:1 ETH/phiEth swap curve, bypassing concentrated liquidity entirely. In beforeSwap, it takes input tokens from the PoolManager, wraps or unwraps ETH via phiEth.deposit()/withdraw(), then settles output tokens back; liquidity additions to the pool are always reverted."", ""deployer"": """"}"
0xb199f0911ead05714066e8c51bf338adb6102888,uniswap_hooklist,3,PhiEthHooks,https://raw.githubusercontent.com/Uniswap/hooklist/65ef4121419193a5aad9a493d2f4d9710d2f7653/hooks/base/0xb199f0911ead05714066e8c51bf338adb6102888.json,"{""name"": ""PhiEthHooks"", ""description"": ""Implements a 1:1 custom swap curve for ETH\u2194phiEth (a wrapped ETH token), bypassing concentrated liquidity by taking the full input, converting via phiEth.deposit()/withdraw(), and settling with a BeforeSwapDelta. Liquidity addition to the pool is permanently blocked."", ""deployer"": """"}"
0xb1a4d0dcd7d8a6c13e71872289c510c1fcd36888,uniswap_hooklist,3,PhiEthHooks,https://raw.githubusercontent.com/Uniswap/hooklist/65ef4121419193a5aad9a493d2f4d9710d2f7653/hooks/base/0xb1a4d0dcd7d8a6c13e71872289c510c1fcd36888.json,"{""name"": ""PhiEthHooks"", ""description"": ""Implements a custom 1:1 ETH\u2194phiETH swap curve by intercepting swaps in beforeSwap: takes the input token from PoolManager, converts via phiEth deposit/withdraw, settles the output, and returns a full BeforeSwapDelta to no-op the concentrated liquidity pool. Direct liquidity additions are blocked, and pool initialization is restricted to ETH/phiETH zero-fee pairs."", ""deployer"": """"}"
0xb1ef67decbbb78e686f8a73a54f745f0560be888,uniswap_hooklist,3,PhiEthHooks,https://raw.githubusercontent.com/Uniswap/hooklist/65ef4121419193a5aad9a493d2f4d9710d2f7653/hooks/base/0xb1ef67decbbb78e686f8a73a54f745f0560be888.json,"{""name"": ""PhiEthHooks"", ""description"": ""A custom-curve hook that swaps ETH and phiEth 1:1 by taking input from the PoolManager, calling phiEth.deposit() or phiEth.withdraw() to convert, and settling the output \u2014 bypassing the normal AMM. Liquidity addition is blocked; only ETH/phiEth pools with zero fee are permitted."", ""deployer"": """"}"
0xb21f3ced0a6b1a90b266b6ca1c35e24cf89b2888,uniswap_hooklist,3,PhiEthHooks,https://raw.githubusercontent.com/Uniswap/hooklist/65ef4121419193a5aad9a493d2f4d9710d2f7653/hooks/base/0xb21f3ced0a6b1a90b266b6ca1c35e24cf89b2888.json,"{""name"": ""PhiEthHooks"", ""description"": ""Implements a 1:1 ETH\u2194phiEth swap hook that takes the full input from the PoolManager, converts via the phiEth contract (deposit/withdraw), and settles the output \u2014 returning a full BeforeSwapDelta to bypass concentrated liquidity entirely. Direct liquidity additions to the pool are blocked."", ""deployer"": """"}"
0xb2271d36409eb38bbad61658464a41902290a888,uniswap_hooklist,3,PhiEthHooks,https://raw.githubusercontent.com/Uniswap/hooklist/65ef4121419193a5aad9a493d2f4d9710d2f7653/hooks/base/0xb2271d36409eb38bbad61658464a41902290a888.json,"{""name"": ""PhiEthHooks"", ""description"": ""Implements a 1:1 ETH \u2194 phiETH custom-curve swap using beforeSwapReturnsDelta, bypassing concentrated liquidity entirely. The hook takes the full input from the PoolManager, mints or burns phiETH via deposit/withdraw, and settles the output; direct liquidity additions are blocked."", ""deployer"": """"}"
0xb2b48a0e11c260e25d0198fe6c6c104b927e2888,uniswap_hooklist,3,PhiEthHooks,https://raw.githubusercontent.com/Uniswap/hooklist/65ef4121419193a5aad9a493d2f4d9710d2f7653/hooks/base/0xb2b48a0e11c260e25d0198fe6c6c104b927e2888.json,"{""name"": ""PhiEthHooks"", ""description"": ""Implements a 1:1 custom-curve swap between ETH and phiEth (an ETH wrapper token) by intercepting beforeSwap to handle deposit/withdraw directly and returning a BeforeSwapDelta to no-op the concentrated liquidity swap. Blocks all liquidity additions and restricts pool initialization to ETH/phiEth pairs with zero fee."", ""deployer"": """"}"
0xb2e93ec76ceeb538c7e63b6dba4671ea507d2888,uniswap_hooklist,3,PhiEthHooks,https://raw.githubusercontent.com/Uniswap/hooklist/65ef4121419193a5aad9a493d2f4d9710d2f7653/hooks/base/0xb2e93ec76ceeb538c7e63b6dba4671ea507d2888.json,"{""name"": ""PhiEthHooks"", ""description"": ""A custom-curve hook for ETH/phiETH pools that implements 1:1 swaps by wrapping and unwrapping ETH via the phiEth contract. Uses beforeSwapReturnsDelta to no-op concentrated liquidity execution, settling the full swap amount directly. Liquidity additions to the pool are blocked unconditionally."", ""deployer"": """"}"
0xb301cdc1f577a8fd93c6a8b9a090dff0a6c2a888,uniswap_hooklist,3,PhiEthHooks,https://raw.githubusercontent.com/Uniswap/hooklist/65ef4121419193a5aad9a493d2f4d9710d2f7653/hooks/base/0xb301cdc1f577a8fd93c6a8b9a090dff0a6c2a888.json,"{""name"": ""PhiEthHooks"", ""description"": ""Implements a 1:1 ETH\u2194phiETH custom-curve swap hook. In `beforeSwap`, takes the input amount from the pool manager, mints or burns phiETH at a 1:1 rate, and settles the output directly\u2014bypassing concentrated liquidity entirely. Adding liquidity is permanently disabled; only zero-fee ETH\u2194phiETH swaps are supported."", ""deployer"": """"}"
0xb35d82d5bde4c90b738a265f2dbdf3242ab9a888,uniswap_hooklist,3,PhiEthHooks,https://raw.githubusercontent.com/Uniswap/hooklist/65ef4121419193a5aad9a493d2f4d9710d2f7653/hooks/base/0xb35d82d5bde4c90b738a265f2dbdf3242ab9a888.json,"{""name"": ""PhiEthHooks"", ""description"": ""Implements a custom 1:1 ETH\u2194phiEth swap curve via beforeSwap: takes the full input from the pool manager, wraps or unwraps via the phiEth contract, and settles the output directly, bypassing concentrated liquidity. Liquidity addition is blocked and only zero-fee ETH/phiEth pools are supported."", ""deployer"": """"}"
0xb36f1cf5f8265e8ff14fc022ac89353e28ba6888,uniswap_hooklist,3,PhiEthHooks,https://raw.githubusercontent.com/Uniswap/hooklist/65ef4121419193a5aad9a493d2f4d9710d2f7653/hooks/base/0xb36f1cf5f8265e8ff14fc022ac89353e28ba6888.json,"{""name"": ""PhiEthHooks"", ""description"": ""Implements a 1:1 ETH\u2194phiETH custom-curve hook that bypasses the concentrated liquidity AMM entirely. In beforeSwap, it takes the input token from the pool manager, deposits or withdraws via phiEth, and settles the output directly, returning a full BeforeSwapDelta to no-op the normal swap. Direct liquidity addition is blocked; pools must use ETH/phiETH with zero fee."", ""deployer"": """"}"
0xb3a0262c307ab319224311ffd6729b58eeff6888,uniswap_hooklist,3,PhiEthHooks,https://raw.githubusercontent.com/Uniswap/hooklist/65ef4121419193a5aad9a493d2f4d9710d2f7653/hooks/base/0xb3a0262c307ab319224311ffd6729b58eeff6888.json,"{""name"": ""PhiEthHooks"", ""description"": ""A hook that implements a custom 1:1 swap curve between ETH and phiEth (an ETH wrapper token). It handles swaps by wrapping or unwrapping ETH through the phiEth contract, returning a BeforeSwapDelta to fully bypass concentrated liquidity. Direct liquidity additions are blocked."", ""deployer"": """"}"
0xb4523422621cb6787299e4be5659ffc6a48aa888,uniswap_hooklist,3,PhiEthHooks,https://raw.githubusercontent.com/Uniswap/hooklist/65ef4121419193a5aad9a493d2f4d9710d2f7653/hooks/base/0xb4523422621cb6787299e4be5659ffc6a48aa888.json,"{""name"": ""PhiEthHooks"", ""description"": ""Implements a 1:1 custom-curve swap between ETH and phiEth by intercepting swaps in beforeSwap: takes input from the pool manager, calls phiEth.deposit() or phiEth.withdraw() to convert, then settles output \u2014 bypassing concentrated liquidity entirely. Liquidity addition is permanently blocked via beforeAddLiquidity."", ""deployer"": """"}"
0xb4eda02de49acc10286ad76de5d20ac676c76888,uniswap_hooklist,3,PhiEthHooks,https://raw.githubusercontent.com/Uniswap/hooklist/65ef4121419193a5aad9a493d2f4d9710d2f7653/hooks/base/0xb4eda02de49acc10286ad76de5d20ac676c76888.json,"{""name"": ""PhiEthHooks"", ""description"": ""Implements a custom 1:1 ETH/phiEth swap curve that bypasses Uniswap v4 concentrated liquidity. On each swap, the hook takes the full input from the pool manager, calls phiEth.deposit or phiEth.withdraw to convert it 1:1, then settles the output \u2014 fully absorbing the swap via beforeSwapReturnsDelta. Adding liquidity directly to the pool always reverts."", ""deployer"": """"}"
0xb50cc5f4f61fc4603302d2dcb0ee3883cdf3a888,uniswap_hooklist,3,PhiEthHooks,https://raw.githubusercontent.com/Uniswap/hooklist/65ef4121419193a5aad9a493d2f4d9710d2f7653/hooks/base/0xb50cc5f4f61fc4603302d2dcb0ee3883cdf3a888.json,"{""name"": ""PhiEthHooks"", ""description"": ""Implements a 1:1 ETH\u2194phiEth custom swap curve by intercepting swaps and depositing/withdrawing via the phiEth contract. Blocks direct liquidity additions to the pool and restricts pool initialization to ETH/phiEth pairs with zero fee."", ""deployer"": """"}"
0xb5db348b8917060261aedb4c2b126decf6502888,uniswap_hooklist,3,PhiEthHooks,https://raw.githubusercontent.com/Uniswap/hooklist/65ef4121419193a5aad9a493d2f4d9710d2f7653/hooks/base/0xb5db348b8917060261aedb4c2b126decf6502888.json,"{""name"": ""PhiEthHooks"", ""description"": ""A custom-curve hook that implements 1:1 ETH\u2194phiEth swaps by minting/burning phiEth, bypassing concentrated liquidity entirely via beforeSwapReturnsDelta. Liquidity additions to the pool are blocked."", ""deployer"": """"}"
0xb6380c5f16daddafd0ad6128f487099465e2e888,uniswap_hooklist,3,PhiEthHooks,https://raw.githubusercontent.com/Uniswap/hooklist/65ef4121419193a5aad9a493d2f4d9710d2f7653/hooks/base/0xb6380c5f16daddafd0ad6128f487099465e2e888.json,"{""name"": ""PhiEthHooks"", ""description"": ""Implements a 1:1 custom curve for ETH/phiEth swaps by intercepting beforeSwap, taking the input, converting via phiEth.deposit() or phiEth.withdraw(), and settling the output \u2014 bypassing the concentrated liquidity pool entirely. Direct liquidity addition is blocked via beforeAddLiquidity revert."", ""deployer"": """"}"
0xb64de205272f396da9b5a19d67655ac821df6888,uniswap_hooklist,3,PhiEthHooks,https://raw.githubusercontent.com/Uniswap/hooklist/65ef4121419193a5aad9a493d2f4d9710d2f7653/hooks/base/0xb64de205272f396da9b5a19d67655ac821df6888.json,"{""name"": ""PhiEthHooks"", ""description"": ""A custom-curve hook that implements 1:1 swapping between ETH and phiEth by intercepting swaps in beforeSwap, wrapping/unwrapping ETH through the phiEth contract, and returning a full BeforeSwapDelta to bypass concentrated liquidity pricing. Pool initialization is restricted to ETH/phiEth pairs with zero fee, and direct liquidity addition is blocked."", ""deployer"": """"}"
0xb6628af3b1b3bce218c15b143ffd3a4d1621e888,uniswap_hooklist,3,PhiEthHooks,https://raw.githubusercontent.com/Uniswap/hooklist/65ef4121419193a5aad9a493d2f4d9710d2f7653/hooks/base/0xb6628af3b1b3bce218c15b143ffd3a4d1621e888.json,"{""name"": ""PhiEthHooks"", ""description"": ""Implements a custom 1:1 ETH-to-phiEth swap curve by intercepting all swaps in beforeSwap, taking the input token from the PoolManager, converting it via the phiEth contract (deposit/withdraw), and settling the output \u2014 bypassing concentrated liquidity entirely. Liquidity additions are blocked."", ""deployer"": """"}"
0xb67f057bfbcb27ff9908dbf2d3d9dbd89d29e8cc,uniswap_hooklist,3,JanpuHookStaticFeeV2,https://raw.githubusercontent.com/Uniswap/hooklist/65ef4121419193a5aad9a493d2f4d9710d2f7653/hooks/base/0xb67f057bfbcb27ff9908dbf2d3d9dbd89d29e8cc.json,"{""name"": ""JanpuHookStaticFeeV2"", ""description"": ""JANPU Base launchpad hook that applies per-pool static LP fees through Uniswap v4 dynamic-fee updates, collects JANPU protocol fees on launched-token swaps, supports optional MEV fee protection and pool extensions, and accepts empty hook data for standard swaps."", ""deployer"": ""0x25EBD2106452415420fb6Eb7056bFF8d7b391d55""}"
0xb7f153038d6fe0923e669e0bad256ad0fd066888,uniswap_hooklist,3,PhiEthHooks,https://raw.githubusercontent.com/Uniswap/hooklist/65ef4121419193a5aad9a493d2f4d9710d2f7653/hooks/base/0xb7f153038d6fe0923e669e0bad256ad0fd066888.json,"{""name"": ""PhiEthHooks"", ""description"": ""A custom-curve hook that implements 1:1 ETH/phiEth swaps by minting phiEth on ETH input and burning phiEth on ETH output, fully consuming the swap in beforeSwap via BeforeSwapDelta. Direct liquidity addition is blocked; only ETH/phiEth pools with zero fee may use this hook."", ""deployer"": """"}"
0xb880784d1d1c0e18c9b9e3f1efccee0bd7b0e888,uniswap_hooklist,3,PhiEthHooks,https://raw.githubusercontent.com/Uniswap/hooklist/65ef4121419193a5aad9a493d2f4d9710d2f7653/hooks/base/0xb880784d1d1c0e18c9b9e3f1efccee0bd7b0e888.json,"{""name"": ""PhiEthHooks"", ""description"": ""Implements a 1:1 custom swap curve between ETH and phiEth (a 1:1 ETH wrapper token), bypassing the standard concentrated liquidity AMM via beforeSwapReturnsDelta. Liquidity cannot be added to the pool; only ETH/phiEth pairs with zero fee are permitted."", ""deployer"": """"}"
0xb8872df68cab17a880bf1840f227c9bee75de888,uniswap_hooklist,3,PhiEthHooks,https://raw.githubusercontent.com/Uniswap/hooklist/65ef4121419193a5aad9a493d2f4d9710d2f7653/hooks/base/0xb8872df68cab17a880bf1840f227c9bee75de888.json,"{""name"": ""PhiEthHooks"", ""description"": ""Implements a custom 1:1 ETH\u2194phiEth swap curve via beforeSwap with return delta, bypassing the concentrated liquidity layer entirely. Blocks direct liquidity addition and restricts pool initialization to ETH/phiEth pairs with a zero fee."", ""deployer"": """"}"
0xb8b27a9cea9094cff605e6aa707c89120a240a80,uniswap_hooklist,3,CommodityCombinedHook,https://raw.githubusercontent.com/Uniswap/hooklist/65ef4121419193a5aad9a493d2f4d9710d2f7653/hooks/base/0xb8b27a9cea9094cff605e6aa707c89120a240a80.json,"{""name"": ""CommodityCombinedHook"", ""description"": ""A combined swap and liquidity gating hook for commodity pools. Swap access is gated by a block-number unlock window controlled by a designated locker address, with optional price impact caps. Liquidity provision is restricted to an owner-managed allowlist (with an open-mode override)."", ""deployer"": """"}"
0xb8cd8c85a95fdd3a026c437650c7adb8d7d52888,uniswap_hooklist,3,PhiEthHooks,https://raw.githubusercontent.com/Uniswap/hooklist/65ef4121419193a5aad9a493d2f4d9710d2f7653/hooks/base/0xb8cd8c85a95fdd3a026c437650c7adb8d7d52888.json,"{""name"": ""PhiEthHooks"", ""description"": ""A custom-curve hook implementing 1:1 ETH/phiEth swaps by minting or burning phiEth via deposit/withdraw calls to the phiEth contract. Liquidity addition is permanently disabled; the hook fully handles swap execution using BeforeSwapDelta, bypassing concentrated liquidity entirely."", ""deployer"": """"}"
0xba3eb6c67e737c0e732f1b2e7bb049d802492888,uniswap_hooklist,3,PhiEthHooks,https://raw.githubusercontent.com/Uniswap/hooklist/65ef4121419193a5aad9a493d2f4d9710d2f7653/hooks/base/0xba3eb6c67e737c0e732f1b2e7bb049d802492888.json,"{""name"": ""PhiEthHooks"", ""description"": ""Implements a custom 1:1 ETH/phiEth swap curve by intercepting swaps entirely in beforeSwap: takes the input token from the PoolManager, converts via phiEth deposit/withdraw, and settles the output back. Blocks direct liquidity addition and restricts pool initialization to zero-fee ETH/phiEth pairs only."", ""deployer"": """"}"
0xba93ae8bb6179d4be72c81cfa8be3b6cd8ce2888,uniswap_hooklist,3,PhiEthHooks,https://raw.githubusercontent.com/Uniswap/hooklist/65ef4121419193a5aad9a493d2f4d9710d2f7653/hooks/base/0xba93ae8bb6179d4be72c81cfa8be3b6cd8ce2888.json,"{""name"": ""PhiEthHooks"", ""description"": ""A custom-curve hook for a phiEth/ETH pool that implements 1:1 ETH\u2194phiEth swaps entirely within `beforeSwap` using `beforeSwapReturnsDelta`, bypassing concentrated liquidity. Adding liquidity to the pool is blocked."", ""deployer"": """"}"
0xba9aad52ddf45591b9e8d188e4f1d9bd42086888,uniswap_hooklist,3,PhiEthHooks,https://raw.githubusercontent.com/Uniswap/hooklist/65ef4121419193a5aad9a493d2f4d9710d2f7653/hooks/base/0xba9aad52ddf45591b9e8d188e4f1d9bd42086888.json,"{""name"": ""PhiEthHooks"", ""description"": ""Implements a custom 1:1 ETH\u27f7phiEth swap by intercepting swaps in beforeSwap, taking the input amount, converting it via phiEth.deposit/phiEth.withdraw, and returning a delta that bypasses normal AMM pricing. Liquidity additions are blocked, and pool initialization is restricted to ETH/phiEth pairs with zero fee."", ""deployer"": """"}"
0xbb4aefe906ba3a960f6279ae72d95b21c3076888,uniswap_hooklist,3,PhiEthHooks,https://raw.githubusercontent.com/Uniswap/hooklist/65ef4121419193a5aad9a493d2f4d9710d2f7653/hooks/base/0xbb4aefe906ba3a960f6279ae72d95b21c3076888.json,"{""name"": ""PhiEthHooks"", ""description"": ""Implements a 1:1 ETH\u2194phiETH custom curve swap using beforeSwapReturnsDelta to fully bypass concentrated liquidity. Takes the full input amount, wraps or unwraps via phiEth, and settles the output; no AMM liquidity is involved. Adding liquidity to the pool is permanently blocked, and the hook only accepts ETH/phiETH pools with a zero fee."", ""deployer"": """"}"
0xbb633f3bc0ca64eec6b0b2de683314faaae1e888,uniswap_hooklist,3,PhiEthHooks,https://raw.githubusercontent.com/Uniswap/hooklist/65ef4121419193a5aad9a493d2f4d9710d2f7653/hooks/base/0xbb633f3bc0ca64eec6b0b2de683314faaae1e888.json,"{""name"": ""PhiEthHooks"", ""description"": ""Implements a custom 1:1 swap curve between ETH and phiETH (a 1:1 ETH-backed wrapper token) by intercepting swaps in beforeSwap, taking the input from the PoolManager, converting via phiETH deposit/withdraw, and settling the output. Liquidity addition is blocked entirely; the pool is restricted to ETH/phiETH pairs with zero fee."", ""deployer"": """"}"
0xbc55b1137879e72c243fac7ec7e5f12bb9fd6888,uniswap_hooklist,3,PhiEthHooks,https://raw.githubusercontent.com/Uniswap/hooklist/65ef4121419193a5aad9a493d2f4d9710d2f7653/hooks/base/0xbc55b1137879e72c243fac7ec7e5f12bb9fd6888.json,"{""name"": ""PhiEthHooks"", ""description"": ""Implements a 1:1 ETH/phiETH swap hook with a custom constant-price curve. In beforeSwap, the hook takes the full input amount from the PoolManager, converts it via phiEth.deposit or phiEth.withdraw, and settles the output directly, bypassing concentrated liquidity entirely. Liquidity addition to the pool is blocked."", ""deployer"": """"}"
0xbcc2fb55fa8c9b9ce3ac1ca84fcf470269b32888,uniswap_hooklist,3,PhiEthHooks,https://raw.githubusercontent.com/Uniswap/hooklist/65ef4121419193a5aad9a493d2f4d9710d2f7653/hooks/base/0xbcc2fb55fa8c9b9ce3ac1ca84fcf470269b32888.json,"{""name"": ""PhiEthHooks"", ""description"": ""Implements a custom 1:1 ETH/phiEth swap curve by intercepting swaps in beforeSwap: takes the full input from the pool manager, converts between ETH and phiEth via deposit/withdraw, settles the output, and returns a full BeforeSwapDelta to bypass concentrated liquidity entirely. Liquidity addition is permanently blocked."", ""deployer"": """"}"
0xbd1de31cc36fd743630bf1b38f40d000c38a6888,uniswap_hooklist,3,PhiEthHooks,https://raw.githubusercontent.com/Uniswap/hooklist/65ef4121419193a5aad9a493d2f4d9710d2f7653/hooks/base/0xbd1de31cc36fd743630bf1b38f40d000c38a6888.json,"{""name"": ""PhiEthHooks"", ""description"": ""A hook that implements a 1:1 ETH/phiEth swap curve by directly taking input, minting or redeeming phiEth, and settling the output\u2014bypassing concentrated liquidity entirely via beforeSwapReturnsDelta. Liquidity addition to the pool is blocked."", ""deployer"": """"}"
0xbdf2666a2b37d216cbd00f767d4026d705e7a888,uniswap_hooklist,3,PhiEthHooks,https://raw.githubusercontent.com/Uniswap/hooklist/65ef4121419193a5aad9a493d2f4d9710d2f7653/hooks/base/0xbdf2666a2b37d216cbd00f767d4026d705e7a888.json,"{""name"": ""PhiEthHooks"", ""description"": ""Implements a 1:1 ETH\u2194phiEth custom swap curve: in beforeSwap, takes input from the pool manager, converts via phiEth deposit/withdraw, settles the output, and returns a BeforeSwapDelta that bypasses concentrated liquidity. Liquidity addition to the pool is permanently blocked."", ""deployer"": """"}"
0xbf5acab339d2970938ff4a2753d6cbbb8aaae8cc,document,4,KyberSwap dex-lib,https://raw.githubusercontent.com/KyberNetwork/kyberswap-dex-lib/0867b088e490608f731e4e37eaf49ea72e7846b3/pkg/liquidity-source/uniswap/v4/hooks/clanker/constant.go,"		common.HexToAddress(""0xBF5ACAB339D2970938Ff4A2753d6cbbb8AaaE8cC""), // base v2 v4.1.0"
0xc03b7ce013d4c82834329317f7790d3b7b092888,uniswap_hooklist,3,PhiEthHooks,https://raw.githubusercontent.com/Uniswap/hooklist/65ef4121419193a5aad9a493d2f4d9710d2f7653/hooks/base/0xc03b7ce013d4c82834329317f7790d3b7b092888.json,"{""name"": ""PhiEthHooks"", ""description"": ""A 1:1 ETH/phiEth swap hook that implements a custom curve via beforeSwap: it takes the full input, converts it through the phiEth contract (deposit/withdraw), settles the output, and returns a BeforeSwapDelta to bypass concentrated liquidity. Direct liquidity additions to the pool are unconditionally blocked."", ""deployer"": """"}"
0xc0971f496305300c84b60c3fee307aa69fd9a888,uniswap_hooklist,3,PhiEthHooks,https://raw.githubusercontent.com/Uniswap/hooklist/65ef4121419193a5aad9a493d2f4d9710d2f7653/hooks/base/0xc0971f496305300c84b60c3fee307aa69fd9a888.json,"{""name"": ""PhiEthHooks"", ""description"": ""Implements a 1:1 custom-curve swap between ETH and phiEth (a wrapped ETH token) by intercepting swaps in beforeSwap, minting or burning phiEth, and returning a BeforeSwapDelta that bypasses concentrated liquidity. Direct liquidity addition to the pool is blocked via beforeAddLiquidity revert."", ""deployer"": """"}"
0xc0a0554c9528bcb2362e195a390cfd58f176a888,uniswap_hooklist,3,PhiEthHooks,https://raw.githubusercontent.com/Uniswap/hooklist/65ef4121419193a5aad9a493d2f4d9710d2f7653/hooks/base/0xc0a0554c9528bcb2362e195a390cfd58f176a888.json,"{""name"": ""PhiEthHooks"", ""description"": ""Implements a 1:1 ETH/phiETH custom curve swap by intercepting beforeSwap, taking input from PoolManager, converting via phiEth.deposit/withdraw, and returning a BeforeSwapDelta that fully no-ops the concentrated liquidity mechanism. Enforces a zero-fee ETH/phiETH pool and blocks direct liquidity additions."", ""deployer"": """"}"
0xc0c5cc29519fccc46a72a1e9e7b89bf9ef1be888,uniswap_hooklist,3,PhiEthHooks,https://raw.githubusercontent.com/Uniswap/hooklist/65ef4121419193a5aad9a493d2f4d9710d2f7653/hooks/base/0xc0c5cc29519fccc46a72a1e9e7b89bf9ef1be888.json,"{""name"": ""PhiEthHooks"", ""description"": ""Implements a 1:1 custom swap curve between ETH and phiEth (a wrapped ETH token) using beforeSwapReturnsDelta to bypass concentrated liquidity. On each swap it wraps or unwraps ETH via the phiEth contract and settles the output, while blocking all direct liquidity additions to the pool."", ""deployer"": """"}"
0xc14a4acb11a06c43e478c4fde4e6168d86c9a888,uniswap_hooklist,3,PhiEthHooks,https://raw.githubusercontent.com/Uniswap/hooklist/65ef4121419193a5aad9a493d2f4d9710d2f7653/hooks/base/0xc14a4acb11a06c43e478c4fde4e6168d86c9a888.json,"{""name"": ""PhiEthHooks"", ""description"": ""A custom-curve hook that implements 1:1 ETH/phiEth swaps by intercepting beforeSwap: it takes the input token from the PoolManager, mints or burns phiEth via deposit/withdraw, and settles the output \u2014 bypassing concentrated liquidity entirely. Direct liquidity addition to the pool is permanently blocked."", ""deployer"": """"}"
0xc1d023c716b16f55a9c3992854112eed60836888,uniswap_hooklist,3,PhiEthHooks,https://raw.githubusercontent.com/Uniswap/hooklist/65ef4121419193a5aad9a493d2f4d9710d2f7653/hooks/base/0xc1d023c716b16f55a9c3992854112eed60836888.json,"{""name"": ""PhiEthHooks"", ""description"": ""Implements a 1:1 ETH/phiETH custom swap curve: intercepts swaps in beforeSwap, converts ETH to phiETH (or vice versa) via the phiEth contract's deposit/withdraw, and settles directly with the PoolManager\u2014bypassing concentrated liquidity entirely. Liquidity addition is permanently blocked."", ""deployer"": """"}"
0xc223fb48011ed7765d201f01ea8e69957b38e888,uniswap_hooklist,3,PhiEthHooks,https://raw.githubusercontent.com/Uniswap/hooklist/65ef4121419193a5aad9a493d2f4d9710d2f7653/hooks/base/0xc223fb48011ed7765d201f01ea8e69957b38e888.json,"{""name"": ""PhiEthHooks"", ""description"": ""Implements a 1:1 ETH/phiEth custom-curve swap by intercepting beforeSwap, taking the full input, converting via phiEth deposit or withdrawal, and settling the output \u2014 bypassing concentrated liquidity entirely. Liquidity additions to the pool are permanently blocked."", ""deployer"": """"}"
0xc3b8e77ac038aa260035a1911827086c34a9e844,uniswap_hooklist,3,Farstr Hook (Base),https://raw.githubusercontent.com/Uniswap/hooklist/65ef4121419193a5aad9a493d2f4d9710d2f7653/hooks/base/0xc3b8e77ac038aa260035a1911827086c34a9e844.json,"{""name"": ""Farstr Hook (Base)"", ""description"": ""Collects swap fees via the afterSwapReturnsDelta mechanism with graduated anti-MEV fee tiers (up to 90%) during a cooldown window following NFT sales, distributing collected ETH to a strategy contract and an optional fee-split address. Pool initialization is restricted to a specific strategy token, and liquidity is permanently locked after the first addition."", ""deployer"": """"}"
0xc3b8e77ac038aa260035a1911827086c34a9e844,document,4,Uniswap routing-api allowlist,https://raw.githubusercontent.com/Uniswap/routing-api/main/lib/util/hooksAddressesAllowlist.ts,export const FARSTR_HOOKS_ADDRESS_ON_BASE = '0xc3b8e77ac038aa260035a1911827086c34a9e844'
0xc4557546c16da09f319aab352616b62fdde0a888,uniswap_hooklist,3,PhiEthHooks,https://raw.githubusercontent.com/Uniswap/hooklist/65ef4121419193a5aad9a493d2f4d9710d2f7653/hooks/base/0xc4557546c16da09f319aab352616b62fdde0a888.json,"{""name"": ""PhiEthHooks"", ""description"": ""Implements a 1:1 custom swap curve between ETH and phiETH by intercepting beforeSwap, minting or burning phiETH via deposit/withdraw, and returning a BeforeSwapDelta that bypasses concentrated liquidity. Direct liquidity additions are blocked; only ETH/phiETH pools with zero fee are permitted."", ""deployer"": """"}"
0xc4a1c45a46778e92d6f29efe43958c74b95de888,uniswap_hooklist,3,PhiEthHooks,https://raw.githubusercontent.com/Uniswap/hooklist/65ef4121419193a5aad9a493d2f4d9710d2f7653/hooks/base/0xc4a1c45a46778e92d6f29efe43958c74b95de888.json,"{""name"": ""PhiEthHooks"", ""description"": ""Implements a 1:1 custom curve swap between ETH and phiEth (an ETH-wrapper token), using beforeSwapReturnsDelta to fully handle swaps without the concentrated liquidity pool. Liquidity addition is blocked; the hook directly mints or redeems phiEth for ETH."", ""deployer"": """"}"
0xc59c14d0d598998c796b8dfb292150e6d3932888,uniswap_hooklist,3,PhiEthHooks,https://raw.githubusercontent.com/Uniswap/hooklist/65ef4121419193a5aad9a493d2f4d9710d2f7653/hooks/base/0xc59c14d0d598998c796b8dfb292150e6d3932888.json,"{""name"": ""PhiEthHooks"", ""description"": ""A custom-curve hook implementing 1:1 swaps between native ETH and phiEth (an ETH wrapper token). Uses beforeSwapReturnsDelta to fully handle the exchange\u2014depositing or withdrawing via the phiEth contract\u2014bypassing concentrated liquidity entirely. Direct liquidity additions to the pool are blocked."", ""deployer"": """"}"
0xc64ea1e3fc13c7e05dfa3edc74a91523b6c92888,uniswap_hooklist,3,PhiEthHooks,https://raw.githubusercontent.com/Uniswap/hooklist/65ef4121419193a5aad9a493d2f4d9710d2f7653/hooks/base/0xc64ea1e3fc13c7e05dfa3edc74a91523b6c92888.json,"{""name"": ""PhiEthHooks"", ""description"": ""A custom-curve hook implementing 1:1 ETH\u2194phiEth swaps. In beforeSwap, it takes the full input from the PoolManager, mints or burns phiEth via an external strategy contract, then settles the output, bypassing concentrated liquidity entirely. Adding liquidity to the pool is permanently blocked. Only ETH/phiEth pairs with zero fee are accepted."", ""deployer"": """"}"
0xc6bc336cf190c95da16156e873354d11e49d6888,uniswap_hooklist,3,PhiEthHooks,https://raw.githubusercontent.com/Uniswap/hooklist/65ef4121419193a5aad9a493d2f4d9710d2f7653/hooks/base/0xc6bc336cf190c95da16156e873354d11e49d6888.json,"{""name"": ""PhiEthHooks"", ""description"": ""A custom curve hook that enables 1:1 swapping between ETH and phiEth (a wrapped ETH token) via the beforeSwap delta mechanism, bypassing concentrated liquidity entirely. Adding liquidity directly to the pool is blocked; the hook mints/burns phiEth via deposit/withdraw on every swap."", ""deployer"": """"}"
0xc6ea89974be8e2b5e5a46a7d0df64873a6c12888,uniswap_hooklist,3,PhiEthHooks,https://raw.githubusercontent.com/Uniswap/hooklist/65ef4121419193a5aad9a493d2f4d9710d2f7653/hooks/base/0xc6ea89974be8e2b5e5a46a7d0df64873a6c12888.json,"{""name"": ""PhiEthHooks"", ""description"": ""Implements a custom 1:1 constant-price curve between ETH and phiEth (a wrapped ETH token). In beforeSwap, it takes the full input from the PoolManager, calls phiEth.deposit() or phiEth.withdraw() to convert, and settles the output \u2014 fully bypassing concentrated liquidity. Liquidity addition is blocked via beforeAddLiquidity revert."", ""deployer"": """"}"
0xc71b6ee458ba6b4bead1ee03dd337166fd50e888,uniswap_hooklist,3,PhiEthHooks,https://raw.githubusercontent.com/Uniswap/hooklist/65ef4121419193a5aad9a493d2f4d9710d2f7653/hooks/base/0xc71b6ee458ba6b4bead1ee03dd337166fd50e888.json,"{""name"": ""PhiEthHooks"", ""description"": ""Implements a 1:1 ETH/phiEth custom swap curve using beforeSwapReturnsDelta, minting or burning phiEth tokens via the phiEth contract and settling directly with the PoolManager. Liquidity additions to the pool are permanently blocked via beforeAddLiquidity."", ""deployer"": """"}"
0xc76d5ae995baf24bf2a49b3deb9ebdce533be888,uniswap_hooklist,3,PhiEthHooks,https://raw.githubusercontent.com/Uniswap/hooklist/65ef4121419193a5aad9a493d2f4d9710d2f7653/hooks/base/0xc76d5ae995baf24bf2a49b3deb9ebdce533be888.json,"{""name"": ""PhiEthHooks"", ""description"": ""Implements a custom 1:1 ETH\u2194phiEth swap curve via beforeSwap: takes input from the pool manager, calls phiEth.deposit or phiEth.withdraw to convert, then settles the output \u2014 bypassing AMM liquidity entirely for a zero-fee, zero-slippage wrap/unwrap. Direct liquidity addition is blocked, and only ETH/phiEth pools with zero fee may use this hook."", ""deployer"": """"}"
0xc9156c1868e122ef5b3e6ed946e1e88ff7da68cc,uniswap_hooklist,3,Bonker Static Fee Hook (Base),https://raw.githubusercontent.com/Uniswap/hooklist/65ef4121419193a5aad9a493d2f4d9710d2f7653/hooks/base/0xc9156c1868e122ef5b3e6ed946e1e88ff7da68cc.json,"{""name"": ""Bonker Static Fee Hook (Base)"", ""description"": ""A Uniswap v4 hook for token launches that stores direction-specific LP fees (bonker-side and paired-side) set at initialization, and collects a 20% protocol fee on each swap via beforeSwap and afterSwap delta returns. Includes an optional time-limited MEV-protection module that can temporarily raise fees, and supports configurable pool extensions."", ""deployer"": ""0x21b109ce8E663FB63CF0B2529324A2e75AeAf87D""}"
0xc92aa304c168ce3598b377fb7cf22b545428a888,uniswap_hooklist,3,FlashPerpsHook,https://raw.githubusercontent.com/Uniswap/hooklist/65ef4121419193a5aad9a493d2f4d9710d2f7653/hooks/base/0xc92aa304c168ce3598b377fb7cf22b545428a888.json,"{""name"": ""FlashPerpsHook"", ""description"": ""A perpetuals AMM hook implementing a fully custom curve for PERP/USDG pools: buying mints new perp exposure via a registered vault, selling unwinds it, with a flat 0.3% fee in USDG routed to a buyback escrow. External liquidity is blocked; the hook is the sole market maker for each registered pool."", ""deployer"": """"}"
0xc9440cdffcf5de7ccbc0db3fe41d5ba962e92888,uniswap_hooklist,3,PhiEthHooks,https://raw.githubusercontent.com/Uniswap/hooklist/65ef4121419193a5aad9a493d2f4d9710d2f7653/hooks/base/0xc9440cdffcf5de7ccbc0db3fe41d5ba962e92888.json,"{""name"": ""PhiEthHooks"", ""description"": ""A custom curve hook implementing 1:1 ETH/phiEth swaps. In beforeSwap, it takes the full input from the PoolManager, deposits or withdraws via phiEth, settles the output, and returns a full BeforeSwapDelta to bypass concentrated liquidity entirely. Liquidity additions to the pool are blocked."", ""deployer"": """"}"
0xca36422bf43070f5a1f9c87fec6160797a69e888,uniswap_hooklist,3,PhiEthHooks,https://raw.githubusercontent.com/Uniswap/hooklist/65ef4121419193a5aad9a493d2f4d9710d2f7653/hooks/base/0xca36422bf43070f5a1f9c87fec6160797a69e888.json,"{""name"": ""PhiEthHooks"", ""description"": ""A custom-curve hook implementing 1:1 ETH-to-phiEth swapping. In `beforeSwap`, it takes the input token, mints or burns phiEth via deposit/withdraw, settles the output directly, and returns a `BeforeSwapDelta` to no-op the concentrated liquidity swap. Liquidity addition to the pool is permanently blocked."", ""deployer"": """"}"
0xcb0e4613dc028002b5a7a2f0f2f0b82caf65e888,uniswap_hooklist,3,PhiEthHooks,https://raw.githubusercontent.com/Uniswap/hooklist/65ef4121419193a5aad9a493d2f4d9710d2f7653/hooks/base/0xcb0e4613dc028002b5a7a2f0f2f0b82caf65e888.json,"{""name"": ""PhiEthHooks"", ""description"": ""Implements a 1:1 ETH/phiETH custom curve pool by intercepting swaps in beforeSwap, converting via the phiEth contract (deposit/withdraw), and settling tokens directly \u2014 bypassing concentrated liquidity entirely. Liquidity addition is permanently blocked."", ""deployer"": """"}"
0xcbd739cad329412a3aea9e6a9484663193d62888,uniswap_hooklist,3,PhiEthHooks,https://raw.githubusercontent.com/Uniswap/hooklist/65ef4121419193a5aad9a493d2f4d9710d2f7653/hooks/base/0xcbd739cad329412a3aea9e6a9484663193d62888.json,"{""name"": ""PhiEthHooks"", ""description"": ""Implements a 1:1 custom swap curve for ETH/phiEth pools, intercepting swaps to deposit or withdraw via phiEth at par value. Blocks all liquidity additions to the pool; swaps are fulfilled entirely through the hook's own ETH\u2194phiEth conversion logic."", ""deployer"": """"}"
0xcca95616da902b39165d85d83fc5babdd532e888,uniswap_hooklist,3,PhiEthHooks,https://raw.githubusercontent.com/Uniswap/hooklist/65ef4121419193a5aad9a493d2f4d9710d2f7653/hooks/base/0xcca95616da902b39165d85d83fc5babdd532e888.json,"{""name"": ""PhiEthHooks"", ""description"": ""Implements a 1:1 custom curve swap between ETH and phiEth tokens by intercepting beforeSwap, taking the input currency from the pool manager, depositing or withdrawing via the phiEth contract, and returning a BeforeSwapDelta that no-ops the concentrated liquidity swap. Adding liquidity to the pool is permanently blocked."", ""deployer"": """"}"
0xcd256a2f4574cb6aca4837313ad225d2fe1de5cf,uniswap_hooklist,3,AngstromL2,https://raw.githubusercontent.com/Uniswap/hooklist/65ef4121419193a5aad9a493d2f4d9710d2f7653/hooks/base/0xcd256a2f4574cb6aca4837313ad225d2fe1de5cf.json,"{""name"": ""AngstromL2"", ""description"": ""A Uniswap v4 hook for ETH-paired pools that applies MEV-based swap taxes (scaled to gas priority fee) and protocol/creator swap fees, distributes rewards to in-range LPs via tick-based accounting, charges a JIT liquidity MEV tax on adds/removes, and supports a withdraw-only emergency mode controlled by an external factory owner."", ""deployer"": """"}"
0xcd2c185f66ecf9c5860465675be9d8ec86902888,uniswap_hooklist,3,PhiEthHooks,https://raw.githubusercontent.com/Uniswap/hooklist/65ef4121419193a5aad9a493d2f4d9710d2f7653/hooks/base/0xcd2c185f66ecf9c5860465675be9d8ec86902888.json,"{""name"": ""PhiEthHooks"", ""description"": ""A custom-curve hook that implements 1:1 ETH\u2194phiETH swaps by taking tokens from the pool manager, calling phiETH deposit/withdraw, and settling back \u2014 bypassing concentrated liquidity entirely. Blocks all direct liquidity additions and restricts pools to ETH/phiETH pairs with zero fee."", ""deployer"": """"}"
0xcd6822f6373bd730b71c69ee3af96214e86280c4,uniswap_hooklist,3,DynamicStableFeeHook,https://raw.githubusercontent.com/Uniswap/hooklist/65ef4121419193a5aad9a493d2f4d9710d2f7653/hooks/base/0xcd6822f6373bd730b71c69ee3af96214e86280c4.json,"{""name"": ""DynamicStableFeeHook"", ""description"": ""Dynamic-fee hook for a single Uniswap v4 pool that overrides LP fees per-swap via lpFeeOverride and collects a separate hook fee from the unspecified swap currency, sending it directly to a configurable fee recipient. Total fees (LP + hook) are capped on-chain at 300 pips (0.03%) and can be paused by the owner."", ""deployer"": ""0x8eba552Ae7Ecc746E0A41Ca824A6494fa04cFa89""}"
0xcd9084f95c30b2db1280e8f71fbc25e875ad2888,uniswap_hooklist,3,PhiEthHooks,https://raw.githubusercontent.com/Uniswap/hooklist/65ef4121419193a5aad9a493d2f4d9710d2f7653/hooks/base/0xcd9084f95c30b2db1280e8f71fbc25e875ad2888.json,"{""name"": ""PhiEthHooks"", ""description"": ""A custom-curve hook that enables 1:1 ETH\u2194phiEth swaps by intercepting all swaps in beforeSwap, taking the input token, converting via the phiEth contract (deposit/withdraw), and settling the output \u2014 bypassing the pool's concentrated liquidity entirely. Liquidity addition is permanently blocked."", ""deployer"": """"}"
0xcd9d7419adc6e919516038ca49fc2cc1162b2888,uniswap_hooklist,3,PhiEthHooks,https://raw.githubusercontent.com/Uniswap/hooklist/65ef4121419193a5aad9a493d2f4d9710d2f7653/hooks/base/0xcd9d7419adc6e919516038ca49fc2cc1162b2888.json,"{""name"": ""PhiEthHooks"", ""description"": ""Implements a 1:1 ETH\u27faphiEth custom swap curve using beforeSwapReturnsDelta \u2014 takes input from the pool manager, converts via phiEth deposit/withdraw, settles the output, and no-ops the concentrated liquidity swap. Prevents direct liquidity addition to the pool."", ""deployer"": """"}"
0xcdc786b7db44d6877e7e0adbeb045f23982ee888,uniswap_hooklist,3,PhiEthHooks,https://raw.githubusercontent.com/Uniswap/hooklist/65ef4121419193a5aad9a493d2f4d9710d2f7653/hooks/base/0xcdc786b7db44d6877e7e0adbeb045f23982ee888.json,"{""name"": ""PhiEthHooks"", ""description"": ""Implements a 1:1 custom-curve swap between ETH and phiEth (a wrapped ETH token) using beforeSwapReturnsDelta to fully handle swaps without LP liquidity. Liquidity addition to the pool is permanently blocked via revert in beforeAddLiquidity."", ""deployer"": """"}"
0xcee5dc1bdc5f51694b5fa5a33c4e2e4eb8866888,uniswap_hooklist,3,PhiEthHooks,https://raw.githubusercontent.com/Uniswap/hooklist/65ef4121419193a5aad9a493d2f4d9710d2f7653/hooks/base/0xcee5dc1bdc5f51694b5fa5a33c4e2e4eb8866888.json,"{""name"": ""PhiEthHooks"", ""description"": ""A 1:1 ETH/phiEth swap hook implementing a custom constant-sum curve: it takes the full input, wraps or unwraps ETH via the phiEth contract, settles the full output, and returns a BeforeSwapDelta to bypass the concentrated liquidity engine. Liquidity additions to the pool are blocked."", ""deployer"": """"}"
0xd0f3318c14f36f9338b0cc7e73c7f81da8992888,uniswap_hooklist,3,PhiEthHooks,https://raw.githubusercontent.com/Uniswap/hooklist/65ef4121419193a5aad9a493d2f4d9710d2f7653/hooks/base/0xd0f3318c14f36f9338b0cc7e73c7f81da8992888.json,"{""name"": ""PhiEthHooks"", ""description"": ""Implements a 1:1 ETH\u2194phiEth custom swap curve, bypassing concentrated liquidity via beforeSwapReturnsDelta. On each swap it takes the input from the PoolManager, wraps or unwraps ETH via the phiEth contract, and settles the output \u2014 effectively an on-chain ETH wrapper as a v4 hook. Direct liquidity addition to the pool is blocked."", ""deployer"": """"}"
0xd0f68218a72ddcbaa74f932439f827127ba52888,uniswap_hooklist,3,PhiEthHooks,https://raw.githubusercontent.com/Uniswap/hooklist/65ef4121419193a5aad9a493d2f4d9710d2f7653/hooks/base/0xd0f68218a72ddcbaa74f932439f827127ba52888.json,"{""name"": ""PhiEthHooks"", ""description"": ""A custom-curve hook implementing 1:1 ETH/phiEth swaps. On each swap, it takes the input from the PoolManager, calls phiEth.deposit() or phiEth.withdraw() to convert between ETH and phiEth, then settles the output \u2014 bypassing concentrated liquidity entirely. Direct liquidity addition is blocked."", ""deployer"": """"}"
0xd1425c4dbe7156122bb4801128bd4f1ec31740cc,uniswap_hooklist,3,PVTWethTaxHook,https://raw.githubusercontent.com/Uniswap/hooklist/65ef4121419193a5aad9a493d2f4d9710d2f7653/hooks/base/0xd1425c4dbe7156122bb4801128bd4f1ec31740cc.json,"{""name"": ""PVTWethTaxHook"", ""description"": ""Imposes a hardcoded 3% WETH tax on all exact-input swaps in a single canonical PVT/WETH pool, diverting the tax to an immutable fee recipient via beforeSwapReturnsDelta (buys) and afterSwapReturnsDelta (sells). Exact-output swaps are permanently disabled."", ""deployer"": """"}"
0xd262d9008f6fbc5161d62436b9b8c63a5ab2a888,uniswap_hooklist,3,PhiEthHooks,https://raw.githubusercontent.com/Uniswap/hooklist/65ef4121419193a5aad9a493d2f4d9710d2f7653/hooks/base/0xd262d9008f6fbc5161d62436b9b8c63a5ab2a888.json,"{""name"": ""PhiEthHooks"", ""description"": ""A Uniswap v4 hook that implements a 1:1 custom swap curve between ETH and phiEth (an ETH liquid wrapper). Swaps are fulfilled directly via phiEth deposit/withdraw, returning a full BeforeSwapDelta to bypass concentrated liquidity entirely. Liquidity addition is blocked; only ETH/phiEth pool pairs with zero fee are accepted."", ""deployer"": """"}"
0xd397ee896a83d91c2be25608452493cc804de888,uniswap_hooklist,3,PhiEthHooks,https://raw.githubusercontent.com/Uniswap/hooklist/65ef4121419193a5aad9a493d2f4d9710d2f7653/hooks/base/0xd397ee896a83d91c2be25608452493cc804de888.json,"{""name"": ""PhiEthHooks"", ""description"": ""Implements a custom 1:1 exchange between ETH and phiEth (an ETH-wrapper token) by intercepting swaps in beforeSwap: takes input tokens from the PoolManager, converts via phiEth.deposit/withdraw, and settles output \u2014 bypassing concentrated liquidity entirely via BeforeSwapDelta. Blocks all direct liquidity additions and only accepts ETH/phiEth pools with zero fee."", ""deployer"": """"}"
0xd3f70567bbb8ec6dd5dd01d1e712c504ecc42888,uniswap_hooklist,3,PhiEthHooks,https://raw.githubusercontent.com/Uniswap/hooklist/65ef4121419193a5aad9a493d2f4d9710d2f7653/hooks/base/0xd3f70567bbb8ec6dd5dd01d1e712c504ecc42888.json,"{""name"": ""PhiEthHooks"", ""description"": ""A custom-curve hook that enables 1:1 ETH/phiETH swaps by taking pool input, calling phiETH deposit/withdraw to convert, settling output, and returning a BeforeSwapDelta to bypass concentrated liquidity. Liquidity addition is permanently blocked via revert."", ""deployer"": """"}"
0xd52c3dff883cb8246626c19aad3c165d516fe888,uniswap_hooklist,3,PhiEthHooks,https://raw.githubusercontent.com/Uniswap/hooklist/65ef4121419193a5aad9a493d2f4d9710d2f7653/hooks/base/0xd52c3dff883cb8246626c19aad3c165d516fe888.json,"{""name"": ""PhiEthHooks"", ""description"": ""A custom curve hook enabling 1:1 swaps between ETH and phiEth (an ETH-wrapping token). In beforeSwap, it takes input from the PoolManager, calls phiEth.deposit or phiEth.withdraw, settles output, and returns a BeforeSwapDelta that bypasses the AMM entirely. Direct liquidity additions are blocked via beforeAddLiquidity."", ""deployer"": """"}"
0xd577f945b6025ce1e60ac1a82f2ee8ff3fb428c4,uniswap_hooklist,3,ArtacleIndexHook,https://raw.githubusercontent.com/Uniswap/hooklist/65ef4121419193a5aad9a493d2f4d9710d2f7653/hooks/base/0xd577f945b6025ce1e60ac1a82f2ee8ff3fb428c4.json,"{""name"": ""ArtacleIndexHook"", ""description"": ""Non-upgradeable hook that enforces a time-decaying anti-snipe fee mechanism on trades. Charges dynamic fees starting at 95% decaying to 10% on buys, 50% then 10% on sells. Fees distributed: 80% to token contract for NFT acquisitions, 10% to admin, 10% to artblocks.io fund."", ""deployer"": """"}"
0xd577f945b6025ce1e60ac1a82f2ee8ff3fb428c4,document,4,Uniswap routing-api allowlist,https://raw.githubusercontent.com/Uniswap/routing-api/main/lib/util/hooksAddressesAllowlist.ts,export const ARTACLE_INDEX_TOKEN_HOOK_ON_BASE = '0xd577f945b6025ce1e60ac1a82f2ee8ff3fb428c4'
0xd5d2282702d0539eb3885d11905c55646ee86888,uniswap_hooklist,3,PhiEthHooks,https://raw.githubusercontent.com/Uniswap/hooklist/65ef4121419193a5aad9a493d2f4d9710d2f7653/hooks/base/0xd5d2282702d0539eb3885d11905c55646ee86888.json,"{""name"": ""PhiEthHooks"", ""description"": ""Implements a custom 1:1 swap curve between ETH and phiEth using beforeSwapReturnsDelta. On each swap, the hook takes the full input from the pool manager, converts via phiEth.deposit()/withdraw(), and settles the output directly, bypassing the AMM. Direct liquidity addition is blocked; pool fee must be zero."", ""deployer"": """"}"
0xd60b5fe86350db7a84d128bd8bf4dd152825a888,uniswap_hooklist,3,PhiEthHooks,https://raw.githubusercontent.com/Uniswap/hooklist/65ef4121419193a5aad9a493d2f4d9710d2f7653/hooks/base/0xd60b5fe86350db7a84d128bd8bf4dd152825a888.json,"{""name"": ""PhiEthHooks"", ""description"": ""A 1:1 ETH\u2194phiEth swap hook that implements a custom constant-price curve via beforeSwap: it takes the input token from the PoolManager, converts between ETH and phiEth using the phiEth contract, and settles the output directly, bypassing the concentrated liquidity AMM. Liquidity addition is permanently blocked."", ""deployer"": """"}"
0xd69cb2d99ed925e3ffc8fa3ba3c127637f71e888,uniswap_hooklist,3,PhiEthHooks,https://raw.githubusercontent.com/Uniswap/hooklist/65ef4121419193a5aad9a493d2f4d9710d2f7653/hooks/base/0xd69cb2d99ed925e3ffc8fa3ba3c127637f71e888.json,"{""name"": ""PhiEthHooks"", ""description"": ""A custom-curve hook implementing 1:1 ETH\u2194phiEth swaps. On each swap, it takes the full input from the PoolManager, wraps or unwraps ETH via the phiEth contract, and settles the output back, returning a BeforeSwapDelta to bypass the concentrated liquidity curve entirely. Liquidity addition is permanently blocked."", ""deployer"": """"}"
0xd6daff7c37ab0165c0df6a7dfc9ae5a0d1072888,uniswap_hooklist,3,PhiEthHooks,https://raw.githubusercontent.com/Uniswap/hooklist/65ef4121419193a5aad9a493d2f4d9710d2f7653/hooks/base/0xd6daff7c37ab0165c0df6a7dfc9ae5a0d1072888.json,"{""name"": ""PhiEthHooks"", ""description"": ""A custom-curve hook that implements 1:1 swapping between ETH and phiEth (an ETH-backed wrapper token). It intercepts swaps via beforeSwap to take the input, convert it through phiEth deposit/withdraw, and settle the output, bypassing the concentrated liquidity pool. Liquidity additions are blocked."", ""deployer"": """"}"
0xd73339564ac99f3e09b0ebc80603ff8b796500c0,document,4,Uniswap routing-api allowlist,https://raw.githubusercontent.com/Uniswap/routing-api/main/lib/util/hooksAddressesAllowlist.ts,export const LIMIT_ORDER_HOOKS_ADDRESS_ON_ARBITRUM = '0xd73339564ac99f3e09b0ebc80603ff8b796500c0'
0xd77018caa870609b726f0fc2940e7238301d6888,uniswap_hooklist,3,PhiEthHooks,https://raw.githubusercontent.com/Uniswap/hooklist/65ef4121419193a5aad9a493d2f4d9710d2f7653/hooks/base/0xd77018caa870609b726f0fc2940e7238301d6888.json,"{""name"": ""PhiEthHooks"", ""description"": ""A custom-curve hook implementing 1:1 ETH\u2194phiEth swaps. In beforeSwap, it takes the input token from the PoolManager, converts via phiEth.deposit/withdraw, settles the output, and returns a delta that no-ops the concentrated liquidity swap. Direct liquidity addition to the pool is permanently blocked."", ""deployer"": """"}"
0xd78ee99691f1358ef48d45eb7388e831ad1c2888,uniswap_hooklist,3,PhiEthHooks,https://raw.githubusercontent.com/Uniswap/hooklist/65ef4121419193a5aad9a493d2f4d9710d2f7653/hooks/base/0xd78ee99691f1358ef48d45eb7388e831ad1c2888.json,"{""name"": ""PhiEthHooks"", ""description"": ""Implements a 1:1 ETH \u2194 phiETH swap via a custom constant-price curve, bypassing concentrated liquidity entirely. Blocks all direct liquidity additions and enforces that pools use only the ETH/phiETH pair with a zero fee."", ""deployer"": """"}"
0xd7927869d6b681598fed307320bfc8c62e7f2888,uniswap_hooklist,3,PhiEthHooks,https://raw.githubusercontent.com/Uniswap/hooklist/65ef4121419193a5aad9a493d2f4d9710d2f7653/hooks/base/0xd7927869d6b681598fed307320bfc8c62e7f2888.json,"{""name"": ""PhiEthHooks"", ""description"": ""A custom-curve hook for phiEth/ETH pools that implements 1:1 swaps between ETH and phiEth by intercepting beforeSwap, directly depositing/withdrawing through the phiEth contract, and returning a BeforeSwapDelta to bypass concentrated liquidity. Liquidity addition is blocked; only ETH/phiEth pairs with zero fee are permitted."", ""deployer"": """"}"
0xd7f9f611e6076d41bba32622414eb3a94d3aa888,uniswap_hooklist,3,PhiEthHooks,https://raw.githubusercontent.com/Uniswap/hooklist/65ef4121419193a5aad9a493d2f4d9710d2f7653/hooks/base/0xd7f9f611e6076d41bba32622414eb3a94d3aa888.json,"{""name"": ""PhiEthHooks"", ""description"": ""A custom-curve hook implementing 1:1 ETH\u2194phiEth swapping: intercepts beforeSwap, takes input from PoolManager, converts through the phiEth contract (deposit/withdraw), and settles the output directly without using AMM liquidity. Liquidity additions to the pool are permanently blocked."", ""deployer"": """"}"
0xd8094e720f00db03ae91cdc7bb5f75e5f8c3a888,uniswap_hooklist,3,PhiEthHooks,https://raw.githubusercontent.com/Uniswap/hooklist/65ef4121419193a5aad9a493d2f4d9710d2f7653/hooks/base/0xd8094e720f00db03ae91cdc7bb5f75e5f8c3a888.json,"{""name"": ""PhiEthHooks"", ""description"": ""Implements a 1:1 ETH\u2194phiEth custom swap curve using beforeSwapReturnsDelta, minting phiEth on ETH-in swaps and burning it on phiEth-in swaps. Completely bypasses the concentrated liquidity AMM and blocks all direct liquidity additions to the pool."", ""deployer"": """"}"
0xd824dfe00abaec8b40e19fd2aae329c00a782888,uniswap_hooklist,3,PhiEthHooks,https://raw.githubusercontent.com/Uniswap/hooklist/65ef4121419193a5aad9a493d2f4d9710d2f7653/hooks/base/0xd824dfe00abaec8b40e19fd2aae329c00a782888.json,"{""name"": ""PhiEthHooks"", ""description"": ""Implements a custom 1:1 ETH/phiETH swap curve by intercepting swaps in beforeSwap: takes input from the PoolManager, mints or burns phiETH via deposit/withdraw, settles the output directly, and returns a delta that fully bypasses concentrated liquidity. Liquidity addition is permanently blocked."", ""deployer"": """"}"
0xd915fa4268c3152188dd434f21076eb04e40e888,uniswap_hooklist,3,PhiEthHooks,https://raw.githubusercontent.com/Uniswap/hooklist/65ef4121419193a5aad9a493d2f4d9710d2f7653/hooks/base/0xd915fa4268c3152188dd434f21076eb04e40e888.json,"{""name"": ""PhiEthHooks"", ""description"": ""Implements a 1:1 ETH \u2194 phiEth swap hook using a custom curve that bypasses concentrated liquidity entirely, minting/burning phiEth via deposit/withdraw inside beforeSwap. Liquidity addition to the pool is permanently blocked."", ""deployer"": """"}"
0xd93e5de7eccd5707de768b1f90c67650ef9ce888,uniswap_hooklist,3,PhiEthHooks,https://raw.githubusercontent.com/Uniswap/hooklist/65ef4121419193a5aad9a493d2f4d9710d2f7653/hooks/base/0xd93e5de7eccd5707de768b1f90c67650ef9ce888.json,"{""name"": ""PhiEthHooks"", ""description"": ""A 1:1 ETH/phiEth swap hook that implements a custom constant-price curve, bypassing the concentrated liquidity AMM. Intercepts swaps to deposit or withdraw phiEth tokens at par via beforeSwapReturnsDelta, blocks all direct liquidity additions, and restricts pool initialization to ETH/phiEth zero-fee pairs."", ""deployer"": """"}"
0xd9ad20cfe3ed401b71f6ef1f30801233c46a6888,uniswap_hooklist,3,PhiEthHooks,https://raw.githubusercontent.com/Uniswap/hooklist/65ef4121419193a5aad9a493d2f4d9710d2f7653/hooks/base/0xd9ad20cfe3ed401b71f6ef1f30801233c46a6888.json,"{""name"": ""PhiEthHooks"", ""description"": ""Implements a 1:1 custom swap curve between ETH and phiEth (an ETH-wrapper token) by intercepting swaps in beforeSwap, routing through phiEth.deposit()/phiEth.withdraw(), and returning a full BeforeSwapDelta to bypass AMM pricing entirely. Direct liquidity additions are blocked via beforeAddLiquidity revert."", ""deployer"": """"}"
0xdaa7b981db47137df20e8a2759c7736f228ba888,uniswap_hooklist,3,PhiEthHooks,https://raw.githubusercontent.com/Uniswap/hooklist/65ef4121419193a5aad9a493d2f4d9710d2f7653/hooks/base/0xdaa7b981db47137df20e8a2759c7736f228ba888.json,"{""name"": ""PhiEthHooks"", ""description"": ""Implements a custom 1:1 swap curve between ETH and phiEth (a 1:1 ETH-wrapping token), routing swaps through phiEth deposit/withdraw calls. Blocks direct liquidity addition to the pool."", ""deployer"": """"}"
0xdf92e6e503fb49d76e1bd96af926c7283bb62888,uniswap_hooklist,3,PhiEthHooks,https://raw.githubusercontent.com/Uniswap/hooklist/65ef4121419193a5aad9a493d2f4d9710d2f7653/hooks/base/0xdf92e6e503fb49d76e1bd96af926c7283bb62888.json,"{""name"": ""PhiEthHooks"", ""description"": ""A custom-curve hook implementing 1:1 swaps between ETH and phiEth (an ETH wrapper token). It intercepts the full swap amount in beforeSwap via BeforeSwapDelta, converting via phiEth.deposit()/withdraw(), while blocking all direct liquidity additions and restricting pools to ETH/phiEth pairs with zero fee."", ""deployer"": """"}"
0xdfa547eed13d49a870b6e05edf93c7d94d6da888,uniswap_hooklist,3,PhiEthHooks,https://raw.githubusercontent.com/Uniswap/hooklist/65ef4121419193a5aad9a493d2f4d9710d2f7653/hooks/base/0xdfa547eed13d49a870b6e05edf93c7d94d6da888.json,"{""name"": ""PhiEthHooks"", ""description"": ""Implements a 1:1 custom swap curve between ETH and phiEth (a 1:1 ETH wrapper) using beforeSwapReturnsDelta to fully handle swaps in the hook, bypassing concentrated liquidity. Liquidity additions are blocked via beforeAddLiquidity revert; only the ETH/phiEth pair with zero fee may use this hook."", ""deployer"": """"}"
0xe0e522e5888e398d9e5d4d90a48c489425cb2888,uniswap_hooklist,3,sETH Hook,https://raw.githubusercontent.com/Uniswap/hooklist/65ef4121419193a5aad9a493d2f4d9710d2f7653/hooks/base/0xe0e522e5888e398d9e5d4d90a48c489425cb2888.json,"{""name"": ""sETH Hook"", ""description"": ""A Uniswap v4 hook that wraps and unwraps Superfluid's native asset SuperToken (SETH/ETHx) at a 1:1 ratio. It intercepts swaps via `beforeSwap` to perform ETH\u2192ETHx wrapping or ETHx\u2192ETH downgrading directly, returning a `BeforeSwapDelta` to handle pool accounting. Direct liquidity operations are blocked."", ""deployer"": """"}"
0xe19f4ee5038205ec171d5e9a79636ef730bbe888,uniswap_hooklist,3,PhiEthHooks,https://raw.githubusercontent.com/Uniswap/hooklist/65ef4121419193a5aad9a493d2f4d9710d2f7653/hooks/base/0xe19f4ee5038205ec171d5e9a79636ef730bbe888.json,"{""name"": ""PhiEthHooks"", ""description"": ""A custom-curve hook implementing 1:1 ETH/phiEth swaps by consuming the full swap amount in beforeSwap, converting via phiEth.deposit or phiEth.withdraw, and settling directly with the PoolManager. Liquidity additions to the pool are permanently blocked."", ""deployer"": """"}"
0xe1c777a172386acd4814bfd2b0605ebccf3be888,uniswap_hooklist,3,PhiEthHooks,https://raw.githubusercontent.com/Uniswap/hooklist/65ef4121419193a5aad9a493d2f4d9710d2f7653/hooks/base/0xe1c777a172386acd4814bfd2b0605ebccf3be888.json,"{""name"": ""PhiEthHooks"", ""description"": ""A custom-curve hook that enables 1:1 swapping between ETH and phiEth at zero fee. In beforeSwap, the hook takes the input token, deposits or withdraws from the phiEth contract, and settles the output \u2014 fully replacing the AMM execution. Liquidity cannot be added to the pool directly."", ""deployer"": """"}"
0xe1ebb470c5c095521d6cf4334b06c9f061e5e888,uniswap_hooklist,3,PhiEthHooks,https://raw.githubusercontent.com/Uniswap/hooklist/65ef4121419193a5aad9a493d2f4d9710d2f7653/hooks/base/0xe1ebb470c5c095521d6cf4334b06c9f061e5e888.json,"{""name"": ""PhiEthHooks"", ""description"": ""Implements a 1:1 custom swap curve for ETH\u2194phiETH pools, bypassing concentrated liquidity by taking input tokens and calling phiEth.deposit/withdraw to produce output. Prevents direct liquidity addition to the pool."", ""deployer"": """"}"
0xe2257be3ac33db3810cf5956d0bda0c5d793e888,uniswap_hooklist,3,PhiEthHooks,https://raw.githubusercontent.com/Uniswap/hooklist/65ef4121419193a5aad9a493d2f4d9710d2f7653/hooks/base/0xe2257be3ac33db3810cf5956d0bda0c5d793e888.json,"{""name"": ""PhiEthHooks"", ""description"": ""Implements a 1:1 ETH/phiEth custom swap curve by intercepting swaps in beforeSwap, wrapping or unwrapping ETH via the phiEth contract, and settling with the PoolManager using beforeSwapReturnsDelta to bypass concentrated liquidity. Liquidity addition to the pool is blocked entirely."", ""deployer"": """"}"
0xe483e82c4d6562ddf15a2bdf62c3792fe152e888,uniswap_hooklist,3,PhiEthHooks,https://raw.githubusercontent.com/Uniswap/hooklist/65ef4121419193a5aad9a493d2f4d9710d2f7653/hooks/base/0xe483e82c4d6562ddf15a2bdf62c3792fe152e888.json,"{""name"": ""PhiEthHooks"", ""description"": ""A custom-curve hook that enables 1:1 swaps between ETH and phiEth (an ETH-backed wrapper token). beforeSwap intercepts every swap, takes the full input from PoolManager, converts it via phiEth deposit/withdraw, and settles the output \u2014 bypassing concentrated liquidity entirely via beforeSwapReturnsDelta. Liquidity additions to the pool are permanently blocked."", ""deployer"": """"}"
0xe491caf8e7877d279ab9a9fe58bb0fe6b8775000,uniswap_hooklist,3,ProjectHook,https://raw.githubusercontent.com/Uniswap/hooklist/65ef4121419193a5aad9a493d2f4d9710d2f7653/hooks/base/0xe491caf8e7877d279ab9a9fe58bb0fe6b8775000.json,"{""name"": ""ProjectHook"", ""description"": ""A registry hook that stores project metadata (website URL and X/Twitter address) for tokens paired with native ETH. Pools can only be initialized if the token was pre-registered by the owner; the metadata is then stored per pool and emitted as an event."", ""deployer"": """"}"
0xe5a4f1961bb0d9b3f0e86b5dea6d929240102088,uniswap_hooklist,3,MoonpotHook,https://raw.githubusercontent.com/Uniswap/hooklist/65ef4121419193a5aad9a493d2f4d9710d2f7653/hooks/base/0xe5a4f1961bb0d9b3f0e86b5dea6d929240102088.json,"{""name"": ""MoonpotHook"", ""description"": ""A price-floor hook for a TMP/USDC pool that applies dynamic sell fees scaled by distance above a configurable floor tick, burns any TMP sold beyond a per-swap maximum, and allows a manager to inject protocol liquidity into the pool."", ""deployer"": """"}"
0xe5d1a9ceb14b505b230115213f1ed277b48a7acc,uniswap_hooklist,3,V4rcade Fee Hook,https://raw.githubusercontent.com/Uniswap/hooklist/65ef4121419193a5aad9a493d2f4d9710d2f7653/hooks/base/0xe5d1a9ceb14b505b230115213f1ed277b48a7acc.json,"{""name"": ""V4rcade Fee Hook"", ""description"": ""Fee hook for the V4rcade platform. Charges an LP fee on swaps that can only be lowered (FeeCanOnlyGoDown), supports signer-authorized fee vouchers redeemed during beforeSwap, and blocks external liquidity provision. Owner-controlled via Ownable2Step with a settable signer and trusted forwarder."", ""deployer"": """"}"
0xe65433afc27f67e7946a0549a5ba0904e034e888,uniswap_hooklist,3,PhiEthHooks,https://raw.githubusercontent.com/Uniswap/hooklist/65ef4121419193a5aad9a493d2f4d9710d2f7653/hooks/base/0xe65433afc27f67e7946a0549a5ba0904e034e888.json,"{""name"": ""PhiEthHooks"", ""description"": ""Implements a 1:1 custom curve for ETH/phiEth swaps: beforeSwap takes the input from the PoolManager, calls phiEth.deposit() or phiEth.withdraw() to convert, then settles the output \u2014 fully bypassing concentrated liquidity. Direct liquidity additions are blocked via beforeAddLiquidity."", ""deployer"": """"}"
0xe6d9a49425cdd6603bca9e9caa4d9c53b048e888,uniswap_hooklist,3,PhiEthHooks,https://raw.githubusercontent.com/Uniswap/hooklist/65ef4121419193a5aad9a493d2f4d9710d2f7653/hooks/base/0xe6d9a49425cdd6603bca9e9caa4d9c53b048e888.json,"{""name"": ""PhiEthHooks"", ""description"": ""Implements a 1:1 ETH/phiEth custom-curve hook that fulfills swaps by calling phiEth.deposit or phiEth.withdraw, returning a BeforeSwapDelta to no-op the pool's concentrated liquidity math. Enforces ETH/phiEth pairs with zero fee at initialization and blocks all direct liquidity additions."", ""deployer"": """"}"
0xe6f4bf77a36282e6c1f11f5493df74a9a06a8088,uniswap_hooklist,3,P2Hook,https://raw.githubusercontent.com/Uniswap/hooklist/65ef4121419193a5aad9a493d2f4d9710d2f7653/hooks/base/0xe6f4bf77a36282e6c1f11f5493df74a9a06a8088.json,"{""name"": ""P2Hook"", ""description"": ""A swap-tax hook for the $P2/WETH pool on Base that deducts a 5% tax on each swap's input amount via beforeSwap delta. WETH taxes are split 40/40/20 to buyback, claim pool (lottery), and ops wallets; $P2 taxes go entirely to a buyback vault for burning. Certain addresses can be excluded from tax by the owner."", ""deployer"": """"}"
0xe7139536a31af51c78909e5cd0ec8e5e436aa888,uniswap_hooklist,3,PhiEthHooks,https://raw.githubusercontent.com/Uniswap/hooklist/65ef4121419193a5aad9a493d2f4d9710d2f7653/hooks/base/0xe7139536a31af51c78909e5cd0ec8e5e436aa888.json,"{""name"": ""PhiEthHooks"", ""description"": ""Implements a 1:1 ETH/phiEth custom swap curve entirely in beforeSwap via phiEth.deposit()/withdraw(), bypassing concentrated liquidity. Restricts initialization to ETH/phiEth zero-fee pools and reverts on any direct liquidity addition."", ""deployer"": """"}"
0xe8b82afb3c4d8167b375d985209d49ef35b58040,uniswap_hooklist,3,FeeCollectHook,https://raw.githubusercontent.com/Uniswap/hooklist/65ef4121419193a5aad9a493d2f4d9710d2f7653/hooks/base/0xe8b82afb3c4d8167b375d985209d49ef35b58040.json,"{""name"": ""FeeCollectHook"", ""description"": ""An afterSwap hook that tracks per-LP-token trade counts for authorized pools, designed to trigger fee collection on an external LeveragedLPManager contract after each swap. The actual fee processing call is currently commented out, making the hook effectively a trade counter and event emitter only."", ""deployer"": """"}"
0xe98335d8323287a1ae19603056942b874507a888,uniswap_hooklist,3,PhiEthHooks,https://raw.githubusercontent.com/Uniswap/hooklist/65ef4121419193a5aad9a493d2f4d9710d2f7653/hooks/base/0xe98335d8323287a1ae19603056942b874507a888.json,"{""name"": ""PhiEthHooks"", ""description"": ""A custom-curve hook that enables 1:1 swapping between ETH and phiEth (a wrapped ETH token). It intercepts beforeSwap, takes the input token, calls phiEth.deposit()/phiEth.withdraw() to convert, and settles the output directly \u2014 bypassing concentrated liquidity. Liquidity addition is permanently blocked."", ""deployer"": """"}"
0xea8380ffe39c47c5bac3dd76c1121f989f1d6888,uniswap_hooklist,3,PhiEthHooks,https://raw.githubusercontent.com/Uniswap/hooklist/65ef4121419193a5aad9a493d2f4d9710d2f7653/hooks/base/0xea8380ffe39c47c5bac3dd76c1121f989f1d6888.json,"{""name"": ""PhiEthHooks"", ""description"": ""A custom-curve hook for a phiEth/ETH pool that swaps ETH and phiEth 1:1 by depositing or withdrawing via the phiEth contract and returning a full BeforeSwapDelta to bypass concentrated liquidity. Adding liquidity directly to the pool is blocked; only the ETH/phiEth pair with zero fee is permitted."", ""deployer"": """"}"
0xed515724f8686e83cabb8544e3c6170151bde888,uniswap_hooklist,3,PhiEthHooks,https://raw.githubusercontent.com/Uniswap/hooklist/65ef4121419193a5aad9a493d2f4d9710d2f7653/hooks/base/0xed515724f8686e83cabb8544e3c6170151bde888.json,"{""name"": ""PhiEthHooks"", ""description"": ""Implements a 1:1 ETH\u2194phiEth custom-curve swap by minting or burning phiEth (an ETH wrapper) directly in beforeSwap, bypassing concentrated liquidity entirely. Liquidity additions are permanently blocked via beforeAddLiquidity revert."", ""deployer"": """"}"
0xee25b897e9704d2ffef274f2118eca44b7f2e888,uniswap_hooklist,3,PhiEthHooks,https://raw.githubusercontent.com/Uniswap/hooklist/65ef4121419193a5aad9a493d2f4d9710d2f7653/hooks/base/0xee25b897e9704d2ffef274f2118eca44b7f2e888.json,"{""name"": ""PhiEthHooks"", ""description"": ""Custom-curve hook for a 1:1 ETH/phiETH pool that intercepts all swaps to mint or burn phiETH via the wrapper contract, blocks direct liquidity provision, and restricts pool initialization to zero-fee ETH/phiETH pairs only."", ""deployer"": """"}"
0xee4781babc0a0296968f25892a377b9d35b9e888,uniswap_hooklist,3,PhiEthHooks,https://raw.githubusercontent.com/Uniswap/hooklist/65ef4121419193a5aad9a493d2f4d9710d2f7653/hooks/base/0xee4781babc0a0296968f25892a377b9d35b9e888.json,"{""name"": ""PhiEthHooks"", ""description"": ""Implements a 1:1 custom curve swap between ETH and phiEth (a wrapped ETH token) by intercepting beforeSwap, minting or burning phiEth directly, and returning a full BeforeSwapDelta to bypass concentrated liquidity. Liquidity additions are blocked; only ETH/phiEth zero-fee pools may use this hook."", ""deployer"": """"}"
0xefa2b855a476b947a4c497893ecc727a60972888,uniswap_hooklist,3,PhiEthHooks,https://raw.githubusercontent.com/Uniswap/hooklist/65ef4121419193a5aad9a493d2f4d9710d2f7653/hooks/base/0xefa2b855a476b947a4c497893ecc727a60972888.json,"{""name"": ""PhiEthHooks"", ""description"": ""Implements a 1:1 constant-price swap between ETH and phiEth via a custom curve using beforeSwap delta returns. On each swap, the hook takes the input from the pool manager, mints or burns phiEth accordingly, and settles the output \u2014 bypassing concentrated liquidity entirely. Direct liquidity addition is blocked."", ""deployer"": """"}"
0xf001cf7c51d873d8c78f7dd9736e6259e753e888,uniswap_hooklist,3,PhiEthHooks,https://raw.githubusercontent.com/Uniswap/hooklist/65ef4121419193a5aad9a493d2f4d9710d2f7653/hooks/base/0xf001cf7c51d873d8c78f7dd9736e6259e753e888.json,"{""name"": ""PhiEthHooks"", ""description"": ""Implements a 1:1 ETH\u2194phiEth swap as a custom curve via beforeSwap. Takes the full input amount, converts between ETH and phiEth using deposit/withdraw, settles the output directly, and returns a BeforeSwapDelta that fully no-ops the concentrated liquidity swap. Liquidity addition is permanently blocked."", ""deployer"": """"}"
0xf02790449310cd5504d2d816863d536965aa2888,uniswap_hooklist,3,PhiEthHooks,https://raw.githubusercontent.com/Uniswap/hooklist/65ef4121419193a5aad9a493d2f4d9710d2f7653/hooks/base/0xf02790449310cd5504d2d816863d536965aa2888.json,"{""name"": ""PhiEthHooks"", ""description"": ""A 1:1 ETH/phiEth custom-curve hook that intercepts swaps via beforeSwap, takes the input currency, converts it using phiEth.deposit() or phiEth.withdraw(), and settles the output directly \u2014 bypassing concentrated liquidity entirely. Liquidity additions to the pool are blocked via beforeAddLiquidity."", ""deployer"": """"}"
0xf03621a7833018277c206649a34c72fef7572888,uniswap_hooklist,3,PhiEthHooks,https://raw.githubusercontent.com/Uniswap/hooklist/65ef4121419193a5aad9a493d2f4d9710d2f7653/hooks/base/0xf03621a7833018277c206649a34c72fef7572888.json,"{""name"": ""PhiEthHooks"", ""description"": ""A custom-curve hook that implements 1:1 ETH/phiEth swaps by taking input from the PoolManager, calling phiEth.deposit() or phiEth.withdraw() to convert, and settling output directly \u2014 bypassing concentrated liquidity entirely. Liquidity additions are blocked via beforeAddLiquidity revert."", ""deployer"": """"}"
0xf0e1699aa95d460e21aaaad9b714777c7a072888,uniswap_hooklist,3,PhiEthHooks,https://raw.githubusercontent.com/Uniswap/hooklist/65ef4121419193a5aad9a493d2f4d9710d2f7653/hooks/base/0xf0e1699aa95d460e21aaaad9b714777c7a072888.json,"{""name"": ""PhiEthHooks"", ""description"": ""Implements a 1:1 ETH-to-phiEth custom swap curve: beforeSwap takes the full input, calls phiEth.deposit() or phiEth.withdraw() to convert, then settles the equivalent output. Direct liquidity additions are permanently blocked via beforeAddLiquidity revert."", ""deployer"": """"}"
0xf1028e362866c63c737e44a590dfc5af4147e888,uniswap_hooklist,3,PhiEthHooks,https://raw.githubusercontent.com/Uniswap/hooklist/65ef4121419193a5aad9a493d2f4d9710d2f7653/hooks/base/0xf1028e362866c63c737e44a590dfc5af4147e888.json,"{""name"": ""PhiEthHooks"", ""description"": ""Implements a 1:1 ETH/phiEth custom swap curve using beforeSwap delta returns, wrapping/unwrapping ETH via the phiEth contract. Blocks direct liquidity addition to the pool and enforces a zero fee with an ETH/phiEth-only pair constraint."", ""deployer"": """"}"
0xf2ea8880d1ecb9b8fe5ef13a8c1f5f6195736888,uniswap_hooklist,3,PhiEthHooks,https://raw.githubusercontent.com/Uniswap/hooklist/65ef4121419193a5aad9a493d2f4d9710d2f7653/hooks/base/0xf2ea8880d1ecb9b8fe5ef13a8c1f5f6195736888.json,"{""name"": ""PhiEthHooks"", ""description"": ""Implements a 1:1 ETH/phiEth swap hook with a custom curve, bypassing concentrated liquidity entirely. Swaps mint or burn phiEth via deposit/withdraw on the phiEth contract; liquidity additions are permanently blocked."", ""deployer"": """"}"
0xf30f437862e66fe274bdb95906ac7a77a2746888,uniswap_hooklist,3,PhiEthHooks,https://raw.githubusercontent.com/Uniswap/hooklist/65ef4121419193a5aad9a493d2f4d9710d2f7653/hooks/base/0xf30f437862e66fe274bdb95906ac7a77a2746888.json,"{""name"": ""PhiEthHooks"", ""description"": ""A custom-curve hook for ETH/phiETH pools that enforces a 1:1 exchange rate: beforeSwap takes the input, calls phiETH deposit or withdraw to convert it, then settles the output, bypassing the concentrated liquidity mechanism entirely. Liquidity addition is blocked."", ""deployer"": """"}"
0xf3c5692a695fc8814080c0a7064ee07df9a5a888,uniswap_hooklist,3,PhiEthHooks,https://raw.githubusercontent.com/Uniswap/hooklist/65ef4121419193a5aad9a493d2f4d9710d2f7653/hooks/base/0xf3c5692a695fc8814080c0a7064ee07df9a5a888.json,"{""name"": ""PhiEthHooks"", ""description"": ""A custom-curve hook that enables 1:1 swaps between ETH and phiEth (a wrapped ETH token) by intercepting beforeSwap, taking the full input from the PoolManager, calling phiEth.deposit/withdraw to convert, and settling the output directly \u2014 bypassing concentrated liquidity entirely. Direct liquidity addition to the pool is permanently blocked."", ""deployer"": """"}"
0xf61bb68a2bf0011f2c2b00b6113569aa76da6888,uniswap_hooklist,3,PhiEthHooks,https://raw.githubusercontent.com/Uniswap/hooklist/65ef4121419193a5aad9a493d2f4d9710d2f7653/hooks/base/0xf61bb68a2bf0011f2c2b00b6113569aa76da6888.json,"{""name"": ""PhiEthHooks"", ""description"": ""Implements a 1:1 ETH/phiEth custom curve by intercepting swaps, converting ETH\u2194phiEth via a wrapper contract, and returning a BeforeSwapDelta that no-ops the concentrated liquidity math. Liquidity additions are blocked via a revert in beforeAddLiquidity."", ""deployer"": """"}"
0xf6cb6e68561d2bf92ce61fef937077e2969c4040,uniswap_hooklist,3,FeeCollectHook,https://raw.githubusercontent.com/Uniswap/hooklist/65ef4121419193a5aad9a493d2f4d9710d2f7653/hooks/base/0xf6cb6e68561d2bf92ce61fef937077e2969c4040.json,"{""name"": ""FeeCollectHook"", ""description"": ""Tracks swap activity per registered LP token position on authorized pools by incrementing trade counters in afterSwap. Designed to trigger fee processing via an external LeveragedLPManager contract, though the actual fee collection call is currently commented out."", ""deployer"": """"}"
0xf6cdd0049c706ed104f9b77eb8bf8e294432e888,uniswap_hooklist,3,PhiEthHooks,https://raw.githubusercontent.com/Uniswap/hooklist/65ef4121419193a5aad9a493d2f4d9710d2f7653/hooks/base/0xf6cdd0049c706ed104f9b77eb8bf8e294432e888.json,"{""name"": ""PhiEthHooks"", ""description"": ""Implements a 1:1 ETH\u2194phiEth custom swap curve via beforeSwap: takes the full input amount, converts using phiEth.deposit()/withdraw(), and settles the equivalent output directly to PoolManager via BeforeSwapDelta, bypassing concentrated liquidity. All direct liquidity additions to the pool are blocked."", ""deployer"": """"}"
0xf6d937c06ff26b393dee93c2c853ddd1c112e888,uniswap_hooklist,3,PhiEthHooks,https://raw.githubusercontent.com/Uniswap/hooklist/65ef4121419193a5aad9a493d2f4d9710d2f7653/hooks/base/0xf6d937c06ff26b393dee93c2c853ddd1c112e888.json,"{""name"": ""PhiEthHooks"", ""description"": ""Implements a 1:1 custom swap curve between ETH and phiEth (an ETH-wrapping token), bypassing the AMM entirely via beforeSwapReturnsDelta. Liquidity addition is permanently blocked; only pools with the ETH/phiEth pair and zero fee are accepted."", ""deployer"": """"}"
0xf8ab4697b7de6147d5aa3260d4d96274d4582888,uniswap_hooklist,3,PhiEthHooks,https://raw.githubusercontent.com/Uniswap/hooklist/65ef4121419193a5aad9a493d2f4d9710d2f7653/hooks/base/0xf8ab4697b7de6147d5aa3260d4d96274d4582888.json,"{""name"": ""PhiEthHooks"", ""description"": ""Custom-curve hook for 1:1 ETH/phiEth swaps. In beforeSwap, the hook takes the full input amount, mints or burns phiEth via the phiEth contract, and settles the output\u2014fully bypassing Uniswap's concentrated liquidity. Direct liquidity addition is always blocked."", ""deployer"": """"}"
0xf8d53537b4d8ef5e7da488b1be730783b4902888,uniswap_hooklist,3,PhiEthHooks,https://raw.githubusercontent.com/Uniswap/hooklist/65ef4121419193a5aad9a493d2f4d9710d2f7653/hooks/base/0xf8d53537b4d8ef5e7da488b1be730783b4902888.json,"{""name"": ""PhiEthHooks"", ""description"": ""Custom curve hook that implements 1:1 ETH\u2194phiEth swaps by bypassing the concentrated liquidity AMM. In beforeSwap, it takes the input from the PoolManager, converts via phiEth.deposit()/withdraw(), and settles the output \u2014 returning a full BeforeSwapDelta to no-op the AMM. Liquidity addition is permanently blocked."", ""deployer"": """"}"
0xf909c86a67b28fc70c63ab2b816f924235996888,uniswap_hooklist,3,PhiEthHooks,https://raw.githubusercontent.com/Uniswap/hooklist/65ef4121419193a5aad9a493d2f4d9710d2f7653/hooks/base/0xf909c86a67b28fc70c63ab2b816f924235996888.json,"{""name"": ""PhiEthHooks"", ""description"": ""A custom-curve hook implementing 1:1 ETH/phiEth swaps. In `beforeSwap`, the hook takes the input token, calls `phiEth.deposit` or `phiEth.withdraw` to convert it, then settles the output\u2014bypassing the concentrated liquidity AMM entirely. Adding liquidity is blocked. Pool initialization is restricted to ETH/phiEth pairs with zero fee."", ""deployer"": """"}"
0xf9e39eb8383ea209610d1355d3672be5c1caa888,uniswap_hooklist,3,PhiEthHooks,https://raw.githubusercontent.com/Uniswap/hooklist/65ef4121419193a5aad9a493d2f4d9710d2f7653/hooks/base/0xf9e39eb8383ea209610d1355d3672be5c1caa888.json,"{""name"": ""PhiEthHooks"", ""description"": ""Implements a 1:1 custom swap curve between ETH and phiEth (an ETH wrapper), using beforeSwapReturnsDelta to handle swaps entirely without concentrated liquidity. Liquidity addition is blocked; pool must be initialized with the ETH/phiEth pair at zero fee."", ""deployer"": """"}"
0xfa05f700d0da9b1fa6097a302c700da99c1de888,uniswap_hooklist,3,PhiEthHooks,https://raw.githubusercontent.com/Uniswap/hooklist/65ef4121419193a5aad9a493d2f4d9710d2f7653/hooks/base/0xfa05f700d0da9b1fa6097a302c700da99c1de888.json,"{""name"": ""PhiEthHooks"", ""description"": ""A custom-curve hook that enables 1:1 swaps between ETH and phiEth by intercepting beforeSwap, depositing or withdrawing via the phiEth contract, and returning a full BeforeSwapDelta that bypasses the AMM. Liquidity addition to the pool is permanently blocked."", ""deployer"": """"}"
0xfa08f1fba4c639636b1189d99405bc590baba888,uniswap_hooklist,3,PhiEthHooks,https://raw.githubusercontent.com/Uniswap/hooklist/65ef4121419193a5aad9a493d2f4d9710d2f7653/hooks/base/0xfa08f1fba4c639636b1189d99405bc590baba888.json,"{""name"": ""PhiEthHooks"", ""description"": ""Implements a zero-fee 1:1 ETH/phiEth swap hook using a custom curve via beforeSwapReturnsDelta. On each swap it takes the input from the PoolManager, mints or burns phiEth accordingly, and settles the output \u2014 effectively acting as an on-chain ETH wrapper exchange. Direct liquidity additions to the pool are blocked."", ""deployer"": """"}"
0xfa2d5876e0378b86114aec6c4b60c67f88d3a888,uniswap_hooklist,3,PhiEthHooks,https://raw.githubusercontent.com/Uniswap/hooklist/65ef4121419193a5aad9a493d2f4d9710d2f7653/hooks/base/0xfa2d5876e0378b86114aec6c4b60c67f88d3a888.json,"{""name"": ""PhiEthHooks"", ""description"": ""A custom-curve hook that implements 1:1 swaps between ETH and phiEth by intercepting beforeSwap, converting via phiEth deposit/withdraw, and returning a delta that bypasses concentrated liquidity entirely. Liquidity additions to the pool are permanently blocked."", ""deployer"": """"}"
0xfa490d4fb544cde3cd8527fe23c0bf85a181e888,uniswap_hooklist,3,PhiEthHooks,https://raw.githubusercontent.com/Uniswap/hooklist/65ef4121419193a5aad9a493d2f4d9710d2f7653/hooks/base/0xfa490d4fb544cde3cd8527fe23c0bf85a181e888.json,"{""name"": ""PhiEthHooks"", ""description"": ""A custom-curve hook that implements 1:1 swaps between ETH and phiETH (a 1:1 ETH wrapper token). In beforeSwap, it intercepts swaps by taking input from the PoolManager, calling phiEth.deposit or phiEth.withdraw for conversion, and settling the output \u2014 bypassing concentrated liquidity entirely. Liquidity addition to the pool is permanently blocked."", ""deployer"": """"}"
0xfa7363899bda399f5130b22d6fab459cc004a888,uniswap_hooklist,3,PhiEthHooks,https://raw.githubusercontent.com/Uniswap/hooklist/65ef4121419193a5aad9a493d2f4d9710d2f7653/hooks/base/0xfa7363899bda399f5130b22d6fab459cc004a888.json,"{""name"": ""PhiEthHooks"", ""description"": ""A hook implementing a 1:1 custom curve for ETH/phiEth swaps, bypassing normal AMM pricing. On each swap it takes the input token, converts via phiEth.deposit() or phiEth.withdraw(), and settles output 1:1. Direct liquidity additions to the pool are blocked via beforeAddLiquidity revert."", ""deployer"": """"}"
0xfadd08e80f932ffb810e9e8dd06a710e1616e888,uniswap_hooklist,3,PhiEthHooks,https://raw.githubusercontent.com/Uniswap/hooklist/65ef4121419193a5aad9a493d2f4d9710d2f7653/hooks/base/0xfadd08e80f932ffb810e9e8dd06a710e1616e888.json,"{""name"": ""PhiEthHooks"", ""description"": ""Implements a 1:1 ETH/phiEth swap via a custom curve in beforeSwap: takes the full input, converts ETH\u2194phiEth using phiEth.deposit()/withdraw(), settles the output, and returns a BeforeSwapDelta to bypass the concentrated liquidity swap entirely. Liquidity addition is permanently blocked."", ""deployer"": """"}"
0xfb60fe6c2e1c713ee1a7683dd42707c612b6a888,uniswap_hooklist,3,PhiEthHooks,https://raw.githubusercontent.com/Uniswap/hooklist/65ef4121419193a5aad9a493d2f4d9710d2f7653/hooks/base/0xfb60fe6c2e1c713ee1a7683dd42707c612b6a888.json,"{""name"": ""PhiEthHooks"", ""description"": ""A Uniswap v4 hook that implements a custom 1:1 ETH/phiEth swap curve using beforeSwapReturnsDelta, bypassing AMM price math entirely. It takes the input from the PoolManager, converts via the phiEth contract (deposit or withdraw), and settles the output \u2014 all within beforeSwap. Direct liquidity additions are permanently blocked."", ""deployer"": """"}"
0xfb82010f9b33f3007a789ea815d6c21ce94fe044,uniswap_hooklist,3,NewTknHook,https://raw.githubusercontent.com/Uniswap/hooklist/65ef4121419193a5aad9a493d2f4d9710d2f7653/hooks/base/0xfb82010f9b33f3007a789ea815d6c21ce94fe044.json,"{""name"": ""NewTknHook"", ""description"": ""Uniswap v4 hook for a single ETH/token pool that restricts initialization to one pool and is designed to collect configurable buy/sell fees via afterSwap with a delta return. The fee collection logic is currently commented out, so afterSwap always returns a zero delta."", ""deployer"": """"}"
0xfbdaf542f35adbc5fdc47678aa25fa1a8bdae888,uniswap_hooklist,3,PhiEthHooks,https://raw.githubusercontent.com/Uniswap/hooklist/65ef4121419193a5aad9a493d2f4d9710d2f7653/hooks/base/0xfbdaf542f35adbc5fdc47678aa25fa1a8bdae888.json,"{""name"": ""PhiEthHooks"", ""description"": ""Custom-curve hook enabling 1:1 swaps between ETH and phiEth (a wrapped ETH token). In beforeSwap, it takes the input from the pool manager, mints or burns phiEth via deposit/withdraw, and settles the output\u2014bypassing concentrated liquidity entirely. Liquidity addition is permanently blocked."", ""deployer"": """"}"
0xfc78baf567710d1b2833c6bbb746f7d802e96888,uniswap_hooklist,3,PhiEthHooks,https://raw.githubusercontent.com/Uniswap/hooklist/65ef4121419193a5aad9a493d2f4d9710d2f7653/hooks/base/0xfc78baf567710d1b2833c6bbb746f7d802e96888.json,"{""name"": ""PhiEthHooks"", ""description"": ""Implements a custom 1:1 ETH/phiEth exchange hook that routes swaps through the phiEth wrapper contract (minting phiEth on ETH input, burning on phiEth input), while blocking direct liquidity additions to the pool."", ""deployer"": """"}"
0xfc7f46ac675d312a1acaa96ccacd24e15b6f6888,uniswap_hooklist,3,PhiEthHooks,https://raw.githubusercontent.com/Uniswap/hooklist/65ef4121419193a5aad9a493d2f4d9710d2f7653/hooks/base/0xfc7f46ac675d312a1acaa96ccacd24e15b6f6888.json,"{""name"": ""PhiEthHooks"", ""description"": ""Implements a custom 1:1 curve for swapping between ETH and phiEth (an ETH-wrapper token). On each swap, the hook takes the input via poolManager.take(), converts using phiEth.deposit() or phiEth.withdraw(), and settles the output \u2014 fully bypassing concentrated liquidity. Liquidity additions to the pool always revert."", ""deployer"": """"}"
0xfe22b4ae9e0c7a92a1245399424c5eef9cd2e888,uniswap_hooklist,3,PhiEthHooks,https://raw.githubusercontent.com/Uniswap/hooklist/65ef4121419193a5aad9a493d2f4d9710d2f7653/hooks/base/0xfe22b4ae9e0c7a92a1245399424c5eef9cd2e888.json,"{""name"": ""PhiEthHooks"", ""description"": ""Implements a 1:1 custom AMM curve for ETH/phiEth pools. In beforeSwap, the hook takes the input token from PoolManager, converts ETH\u2194phiEth at a 1:1 rate via the phiEth contract, and settles output \u2014 bypassing concentrated liquidity entirely via BeforeSwapDelta. Liquidity addition is permanently blocked."", ""deployer"": """"}"
0xfe6382b37938030a0be96433eedd89699a49a888,uniswap_hooklist,3,PhiEthHooks,https://raw.githubusercontent.com/Uniswap/hooklist/65ef4121419193a5aad9a493d2f4d9710d2f7653/hooks/base/0xfe6382b37938030a0be96433eedd89699a49a888.json,"{""name"": ""PhiEthHooks"", ""description"": ""A custom-curve hook that implements 1:1 swaps between ETH and phiEth (a wrapped ETH token) by intercepting beforeSwap, taking input from the pool manager, wrapping/unwrapping via phiEth.deposit()/withdraw(), and settling output 1:1. Direct liquidity addition is blocked via beforeAddLiquidity revert."", ""deployer"": """"}"
0xfe6947cd46a7e8f068a6b6ca804fb986feda8040,uniswap_hooklist,3,BpegHook,https://raw.githubusercontent.com/Uniswap/hooklist/65ef4121419193a5aad9a493d2f4d9710d2f7653/hooks/base/0xfe6947cd46a7e8f068a6b6ca804fb986feda8040.json,"{""name"": ""BpegHook"", ""description"": ""An afterSwap hook for the BPEG DN-404 token on Base. After each swap, the hook syncs NFT metadata counts with the user's BPEG token balance using tx.origin to identify the end user. Buying BPEG mints NFT metadata proportional to integer balance. Selling BPEG burns NFT metadata accordingly. vanillaSwap: false"", ""deployer"": ""0x0F5162779F6bfc140B12e7392A7770f839910299""}"
0xfe92de69d2dddcac2f864c4cf84e8ad5e17d2880,uniswap_hooklist,3,LexifiHook,https://raw.githubusercontent.com/Uniswap/hooklist/65ef4121419193a5aad9a493d2f4d9710d2f7653/hooks/base/0xfe92de69d2dddcac2f864c4cf84e8ad5e17d2880.json,"{""name"": ""LexifiHook"", ""description"": ""Compliance-gating hook that enforces per-pool eligibility rules for swaps and liquidity additions. Each pool can be assigned a configurable policy contract that determines user access levels; non-compliant users are denied via revert. Resolves user identity through trusted routers' msgSender(), falling back to the caller address."", ""deployer"": ""0x4122c8b8080c8960F52d3D1cCb3A8d85EFF1f039""}"
0xfedcfd1f3c5253e692de9fe5fb27b55a2d9ea888,uniswap_hooklist,3,PhiEthHooks,https://raw.githubusercontent.com/Uniswap/hooklist/65ef4121419193a5aad9a493d2f4d9710d2f7653/hooks/base/0xfedcfd1f3c5253e692de9fe5fb27b55a2d9ea888.json,"{""name"": ""PhiEthHooks"", ""description"": ""Implements a 1:1 custom-curve swap between ETH and phiEth, a wrapped ETH token. In beforeSwap, the hook takes the input from the pool manager, calls phiEth.deposit() or phiEth.withdraw() to convert, and settles the output, returning a delta that fully bypasses the standard AMM curve. Liquidity additions to the pool are permanently blocked."", ""deployer"": """"}"
0xff0c51085135a0082407c2b6010c871d50a52888,uniswap_hooklist,3,PhiEthHooks,https://raw.githubusercontent.com/Uniswap/hooklist/65ef4121419193a5aad9a493d2f4d9710d2f7653/hooks/base/0xff0c51085135a0082407c2b6010c871d50a52888.json,"{""name"": ""PhiEthHooks"", ""description"": ""A custom-curve hook enabling 1:1 ETH\u2194phiEth swaps with no liquidity. In beforeSwap, it takes the full input from the PoolManager, converts via the phiEth contract (deposit/withdraw), and settles the output with a delta that no-ops the concentrated liquidity swap. Adding liquidity to the pool is permanently blocked."", ""deployer"": """"}"
0xff1f874fdf2859cf2a79d38a831058fe4be4a888,uniswap_hooklist,3,PhiEthHooks,https://raw.githubusercontent.com/Uniswap/hooklist/65ef4121419193a5aad9a493d2f4d9710d2f7653/hooks/base/0xff1f874fdf2859cf2a79d38a831058fe4be4a888.json,"{""name"": ""PhiEthHooks"", ""description"": ""A 1:1 ETH-to-phiEth swap hook that implements a custom curve via beforeSwapReturnsDelta, minting phiEth on ETH deposit or burning phiEth on ETH withdrawal. Liquidity addition is blocked; only phiEth/ETH pools with a zero fee are accepted."", ""deployer"": """"}"
