2026-10-01T04:04:40Z start full rpc https://base-mainnet.public.blastapi.io
2026-10-01T04:04:40Z calls total 1720, cached 12, to fetch 1708
2026-10-01T04:04:41Z rpc item error bal|0x0ce14aeebb7ad6625585979f4c1846946e248e02|XDP|51998288 {"code": 429, "message": "Your app has exceeded its compute units per second capacity. If you have retries enabled, you can safely ignore this message. If not, check out https://docs.alchemy.com/refer
2026-10-01T04:04:41Z rpc item error bal|0x000000c557fa9a96d66cd6371abde62d879d0e61|XDP|51998316 {"code": 429, "message": "Your app has exceeded its compute units per second capacity. If you have retries enabled, you can safely ignore this message. If not, check out https://docs.alchemy.com/refer
2026-10-01T04:04:41Z rpc item error bal|0x000000c557fa9a96d66cd6371abde62d879d0e61|USDC|51998317 {"code": 429, "message": "Your app has exceeded its compute units per second capacity. If you have retries enabled, you can safely ignore this message. If not, check out https://docs.alchemy.com/refer
2026-10-01T04:04:42Z batches done 10/69
2026-10-01T04:04:43Z rpc item error bal|0x0ce14aeebb7ad6625585979f4c1846946e248e02|WETH|51998731 {"code": 429, "message": "Your app has exceeded its compute units per second capacity. If you have retries enabled, you can safely ignore this message. If not, check out https://docs.alchemy.com/refer
2026-10-01T04:04:43Z rpc item error bal|0x0ce14aeebb7ad6625585979f4c1846946e248e02|XDP|51998731 {"code": 429, "message": "Your app has exceeded its compute units per second capacity. If you have retries enabled, you can safely ignore this message. If not, check out https://docs.alchemy.com/refer
2026-10-01T04:04:43Z rpc item error bal|0x000000c557fa9a96d66cd6371abde62d879d0e61|WETH|51998766 {"code": 429, "message": "Your app has exceeded its compute units per second capacity. If you have retries enabled, you can safely ignore this message. If not, check out https://docs.alchemy.com/refer
2026-10-01T04:04:43Z rpc item error bal|0x000000c557fa9a96d66cd6371abde62d879d0e61|USDC|51998766 {"code": 429, "message": "Your app has exceeded its compute units per second capacity. If you have retries enabled, you can safely ignore this message. If not, check out https://docs.alchemy.com/refer
2026-10-01T04:04:43Z rpc item error bal|0x000000c557fa9a96d66cd6371abde62d879d0e61|XDP|51998766 {"code": 429, "message": "Your app has exceeded its compute units per second capacity. If you have retries enabled, you can safely ignore this message. If not, check out https://docs.alchemy.com/refer
2026-10-01T04:04:43Z rpc item error bal|0x0ce14aeebb7ad6625585979f4c1846946e248e02|ETH|51998766 {"code": 429, "message": "Your app has exceeded its compute units per second capacity. If you have retries enabled, you can safely ignore this message. If not, check out https://docs.alchemy.com/refer
2026-10-01T04:04:43Z rpc item error bal|0x000000c557fa9a96d66cd6371abde62d879d0e61|WETH|51998767 {"code": 429, "message": "Your app has exceeded its compute units per second capacity. If you have retries enabled, you can safely ignore this message. If not, check out https://docs.alchemy.com/refer
2026-10-01T04:04:43Z rpc item error bal|0x0ce14aeebb7ad6625585979f4c1846946e248e02|USDC|51998767 {"code": 429, "message": "Your app has exceeded its compute units per second capacity. If you have retries enabled, you can safely ignore this message. If not, check out https://docs.alchemy.com/refer
2026-10-01T04:04:43Z rpc item error bal|0x0ce14aeebb7ad6625585979f4c1846946e248e02|XDP|51998767 {"code": 429, "message": "Your app has exceeded its compute units per second capacity. If you have retries enabled, you can safely ignore this message. If not, check out https://docs.alchemy.com/refer
2026-10-01T04:04:43Z rpc item error bal|0x0ce14aeebb7ad6625585979f4c1846946e248e02|ETH|51998768 {"code": 429, "message": "Your app has exceeded its compute units per second capacity. If you have retries enabled, you can safely ignore this message. If not, check out https://docs.alchemy.com/refer
2026-10-01T04:04:43Z rpc item error bal|0x0ce14aeebb7ad6625585979f4c1846946e248e02|WETH|51998768 {"code": 429, "message": "Your app has exceeded its compute units per second capacity. If you have retries enabled, you can safely ignore this message. If not, check out https://docs.alchemy.com/refer
2026-10-01T04:04:44Z rpc item error bal|0x000000c557fa9a96d66cd6371abde62d879d0e61|XDP|51999237 {"code": 429, "message": "Your app has exceeded its compute units per second capacity. If you have retries enabled, you can safely ignore this message. If not, check out https://docs.alchemy.com/refer
2026-10-01T04:04:44Z rpc item error bal|0x0ce14aeebb7ad6625585979f4c1846946e248e02|WETH|51999237 {"code": 429, "message": "Your app has exceeded its compute units per second capacity. If you have retries enabled, you can safely ignore this message. If not, check out https://docs.alchemy.com/refer
2026-10-01T04:04:44Z rpc item error bal|0x000000c557fa9a96d66cd6371abde62d879d0e61|ETH|51999238 {"code": 429, "message": "Your app has exceeded its compute units per second capacity. If you have retries enabled, you can safely ignore this message. If not, check out https://docs.alchemy.com/refer
2026-10-01T04:04:44Z rpc item error bal|0x0ce14aeebb7ad6625585979f4c1846946e248e02|XDP|51999238 {"code": 429, "message": "Your app has exceeded its compute units per second capacity. If you have retries enabled, you can safely ignore this message. If not, check out https://docs.alchemy.com/refer
2026-10-01T04:04:44Z batches done 20/69
2026-10-01T04:04:44Z batches done 30/69
2026-10-01T04:04:44Z rpc item error bal|0x000000c557fa9a96d66cd6371abde62d879d0e61|XDP|51999343 {"code": 429, "message": "Your app has exceeded its compute units per second capacity. If you have retries enabled, you can safely ignore this message. If not, check out https://docs.alchemy.com/refer
2026-10-01T04:04:44Z rpc item error bal|0x0ce14aeebb7ad6625585979f4c1846946e248e02|WETH|51999343 {"code": 429, "message": "Your app has exceeded its compute units per second capacity. If you have retries enabled, you can safely ignore this message. If not, check out https://docs.alchemy.com/refer
2026-10-01T04:04:44Z rpc item error bal|0x0ce14aeebb7ad6625585979f4c1846946e248e02|XDP|51999343 {"code": 429, "message": "Your app has exceeded its compute units per second capacity. If you have retries enabled, you can safely ignore this message. If not, check out https://docs.alchemy.com/refer
2026-10-01T04:04:44Z rpc item error bal|0x000000c557fa9a96d66cd6371abde62d879d0e61|USDC|51999344 {"code": 429, "message": "Your app has exceeded its compute units per second capacity. If you have retries enabled, you can safely ignore this message. If not, check out https://docs.alchemy.com/refer
2026-10-01T04:04:45Z rpc item error rcpt|0xed06a053808f94e6e8d766635cda941bd2cea82f8ca16f45caa1e79272ac95fe {"code": 429, "message": "Your app has exceeded its compute units per second capacity. If you have retries enabled, you can safely ignore this message. If not, check out https://docs.alchemy.com/refer
2026-10-01T04:04:45Z rpc item error rcpt|0x09ce67b8c3ab92195c90fdedef039fcddd7ae22823db67d08d7037254a71bc17 {"code": 429, "message": "Your app has exceeded its compute units per second capacity. If you have retries enabled, you can safely ignore this message. If not, check out https://docs.alchemy.com/refer
2026-10-01T04:04:45Z rpc item error rcpt|0xc29c75db30b00ae246c8bd3b8b86e9da40400e2267a57d862d873439728c1857 {"code": 429, "message": "Your app has exceeded its compute units per second capacity. If you have retries enabled, you can safely ignore this message. If not, check out https://docs.alchemy.com/refer
2026-10-01T04:04:45Z rpc item error rcpt|0x14c3ce4ebed50b0a998e8230b855924a8862bd1ab00039b8b3132b02906534b5 {"code": 429, "message": "Your app has exceeded its compute units per second capacity. If you have retries enabled, you can safely ignore this message. If not, check out https://docs.alchemy.com/refer
2026-10-01T04:04:45Z rpc item error rcpt|0x5e65361d7f8d68899a40bac938a701e8f5c45ef6ab8bdc34a2dbe2cc200d608c {"code": 429, "message": "Your app has exceeded its compute units per second capacity. If you have retries enabled, you can safely ignore this message. If not, check out https://docs.alchemy.com/refer
2026-10-01T04:04:45Z rpc item error rcpt|0x671a07214f1ad9e7206fc8089b3ab27f906ce3e7a1315aba8298aff74e408864 {"code": 429, "message": "Your app has exceeded its compute units per second capacity. If you have retries enabled, you can safely ignore this message. If not, check out https://docs.alchemy.com/refer
2026-10-01T04:04:45Z rpc item error rcpt|0xf9b17a03b59398904a3f4f393b334187959b2b783039e6225d1b34182f99f06d {"code": 429, "message": "Your app has exceeded its compute units per second capacity. If you have retries enabled, you can safely ignore this message. If not, check out https://docs.alchemy.com/refer
2026-10-01T04:04:45Z rpc item error rcpt|0xbfefae7c0dc93d11bb433729752882a4d7b0c315f7991b9f34e4247d8f4bbc3a {"code": 429, "message": "Your app has exceeded its compute units per second capacity. If you have retries enabled, you can safely ignore this message. If not, check out https://docs.alchemy.com/refer
2026-10-01T04:04:45Z rpc item error rcpt|0x4633bca9b4a1ec9735312e1330ccd8f5936e30ba1760511e5eca009ad6aa83c2 {"code": 429, "message": "Your app has exceeded its compute units per second capacity. If you have retries enabled, you can safely ignore this message. If not, check out https://docs.alchemy.com/refer
2026-10-01T04:04:45Z rpc item error rcpt|0x5f489ed6d5d764a8b275c40689363462544670ab59dbbff3e5236c3d81b291eb {"code": 429, "message": "Your app has exceeded its compute units per second capacity. If you have retries enabled, you can safely ignore this message. If not, check out https://docs.alchemy.com/refer
2026-10-01T04:04:45Z rpc item error rcpt|0xbf5c7cf45298be2c62955acb3fe7687a3e9549f2d33e1639dbd0f6d4023dacb1 {"code": 429, "message": "Your app has exceeded its compute units per second capacity. If you have retries enabled, you can safely ignore this message. If not, check out https://docs.alchemy.com/refer
2026-10-01T04:04:45Z rpc item error rcpt|0x0af5bfedbd45741145c79d76455ff13db6dfcce06b7a8038d873ed12d19347cd {"code": 429, "message": "Your app has exceeded its compute units per second capacity. If you have retries enabled, you can safely ignore this message. If not, check out https://docs.alchemy.com/refer
2026-10-01T04:04:45Z rpc item error rcpt|0xab1034e9e825c868b28278845ebe9d90a1881a93dbe8c5f0af8185f476f726f1 {"code": 429, "message": "Your app has exceeded its compute units per second capacity. If you have retries enabled, you can safely ignore this message. If not, check out https://docs.alchemy.com/refer
2026-10-01T04:04:45Z rpc item error rcpt|0x8048b43e7891c63825f6262304d4de49d398145ee4d84b9168cefe8223dfbde5 {"code": 429, "message": "Your app has exceeded its compute units per second capacity. If you have retries enabled, you can safely ignore this message. If not, check out https://docs.alchemy.com/refer
2026-10-01T04:04:45Z rpc item error rcpt|0x6782b2332d0a2d75ff88c724ce8acb7d632ae30649c03957009e01f37c58e021 {"code": 429, "message": "Your app has exceeded its compute units per second capacity. If you have retries enabled, you can safely ignore this message. If not, check out https://docs.alchemy.com/refer
2026-10-01T04:04:45Z rpc item error rcpt|0x5f3474b91a46f8f33528c878e6e1248dfc68ed55310b154c3589330a358654c3 {"code": 429, "message": "Your app has exceeded its compute units per second capacity. If you have retries enabled, you can safely ignore this message. If not, check out https://docs.alchemy.com/refer
2026-10-01T04:04:45Z rpc item error rcpt|0x1e4ae8c42fe437abfc5364cc184d3dd6e1e6e8ab347628ee718ac63271f4f48f {"code": 429, "message": "Your app has exceeded its compute units per second capacity. If you have retries enabled, you can safely ignore this message. If not, check out https://docs.alchemy.com/refer
2026-10-01T04:04:45Z rpc item error rcpt|0xc05fd8555b81f047f49a9597ca06959842c6621d3aae403fecaccf4e74cd82dc {"code": 429, "message": "Your app has exceeded its compute units per second capacity. If you have retries enabled, you can safely ignore this message. If not, check out https://docs.alchemy.com/refer
2026-10-01T04:04:45Z rpc item error rcpt|0xaf3426becc9a416a85fabe7f56d46eb625bf05eca8a5e2d8d45d39c208b56db5 {"code": 429, "message": "Your app has exceeded its compute units per second capacity. If you have retries enabled, you can safely ignore this message. If not, check out https://docs.alchemy.com/refer
2026-10-01T04:04:45Z rpc item error rcpt|0x8bdacfa58a404b08c444166afece4d12130f12ceaa559eccd241b2a95cf30379 {"code": 429, "message": "Your app has exceeded its compute units per second capacity. If you have retries enabled, you can safely ignore this message. If not, check out https://docs.alchemy.com/refer
2026-10-01T04:04:45Z rpc item error rcpt|0x8aaa029b133f4d37fe75ce3eb0553c3531811d0e1d81a563d6a74ae30a506a48 {"code": 429, "message": "Your app has exceeded its compute units per second capacity. If you have retries enabled, you can safely ignore this message. If not, check out https://docs.alchemy.com/refer
2026-10-01T04:04:45Z rpc item error rcpt|0xe10efd029f93b3386549ae639aa757b15fac68f990436e8157de6879343448e8 {"code": 429, "message": "Your app has exceeded its compute units per second capacity. If you have retries enabled, you can safely ignore this message. If not, check out https://docs.alchemy.com/refer
2026-10-01T04:04:45Z rpc item error rcpt|0xb28d3c8374fe6d34ecd296fab283e401ec2f42810d8705ea262110e9232ce342 {"code": 429, "message": "Your app has exceeded its compute units per second capacity. If you have retries enabled, you can safely ignore this message. If not, check out https://docs.alchemy.com/refer
2026-10-01T04:04:45Z rpc item error rcpt|0x5c500aba1c26ecfc32f80531eb7444456e4cba667c936fa5abe76b16ee957504 {"code": 429, "message": "Your app has exceeded its compute units per second capacity. If you have retries enabled, you can safely ignore this message. If not, check out https://docs.alchemy.com/refer
2026-10-01T04:04:45Z rpc item error rcpt|0x20b94e55a5a9a521a22125cb7e2ec46c31df47c14f24f792fe7babfcad0c3e93 {"code": 429, "message": "Your app has exceeded its compute units per second capacity. If you have retries enabled, you can safely ignore this message. If not, check out https://docs.alchemy.com/refer
2026-10-01T04:04:45Z rpc item error rcpt|0x5b34cf466b4d6c34adb836d177d893e248d521e28f100821a8a37ea68540b608 {"code": 429, "message": "Your app has exceeded its compute units per second capacity. If you have retries enabled, you can safely ignore this message. If not, check out https://docs.alchemy.com/refer
2026-10-01T04:04:45Z rpc item error rcpt|0x39fa906edd2c08c7a61577b4b603d123640a036c7a4ae9a2673e2112888e0243 {"code": 429, "message": "Your app has exceeded its compute units per second capacity. If you have retries enabled, you can safely ignore this message. If not, check out https://docs.alchemy.com/refer
2026-10-01T04:04:45Z rpc item error rcpt|0x21c7d261b9ee1027501f90f812f7c42dbd26bb47ffb8421c731f389e4a5d3cc1 {"code": 429, "message": "Your app has exceeded its compute units per second capacity. If you have retries enabled, you can safely ignore this message. If not, check out https://docs.alchemy.com/refer
2026-10-01T04:04:45Z rpc item error rcpt|0x82d35764dc7bfa87381b78bd17903f259383162f56bf930fe77063f0b8a707f4 {"code": 429, "message": "Your app has exceeded its compute units per second capacity. If you have retries enabled, you can safely ignore this message. If not, check out https://docs.alchemy.com/refer
2026-10-01T04:04:47Z rpc item error rcpt|0xbfefae7c0dc93d11bb433729752882a4d7b0c315f7991b9f34e4247d8f4bbc3a {"code": 429, "message": "Your app has exceeded its compute units per second capacity. If you have retries enabled, you can safely ignore this message. If not, check out https://docs.alchemy.com/refer
2026-10-01T04:04:47Z rpc item error rcpt|0x0af5bfedbd45741145c79d76455ff13db6dfcce06b7a8038d873ed12d19347cd {"code": 429, "message": "Your app has exceeded its compute units per second capacity. If you have retries enabled, you can safely ignore this message. If not, check out https://docs.alchemy.com/refer
2026-10-01T04:04:47Z rpc item error rcpt|0xb06a4d0e7c0d1d1216ee182041381f6ffab7a4454683208e7a2c8c080b9e6c62 {"code": 429, "message": "Your app has exceeded its compute units per second capacity. If you have retries enabled, you can safely ignore this message. If not, check out https://docs.alchemy.com/refer
2026-10-01T04:04:47Z rpc item error rcpt|0x2c26903c4f29e7939d37a5dd5dfb91a2af9996d8f3df9dd65d75d9c4de99b5e8 {"code": 429, "message": "Your app has exceeded its compute units per second capacity. If you have retries enabled, you can safely ignore this message. If not, check out https://docs.alchemy.com/refer
2026-10-01T04:04:47Z rpc item error rcpt|0x44452f56cc7bace73f6950879a266c386ed34ab0d857185a7f320b07cb51af30 {"code": 429, "message": "Your app has exceeded its compute units per second capacity. If you have retries enabled, you can safely ignore this message. If not, check out https://docs.alchemy.com/refer
2026-10-01T04:04:47Z rpc item error bal|0x3be22b314654c396a12c5e8d79abdd65aac3caaf|ETH|51998985 {"code": 429, "message": "Your app has exceeded its compute units per second capacity. If you have retries enabled, you can safely ignore this message. If not, check out https://docs.alchemy.com/refer
2026-10-01T04:04:47Z rpc item error bal|0x3be22b314654c396a12c5e8d79abdd65aac3caaf|USDC|51998985 {"code": 429, "message": "Your app has exceeded its compute units per second capacity. If you have retries enabled, you can safely ignore this message. If not, check out https://docs.alchemy.com/refer
2026-10-01T04:04:47Z rpc item error bal|0x3be22b314654c396a12c5e8d79abdd65aac3caaf|XDP|51998985 {"code": 429, "message": "Your app has exceeded its compute units per second capacity. If you have retries enabled, you can safely ignore this message. If not, check out https://docs.alchemy.com/refer
2026-10-01T04:04:47Z rpc item error bal|0x08c61873dc64c5131758ae27cb4d84e773d66d82|ETH|51998985 {"code": 429, "message": "Your app has exceeded its compute units per second capacity. If you have retries enabled, you can safely ignore this message. If not, check out https://docs.alchemy.com/refer
2026-10-01T04:04:47Z rpc item error bal|0x08c61873dc64c5131758ae27cb4d84e773d66d82|WETH|51998985 {"code": 429, "message": "Your app has exceeded its compute units per second capacity. If you have retries enabled, you can safely ignore this message. If not, check out https://docs.alchemy.com/refer
2026-10-01T04:04:47Z rpc item error bal|0x08c61873dc64c5131758ae27cb4d84e773d66d82|USDC|51998985 {"code": 429, "message": "Your app has exceeded its compute units per second capacity. If you have retries enabled, you can safely ignore this message. If not, check out https://docs.alchemy.com/refer
2026-10-01T04:04:47Z rpc item error bal|0x08c61873dc64c5131758ae27cb4d84e773d66d82|XDP|51998985 {"code": 429, "message": "Your app has exceeded its compute units per second capacity. If you have retries enabled, you can safely ignore this message. If not, check out https://docs.alchemy.com/refer
2026-10-01T04:04:47Z rpc item error bal|0x3be22b314654c396a12c5e8d79abdd65aac3caaf|ETH|51998986 {"code": 429, "message": "Your app has exceeded its compute units per second capacity. If you have retries enabled, you can safely ignore this message. If not, check out https://docs.alchemy.com/refer
2026-10-01T04:04:47Z rpc item error bal|0x3be22b314654c396a12c5e8d79abdd65aac3caaf|WETH|51998986 {"code": 429, "message": "Your app has exceeded its compute units per second capacity. If you have retries enabled, you can safely ignore this message. If not, check out https://docs.alchemy.com/refer
2026-10-01T04:04:47Z rpc item error bal|0x3be22b314654c396a12c5e8d79abdd65aac3caaf|USDC|51998986 {"code": 429, "message": "Your app has exceeded its compute units per second capacity. If you have retries enabled, you can safely ignore this message. If not, check out https://docs.alchemy.com/refer
2026-10-01T04:04:47Z rpc item error bal|0x3be22b314654c396a12c5e8d79abdd65aac3caaf|XDP|51998986 {"code": 429, "message": "Your app has exceeded its compute units per second capacity. If you have retries enabled, you can safely ignore this message. If not, check out https://docs.alchemy.com/refer
2026-10-01T04:04:47Z rpc item error bal|0x08c61873dc64c5131758ae27cb4d84e773d66d82|ETH|51998986 {"code": 429, "message": "Your app has exceeded its compute units per second capacity. If you have retries enabled, you can safely ignore this message. If not, check out https://docs.alchemy.com/refer
2026-10-01T04:04:47Z rpc item error bal|0x08c61873dc64c5131758ae27cb4d84e773d66d82|WETH|51998986 {"code": 429, "message": "Your app has exceeded its compute units per second capacity. If you have retries enabled, you can safely ignore this message. If not, check out https://docs.alchemy.com/refer
2026-10-01T04:04:47Z rpc item error bal|0x3be22b314654c396a12c5e8d79abdd65aac3caaf|ETH|51998988 {"code": 429, "message": "Your app has exceeded its compute units per second capacity. If you have retries enabled, you can safely ignore this message. If not, check out https://docs.alchemy.com/refer
2026-10-01T04:04:47Z rpc item error bal|0x3be22b314654c396a12c5e8d79abdd65aac3caaf|WETH|51998988 {"code": 429, "message": "Your app has exceeded its compute units per second capacity. If you have retries enabled, you can safely ignore this message. If not, check out https://docs.alchemy.com/refer
2026-10-01T04:04:47Z rpc item error bal|0x3be22b314654c396a12c5e8d79abdd65aac3caaf|XDP|51998988 {"code": 429, "message": "Your app has exceeded its compute units per second capacity. If you have retries enabled, you can safely ignore this message. If not, check out https://docs.alchemy.com/refer
2026-10-01T04:04:47Z rpc item error bal|0x08c61873dc64c5131758ae27cb4d84e773d66d82|ETH|51998988 {"code": 429, "message": "Your app has exceeded its compute units per second capacity. If you have retries enabled, you can safely ignore this message. If not, check out https://docs.alchemy.com/refer
2026-10-01T04:04:47Z rpc item error bal|0x08c61873dc64c5131758ae27cb4d84e773d66d82|WETH|51998988 {"code": 429, "message": "Your app has exceeded its compute units per second capacity. If you have retries enabled, you can safely ignore this message. If not, check out https://docs.alchemy.com/refer
2026-10-01T04:04:48Z rpc item error rcpt|0x2c26903c4f29e7939d37a5dd5dfb91a2af9996d8f3df9dd65d75d9c4de99b5e8 {"code": 429, "message": "Your app has exceeded its compute units per second capacity. If you have retries enabled, you can safely ignore this message. If not, check out https://docs.alchemy.com/refer
2026-10-01T04:04:48Z rpc item error rcpt|0x44452f56cc7bace73f6950879a266c386ed34ab0d857185a7f320b07cb51af30 {"code": 429, "message": "Your app has exceeded its compute units per second capacity. If you have retries enabled, you can safely ignore this message. If not, check out https://docs.alchemy.com/refer
2026-10-01T04:04:48Z rpc item error bal|0x3be22b314654c396a12c5e8d79abdd65aac3caaf|ETH|51998985 {"code": 429, "message": "Your app has exceeded its compute units per second capacity. If you have retries enabled, you can safely ignore this message. If not, check out https://docs.alchemy.com/refer
2026-10-01T04:04:48Z rpc item error bal|0x3be22b314654c396a12c5e8d79abdd65aac3caaf|XDP|51998985 {"code": 429, "message": "Your app has exceeded its compute units per second capacity. If you have retries enabled, you can safely ignore this message. If not, check out https://docs.alchemy.com/refer
2026-10-01T04:04:48Z rpc item error bal|0x08c61873dc64c5131758ae27cb4d84e773d66d82|ETH|51998985 {"code": 429, "message": "Your app has exceeded its compute units per second capacity. If you have retries enabled, you can safely ignore this message. If not, check out https://docs.alchemy.com/refer
2026-10-01T04:04:48Z rpc item error bal|0x08c61873dc64c5131758ae27cb4d84e773d66d82|XDP|51998985 {"code": 429, "message": "Your app has exceeded its compute units per second capacity. If you have retries enabled, you can safely ignore this message. If not, check out https://docs.alchemy.com/refer
2026-10-01T04:04:48Z rpc item error bal|0x3be22b314654c396a12c5e8d79abdd65aac3caaf|ETH|51998986 {"code": 429, "message": "Your app has exceeded its compute units per second capacity. If you have retries enabled, you can safely ignore this message. If not, check out https://docs.alchemy.com/refer
2026-10-01T04:04:48Z rpc item error bal|0x3be22b314654c396a12c5e8d79abdd65aac3caaf|WETH|51998986 {"code": 429, "message": "Your app has exceeded its compute units per second capacity. If you have retries enabled, you can safely ignore this message. If not, check out https://docs.alchemy.com/refer
2026-10-01T04:04:48Z rpc item error bal|0x3be22b314654c396a12c5e8d79abdd65aac3caaf|USDC|51998986 {"code": 429, "message": "Your app has exceeded its compute units per second capacity. If you have retries enabled, you can safely ignore this message. If not, check out https://docs.alchemy.com/refer
2026-10-01T04:04:48Z rpc item error bal|0x3be22b314654c396a12c5e8d79abdd65aac3caaf|XDP|51998986 {"code": 429, "message": "Your app has exceeded its compute units per second capacity. If you have retries enabled, you can safely ignore this message. If not, check out https://docs.alchemy.com/refer
2026-10-01T04:04:48Z rpc item error bal|0x08c61873dc64c5131758ae27cb4d84e773d66d82|ETH|51998986 {"code": 429, "message": "Your app has exceeded its compute units per second capacity. If you have retries enabled, you can safely ignore this message. If not, check out https://docs.alchemy.com/refer
2026-10-01T04:04:49Z rpc item error bal|0x08c61873dc64c5131758ae27cb4d84e773d66d82|ETH|51998998 {"code": 429, "message": "Your app has exceeded its compute units per second capacity. If you have retries enabled, you can safely ignore this message. If not, check out https://docs.alchemy.com/refer
2026-10-01T04:04:49Z rpc item error bal|0x3be22b314654c396a12c5e8d79abdd65aac3caaf|WETH|51999002 {"code": 429, "message": "Your app has exceeded its compute units per second capacity. If you have retries enabled, you can safely ignore this message. If not, check out https://docs.alchemy.com/refer
2026-10-01T04:04:49Z rpc item error bal|0x3be22b314654c396a12c5e8d79abdd65aac3caaf|USDC|51999002 {"code": 429, "message": "Your app has exceeded its compute units per second capacity. If you have retries enabled, you can safely ignore this message. If not, check out https://docs.alchemy.com/refer
2026-10-01T04:04:49Z rpc item error bal|0x08c61873dc64c5131758ae27cb4d84e773d66d82|WETH|51999002 {"code": 429, "message": "Your app has exceeded its compute units per second capacity. If you have retries enabled, you can safely ignore this message. If not, check out https://docs.alchemy.com/refer
2026-10-01T04:04:49Z rpc item error bal|0x08c61873dc64c5131758ae27cb4d84e773d66d82|ETH|51999003 {"code": 429, "message": "Your app has exceeded its compute units per second capacity. If you have retries enabled, you can safely ignore this message. If not, check out https://docs.alchemy.com/refer
2026-10-01T04:04:49Z rpc item error bal|0x08c61873dc64c5131758ae27cb4d84e773d66d82|XDP|51999003 {"code": 429, "message": "Your app has exceeded its compute units per second capacity. If you have retries enabled, you can safely ignore this message. If not, check out https://docs.alchemy.com/refer
2026-10-01T04:04:49Z rpc item error bal|0x3be22b314654c396a12c5e8d79abdd65aac3caaf|ETH|51999004 {"code": 429, "message": "Your app has exceeded its compute units per second capacity. If you have retries enabled, you can safely ignore this message. If not, check out https://docs.alchemy.com/refer
2026-10-01T04:04:49Z rpc item error bal|0x3be22b314654c396a12c5e8d79abdd65aac3caaf|ETH|51998985 {"code": 429, "message": "Your app has exceeded its compute units per second capacity. If you have retries enabled, you can safely ignore this message. If not, check out https://docs.alchemy.com/refer
2026-10-01T04:04:49Z rpc item error bal|0x3be22b314654c396a12c5e8d79abdd65aac3caaf|USDC|51998986 {"code": 429, "message": "Your app has exceeded its compute units per second capacity. If you have retries enabled, you can safely ignore this message. If not, check out https://docs.alchemy.com/refer
2026-10-01T04:04:50Z rpc item error bal|0x3be22b314654c396a12c5e8d79abdd65aac3caaf|XDP|51999004 {"code": 429, "message": "Your app has exceeded its compute units per second capacity. If you have retries enabled, you can safely ignore this message. If not, check out https://docs.alchemy.com/refer
2026-10-01T04:04:50Z rpc item error bal|0x08c61873dc64c5131758ae27cb4d84e773d66d82|ETH|51999004 {"code": 429, "message": "Your app has exceeded its compute units per second capacity. If you have retries enabled, you can safely ignore this message. If not, check out https://docs.alchemy.com/refer
2026-10-01T04:04:50Z rpc item error bal|0x3be22b314654c396a12c5e8d79abdd65aac3caaf|WETH|51999008 {"code": 429, "message": "Your app has exceeded its compute units per second capacity. If you have retries enabled, you can safely ignore this message. If not, check out https://docs.alchemy.com/refer
2026-10-01T04:04:50Z rpc item error bal|0x08c61873dc64c5131758ae27cb4d84e773d66d82|WETH|51999008 {"code": 429, "message": "Your app has exceeded its compute units per second capacity. If you have retries enabled, you can safely ignore this message. If not, check out https://docs.alchemy.com/refer
2026-10-01T04:04:50Z rpc item error bal|0x08c61873dc64c5131758ae27cb4d84e773d66d82|XDP|51999008 {"code": 429, "message": "Your app has exceeded its compute units per second capacity. If you have retries enabled, you can safely ignore this message. If not, check out https://docs.alchemy.com/refer
2026-10-01T04:04:50Z rpc item error bal|0x3be22b314654c396a12c5e8d79abdd65aac3caaf|WETH|51999009 {"code": 429, "message": "Your app has exceeded its compute units per second capacity. If you have retries enabled, you can safely ignore this message. If not, check out https://docs.alchemy.com/refer
2026-10-01T04:04:50Z rpc item error bal|0x3be22b314654c396a12c5e8d79abdd65aac3caaf|XDP|51999009 {"code": 429, "message": "Your app has exceeded its compute units per second capacity. If you have retries enabled, you can safely ignore this message. If not, check out https://docs.alchemy.com/refer
2026-10-01T04:04:50Z rpc item error bal|0x08c61873dc64c5131758ae27cb4d84e773d66d82|ETH|51999009 {"code": 429, "message": "Your app has exceeded its compute units per second capacity. If you have retries enabled, you can safely ignore this message. If not, check out https://docs.alchemy.com/refer
2026-10-01T04:04:50Z rpc item error bal|0x3be22b314654c396a12c5e8d79abdd65aac3caaf|ETH|51999010 {"code": 429, "message": "Your app has exceeded its compute units per second capacity. If you have retries enabled, you can safely ignore this message. If not, check out https://docs.alchemy.com/refer
2026-10-01T04:04:50Z rpc item error bal|0x3be22b314654c396a12c5e8d79abdd65aac3caaf|WETH|51999010 {"code": 429, "message": "Your app has exceeded its compute units per second capacity. If you have retries enabled, you can safely ignore this message. If not, check out https://docs.alchemy.com/refer
2026-10-01T04:04:51Z rpc item error bal|0x3be22b314654c396a12c5e8d79abdd65aac3caaf|XDP|51999010 {"code": 429, "message": "Your app has exceeded its compute units per second capacity. If you have retries enabled, you can safely ignore this message. If not, check out https://docs.alchemy.com/refer
2026-10-01T04:04:51Z rpc item error bal|0x08c61873dc64c5131758ae27cb4d84e773d66d82|XDP|51999010 {"code": 429, "message": "Your app has exceeded its compute units per second capacity. If you have retries enabled, you can safely ignore this message. If not, check out https://docs.alchemy.com/refer
2026-10-01T04:04:51Z rpc item error bal|0x3be22b314654c396a12c5e8d79abdd65aac3caaf|ETH|51999014 {"code": 429, "message": "Your app has exceeded its compute units per second capacity. If you have retries enabled, you can safely ignore this message. If not, check out https://docs.alchemy.com/refer
2026-10-01T04:04:51Z rpc item error bal|0x3be22b314654c396a12c5e8d79abdd65aac3caaf|USDC|51999014 {"code": 429, "message": "Your app has exceeded its compute units per second capacity. If you have retries enabled, you can safely ignore this message. If not, check out https://docs.alchemy.com/refer
2026-10-01T04:04:51Z rpc item error bal|0x3be22b314654c396a12c5e8d79abdd65aac3caaf|XDP|51999014 {"code": 429, "message": "Your app has exceeded its compute units per second capacity. If you have retries enabled, you can safely ignore this message. If not, check out https://docs.alchemy.com/refer
2026-10-01T04:04:51Z rpc item error bal|0x08c61873dc64c5131758ae27cb4d84e773d66d82|USDC|51999014 {"code": 429, "message": "Your app has exceeded its compute units per second capacity. If you have retries enabled, you can safely ignore this message. If not, check out https://docs.alchemy.com/refer
2026-10-01T04:04:51Z rpc item error bal|0x3be22b314654c396a12c5e8d79abdd65aac3caaf|USDC|51999023 {"code": 429, "message": "Your app has exceeded its compute units per second capacity. If you have retries enabled, you can safely ignore this message. If not, check out https://docs.alchemy.com/refer
2026-10-01T04:04:52Z rpc item error bal|0x08c61873dc64c5131758ae27cb4d84e773d66d82|WETH|51999035 {"code": 429, "message": "Your app has exceeded its compute units per second capacity. If you have retries enabled, you can safely ignore this message. If not, check out https://docs.alchemy.com/refer
2026-10-01T04:04:53Z rpc item error bal|0x08c61873dc64c5131758ae27cb4d84e773d66d82|USDC|51999059 {"code": 429, "message": "Your app has exceeded its compute units per second capacity. If you have retries enabled, you can safely ignore this message. If not, check out https://docs.alchemy.com/refer
2026-10-01T04:04:53Z rpc item error bal|0x08c61873dc64c5131758ae27cb4d84e773d66d82|XDP|51999059 {"code": 429, "message": "Your app has exceeded its compute units per second capacity. If you have retries enabled, you can safely ignore this message. If not, check out https://docs.alchemy.com/refer
2026-10-01T04:04:53Z rpc item error bal|0x3be22b314654c396a12c5e8d79abdd65aac3caaf|ETH|51999083 {"code": 429, "message": "Your app has exceeded its compute units per second capacity. If you have retries enabled, you can safely ignore this message. If not, check out https://docs.alchemy.com/refer
2026-10-01T04:04:53Z rpc item error bal|0x3be22b314654c396a12c5e8d79abdd65aac3caaf|XDP|51999083 {"code": 429, "message": "Your app has exceeded its compute units per second capacity. If you have retries enabled, you can safely ignore this message. If not, check out https://docs.alchemy.com/refer
2026-10-01T04:04:53Z rpc item error bal|0x08c61873dc64c5131758ae27cb4d84e773d66d82|WETH|51999083 {"code": 429, "message": "Your app has exceeded its compute units per second capacity. If you have retries enabled, you can safely ignore this message. If not, check out https://docs.alchemy.com/refer
2026-10-01T04:04:53Z rpc item error bal|0x08c61873dc64c5131758ae27cb4d84e773d66d82|USDC|51999083 {"code": 429, "message": "Your app has exceeded its compute units per second capacity. If you have retries enabled, you can safely ignore this message. If not, check out https://docs.alchemy.com/refer
2026-10-01T04:04:53Z rpc item error bal|0x08c61873dc64c5131758ae27cb4d84e773d66d82|XDP|51999083 {"code": 429, "message": "Your app has exceeded its compute units per second capacity. If you have retries enabled, you can safely ignore this message. If not, check out https://docs.alchemy.com/refer
2026-10-01T04:04:53Z rpc item error bal|0x3be22b314654c396a12c5e8d79abdd65aac3caaf|WETH|51999084 {"code": 429, "message": "Your app has exceeded its compute units per second capacity. If you have retries enabled, you can safely ignore this message. If not, check out https://docs.alchemy.com/refer
2026-10-01T04:04:53Z rpc item error bal|0x3be22b314654c396a12c5e8d79abdd65aac3caaf|USDC|51999084 {"code": 429, "message": "Your app has exceeded its compute units per second capacity. If you have retries enabled, you can safely ignore this message. If not, check out https://docs.alchemy.com/refer
2026-10-01T04:04:53Z rpc item error bal|0x3be22b314654c396a12c5e8d79abdd65aac3caaf|XDP|51999084 {"code": 429, "message": "Your app has exceeded its compute units per second capacity. If you have retries enabled, you can safely ignore this message. If not, check out https://docs.alchemy.com/refer
2026-10-01T04:04:53Z rpc item error bal|0x08c61873dc64c5131758ae27cb4d84e773d66d82|ETH|51999084 {"code": 429, "message": "Your app has exceeded its compute units per second capacity. If you have retries enabled, you can safely ignore this message. If not, check out https://docs.alchemy.com/refer
2026-10-01T04:04:53Z rpc item error bal|0x08c61873dc64c5131758ae27cb4d84e773d66d82|XDP|51999084 {"code": 429, "message": "Your app has exceeded its compute units per second capacity. If you have retries enabled, you can safely ignore this message. If not, check out https://docs.alchemy.com/refer
2026-10-01T04:04:53Z rpc item error bal|0x3be22b314654c396a12c5e8d79abdd65aac3caaf|WETH|51999099 {"code": 429, "message": "Your app has exceeded its compute units per second capacity. If you have retries enabled, you can safely ignore this message. If not, check out https://docs.alchemy.com/refer
2026-10-01T04:04:53Z rpc item error bal|0x3be22b314654c396a12c5e8d79abdd65aac3caaf|USDC|51999099 {"code": 429, "message": "Your app has exceeded its compute units per second capacity. If you have retries enabled, you can safely ignore this message. If not, check out https://docs.alchemy.com/refer
2026-10-01T04:04:53Z rpc item error bal|0x3be22b314654c396a12c5e8d79abdd65aac3caaf|XDP|51999099 {"code": 429, "message": "Your app has exceeded its compute units per second capacity. If you have retries enabled, you can safely ignore this message. If not, check out https://docs.alchemy.com/refer
2026-10-01T04:04:55Z rpc item error bal|0x3be22b314654c396a12c5e8d79abdd65aac3caaf|WETH|51999084 {"code": 429, "message": "Your app has exceeded its compute units per second capacity. If you have retries enabled, you can safely ignore this message. If not, check out https://docs.alchemy.com/refer
2026-10-01T04:04:55Z rpc item error bal|0x08c61873dc64c5131758ae27cb4d84e773d66d82|XDP|51999084 {"code": 429, "message": "Your app has exceeded its compute units per second capacity. If you have retries enabled, you can safely ignore this message. If not, check out https://docs.alchemy.com/refer
2026-10-01T04:04:56Z rpc item error bal|0x08c61873dc64c5131758ae27cb4d84e773d66d82|XDP|51999099 {"code": 429, "message": "Your app has exceeded its compute units per second capacity. If you have retries enabled, you can safely ignore this message. If not, check out https://docs.alchemy.com/refer
2026-10-01T04:04:56Z rpc item error bal|0x08c61873dc64c5131758ae27cb4d84e773d66d82|ETH|51999100 {"code": 429, "message": "Your app has exceeded its compute units per second capacity. If you have retries enabled, you can safely ignore this message. If not, check out https://docs.alchemy.com/refer
2026-10-01T04:04:56Z rpc item error bal|0x08c61873dc64c5131758ae27cb4d84e773d66d82|WETH|51999100 {"code": 429, "message": "Your app has exceeded its compute units per second capacity. If you have retries enabled, you can safely ignore this message. If not, check out https://docs.alchemy.com/refer
2026-10-01T04:04:56Z rpc item error bal|0x3be22b314654c396a12c5e8d79abdd65aac3caaf|ETH|51999122 {"code": 429, "message": "Your app has exceeded its compute units per second capacity. If you have retries enabled, you can safely ignore this message. If not, check out https://docs.alchemy.com/refer
2026-10-01T04:04:56Z rpc item error bal|0x3be22b314654c396a12c5e8d79abdd65aac3caaf|USDC|51999122 {"code": 429, "message": "Your app has exceeded its compute units per second capacity. If you have retries enabled, you can safely ignore this message. If not, check out https://docs.alchemy.com/refer
2026-10-01T04:04:56Z rpc item error bal|0x3be22b314654c396a12c5e8d79abdd65aac3caaf|XDP|51999122 {"code": 429, "message": "Your app has exceeded its compute units per second capacity. If you have retries enabled, you can safely ignore this message. If not, check out https://docs.alchemy.com/refer
2026-10-01T04:04:56Z rpc item error bal|0x08c61873dc64c5131758ae27cb4d84e773d66d82|USDC|51999122 {"code": 429, "message": "Your app has exceeded its compute units per second capacity. If you have retries enabled, you can safely ignore this message. If not, check out https://docs.alchemy.com/refer
2026-10-01T04:04:56Z rpc item error bal|0x08c61873dc64c5131758ae27cb4d84e773d66d82|XDP|51999122 {"code": 429, "message": "Your app has exceeded its compute units per second capacity. If you have retries enabled, you can safely ignore this message. If not, check out https://docs.alchemy.com/refer
2026-10-01T04:04:56Z rpc item error bal|0x3be22b314654c396a12c5e8d79abdd65aac3caaf|ETH|51999123 {"code": 429, "message": "Your app has exceeded its compute units per second capacity. If you have retries enabled, you can safely ignore this message. If not, check out https://docs.alchemy.com/refer
2026-10-01T04:04:56Z rpc item error bal|0x3be22b314654c396a12c5e8d79abdd65aac3caaf|WETH|51999123 {"code": 429, "message": "Your app has exceeded its compute units per second capacity. If you have retries enabled, you can safely ignore this message. If not, check out https://docs.alchemy.com/refer
2026-10-01T04:04:56Z rpc item error bal|0x3be22b314654c396a12c5e8d79abdd65aac3caaf|USDC|51999123 {"code": 429, "message": "Your app has exceeded its compute units per second capacity. If you have retries enabled, you can safely ignore this message. If not, check out https://docs.alchemy.com/refer
2026-10-01T04:04:56Z rpc item error bal|0x3be22b314654c396a12c5e8d79abdd65aac3caaf|XDP|51999123 {"code": 429, "message": "Your app has exceeded its compute units per second capacity. If you have retries enabled, you can safely ignore this message. If not, check out https://docs.alchemy.com/refer
2026-10-01T04:04:56Z rpc item error bal|0x08c61873dc64c5131758ae27cb4d84e773d66d82|WETH|51999123 {"code": 429, "message": "Your app has exceeded its compute units per second capacity. If you have retries enabled, you can safely ignore this message. If not, check out https://docs.alchemy.com/refer
2026-10-01T04:04:56Z rpc item error bal|0x08c61873dc64c5131758ae27cb4d84e773d66d82|XDP|51999123 {"code": 429, "message": "Your app has exceeded its compute units per second capacity. If you have retries enabled, you can safely ignore this message. If not, check out https://docs.alchemy.com/refer
2026-10-01T04:04:57Z rpc item error bal|0x3be22b314654c396a12c5e8d79abdd65aac3caaf|WETH|51999124 {"code": 429, "message": "Your app has exceeded its compute units per second capacity. If you have retries enabled, you can safely ignore this message. If not, check out https://docs.alchemy.com/refer
2026-10-01T04:04:57Z rpc item error bal|0x3be22b314654c396a12c5e8d79abdd65aac3caaf|USDC|51999124 {"code": 429, "message": "Your app has exceeded its compute units per second capacity. If you have retries enabled, you can safely ignore this message. If not, check out https://docs.alchemy.com/refer
2026-10-01T04:04:57Z rpc item error bal|0x3be22b314654c396a12c5e8d79abdd65aac3caaf|XDP|51999124 {"code": 429, "message": "Your app has exceeded its compute units per second capacity. If you have retries enabled, you can safely ignore this message. If not, check out https://docs.alchemy.com/refer
2026-10-01T04:04:57Z rpc item error bal|0x3be22b314654c396a12c5e8d79abdd65aac3caaf|WETH|51999125 {"code": 429, "message": "Your app has exceeded its compute units per second capacity. If you have retries enabled, you can safely ignore this message. If not, check out https://docs.alchemy.com/refer
2026-10-01T04:04:57Z rpc item error bal|0x3be22b314654c396a12c5e8d79abdd65aac3caaf|USDC|51999125 {"code": 429, "message": "Your app has exceeded its compute units per second capacity. If you have retries enabled, you can safely ignore this message. If not, check out https://docs.alchemy.com/refer
2026-10-01T04:04:57Z rpc item error bal|0x08c61873dc64c5131758ae27cb4d84e773d66d82|ETH|51999125 {"code": 429, "message": "Your app has exceeded its compute units per second capacity. If you have retries enabled, you can safely ignore this message. If not, check out https://docs.alchemy.com/refer
2026-10-01T04:04:57Z rpc item error bal|0x3be22b314654c396a12c5e8d79abdd65aac3caaf|USDC|51999128 {"code": 429, "message": "Your app has exceeded its compute units per second capacity. If you have retries enabled, you can safely ignore this message. If not, check out https://docs.alchemy.com/refer
2026-10-01T04:04:57Z rpc item error bal|0x08c61873dc64c5131758ae27cb4d84e773d66d82|ETH|51999128 {"code": 429, "message": "Your app has exceeded its compute units per second capacity. If you have retries enabled, you can safely ignore this message. If not, check out https://docs.alchemy.com/refer
2026-10-01T04:04:57Z rpc item error bal|0x08c61873dc64c5131758ae27cb4d84e773d66d82|WETH|51999128 {"code": 429, "message": "Your app has exceeded its compute units per second capacity. If you have retries enabled, you can safely ignore this message. If not, check out https://docs.alchemy.com/refer
2026-10-01T04:04:57Z rpc item error bal|0x08c61873dc64c5131758ae27cb4d84e773d66d82|XDP|51999128 {"code": 429, "message": "Your app has exceeded its compute units per second capacity. If you have retries enabled, you can safely ignore this message. If not, check out https://docs.alchemy.com/refer
2026-10-01T04:04:58Z batches done 40/69
2026-10-01T04:04:58Z rpc item error bal|0x3be22b314654c396a12c5e8d79abdd65aac3caaf|WETH|51999129 {"code": 429, "message": "Your app has exceeded its compute units per second capacity. If you have retries enabled, you can safely ignore this message. If not, check out https://docs.alchemy.com/refer
2026-10-01T04:04:58Z rpc item error bal|0x08c61873dc64c5131758ae27cb4d84e773d66d82|ETH|51999129 {"code": 429, "message": "Your app has exceeded its compute units per second capacity. If you have retries enabled, you can safely ignore this message. If not, check out https://docs.alchemy.com/refer
2026-10-01T04:04:58Z rpc item error bal|0x08c61873dc64c5131758ae27cb4d84e773d66d82|WETH|51999129 {"code": 429, "message": "Your app has exceeded its compute units per second capacity. If you have retries enabled, you can safely ignore this message. If not, check out https://docs.alchemy.com/refer
2026-10-01T04:04:58Z rpc item error bal|0x08c61873dc64c5131758ae27cb4d84e773d66d82|USDC|51999129 {"code": 429, "message": "Your app has exceeded its compute units per second capacity. If you have retries enabled, you can safely ignore this message. If not, check out https://docs.alchemy.com/refer
2026-10-01T04:04:58Z rpc item error bal|0x08c61873dc64c5131758ae27cb4d84e773d66d82|XDP|51999129 {"code": 429, "message": "Your app has exceeded its compute units per second capacity. If you have retries enabled, you can safely ignore this message. If not, check out https://docs.alchemy.com/refer
2026-10-01T04:04:58Z rpc item error bal|0x3be22b314654c396a12c5e8d79abdd65aac3caaf|ETH|51999144 {"code": 429, "message": "Your app has exceeded its compute units per second capacity. If you have retries enabled, you can safely ignore this message. If not, check out https://docs.alchemy.com/refer
2026-10-01T04:04:58Z rpc item error bal|0x3be22b314654c396a12c5e8d79abdd65aac3caaf|USDC|51999144 {"code": 429, "message": "Your app has exceeded its compute units per second capacity. If you have retries enabled, you can safely ignore this message. If not, check out https://docs.alchemy.com/refer
2026-10-01T04:04:58Z rpc item error bal|0x3be22b314654c396a12c5e8d79abdd65aac3caaf|XDP|51999144 {"code": 429, "message": "Your app has exceeded its compute units per second capacity. If you have retries enabled, you can safely ignore this message. If not, check out https://docs.alchemy.com/refer
2026-10-01T04:04:58Z rpc item error bal|0x08c61873dc64c5131758ae27cb4d84e773d66d82|ETH|51999144 {"code": 429, "message": "Your app has exceeded its compute units per second capacity. If you have retries enabled, you can safely ignore this message. If not, check out https://docs.alchemy.com/refer
2026-10-01T04:04:58Z rpc item error bal|0x08c61873dc64c5131758ae27cb4d84e773d66d82|WETH|51999144 {"code": 429, "message": "Your app has exceeded its compute units per second capacity. If you have retries enabled, you can safely ignore this message. If not, check out https://docs.alchemy.com/refer
2026-10-01T04:04:58Z rpc item error bal|0x08c61873dc64c5131758ae27cb4d84e773d66d82|XDP|51999144 {"code": 429, "message": "Your app has exceeded its compute units per second capacity. If you have retries enabled, you can safely ignore this message. If not, check out https://docs.alchemy.com/refer
2026-10-01T04:04:58Z rpc item error bal|0x3be22b314654c396a12c5e8d79abdd65aac3caaf|ETH|51999145 {"code": 429, "message": "Your app has exceeded its compute units per second capacity. If you have retries enabled, you can safely ignore this message. If not, check out https://docs.alchemy.com/refer
2026-10-01T04:04:58Z rpc item error bal|0x3be22b314654c396a12c5e8d79abdd65aac3caaf|XDP|51999145 {"code": 429, "message": "Your app has exceeded its compute units per second capacity. If you have retries enabled, you can safely ignore this message. If not, check out https://docs.alchemy.com/refer
2026-10-01T04:04:58Z rpc item error bal|0x08c61873dc64c5131758ae27cb4d84e773d66d82|ETH|51999145 {"code": 429, "message": "Your app has exceeded its compute units per second capacity. If you have retries enabled, you can safely ignore this message. If not, check out https://docs.alchemy.com/refer
2026-10-01T04:04:58Z rpc item error bal|0x08c61873dc64c5131758ae27cb4d84e773d66d82|USDC|51999145 {"code": 429, "message": "Your app has exceeded its compute units per second capacity. If you have retries enabled, you can safely ignore this message. If not, check out https://docs.alchemy.com/refer
2026-10-01T04:04:58Z rpc item error bal|0x3be22b314654c396a12c5e8d79abdd65aac3caaf|ETH|51999157 {"code": 429, "message": "Your app has exceeded its compute units per second capacity. If you have retries enabled, you can safely ignore this message. If not, check out https://docs.alchemy.com/refer
2026-10-01T04:04:58Z rpc item error bal|0x3be22b314654c396a12c5e8d79abdd65aac3caaf|XDP|51999171 {"code": 429, "message": "Your app has exceeded its compute units per second capacity. If you have retries enabled, you can safely ignore this message. If not, check out https://docs.alchemy.com/refer
2026-10-01T04:04:58Z rpc item error bal|0x08c61873dc64c5131758ae27cb4d84e773d66d82|WETH|51999171 {"code": 429, "message": "Your app has exceeded its compute units per second capacity. If you have retries enabled, you can safely ignore this message. If not, check out https://docs.alchemy.com/refer
2026-10-01T04:04:58Z rpc item error bal|0x08c61873dc64c5131758ae27cb4d84e773d66d82|XDP|51999171 {"code": 429, "message": "Your app has exceeded its compute units per second capacity. If you have retries enabled, you can safely ignore this message. If not, check out https://docs.alchemy.com/refer
2026-10-01T04:04:58Z rpc item error bal|0x3be22b314654c396a12c5e8d79abdd65aac3caaf|ETH|51999190 {"code": 429, "message": "Your app has exceeded its compute units per second capacity. If you have retries enabled, you can safely ignore this message. If not, check out https://docs.alchemy.com/refer
2026-10-01T04:04:58Z rpc item error bal|0x3be22b314654c396a12c5e8d79abdd65aac3caaf|XDP|51999190 {"code": 429, "message": "Your app has exceeded its compute units per second capacity. If you have retries enabled, you can safely ignore this message. If not, check out https://docs.alchemy.com/refer
2026-10-01T04:04:58Z rpc item error bal|0x08c61873dc64c5131758ae27cb4d84e773d66d82|WETH|51999190 {"code": 429, "message": "Your app has exceeded its compute units per second capacity. If you have retries enabled, you can safely ignore this message. If not, check out https://docs.alchemy.com/refer
2026-10-01T04:04:58Z rpc item error bal|0x08c61873dc64c5131758ae27cb4d84e773d66d82|XDP|51999190 {"code": 429, "message": "Your app has exceeded its compute units per second capacity. If you have retries enabled, you can safely ignore this message. If not, check out https://docs.alchemy.com/refer
2026-10-01T04:04:58Z rpc item error bal|0x3be22b314654c396a12c5e8d79abdd65aac3caaf|ETH|51999191 {"code": 429, "message": "Your app has exceeded its compute units per second capacity. If you have retries enabled, you can safely ignore this message. If not, check out https://docs.alchemy.com/refer
2026-10-01T04:04:58Z rpc item error bal|0x08c61873dc64c5131758ae27cb4d84e773d66d82|ETH|51999191 {"code": 429, "message": "Your app has exceeded its compute units per second capacity. If you have retries enabled, you can safely ignore this message. If not, check out https://docs.alchemy.com/refer
2026-10-01T04:04:58Z rpc item error bal|0x08c61873dc64c5131758ae27cb4d84e773d66d82|USDC|51999191 {"code": 429, "message": "Your app has exceeded its compute units per second capacity. If you have retries enabled, you can safely ignore this message. If not, check out https://docs.alchemy.com/refer
2026-10-01T04:04:58Z rpc item error bal|0x08c61873dc64c5131758ae27cb4d84e773d66d82|XDP|51999191 {"code": 429, "message": "Your app has exceeded its compute units per second capacity. If you have retries enabled, you can safely ignore this message. If not, check out https://docs.alchemy.com/refer
2026-10-01T04:04:58Z rpc item error bal|0x3be22b314654c396a12c5e8d79abdd65aac3caaf|USDC|51999199 {"code": 429, "message": "Your app has exceeded its compute units per second capacity. If you have retries enabled, you can safely ignore this message. If not, check out https://docs.alchemy.com/refer
2026-10-01T04:04:59Z rpc item error bal|0x08c61873dc64c5131758ae27cb4d84e773d66d82|XDP|51999199 {"code": 429, "message": "Your app has exceeded its compute units per second capacity. If you have retries enabled, you can safely ignore this message. If not, check out https://docs.alchemy.com/refer
2026-10-01T04:04:59Z rpc item error bal|0x3be22b314654c396a12c5e8d79abdd65aac3caaf|ETH|51999200 {"code": 429, "message": "Your app has exceeded its compute units per second capacity. If you have retries enabled, you can safely ignore this message. If not, check out https://docs.alchemy.com/refer
2026-10-01T04:04:59Z rpc item error bal|0x3be22b314654c396a12c5e8d79abdd65aac3caaf|USDC|51999200 {"code": 429, "message": "Your app has exceeded its compute units per second capacity. If you have retries enabled, you can safely ignore this message. If not, check out https://docs.alchemy.com/refer
2026-10-01T04:04:59Z rpc item error bal|0x3be22b314654c396a12c5e8d79abdd65aac3caaf|XDP|51999200 {"code": 429, "message": "Your app has exceeded its compute units per second capacity. If you have retries enabled, you can safely ignore this message. If not, check out https://docs.alchemy.com/refer
2026-10-01T04:04:59Z rpc item error bal|0x08c61873dc64c5131758ae27cb4d84e773d66d82|ETH|51999200 {"code": 429, "message": "Your app has exceeded its compute units per second capacity. If you have retries enabled, you can safely ignore this message. If not, check out https://docs.alchemy.com/refer
2026-10-01T04:04:59Z rpc item error bal|0x08c61873dc64c5131758ae27cb4d84e773d66d82|WETH|51999200 {"code": 429, "message": "Your app has exceeded its compute units per second capacity. If you have retries enabled, you can safely ignore this message. If not, check out https://docs.alchemy.com/refer
2026-10-01T04:04:59Z rpc item error bal|0x3be22b314654c396a12c5e8d79abdd65aac3caaf|ETH|51999202 {"code": 429, "message": "Your app has exceeded its compute units per second capacity. If you have retries enabled, you can safely ignore this message. If not, check out https://docs.alchemy.com/refer
2026-10-01T04:04:59Z rpc item error bal|0x3be22b314654c396a12c5e8d79abdd65aac3caaf|WETH|51999202 {"code": 429, "message": "Your app has exceeded its compute units per second capacity. If you have retries enabled, you can safely ignore this message. If not, check out https://docs.alchemy.com/refer
2026-10-01T04:04:59Z rpc item error bal|0x3be22b314654c396a12c5e8d79abdd65aac3caaf|XDP|51999202 {"code": 429, "message": "Your app has exceeded its compute units per second capacity. If you have retries enabled, you can safely ignore this message. If not, check out https://docs.alchemy.com/refer
2026-10-01T04:04:59Z rpc item error bal|0x08c61873dc64c5131758ae27cb4d84e773d66d82|ETH|51999202 {"code": 429, "message": "Your app has exceeded its compute units per second capacity. If you have retries enabled, you can safely ignore this message. If not, check out https://docs.alchemy.com/refer
2026-10-01T04:04:59Z rpc item error bal|0x08c61873dc64c5131758ae27cb4d84e773d66d82|USDC|51999202 {"code": 429, "message": "Your app has exceeded its compute units per second capacity. If you have retries enabled, you can safely ignore this message. If not, check out https://docs.alchemy.com/refer
2026-10-01T04:04:59Z rpc item error bal|0x08c61873dc64c5131758ae27cb4d84e773d66d82|XDP|51999202 {"code": 429, "message": "Your app has exceeded its compute units per second capacity. If you have retries enabled, you can safely ignore this message. If not, check out https://docs.alchemy.com/refer
2026-10-01T04:04:59Z rpc item error bal|0x3be22b314654c396a12c5e8d79abdd65aac3caaf|ETH|51999203 {"code": 429, "message": "Your app has exceeded its compute units per second capacity. If you have retries enabled, you can safely ignore this message. If not, check out https://docs.alchemy.com/refer
2026-10-01T04:04:59Z rpc item error bal|0x3be22b314654c396a12c5e8d79abdd65aac3caaf|XDP|51999203 {"code": 429, "message": "Your app has exceeded its compute units per second capacity. If you have retries enabled, you can safely ignore this message. If not, check out https://docs.alchemy.com/refer
2026-10-01T04:04:59Z rpc item error bal|0x08c61873dc64c5131758ae27cb4d84e773d66d82|ETH|51999203 {"code": 429, "message": "Your app has exceeded its compute units per second capacity. If you have retries enabled, you can safely ignore this message. If not, check out https://docs.alchemy.com/refer
2026-10-01T04:04:59Z rpc item error bal|0x3be22b314654c396a12c5e8d79abdd65aac3caaf|WETH|51999129 {"code": 429, "message": "Your app has exceeded its compute units per second capacity. If you have retries enabled, you can safely ignore this message. If not, check out https://docs.alchemy.com/refer
2026-10-01T04:04:59Z rpc item error bal|0x08c61873dc64c5131758ae27cb4d84e773d66d82|USDC|51999129 {"code": 429, "message": "Your app has exceeded its compute units per second capacity. If you have retries enabled, you can safely ignore this message. If not, check out https://docs.alchemy.com/refer
2026-10-01T04:04:59Z rpc item error bal|0x3be22b314654c396a12c5e8d79abdd65aac3caaf|ETH|51999144 {"code": 429, "message": "Your app has exceeded its compute units per second capacity. If you have retries enabled, you can safely ignore this message. If not, check out https://docs.alchemy.com/refer
2026-10-01T04:04:59Z rpc item error bal|0x3be22b314654c396a12c5e8d79abdd65aac3caaf|XDP|51999144 {"code": 429, "message": "Your app has exceeded its compute units per second capacity. If you have retries enabled, you can safely ignore this message. If not, check out https://docs.alchemy.com/refer
2026-10-01T04:04:59Z rpc item error bal|0x08c61873dc64c5131758ae27cb4d84e773d66d82|WETH|51999144 {"code": 429, "message": "Your app has exceeded its compute units per second capacity. If you have retries enabled, you can safely ignore this message. If not, check out https://docs.alchemy.com/refer
2026-10-01T04:04:59Z rpc item error bal|0x3be22b314654c396a12c5e8d79abdd65aac3caaf|ETH|51999145 {"code": 429, "message": "Your app has exceeded its compute units per second capacity. If you have retries enabled, you can safely ignore this message. If not, check out https://docs.alchemy.com/refer
2026-10-01T04:04:59Z rpc item error bal|0x08c61873dc64c5131758ae27cb4d84e773d66d82|ETH|51999145 {"code": 429, "message": "Your app has exceeded its compute units per second capacity. If you have retries enabled, you can safely ignore this message. If not, check out https://docs.alchemy.com/refer
2026-10-01T04:04:59Z rpc item error bal|0x08c61873dc64c5131758ae27cb4d84e773d66d82|USDC|51999145 {"code": 429, "message": "Your app has exceeded its compute units per second capacity. If you have retries enabled, you can safely ignore this message. If not, check out https://docs.alchemy.com/refer
2026-10-01T04:05:00Z batches done 50/69
2026-10-01T04:05:01Z rpc item error bal|0x08c61873dc64c5131758ae27cb4d84e773d66d82|WETH|51999203 {"code": 429, "message": "Your app has exceeded its compute units per second capacity. If you have retries enabled, you can safely ignore this message. If not, check out https://docs.alchemy.com/refer
2026-10-01T04:05:01Z rpc item error bal|0x08c61873dc64c5131758ae27cb4d84e773d66d82|XDP|51999203 {"code": 429, "message": "Your app has exceeded its compute units per second capacity. If you have retries enabled, you can safely ignore this message. If not, check out https://docs.alchemy.com/refer
2026-10-01T04:05:01Z rpc item error bal|0x3be22b314654c396a12c5e8d79abdd65aac3caaf|ETH|51999210 {"code": 429, "message": "Your app has exceeded its compute units per second capacity. If you have retries enabled, you can safely ignore this message. If not, check out https://docs.alchemy.com/refer
2026-10-01T04:05:01Z rpc item error bal|0x3be22b314654c396a12c5e8d79abdd65aac3caaf|USDC|51999210 {"code": 429, "message": "Your app has exceeded its compute units per second capacity. If you have retries enabled, you can safely ignore this message. If not, check out https://docs.alchemy.com/refer
2026-10-01T04:05:01Z rpc item error bal|0x08c61873dc64c5131758ae27cb4d84e773d66d82|ETH|51999210 {"code": 429, "message": "Your app has exceeded its compute units per second capacity. If you have retries enabled, you can safely ignore this message. If not, check out https://docs.alchemy.com/refer
2026-10-01T04:05:01Z rpc item error bal|0x08c61873dc64c5131758ae27cb4d84e773d66d82|WETH|51999210 {"code": 429, "message": "Your app has exceeded its compute units per second capacity. If you have retries enabled, you can safely ignore this message. If not, check out https://docs.alchemy.com/refer
2026-10-01T04:05:01Z rpc item error bal|0x08c61873dc64c5131758ae27cb4d84e773d66d82|USDC|51999210 {"code": 429, "message": "Your app has exceeded its compute units per second capacity. If you have retries enabled, you can safely ignore this message. If not, check out https://docs.alchemy.com/refer
2026-10-01T04:05:01Z rpc item error bal|0x08c61873dc64c5131758ae27cb4d84e773d66d82|XDP|51999210 {"code": 429, "message": "Your app has exceeded its compute units per second capacity. If you have retries enabled, you can safely ignore this message. If not, check out https://docs.alchemy.com/refer
2026-10-01T04:05:01Z rpc item error bal|0x3be22b314654c396a12c5e8d79abdd65aac3caaf|WETH|51999211 {"code": 429, "message": "Your app has exceeded its compute units per second capacity. If you have retries enabled, you can safely ignore this message. If not, check out https://docs.alchemy.com/refer
2026-10-01T04:05:01Z rpc item error bal|0x3be22b314654c396a12c5e8d79abdd65aac3caaf|USDC|51999211 {"code": 429, "message": "Your app has exceeded its compute units per second capacity. If you have retries enabled, you can safely ignore this message. If not, check out https://docs.alchemy.com/refer
2026-10-01T04:05:01Z rpc item error bal|0x08c61873dc64c5131758ae27cb4d84e773d66d82|ETH|51999211 {"code": 429, "message": "Your app has exceeded its compute units per second capacity. If you have retries enabled, you can safely ignore this message. If not, check out https://docs.alchemy.com/refer
2026-10-01T04:05:01Z rpc item error bal|0x08c61873dc64c5131758ae27cb4d84e773d66d82|USDC|51999211 {"code": 429, "message": "Your app has exceeded its compute units per second capacity. If you have retries enabled, you can safely ignore this message. If not, check out https://docs.alchemy.com/refer
2026-10-01T04:05:01Z rpc item error bal|0x3be22b314654c396a12c5e8d79abdd65aac3caaf|WETH|51999212 {"code": 429, "message": "Your app has exceeded its compute units per second capacity. If you have retries enabled, you can safely ignore this message. If not, check out https://docs.alchemy.com/refer
2026-10-01T04:05:01Z rpc item error bal|0x3be22b314654c396a12c5e8d79abdd65aac3caaf|USDC|51999212 {"code": 429, "message": "Your app has exceeded its compute units per second capacity. If you have retries enabled, you can safely ignore this message. If not, check out https://docs.alchemy.com/refer
2026-10-01T04:05:01Z rpc item error bal|0x08c61873dc64c5131758ae27cb4d84e773d66d82|ETH|51999212 {"code": 429, "message": "Your app has exceeded its compute units per second capacity. If you have retries enabled, you can safely ignore this message. If not, check out https://docs.alchemy.com/refer
2026-10-01T04:05:01Z rpc item error bal|0x3be22b314654c396a12c5e8d79abdd65aac3caaf|WETH|51999213 {"code": 429, "message": "Your app has exceeded its compute units per second capacity. If you have retries enabled, you can safely ignore this message. If not, check out https://docs.alchemy.com/refer
2026-10-01T04:05:01Z rpc item error bal|0x3be22b314654c396a12c5e8d79abdd65aac3caaf|XDP|51999213 {"code": 429, "message": "Your app has exceeded its compute units per second capacity. If you have retries enabled, you can safely ignore this message. If not, check out https://docs.alchemy.com/refer
2026-10-01T04:05:01Z rpc item error bal|0x08c61873dc64c5131758ae27cb4d84e773d66d82|USDC|51999213 {"code": 429, "message": "Your app has exceeded its compute units per second capacity. If you have retries enabled, you can safely ignore this message. If not, check out https://docs.alchemy.com/refer
2026-10-01T04:05:01Z rpc item error bal|0x08c61873dc64c5131758ae27cb4d84e773d66d82|XDP|51999213 {"code": 429, "message": "Your app has exceeded its compute units per second capacity. If you have retries enabled, you can safely ignore this message. If not, check out https://docs.alchemy.com/refer
2026-10-01T04:05:01Z rpc item error bal|0x3be22b314654c396a12c5e8d79abdd65aac3caaf|ETH|51999222 {"code": 429, "message": "Your app has exceeded its compute units per second capacity. If you have retries enabled, you can safely ignore this message. If not, check out https://docs.alchemy.com/refer
2026-10-01T04:05:01Z rpc item error bal|0x3be22b314654c396a12c5e8d79abdd65aac3caaf|USDC|51999222 {"code": 429, "message": "Your app has exceeded its compute units per second capacity. If you have retries enabled, you can safely ignore this message. If not, check out https://docs.alchemy.com/refer
2026-10-01T04:05:01Z rpc item error bal|0x08c61873dc64c5131758ae27cb4d84e773d66d82|WETH|51999222 {"code": 429, "message": "Your app has exceeded its compute units per second capacity. If you have retries enabled, you can safely ignore this message. If not, check out https://docs.alchemy.com/refer
2026-10-01T04:05:01Z rpc item error bal|0x08c61873dc64c5131758ae27cb4d84e773d66d82|USDC|51999222 {"code": 429, "message": "Your app has exceeded its compute units per second capacity. If you have retries enabled, you can safely ignore this message. If not, check out https://docs.alchemy.com/refer
2026-10-01T04:05:01Z rpc item error bal|0x3be22b314654c396a12c5e8d79abdd65aac3caaf|USDC|51999223 {"code": 429, "message": "Your app has exceeded its compute units per second capacity. If you have retries enabled, you can safely ignore this message. If not, check out https://docs.alchemy.com/refer
2026-10-01T04:05:01Z rpc item error bal|0x08c61873dc64c5131758ae27cb4d84e773d66d82|WETH|51999223 {"code": 429, "message": "Your app has exceeded its compute units per second capacity. If you have retries enabled, you can safely ignore this message. If not, check out https://docs.alchemy.com/refer
2026-10-01T04:05:01Z rpc item error bal|0x08c61873dc64c5131758ae27cb4d84e773d66d82|USDC|51999223 {"code": 429, "message": "Your app has exceeded its compute units per second capacity. If you have retries enabled, you can safely ignore this message. If not, check out https://docs.alchemy.com/refer
2026-10-01T04:05:01Z rpc item error bal|0x3be22b314654c396a12c5e8d79abdd65aac3caaf|ETH|51999210 {"code": 429, "message": "Your app has exceeded its compute units per second capacity. If you have retries enabled, you can safely ignore this message. If not, check out https://docs.alchemy.com/refer
2026-10-01T04:05:01Z rpc item error bal|0x3be22b314654c396a12c5e8d79abdd65aac3caaf|USDC|51999210 {"code": 429, "message": "Your app has exceeded its compute units per second capacity. If you have retries enabled, you can safely ignore this message. If not, check out https://docs.alchemy.com/refer
2026-10-01T04:05:01Z rpc item error bal|0x08c61873dc64c5131758ae27cb4d84e773d66d82|ETH|51999210 {"code": 429, "message": "Your app has exceeded its compute units per second capacity. If you have retries enabled, you can safely ignore this message. If not, check out https://docs.alchemy.com/refer
2026-10-01T04:05:01Z rpc item error bal|0x08c61873dc64c5131758ae27cb4d84e773d66d82|WETH|51999210 {"code": 429, "message": "Your app has exceeded its compute units per second capacity. If you have retries enabled, you can safely ignore this message. If not, check out https://docs.alchemy.com/refer
2026-10-01T04:05:01Z rpc item error bal|0x08c61873dc64c5131758ae27cb4d84e773d66d82|XDP|51999210 {"code": 429, "message": "Your app has exceeded its compute units per second capacity. If you have retries enabled, you can safely ignore this message. If not, check out https://docs.alchemy.com/refer
2026-10-01T04:05:01Z rpc item error bal|0x3be22b314654c396a12c5e8d79abdd65aac3caaf|WETH|51999211 {"code": 429, "message": "Your app has exceeded its compute units per second capacity. If you have retries enabled, you can safely ignore this message. If not, check out https://docs.alchemy.com/refer
2026-10-01T04:05:01Z rpc item error bal|0x3be22b314654c396a12c5e8d79abdd65aac3caaf|USDC|51999211 {"code": 429, "message": "Your app has exceeded its compute units per second capacity. If you have retries enabled, you can safely ignore this message. If not, check out https://docs.alchemy.com/refer
2026-10-01T04:05:01Z rpc item error bal|0x08c61873dc64c5131758ae27cb4d84e773d66d82|ETH|51999211 {"code": 429, "message": "Your app has exceeded its compute units per second capacity. If you have retries enabled, you can safely ignore this message. If not, check out https://docs.alchemy.com/refer
2026-10-01T04:05:01Z rpc item error bal|0x08c61873dc64c5131758ae27cb4d84e773d66d82|USDC|51999211 {"code": 429, "message": "Your app has exceeded its compute units per second capacity. If you have retries enabled, you can safely ignore this message. If not, check out https://docs.alchemy.com/refer
2026-10-01T04:05:01Z rpc item error bal|0x3be22b314654c396a12c5e8d79abdd65aac3caaf|WETH|51999212 {"code": 429, "message": "Your app has exceeded its compute units per second capacity. If you have retries enabled, you can safely ignore this message. If not, check out https://docs.alchemy.com/refer
2026-10-01T04:05:01Z rpc item error bal|0x3be22b314654c396a12c5e8d79abdd65aac3caaf|USDC|51999212 {"code": 429, "message": "Your app has exceeded its compute units per second capacity. If you have retries enabled, you can safely ignore this message. If not, check out https://docs.alchemy.com/refer
2026-10-01T04:05:01Z rpc item error bal|0x08c61873dc64c5131758ae27cb4d84e773d66d82|ETH|51999212 {"code": 429, "message": "Your app has exceeded its compute units per second capacity. If you have retries enabled, you can safely ignore this message. If not, check out https://docs.alchemy.com/refer
2026-10-01T04:05:02Z rpc item error bal|0x3be22b314654c396a12c5e8d79abdd65aac3caaf|WETH|51999229 {"code": 429, "message": "Your app has exceeded its compute units per second capacity. If you have retries enabled, you can safely ignore this message. If not, check out https://docs.alchemy.com/refer
2026-10-01T04:05:02Z rpc item error bal|0x3be22b314654c396a12c5e8d79abdd65aac3caaf|XDP|51999229 {"code": 429, "message": "Your app has exceeded its compute units per second capacity. If you have retries enabled, you can safely ignore this message. If not, check out https://docs.alchemy.com/refer
2026-10-01T04:05:02Z rpc item error bal|0x08c61873dc64c5131758ae27cb4d84e773d66d82|ETH|51999229 {"code": 429, "message": "Your app has exceeded its compute units per second capacity. If you have retries enabled, you can safely ignore this message. If not, check out https://docs.alchemy.com/refer
2026-10-01T04:05:02Z rpc item error bal|0x08c61873dc64c5131758ae27cb4d84e773d66d82|WETH|51999229 {"code": 429, "message": "Your app has exceeded its compute units per second capacity. If you have retries enabled, you can safely ignore this message. If not, check out https://docs.alchemy.com/refer
2026-10-01T04:05:02Z rpc item error bal|0x08c61873dc64c5131758ae27cb4d84e773d66d82|XDP|51999229 {"code": 429, "message": "Your app has exceeded its compute units per second capacity. If you have retries enabled, you can safely ignore this message. If not, check out https://docs.alchemy.com/refer
2026-10-01T04:05:02Z rpc item error bal|0x3be22b314654c396a12c5e8d79abdd65aac3caaf|WETH|51999230 {"code": 429, "message": "Your app has exceeded its compute units per second capacity. If you have retries enabled, you can safely ignore this message. If not, check out https://docs.alchemy.com/refer
2026-10-01T04:05:02Z rpc item error bal|0x3be22b314654c396a12c5e8d79abdd65aac3caaf|USDC|51999230 {"code": 429, "message": "Your app has exceeded its compute units per second capacity. If you have retries enabled, you can safely ignore this message. If not, check out https://docs.alchemy.com/refer
2026-10-01T04:05:02Z rpc item error bal|0x3be22b314654c396a12c5e8d79abdd65aac3caaf|XDP|51999230 {"code": 429, "message": "Your app has exceeded its compute units per second capacity. If you have retries enabled, you can safely ignore this message. If not, check out https://docs.alchemy.com/refer
2026-10-01T04:05:02Z rpc item error bal|0x08c61873dc64c5131758ae27cb4d84e773d66d82|ETH|51999230 {"code": 429, "message": "Your app has exceeded its compute units per second capacity. If you have retries enabled, you can safely ignore this message. If not, check out https://docs.alchemy.com/refer
2026-10-01T04:05:02Z rpc item error bal|0x08c61873dc64c5131758ae27cb4d84e773d66d82|WETH|51999230 {"code": 429, "message": "Your app has exceeded its compute units per second capacity. If you have retries enabled, you can safely ignore this message. If not, check out https://docs.alchemy.com/refer
2026-10-01T04:05:02Z rpc item error bal|0x08c61873dc64c5131758ae27cb4d84e773d66d82|USDC|51999230 {"code": 429, "message": "Your app has exceeded its compute units per second capacity. If you have retries enabled, you can safely ignore this message. If not, check out https://docs.alchemy.com/refer
2026-10-01T04:05:02Z rpc item error bal|0x08c61873dc64c5131758ae27cb4d84e773d66d82|XDP|51999230 {"code": 429, "message": "Your app has exceeded its compute units per second capacity. If you have retries enabled, you can safely ignore this message. If not, check out https://docs.alchemy.com/refer
2026-10-01T04:05:02Z rpc item error bal|0x3be22b314654c396a12c5e8d79abdd65aac3caaf|ETH|51999233 {"code": 429, "message": "Your app has exceeded its compute units per second capacity. If you have retries enabled, you can safely ignore this message. If not, check out https://docs.alchemy.com/refer
2026-10-01T04:05:02Z rpc item error bal|0x3be22b314654c396a12c5e8d79abdd65aac3caaf|WETH|51999233 {"code": 429, "message": "Your app has exceeded its compute units per second capacity. If you have retries enabled, you can safely ignore this message. If not, check out https://docs.alchemy.com/refer
2026-10-01T04:05:02Z rpc item error bal|0x3be22b314654c396a12c5e8d79abdd65aac3caaf|XDP|51999233 {"code": 429, "message": "Your app has exceeded its compute units per second capacity. If you have retries enabled, you can safely ignore this message. If not, check out https://docs.alchemy.com/refer
2026-10-01T04:05:02Z rpc item error bal|0x08c61873dc64c5131758ae27cb4d84e773d66d82|WETH|51999233 {"code": 429, "message": "Your app has exceeded its compute units per second capacity. If you have retries enabled, you can safely ignore this message. If not, check out https://docs.alchemy.com/refer
2026-10-01T04:05:02Z rpc item error bal|0x08c61873dc64c5131758ae27cb4d84e773d66d82|XDP|51999233 {"code": 429, "message": "Your app has exceeded its compute units per second capacity. If you have retries enabled, you can safely ignore this message. If not, check out https://docs.alchemy.com/refer
2026-10-01T04:05:03Z rpc item error bal|0x3be22b314654c396a12c5e8d79abdd65aac3caaf|USDC|51999239 {"code": 429, "message": "Your app has exceeded its compute units per second capacity. If you have retries enabled, you can safely ignore this message. If not, check out https://docs.alchemy.com/refer
2026-10-01T04:05:03Z rpc item error bal|0x08c61873dc64c5131758ae27cb4d84e773d66d82|XDP|51999239 {"code": 429, "message": "Your app has exceeded its compute units per second capacity. If you have retries enabled, you can safely ignore this message. If not, check out https://docs.alchemy.com/refer
2026-10-01T04:05:03Z rpc item error bal|0x3be22b314654c396a12c5e8d79abdd65aac3caaf|USDC|51999211 {"code": 429, "message": "Your app has exceeded its compute units per second capacity. If you have retries enabled, you can safely ignore this message. If not, check out https://docs.alchemy.com/refer
2026-10-01T04:05:04Z rpc item error bal|0x3be22b314654c396a12c5e8d79abdd65aac3caaf|WETH|51999240 {"code": 429, "message": "Your app has exceeded its compute units per second capacity. If you have retries enabled, you can safely ignore this message. If not, check out https://docs.alchemy.com/refer
2026-10-01T04:05:04Z rpc item error bal|0x3be22b314654c396a12c5e8d79abdd65aac3caaf|USDC|51999240 {"code": 429, "message": "Your app has exceeded its compute units per second capacity. If you have retries enabled, you can safely ignore this message. If not, check out https://docs.alchemy.com/refer
2026-10-01T04:05:04Z rpc item error bal|0x3be22b314654c396a12c5e8d79abdd65aac3caaf|XDP|51999240 {"code": 429, "message": "Your app has exceeded its compute units per second capacity. If you have retries enabled, you can safely ignore this message. If not, check out https://docs.alchemy.com/refer
2026-10-01T04:05:04Z rpc item error bal|0x08c61873dc64c5131758ae27cb4d84e773d66d82|ETH|51999240 {"code": 429, "message": "Your app has exceeded its compute units per second capacity. If you have retries enabled, you can safely ignore this message. If not, check out https://docs.alchemy.com/refer
2026-10-01T04:05:04Z rpc item error bal|0x08c61873dc64c5131758ae27cb4d84e773d66d82|WETH|51999240 {"code": 429, "message": "Your app has exceeded its compute units per second capacity. If you have retries enabled, you can safely ignore this message. If not, check out https://docs.alchemy.com/refer
2026-10-01T04:05:04Z rpc item error bal|0x08c61873dc64c5131758ae27cb4d84e773d66d82|USDC|51999240 {"code": 429, "message": "Your app has exceeded its compute units per second capacity. If you have retries enabled, you can safely ignore this message. If not, check out https://docs.alchemy.com/refer
2026-10-01T04:05:04Z rpc item error bal|0x08c61873dc64c5131758ae27cb4d84e773d66d82|XDP|51999240 {"code": 429, "message": "Your app has exceeded its compute units per second capacity. If you have retries enabled, you can safely ignore this message. If not, check out https://docs.alchemy.com/refer
2026-10-01T04:05:04Z rpc item error bal|0x3be22b314654c396a12c5e8d79abdd65aac3caaf|WETH|51999241 {"code": 429, "message": "Your app has exceeded its compute units per second capacity. If you have retries enabled, you can safely ignore this message. If not, check out https://docs.alchemy.com/refer
2026-10-01T04:05:04Z rpc item error bal|0x3be22b314654c396a12c5e8d79abdd65aac3caaf|USDC|51999241 {"code": 429, "message": "Your app has exceeded its compute units per second capacity. If you have retries enabled, you can safely ignore this message. If not, check out https://docs.alchemy.com/refer
2026-10-01T04:05:04Z rpc item error bal|0x3be22b314654c396a12c5e8d79abdd65aac3caaf|XDP|51999241 {"code": 429, "message": "Your app has exceeded its compute units per second capacity. If you have retries enabled, you can safely ignore this message. If not, check out https://docs.alchemy.com/refer
2026-10-01T04:05:04Z rpc item error bal|0x08c61873dc64c5131758ae27cb4d84e773d66d82|ETH|51999241 {"code": 429, "message": "Your app has exceeded its compute units per second capacity. If you have retries enabled, you can safely ignore this message. If not, check out https://docs.alchemy.com/refer
2026-10-01T04:05:04Z rpc item error bal|0x08c61873dc64c5131758ae27cb4d84e773d66d82|XDP|51999241 {"code": 429, "message": "Your app has exceeded its compute units per second capacity. If you have retries enabled, you can safely ignore this message. If not, check out https://docs.alchemy.com/refer
2026-10-01T04:05:04Z rpc item error bal|0x3be22b314654c396a12c5e8d79abdd65aac3caaf|ETH|51999242 {"code": 429, "message": "Your app has exceeded its compute units per second capacity. If you have retries enabled, you can safely ignore this message. If not, check out https://docs.alchemy.com/refer
2026-10-01T04:05:04Z rpc item error bal|0x3be22b314654c396a12c5e8d79abdd65aac3caaf|WETH|51999242 {"code": 429, "message": "Your app has exceeded its compute units per second capacity. If you have retries enabled, you can safely ignore this message. If not, check out https://docs.alchemy.com/refer
2026-10-01T04:05:04Z rpc item error bal|0x3be22b314654c396a12c5e8d79abdd65aac3caaf|XDP|51999242 {"code": 429, "message": "Your app has exceeded its compute units per second capacity. If you have retries enabled, you can safely ignore this message. If not, check out https://docs.alchemy.com/refer
2026-10-01T04:05:04Z rpc item error bal|0x08c61873dc64c5131758ae27cb4d84e773d66d82|ETH|51999242 {"code": 429, "message": "Your app has exceeded its compute units per second capacity. If you have retries enabled, you can safely ignore this message. If not, check out https://docs.alchemy.com/refer
2026-10-01T04:05:04Z rpc item error bal|0x08c61873dc64c5131758ae27cb4d84e773d66d82|WETH|51999242 {"code": 429, "message": "Your app has exceeded its compute units per second capacity. If you have retries enabled, you can safely ignore this message. If not, check out https://docs.alchemy.com/refer
2026-10-01T04:05:04Z rpc item error bal|0x08c61873dc64c5131758ae27cb4d84e773d66d82|USDC|51999242 {"code": 429, "message": "Your app has exceeded its compute units per second capacity. If you have retries enabled, you can safely ignore this message. If not, check out https://docs.alchemy.com/refer
2026-10-01T04:05:04Z rpc item error bal|0x08c61873dc64c5131758ae27cb4d84e773d66d82|XDP|51999242 {"code": 429, "message": "Your app has exceeded its compute units per second capacity. If you have retries enabled, you can safely ignore this message. If not, check out https://docs.alchemy.com/refer
2026-10-01T04:05:04Z rpc item error bal|0x3be22b314654c396a12c5e8d79abdd65aac3caaf|WETH|51999245 {"code": 429, "message": "Your app has exceeded its compute units per second capacity. If you have retries enabled, you can safely ignore this message. If not, check out https://docs.alchemy.com/refer
2026-10-01T04:05:05Z rpc item error bal|0x3be22b314654c396a12c5e8d79abdd65aac3caaf|XDP|51999245 {"code": 429, "message": "Your app has exceeded its compute units per second capacity. If you have retries enabled, you can safely ignore this message. If not, check out https://docs.alchemy.com/refer
2026-10-01T04:05:05Z rpc item error bal|0x08c61873dc64c5131758ae27cb4d84e773d66d82|ETH|51999245 {"code": 429, "message": "Your app has exceeded its compute units per second capacity. If you have retries enabled, you can safely ignore this message. If not, check out https://docs.alchemy.com/refer
2026-10-01T04:05:05Z rpc item error bal|0x08c61873dc64c5131758ae27cb4d84e773d66d82|USDC|51999245 {"code": 429, "message": "Your app has exceeded its compute units per second capacity. If you have retries enabled, you can safely ignore this message. If not, check out https://docs.alchemy.com/refer
2026-10-01T04:05:05Z rpc item error bal|0x08c61873dc64c5131758ae27cb4d84e773d66d82|XDP|51999245 {"code": 429, "message": "Your app has exceeded its compute units per second capacity. If you have retries enabled, you can safely ignore this message. If not, check out https://docs.alchemy.com/refer
2026-10-01T04:05:05Z rpc item error bal|0x3be22b314654c396a12c5e8d79abdd65aac3caaf|ETH|51999246 {"code": 429, "message": "Your app has exceeded its compute units per second capacity. If you have retries enabled, you can safely ignore this message. If not, check out https://docs.alchemy.com/refer
2026-10-01T04:05:05Z rpc item error bal|0x3be22b314654c396a12c5e8d79abdd65aac3caaf|WETH|51999246 {"code": 429, "message": "Your app has exceeded its compute units per second capacity. If you have retries enabled, you can safely ignore this message. If not, check out https://docs.alchemy.com/refer
2026-10-01T04:05:05Z rpc item error bal|0x3be22b314654c396a12c5e8d79abdd65aac3caaf|XDP|51999246 {"code": 429, "message": "Your app has exceeded its compute units per second capacity. If you have retries enabled, you can safely ignore this message. If not, check out https://docs.alchemy.com/refer
2026-10-01T04:05:05Z rpc item error bal|0x08c61873dc64c5131758ae27cb4d84e773d66d82|USDC|51999246 {"code": 429, "message": "Your app has exceeded its compute units per second capacity. If you have retries enabled, you can safely ignore this message. If not, check out https://docs.alchemy.com/refer
2026-10-01T04:05:05Z rpc item error bal|0x08c61873dc64c5131758ae27cb4d84e773d66d82|XDP|51999246 {"code": 429, "message": "Your app has exceeded its compute units per second capacity. If you have retries enabled, you can safely ignore this message. If not, check out https://docs.alchemy.com/refer
2026-10-01T04:05:05Z rpc item error bal|0x3be22b314654c396a12c5e8d79abdd65aac3caaf|WETH|51999248 {"code": 429, "message": "Your app has exceeded its compute units per second capacity. If you have retries enabled, you can safely ignore this message. If not, check out https://docs.alchemy.com/refer
2026-10-01T04:05:05Z rpc item error bal|0x3be22b314654c396a12c5e8d79abdd65aac3caaf|USDC|51999248 {"code": 429, "message": "Your app has exceeded its compute units per second capacity. If you have retries enabled, you can safely ignore this message. If not, check out https://docs.alchemy.com/refer
2026-10-01T04:05:05Z rpc item error bal|0x3be22b314654c396a12c5e8d79abdd65aac3caaf|XDP|51999248 {"code": 429, "message": "Your app has exceeded its compute units per second capacity. If you have retries enabled, you can safely ignore this message. If not, check out https://docs.alchemy.com/refer
2026-10-01T04:05:05Z rpc item error bal|0x08c61873dc64c5131758ae27cb4d84e773d66d82|WETH|51999248 {"code": 429, "message": "Your app has exceeded its compute units per second capacity. If you have retries enabled, you can safely ignore this message. If not, check out https://docs.alchemy.com/refer
2026-10-01T04:05:05Z rpc item error bal|0x08c61873dc64c5131758ae27cb4d84e773d66d82|USDC|51999248 {"code": 429, "message": "Your app has exceeded its compute units per second capacity. If you have retries enabled, you can safely ignore this message. If not, check out https://docs.alchemy.com/refer
2026-10-01T04:05:05Z rpc item error bal|0x08c61873dc64c5131758ae27cb4d84e773d66d82|XDP|51999248 {"code": 429, "message": "Your app has exceeded its compute units per second capacity. If you have retries enabled, you can safely ignore this message. If not, check out https://docs.alchemy.com/refer
2026-10-01T04:05:05Z rpc item error bal|0x3be22b314654c396a12c5e8d79abdd65aac3caaf|ETH|51999249 {"code": 429, "message": "Your app has exceeded its compute units per second capacity. If you have retries enabled, you can safely ignore this message. If not, check out https://docs.alchemy.com/refer
2026-10-01T04:05:05Z rpc item error bal|0x3be22b314654c396a12c5e8d79abdd65aac3caaf|WETH|51999249 {"code": 429, "message": "Your app has exceeded its compute units per second capacity. If you have retries enabled, you can safely ignore this message. If not, check out https://docs.alchemy.com/refer
2026-10-01T04:05:05Z rpc item error bal|0x3be22b314654c396a12c5e8d79abdd65aac3caaf|USDC|51999249 {"code": 429, "message": "Your app has exceeded its compute units per second capacity. If you have retries enabled, you can safely ignore this message. If not, check out https://docs.alchemy.com/refer
2026-10-01T04:05:07Z rpc item error bal|0x08c61873dc64c5131758ae27cb4d84e773d66d82|WETH|51999249 {"code": 429, "message": "Your app has exceeded its compute units per second capacity. If you have retries enabled, you can safely ignore this message. If not, check out https://docs.alchemy.com/refer
2026-10-01T04:05:07Z rpc item error bal|0x08c61873dc64c5131758ae27cb4d84e773d66d82|XDP|51999249 {"code": 429, "message": "Your app has exceeded its compute units per second capacity. If you have retries enabled, you can safely ignore this message. If not, check out https://docs.alchemy.com/refer
2026-10-01T04:05:07Z rpc item error bal|0x3be22b314654c396a12c5e8d79abdd65aac3caaf|WETH|51999253 {"code": 429, "message": "Your app has exceeded its compute units per second capacity. If you have retries enabled, you can safely ignore this message. If not, check out https://docs.alchemy.com/refer
2026-10-01T04:05:07Z rpc item error bal|0x3be22b314654c396a12c5e8d79abdd65aac3caaf|USDC|51999253 {"code": 429, "message": "Your app has exceeded its compute units per second capacity. If you have retries enabled, you can safely ignore this message. If not, check out https://docs.alchemy.com/refer
2026-10-01T04:05:07Z rpc item error bal|0x08c61873dc64c5131758ae27cb4d84e773d66d82|USDC|51999253 {"code": 429, "message": "Your app has exceeded its compute units per second capacity. If you have retries enabled, you can safely ignore this message. If not, check out https://docs.alchemy.com/refer
2026-10-01T04:05:07Z rpc item error bal|0x08c61873dc64c5131758ae27cb4d84e773d66d82|XDP|51999253 {"code": 429, "message": "Your app has exceeded its compute units per second capacity. If you have retries enabled, you can safely ignore this message. If not, check out https://docs.alchemy.com/refer
2026-10-01T04:05:07Z rpc item error bal|0x3be22b314654c396a12c5e8d79abdd65aac3caaf|ETH|51999254 {"code": 429, "message": "Your app has exceeded its compute units per second capacity. If you have retries enabled, you can safely ignore this message. If not, check out https://docs.alchemy.com/refer
2026-10-01T04:05:07Z rpc item error bal|0x3be22b314654c396a12c5e8d79abdd65aac3caaf|USDC|51999254 {"code": 429, "message": "Your app has exceeded its compute units per second capacity. If you have retries enabled, you can safely ignore this message. If not, check out https://docs.alchemy.com/refer
2026-10-01T04:05:07Z rpc item error bal|0x3be22b314654c396a12c5e8d79abdd65aac3caaf|XDP|51999254 {"code": 429, "message": "Your app has exceeded its compute units per second capacity. If you have retries enabled, you can safely ignore this message. If not, check out https://docs.alchemy.com/refer
2026-10-01T04:05:07Z rpc item error bal|0x08c61873dc64c5131758ae27cb4d84e773d66d82|WETH|51999254 {"code": 429, "message": "Your app has exceeded its compute units per second capacity. If you have retries enabled, you can safely ignore this message. If not, check out https://docs.alchemy.com/refer
2026-10-01T04:05:07Z rpc item error bal|0x3be22b314654c396a12c5e8d79abdd65aac3caaf|WETH|51999262 {"code": 429, "message": "Your app has exceeded its compute units per second capacity. If you have retries enabled, you can safely ignore this message. If not, check out https://docs.alchemy.com/refer
2026-10-01T04:05:08Z rpc item error bal|0x08c61873dc64c5131758ae27cb4d84e773d66d82|WETH|51999249 {"code": 429, "message": "Your app has exceeded its compute units per second capacity. If you have retries enabled, you can safely ignore this message. If not, check out https://docs.alchemy.com/refer
2026-10-01T04:05:08Z rpc item error bal|0x08c61873dc64c5131758ae27cb4d84e773d66d82|XDP|51999249 {"code": 429, "message": "Your app has exceeded its compute units per second capacity. If you have retries enabled, you can safely ignore this message. If not, check out https://docs.alchemy.com/refer
2026-10-01T04:05:08Z rpc item error bal|0x3be22b314654c396a12c5e8d79abdd65aac3caaf|WETH|51999253 {"code": 429, "message": "Your app has exceeded its compute units per second capacity. If you have retries enabled, you can safely ignore this message. If not, check out https://docs.alchemy.com/refer
2026-10-01T04:05:08Z rpc item error bal|0x08c61873dc64c5131758ae27cb4d84e773d66d82|USDC|51999253 {"code": 429, "message": "Your app has exceeded its compute units per second capacity. If you have retries enabled, you can safely ignore this message. If not, check out https://docs.alchemy.com/refer
2026-10-01T04:05:08Z rpc item error bal|0x08c61873dc64c5131758ae27cb4d84e773d66d82|XDP|51999253 {"code": 429, "message": "Your app has exceeded its compute units per second capacity. If you have retries enabled, you can safely ignore this message. If not, check out https://docs.alchemy.com/refer
2026-10-01T04:05:08Z rpc item error bal|0x3be22b314654c396a12c5e8d79abdd65aac3caaf|USDC|51999254 {"code": 429, "message": "Your app has exceeded its compute units per second capacity. If you have retries enabled, you can safely ignore this message. If not, check out https://docs.alchemy.com/refer
2026-10-01T04:05:08Z rpc item error bal|0x3be22b314654c396a12c5e8d79abdd65aac3caaf|XDP|51999254 {"code": 429, "message": "Your app has exceeded its compute units per second capacity. If you have retries enabled, you can safely ignore this message. If not, check out https://docs.alchemy.com/refer
2026-10-01T04:05:08Z rpc item error bal|0x08c61873dc64c5131758ae27cb4d84e773d66d82|WETH|51999254 {"code": 429, "message": "Your app has exceeded its compute units per second capacity. If you have retries enabled, you can safely ignore this message. If not, check out https://docs.alchemy.com/refer
2026-10-01T04:05:08Z rpc item error bal|0x3be22b314654c396a12c5e8d79abdd65aac3caaf|WETH|51999262 {"code": 429, "message": "Your app has exceeded its compute units per second capacity. If you have retries enabled, you can safely ignore this message. If not, check out https://docs.alchemy.com/refer
2026-10-01T04:05:09Z rpc item error bal|0x08c61873dc64c5131758ae27cb4d84e773d66d82|USDC|51999292 {"code": 429, "message": "Your app has exceeded its compute units per second capacity. If you have retries enabled, you can safely ignore this message. If not, check out https://docs.alchemy.com/refer
2026-10-01T04:05:09Z rpc item error bal|0x08c61873dc64c5131758ae27cb4d84e773d66d82|XDP|51999292 {"code": 429, "message": "Your app has exceeded its compute units per second capacity. If you have retries enabled, you can safely ignore this message. If not, check out https://docs.alchemy.com/refer
2026-10-01T04:05:09Z rpc item error bal|0x3be22b314654c396a12c5e8d79abdd65aac3caaf|USDC|51999300 {"code": 429, "message": "Your app has exceeded its compute units per second capacity. If you have retries enabled, you can safely ignore this message. If not, check out https://docs.alchemy.com/refer
2026-10-01T04:05:09Z rpc item error bal|0x08c61873dc64c5131758ae27cb4d84e773d66d82|XDP|51999300 {"code": 429, "message": "Your app has exceeded its compute units per second capacity. If you have retries enabled, you can safely ignore this message. If not, check out https://docs.alchemy.com/refer
2026-10-01T04:05:09Z rpc item error bal|0x3be22b314654c396a12c5e8d79abdd65aac3caaf|USDC|51999301 {"code": 429, "message": "Your app has exceeded its compute units per second capacity. If you have retries enabled, you can safely ignore this message. If not, check out https://docs.alchemy.com/refer
2026-10-01T04:05:09Z rpc item error bal|0x3be22b314654c396a12c5e8d79abdd65aac3caaf|XDP|51999301 {"code": 429, "message": "Your app has exceeded its compute units per second capacity. If you have retries enabled, you can safely ignore this message. If not, check out https://docs.alchemy.com/refer
2026-10-01T04:05:09Z rpc item error bal|0x08c61873dc64c5131758ae27cb4d84e773d66d82|WETH|51999301 {"code": 429, "message": "Your app has exceeded its compute units per second capacity. If you have retries enabled, you can safely ignore this message. If not, check out https://docs.alchemy.com/refer
2026-10-01T04:05:10Z rpc item error bal|0x08c61873dc64c5131758ae27cb4d84e773d66d82|USDC|51999253 {"code": 429, "message": "Your app has exceeded its compute units per second capacity. If you have retries enabled, you can safely ignore this message. If not, check out https://docs.alchemy.com/refer
2026-10-01T04:05:10Z rpc item error bal|0x08c61873dc64c5131758ae27cb4d84e773d66d82|XDP|51999253 {"code": 429, "message": "Your app has exceeded its compute units per second capacity. If you have retries enabled, you can safely ignore this message. If not, check out https://docs.alchemy.com/refer
2026-10-01T04:05:10Z rpc item error bal|0x3be22b314654c396a12c5e8d79abdd65aac3caaf|WETH|51999262 {"code": 429, "message": "Your app has exceeded its compute units per second capacity. If you have retries enabled, you can safely ignore this message. If not, check out https://docs.alchemy.com/refer
2026-10-01T04:05:10Z rpc item error bal|0x08c61873dc64c5131758ae27cb4d84e773d66d82|USDC|51999292 {"code": 429, "message": "Your app has exceeded its compute units per second capacity. If you have retries enabled, you can safely ignore this message. If not, check out https://docs.alchemy.com/refer
2026-10-01T04:05:10Z rpc item error bal|0x08c61873dc64c5131758ae27cb4d84e773d66d82|XDP|51999300 {"code": 429, "message": "Your app has exceeded its compute units per second capacity. If you have retries enabled, you can safely ignore this message. If not, check out https://docs.alchemy.com/refer
2026-10-01T04:05:10Z rpc item error bal|0x3be22b314654c396a12c5e8d79abdd65aac3caaf|XDP|51999301 {"code": 429, "message": "Your app has exceeded its compute units per second capacity. If you have retries enabled, you can safely ignore this message. If not, check out https://docs.alchemy.com/refer
2026-10-01T04:05:10Z rpc item error bal|0x08c61873dc64c5131758ae27cb4d84e773d66d82|WETH|51999301 {"code": 429, "message": "Your app has exceeded its compute units per second capacity. If you have retries enabled, you can safely ignore this message. If not, check out https://docs.alchemy.com/refer
2026-10-01T04:05:13Z rpc item error bal|0x3be22b314654c396a12c5e8d79abdd65aac3caaf|USDC|51999315 {"code": 429, "message": "Your app has exceeded its compute units per second capacity. If you have retries enabled, you can safely ignore this message. If not, check out https://docs.alchemy.com/refer
2026-10-01T04:05:13Z rpc item error bal|0x3be22b314654c396a12c5e8d79abdd65aac3caaf|XDP|51999315 {"code": 429, "message": "Your app has exceeded its compute units per second capacity. If you have retries enabled, you can safely ignore this message. If not, check out https://docs.alchemy.com/refer
2026-10-01T04:05:13Z rpc item error bal|0x3be22b314654c396a12c5e8d79abdd65aac3caaf|WETH|51999316 {"code": 429, "message": "Your app has exceeded its compute units per second capacity. If you have retries enabled, you can safely ignore this message. If not, check out https://docs.alchemy.com/refer
2026-10-01T04:05:13Z rpc item error bal|0x3be22b314654c396a12c5e8d79abdd65aac3caaf|WETH|51999321 {"code": 429, "message": "Your app has exceeded its compute units per second capacity. If you have retries enabled, you can safely ignore this message. If not, check out https://docs.alchemy.com/refer
2026-10-01T04:05:13Z rpc item error bal|0x08c61873dc64c5131758ae27cb4d84e773d66d82|XDP|51999321 {"code": 429, "message": "Your app has exceeded its compute units per second capacity. If you have retries enabled, you can safely ignore this message. If not, check out https://docs.alchemy.com/refer
2026-10-01T04:05:14Z rpc item error bal|0x3be22b314654c396a12c5e8d79abdd65aac3caaf|ETH|51999322 {"code": 429, "message": "Your app has exceeded its compute units per second capacity. If you have retries enabled, you can safely ignore this message. If not, check out https://docs.alchemy.com/refer
2026-10-01T04:05:14Z rpc item error bal|0x3be22b314654c396a12c5e8d79abdd65aac3caaf|USDC|51999322 {"code": 429, "message": "Your app has exceeded its compute units per second capacity. If you have retries enabled, you can safely ignore this message. If not, check out https://docs.alchemy.com/refer
2026-10-01T04:05:14Z rpc item error bal|0x3be22b314654c396a12c5e8d79abdd65aac3caaf|XDP|51999322 {"code": 429, "message": "Your app has exceeded its compute units per second capacity. If you have retries enabled, you can safely ignore this message. If not, check out https://docs.alchemy.com/refer
2026-10-01T04:05:14Z rpc item error bal|0x08c61873dc64c5131758ae27cb4d84e773d66d82|ETH|51999322 {"code": 429, "message": "Your app has exceeded its compute units per second capacity. If you have retries enabled, you can safely ignore this message. If not, check out https://docs.alchemy.com/refer
2026-10-01T04:05:14Z rpc item error bal|0x08c61873dc64c5131758ae27cb4d84e773d66d82|XDP|51999322 {"code": 429, "message": "Your app has exceeded its compute units per second capacity. If you have retries enabled, you can safely ignore this message. If not, check out https://docs.alchemy.com/refer
2026-10-01T04:05:14Z rpc item error bal|0x3be22b314654c396a12c5e8d79abdd65aac3caaf|WETH|51999323 {"code": 429, "message": "Your app has exceeded its compute units per second capacity. If you have retries enabled, you can safely ignore this message. If not, check out https://docs.alchemy.com/refer
2026-10-01T04:05:14Z rpc item error bal|0x08c61873dc64c5131758ae27cb4d84e773d66d82|WETH|51999323 {"code": 429, "message": "Your app has exceeded its compute units per second capacity. If you have retries enabled, you can safely ignore this message. If not, check out https://docs.alchemy.com/refer
2026-10-01T04:05:14Z rpc item error bal|0x08c61873dc64c5131758ae27cb4d84e773d66d82|USDC|51999323 {"code": 429, "message": "Your app has exceeded its compute units per second capacity. If you have retries enabled, you can safely ignore this message. If not, check out https://docs.alchemy.com/refer
2026-10-01T04:05:14Z rpc item error bal|0x3be22b314654c396a12c5e8d79abdd65aac3caaf|ETH|51999331 {"code": 429, "message": "Your app has exceeded its compute units per second capacity. If you have retries enabled, you can safely ignore this message. If not, check out https://docs.alchemy.com/refer
2026-10-01T04:05:14Z rpc item error bal|0x3be22b314654c396a12c5e8d79abdd65aac3caaf|WETH|51999331 {"code": 429, "message": "Your app has exceeded its compute units per second capacity. If you have retries enabled, you can safely ignore this message. If not, check out https://docs.alchemy.com/refer
2026-10-01T04:05:14Z rpc item error bal|0x3be22b314654c396a12c5e8d79abdd65aac3caaf|XDP|51999331 {"code": 429, "message": "Your app has exceeded its compute units per second capacity. If you have retries enabled, you can safely ignore this message. If not, check out https://docs.alchemy.com/refer
2026-10-01T04:05:14Z rpc item error bal|0x3be22b314654c396a12c5e8d79abdd65aac3caaf|ETH|51999332 {"code": 429, "message": "Your app has exceeded its compute units per second capacity. If you have retries enabled, you can safely ignore this message. If not, check out https://docs.alchemy.com/refer
2026-10-01T04:05:15Z batches done 60/69
2026-10-01T04:05:15Z rpc item error bal|0x3be22b314654c396a12c5e8d79abdd65aac3caaf|USDC|51999332 {"code": 429, "message": "Your app has exceeded its compute units per second capacity. If you have retries enabled, you can safely ignore this message. If not, check out https://docs.alchemy.com/refer
2026-10-01T04:05:15Z rpc item error bal|0x3be22b314654c396a12c5e8d79abdd65aac3caaf|ETH|51999351 {"code": 429, "message": "Your app has exceeded its compute units per second capacity. If you have retries enabled, you can safely ignore this message. If not, check out https://docs.alchemy.com/refer
2026-10-01T04:05:15Z rpc item error bal|0x3be22b314654c396a12c5e8d79abdd65aac3caaf|WETH|51999351 {"code": 429, "message": "Your app has exceeded its compute units per second capacity. If you have retries enabled, you can safely ignore this message. If not, check out https://docs.alchemy.com/refer
2026-10-01T04:05:15Z rpc item error bal|0x3be22b314654c396a12c5e8d79abdd65aac3caaf|XDP|51999351 {"code": 429, "message": "Your app has exceeded its compute units per second capacity. If you have retries enabled, you can safely ignore this message. If not, check out https://docs.alchemy.com/refer
2026-10-01T04:05:15Z rpc item error bal|0x08c61873dc64c5131758ae27cb4d84e773d66d82|WETH|51999351 {"code": 429, "message": "Your app has exceeded its compute units per second capacity. If you have retries enabled, you can safely ignore this message. If not, check out https://docs.alchemy.com/refer
2026-10-01T04:05:15Z rpc item error bal|0x08c61873dc64c5131758ae27cb4d84e773d66d82|USDC|51999351 {"code": 429, "message": "Your app has exceeded its compute units per second capacity. If you have retries enabled, you can safely ignore this message. If not, check out https://docs.alchemy.com/refer
2026-10-01T04:05:15Z rpc item error bal|0x3be22b314654c396a12c5e8d79abdd65aac3caaf|ETH|51999352 {"code": 429, "message": "Your app has exceeded its compute units per second capacity. If you have retries enabled, you can safely ignore this message. If not, check out https://docs.alchemy.com/refer
2026-10-01T04:05:15Z rpc item error bal|0x3be22b314654c396a12c5e8d79abdd65aac3caaf|WETH|51999352 {"code": 429, "message": "Your app has exceeded its compute units per second capacity. If you have retries enabled, you can safely ignore this message. If not, check out https://docs.alchemy.com/refer
2026-10-01T04:05:15Z rpc item error bal|0x3be22b314654c396a12c5e8d79abdd65aac3caaf|USDC|51999352 {"code": 429, "message": "Your app has exceeded its compute units per second capacity. If you have retries enabled, you can safely ignore this message. If not, check out https://docs.alchemy.com/refer
2026-10-01T04:05:15Z rpc item error bal|0x08c61873dc64c5131758ae27cb4d84e773d66d82|USDC|51999352 {"code": 429, "message": "Your app has exceeded its compute units per second capacity. If you have retries enabled, you can safely ignore this message. If not, check out https://docs.alchemy.com/refer
2026-10-01T04:05:15Z rpc item error rcpt|0x7e5bb285da783a56a3235a1f551baa8ec988934a4e112194010a39b2e504a2e4 {"code": 429, "message": "Your app has exceeded its compute units per second capacity. If you have retries enabled, you can safely ignore this message. If not, check out https://docs.alchemy.com/refer
2026-10-01T04:05:15Z rpc item error rcpt|0x6c6a04ca96f242c7f3e062f0d6de1325bb1e5edb0a709edb3d92f41ac5bc233b {"code": 429, "message": "Your app has exceeded its compute units per second capacity. If you have retries enabled, you can safely ignore this message. If not, check out https://docs.alchemy.com/refer
2026-10-01T04:05:15Z rpc item error rcpt|0x77005a780139f307876d6c97411840ee3d79ae9ec0022543b091048866f8b18a {"code": 429, "message": "Your app has exceeded its compute units per second capacity. If you have retries enabled, you can safely ignore this message. If not, check out https://docs.alchemy.com/refer
2026-10-01T04:05:15Z rpc item error rcpt|0x18b8e8cd38bf03e916543452399ae4a3e8ad643cd095ba09be17c40e44fdd164 {"code": 429, "message": "Your app has exceeded its compute units per second capacity. If you have retries enabled, you can safely ignore this message. If not, check out https://docs.alchemy.com/refer
2026-10-01T04:05:15Z rpc item error rcpt|0x815981791d940d4bbda9ef5e192af06521a388c49b23811aa3b622cae843d984 {"code": 429, "message": "Your app has exceeded its compute units per second capacity. If you have retries enabled, you can safely ignore this message. If not, check out https://docs.alchemy.com/refer
2026-10-01T04:05:15Z rpc item error rcpt|0xaf73b94f4e16d1412d7c5ed478923e6364114352719ba4df8a7a8e1a493f42c2 {"code": 429, "message": "Your app has exceeded its compute units per second capacity. If you have retries enabled, you can safely ignore this message. If not, check out https://docs.alchemy.com/refer
2026-10-01T04:05:16Z rpc item error rcpt|0xef6a1d5e780b6553879af09fe438ca70f492d33ed4a3074649239a0c8c10e24f {"code": 429, "message": "Your app has exceeded its compute units per second capacity. If you have retries enabled, you can safely ignore this message. If not, check out https://docs.alchemy.com/refer
2026-10-01T04:05:16Z rpc item error rcpt|0x91f70f53e697a29a5dfe05f0ac4f666b36185352471d685e6233482668a9f518 {"code": 429, "message": "Your app has exceeded its compute units per second capacity. If you have retries enabled, you can safely ignore this message. If not, check out https://docs.alchemy.com/refer
2026-10-01T04:05:16Z rpc item error rcpt|0x4d6c6109b5035257ecc986f2846b071ce39da4649503a2fd56e7bb39fc13751d {"code": 429, "message": "Your app has exceeded its compute units per second capacity. If you have retries enabled, you can safely ignore this message. If not, check out https://docs.alchemy.com/refer
2026-10-01T04:05:16Z rpc item error rcpt|0x89f444983967a0590b8e64db18ecb28f0e40e8dbe00d8bb00158aa0ea051ed47 {"code": 429, "message": "Your app has exceeded its compute units per second capacity. If you have retries enabled, you can safely ignore this message. If not, check out https://docs.alchemy.com/refer
2026-10-01T04:05:16Z rpc item error rcpt|0x78e0be9cc30d5a706fff7e40fc8b871279da1d2fb053af41b13d37f8fb83cba7 {"code": 429, "message": "Your app has exceeded its compute units per second capacity. If you have retries enabled, you can safely ignore this message. If not, check out https://docs.alchemy.com/refer
2026-10-01T04:05:16Z rpc item error rcpt|0x8ea1d806e6bd2bd6267e10315bfd944cc634aea86cd3565f2eb2da775aafe00b {"code": 429, "message": "Your app has exceeded its compute units per second capacity. If you have retries enabled, you can safely ignore this message. If not, check out https://docs.alchemy.com/refer
2026-10-01T04:05:16Z rpc item error rcpt|0x2871e6c449b12a3e1c8a3a048232dbeef83f862a00abeefa47ab5d0c2027c31a {"code": 429, "message": "Your app has exceeded its compute units per second capacity. If you have retries enabled, you can safely ignore this message. If not, check out https://docs.alchemy.com/refer
2026-10-01T04:05:16Z rpc item error rcpt|0xe336164beef34704ed6a8cf8b522b2acaa2c84fc1dc956dbde9b40676d68e6fb {"code": 429, "message": "Your app has exceeded its compute units per second capacity. If you have retries enabled, you can safely ignore this message. If not, check out https://docs.alchemy.com/refer
2026-10-01T04:05:16Z rpc item error rcpt|0x22978c1be95b7a6d47f42c5aed860d484a3b55b8c0bc26c659ca92ea20aa6e8a {"code": 429, "message": "Your app has exceeded its compute units per second capacity. If you have retries enabled, you can safely ignore this message. If not, check out https://docs.alchemy.com/refer
2026-10-01T04:05:16Z rpc item error rcpt|0x4483d0a35ab4807091e98033bea9ecc0dba7206e17ff2cc66e35a0327173fe50 {"code": 429, "message": "Your app has exceeded its compute units per second capacity. If you have retries enabled, you can safely ignore this message. If not, check out https://docs.alchemy.com/refer
2026-10-01T04:05:16Z rpc item error rcpt|0x3c3b0da62f173b5a45f9c02091a070becd935b4133a0b1cc0f41f316612e3868 {"code": 429, "message": "Your app has exceeded its compute units per second capacity. If you have retries enabled, you can safely ignore this message. If not, check out https://docs.alchemy.com/refer
2026-10-01T04:05:16Z rpc item error rcpt|0x130b3f401a12e2067462df5633ceb17fdadec99973d3ea46fcf4ef13545a71d3 {"code": 429, "message": "Your app has exceeded its compute units per second capacity. If you have retries enabled, you can safely ignore this message. If not, check out https://docs.alchemy.com/refer
2026-10-01T04:05:16Z rpc item error rcpt|0x2c22b2f22a5be30529e6e7e7c13634a1e577ac60a42055091774cf99c35e2c44 {"code": 429, "message": "Your app has exceeded its compute units per second capacity. If you have retries enabled, you can safely ignore this message. If not, check out https://docs.alchemy.com/refer
2026-10-01T04:05:16Z rpc item error rcpt|0x550c3b109878e8d9d2eb03a34e0b052f34b848ddc2b81d405fed190c4109ea89 {"code": 429, "message": "Your app has exceeded its compute units per second capacity. If you have retries enabled, you can safely ignore this message. If not, check out https://docs.alchemy.com/refer
2026-10-01T04:05:18Z rpc item error rcpt|0x91f70f53e697a29a5dfe05f0ac4f666b36185352471d685e6233482668a9f518 {"code": 429, "message": "Your app has exceeded its compute units per second capacity. If you have retries enabled, you can safely ignore this message. If not, check out https://docs.alchemy.com/refer
2026-10-01T04:05:18Z rpc item error rcpt|0x2c22b2f22a5be30529e6e7e7c13634a1e577ac60a42055091774cf99c35e2c44 {"code": 429, "message": "Your app has exceeded its compute units per second capacity. If you have retries enabled, you can safely ignore this message. If not, check out https://docs.alchemy.com/refer
2026-10-01T04:05:19Z batches done 69/69
2026-10-01T04:05:19Z verification: 1720 calls, 0 missing/invalid; stats {'http_req': 111, 'http_err': 0, 'rpc_item_err': 384, 'invalid': 0}
2026-10-01T04:05:19Z 0x000000c5: txs 60, blocks 58 (51998274..51999354), addresses ['0x000000c557fa9a96d66cd6371abde62d879d0e61', '0x0ce14aeebb7ad6625585979f4c1846946e248e02'], receipt/input mismatches 0, status counts {'0x1': 60}, receipts without l1Fee 0, blocks whose b-1 is also a selected block 6
2026-10-01T04:05:19Z 0x3be22b31: txs 60, blocks 49 (51998986..51999352), addresses ['0x3be22b314654c396a12c5e8d79abdd65aac3caaf', '0x08c61873dc64c5131758ae27cb4d84e773d66d82'], receipt/input mismatches 0, status counts {'0x1': 60}, receipts without l1Fee 0, blocks whose b-1 is also a selected block 8
2026-10-01T04:05:19Z wrote /home/user/dapparb/research-material/00-prior-runs/competitor-ledgers/ledger_0x000000c5.raw.csv.gz: 928 rows, 58 blocks, 2 addresses
2026-10-01T04:05:19Z wrote /home/user/dapparb/research-material/00-prior-runs/competitor-ledgers/receipts_0x000000c5.csv.gz: 60 rows; /home/user/dapparb/research-material/00-prior-runs/competitor-ledgers/receipts_0x000000c5.full.jsonl.gz: 60 receipts
2026-10-01T04:05:19Z wrote /home/user/dapparb/research-material/00-prior-runs/competitor-ledgers/ledger_0x3be22b31.raw.csv.gz: 784 rows, 49 blocks, 2 addresses
2026-10-01T04:05:19Z wrote /home/user/dapparb/research-material/00-prior-runs/competitor-ledgers/receipts_0x3be22b31.csv.gz: 60 rows; /home/user/dapparb/research-material/00-prior-runs/competitor-ledgers/receipts_0x3be22b31.full.jsonl.gz: 60 receipts
2026-10-01T04:05:19Z done
---- rerun (cache only) after adding block_timestamp from receipt logs ----
2026-10-01T04:05:48Z start full rpc https://base-mainnet.public.blastapi.io
2026-10-01T04:05:48Z calls total 1720, cached 1720, to fetch 0
2026-10-01T04:05:48Z verification: 1720 calls, 0 missing/invalid; stats {'http_req': 0, 'http_err': 0, 'rpc_item_err': 0, 'invalid': 0}
2026-10-01T04:05:48Z 0x000000c5: txs 60, blocks 58 (51998274..51999354), addresses ['0x000000c557fa9a96d66cd6371abde62d879d0e61', '0x0ce14aeebb7ad6625585979f4c1846946e248e02'], receipt/input mismatches 0, status counts {'0x1': 60}, receipts without l1Fee 0, blocks whose b-1 is also a selected block 6
2026-10-01T04:05:48Z 0x3be22b31: txs 60, blocks 49 (51998986..51999352), addresses ['0x3be22b314654c396a12c5e8d79abdd65aac3caaf', '0x08c61873dc64c5131758ae27cb4d84e773d66d82'], receipt/input mismatches 0, status counts {'0x1': 60}, receipts without l1Fee 0, blocks whose b-1 is also a selected block 8
2026-10-01T04:05:48Z wrote /home/user/dapparb/research-material/00-prior-runs/competitor-ledgers/ledger_0x000000c5.raw.csv.gz: 928 rows, 58 blocks, 2 addresses
2026-10-01T04:05:48Z wrote /home/user/dapparb/research-material/00-prior-runs/competitor-ledgers/receipts_0x000000c5.csv.gz: 60 rows; /home/user/dapparb/research-material/00-prior-runs/competitor-ledgers/receipts_0x000000c5.full.jsonl.gz: 60 receipts
2026-10-01T04:05:48Z wrote /home/user/dapparb/research-material/00-prior-runs/competitor-ledgers/ledger_0x3be22b31.raw.csv.gz: 784 rows, 49 blocks, 2 addresses
2026-10-01T04:05:48Z wrote /home/user/dapparb/research-material/00-prior-runs/competitor-ledgers/receipts_0x3be22b31.csv.gz: 60 rows; /home/user/dapparb/research-material/00-prior-runs/competitor-ledgers/receipts_0x3be22b31.full.jsonl.gz: 60 receipts
2026-10-01T04:05:48Z done
